Report Number,Local Case Number,Agency Name,ACRS Report Type,Crash Date/Time,Route Type,Road Name,Cross-Street Name,Off-Road Description,Municipality,Related Non-Motorist,Collision Type,Weather,Surface Condition,Light,Traffic Control,Driver Substance Abuse,Non-Motorist Substance Abuse,Person ID,Driver At Fault,Injury Severity,Circumstance,Driver Distracted By,Drivers License State,Vehicle ID,Vehicle Damage Extent,Vehicle First Impact Location,Vehicle Body Type,Vehicle Movement,Vehicle Going Dir,Speed Limit,Driverless Vehicle,Parked Vehicle,Vehicle Year,Vehicle Make,Vehicle Model,Latitude,Longitude,Location
MCP2662003B,250025412,MONTGOMERY,Injury Crash,06/07/2025 04:47:00 PM,County Route,YELLOWWOOD DR,ALLEY CUT THRU CUT,,,Cyclist (non-electric),Single Vehicle,Cloudy,Dry,Daylight,Stop Sign,"Not Suspect of Alcohol Use, Not Suspect of Drug Use","Not Suspect of Alcohol Use, Not Suspect of Drug Use",C7A20158-8CE0-4F66-B871-39EB499AA178,No,No Apparent Injury,,Not Distracted,VA,58A4FD20-7E82-458C-A9A2-4EE06F40CFA3,Superficial,Nine O Clock,Sport Utility Vehicle,Moving Constant Speed,Southbound,25,No,No,2023,JEEP,GRAND CHEROKEE L,39.235268,-77.23938533,"(39.235268, -77.23938533)"
MCP26710027,190048755,Montgomery County Police,Property Damage Crash,10/10/2019 08:46:00 PM,County,CAMERON ST,FENTON ST,,N/A,,SAME DIRECTION SIDESWIPE,N/A,DRY,DARK LIGHTS ON,TRAFFIC SIGNAL,NONE DETECTED,,A7963C9A-0963-4A85-AA6D-AA6ED653AD5B,Yes,NO APPARENT INJURY,N/A,UNKNOWN,MD,15EFF847-D199-4284-AE49-3B694859B919,DESTROYED,FOUR OCLOCK,PASSENGER CAR,CHANGING LANES,North,35,No,No,2016,FORD,ESCAPE,38.99840817,-77.02875913,"(38.99840817, -77.02875913)"
MCP3021007L,240033740,MONTGOMERY,Property Damage Crash,07/17/2024 11:40:00 AM,County Route,,GREENCASTLE RD,,,,Angle,Clear,Dry,Daylight,Traffic Control Signal,"Not Suspect of Alcohol Use, Not Suspect of Drug Use",,D262D3ED-CEA9-42EC-95AF-5C0AE50AE817,No,No Apparent Injury,,Not Distracted,MD,4C9D023A-52B4-4A2F-A890-8AD7A6B2E65D,Disabling,Twelve O Clock,Passenger Car,Moving Constant Speed,Westbound,30,No,No,2011,HONDA,INSIGHT,39.09837792,-76.94430146,"(39.09837792, -76.94430146)"
MCP3170000N,190023537,Montgomery County Police,Property Damage Crash,05/18/2019 03:44:00 PM,Maryland (State),FREDERICK RD,ENT TO MILESTONE SHOPPING CENTER,,N/A,,HEAD ON LEFT TURN,CLEAR,DRY,DAYLIGHT,TRAFFIC SIGNAL,NONE DETECTED,,7A546094-818D-446F-A6EF-6AD2B154888E,Yes,NO APPARENT INJURY,N/A,INATTENTIVE OR LOST IN THOUGHT,MD,D8A6277B-0B48-4AD8-8625-C15835F4534D,DISABLING,FIVE OCLOCK,PASSENGER CAR,MAKING LEFT TURN,North,45,No,No,2015,NISSIAN,SENTRA,39.20045167,-77.24545,"(39.20045167, -77.24545)"
MCP3114000Z,180064264,Montgomery County Police,Property Damage Crash,12/23/2018 10:00:00 PM,US (State),COLUMBIA PIKE,GREENCASTLE RD,,N/A,,SAME DIR REAR END,RAINING,WET,DARK LIGHTS ON,TRAFFIC SIGNAL,N/A,,478038D4-4911-4DBA-B53A-DD3CB8A6596C,No,NO APPARENT INJURY,"N/A, WET",NOT DISTRACTED,MD,A6317E18-1750-404F-98B3-83085A29A6A2,FUNCTIONAL,SIX OCLOCK,PASSENGER CAR,SLOWING OR STOPPING,South,55,No,No,2014,CHEVROLET,CAMARRO,39.09586,-76.93794833,"(39.09586, -76.93794833)"
MCP1119009M,220051423,Montgomery County Police,Injury Crash,11/21/2022 08:32:00 AM,Maryland (State),GEORGIA AVE,EMORY CHURCH RD,,N/A,,SAME DIR REAR END,CLEAR,DRY,DAYLIGHT,TRAFFIC SIGNAL,NONE DETECTED,,D8E2CF63-1473-449C-97F7-D7710F0F6699,Yes,SUSPECTED MINOR INJURY,N/A,NOT DISTRACTED,MD,37FA760E-B633-401E-9ED0-F1041F16E568,DISABLING,TWELVE OCLOCK,PASSENGER CAR,SLOWING OR STOPPING,North,45,No,No,2022,CHEVROLET,MALIBU,39.13405333,-77.06945167,"(39.13405333, -77.06945167)"
MCP2987007M,230007545,Montgomery County Police,Property Damage Crash,02/14/2023 12:30:00 PM,Municipality,PERRY AVE,UNIVERSITY BLVD W,,N/A,,SAME DIRECTION SIDESWIPE,CLEAR,DRY,DAYLIGHT,NO CONTROLS,UNKNOWN,,EA141FBA-F27A-43AB-B413-86DE4C05288C,Yes,NO APPARENT INJURY,N/A,UNKNOWN,,ACD17502-E4AE-4192-AC27-ED0750277B19,UNKNOWN,UNKNOWN,PASSENGER CAR,MOVING CONSTANT SPEED,West,25,No,No,2012,VOLKSWAGON,JETTA,39.03288382,-77.07434494,"(39.03288382, -77.07434494)"
MCP1342002N,190040667,Montgomery County Police,Injury Crash,08/25/2019 01:27:00 PM,County,RIVER RD,SENECA RD,,N/A,BICYCLIST,SAME DIR REAR END,CLEAR,DRY,DAYLIGHT,NO CONTROLS,NONE DETECTED,NONE DETECTED,EA2CE373-589D-4A98-8AA6-B0602291458B,Yes,NO APPARENT INJURY,N/A,TALKING OR LISTENING TO CELLULAR PHONE,MD,87595E63-E2A4-4862-A768-FB1B396096E0,SUPERFICIAL,TWELVE OCLOCK,(SPORT) UTILITY VEHICLE,MOVING CONSTANT SPEED,East,40,No,No,2008,FORD,TK,39.07809333,-77.33474167,"(39.07809333, -77.33474167)"
MCP2771001K,230002671,Montgomery County Police,Injury Crash,01/17/2023 01:51:00 PM,Maryland (State),GEORGIA AVE,ROSSMOOR BLVD,,N/A,,SAME DIR REAR END,RAINING,WET,DAYLIGHT,N/A,NONE DETECTED,,439AE29E-15DC-4ACF-8EB1-518C418F64F9,Yes,SUSPECTED SERIOUS INJURY,"N/A, WET",OTHER DISTRACTION,MD,737C9334-649C-4204-8DEB-4886B0AD5128,DISABLING,TWELVE OCLOCK,PASSENGER CAR,MOVING CONSTANT SPEED,North,45,No,No,2019,BMW,SUV,39.1036,-77.076575,"(39.1036, -77.076575)"
DD5540000Q,200040661,Rockville Police Departme,Property Damage Crash,10/15/2020 03:01:00 PM,,,,PARKING LOT 775 HUNGERFORD DRIVE,,,SAME DIRECTION RIGHT TURN,CLEAR,,DAYLIGHT,NO CONTROLS,ALCOHOL PRESENT,,B25BB26E-9693-45AA-B11E-B8473B56A4CC,Yes,NO APPARENT INJURY,N/A,LOOKED BUT DID NOT SEE,MD,3B1F937F-0759-430A-8443-B87C29ECCD5A,SUPERFICIAL,ONE OCLOCK,PASSENGER CAR,MOVING CONSTANT SPEED,South,15,No,No,2015,NISSAN,ALTIMA,39.09384309,-77.15314501,"(39.09384309, -77.15314501)"
DM83390011,170543146,Takoma Park Police Depart,Property Damage Crash,11/16/2017 09:58:00 AM,Maryland (State),NEW HAMPSHIRE AVE,KIRKLYNN AVE,,TAKOMA PARK,,SAME DIR REAR END,CLEAR,DRY,DAYLIGHT,NO CONTROLS,NONE DETECTED,,C70806D1-DC32-44BD-B84B-B2AE95925CEF,Yes,NO APPARENT INJURY,N/A,UNKNOWN,MD,A404ED7B-68C0-4B33-B80D-6482DFFB6B54,DISABLING,ONE OCLOCK,PASSENGER CAR,MOVING CONSTANT SPEED,South,35,No,No,2004,TOYT,CAMRY,38.98818,-76.987875,"(38.98818, -76.987875)"
MCP30640030,200022159,Montgomery County Police,Injury Crash,06/05/2020 01:00:00 PM,Maryland (State),GEORGIA AVE,SHOREFIELD RD,,N/A,,STRAIGHT MOVEMENT ANGLE,CLEAR,DRY,DAYLIGHT,TRAFFIC SIGNAL,NONE DETECTED,,3D97194C-EA03-47A3-B30C-9C9DFFF3B3B3,No,NO APPARENT INJURY,N/A,NOT DISTRACTED,MD,FC92747C-48A4-427B-A617-F2B66E1C5196,SUPERFICIAL,TWELVE OCLOCK,PASSENGER CAR,MOVING CONSTANT SPEED,North,35,No,No,2007,TOYOTA,COROLLA,39.05325333,-77.05073,"(39.05325333, -77.05073)"
DD5663001M,240059272,ROCKVILLE,Injury Crash,12/11/2024 03:54:00 PM,Ramp,RAMP 9 FR TOWER OAKS BLVD TO RAMP 2,TOWER OAKS BLVD (SB/L),,,,Front to Front,Rain,Wet,Daylight,Traffic Control Signal,"Not Suspect of Alcohol Use, Not Suspect of Drug Use",,D9E93041-CEBF-48B0-BF29-0084C9F245F2,Yes,Possible Injury,,Not Distracted,MD,74CBFFD6-87D3-4FE0-8E0D-16081239E30B,Disabling,One O Clock,Passenger Car,Turning Left,,30,No,No,2022,BMW,430I,39.05861589,-77.15225546,"(39.05861589, -77.15225546)"
MCP9417000V,15045524,MONTGOMERY,Property Damage Crash,09/09/2015 11:35:00 AM,County,BROOKVILLE RD,GARFIELD AVE,,N/A,,STRAIGHT MOVEMENT ANGLE,CLEAR,DRY,DAYLIGHT,NO CONTROLS,NONE DETECTED,,5C411C83-1908-4A91-99C6-1D92A5DE7841,Yes,NO APPARENT INJURY,N/A,LOOKED BUT DID NOT SEE,MD,BA2A3675-36E4-4390-A147-25340359D655,SUPERFICIAL,FIVE OCLOCK,"CARGO VAN/LIGHT TRUCK 2 AXLES (OVER 10,000LBS (4,536 KG))",BACKING,East,30,No,No,2012,FORD,F-550,39.00165167,-77.05384167,"(39.00165167, -77.05384167)"
DD55670005,15008061,Rockville Police Departme,Property Damage Crash,02/18/2015 06:24:00 PM,Maryland (State),ROCKVILLE PIKE,TEMPLETON PL,,ROCKVILLE,,SAME DIR REAR END,SNOW,WET,DARK LIGHTS ON,N/A,NONE DETECTED,,3F838CF8-8A5C-4440-8C3B-9D79237582BD,Yes,NO APPARENT INJURY,"RAIN, SNOW, WET",UNKNOWN,MD,B73DAD16-0C66-4B63-BD81-5C39FF808925,FUNCTIONAL,TWELVE OCLOCK,"OTHER LIGHT TRUCKS (10,000LBS (4,536KG) OR LESS)",MOVING CONSTANT SPEED,North,40,No,No,2000,FORD,TK,39.068115,-77.1292,"(39.068115, -77.1292)"
MCP29480068,230030793,Montgomery County Police,Property Damage Crash,06/27/2023 06:00:00 PM,Maryland (State),GEORGIA AVE,SHOREFIELD RD,,N/A,,SAME DIR REAR END,CLEAR,DRY,DAYLIGHT,UNKNOWN,UNKNOWN,,2E25FD94-9593-4016-B380-5B653BE9C77E,No,NO APPARENT INJURY,N/A,UNKNOWN,,D803874E-C88C-414B-BD9C-993119E70B84,UNKNOWN,SIX OCLOCK,,CHANGING LANES,North,35,No,No,0,UNKNOWN,UNKNOWN,39.052975,-77.05039,"(39.052975, -77.05039)"
MCP1550002Y,210029544,Montgomery County Police,Injury Crash,07/30/2021 11:37:00 AM,Maryland (State),WISCONSIN AVE,WOODMONT AVE,,N/A,,STRAIGHT MOVEMENT ANGLE,CLEAR,DRY,DAYLIGHT,TRAFFIC SIGNAL,NONE DETECTED,,00E0BB2C-36FC-444F-B326-D239327686A6,Yes,SUSPECTED MINOR INJURY,N/A,INATTENTIVE OR LOST IN THOUGHT,MD,B2985888-9063-41A3-82E1-35E82AEA457E,DISABLING,TWELVE OCLOCK,PASSENGER CAR,MOVING CONSTANT SPEED,South,35,No,No,2002,VOLKSWAGON,GOLF,38.99527333,-77.09659667,"(38.99527333, -77.09659667)"
DM8490002D,220054671,Takoma Park Police Depart,Property Damage Crash,12/10/2022 06:08:00 PM,Maryland (State),NEW HAMPSHIRE AVE,KIRKLYNN AVE,,TAKOMA PARK,,SAME DIRECTION RIGHT TURN,OTHER,DRY,DARK LIGHTS ON,TRAFFIC SIGNAL,N/A,,CC1A6A1D-AD93-4FA0-8BF0-5BF90482DF62,Yes,NO APPARENT INJURY,N/A,UNKNOWN,MD,AC151ECD-9E9B-438B-9A84-C9554F72121E,DISABLING,SEVEN OCLOCK,PASSENGER CAR,SLOWING OR STOPPING,North,25,No,No,2012,FORD,ESCAPE,38.98794317,-76.98774933,"(38.98794317, -76.98774933)"
MCP9386006R,190023048,Montgomery County Police,Injury Crash,05/16/2019 04:30:00 AM,Maryland (State),RIVER RD,GOLDSBORO RD,,N/A,,STRAIGHT MOVEMENT ANGLE,CLEAR,DRY,DARK LIGHTS ON,FLASHING TRAFFIC SIGNAL,NONE DETECTED,,8A7D08F5-9690-467C-91AA-CE02A54EEB2C,No,NO APPARENT INJURY,N/A,NOT DISTRACTED,MD,3B2B4BB1-E499-43C7-AD28-A8752D5DDBFD,FUNCTIONAL,TWELVE OCLOCK,TRUCK TRACTOR,MOVING CONSTANT SPEED,West,35,No,No,2017,MACK,TRUCK,38.97332333,-77.12228,"(38.97332333, -77.12228)"
MCP2977000F,15025543,Montgomery County Police,Property Damage Crash,05/27/2015 03:40:00 PM,Maryland (State),NEW HAMPSHIRE AVE,POWDER MILL RD,,N/A,,SAME DIRECTION SIDESWIPE,CLEAR,DRY,DAYLIGHT,TRAFFIC SIGNAL,NONE DETECTED,,E83AE987-36E2-4301-A0D1-D7F04008EDC9,Yes,NO APPARENT INJURY,N/A,UNKNOWN,MD,07D64B16-3E35-4EB5-9478-FFE3236C4ED9,DISABLING,ELEVEN OCLOCK,PASSENGER CAR,CHANGING LANES,South,40,No,No,2005,FORD,CROWN VICTORIA,39.02247833,-76.97775833,"(39.02247833, -76.97775833)"
MCP9321002W,190019560,Montgomery County Police,Injury Crash,04/26/2019 12:03:00 PM,Maryland (State),GEORGIA AVE,SHOREFIELD RD,,N/A,,STRAIGHT MOVEMENT ANGLE,CLEAR,DRY,DAYLIGHT,TRAFFIC SIGNAL,NONE DETECTED,,DD8E25EE-C48E-416E-B7D7-06B5E349361E,No,POSSIBLE INJURY,N/A,NOT DISTRACTED,MD,A06FBE28-6323-4022-AC67-69DA8AE9DD8E,DISABLING,TWELVE OCLOCK,PASSENGER CAR,MOVING CONSTANT SPEED,North,35,No,No,2013,NISSAN,ALTIMA,39.052815,-77.05076333,"(39.052815, -77.05076333)"
MCP2690001C,16012201,MONTGOMERY,Injury Crash,03/11/2016 07:15:00 PM,County,SNOUFFERS SCHOOL RD,CENTERWAY RD,,N/A,,SAME DIR REAR END,CLEAR,DRY,DARK LIGHTS ON,NO CONTROLS,NONE DETECTED,,B97318B5-C657-4597-9B41-5E92C021A807,No,SUSPECTED MINOR INJURY,N/A,NOT DISTRACTED,MD,F2BF9804-33FF-42C3-8098-DE4B97C46C39,SUPERFICIAL,SIX OCLOCK,PASSENGER CAR,STOPPED IN TRAFFIC LANE,North,35,No,No,2010,TOYOTA,COROLLA,39.16911833,-77.17570833,"(39.16911833, -77.17570833)"
DD5605007X,200036139,Rockville Police Departme,Property Damage Crash,09/15/2020 11:00:00 AM,Maryland (State),ROCKVILLE PIKE,MONROE PL,,ROCKVILLE,,SAME DIRECTION SIDESWIPE,CLEAR,DRY,DAYLIGHT,TRAFFIC SIGNAL,NONE DETECTED,,5465E345-6EB1-4A23-B5B9-136704D2399C,Yes,NO APPARENT INJURY,N/A,INATTENTIVE OR LOST IN THOUGHT,MD,00423BC9-01C5-4563-8E18-098F3006A722,SUPERFICIAL,TWO OCLOCK,PASSENGER CAR,MOVING CONSTANT SPEED,South,40,No,No,2016,ACUR,4S,39.08283717,-77.14671783,"(39.08283717, -77.14671783)"
MCP2286000R,15050750,MONTGOMERY,Injury Crash,10/07/2015 06:55:00 AM,County,DARNESTOWN RD,TRAVILLE  GATEWAY DR,,N/A,,HEAD ON LEFT TURN,CLEAR,DRY,DUSK,TRAFFIC SIGNAL,NONE DETECTED,,C2581E8E-6AF6-46A1-BEDA-DFCE96EEF911,No,POSSIBLE INJURY,N/A,NOT DISTRACTED,MD,D6EC6B24-4B98-4231-8503-78D46799F09C,DISABLING,TWELVE OCLOCK,PASSENGER CAR,MAKING LEFT TURN,East,40,No,No,2011,HOND,4S ACCORD,39.09611333,-77.20155833,"(39.09611333, -77.20155833)"
MCP26560019,16041453,Montgomery County Police,Property Damage Crash,08/15/2016 07:23:00 PM,Maryland (State),SANDY SPRING RD,SPUR TO US 29A,,N/A,,SAME DIR REND LEFT TURN,CLEAR,WET,DAYLIGHT,TRAFFIC SIGNAL,N/A,,3904CBD1-C1F1-4E27-A305-BE0D74B0B90F,No,NO APPARENT INJURY,N/A,NOT DISTRACTED,MD,C86F2E54-17A4-4E30-A046-BBC226D8A079,SUPERFICIAL,SIX OCLOCK,PICKUP TRUCK,SLOWING OR STOPPING,West,40,No,No,2013,CHEV,TK,39.11177333,-76.92819333,"(39.11177333, -76.92819333)"
MCP2967001W,170500754,Montgomery County Police,Property Damage Crash,04/06/2017 05:08:00 PM,County,DEMOCRACY BLVD,SEVEN LOCKS RD,,N/A,,SAME DIR REAR END,CLEAR,WET,DAYLIGHT,N/A,N/A,,F98F6C20-51BB-46D5-BC8B-C2867D1C36FB,Yes,NO APPARENT INJURY,"N/A, WET",LOOKED BUT DID NOT SEE,VA,BA007A6E-C7B5-4848-AAB5-9756122F858D,DISABLING,TWELVE OCLOCK,(SPORT) UTILITY VEHICLE,SLOWING OR STOPPING,West,35,No,No,2011,LEXUS,RX450H,39.02374167,-77.15887833,"(39.02374167, -77.15887833)"
HA2393000F,22000098,Maryland-National Capital,Injury Crash,01/24/2022 05:30:00 PM,Government,SLIGO CREEK PKWY,UNIVERSITY BLVD W,,N/A,,SINGLE VEHICLE,CLEAR,DRY,DUSK,NO CONTROLS,NONE DETECTED,,C3C3D566-04EB-4D92-936C-BA166D2C3D9C,Unknown,SUSPECTED MINOR INJURY,N/A,NOT DISTRACTED,MD,5972C162-5887-480A-AB4D-736339DA9867,DISABLING,TWELVE OCLOCK,PASSENGER CAR,MOVING CONSTANT SPEED,South,25,No,No,2003,HONDA,ODYSSEY,39.030137,-77.02907283,"(39.030137, -77.02907283)"
MCP3257005R,22051125,Montgomery County Police,Property Damage Crash,11/18/2022 10:55:00 PM,Maryland (State),ROCKVILLE PIKE,TUCKERMAN LA,,N/A,,SAME DIRECTION SIDESWIPE,CLEAR,DRY,DARK LIGHTS ON,TRAFFIC SIGNAL,NONE DETECTED,,E25E868F-9063-46BB-A82F-215BB9462C04,No,NO APPARENT INJURY,N/A,NOT DISTRACTED,MD,3C6A6ACD-1CA5-43E8-8DCA-3E27DAE911ED,FUNCTIONAL,NINE OCLOCK,PASSENGER CAR,RIGHT TURN ON RED,East,30,No,No,2015,TOYOTA,RAV4,39.03047857,-77.10511425,"(39.03047857, -77.10511425)"
MCP27170072,16040973,Montgomery County Police,Property Damage Crash,08/12/2016 06:00:00 PM,Maryland (State),CONNECTICUT AVE,EAST WEST HWY,,N/A,,SAME DIRECTION SIDESWIPE,CLEAR,DRY,DAYLIGHT,NO CONTROLS,UNKNOWN,,00939A4A-B51C-4FCB-8FC9-FCF70B971688,Yes,NO APPARENT INJURY,N/A,UNKNOWN,MD,E50F4E38-0A95-48B8-8C01-7152A75314E7,UNKNOWN,TWO OCLOCK,(SPORT) UTILITY VEHICLE,CHANGING LANES,South,30,No,No,2016,UNKNOWN,SUV,38.965895,-77.08661333,"(38.965895, -77.08661333)"
MCP2765004G,180001209,Montgomery County Police,Property Damage Crash,01/08/2018 10:45:00 PM,County,NOLAN DR,YEARLING TERR,,N/A,,STRAIGHT MOVEMENT ANGLE,WINTRY MIX,ICE,DARK LIGHTS ON,NO CONTROLS,NONE DETECTED,,C6124F7E-C127-458A-BE44-690ED774E125,No,NO APPARENT INJURY,"ICY OR SNOW-COVERED, SLEET, HAIL, FREEZ. RAIN",NOT DISTRACTED,MD,E2FBAEA2-050C-46B2-B85D-CD7CCC054AA6,FUNCTIONAL,ELEVEN OCLOCK,PASSENGER CAR,STOPPED IN TRAFFIC LANE,South,5,No,No,2014,AUDI,TK,39.09548832,-77.21526146,"(39.09548832, -77.21526146)"
MCP2944000M,15029557,Montgomery County Police,Injury Crash,06/17/2015 04:24:00 PM,County,S GLEN RD,DEEP GLEN DR,,N/A,,HEAD ON,RAINING,WET,DAYLIGHT,NO CONTROLS,NONE DETECTED,,BC1069BA-6934-4FFD-BDC9-5CB23C7B6F04,Yes,NO APPARENT INJURY,"RAIN, SNOW, WET",NOT DISTRACTED,MD,37FF9BBF-FD8A-456E-84E5-CC18410D9EAE,DISABLING,TWELVE OCLOCK,(SPORT) UTILITY VEHICLE,MOVING CONSTANT SPEED,West,35,No,No,2014,JEEP,TK,39.03351949,-77.21584082,"(39.03351949, -77.21584082)"
MCP33480017,230056721,Montgomery County Police,Property Damage Crash,09/25/2023 07:47:00 AM,Maryland (State),LAYHILL RD,CHESTER MILL RD,,N/A,,SAME DIR REAR END,CLEAR,DRY,DAYLIGHT,NO CONTROLS,NONE DETECTED,,0E2A9D4E-2570-4C9A-A810-7B91F93721CA,Yes,NO APPARENT INJURY,N/A,NOT DISTRACTED,MD,CC190DFD-2E38-4596-8C68-D7CA1AB1F171,FUNCTIONAL,TWELVE OCLOCK,PASSENGER CAR,SLOWING OR STOPPING,North,35,No,No,2005,LEXUS,ES 330,39.11787333,-77.03638,"(39.11787333, -77.03638)"
MCP2239001N,200030242,Montgomery County Police,Injury Crash,08/04/2020 01:24:00 PM,County,SEVEN LOCKS RD,CODDLE HARBOR LA,,N/A,BICYCLIST,OTHER,CLEAR,DRY,DAYLIGHT,STOP SIGN,NONE DETECTED,N/A,8B7960B1-0A79-4737-96F7-28BC6DCCF827,Yes,NO APPARENT INJURY,N/A,LOOKED BUT DID NOT SEE,MD,A1269416-57A2-4976-A075-B7B485DC4C16,SUPERFICIAL,TWELVE OCLOCK,PASSENGER CAR,ACCELERATING,North,25,No,No,2018,INFI,TK,39.04253167,-77.15936333,"(39.04253167, -77.15936333)"
MCP30380075,240026557,MONTGOMERY,Property Damage Crash,06/04/2024 02:25:00 PM,County Route,FENTON ST,,,,,"Sideswipe, Same Direction",Clear,Dry,Daylight,No Controls,"Not Suspect of Alcohol Use, Not Suspect of Drug Use",,365D8559-5B00-485C-B3EA-B044318E6296,No,No Apparent Injury,,Not Distracted,DC,A546C855-CB08-4C8A-8307-69AF2C348421,Superficial,Ten O Clock,Bus - Transit,Stopped in Traffic,Southbound,35,No,No,2016,NEW FLYER,TRANSIT BUS,38.99660939,-77.02510506,"(38.99660939, -77.02510506)"
MCP10990012,17013247,Montgomery County Police,Property Damage Crash,03/14/2017 11:30:00 AM,Maryland (State),MUNCASTER MILL RD,SHADY GROVE RD,,N/A,,SINGLE VEHICLE,WINTRY MIX,SNOW,DAYLIGHT,TRAFFIC SIGNAL,N/A,,59160CEE-9091-4F9C-94C7-F15195CDA9E4,Yes,NO APPARENT INJURY,"ICY OR SNOW-COVERED, SLEET, HAIL, FREEZ. RAIN",NOT DISTRACTED,MD,6F326AA2-3E8E-4CFC-84DC-BA3C257973F7,DISABLING,TWELVE OCLOCK,PASSENGER CAR,MOVING CONSTANT SPEED,East,35,No,No,1999,TOYOTA,COROLLA,39.14860454,-77.146613,"(39.14860454, -77.146613)"
MCP3244000J,200030746,Montgomery County Police,Property Damage Crash,08/07/2020 08:25:00 AM,US (State),COLUMBIA PIKE,GREENCASTLE RD,,N/A,,OTHER,RAINING,WET,DARK LIGHTS ON,NO CONTROLS,NONE DETECTED,,61CFDFC6-3C82-4A66-992C-B0C08F0DFC7B,No,NO APPARENT INJURY,"RAIN, SNOW, WET",NOT DISTRACTED,MD,26A8FD9F-2080-476D-B738-5FF495D5A282,DISABLING,TWELVE OCLOCK,PASSENGER CAR,MOVING CONSTANT SPEED,South,55,No,No,2017,TOYOTA,RAV4,39.10046833,-76.93538783,"(39.10046833, -76.93538783)"
MCP20400006,15028943,Montgomery County Police,Injury Crash,06/14/2015 12:16:00 PM,County,MOORE RD,BUCKLODGE RD,,N/A,,STRAIGHT MOVEMENT ANGLE,CLEAR,DRY,DAYLIGHT,N/A,NONE DETECTED,,4189EE96-7B97-4E3A-BEBD-BFD610273141,No,SUSPECTED MINOR INJURY,N/A,NOT DISTRACTED,MD,F60D1A44-2251-4E7F-B8F9-0A1BF389779A,DISABLING,TWELVE OCLOCK,PASSENGER CAR,MOVING CONSTANT SPEED,East,30,No,No,2010,TOYT,4S,39.183815,-77.38024333,"(39.183815, -77.38024333)"
MCP31680031,210023215,Montgomery County Police,Property Damage Crash,06/17/2021 04:27:00 PM,County,SHADY GROVE RD,FREDERICK RD,,N/A,,SAME DIR REAR END,CLEAR,DRY,DAYLIGHT,TRAFFIC SIGNAL,N/A,,40ECA62B-0A2F-4B39-9A4D-3F0E4CE9CED8,No,NO APPARENT INJURY,N/A,NOT DISTRACTED,MD,D1D6ED3D-690A-4A07-B742-0B32A69E64A3,FUNCTIONAL,SIX OCLOCK,PICKUP TRUCK,SLOWING OR STOPPING,East,35,No,No,2017,FORD,F150,39.12230133,-77.17776998,"(39.12230133, -77.17776998)"
MCP3075004L,240026099,MONTGOMERY,Injury Crash,06/02/2024 02:04:00 AM,County Route,AIRCRAFT DR,,,,,"Sideswipe, Opposite Direction",Clear,Dry,Dark - Lighted,Flashing Traffic Control Signal,"Not Suspect of Alcohol Use, Not Suspect of Drug Use",,0C09B6AB-FC92-43B4-99AE-4A2C73552E8D,No,Suspected Minor Injury,,Not Distracted,MD,1245C126-AFA2-4E48-B1C0-5636F059A5D0,Disabling,Ten O Clock,Passenger Car,Moving Constant Speed,Southbound,40,No,No,2023,LEXUS,LX,39.18214377,-77.26030584,"(39.18214377, -77.26030584)"
MCP2844008D,250024648,MONTGOMERY,Property Damage Crash,05/28/2025 09:10:00 PM,Local Route,WHISPERING PINES CT,,,,,Other,Clear,Dry,Dark - Lighted,No Controls,"Not Suspect of Alcohol Use, Not Suspect of Drug Use",,668091FB-FCCF-4AAE-BF73-E7F2CC99238A,No,No Apparent Injury,,Not Distracted,MD,D65DCCE4-0D80-4D2C-B711-C40EDD51375E,Functional,Ten O Clock,Passenger Car,Moving Constant Speed,Westbound,15,No,No,2021,TOYOTA,COROLLA,39.0874498,-77.06329772,"(39.0874498, -77.06329772)"
MCP3123000T,180031320,Montgomery County Police,Property Damage Crash,07/01/2018 12:56:00 AM,County,BELLS MILL RD,FALLS RD,,N/A,,OTHER,CLEAR,DRY,DARK LIGHTS ON,TRAFFIC SIGNAL,NONE DETECTED,,AE38CADF-B5A0-4466-B950-CE96A0E76440,Yes,NO APPARENT INJURY,"N/A, ROAD UNDER CONSTRUCTION/MAINTENANCE",NOT DISTRACTED,MD,1AD61D4B-6152-4038-8670-9DB1062500CD,DISABLING,TWELVE OCLOCK,PASSENGER CAR,MAKING RIGHT TURN,North,35,No,No,2011,NISSAN,JUKE,39.03543626,-77.19436169,"(39.03543626, -77.19436169)"
MCP2931003Z,190049869,Montgomery County Police,Injury Crash,10/17/2019 06:45:00 PM,Municipality,E JEFFERSON ST,ROLLINS AVE,,ROCKVILLE,,STRAIGHT MOVEMENT ANGLE,CLEAR,DRY,DARK LIGHTS ON,TRAFFIC SIGNAL,N/A,,A70A1D96-32A0-4335-BA16-E51CE82485C1,No,POSSIBLE INJURY,N/A,NOT DISTRACTED,MD,EF4DF998-1A23-4F10-8013-63C0D5781AB0,DISABLING,TWELVE OCLOCK,PASSENGER CAR,MOVING CONSTANT SPEED,South,35,No,No,2003,TOYT,HIGHLANDER,39.05840333,-77.12635333,"(39.05840333, -77.12635333)"