Report Number,Local Case Number,Agency Name,ACRS Report Type,Crash Date/Time,Route Type,Road Name,Cross-Street Name,Off-Road Description,Municipality,Related Non-Motorist,Collision Type,Weather,Surface Condition,Light,Traffic Control,Driver Substance Abuse,Non-Motorist Substance Abuse,Person ID,Driver At Fault,Injury Severity,Circumstance,Driver Distracted By,Drivers License State,Vehicle ID,Vehicle Damage Extent,Vehicle First Impact Location,Vehicle Body Type,Vehicle Movement,Vehicle Going Dir,Speed Limit,Driverless Vehicle,Parked Vehicle,Vehicle Year,Vehicle Make,Vehicle Model,Latitude,Longitude,Location
MCP2192003V,210003543,Montgomery County Police,Property Damage Crash,01/28/2021 12:46:00 PM,Maryland (State),OLNEY SANDY SPRING RD,GEORGIA AVE,,N/A,,SAME DIR REAR END,CLEAR,DRY,DAYLIGHT,TRAFFIC SIGNAL,NONE DETECTED,,87D689AC-DBA5-41CB-9E75-B00E7E00BD61,No,NO APPARENT INJURY,N/A,NOT DISTRACTED,MD,7C1F9107-8BC0-40D9-96B0-DB0CD1AAAA60,FUNCTIONAL,SIX OCLOCK,(SPORT) UTILITY VEHICLE,STOPPED IN TRAFFIC LANE,West,30,No,No,2005,ACURA,MDX,39.153145,-77.06809,"(39.153145, -77.06809)"
MCP3003003N,190016648,Montgomery County Police,Property Damage Crash,04/10/2019 09:07:00 AM,,,,PARKING LOT DIRECTLY IN FRONT OF 2414 ROSS ROAD,,,OTHER,CLEAR,,DAYLIGHT,NO CONTROLS,NONE DETECTED,,87964CAF-8E96-49F1-90AD-829B6B7982E6,Yes,NO APPARENT INJURY,N/A,UNKNOWN,MD,5387D466-6619-4997-A7CF-36D36815F81B,NO DAMAGE,TWELVE OCLOCK,SCHOOL BUS,STARTING FROM PARKED,North,5,No,No,2015,THOMAS,SPED,38.99758333,-77.05313,"(38.99758333, -77.05313)"
MCP3026009S,230021358,Montgomery County Police,Property Damage Crash,05/04/2023 02:46:00 PM,County,DEMOCRACY BLVD,BELLS MILL RD,,N/A,,SAME DIR REAR END,CLEAR,DRY,DAYLIGHT,TRAFFIC SIGNAL,NONE DETECTED,,AD94F432-D1FA-4A93-A78D-1A07806FACF4,Yes,NO APPARENT INJURY,N/A,NOT DISTRACTED,MD,BB55E079-E0D6-4B96-ACFA-B86D18E94E52,DISABLING,TWELVE OCLOCK,PASSENGER CAR,MOVING CONSTANT SPEED,North,30,No,No,2017,MAZD,CX5,39.02317424,-77.13043625,"(39.02317424, -77.13043625)"
EJ7809003G,220052122,Gaithersburg Police Depar,Property Damage Crash,11/25/2022 10:12:00 PM,Maryland (State),QUINCE ORCHARD RD,W DIAMOND AVE,,N/A,,OTHER,CLEAR,DRY,DARK LIGHTS ON,NO CONTROLS,NONE DETECTED,,1173143E-C8FD-4180-8DD6-8A9A314F64B0,No,NO APPARENT INJURY,N/A,NOT DISTRACTED,MD,336B5B65-BDFC-466C-A96B-B848072E72BC,FUNCTIONAL,ELEVEN OCLOCK,POLICE VEHICLE/EMERGENCY,SLOWING OR STOPPING,North,40,No,No,2016,FORD,INTERCEPTOR,39.14207132,-77.22106345,"(39.14207132, -77.22106345)"
DD5594000R,15008535,Rockville Police Departme,Property Damage Crash,02/21/2015 07:06:00 PM,Municipality,POTOMAC ST,GREAT FALLS RD,,ROCKVILLE,,OTHER,SNOW,SNOW,DARK LIGHTS ON,N/A,NONE DETECTED,,A759F0B1-FC6C-4D3D-A7D1-72E138602598,Yes,NO APPARENT INJURY,"ICY OR SNOW-COVERED, RAIN, SNOW, SLEET, HAIL, FREEZ. RAIN",NOT DISTRACTED,MD,7C997ED9-6791-4FDC-A683-83DB7DB6D26B,NO DAMAGE,SEVEN OCLOCK,"OTHER LIGHT TRUCKS (10,000LBS (4,536KG) OR LESS)",BACKING,West,25,No,No,2009,CHEVY,TRUCK,39.083835,-77.15339167,"(39.083835, -77.15339167)"
MCP3050006D,250011309,MONTGOMERY,Injury Crash,03/14/2025 08:42:00 PM,County Route,BEL PRE RD,,,,,Front to Rear,Clear,Dry,Dark - Lighted,No Controls,"Not Suspect of Alcohol Use, Not Suspect of Drug Use",,3F25FD21-C7F1-44D1-BCFD-661C08D80E76,No,No Apparent Injury,,Not Distracted,MD,1C845C7A-3979-426E-A8DF-78C49356E539,Functional,Six O Clock,Sport Utility Vehicle,Stopped in Traffic,Westbound,35,No,No,2018,NISSAN,PATHFINDER,39.09350528,-77.07494781,"(39.09350528, -77.07494781)"
MCP1253000M,190049515,Montgomery County Police,Property Damage Crash,10/15/2019 07:00:00 AM,,,,12525 PARK POTOMAC AVE PARKING GARAGE HARRIS TEETER,,,OTHER,CLEAR,,DARK LIGHTS ON,NO CONTROLS,UNKNOWN,,7A8CA589-E165-4362-BC1F-FD13252A2BD0,Yes,NO APPARENT INJURY,N/A,INATTENTIVE OR LOST IN THOUGHT,,47F16F9E-C61F-432D-8663-3C2D55DD8DC5,UNKNOWN,UNKNOWN,PASSENGER CAR,STARTING FROM PARKED,East,15,No,No,2017,JEEP,WRANGLER,39.06156596,-77.15680924,"(39.06156596, -77.15680924)"
MCP2116004W,16049557,Montgomery County Police,Property Damage Crash,09/26/2016 05:31:00 PM,Maryland (State),FALLS RD,GREAT FALLS RD (AHEAD),,ROCKVILLE,,STRAIGHT MOVEMENT ANGLE,CLOUDY,DRY,DAYLIGHT,TRAFFIC SIGNAL,NONE DETECTED,,3229F488-27B8-493C-9C94-25D662CACF1C,Yes,NO APPARENT INJURY,N/A,LOOKED BUT DID NOT SEE,MD,3D608F32-0A80-419A-AA30-3726E33F01BE,DISABLING,ONE OCLOCK,PASSENGER CAR,MAKING LEFT TURN,North,30,No,No,2014,HONDA,ACCORD,39.076105,-77.16243333,"(39.076105, -77.16243333)"
MCP2270001R,230030867,Montgomery County Police,Property Damage Crash,06/28/2023 08:50:00 AM,Maryland (State),OLD GEORGETOWN RD,RAMP 6 FR IS 495 EB TO MD 187 SB,,N/A,,SAME DIRECTION SIDESWIPE,CLEAR,DRY,DAYLIGHT,NO CONTROLS,NONE DETECTED,,20FF9967-6C66-498C-86A2-4638244D2B32,No,NO APPARENT INJURY,N/A,NOT DISTRACTED,DC,0FAC6E39-A074-4487-A224-9AD3C5910C93,DISABLING,ONE OCLOCK,PASSENGER CAR,MOVING CONSTANT SPEED,South,35,No,No,2017,CHEV,SUBURB,39.01459,-77.11854833,"(39.01459, -77.11854833)"
MCP2971001V,16053594,Montgomery County Police,Property Damage Crash,10/18/2016 12:30:00 PM,,,,"PARKING LOT IN FRONT OF 13864 OLD COLUMBIA PIKE, SILVER SPRING MD 20904",,,OTHER,N/A,,DAYLIGHT,NO CONTROLS,NONE DETECTED,,CA5E9E59-C87A-420F-9882-D6AEAA3A0FD9,Yes,NO APPARENT INJURY,N/A,UNKNOWN,MD,BE86DFB9-4BEE-4270-B169-D727042F317D,UNKNOWN,UNKNOWN,(SPORT) UTILITY VEHICLE,BACKING,North,5,No,No,2006,HONDA,PILOT,39.08391339,-76.95201337,"(39.08391339, -76.95201337)"
MCP3113003D,210043051,Montgomery County Police,Property Damage Crash,10/26/2021 08:25:00 AM,US (State),COLUMBIA PIKE,STEWART LA,,N/A,,SAME DIR REAR END,N/A,DRY,DAYLIGHT,TRAFFIC SIGNAL,N/A,,090A464B-A777-4F58-B0C5-7C86E7D4E65D,No,NO APPARENT INJURY,N/A,NOT DISTRACTED,MD,5A9567F1-3E59-47C1-AD03-C8F3DE74146C,SUPERFICIAL,SIX OCLOCK,(SPORT) UTILITY VEHICLE,STOPPED IN TRAFFIC LANE,South,40,No,No,2017,MAZDA,GX9,39.04770821,-76.98534542,"(39.04770821, -76.98534542)"
MCP1438001B,15057112,MONTGOMERY,Injury Crash,11/09/2015 12:37:00 PM,County,SHADY GROVE RD,GAITHER RD,,ROCKVILLE,,SAME DIR REAR END,CLOUDY,DRY,DAYLIGHT,TRAFFIC SIGNAL,NONE DETECTED,,BE30B5EC-2C04-41CF-9064-97A9B26A03EA,Yes,NO APPARENT INJURY,N/A,ADJUSTING AUDIO AND OR CLIMATE CONTROLS,NC,1CCE7815-97A0-440A-94B9-43630BC517F1,NO DAMAGE,TWELVE OCLOCK,PASSENGER CAR,STOPPED IN TRAFFIC LANE,East,40,No,No,2014,TOYT,SW,39.11675833,-77.18397333,"(39.11675833, -77.18397333)"
MCP2752001X,170519446,Montgomery County Police,Property Damage Crash,07/16/2017 07:00:00 PM,County,TUCKERMAN LA,MARCLIFF RD,,N/A,,SAME DIR REAR END,CLEAR,DRY,DAYLIGHT,N/A,NONE DETECTED,,0C1DCFCB-D8F9-46A7-9000-CA4C2AEA718C,Yes,NO APPARENT INJURY,N/A,LOOKED BUT DID NOT SEE,MD,D2CDD923-8C59-47D8-86AD-D56C87F7AAE8,DISABLING,TWELVE OCLOCK,PASSENGER CAR,MOVING CONSTANT SPEED,East,35,No,No,2016,HONDA,CIVIC,39.0361845,-77.132125,"(39.0361845, -77.132125)"
MCP3200005B,220016720,Montgomery County Police,Property Damage Crash,04/20/2022 08:01:00 AM,County,ROCKLEDGE DR,ENT TO IBM,,N/A,,HEAD ON LEFT TURN,CLEAR,DRY,DAYLIGHT,NO CONTROLS,NONE DETECTED,,6D612BBF-FC4D-40C1-9994-3403827F1975,No,NO APPARENT INJURY,N/A,NOT DISTRACTED,MD,7B6BCE70-CBE7-4789-9299-1DF24081C56A,DISABLING,TWELVE OCLOCK,PASSENGER CAR,MOVING CONSTANT SPEED,West,30,No,No,2018,SUBARU,OUTBACK,39.02929283,-77.138555,"(39.02929283, -77.138555)"
MCP3221002Y,240019193,MONTGOMERY,Property Damage Crash,04/24/2024 06:28:00 PM,Ramp,RAMP 5 FR IS 270 SB TO SHADY GROVE RD,SHADY GROVE RD (SB/L),,,,Angle,Clear,Dry,Daylight,Traffic Control Signal,"Not Suspect of Alcohol Use, Not Suspect of Drug Use",,C824FE51-65FF-4D32-93EA-F262E97CAD10,No,No Apparent Injury,,Not Distracted,FL,31249DD6-7B3B-4F22-ACC8-01EA5229C84E,Disabling,Eleven O Clock,Passenger Car,Accelerating,Eastbound,25,No,,2003,TOYOTA,CAMRY,39.10947947,-77.18829294,"(39.10947947, -77.18829294)"
MCP2986000Q,16027315,Montgomery County Police,Injury Crash,06/01/2016 09:57:00 AM,County,N NOYES DR,COLESVILLE RD,,N/A,,HEAD ON,CLEAR,DRY,DAYLIGHT,TRAFFIC SIGNAL,NONE DETECTED,,212C2C45-99E6-4E03-9D0D-DACE62C922DE,No,POSSIBLE INJURY,N/A,NOT DISTRACTED,MD,E52A423E-B210-4600-B92D-016BFD90300A,FUNCTIONAL,TWELVE OCLOCK,PASSENGER CAR,MOVING CONSTANT SPEED,West,35,No,No,2009,FORD,MUSTANG,39.00063333,-77.02560333,"(39.00063333, -77.02560333)"
MCP23980012,17005163,Montgomery County Police,Property Damage Crash,01/30/2017 07:25:00 AM,Maryland (State),FREDERICK RD,BROOKS AVE,,GAITHERSBURG,,SINGLE VEHICLE,CLOUDY,ICE,DAWN,N/A,NONE DETECTED,,4900B6C6-4248-415C-8144-DF2A984B9AC7,Yes,NO APPARENT INJURY,"ICY OR SNOW-COVERED, N/A",NOT DISTRACTED,MD,305D5A85-3E22-4963-8ECF-FF6F3FA197DF,DISABLING,UNDERSIDE,PICKUP TRUCK,MOVING CONSTANT SPEED,North,35,No,No,2008,TOYT,TACOMA,39.14147333,-77.19933667,"(39.14147333, -77.19933667)"
DD5605005P,180045531,Rockville Police Departme,Injury Crash,09/12/2018 11:45:00 AM,Maryland (State),HUNGERFORD DR,FREDERICK AVE #2,,ROCKVILLE,,STRAIGHT MOVEMENT ANGLE,CLEAR,DRY,DAYLIGHT,TRAFFIC SIGNAL,NONE DETECTED,,97D79536-8BB0-438F-9223-3153D07BA6FB,Yes,NO APPARENT INJURY,N/A,UNKNOWN,MD,F771033A-5813-4D42-923A-AA3AA76C8299,DISABLING,TWELVE OCLOCK,PASSENGER CAR,MOVING CONSTANT SPEED,South,40,No,No,2011,MAZD,4S,39.09408833,-77.15349817,"(39.09408833, -77.15349817)"
MCP3086009N,230063408,Montgomery County Police,Property Damage Crash,10/30/2023 01:55:00 PM,County,REDLAND RD,OVERHILL RD,,N/A,,SAME DIR REAR END,CLOUDY,DRY,DAYLIGHT,NO CONTROLS,NONE DETECTED,,FBC92ABA-41C1-463D-BF2F-274A7C8FC282,No,NO APPARENT INJURY,N/A,NOT DISTRACTED,MD,806C89C7-22C8-46D2-A2F7-B4DED5DAB032,FUNCTIONAL,SIX OCLOCK,TRANSIT BUS,STOPPED IN TRAFFIC LANE,South,35,No,No,2019,GILG,BUS,39.13389333,-77.14681333,"(39.13389333, -77.14681333)"
MCP3260000N,240025444,MONTGOMERY,Property Damage Crash,05/29/2024 01:45:00 PM,Maryland (State) Route,NEW HAMPSHIRE AVE,,,,,Front to Rear,Clear,Dry,Daylight,No Controls,"Unknown, Unknown",,942AFE8F-E649-4208-9707-D25536C2BDB2,Yes,,,,,69DD9F54-110F-479F-B845-2DF9969E481B,Superficial,Twelve O Clock,Passenger Car,Moving Constant Speed,Southbound,35,No,No,2018,TOYOTA,SIENNA,39.02223242,-76.97741215,"(39.02223242, -76.97741215)"
MCP2348000N,15005502,Montgomery County Police,Injury Crash,02/03/2015 04:07:00 PM,Maryland (State),VEIRS MILL RD,GEORGIA AVE,,N/A,PEDESTRIAN,SINGLE VEHICLE,CLEAR,DRY,DAYLIGHT,NO CONTROLS,NONE DETECTED,NONE DETECTED,5688A630-FB76-4B06-96C7-1A7B572F9EAA,No,NO APPARENT INJURY,N/A,NOT DISTRACTED,MD,5C091C03-4464-43BB-9ADF-A4BC26D98427,SUPERFICIAL,TWELVE OCLOCK,TRANSIT BUS,MOVING CONSTANT SPEED,West,0,No,No,2011,GILL,BU,39.0375,-77.05092667,"(39.0375, -77.05092667)"
MCP2990000T,190052884,Montgomery County Police,Property Damage Crash,11/03/2019 02:00:00 AM,County,QUAIL VALLEY BLVD,PURPLE MARTIN LA,,N/A,,SAME DIR REAR END,CLEAR,DRY,DARK LIGHTS ON,N/A,N/A,,E935E59C-7440-4B27-8439-C903E05742A2,Yes,NO APPARENT INJURY,N/A,UNKNOWN,MD,138A96A2-B226-4502-B3B0-A9F661B0C2D9,DISABLING,TWELVE OCLOCK,PASSENGER CAR,MOVING CONSTANT SPEED,East,25,No,No,2012,BMW,4S,39.16522333,-77.18805833,"(39.16522333, -77.18805833)"
MCP1453006C,180055631,Montgomery County Police,Property Damage Crash,11/06/2018 09:48:00 AM,Maryland (State),GREAT SENECA HWY,BEGIN BRIDGE,,N/A,,SAME DIRECTION SIDESWIPE,RAINING,WET,DAYLIGHT,NO CONTROLS,NONE DETECTED,,7C178FA0-6D3E-4784-BE97-15C7D9324989,No,NO APPARENT INJURY,"RAIN, SNOW, WET",NOT DISTRACTED,MD,205146DA-2FB8-49A3-8464-0E672BB56786,FUNCTIONAL,FIVE OCLOCK,(SPORT) UTILITY VEHICLE,MOVING CONSTANT SPEED,North,55,No,No,2017,LEXUS,RX350,39.13881833,-77.26769333,"(39.13881833, -77.26769333)"
MCP32680017,210041737,Montgomery County Police,Injury Crash,10/18/2021 06:32:00 AM,County,BROADBIRCH DR,TECH RD,,N/A,PEDESTRIAN,N/A,N/A,DRY,DARK LIGHTS ON,STOP SIGN,N/A,N/A,25F79153-D2A3-46AF-873B-BC4B61087191,Yes,NO APPARENT INJURY,N/A,NOT DISTRACTED,MD,4BE470FA-1EE5-4879-B49C-8A6CE6AE8138,SUPERFICIAL,TWELVE OCLOCK,PICKUP TRUCK,MAKING LEFT TURN,South,30,No,No,2016,NISSAN,FRONTIER,39.05594117,-76.96627683,"(39.05594117, -76.96627683)"
MCP2867000V,15008703,Montgomery County Police,Property Damage Crash,02/23/2015 11:04:00 AM,County,COTTRELL TERR,BRADDOCK RD,,N/A,,ANGLE MEETS LEFT TURN,CLEAR,SNOW,DAYLIGHT,STOP SIGN,NONE DETECTED,,2172C19B-E219-4836-9E65-E11A6FCDC067,Unknown,NO APPARENT INJURY,"ICY OR SNOW-COVERED, N/A",NOT DISTRACTED,MD,619FE9BC-918D-425A-B962-D6095FD3A672,SUPERFICIAL,NINE OCLOCK,SCHOOL BUS,MAKING LEFT TURN,North,25,No,No,2007,SCHOOL BUS,BUS,39.01457,-76.98327833,"(39.01457, -76.98327833)"
MCP1382005B,190051259,Montgomery County Police,Property Damage Crash,10/25/2019 07:25:00 AM,County,BILTMORE DR,FRANKLIN AVE,,N/A,,OPPOSITE DIRECTION SIDESWIPE,CLEAR,DRY,DAWN,STOP SIGN,NONE DETECTED,,68E6BA3F-BDCA-449A-85FA-DCA9363EF0A7,Yes,NO APPARENT INJURY,N/A,LOOKED BUT DID NOT SEE,MD,7C286C9B-C892-4C08-B0C9-8BF64EFE8A12,FUNCTIONAL,ONE OCLOCK,SCHOOL BUS,MOVING CONSTANT SPEED,South,25,No,No,2020,THMS,BU,39.01139667,-77.00447,"(39.01139667, -77.00447)"
MCP2859001C,15041803,MONTGOMERY,Property Damage Crash,08/21/2015 06:12:00 AM,County,SHADY GROVE RD,BRIARDALE RD,,N/A,,SAME DIR REAR END,CLEAR,WET,DARK LIGHTS ON,TRAFFIC SIGNAL,NONE DETECTED,,FC237CF6-5430-4C18-82C1-273FAE167F5F,Yes,NO APPARENT INJURY,N/A,INATTENTIVE OR LOST IN THOUGHT,MD,706CB0EE-A2A2-487A-92FE-3BC0786BC6E1,DISABLING,TWELVE OCLOCK,PASSENGER CAR,SLOWING OR STOPPING,South,30,No,No,2010,TOYT,COROLLA,39.134975,-77.157225,"(39.134975, -77.157225)"
MCP22280017,220050135,Montgomery County Police,Property Damage Crash,11/13/2022 03:13:00 PM,County,FLOWER HILL WAY,SNOUFFERS SCHOOL RD,,N/A,,SAME DIR REAR END,CLEAR,DRY,DAYLIGHT,STOP SIGN,NONE DETECTED,,09C0A489-AE15-44B1-89DC-55A500AC31B4,Yes,NO APPARENT INJURY,N/A,UNKNOWN,XX,24C2BA12-2401-42F1-B3F5-2631B85652C3,SUPERFICIAL,ELEVEN OCLOCK,PASSENGER CAR,MOVING CONSTANT SPEED,North,25,No,No,2008,HONDA,CIVIC,39.16694167,-77.17308,"(39.16694167, -77.17308)"
MCP30850045,230060503,Montgomery County Police,Property Damage Crash,10/14/2023 03:11:00 PM,,,,"PARKING GARAGE OF 10605 CONCORD ST. KENSINGTON, MD 20895",,,SINGLE VEHICLE,RAINING,,DAYLIGHT,N/A,NONE DETECTED,,CA6D9E66-4D7A-441D-BECB-9837EFC543F2,Yes,NO APPARENT INJURY,"RAIN, SNOW, WET",NOT DISTRACTED,MD,8B9A1F33-44EB-4EC8-923F-32176AD2B0BD,OTHER,TWELVE OCLOCK,PASSENGER CAR,STARTING FROM PARKED,East,0,No,No,2010,VOLKS WAGON,GOLF,39.03068667,-77.07430667,"(39.03068667, -77.07430667)"
MCP2456007Z,230065301,Montgomery County Police,Property Damage Crash,11/09/2023 09:00:00 AM,Maryland (State),UNIVERSITY BLVD E,BEGIN BRIDGE,,N/A,,SAME DIR REAR END,CLEAR,DRY,DAYLIGHT,NO CONTROLS,NONE DETECTED,,3E6337B7-0F0B-4552-A408-159345030A22,No,NO APPARENT INJURY,N/A,NOT DISTRACTED,MD,4492590B-1C0D-4A3D-9665-E96E344FECDF,SUPERFICIAL,SIX OCLOCK,PASSENGER CAR,SLOWING OR STOPPING,East,35,No,No,2014,TOYOTA,HIGHLANDER,39.01591729,-77.00562943,"(39.01591729, -77.00562943)"
MCP2849000Z,15007590,Montgomery County Police,Property Damage Crash,02/15/2015 09:58:00 AM,Maryland (State),GEORGIA AVE,SPARTAN RD,,N/A,,SAME DIR REAR END,CLEAR,ICE,DAYLIGHT,TRAFFIC SIGNAL,UNKNOWN,,26964EBF-7FFD-4F1B-96EF-6FAAE3EA03A5,No,NO APPARENT INJURY,"ICY OR SNOW-COVERED, N/A",NOT DISTRACTED,MD,B0B9AD1A-3D04-46FB-954D-694A056B10B7,UNKNOWN,,PICKUP TRUCK,SLOWING OR STOPPING,North,35,No,No,2007,DODGE,RAM,39.15003333,-77.06686167,"(39.15003333, -77.06686167)"
MCP3074001P,180024045,Montgomery County Police,Injury Crash,05/16/2018 01:05:00 PM,Maryland (State),NEW HAMPSHIRE AVE,OVERLOOK DR,,N/A,,SAME DIRECTION SIDESWIPE,CLEAR,DRY,DAYLIGHT,NO CONTROLS,N/A,,92A2B67D-A8C8-4006-B362-08B21CCAC910,No,POSSIBLE INJURY,N/A,NOT DISTRACTED,MD,2D80A9E8-1044-4F0D-94A4-22DC1CEEE823,DISABLING,TWO OCLOCK,PASSENGER CAR,MOVING CONSTANT SPEED,South,35,No,No,2003,TOYOTA,CAMRY,39.02461413,-76.9797226,"(39.02461413, -76.9797226)"
MCP2108000S,190034449,Montgomery County Police,Property Damage Crash,07/20/2019 01:40:00 AM,County,REDLAND RD,BAEDERWOOD LA,,N/A,,SAME DIR REAR END,N/A,N/A,DARK NO LIGHTS,N/A,N/A,,F1941166-4AD3-402C-95EB-3F9AD4E4A6F5,Yes,NO APPARENT INJURY,N/A,NOT DISTRACTED,MD,828E80CB-A38F-4403-B68C-0F49611415E0,DISABLING,TWELVE OCLOCK,POLICE VEHICLE/EMERGENCY,MOVING CONSTANT SPEED,East,30,No,No,2010,FORD,4S,39.125735,-77.151845,"(39.125735, -77.151845)"
MCP31920008,190043756,Montgomery County Police,Injury Crash,09/12/2019 07:22:00 PM,,,,11277 NEW HAMPSHIRE AVE.AT THE BACK PARKING LOT,,PEDESTRIAN,OTHER,CLEAR,,DARK LIGHTS ON,NO CONTROLS,NONE DETECTED,NONE DETECTED,50174610-8F1E-4C55-9E83-E0AC42107241,Unknown,NO APPARENT INJURY,N/A,UNKNOWN,MD,55D387D8-115D-4C3B-AA10-57911850494A,NO DAMAGE,TWELVE OCLOCK,PASSENGER CAR,MOVING CONSTANT SPEED,South,5,No,No,2007,NISSAN,PATHFINDER,39.04081011,-76.99101255,"(39.04081011, -76.99101255)"
MCP3010006P,220007703,Montgomery County Police,Property Damage Crash,02/22/2022 08:00:00 AM,Maryland (State),OLD GEORGETOWN RD,TUCKERMAN LA,,N/A,,SINGLE VEHICLE,N/A,DRY,DAYLIGHT,NO CONTROLS,N/A,,6B7214ED-AC2D-4594-B5A6-797563E1D96C,Yes,NO APPARENT INJURY,N/A,INATTENTIVE OR LOST IN THOUGHT,DC,58860EAA-CF75-4BC7-A642-D1FF950528D6,DISABLING,ONE OCLOCK,"OTHER LIGHT TRUCKS (10,000LBS (4,536KG) OR LESS)",MOVING CONSTANT SPEED,South,40,No,No,2020,CHEVY,BOXTRUCK,39.03499667,-77.12490167,"(39.03499667, -77.12490167)"
MCP2869002D,180014111,Montgomery County Police,Injury Crash,03/22/2018 03:05:00 AM,Maryland (State),GEORGIA AVE,TRIDELPHIA LAKE RD,,N/A,,SINGLE VEHICLE,RAINING,WET,DARK NO LIGHTS,NO CONTROLS,ALCOHOL PRESENT,,955E9470-6434-442B-AED7-0E4CD9E60E50,Yes,SUSPECTED MINOR INJURY,"ICY OR SNOW-COVERED, RAIN, SNOW, WET",UNKNOWN,MD,6F0B8232-ADDE-4001-8F55-4B705D502C21,DESTROYED,TWELVE OCLOCK,PASSENGER CAR,MOVING CONSTANT SPEED,North,40,No,No,2014,HYUNDAI,ACCENT,39.23444167,-77.05625833,"(39.23444167, -77.05625833)"
MCP3444000R,250032918,MONTGOMERY,Property Damage Crash,07/23/2025 07:54:00 PM,,,,Parking Lot Way        PARKING LOT OFF PF 811 EASLEY STREET.,,,Front to Rear,Clear,,Daylight,,"Not Suspect of Alcohol Use, Not Suspect of Drug Use",,C502944F-7104-47C1-99F5-7795A2CA1F54,No,No Apparent Injury,,Not Distracted,VA,3C47FC20-E4D3-4344-AD9E-5D34A9469A35,Functional,Twelve O Clock,Passenger Car,Parked,,0,No,Yes,2024,TESLA,MODEL 3,38.99422466,-77.02239993,"(38.99422466, -77.02239993)"
EJ7895000D,220004216,Gaithersburg Police Depar,Injury Crash,01/31/2022 06:30:00 PM,Municipality,E DIAMOND AVE,E DIAMOND AVE,,GAITHERSBURG,BICYCLIST,STRAIGHT MOVEMENT ANGLE,CLEAR,DRY,DARK LIGHTS ON,NO CONTROLS,N/A,N/A,B45C8CBA-C2D0-4D74-A98D-BE6BC31186B6,No,NO APPARENT INJURY,N/A,NOT DISTRACTED,MD,596A9781-01C2-4477-98A1-CA77316952F3,FUNCTIONAL,TWELVE OCLOCK,PASSENGER CAR,MOVING CONSTANT SPEED,East,30,No,No,2016,HONDA,CIVIC,39.14201479,-77.1888905,"(39.14201479, -77.1888905)"
EJ7894000L,220013852,Gaithersburg Police Depar,Property Damage Crash,04/01/2022 09:42:00 AM,County,MUDDY BRANCH RD,DIAMONDBACK DR,,N/A,,SINGLE VEHICLE,CLEAR,N/A,DAYLIGHT,TRAFFIC SIGNAL,NONE DETECTED,,9337D3FD-F1B2-4D09-807A-DB24D55FBE72,Yes,NO APPARENT INJURY,N/A,LOOKED BUT DID NOT SEE,MD,C613AA80-3451-4BA7-BCF4-291770F79FEF,DISABLING,TWELVE OCLOCK,PASSENGER CAR,MAKING RIGHT TURN,North,0,No,No,2013,TOYT,4S,39.11513545,-77.216245,"(39.11513545, -77.216245)"
MCP229800PN,190052109,Montgomery County Police,Property Damage Crash,10/29/2019 06:49:00 PM,Maryland (State),MUNCASTER MILL RD,PHELPS HILL LA,,N/A,,HEAD ON LEFT TURN,CLOUDY,DRY,DARK LIGHTS ON,NO CONTROLS,NONE DETECTED,,0D4B4751-178B-4DA9-8BC0-1F861E8F995A,No,NO APPARENT INJURY,N/A,NOT DISTRACTED,MD,ABCE4FBC-3DA8-4028-B5A9-01D3896E2F76,DISABLING,EIGHT OCLOCK,PASSENGER CAR,MOVING CONSTANT SPEED,West,35,No,No,2015,TOYOTA,PRIUS,39.14697,-77.14549,"(39.14697, -77.14549)"
MCP2358000W,15023730,Montgomery County Police,Injury Crash,05/18/2015 07:47:00 AM,County,DEMOCRACY BLVD,FALLS RD,,N/A,,SINGLE VEHICLE,CLEAR,DRY,DAYLIGHT,N/A,NONE DETECTED,,A49F920E-4789-44CD-B255-DE10D4E87492,Yes,SUSPECTED MINOR INJURY,"DEBRIS OR OBSTRUCTION, N/A",NOT DISTRACTED,MD,9651F40B-3300-4A6C-96EF-9492C985D4D3,FUNCTIONAL,TWELVE OCLOCK,MOTORCYCLE,MOVING CONSTANT SPEED,East,40,No,No,2014,ZERO,SR,39.02667167,-77.20349667,"(39.02667167, -77.20349667)"
MCP27610019,16043486,Montgomery County Police,Property Damage Crash,08/26/2016 05:25:00 PM,Maryland (State),WOODFIELD RD,BETHESDA CHURCH RD,,N/A,,SAME DIR REAR END,CLEAR,DRY,DAYLIGHT,NO CONTROLS,NONE DETECTED,,6A93E2BE-E8E5-4F6D-8F42-7BC4B2F1549C,No,NO APPARENT INJURY,N/A,NOT DISTRACTED,MD,7C6392C1-FBC6-438E-967F-C1031F876820,FUNCTIONAL,SIX OCLOCK,PICKUP TRUCK,SLOWING OR STOPPING,North,45,No,No,2012,FORD,F150,39.28418333,-77.201885,"(39.28418333, -77.201885)"
MCP3356002N,250012618,MONTGOMERY,Property Damage Crash,03/22/2025 05:58:00 PM,Maryland (State) Route,GERMANTOWN RD (SB/L),CRYSTAL ROCK DR,,,,Angle,Cloudy,Dry,Daylight,Traffic Control Signal,"Not Suspect of Alcohol Use, Not Suspect of Drug Use",,F5542CE5-4DE0-4EB4-98E3-A8A210D70E2A,No,No Apparent Injury,,Not Distracted,MD,80E3C1DA-BF57-46C4-BAAD-7A16559804A6,Disabling,Twelve O Clock,Passenger Car,Moving Constant Speed,Eastbound,40,No,No,2019,TOYOTA,COROLLA,39.18124574,-77.26231927,"(39.18124574, -77.26231927)"