Report Number,Local Case Number,Agency Name,ACRS Report Type,Crash Date/Time,Route Type,Road Name,Cross-Street Name,Off-Road Description,Municipality,Related Non-Motorist,Collision Type,Weather,Surface Condition,Light,Traffic Control,Driver Substance Abuse,Non-Motorist Substance Abuse,Person ID,Driver At Fault,Injury Severity,Circumstance,Driver Distracted By,Drivers License State,Vehicle ID,Vehicle Damage Extent,Vehicle First Impact Location,Vehicle Body Type,Vehicle Movement,Vehicle Going Dir,Speed Limit,Driverless Vehicle,Parked Vehicle,Vehicle Year,Vehicle Make,Vehicle Model,Latitude,Longitude,Location
MCP2783003P,200040857,Montgomery County Police,Property Damage Crash,10/16/2020 06:50:00 PM,County,KEMP MILL RD,GLENALLAN AVE,,N/A,,STRAIGHT MOVEMENT ANGLE,RAINING,WET,DARK LIGHTS ON,NO CONTROLS,NONE DETECTED,,F1F841E5-BEB0-4BF1-B4CC-E4F1F93B8576,Yes,NO APPARENT INJURY,"N/A, WET",UNKNOWN,MD,F97C894E-DB7A-45DF-83D1-7F7EAE2A9A0E,DISABLING,ONE OCLOCK,PASSENGER CAR,MAKING LEFT TURN,North,35,No,No,2014,TOYOTA,COROLLA,39.06222833,-77.02674667,"(39.06222833, -77.02674667)"
MCP94420020,200038819,Montgomery County Police,Injury Crash,10/02/2020 12:00:00 PM,,,,PARKING LOT OF 19200 MONTGOMERY VILLAGE AVE,,PEDESTRIAN,OTHER,CLEAR,,DAYLIGHT,N/A,NONE DETECTED,NONE DETECTED,8FF0DCC1-4624-4E46-8439-1905EE13DDA4,Yes,NO APPARENT INJURY,N/A,NOT DISTRACTED,MD,4BDB5194-5362-496B-8C56-DF1658032D3E,NO DAMAGE,TEN OCLOCK,PASSENGER CAR,MAKING LEFT TURN,East,15,No,No,2008,HONDA,PILOT,39.17182833,-77.20483833,"(39.17182833, -77.20483833)"
MCP9366000K,15061644,MONTGOMERY,Property Damage Crash,12/03/2015 10:00:00 PM,Maryland (State),OLNEY LAYTONSVILLE RD,FIELDCREST RD,,N/A,,SAME DIRECTION LEFT TURN,CLEAR,DRY,DARK LIGHTS ON,NO CONTROLS,N/A,,E5356EC2-1968-43DD-A194-B60641F5FCFB,Yes,NO APPARENT INJURY,N/A,UNKNOWN,MD,732625EB-830B-4B06-92D5-A9E2674B46BF,SUPERFICIAL,ONE OCLOCK,PASSENGER CAR,MAKING U TURN,East,40,No,No,1994,TOYOTA,COROLLA,39.18966833,-77.12106167,"(39.18966833, -77.12106167)"
MCP2844003M,190018881,Montgomery County Police,Injury Crash,04/22/2019 06:50:00 PM,Maryland (State),CONNECTICUT AVE,CAREY ST,,N/A,,SAME DIR REAR END,CLEAR,DRY,DAYLIGHT,NO CONTROLS,NONE DETECTED,,3F26D2F5-F2E0-4158-82BB-38075DD19213,No,POSSIBLE INJURY,N/A,NOT DISTRACTED,MD,DE666433-D2A3-425B-A317-A0FC170EBFCD,DISABLING,SIX OCLOCK,PASSENGER CAR,SLOWING OR STOPPING,North,40,No,No,2017,HONDA,ACCORD,39.05482333,-77.074025,"(39.05482333, -77.074025)"
MCP3191001K,190060613,Montgomery County Police,Property Damage Crash,12/16/2019 03:41:00 PM,,,,14431 TRAVILLE GATEWAY CIR PARKING LOT,,,OTHER,RAINING,,DAWN,N/A,NONE DETECTED,,F43B2B2E-57A0-4C13-9AAB-DF30DCE43443,Yes,NO APPARENT INJURY,"RAIN, SNOW, WET",NOT DISTRACTED,MD,B5425392-1F61-440B-A31D-CF6BB029949E,FUNCTIONAL,EIGHT OCLOCK,PASSENGER CAR,PARKING,East,5,No,No,2005,HYUNDAI,ELANTRA,39.09471667,-77.20303333,"(39.09471667, -77.20303333)"
EJ7871005F,220007520,Gaithersburg Police Depar,Property Damage Crash,02/20/2022 10:51:00 PM,Municipality,RUSSELL AVE,MONTGOMERY VILLAGE AVE,,N/A,,HEAD ON LEFT TURN,CLEAR,DRY,DARK LIGHTS ON,TRAFFIC SIGNAL,NONE DETECTED,,4BDEA822-26D7-4491-85E6-6B83286E9D64,No,NO APPARENT INJURY,N/A,NOT DISTRACTED,MD,EEAA6434-5EEA-4DE9-A2CE-73414486EF41,DISABLING,ELEVEN OCLOCK,PASSENGER CAR,MOVING CONSTANT SPEED,West,35,No,No,2012,FORD,FOCUS,39.15439355,-77.20924562,"(39.15439355, -77.20924562)"
MCP30650012,170545250,Montgomery County Police,Injury Crash,11/27/2017 08:52:00 PM,Maryland (State),NEW HAMPSHIRE AVE,OAKVIEW DR,,N/A,,OTHER,CLEAR,DRY,DARK LIGHTS ON,TRAFFIC SIGNAL,NONE DETECTED,,99B80956-A7FD-4291-B62B-A9C0FACE1D95,Yes,NO APPARENT INJURY,N/A,LOOKED BUT DID NOT SEE,MD,6BD03FC0-B3DA-4889-AC4F-9F58FC4D5257,FUNCTIONAL,TWELVE OCLOCK,PASSENGER CAR,MAKING U TURN,North,40,No,No,2004,TOYOTA,RAV4,39.01510333,-76.97804833,"(39.01510333, -76.97804833)"
EJ7781004F,230052743,Gaithersburg Police Depar,Property Damage Crash,09/02/2023 04:45:00 AM,Municipality,LOWER COUNTRY DR,GRANGE HALL DR,,GAITHERSBURG,,OTHER,CLEAR,DRY,DARK NO LIGHTS,NO CONTROLS,UNKNOWN,,45BCCDFA-A5D8-479C-BCAC-88C756A85034,Yes,NO APPARENT INJURY,N/A,UNKNOWN,,C5DDCAEF-3C8D-4452-9E3E-2CBD23B33275,DISABLING,ELEVEN OCLOCK,PASSENGER CAR,MOVING CONSTANT SPEED,East,15,No,No,2022,MERZ,UT,39.1524703,-77.17862425,"(39.1524703, -77.17862425)"
MCP3003001X,180021933,Montgomery County Police,Property Damage Crash,05/04/2018 03:40:00 PM,,,,13010 DAIRYMAID DRIVE/ SCHOOL PARKING LOT,,,OTHER,CLEAR,,DAYLIGHT,NO CONTROLS,NONE DETECTED,,3F42417D-4481-4060-B6BB-6875F9B3F62C,Yes,NO APPARENT INJURY,N/A,LOOKED BUT DID NOT SEE,MD,59C9DE9D-63DB-46F4-AF9A-D0223979BE24,NO DAMAGE,TWO OCLOCK,VAN,PASSING,Unknown,0,No,No,2007,CHEV,VAN,39.15301833,-77.26953,"(39.15301833, -77.26953)"
MCP3300002H,230065252,Montgomery County Police,Property Damage Crash,11/08/2023 09:30:00 PM,Maryland (State),GEORGIA AVE,CONNECTICUT AVE,,N/A,,HEAD ON LEFT TURN,CLEAR,DRY,DARK LIGHTS ON,TRAFFIC SIGNAL,NONE DETECTED,,A803742D-C5D2-4BA7-AC09-5BCF4BCFA42B,Yes,NO APPARENT INJURY,N/A,UNKNOWN,XX,E6434ABB-B370-46B7-B6C5-B46A8869545E,SUPERFICIAL,TWELVE OCLOCK,PASSENGER CAR,MAKING LEFT TURN,South,35,No,No,2008,TOYOTA,AVALON,39.08386726,-77.07767843,"(39.08386726, -77.07767843)"
MCP2757001G,16064779,Montgomery County Police,Property Damage Crash,12/17/2016 10:27:00 PM,Maryland (State),VEIRS MILL RD,CLARIDGE RD,,N/A,,SAME DIR REAR END,CLEAR,WET,DARK LIGHTS ON,TRAFFIC SIGNAL,NONE DETECTED,,95A96496-918F-4A1F-9C34-7BBB15AF2505,No,NO APPARENT INJURY,"N/A, WET",NOT DISTRACTED,MD,56477D3C-299D-40E7-B9AB-242983637667,SUPERFICIAL,SIX OCLOCK,PASSENGER CAR,STOPPED IN TRAFFIC LANE,West,40,No,No,2013,KIA,SORENTO,39.04877667,-77.06897667,"(39.04877667, -77.06897667)"
MCP3079001P,180065024,Montgomery County Police,Property Damage Crash,12/29/2018 03:47:00 AM,County,MIDDLEBROOK RD,RAMP 6 FR MIDDLEBROOK RD EB TO IS 270 SB,,N/A,,SINGLE VEHICLE,FOGGY,WET,DARK LIGHTS ON,N/A,ALCOHOL PRESENT,,844D579B-7CBC-4C4B-9AB1-678F7B1CC450,Yes,NO APPARENT INJURY,"N/A, WET",NOT DISTRACTED,MD,2F9CAC4A-1BA2-42C9-A87E-74C9D93A9203,DISABLING,TWELVE OCLOCK,PASSENGER CAR,MOVING CONSTANT SPEED,West,40,No,No,2013,HYUNDAI,ELANTRA,39.17416167,-77.25123167,"(39.17416167, -77.25123167)"
MCP29830002,15017110,Montgomery County Police,Property Damage Crash,04/13/2015 04:08:00 PM,Maryland (State),EAST WEST HWY,BLAIR MILL WAY,,N/A,,SAME DIRECTION SIDESWIPE,N/A,DRY,DAYLIGHT,NO CONTROLS,UNKNOWN,,353D770D-A434-4BE5-97F2-7E890A5F3DA4,Yes,NO APPARENT INJURY,N/A,UNKNOWN,MD,EDAE37BE-7740-4BFE-ADEF-AE80011AC48E,UNKNOWN,UNKNOWN,PASSENGER CAR,ACCELERATING,East,40,No,No,2015,UNKNOWN,PICK UP,38.98802667,-77.027265,"(38.98802667, -77.027265)"
MCP2829004Q,180026686,Montgomery County Police,Property Damage Crash,05/31/2018 06:54:00 AM,County,BRIGGS CHANEY RD,FAIRDALE RD,,N/A,,OTHER,FOGGY,WET,DAYLIGHT,NO CONTROLS,NONE DETECTED,,184BA4D5-5644-48BD-BEDF-DECA7EDCC68B,No,NO APPARENT INJURY,"RAIN, SNOW, WET",NOT DISTRACTED,MD,944BDF42-9D7B-4560-95AB-854BCD0B54E5,N/A,TWELVE OCLOCK,PASSENGER CAR,MOVING CONSTANT SPEED,West,35,No,No,2013,TOYT,COROLLA,39.08687667,-76.95800667,"(39.08687667, -76.95800667)"
MCP30110031,240004721,MONTGOMERY,Property Damage Crash,01/29/2024 11:00:00 PM,County Route,,,,,,Front to Rear,Clear,Dry,Dark - Lighted,Lane Use Control Signal,"Not Suspect of Alcohol Use, Not Suspect of Drug Use",,6CDA1DE7-E99F-4A2A-908F-E5DDCDDB909C,No,No Apparent Injury,Followed Too Closely,Not Distracted,MD,F3C4ABB2-ED28-4BA9-A145-A879C3DF8C1F,Functional,Eleven O Clock,Passenger Car,Moving Constant Speed,Southbound,40,No,No,2020,HYUNDAI,ELANTRA,39.1632745,-77.16623433,"(39.1632745, -77.16623433)"
MCP29540013,15052092,MONTGOMERY,Property Damage Crash,10/14/2015 08:00:00 AM,Maryland (State),PINEY BRANCH RD,GREENWOOD AVE,,N/A,,STRAIGHT MOVEMENT ANGLE,CLEAR,DRY,DAYLIGHT,TRAFFIC SIGNAL,NONE DETECTED,,87D62917-C05C-481F-BC10-F8AF3EAC764F,No,NO APPARENT INJURY,N/A,UNKNOWN,MD,CC5BD916-2B97-44D1-8618-D52780900C83,SUPERFICIAL,TWELVE OCLOCK,PASSENGER CAR,MOVING CONSTANT SPEED,North,30,No,No,2011,MAZD,4S,38.99804667,-77.00176333,"(38.99804667, -77.00176333)"
MCP2782004X,230068213,Montgomery County Police,Injury Crash,11/25/2023 03:10:00 PM,County,BEL PRE RD,PARKER FARM WAY,,N/A,,STRAIGHT MOVEMENT ANGLE,CLEAR,DRY,DAYLIGHT,TRAFFIC SIGNAL,NONE DETECTED,,5FBBD33C-5054-4E63-9D67-652D956F72AF,Yes,POSSIBLE INJURY,N/A,LOOKED BUT DID NOT SEE,MD,6CB426A5-B1AE-48D5-9625-7B058F96DF57,DISABLING,THREE OCLOCK,PASSENGER CAR,MAKING LEFT TURN,North,35,No,No,2015,AUDI,A3,39.09052204,-77.0478747,"(39.09052204, -77.0478747)"
MCP301000BP,250001250,MONTGOMERY,Property Damage Crash,01/08/2025 12:30:00 PM,County Route,SECURITY LA,,,,,Front to Rear,Clear,Dry,Daylight,Stop Sign,"Not Suspect of Alcohol Use, Not Suspect of Drug Use",,3051B273-EA05-4D02-9381-79C9E1A2F635,Yes,No Apparent Injury,,Not Distracted,MD,7F8351D0-AB68-42F2-B3FE-B351B5CEA93F,No Damage,Non-Collision,Passenger Car,Slowing or Stopping,Westbound,30,No,No,2016,FORD,TAURUS,39.04179845,-77.11314585,"(39.04179845, -77.11314585)"
MCP2977005K,190012236,Montgomery County Police,Injury Crash,03/16/2019 07:40:00 PM,County,SONATA WAY,OAK LEAF DR,,N/A,,OTHER,CLEAR,DRY,DARK LIGHTS ON,N/A,N/A,,3A4AC71F-F55B-46FD-9338-5CACEB9F9242,No,NO APPARENT INJURY,N/A,NOT DISTRACTED,MD,C6B16512-3884-459A-B0C4-0A3554701E01,FUNCTIONAL,TWELVE OCLOCK,(SPORT) UTILITY VEHICLE,SLOWING OR STOPPING,West,25,No,No,2004,TOYT,4RUNNER,39.04172167,-76.99637833,"(39.04172167, -76.99637833)"
MCP27370018,15050189,MONTGOMERY,Injury Crash,10/03/2015 09:40:00 PM,Maryland (State),GEORGIA AVE,DAMASCUS RD,,N/A,,SAME DIR REAR END,RAINING,WET,DARK -- UNKNOWN LIGHTING,TRAFFIC SIGNAL,NONE DETECTED,,DD37AA30-045C-47C6-9A6D-8FD868FDE61E,No,NO APPARENT INJURY,"RAIN, SNOW, WET",NOT DISTRACTED,MD,AAB6F37E-B890-4B99-A7B6-998E89B7412E,SUPERFICIAL,SIX OCLOCK,PASSENGER CAR,STOPPED IN TRAFFIC LANE,South,35,No,No,2002,BMW,4S,39.222085,-77.05968833,"(39.222085, -77.05968833)"
MCP2181004K,220018890,Montgomery County Police,Injury Crash,05/04/2022 06:54:00 AM,County,FATHER HURLEY BLVD,RAMP 8 FR IS270 SB TO FATHER HURLEY BLVD,,N/A,,SAME DIR REAR END,RAINING,WET,DAYLIGHT,NO CONTROLS,N/A,,77E7E2FE-A032-42BE-B66E-9AEA2281A1B7,No,NO APPARENT INJURY,"RAIN, SNOW, WET",NOT DISTRACTED,MD,23073C0B-BA1F-4A1C-9467-3B887248052F,SUPERFICIAL,SIX OCLOCK,PASSENGER CAR,SLOWING OR STOPPING,South,40,No,No,2013,HOND,ACCORD,39.19881167,-77.261465,"(39.19881167, -77.261465)"
MCP3212000S,190054443,Montgomery County Police,Property Damage Crash,11/11/2019 11:19:00 PM,Maryland (State),NEW HAMPSHIRE AVE,OAKVIEW DR,,N/A,,SAME DIRECTION RIGHT TURN,CLEAR,DRY,DARK LIGHTS ON,TRAFFIC SIGNAL,ALCOHOL PRESENT,,7C54DCE2-6E7E-47FF-94FC-35F440110059,Yes,NO APPARENT INJURY,N/A,LOOKED BUT DID NOT SEE,MD,23A1BE32-21EC-4A6B-85E4-49834FADE380,DESTROYED,TWELVE OCLOCK,PASSENGER CAR,CHANGING LANES,North,35,No,No,2017,HYUNDAI,ELANTRA,39.0156747,-76.9769631,"(39.0156747, -76.9769631)"
MCP3158003K,210036717,Montgomery County Police,Injury Crash,09/17/2021 05:35:00 PM,County,SNOUFFERS SCHOOL RD,WOODFIELD RD,,N/A,,SAME DIR REAR END,CLEAR,DRY,DAYLIGHT,NO CONTROLS,NONE DETECTED,,E4F4BF80-0897-450E-B9E4-E7E77DF7D99F,Yes,NO APPARENT INJURY,N/A,DISTRACTED BY OUTSIDE PERSON OBJECT OR EVENT,MD,72F854FC-19AF-477B-8440-27D2F90A30D5,SUPERFICIAL,SIX OCLOCK,PASSENGER CAR,SLOWING OR STOPPING,North,35,No,No,2017,NISS,4D,39.16056833,-77.16262333,"(39.16056833, -77.16262333)"
MCP2855003T,200046461,Montgomery County Police,Property Damage Crash,11/24/2020 05:00:00 PM,Maryland (State),GEORGIA AVE,FOREST GLEN RD,,N/A,,SAME DIRECTION SIDESWIPE,CLEAR,DRY,DARK LIGHTS ON,TRAFFIC SIGNAL,NONE DETECTED,,1DBA0575-D123-4DF4-B85C-A457A31E2ADE,No,NO APPARENT INJURY,N/A,NOT DISTRACTED,MD,1084D57B-3297-4184-BE09-FDA842099BCD,SUPERFICIAL,SEVEN OCLOCK,PASSENGER CAR,MOVING CONSTANT SPEED,North,35,No,No,2014,HOND,VN,39.01407733,-77.04228417,"(39.01407733, -77.04228417)"
MCP209400LR,230014993,Montgomery County Police,Injury Crash,03/28/2023 02:41:00 PM,County,WHITTIER BLVD,LENOX RD,,N/A,,ANGLE MEETS LEFT TURN,CLEAR,DRY,DAYLIGHT,STOP SIGN,NONE DETECTED,,B4AE4A69-D8CE-4711-AA53-CD05B2D67BD5,No,POSSIBLE INJURY,N/A,NOT DISTRACTED,MD,BE697A43-94DB-452A-9CD2-E25816F9138A,SUPERFICIAL,TWELVE OCLOCK,(SPORT) UTILITY VEHICLE,MOVING CONSTANT SPEED,West,25,No,No,2016,LNDR,RANG ROVER,38.97966333,-77.12458667,"(38.97966333, -77.12458667)"
MCP2888001T,220006266,Montgomery County Police,Property Damage Crash,02/13/2022 01:00:00 AM,Maryland (State),ROCKVILLE PIKE,HUBBARD DR,,N/A,,SINGLE VEHICLE,RAINING,WET,DARK LIGHTS ON,FLASHING TRAFFIC SIGNAL,N/A,,4323C506-5EA6-47CB-9835-076D35A8DEFF,Yes,NO APPARENT INJURY,N/A,UNKNOWN,,166C6A75-310A-47EC-BE34-355BBCDCA29F,FUNCTIONAL,TWO OCLOCK,PASSENGER CAR,UNKNOWN,North,40,Unknown,No,2017,HONDA,ACCORD,39.05484533,-77.11802667,"(39.05484533, -77.11802667)"
MCP2000001R,230060604,Montgomery County Police,Property Damage Crash,10/15/2023 01:34:00 AM,County,BRINK RD,TREVA CT,,N/A,,SAME DIR REAR END,RAINING,WET,DARK NO LIGHTS,NO CONTROLS,NONE DETECTED,,4B668626-7D8C-41C7-8AC8-42EF71B15E1F,No,NO APPARENT INJURY,"N/A, WET",NOT DISTRACTED,MD,0B2C3AD5-BAF4-4694-97D4-CA6DBD9661E6,FUNCTIONAL,SIX OCLOCK,PASSENGER CAR,PARKED,,40,No,Yes,2014,MITSUBISHI,LANCER,39.20752155,-77.22629679,"(39.20752155, -77.22629679)"
MCP3125003P,220029669,Montgomery County Police,Property Damage Crash,07/10/2022 09:00:00 PM,County,TRAVILAH RD,GLEN RD,,N/A,,SAME DIRECTION RIGHT TURN,CLEAR,DRY,DARK LIGHTS ON,STOP SIGN,N/A,,79E9169A-B794-45D5-9C72-F1C22EBEA53C,No,NO APPARENT INJURY,N/A,NOT DISTRACTED,MD,5C47F363-9F42-4273-9E08-640B2D9571FD,SUPERFICIAL,ELEVEN OCLOCK,PASSENGER CAR,SLOWING OR STOPPING,South,35,No,No,2021,MERZ,GLC,39.11417333,-77.23959333,"(39.11417333, -77.23959333)"
MCP33250025,230053487,Montgomery County Police,Property Damage Crash,09/06/2023 04:51:00 PM,US (State),COLUMBIA PIKE,STEWART LA,,N/A,,ANGLE MEETS LEFT TURN,CLEAR,DRY,DAYLIGHT,TRAFFIC SIGNAL,NONE DETECTED,,994B0973-8FF4-4401-B4EE-F5E4B37A881F,Unknown,NO APPARENT INJURY,N/A,NOT DISTRACTED,MD,EB313A24-78DC-4D80-ABD0-041013D9A942,SUPERFICIAL,TWELVE OCLOCK,PASSENGER CAR,MOVING CONSTANT SPEED,North,50,No,No,2018,HONDA,ODYSSEY,39.04627,-76.98684167,"(39.04627, -76.98684167)"
MCP1378012K,220048266,Montgomery County Police,Injury Crash,11/02/2022 04:56:00 PM,Interstate (State),EISENHOWER MEMORIAL HWY,RAMP 4 FR IS 270 NB TO MIDDLEBROOK RD EB,,N/A,,SAME DIR REAR END,CLOUDY,DRY,DAYLIGHT,NO CONTROLS,NONE DETECTED,,8FA1744E-6B16-4133-8052-8CAAE40EF0FF,Yes,NO APPARENT INJURY,N/A,OTHER ELECTRONIC DEVICE (NAVIGATIONAL PALM PILOT),PA,B491BB47-2098-4B07-938D-A11BF9956810,DISABLING,TWELVE OCLOCK,PASSENGER CAR,MOVING CONSTANT SPEED,North,55,No,No,2009,HONDA,CIVIC,39.17163103,-77.24441652,"(39.17163103, -77.24441652)"
MCP2311003V,180028078,Montgomery County Police,Property Damage Crash,06/07/2018 01:19:00 PM,Maryland (State),FREDERICK RD,ONEILL DR,,GAITHERSBURG,,SAME DIRECTION SIDESWIPE,CLEAR,DRY,DAYLIGHT,N/A,N/A,,7FCB0D6B-FF25-4FBB-BBBF-DD56865071A3,No,NO APPARENT INJURY,N/A,NOT DISTRACTED,MD,F20016EE-589E-4072-B4A8-FDB764BF1490,FUNCTIONAL,ELEVEN OCLOCK,PASSENGER CAR,MOVING CONSTANT SPEED,South,35,No,No,2014,SCIO,XD,39.123175,-77.17923333,"(39.123175, -77.17923333)"
MCP2251002F,230055677,Montgomery County Police,Property Damage Crash,09/19/2023 07:41:00 AM,Interstate (State),EISENHOWER MEMORIAL HWY,EXIT #4,,N/A,,SAME DIRECTION SIDESWIPE,CLEAR,DRY,DAYLIGHT,N/A,N/A,,81ADF6D8-BEBE-409E-9209-F41AF66314A6,Yes,NO APPARENT INJURY,N/A,NOT DISTRACTED,MD,5640346A-5358-403C-9855-3E47AE832FE4,FUNCTIONAL,ONE OCLOCK,PASSENGER CAR,CHANGING LANES,South,55,No,No,2023,HONDA,HR-V,39.08304333,-77.17277833,"(39.08304333, -77.17277833)"
MCP2989000V,180022214,Montgomery County Police,Property Damage Crash,05/06/2018 04:17:00 AM,County,OAKVIEW DR,ROAD END,,N/A,,OPPOSITE DIRECTION SIDESWIPE,CLEAR,N/A,DARK -- UNKNOWN LIGHTING,NO CONTROLS,ALCOHOL CONTRIBUTED,,67DB7140-CE3A-4B87-AFFC-A208FC15AD1C,Yes,NO APPARENT INJURY,N/A,OTHER DISTRACTION,MD,843C8B3D-4160-45F3-8DA0-978A81164119,DISABLING,TWELVE OCLOCK,PASSENGER CAR,MOVING CONSTANT SPEED,East,25,No,No,2017,TOYT,CAROLLA,39.01612029,-76.99008867,"(39.01612029, -76.99008867)"
MCP2001000Q,170506014,Montgomery County Police,Fatal Crash,05/05/2017 08:15:00 AM,Maryland (State),GEORGIA AVE,REGINA DR,,N/A,,STRAIGHT MOVEMENT ANGLE,RAINING,WET,DAYLIGHT,STOP SIGN,N/A,,6C19AADB-638B-4281-A8A2-C79AC7E23F5A,Unknown,POSSIBLE INJURY,"RAIN, SNOW, WET",UNKNOWN,MD,76EF1F8F-BF4E-4C52-9687-C8AE3DF9BC96,SUPERFICIAL,TWELVE OCLOCK,PASSENGER CAR,UNKNOWN,North,45,No,No,2005,HONDA,ACCORD,39.07398731,-77.06641965,"(39.07398731, -77.06641965)"
MCP2904007Y,210033006,Montgomery County Police,Property Damage Crash,08/24/2021 11:00:00 AM,Interstate (State),CAPITAL BELTWAY,CONNECTICUT AVE,,N/A,,OTHER,CLEAR,DRY,DAYLIGHT,NO CONTROLS,NONE DETECTED,,48281CBA-65E0-42B9-983D-C8E4A0DF55FB,Yes,NO APPARENT INJURY,N/A,UNKNOWN,MD,773EC7AD-16B8-47B8-9557-EF394D1B0150,FUNCTIONAL,FOUR OCLOCK,PASSENGER CAR,CHANGING LANES,West,55,No,No,2019,TOYOTA,YARIS,39.01419,-77.05684667,"(39.01419, -77.05684667)"
MCP3034001D,170546320,Montgomery County Police,Injury Crash,12/03/2017 01:05:00 AM,US (State),COLUMBIA PIKE,TECH RD,,N/A,,SAME DIR REAR END,CLEAR,DRY,DARK LIGHTS ON,TRAFFIC SIGNAL,UNKNOWN,,7DCB8D46-75A5-4574-AAFC-BFF6AD1FDA5F,Yes,NO APPARENT INJURY,N/A,UNKNOWN,,EA773CDA-FC84-4A1B-B015-FFBA9ACF3D37,UNKNOWN,TWELVE OCLOCK,,MOVING CONSTANT SPEED,North,50,No,No,0,UNKNOWN,UNKNOWN,39.05757167,-76.96869333,"(39.05757167, -76.96869333)"
MCP1210004W,210035471,Montgomery County Police,Injury Crash,09/09/2021 03:32:00 PM,Municipality,SKIDMORE BLVD,SWATHMORE AVE,,GAITHERSBURG,,HEAD ON,CLEAR,DRY,DAYLIGHT,N/A,NONE DETECTED,,B4EA7DFB-9D9D-4F30-9184-1009F076D825,Yes,POSSIBLE INJURY,N/A,UNKNOWN,MD,D550A92B-B500-4E54-B41C-39C82864D60A,FUNCTIONAL,TWELVE OCLOCK,PASSENGER CAR,MOVING CONSTANT SPEED,North,25,No,No,2017,HYUNDAI,ACCENT,39.12703167,-77.18013833,"(39.12703167, -77.18013833)"
EJ7836000C,16046308,Gaithersburg Police Depar,Property Damage Crash,09/09/2016 09:40:00 PM,Maryland (State),W DIAMOND AVE,QUINCE ORCHARD RD,,N/A,,SAME DIR REAR END,N/A,DRY,DARK LIGHTS ON,WARNING SIGN,N/A,,3AA4A165-20DB-4E99-8DE8-51CB0A276288,No,NO APPARENT INJURY,N/A,NOT DISTRACTED,MD,09FBB862-A564-4E72-A91C-5300CE9A8074,SUPERFICIAL,SIX OCLOCK,PASSENGER CAR,STOPPED IN TRAFFIC LANE,East,35,No,No,2015,HONDA,ACCORD,39.14283833,-77.219805,"(39.14283833, -77.219805)"
MCP2783001B,17015176,Montgomery County Police,Property Damage Crash,04/09/2017 09:56:00 AM,County,BONIFANT RD,MORTON HALL RD,,N/A,,SINGLE VEHICLE,N/A,DRY,DARK LIGHTS ON,NO CONTROLS,ALCOHOL PRESENT,,8D32EFB6-F08A-492D-98B1-BA0F920666D5,Yes,NO APPARENT INJURY,N/A,UNKNOWN,MD,07AC2623-B9DC-4046-AD1B-8AE8CAC4C411,DISABLING,TWELVE OCLOCK,"OTHER LIGHT TRUCKS (10,000LBS (4,536KG) OR LESS)",MOVING CONSTANT SPEED,West,35,No,No,1992,TOYOTA,TACOMA,39.093715,-77.03864,"(39.093715, -77.03864)"
MCP3105001W,190013430,Montgomery County Police,Property Damage Crash,03/23/2019 02:56:00 PM,Maryland (State),GERMANTOWN RD,AIRCRAFT DR,,N/A,,SAME DIR REAR END,CLEAR,DRY,DAYLIGHT,TRAFFIC SIGNAL,NONE DETECTED,,B8AC300F-931F-4E08-9DE4-2D61F62D8F65,No,NO APPARENT INJURY,N/A,NOT DISTRACTED,MD,8A7A8C98-0B0A-4346-A0F9-3B07F9909A5F,FUNCTIONAL,SIX OCLOCK,PASSENGER CAR,SLOWING OR STOPPING,North,40,No,No,2003,HONDA,ODYSSEY,39.1818045,-77.26063283,"(39.1818045, -77.26063283)"
MCP2786003C,200049519,Montgomery County Police,Property Damage Crash,12/16/2020 12:44:00 PM,County,FAIRDALE RD,BRIGGS CHANEY RD,,N/A,,STRAIGHT MOVEMENT ANGLE,SNOW,SNOW,DAYLIGHT,TRAFFIC SIGNAL,NONE DETECTED,,C1C0B4F8-01AC-4193-AB93-9C15ED45701B,Yes,NO APPARENT INJURY,"ICY OR SNOW-COVERED, RAIN, SNOW",UNKNOWN,MD,64B0975B-0B0F-4474-94A9-C7BFBF086A6C,NO DAMAGE,TWELVE OCLOCK,"OTHER LIGHT TRUCKS (10,000LBS (4,536KG) OR LESS)",SKIDDING,West,30,No,No,2008,STER,TK,39.08703833,-76.95862,"(39.08703833, -76.95862)"
MCP2150000R,230015403,Montgomery County Police,Property Damage Crash,03/30/2023 06:35:00 PM,US (State),COLESVILLE RD,FENTON ST,,N/A,,SAME DIRECTION RIGHT TURN,N/A,DRY,DAYLIGHT,N/A,NONE DETECTED,,3F8EB2E3-5716-4F64-8B81-7C81D69D63CA,Unknown,NO APPARENT INJURY,N/A,NOT DISTRACTED,MD,75F0A0D4-4392-458D-AB4C-BE2FED385AF8,FUNCTIONAL,SEVEN OCLOCK,PASSENGER CAR,CHANGING LANES,North,25,No,No,2023,HYUN,UT,38.99725667,-77.02729783,"(38.99725667, -77.02729783)"
DD5628003N,210003681,Rockville Police Departme,Property Damage Crash,01/29/2021 10:58:00 AM,Municipality,SEVEN LOCKS RD,FORTUNE TERR,,ROCKVILLE,,HEAD ON LEFT TURN,CLEAR,DRY,DAYLIGHT,TRAFFIC SIGNAL,NONE DETECTED,,58AE640E-A621-4DE2-9E3F-7F5334755C03,Yes,NO APPARENT INJURY,N/A,NOT DISTRACTED,VA,60460F67-1AC0-46F4-8091-3C4E014F5102,DISABLING,FIVE OCLOCK,PASSENGER CAR,MAKING LEFT TURN,East,35,No,No,2016,NISSAN,SENTRA,39.06254016,-77.16075233,"(39.06254016, -77.16075233)"
MCP31450050,240040588,MONTGOMERY,Injury Crash,08/27/2024 04:45:00 PM,Maryland (State) Route,UNIVERSITY BLVD W,,,,,Front to Rear,Clear,Dry,Daylight,No Controls,"Unknown, Unknown",,81007D46-C6ED-4A80-BEDD-5CF65E2D9CB4,No,,,,,3B8C92E6-AE65-4762-BEC0-415FEE414558,Disabling,Eleven O Clock,Pickup,Changing Lanes,Eastbound,35,No,No,2004,CHEVROLET,SILVERADO,39.02198839,-77.01544043,"(39.02198839, -77.01544043)"