Report Number,Local Case Number,Agency Name,ACRS Report Type,Crash Date/Time,Route Type,Road Name,Cross-Street Name,Off-Road Description,Municipality,Related Non-Motorist,Collision Type,Weather,Surface Condition,Light,Traffic Control,Driver Substance Abuse,Non-Motorist Substance Abuse,Person ID,Driver At Fault,Injury Severity,Circumstance,Driver Distracted By,Drivers License State,Vehicle ID,Vehicle Damage Extent,Vehicle First Impact Location,Vehicle Body Type,Vehicle Movement,Vehicle Going Dir,Speed Limit,Driverless Vehicle,Parked Vehicle,Vehicle Year,Vehicle Make,Vehicle Model,Latitude,Longitude,Location
EJ78700031,200047553,Gaithersburg Police Depar,Property Damage Crash,12/02/2020 06:20:00 PM,Municipality,PHEASANT RUN DR,CHERRYWOOD DR,,GAITHERSBURG,,HEAD ON,CLEAR,DRY,DARK LIGHTS ON,NO CONTROLS,COMBINED SUBSTANCE PRESENT,,FE318C20-78BC-477B-A350-79E52446EB59,Yes,NO APPARENT INJURY,N/A,UNKNOWN,MD,19707C4B-52AE-49AC-9699-8FA7A6CDFE37,DISABLING,TWELVE OCLOCK,PASSENGER CAR,LEAVING TRAFFIC LANE,West,25,No,No,2008,HONDA,CIVIC,39.14432805,-77.23628197,"(39.14432805, -77.23628197)"
MCP2857002Q,190024108,Montgomery County Police,Property Damage Crash,05/21/2019 03:41:00 PM,Maryland (State),MUNCASTER MILL RD,MILLER FALL RD,,N/A,,SAME DIR REAR END,CLEAR,DRY,DAYLIGHT,N/A,UNKNOWN,,2C833E0E-216E-47B0-8643-8077E2B9A6EF,Yes,NO APPARENT INJURY,N/A,NO DRIVER PRESENT,,1CB29437-BCD0-4C38-80C7-66932EE7756E,FUNCTIONAL,TWELVE OCLOCK,PASSENGER CAR,MOVING CONSTANT SPEED,East,35,No,No,2007,HONDA,ACCORD,39.15254333,-77.151735,"(39.15254333, -77.151735)"
MCP2800001R,15010364,Montgomery County Police,Property Damage Crash,03/05/2015 06:54:00 PM,County,MOHICAN RD,DAHLONEGA RD,,N/A,,OTHER,SNOW,ICE,DARK LIGHTS ON,NO CONTROLS,NONE DETECTED,,81D34F50-87FA-4CE8-8D3D-781BBC897E40,Yes,NO APPARENT INJURY,"ICY OR SNOW-COVERED, SLEET, HAIL, FREEZ. RAIN",LOOKED BUT DID NOT SEE,MD,B76E0124-C683-4D33-8D9B-D07EABB065C0,NO DAMAGE,SIX OCLOCK,POLICE VEHICLE/EMERGENCY,STARTING FROM PARKED,South,5,No,No,2014,FORD,SUV,38.96315833,-77.13046333,"(38.96315833, -77.13046333)"
DD55380056,250013981,ROCKVILLE,Property Damage Crash,03/31/2025 11:35:00 AM,Maryland (State) Route,VEIRS MILL RD,,,,,Angle,Clear,Dry,Daylight,No Controls,"Not Suspect of Alcohol Use, Not Suspect of Drug Use",,9484447D-6D8D-4758-8669-5B8155C6621E,No,No Apparent Injury,,Not Distracted,MD,6C3C4A08-B4FC-4496-BE82-E58D24B92246,Functional,Four O Clock,Passenger Car,Moving Constant Speed,Eastbound,35,No,No,2019,CHEVROLET,EXPRESS,39.07450953,-77.11443378,"(39.07450953, -77.11443378)"
MCP27650026,16021175,Montgomery County Police,Property Damage Crash,04/29/2016 06:50:00 PM,Maryland (State),FALLS RD,FALLS CHAPEL WAY,,N/A,,SAME DIRECTION RIGHT TURN,CLOUDY,WET,DAYLIGHT,TRAFFIC SIGNAL,NONE DETECTED,,3F7A0FA8-82ED-4238-A172-1DF5ADF8B272,No,NO APPARENT INJURY,"N/A, WET",NOT DISTRACTED,MD,9AEE2F8D-D9B1-44E9-8910-B62747233189,FUNCTIONAL,TEN OCLOCK,PASSENGER CAR,MOVING CONSTANT SPEED,South,30,No,No,2013,MAZD,3,39.06281547,-77.17655182,"(39.06281547, -77.17655182)"
MCP2666005K,210044794,Montgomery County Police,Injury Crash,11/05/2021 10:50:00 AM,Maryland (State),UNIVERSITY BLVD E,PINEY BRANCH RD,,N/A,,SAME DIRECTION SIDESWIPE,CLEAR,DRY,DAYLIGHT,NO CONTROLS,UNKNOWN,,1B0AAD72-6FAA-4B31-8474-69D50ABDFC69,No,NO APPARENT INJURY,N/A,NOT DISTRACTED,MD,AFB9EC60-6A84-47E9-A7EC-0BF7D197C957,FUNCTIONAL,ELEVEN OCLOCK,PASSENGER CAR,MOVING CONSTANT SPEED,East,35,No,No,2008,ACURA,TSX,39.00017533,-76.99594683,"(39.00017533, -76.99594683)"
MCP28920083,200008379,Montgomery County Police,Property Damage Crash,02/19/2020 08:31:00 PM,Maryland (State),16TH ST,EAST WEST HWY,,N/A,PEDESTRIAN,HEAD ON LEFT TURN,CLEAR,DRY,DARK LIGHTS ON,TRAFFIC SIGNAL,NONE DETECTED,NONE DETECTED,D99658FD-15EB-43F9-8BC4-8622572252A4,No,NO APPARENT INJURY,N/A,NOT DISTRACTED,MD,25622D13-0580-49B0-8644-7F14A3592CF6,DISABLING,TWELVE OCLOCK,PASSENGER CAR,ACCELERATING,West,35,No,No,2009,SUBA,SW,38.99472167,-77.036325,"(38.99472167, -77.036325)"
MCP3069003C,210002329,Montgomery County Police,Property Damage Crash,01/19/2021 12:19:00 PM,Maryland (State),UNIVERSITY BLVD W,PERRY AVE,,KENSINGTON,,OPPOSITE DIRECTION SIDESWIPE,CLEAR,DRY,DAYLIGHT,STOP SIGN,NONE DETECTED,,CEE12287-340B-4791-96C3-C8CD1B3D202D,No,NO APPARENT INJURY,N/A,NOT DISTRACTED,MD,0FC1E02E-4C3D-4B3F-927C-76B57492C28C,DISABLING,EIGHT OCLOCK,PASSENGER CAR,MAKING LEFT TURN,North,35,No,No,2016,VOLK,PASSAT SE,39.03289928,-77.07375884,"(39.03289928, -77.07375884)"
MCP3211002Q,220027963,Montgomery County Police,Property Damage Crash,06/29/2022 02:00:00 PM,Maryland (State),OLD GEORGETOWN RD,ENT TO BUSINESS,,N/A,,HEAD ON LEFT TURN,CLEAR,DRY,DAYLIGHT,NO CONTROLS,NONE DETECTED,,840857D4-8827-40E4-8947-65B7A96805EA,Yes,NO APPARENT INJURY,N/A,NOT DISTRACTED,DC,C1978E72-59FA-4937-A963-77035057383C,SUPERFICIAL,TWELVE OCLOCK,PASSENGER CAR,MOVING CONSTANT SPEED,West,10,No,No,2020,TOYOTA,HIGHLANDER,39.04947152,-77.11595712,"(39.04947152, -77.11595712)"
MCP2766001W,15054856,MONTGOMERY,Injury Crash,10/28/2015 07:09:00 PM,Maryland (State),GEORGIA AVE,HEWITT AVE,,N/A,,SAME DIRECTION SIDESWIPE,RAINING,WET,DARK LIGHTS ON,N/A,NONE DETECTED,,4505FE08-9F95-4CBD-979A-A0CF81C54162,Yes,NO APPARENT INJURY,"N/A, RAIN, SNOW",LOOKED BUT DID NOT SEE,MD,935592C0-CDC6-4AE3-8EF2-F302B6E0669E,FUNCTIONAL,TEN OCLOCK,PASSENGER CAR,MOVING CONSTANT SPEED,South,45,No,No,2005,NISSAN,ALTIMA,39.077655,-77.07120667,"(39.077655, -77.07120667)"
MCP31970032,220032059,Montgomery County Police,Property Damage Crash,07/25/2022 05:27:00 PM,Maryland (State),LAYHILL RD,MARYMONT RD,,N/A,,SAME DIR REAR END,CLEAR,WET,DAYLIGHT,NO CONTROLS,NONE DETECTED,,650B2A53-2B17-447F-BE8D-BA5A8191FA2C,No,NO APPARENT INJURY,"N/A, WET",NOT DISTRACTED,MD,6F7AE30C-9F73-4202-AFFA-A86518CF2F61,SUPERFICIAL,ELEVEN OCLOCK,PASSENGER CAR,PARKED,,0,No,Yes,2015,VOLKS,GOLF,39.11047167,-77.037065,"(39.11047167, -77.037065)"
MCP2181004L,220019281,Montgomery County Police,Fatal Crash,05/06/2022 11:21:00 AM,County,ROCKLEDGE DR,DEMOCRACY BLVD,,N/A,PEDESTRIAN,OTHER,RAINING,WET,DAYLIGHT,N/A,N/A,NONE DETECTED,C0C6039F-0C1A-4D23-AAC9-F693E548B64A,No,NO APPARENT INJURY,"RAIN, SNOW, WET",NOT DISTRACTED,DC,657D2CF4-8EA9-4716-93E8-0FEC9F3DAAF8,FUNCTIONAL,TWELVE OCLOCK,PASSENGER CAR,MOVING CONSTANT SPEED,South,30,No,No,2005,HONDA,ACCORD,39.02436333,-77.13263667,"(39.02436333, -77.13263667)"
MCP3143002J,210005801,Montgomery County Police,Property Damage Crash,02/09/2021 08:39:00 AM,,,,11564 ROCKVILE PIKE ROCKVILLE MD 20852 (MCDONALDS PARKING LOT MCDONALDS),,,SINGLE VEHICLE,CLEAR,,DAYLIGHT,NO CONTROLS,NONE DETECTED,,4CA82A06-BA18-425A-87F3-FE8C9C97E53A,Yes,NO APPARENT INJURY,N/A,LOOKED BUT DID NOT SEE,MD,D016E82D-DC36-4329-85FE-9B11853EE315,DISABLING,TWELVE OCLOCK,PASSENGER CAR,STARTING FROM PARKED,North,10,No,No,2021,MAZDA,3,39.04689833,-77.11338833,"(39.04689833, -77.11338833)"
MCP292300BK,240003966,MONTGOMERY,Property Damage Crash,01/25/2024 04:09:00 PM,County Route,,CONNECTICUT AVE (SB/L),,,,Front to Front,Rain,Wet,Daylight,Traffic Control Signal,"Not Suspect of Alcohol Use, Not Suspect of Drug Use",,1A445E0A-6CA3-48FA-9B40-94019357A126,No,No Apparent Injury,,Not Distracted,MD,6703FFCA-CE8D-417A-A1D3-DAFBC88F08AC,Disabling,Eleven O Clock,Passenger Car,Turning Left,Southbound,30,No,No,2011,HYUNDAI,SONATA,39.09191836,-77.07039337,"(39.09191836, -77.07039337)"
MCP30750027,190016600,Montgomery County Police,Property Damage Crash,04/09/2019 10:40:00 PM,Unknown,PARTRIDGE WOOD DR,WISTERIA DR,,N/A,,OTHER,CLEAR,DRY,DARK LIGHTS ON,N/A,NONE DETECTED,,7ED8131E-1236-4502-AC7D-B8E4660EFBC5,No,NO APPARENT INJURY,N/A,NOT DISTRACTED,MD,CEB1C191-C7B3-4442-8EDF-FA24F3492877,FUNCTIONAL,ELEVEN OCLOCK,PICKUP TRUCK,PARKED,,5,No,Yes,2007,CHEV,SILVERADO,39.16753833,-77.25722167,"(39.16753833, -77.25722167)"
MCP2965001P,17012585,Montgomery County Police,Injury Crash,03/10/2017 08:44:00 AM,Maryland (State),GEORGIA AVE,DAMASCUS RD,,N/A,,SAME DIR REAR END,SNOW,WET,DAYLIGHT,NO CONTROLS,NONE DETECTED,,1F021698-2A42-483B-AC46-0938EDD534E8,Yes,NO APPARENT INJURY,"ICY OR SNOW-COVERED, SLEET, HAIL, FREEZ. RAIN",NOT DISTRACTED,MD,44B16877-79C1-46D6-B0BB-06A058AB1603,FUNCTIONAL,TWELVE OCLOCK,PICKUP TRUCK,SLOWING OR STOPPING,South,45,No,No,2016,CHEVROLET,SILVERADO,39.22208251,-77.05971614,"(39.22208251, -77.05971614)"
MCP2008001G,15057569,MONTGOMERY,Injury Crash,11/11/2015 03:53:00 PM,,,,Parking lot of 7103 Democracy Blvd (Sears-Montgomery Mall),,PEDESTRIAN,OTHER,CLEAR,,DAYLIGHT,N/A,NONE DETECTED,NONE DETECTED,76D636BD-AEF9-4C50-B266-A64B82BBAFC0,Yes,NO APPARENT INJURY,N/A,LOOKED BUT DID NOT SEE,MD,D01CD4F5-83CE-45A2-8AFB-3805C2AB5675,NO DAMAGE,TEN OCLOCK,PASSENGER CAR,MAKING LEFT TURN,South,0,No,No,2016,HYUN,ELATRA,39.02492669,-77.14436531,"(39.02492669, -77.14436531)"
MCP2639005Q,190002831,Montgomery County Police,Property Damage Crash,01/18/2019 11:01:00 AM,County,RANDOLPH RD,DEWEY RD,,N/A,,SAME DIRECTION SIDESWIPE,CLOUDY,WET,DAYLIGHT,TRAFFIC SIGNAL,NONE DETECTED,,8AEA596D-D5F8-4C43-AF9D-020EB53E8248,No,NO APPARENT INJURY,"N/A, WET",NOT DISTRACTED,MD,C8C5F97E-B31D-456A-96A7-3ECC29559C62,SUPERFICIAL,TWO OCLOCK,SCHOOL BUS,MAKING LEFT TURN,West,35,No,No,2018,THOMAS,SCHOOL BUS,39.053245,-77.08958667,"(39.053245, -77.08958667)"
MCP27360043,16062148,Montgomery County Police,Property Damage Crash,12/03/2016 07:10:00 PM,Maryland (State),RIVER RD,BEECH TREE RD,,N/A,,SAME DIR REAR END,CLEAR,DRY,DARK LIGHTS ON,TRAFFIC SIGNAL,NONE DETECTED,,9E99EC9D-2CA1-487B-9512-628F2327065A,No,NO APPARENT INJURY,N/A,NOT DISTRACTED,MD,11DCACD1-B731-4573-8C0E-283E91CF61E6,FUNCTIONAL,SIX OCLOCK,PASSENGER CAR,SLOWING OR STOPPING,West,45,No,No,2015,TOYT,TK,38.98593167,-77.142655,"(38.98593167, -77.142655)"
MCP29020052,210023603,Montgomery County Police,Injury Crash,06/20/2021 12:52:00 PM,County,PLUMMER DR,FREDERICK RD,,N/A,,SAME DIR REAR END,CLEAR,DRY,DAYLIGHT,NO CONTROLS,N/A,,527387F9-EA59-418C-9E70-6CD34EDA6992,No,POSSIBLE INJURY,N/A,NOT DISTRACTED,MD,2485F3A2-5F37-4A62-B9C8-8276017AF9ED,DISABLING,SIX OCLOCK,PASSENGER CAR,SLOWING OR STOPPING,North,45,No,No,2019,TOYOTA,CAMRY,39.170315,-77.23509,"(39.170315, -77.23509)"
MCP3005006V,220041321,Montgomery County Police,Property Damage Crash,09/22/2022 02:55:00 PM,,,,PARKING LOT OF 11252 GEORGIA AVE,,,STRAIGHT MOVEMENT ANGLE,CLEAR,,DAYLIGHT,NO CONTROLS,NONE DETECTED,,FE636213-FDCE-43F8-B604-08D1D99F1745,Yes,NO APPARENT INJURY,N/A,LOOKED BUT DID NOT SEE,XX,1E035E63-AF99-4862-8F52-8E3B441E4FE0,FUNCTIONAL,SIX OCLOCK,PASSENGER CAR,BACKING,East,10,No,No,2004,CHEV,PV,39.03974333,-77.05133167,"(39.03974333, -77.05133167)"
MCP271700VR,210029304,Montgomery County Police,Injury Crash,07/28/2021 05:35:00 PM,Maryland (State),FREDERICK RD,LITTLE BENNETT DR,,N/A,,SAME DIR REAR END,CLEAR,DRY,DAYLIGHT,NO CONTROLS,NONE DETECTED,,492D12EC-37A8-4CD6-A6A7-2616D5E679D1,No,NO APPARENT INJURY,N/A,NOT DISTRACTED,MD,5A5E32F8-C816-490B-909C-BF1FED1EE30F,DISABLING,SIX OCLOCK,PASSENGER CAR,SLOWING OR STOPPING,North,40,No,No,2014,HONDA,CIVIC,39.2597045,-77.30245533,"(39.2597045, -77.30245533)"
MCP31430037,20013091,Montgomery County Police,Injury Crash,03/27/2022 07:48:00 AM,Maryland (State),ROCKVILLE PIKE,GROSVENOR LA,,N/A,,STRAIGHT MOVEMENT ANGLE,CLEAR,DRY,DAYLIGHT,TRAFFIC SIGNAL,NONE DETECTED,,F42AB40B-9670-4E28-8C37-270DEDCBDF7B,Yes,POSSIBLE INJURY,N/A,UNKNOWN,DC,DA742459-3E40-46CA-B383-04D85E7919E1,DISABLING,TWELVE OCLOCK,PASSENGER CAR,MOVING CONSTANT SPEED,South,45,No,No,2020,HONDA,CIVIC,39.02244167,-77.10310833,"(39.02244167, -77.10310833)"
MCP25070018,16020193,Montgomery County Police,Injury Crash,04/24/2016 03:30:00 PM,Maryland (State),NEW HAMPSHIRE AVE,HEARTFIELDS DR,,N/A,,STRAIGHT MOVEMENT ANGLE,CLEAR,DRY,DAYLIGHT,TRAFFIC SIGNAL,N/A,,1712DE54-CF9B-4517-A5E2-C88C65929EFD,No,POSSIBLE INJURY,N/A,NOT DISTRACTED,MD,BDB07170-2CA3-4EAC-B036-6CA841CB8747,DISABLING,TWELVE OCLOCK,PASSENGER CAR,STARTING FROM LANE,South,40,No,No,2010,TOYT,SD,39.04778,-76.99279667,"(39.04778, -76.99279667)"
MCP28590063,180060820,Montgomery County Police,Injury Crash,12/05/2018 01:30:00 PM,Maryland (State),FREDERICK RD,ONEILL DR,,GAITHERSBURG,,SAME DIR REAR END,CLEAR,DRY,DAYLIGHT,TRAFFIC SIGNAL,NONE DETECTED,,AB16EBFE-32E0-4212-976B-A7BCDEF9B2E4,No,NO APPARENT INJURY,N/A,NOT DISTRACTED,MD,CE13C602-B784-49AE-818C-362CF7763175,DISABLING,SIX OCLOCK,PASSENGER CAR,STOPPED IN TRAFFIC LANE,South,35,No,No,2018,TOYT,COROLLA,39.124255,-77.18032833,"(39.124255, -77.18032833)"
MCP3091000Q,180021680,Montgomery County Police,Property Damage Crash,05/03/2018 09:04:00 AM,Maryland (State),W JEFFERSON ST,S ADAMS ST,,ROCKVILLE,,SAME DIR REAR END,CLEAR,DRY,DAYLIGHT,N/A,N/A,,8AA3FDCF-758D-4B0D-B27F-5A14B6218F34,No,NO APPARENT INJURY,N/A,NOT DISTRACTED,FL,ED41194E-29C5-4D18-A09F-D4577C792EF0,SUPERFICIAL,SIX OCLOCK,PASSENGER CAR,STOPPED IN TRAFFIC LANE,West,30,No,No,2006,CHEVY,COBALT,39.08314167,-77.15550833,"(39.08314167, -77.15550833)"
MCP3002003C,190010472,Montgomery County Police,Property Damage Crash,03/06/2019 03:07:00 PM,Maryland (State),BRADLEY BLVD,BEGIN BRIDGE,,N/A,,SAME DIR REAR END,CLEAR,DRY,DAYLIGHT,NO CONTROLS,NONE DETECTED,,47141FB7-D6FF-450C-ACE8-FDFAAE65DB65,Yes,NO APPARENT INJURY,N/A,INATTENTIVE OR LOST IN THOUGHT,MD,9D57CCBC-B005-44EB-8AE6-AB72133E4057,DISABLING,TWELVE OCLOCK,VAN,MOVING CONSTANT SPEED,South,35,No,No,2015,HONDA,ODYSSEY,39.0114515,-77.15501867,"(39.0114515, -77.15501867)"
MCP2244000V,16007290,Montgomery County Police,Property Damage Crash,02/12/2016 03:44:00 PM,County,LOCKWOOD DR,MEADOWHILL RD,,N/A,,SAME DIRECTION SIDESWIPE,CLEAR,DRY,DAYLIGHT,OTHER,NONE DETECTED,,7A68114C-2A64-49A3-BBE3-63AA084EEA69,Yes,NO APPARENT INJURY,N/A,NOT DISTRACTED,MD,364F8909-81EE-43E6-893A-13E2B6BC970A,FUNCTIONAL,TWO OCLOCK,PASSENGER CAR,PASSING,North,30,No,No,2011,HYUNDAI,4S SONATA,39.03417161,-76.99965477,"(39.03417161, -76.99965477)"
MCP3201000S,190054891,Montgomery County Police,Injury Crash,11/14/2019 02:23:00 PM,Maryland (State),GREAT SENECA HWY,DAWSON FARM RD,,N/A,,SAME DIR REAR END,CLEAR,DRY,DAYLIGHT,TRAFFIC SIGNAL,N/A,,EEADA7CF-3EAA-433D-8DD9-BFBA596CEDEA,Yes,NO APPARENT INJURY,N/A,NOT DISTRACTED,MD,85A2935C-12A6-4EAF-A98B-275E8712F1B7,FUNCTIONAL,SIX OCLOCK,PASSENGER CAR,MAKING RIGHT TURN,East,50,No,No,2016,HONDA,CRV,39.16658206,-77.27103478,"(39.16658206, -77.27103478)"
MCP1099002T,190039755,Montgomery County Police,Injury Crash,08/20/2019 10:12:00 AM,County,RICKENBACKER DR,WOODFIELD RD,,N/A,,HEAD ON LEFT TURN,CLEAR,DRY,DAYLIGHT,NO CONTROLS,N/A,,4FF1FD74-3E7B-41BB-8E13-38ED3B326971,Yes,POSSIBLE INJURY,N/A,LOOKED BUT DID NOT SEE,MD,A7446E52-EEEE-4AF8-A5C3-70FA38C3392E,DISABLING,TWELVE OCLOCK,PASSENGER CAR,MAKING LEFT TURN,North,30,No,No,2017,NISS,4H,39.17306022,-77.15449658,"(39.17306022, -77.15449658)"
MCP29910022,170541793,Montgomery County Police,Property Damage Crash,11/09/2017 08:00:00 AM,County,RIGGS RD,GREGG RD,,N/A,,OTHER,RAINING,WET,DAYLIGHT,NO CONTROLS,NONE DETECTED,,E4D05552-E20C-45A3-82A2-C9457C1B700F,No,NO APPARENT INJURY,N/A,NOT DISTRACTED,MD,D2791F6E-EF7A-4E4A-B04C-222026CB0547,NO DAMAGE,TEN OCLOCK,OTHER,PARKED,,0,No,Yes,2016,RAM,TRUCK,39.20537833,-77.088815,"(39.20537833, -77.088815)"
MCP3389000P,240056480,MONTGOMERY,Injury Crash,11/25/2024 01:43:00 AM,US (State),COLESVILLE RD (SB/L),UNIVERSITY BLVD W,,,,Rear To Side,Clear,Dry,Dark - Lighted,Traffic Control Signal,"Not Suspect of Alcohol Use, Not Suspect of Drug Use",,90E63C69-7546-4962-B86F-AD332D093D8D,No,No Apparent Injury,,Not Distracted,VA,FD81E143-F683-416F-8719-2B1025BF4AA4,Disabling,Four O Clock,Sport Utility Vehicle,Accelerating,Southbound,35,No,No,2019,ISUZU,NPR/NPR-HD,39.01982937,-77.01334206,"(39.01982937, -77.01334206)"
MCP32250051,240051535,MONTGOMERY,Property Damage Crash,10/27/2024 07:45:00 PM,Maryland (State) Route,VEIRS MILL RD,,,,,Front to Rear,Clear,Dry,Dark - Lighted,No Controls,"Not Suspect of Alcohol Use, Not Suspect of Drug Use",,38DA7545-8F5C-4816-A353-90FAC92540D2,No,No Apparent Injury,,Not Distracted,MD,3600F919-E9D3-4D83-85A0-D763B514AE7B,Functional,Six O Clock,Passenger Car,Slowing or Stopping,Southbound,35,No,No,2022,TOYOTA,COROLLA,39.05653558,-77.0833334,"(39.05653558, -77.0833334)"
MCP3103000B,180013556,Montgomery County Police,Property Damage Crash,03/18/2018 05:45:00 PM,County,CENTURY BLVD,CRYSTAL ROCK DR,,N/A,,SAME DIR REAR END,CLEAR,DRY,DAYLIGHT,TRAFFIC SIGNAL,NONE DETECTED,,54227576-BB68-417B-A3F3-C7B9B963E0F6,Yes,NO APPARENT INJURY,N/A,UNKNOWN,MD,6DB37529-0CA4-4DB2-ACCE-EAAF98502BCB,SUPERFICIAL,SIX OCLOCK,PASSENGER CAR,BACKING,West,25,No,No,2013,NISSAN,ULTIMA,39.1827928,-77.26397038,"(39.1827928, -77.26397038)"
MCP2559000L,16007524,Montgomery County Police,Injury Crash,02/14/2016 06:25:00 AM,US (State),COLUMBIA PIKE,RAMP 6 FR US 29 EB TO MD 650 SB,,N/A,,OTHER,CLEAR,DRY,DUSK,NO CONTROLS,UNKNOWN,,EB70934A-2549-446E-BC04-88A1404467B3,Yes,SUSPECTED SERIOUS INJURY,N/A,OTHER DISTRACTION,DC,5041E2AD-1734-4C6B-9934-CDF99509D2B9,DISABLING,TWELVE OCLOCK,PASSENGER CAR,MOVING CONSTANT SPEED,South,45,No,No,2007,TOYOTA,YARIS,39.04232789,-76.99348167,"(39.04232789, -76.99348167)"
MCP3372002C,240014840,MONTGOMERY,Property Damage Crash,03/29/2024 06:41:00 PM,County Route,,,,,,"Sideswipe, Same Direction",Clear,Dry,Daylight,No Controls,"Not Suspect of Alcohol Use, Not Suspect of Drug Use",,72B99992-4B02-482D-90BA-EF2AF91B201A,No,No Apparent Injury,,Unknown,MD,EE9C439D-7613-47FC-8F5B-7624917DD1C2,Functional,Twelve O Clock,Passenger Car,Moving Constant Speed,Eastbound,35,No,No,2011,HONDA,CIVIC,39.090445,-77.04704745,"(39.090445, -77.04704745)"
MCP3319003K,250021029,MONTGOMERY,Injury Crash,05/13/2025 08:09:00 AM,County Route,FRANKLIN AVE,UNIVERSITY BLVD E,,,,Angle,Rain,Wet,Daylight,Traffic Control Signal,"Not Suspect of Alcohol Use, Not Suspect of Drug Use",,8A3DF1DE-B2F5-4575-A747-558C2CFB2E48,Yes,Suspected Minor Injury,,Not Distracted,MD,43B96BEA-A80B-430B-BB58-91FF89A567B7,Disabling,One O Clock,Passenger Car,Turning Left,,35,No,No,2010,HONDA,FIT,39.01212529,-77.00274206,"(39.01212529, -77.00274206)"
DD5610002L,170501927,Rockville Police Departme,Injury Crash,04/13/2017 01:55:00 PM,Maryland (State),FREDERICK RD,W GUDE DR,,ROCKVILLE,,SAME DIR REAR END,CLEAR,DRY,DAYLIGHT,TRAFFIC SIGNAL,N/A,,B44CBFB9-5073-40B3-A086-FB8F426146CA,No,POSSIBLE INJURY,N/A,NOT DISTRACTED,MD,23A83724-A740-4C07-8523-1829E84D71B6,DISABLING,SIX OCLOCK,(SPORT) UTILITY VEHICLE,SLOWING OR STOPPING,South,40,No,No,2006,OYOTA,4DR,39.106855,-77.15884833,"(39.106855, -77.15884833)"
MCP2077005Q,240051771,MONTGOMERY,Property Damage Crash,10/29/2024 09:40:00 AM,,,,"Parking Stall        IN PARKING LOT OF 1800 RANDOLPH ROAD, SILVER SPRING MD. MONTGOMERY COUNTY PUBLIC SCHOOL BUS DEPOT.",,,Other,Clear,,Daylight,,"Not Suspect of Alcohol Use, Not Suspect of Drug Use",,9E85FABA-4B99-42F2-A70C-463F0E86C21A,Yes,No Apparent Injury,Improper Backing,Unknown,MD,3DBB332E-CD8C-4C3C-BBFB-158260023568,Superficial,Five O Clock,Bus - School,Backing,Northbound,0,No,No,2021,FREIGHTLINER,B2 BUS CHASSIS,39.06539847,-77.03492209,"(39.06539847, -77.03492209)"
MCP3133003D,220011450,Montgomery County Police,Property Damage Crash,03/17/2022 08:41:00 AM,County,LONGMEAD CROSSING DR,LADY MEADE DR,,N/A,,OPPOSITE DIRECTION SIDESWIPE,RAINING,WET,DAYLIGHT,N/A,NONE DETECTED,,A10216EB-BE47-4F20-9BA3-181A8A0D2F35,Yes,NO APPARENT INJURY,N/A,NOT DISTRACTED,MD,D5E5BBF7-0089-47E0-AC9F-9B8FCF6E6928,SUPERFICIAL,EIGHT OCLOCK,PICKUP TRUCK,MOVING CONSTANT SPEED,East,0,No,No,2020,FORD,F250,39.09921167,-77.04780167,"(39.09921167, -77.04780167)"
MCP3012001Q,17010428,Montgomery County Police,Property Damage Crash,02/27/2017 07:29:00 AM,County,NORBECK RD,FIRESTONE DR,,N/A,,SAME DIR REAR END,CLEAR,DRY,DAYLIGHT,NO CONTROLS,NONE DETECTED,,C92CA0B5-EF9F-4DF7-A000-881E6CB5626A,Yes,NO APPARENT INJURY,N/A,LOOKED BUT DID NOT SEE,MD,536C6D81-068E-46FE-A67F-3DDCFC753E36,DISABLING,TWELVE OCLOCK,PASSENGER CAR,MOVING CONSTANT SPEED,West,45,No,No,2015,CHEVORLET,SPARKS,39.12171667,-77.00761333,"(39.12171667, -77.00761333)"
MCP3230003W,220055571,Montgomery County Police,Property Damage Crash,12/15/2022 06:20:00 PM,Maryland (State),VEIRS MILL RD,ASPEN HILL RD,,N/A,,SAME DIRECTION SIDESWIPE,RAINING,WET,DARK LIGHTS ON,NO CONTROLS,NONE DETECTED,,129C3C62-B0B6-4219-9FD5-A67BE0440849,No,NO APPARENT INJURY,N/A,NOT DISTRACTED,MD,4D655C49-A457-48F3-B6B9-32864744DE83,DISABLING,FIVE OCLOCK,PASSENGER CAR,MOVING CONSTANT SPEED,East,35,No,No,2020,HOND,HB,39.06893133,-77.10479633,"(39.06893133, -77.10479633)"
MCP3251000J,200037740,Montgomery County Police,Injury Crash,09/25/2020 05:29:00 PM,Maryland (State),CLARKSBURG RD,EISENHOWER MEMORIAL HWY,,N/A,,HEAD ON LEFT TURN,CLEAR,DRY,DAYLIGHT,TRAFFIC SIGNAL,NONE DETECTED,,AB5B63F9-14B2-41D4-8154-DB1748386DEC,Yes,SUSPECTED MINOR INJURY,N/A,NOT DISTRACTED,MD,A9EFE523-2011-468F-A75B-1E5C7E6972FE,DISABLING,ONE OCLOCK,PASSENGER CAR,MAKING LEFT TURN,South,40,No,No,2002,HONDA,CIVIC,39.23272026,-77.283858,"(39.23272026, -77.283858)"