Report Number,Local Case Number,Agency Name,ACRS Report Type,Crash Date/Time,Route Type,Road Name,Cross-Street Name,Off-Road Description,Municipality,Related Non-Motorist,Collision Type,Weather,Surface Condition,Light,Traffic Control,Driver Substance Abuse,Non-Motorist Substance Abuse,Person ID,Driver At Fault,Injury Severity,Circumstance,Driver Distracted By,Drivers License State,Vehicle ID,Vehicle Damage Extent,Vehicle First Impact Location,Vehicle Body Type,Vehicle Movement,Vehicle Going Dir,Speed Limit,Driverless Vehicle,Parked Vehicle,Vehicle Year,Vehicle Make,Vehicle Model,Latitude,Longitude,Location
MCP9369000R,170511823,Montgomery County Police,Property Damage Crash,06/05/2017 03:25:00 AM,County,SHADY GROVE RD,OAKMONT AVE,,N/A,,SINGLE VEHICLE,CLEAR,DRY,DARK LIGHTS ON,TRAFFIC SIGNAL,N/A,,5F1BF0AA-D3BF-4583-BA0A-84AA1A5D2455,Yes,NO APPARENT INJURY,N/A,NOT DISTRACTED,MD,CF19629C-847B-4B88-9731-C5D3904718F7,DISABLING,TWELVE OCLOCK,PASSENGER CAR,MOVING CONSTANT SPEED,East,35,No,No,2012,HYUND,4D,39.12725,-77.17270167,"(39.12725, -77.17270167)"
MCP2039001H,16009433,MONTGOMERY,Property Damage Crash,02/25/2016 02:32:00 PM,County,CONGRESS DR,VISTA DR,,N/A,,OTHER,CLOUDY,DRY,DAYLIGHT,N/A,N/A,,C5F7668A-6FC4-43F3-B07E-4697888C3F7E,Yes,NO APPARENT INJURY,N/A,LOOKED BUT DID NOT SEE,MD,6EECB56E-84E9-4524-840E-2F59ABCBBBB7,SUPERFICIAL,SIX OCLOCK,SCHOOL BUS,BACKING,North,25,No,No,2006,THOMAS BUILT,SCHOOL BUS,39.20872667,-77.16948167,"(39.20872667, -77.16948167)"
MCP3277003L,240028240,MONTGOMERY,Property Damage Crash,06/13/2024 10:00:00 PM,County Route,MONTGOMERY VILLAGE AVE,,,,,Front to Rear,Clear,Dry,Dark - Lighted,No Controls,"Not Suspect of Alcohol Use, Not Suspect of Drug Use",,BC000408-DE0F-4EA1-9D0D-9284692E8A2A,Yes,No Apparent Injury,Followed Too Closely,Not Distracted,MD,8187D51B-5EFF-4093-88AE-0089C7402E16,Disabling,Twelve O Clock,Passenger Car,Slowing or Stopping,Northbound,35,No,No,2020,TOYOTA,86,39.17619745,-77.20327407,"(39.17619745, -77.20327407)"
MCP29460015,16010275,MONTGOMERY,Property Damage Crash,03/01/2016 03:28:00 PM,Maryland (State),FREDERICK RD,ST. CLAIR RD,,N/A,,STRAIGHT MOVEMENT ANGLE,CLEAR,DRY,DAYLIGHT,NO CONTROLS,NONE DETECTED,,08EBF016-BB38-449A-8BD9-DAAD030368CE,No,NO APPARENT INJURY,N/A,NOT DISTRACTED,MD,BCCEAFD5-BA32-45A9-9DBD-74C5961E3BF1,FUNCTIONAL,TWELVE OCLOCK,(SPORT) UTILITY VEHICLE,MOVING CONSTANT SPEED,North,30,No,No,2005,TOYOTA,HIGHLANDER,39.23617667,-77.27582667,"(39.23617667, -77.27582667)"
MCP2726009Q,240025147,MONTGOMERY,Property Damage Crash,05/28/2024 08:15:00 AM,County Route,CRABBS BRANCH WAY,INDIANOLA DR,,,,Other,Clear,Dry,Daylight,Traffic Control Signal,"Not Suspect of Alcohol Use, Not Suspect of Drug Use",,0F9C35DB-6608-4F5F-B9F4-E4DE29504C91,No,No Apparent Injury,,Not Distracted,MD,F22B3594-5BB1-4E84-BF08-302C0CAAB65B,Disabling,Twelve O Clock,Passenger Car,Turning Left,Eastbound,35,No,No,2005,HONDA,ACCORD,39.1146934,-77.15700136,"(39.1146934, -77.15700136)"
MCP11740030,180019098,Montgomery County Police,Injury Crash,04/19/2018 08:27:00 AM,County,ARLINGTON RD,EDGEMOOR LA,,N/A,,STRAIGHT MOVEMENT ANGLE,CLOUDY,DRY,DAYLIGHT,TRAFFIC SIGNAL,NONE DETECTED,,4974E75F-4688-47ED-9858-F657921CF1F2,Yes,NO APPARENT INJURY,N/A,NOT DISTRACTED,XX,014EA6B1-2283-4C39-852E-CF8B4CBA0802,DISABLING,TWO OCLOCK,PASSENGER CAR,MOVING CONSTANT SPEED,West,25,No,No,2004,HONDA,CIVIC,38.98475758,-77.09861755,"(38.98475758, -77.09861755)"
MCP34020013,240013545,MONTGOMERY,Property Damage Crash,03/21/2024 03:32:00 PM,County Route,HOOD ST,FORSTON DR,,,,"Sideswipe, Opposite Direction",Clear,Dry,Daylight,Stop Sign,"Not Suspect of Alcohol Use, Not Suspect of Drug Use",,49BF6810-3F8D-4106-9BFA-550FE49E7495,Yes,No Apparent Injury,,Not Distracted,MD,CEEC4CCE-9E9B-4460-B5CF-AE5ED76CEE4B,Superficial,Five O Clock,Bus - School,Overtaking/Passing,Westbound,25,No,No,2018,THOMAS BUILT,SCHOOL BUS,38.9940654,-76.99538015,"(38.9940654, -76.99538015)"
MCP29860012,16045092,Montgomery County Police,Property Damage Crash,09/03/2016 11:45:00 AM,Maryland (State),NEW HAMPSHIRE AVE,THOMAS DR,,N/A,,SAME DIR REAR END,N/A,DRY,DAYLIGHT,OTHER,NONE DETECTED,,04DD2018-A1D2-475E-9612-C83333B7AB91,No,NO APPARENT INJURY,N/A,NOT DISTRACTED,MD,A09E9B65-CFF2-4E6B-8762-08BBE9910048,DISABLING,TWELVE OCLOCK,PASSENGER CAR,MOVING CONSTANT SPEED,North,40,No,No,2004,LEXUS,ES330,39.06669833,-77.00111333,"(39.06669833, -77.00111333)"
MCP2989000J,16034089,Montgomery County Police,Property Damage Crash,07/05/2016 09:27:00 PM,Maryland (State),NEW HAMPSHIRE AVE,OAKLAWN DR,,N/A,,SAME DIR REAR END,CLEAR,DRY,DARK LIGHTS ON,NO CONTROLS,NONE DETECTED,,D259DAC0-FE6C-43AD-BBEF-6233D77647B2,No,NO APPARENT INJURY,N/A,NOT DISTRACTED,MD,6E3A98C2-1887-445A-9A15-9433CB4F783A,SUPERFICIAL,FOUR OCLOCK,(SPORT) UTILITY VEHICLE,MOVING CONSTANT SPEED,North,40,No,No,2014,TOYT,HIGHLANDER,39.02614,-76.98101833,"(39.02614, -76.98101833)"
MCP28700019,16011172,MONTGOMERY,Property Damage Crash,03/06/2016 04:54:00 PM,County,QUEBEC ST,RUATAN ST,,N/A,,STRAIGHT MOVEMENT ANGLE,CLEAR,DRY,DAYLIGHT,NO CONTROLS,N/A,,784B9D01-2069-4600-A5D4-885E0E417600,No,NO APPARENT INJURY,N/A,NOT DISTRACTED,MD,A4DA1896-F18B-416C-88BB-9D423FB35B51,FUNCTIONAL,THREE OCLOCK,TRANSIT BUS,MOVING CONSTANT SPEED,West,25,No,No,2007,GILLIG,BU,39.000305,-76.98740667,"(39.000305, -76.98740667)"
MCP30440087,250016903,MONTGOMERY,Property Damage Crash,04/18/2025 03:33:00 PM,County Route,GRACEFIELD RD,CHERRY HILL RD,,,,Single Vehicle,Clear,Dry,Daylight,No Controls,"Not Suspect of Alcohol Use, Not Suspect of Drug Use",,D0E65A4E-26AD-4285-B930-BA8EBCF03B49,Yes,No Apparent Injury,,Not Distracted,MD,416AE37E-3FA8-4407-8570-ED69DD0FF418,Disabling,Eleven O Clock,Passenger Car,Moving Constant Speed,Not On Roadway,50,No,No,2024,TESLA,MODEL Y,39.04982768,-76.9524982,"(39.04982768, -76.9524982)"
MCP3008000L,16049267,Montgomery County Police,Property Damage Crash,09/25/2016 02:45:00 AM,County,TAHONA DR,OSAGE ST,,N/A,,OTHER,CLEAR,DRY,DARK LIGHTS ON,NO CONTROLS,UNKNOWN,,D165EF69-D57E-4E0E-B1FF-084272FC1AD8,Yes,NO APPARENT INJURY,N/A,UNKNOWN,MD,3C75C3D3-43FB-4275-96CF-FAD088AB7546,DISABLING,TWELVE OCLOCK,PASSENGER CAR,MOVING CONSTANT SPEED,North,30,No,No,1999,TOYOTA,COROLLA,38.99666562,-76.98851153,"(38.99666562, -76.98851153)"
MCP32300059,240017590,MONTGOMERY,Property Damage Crash,04/15/2024 04:30:00 PM,Interstate (State),CAPITAL BELTWAY (WB/L),,,,,Front to Rear,Clear,Dry,Daylight,No Controls,"Not Suspect of Alcohol Use, Not Suspect of Drug Use",,32B84E8F-ECCA-40D8-807D-E7FE2B8C2CB6,No,No Apparent Injury,,Not Distracted,MD,C5EB2470-70DA-4144-9E99-BBCA56CE638C,Superficial,Six O Clock,Passenger Car,Slowing or Stopping,Southbound,55,No,No,2008,LEXUS,ES,39.01361728,-77.04039393,"(39.01361728, -77.04039393)"
DD56100068,200044517,Rockville Police Departme,Property Damage Crash,11/11/2020 09:53:00 AM,Municipality,RESEARCH BLVD,W MONTGOMERY AVE,,N/A,,HEAD ON LEFT TURN,RAINING,WET,DAYLIGHT,NO CONTROLS,N/A,,71C7A3D9-FD14-453F-A12F-C6765001FA1C,Yes,NO APPARENT INJURY,"N/A, WET",UNKNOWN,MD,B4B1BEAE-AD59-4460-A718-F48F3937163D,DISABLING,NINE OCLOCK,VAN,MAKING LEFT TURN,West,25,No,No,2015,FORD,VAN,39.07888456,-77.15006502,"(39.07888456, -77.15006502)"
DD5621001N,170545877,Rockville Police Departme,Injury Crash,11/30/2017 07:23:00 PM,Municipality,N WASHINGTON ST,W MONTGOMERY AVE,,ROCKVILLE,PEDESTRIAN,SINGLE VEHICLE,CLEAR,DRY,DARK LIGHTS ON,TRAFFIC SIGNAL,N/A,NONE DETECTED,8B136987-BD3E-4732-97A5-46C8B850E664,Yes,NO APPARENT INJURY,N/A,INATTENTIVE OR LOST IN THOUGHT,,078ED685-12CD-4E36-A996-8D8150110A64,NO DAMAGE,TWELVE OCLOCK,,MAKING RIGHT TURN,South,25,No,No,0,UNKNOWN,UNKNOWN,39.08423818,-77.15292424,"(39.08423818, -77.15292424)"
MCP2970004H,180032399,Montgomery County Police,Injury Crash,07/01/2018 06:07:00 AM,Maryland (State),GEORGIA AVE,BLUERIDGE AVE,,N/A,,STRAIGHT MOVEMENT ANGLE,CLEAR,DRY,DAYLIGHT,TRAFFIC SIGNAL,NONE DETECTED,,AE87F816-E8D2-429D-9545-1BA19C6E8D37,Yes,POSSIBLE INJURY,N/A,LOOKED BUT DID NOT SEE,MD,521E163A-9A00-4CF0-8259-970F5C92923E,DISABLING,FOUR OCLOCK,PASSENGER CAR,MAKING LEFT TURN,South,35,No,No,1997,TOYOTA,COROLLA,39.043025,-77.0519,"(39.043025, -77.0519)"
MCP3051003H,190049669,Montgomery County Police,Property Damage Crash,10/16/2019 04:55:00 PM,County,GLEN RD,S GLEN RD,,N/A,,SINGLE VEHICLE,RAINING,WET,DAYLIGHT,N/A,NONE DETECTED,,E14D3D3A-1F4D-479D-8CD5-0ECD85EDBDD4,No,NO APPARENT INJURY,"RAIN, SNOW, WET",NOT DISTRACTED,MD,739843BA-0A41-4178-B934-D47D8C603259,DISABLING,TWELVE OCLOCK,PASSENGER CAR,SLOWING OR STOPPING,West,35,No,No,2017,FORD,FUSION,39.04503333,-77.218825,"(39.04503333, -77.218825)"
MCP1417002V,15009842,Montgomery County Police,Property Damage Crash,03/02/2015 10:14:00 AM,Maryland (State),FREDERICK RD,PLUMMER DR,,N/A,,SAME DIRECTION SIDESWIPE,CLEAR,WET,DAYLIGHT,TRAFFIC SIGNAL,NONE DETECTED,,8EB4ACD8-A8A7-4D79-87AD-D526A17F5C72,No,NO APPARENT INJURY,"N/A, WET",NOT DISTRACTED,MD,19ACCF53-4C40-4F07-97AC-F36F1BC728A7,NO DAMAGE,TEN OCLOCK,PICKUP TRUCK,MOVING CONSTANT SPEED,South,40,No,No,2002,CHEVROLET,1500,39.17171879,-77.2361505,"(39.17171879, -77.2361505)"
MCP3221001B,200036544,Montgomery County Police,Property Damage Crash,09/18/2020 12:37:00 AM,County,SEVEN LOCKS RD,MONTROSE RD,,N/A,,STRAIGHT MOVEMENT ANGLE,RAINING,WET,DARK NO LIGHTS,TRAFFIC SIGNAL,NONE DETECTED,,E0937894-F8D2-4A8D-84BE-410FEB20AEBA,No,NO APPARENT INJURY,"RAIN, SNOW, WET",NOT DISTRACTED,MD,AE82B43F-0B4D-43EA-A647-D3BCADF96156,DISABLING,FOUR OCLOCK,PASSENGER CAR,MOVING CONSTANT SPEED,North,35,No,No,2011,TOYOTA,COROLLA,39.05764,-77.16146033,"(39.05764, -77.16146033)"
MCP2059002T,16032350,Montgomery County Police,Injury Crash,06/26/2016 12:48:00 PM,Maryland (State),EAST WEST HWY,TWIN FORKS LA,,N/A,,HEAD ON,CLEAR,DRY,DAYLIGHT,NO CONTROLS,NONE DETECTED,,BBFDBF61-6271-49B6-A44F-39A5021DC562,Yes,SUSPECTED MINOR INJURY,N/A,USING DEVICE OBJECT BROUGHT INTO VEHICLE,VA,3D1C30F1-55D7-4DE7-92DC-ABC4B86D2F05,DISABLING,ELEVEN OCLOCK,PASSENGER CAR,MOVING CONSTANT SPEED,West,35,No,No,2008,FORD,ESCAPE,38.99309988,-77.0650658,"(38.99309988, -77.0650658)"
DD5583007X,230012011,Rockville Police Departme,Property Damage Crash,03/11/2023 04:45:00 PM,Maryland (State),HUNGERFORD DR,E MIDDLE LA,,ROCKVILLE,,STRAIGHT MOVEMENT ANGLE,N/A,DRY,DAYLIGHT,TRAFFIC SIGNAL,NONE DETECTED,,C8B1927F-714E-4EDD-B9C3-033E9A1BA2EA,No,NO APPARENT INJURY,N/A,NOT DISTRACTED,MD,7654EC6C-57BA-48C4-BD22-4B14A79D1822,SUPERFICIAL,TWELVE OCLOCK,PASSENGER CAR,MOVING CONSTANT SPEED,East,30,No,No,2005,NISS,2.5S,39.08550683,-77.1482905,"(39.08550683, -77.1482905)"
MCP3007000B,16000165,Montgomery County Police,Property Damage Crash,12/29/2015 10:45:00 PM,County,EVANSTON ST,GLASGOW DR,,N/A,,SAME DIRECTION SIDESWIPE,N/A,N/A,DARK -- UNKNOWN LIGHTING,NO CONTROLS,UNKNOWN,,0B9F5344-A47D-498C-B30C-342862218EDE,Yes,NO APPARENT INJURY,N/A,UNKNOWN,,025CE8FC-78B9-4EE2-B7F0-41ED0175936E,DISABLING,TWELVE OCLOCK,PASSENGER CAR,MOVING CONSTANT SPEED,North,35,No,No,2005,CHEVY,TK,39.07087057,-77.09127903,"(39.07087057, -77.09127903)"
EJ7853001B,15061546,GAITHERSBURG,Injury Crash,12/02/2015 03:17:00 PM,,,,"701 Russell Ave. Gaithersburg, Maryland 20877",,,STRAIGHT MOVEMENT ANGLE,RAINING,,DAYLIGHT,STOP SIGN,NONE DETECTED,,5559A3F9-E821-4BD8-BEE8-D75B0E87D9E1,No,SUSPECTED MINOR INJURY,"SLEET, HAIL, FREEZ. RAIN, WET",NOT DISTRACTED,MD,1FD033DE-6DAE-4A1B-A9A0-0938A65F45C4,FUNCTIONAL,TWELVE OCLOCK,PASSENGER CAR,MOVING CONSTANT SPEED,West,20,No,No,2002,HONDA,CIVIC,39.15159,-77.20190833,"(39.15159, -77.20190833)"
MCP2666001N,17000073,Montgomery County Police,Property Damage Crash,01/01/2017 05:08:00 AM,Maryland (State),NEW HAMPSHIRE AVE,VALLEY BROOK DR,,N/A,,SAME DIR REAR END,CLEAR,DRY,DARK LIGHTS ON,NO CONTROLS,ALCOHOL PRESENT,,D710B5EC-BA61-4134-85D7-D4490FD02210,Yes,NO APPARENT INJURY,N/A,UNKNOWN,MD,DC5B6CA6-BEBD-4CFA-B414-50BACA96934A,SUPERFICIAL,TWELVE OCLOCK,PASSENGER CAR,MOVING CONSTANT SPEED,North,40,No,No,2010,HONDA,ACCORD,39.059005,-76.99756167,"(39.059005, -76.99756167)"
DM84530019,180006053,Takoma Park Police Depart,Property Damage Crash,02/04/2018 07:34:00 PM,Maryland (State),FLOWER AVE,DOMER AVE,,TAKOMA PARK,,SAME DIRECTION SIDESWIPE,OTHER,WET,DARK LIGHTS ON,NO CONTROLS,NONE DETECTED,,1C0A3331-97F4-45DC-9254-640E8680AF46,No,NO APPARENT INJURY,N/A,NOT DISTRACTED,MD,0EEE45A9-2DDF-4EAB-8E2E-BF27C43D5736,SUPERFICIAL,TEN OCLOCK,"OTHER LIGHT TRUCKS (10,000LBS (4,536KG) OR LESS)",MOVING CONSTANT SPEED,East,25,No,No,2011,TOYOTA,HIGHLANDER,38.98129667,-77.00989333,"(38.98129667, -77.00989333)"
MCP12210045,170542719,Montgomery County Police,Property Damage Crash,11/14/2017 12:03:00 PM,,,,PARKING LOT OF 775 QUINCE ORCHARD BLVD,,,SAME DIRECTION SIDESWIPE,CLOUDY,,DAYLIGHT,NO CONTROLS,NONE DETECTED,,C6BD6001-6F71-428B-9C3E-03A048CEF544,Yes,NO APPARENT INJURY,N/A,OTHER ELECTRONIC DEVICE (NAVIGATIONAL PALM PILOT),MD,5B0631B0-2FE8-485B-9A47-1160712F763E,DISABLING,ONE OCLOCK,PASSENGER CAR,MOVING CONSTANT SPEED,East,25,No,No,2011,TOYOTA,PRIUS,39.14111833,-77.22876333,"(39.14111833, -77.22876333)"
MCP2995001J,170503428,Montgomery County Police,Property Damage Crash,04/21/2017 06:41:00 PM,Maryland (State),NORBECK RD,BALTIMORE RD,,N/A,,SAME DIR REAR END,CLOUDY,WET,DAYLIGHT,TRAFFIC SIGNAL,NONE DETECTED,,E6353855-819F-4671-A303-1365930D3EDF,No,NO APPARENT INJURY,"N/A, WET",NOT DISTRACTED,MD,00F94865-D609-45C5-9F0A-182BE9A26ACF,FUNCTIONAL,SIX OCLOCK,PASSENGER CAR,STOPPED IN TRAFFIC LANE,East,45,No,No,2015,SUBARU,FORESTER,39.021055,-76.98523167,"(39.021055, -76.98523167)"
EJ7860000P,16041469,Gaithersburg Police Depar,Injury Crash,08/15/2016 09:13:00 PM,,,,PARKING LOT IN FRONT OF 1098 WEST SIDE DRIVE,,,OTHER,RAINING,,DARK NO LIGHTS,NO CONTROLS,NONE DETECTED,,5FC637C9-9371-4F06-8F26-376CA4840397,No,POSSIBLE INJURY,"RAIN, SNOW, WET",NOT DISTRACTED,MD,1C672F7F-C903-4A04-98E0-569AAA840434,SUPERFICIAL,TWELVE OCLOCK,PASSENGER CAR,SLOWING OR STOPPING,East,10,No,No,2013,TOYOTA,CAMRY,39.12373484,-77.20217228,"(39.12373484, -77.20217228)"
MCP2953001K,170516041,Montgomery County Police,Property Damage Crash,06/27/2017 04:36:00 PM,Maryland (State),GEORGIA AVE,MAY ST,,N/A,,SAME DIR REAR END,CLEAR,DRY,DAYLIGHT,N/A,NONE DETECTED,,6F5B5BFD-3540-4651-A90D-08A96902905C,No,NO APPARENT INJURY,N/A,NOT DISTRACTED,MD,472DEA99-F55C-4A06-88B0-AC18B75A8F75,DISABLING,SIX OCLOCK,PASSENGER CAR,MAKING RIGHT TURN,North,45,No,No,2000,INFINITI,Q30,39.07974833,-77.07346833,"(39.07974833, -77.07346833)"
MCP28270014,15025555,Montgomery County Police,Injury Crash,05/27/2015 04:53:00 PM,County,QUEEN ELIZABETH DR,ROLLING ACRES WAY,,N/A,BICYCLIST,STRAIGHT MOVEMENT ANGLE,RAINING,WET,DAYLIGHT,STOP SIGN,N/A,NONE DETECTED,5DC7A5D5-87A1-4DF2-B90F-A4A165E2F8F7,No,NO APPARENT INJURY,"N/A, WET",NOT DISTRACTED,MD,E06366AF-31F1-4823-A691-7AE98F2B9822,FUNCTIONAL,TWELVE OCLOCK,PASSENGER CAR,MOVING CONSTANT SPEED,North,30,No,No,2004,HONDA,CIVIC,39.16139,-77.07441833,"(39.16139, -77.07441833)"
MCP3014001B,180005820,Montgomery County Police,Property Damage Crash,02/02/2018 11:26:00 PM,County,LONDON LA,BLACKPOOL RD,,N/A,,SAME DIRECTION SIDESWIPE,CLEAR,DRY,DARK LIGHTS ON,NO CONTROLS,ALCOHOL PRESENT,,AFADE6EA-24C3-4D99-817C-A46E85C3B07F,Yes,NO APPARENT INJURY,N/A,BY OTHER OCCUPANTS,MD,DED9FD2C-DCD8-4C66-B63A-6942AD5C549D,FUNCTIONAL,ONE OCLOCK,PASSENGER CAR,MOVING CONSTANT SPEED,South,25,No,No,2013,HYUNDAI,4D,39.08826667,-77.08071,"(39.08826667, -77.08071)"
MCP25130003,15063877,MONTGOMERY,Injury Crash,12/14/2015 04:10:00 PM,Maryland (State),GEORGIA AVE,CONNECTICUT AVE,,N/A,,SAME DIR REAR END,CLOUDY,DRY,DAYLIGHT,TRAFFIC SIGNAL,NONE DETECTED,,A4C59812-65F6-4D54-988E-8B5E9EF1AFAD,No,NO APPARENT INJURY,"N/A, TRAFFIC CONTROL DEVICE INOPERATIVE",NOT DISTRACTED,MD,AEC718FC-4E3D-45DB-8D1A-3FEA6C2016CC,SUPERFICIAL,SIX OCLOCK,PASSENGER CAR,SLOWING OR STOPPING,North,50,No,No,1997,ISUZ,TK,39.08437,-77.07786167,"(39.08437, -77.07786167)"
EJ7866003H,180014981,Gaithersburg Police Depar,Property Damage Crash,03/27/2018 11:30:00 AM,County,ODENDHAL AVE,LOST KNIFE RD,,N/A,,SAME DIRECTION SIDESWIPE,CLOUDY,DRY,DAYLIGHT,TRAFFIC SIGNAL,NONE DETECTED,,E3DEC994-E10A-4BC7-860C-97DD9DA55E55,No,NO APPARENT INJURY,N/A,NOT DISTRACTED,MD,D8ABE311-8D31-403E-A190-520A75F1151C,SUPERFICIAL,EIGHT OCLOCK,PICKUP TRUCK,MOVING CONSTANT SPEED,West,30,No,No,2008,CHEV,SILVERADO,39.15244843,-77.19825625,"(39.15244843, -77.19825625)"
MCP2723000M,15032170,MONTGOMERY,Property Damage Crash,07/01/2015 12:36:00 PM,,,,"parking lot, 2801 Olney Sandy Spring Road, Olney MD 20832",,,SAME DIRECTION SIDESWIPE,CLEAR,,DAYLIGHT,NO CONTROLS,UNKNOWN,,22669945-9A37-4FA1-9A65-50F8CC2C6296,Yes,NO APPARENT INJURY,N/A,NOT DISTRACTED,MD,A63B44B9-2806-4AC5-A8B4-577BD879F9F1,FUNCTIONAL,ELEVEN OCLOCK,PASSENGER CAR,MOVING CONSTANT SPEED,North,0,No,No,2012,KIA,SOUL,39.15039755,-77.0580411,"(39.15039755, -77.0580411)"
MCP2713000J,15053669,MONTGOMERY,Property Damage Crash,10/22/2015 06:57:00 PM,County,REEDIE DR,GEORGIA AVE,,N/A,,SAME DIRECTION SIDESWIPE,CLEAR,DRY,DARK LIGHTS ON,OTHER,N/A,,CE5E4AAF-5BF6-4B58-A0BC-EFB9E90996F9,No,NO APPARENT INJURY,N/A,NOT DISTRACTED,DC,0D754DA1-6C5C-475A-894A-D9EC4B4154C4,SUPERFICIAL,THREE OCLOCK,OTHER BUS,MAKING LEFT TURN,West,25,No,No,2013,GILB,BU,39.03966167,-77.05192167,"(39.03966167, -77.05192167)"
EJ78660090,200040936,Gaithersburg Police Depar,Property Damage Crash,10/17/2020 01:20:00 PM,Maryland (State),W DIAMOND AVE,BUREAU DR,,GAITHERSBURG,,SAME DIR REAR END,CLEAR,DRY,DAYLIGHT,TRAFFIC SIGNAL,NONE DETECTED,,44746E9A-AC58-427F-92AA-FAD723621B6F,No,NO APPARENT INJURY,N/A,NOT DISTRACTED,MD,BD098B53-25EB-40EF-A893-3FB8FDC1FF75,SUPERFICIAL,SIX OCLOCK,VAN,STOPPED IN TRAFFIC LANE,West,35,No,No,2008,CHEV,VN,39.14126135,-77.2164008,"(39.14126135, -77.2164008)"
DD5601000S,15023936,Rockville Police Departme,Property Damage Crash,05/19/2015 08:28:00 AM,Municipality,BEALL AVE #2,N VAN BUREN ST,,ROCKVILLE,,STRAIGHT MOVEMENT ANGLE,CLEAR,DRY,DAYLIGHT,STOP SIGN,N/A,,6E7CA215-6710-4964-8682-5FC425B78137,Yes,NO APPARENT INJURY,N/A,UNKNOWN,MD,FA9DEF15-A6B2-4DA7-8D4E-858BA89A2B69,FUNCTIONAL,TWELVE OCLOCK,PASSENGER CAR,ACCELERATING,West,25,No,No,2013,VOLKSWAGON,BEETLE,39.08678833,-77.15638667,"(39.08678833, -77.15638667)"
MCP2425004M,15012288,Montgomery County Police,Injury Crash,03/17/2015 01:24:00 PM,County,BRIGGS CHANEY RD,ENT TO BRIGGS CHANEY OUTLETS,,N/A,,STRAIGHT MOVEMENT ANGLE,CLEAR,DRY,DAYLIGHT,TRAFFIC SIGNAL,NONE DETECTED,,9B17C68B-BDD5-47A5-95A8-25B0CC92AF51,Yes,SUSPECTED MINOR INJURY,N/A,NOT DISTRACTED,MD,53B4988C-1D62-4013-BE9F-9041BEB18179,DISABLING,ELEVEN OCLOCK,(SPORT) UTILITY VEHICLE,MOVING CONSTANT SPEED,West,35,No,No,2005,HYUNDAI,SANTE FE,39.08197294,-76.94708347,"(39.08197294, -76.94708347)"
MCP2960002L,170551171,Montgomery County Police,Property Damage Crash,12/29/2017 01:00:00 PM,Maryland (State),CONNECTICUT AVE,ASPEN HILL RD,,N/A,,SAME DIR REAR END,N/A,DRY,DAYLIGHT,TRAFFIC SIGNAL,N/A,,05FF6D64-4E12-4948-AB55-7B7406BAB835,No,NO APPARENT INJURY,N/A,NOT DISTRACTED,MD,1CEE8B42-A150-4C16-B460-8302E276BBD4,DESTROYED,SIX OCLOCK,PASSENGER CAR,STOPPED IN TRAFFIC LANE,North,45,No,No,2004,MERZ,4S,39.08006167,-77.08056167,"(39.08006167, -77.08056167)"
DM8499001T,230029580,Takoma Park Police Depart,Injury Crash,06/20/2023 01:18:00 PM,Maryland (State),NEW HAMPSHIRE AVE,HOLTON LA,,TAKOMA PARK,PEDESTRIAN,OTHER,CLEAR,DRY,DAYLIGHT,TRAFFIC SIGNAL,NONE DETECTED,NONE DETECTED,9BA01FB5-8991-4205-9381-4F5AEACFCB5A,Yes,NO APPARENT INJURY,N/A,OTHER DISTRACTION,MD,35473604-522E-4477-8678-98FF0B437D38,SUPERFICIAL,TWELVE OCLOCK,PASSENGER CAR,SLOWING OR STOPPING,West,30,No,No,2019,NISSAN,PATHFINDER,38.98590513,-76.98808884,"(38.98590513, -76.98808884)"
MCP3200003Z,210042451,Montgomery County Police,Injury Crash,10/22/2021 08:58:00 AM,County,SANGAMORE RD,WALHONDING RD,,N/A,,STRAIGHT MOVEMENT ANGLE,CLEAR,DRY,DAYLIGHT,STOP SIGN,NONE DETECTED,,7D06C5FC-F70D-416D-BA38-11FB8F5A3C4F,No,SUSPECTED MINOR INJURY,N/A,NOT DISTRACTED,MD,BD1E37B0-D0A6-4107-82B1-598B5D13E4E9,DISABLING,THREE OCLOCK,PASSENGER CAR,MOVING CONSTANT SPEED,South,25,No,No,2014,VOLKSWAGEN,TOUAREG,38.96295567,-77.12132083,"(38.96295567, -77.12132083)"
MCP3457000N,250019958,MONTGOMERY,Property Damage Crash,05/06/2025 06:34:00 PM,Maryland (State) Route,UNIVERSITY BLVD E,INDIAN SPRING DR,,,,Front to Rear,Clear,Dry,Daylight,No Controls,"Not Suspect of Alcohol Use, Not Suspect of Drug Use",,4FF1ACF5-4193-436B-97AE-6C449E1859A0,No,No Apparent Injury,,Not Distracted,MD,42F7719D-7CCF-4EAF-A576-B750E01AAFB2,Superficial,Six O Clock,Passenger Car,Stopped in Traffic,,35,No,No,2015,TOYOTA,HIGHLANDER,39.01329709,-77.0036993,"(39.01329709, -77.0036993)"
MCP1417004Y,16016898,Montgomery County Police,Property Damage Crash,04/07/2016 06:38:00 AM,Maryland (State),FREDERICK RD,ONEILL DR,,GAITHERSBURG,,SAME DIR REAR END,RAINING,WET,DAWN,TRAFFIC SIGNAL,NONE DETECTED,,CFBEE689-FD67-40A5-A426-7964562E2571,Yes,NO APPARENT INJURY,"N/A, WET",UNKNOWN,MD,8314C7FC-97F1-4328-BF51-790B3CE41F03,DISABLING,TWELVE OCLOCK,PASSENGER CAR,SLOWING OR STOPPING,South,35,No,No,2005,ACURA,TL,39.12445333,-77.18056667,"(39.12445333, -77.18056667)"