Report Number,Local Case Number,Agency Name,ACRS Report Type,Crash Date/Time,Route Type,Road Name,Cross-Street Name,Off-Road Description,Municipality,Related Non-Motorist,Collision Type,Weather,Surface Condition,Light,Traffic Control,Driver Substance Abuse,Non-Motorist Substance Abuse,Person ID,Driver At Fault,Injury Severity,Circumstance,Driver Distracted By,Drivers License State,Vehicle ID,Vehicle Damage Extent,Vehicle First Impact Location,Vehicle Body Type,Vehicle Movement,Vehicle Going Dir,Speed Limit,Driverless Vehicle,Parked Vehicle,Vehicle Year,Vehicle Make,Vehicle Model,Latitude,Longitude,Location
MCP2977000J,15028014,Montgomery County Police,Property Damage Crash,06/09/2015 05:19:00 PM,Maryland (State),NEW HAMPSHIRE AVE,POWDER MILL RD,,N/A,,SAME DIR REAR END,CLEAR,DRY,DAYLIGHT,TRAFFIC SIGNAL,NONE DETECTED,,80C9CBFF-57BF-48B1-AC8D-AD592C96ACB2,No,NO APPARENT INJURY,N/A,NOT DISTRACTED,MD,FC1BD3A6-4FC8-443D-A610-5288341773E3,FUNCTIONAL,SIX OCLOCK,PASSENGER CAR,SLOWING OR STOPPING,South,40,No,No,2008,ACURA,MDX,39.0225762,-76.97785378,"(39.0225762, -76.97785378)"
MCP2192000W,15004293,Montgomery County Police,Property Damage Crash,01/27/2015 10:22:00 AM,County,WAYNE AVE,GEORGIA AVE,,N/A,,SAME DIRECTION LEFT TURN,CLOUDY,WET,DAYLIGHT,N/A,N/A,,6298648E-5CDD-4260-A631-85F7351C4DA6,No,NO APPARENT INJURY,"N/A, WET",NOT DISTRACTED,MD,2D7C83C8-A5EB-4303-9C67-3D6E7656A129,FUNCTIONAL,ONE OCLOCK,VAN,MOVING CONSTANT SPEED,East,30,No,No,2012,CHEVY,EXPRESS,38.99520833,-77.02494833,"(38.99520833, -77.02494833)"
MCP20870022,170543910,Montgomery County Police,Property Damage Crash,11/20/2017 04:03:00 PM,County,RANDOLPH RD,GLENALLAN AVE,,N/A,,SAME DIR REAR END,CLEAR,DRY,DAYLIGHT,TRAFFIC SIGNAL,NONE DETECTED,,F14FD7C6-EED2-48EB-8926-FE361D29E7C3,Yes,NO APPARENT INJURY,N/A,INATTENTIVE OR LOST IN THOUGHT,MD,8C982F8E-D0E7-4018-ABF7-364DFB172ADD,DISABLING,TWELVE OCLOCK,PASSENGER CAR,MOVING CONSTANT SPEED,East,35,No,No,2011,CHEV,IMPALA,39.05974167,-77.04641167,"(39.05974167, -77.04641167)"
DM84760047,220045349,Takoma Park Police Depart,Injury Crash,11/07/2022 10:30:00 AM,Maryland (State),CARROLL AVE,MERRIMAC DR,,TAKOMA PARK,,STRAIGHT MOVEMENT ANGLE,CLOUDY,DRY,DAYLIGHT,STOP SIGN,N/A,,77ECC5D7-B6FE-4FD1-B647-B9756C1CABB5,Yes,NO APPARENT INJURY,N/A,NOT DISTRACTED,MD,9CFDFF6D-6A76-4326-B298-393BB65B4299,SUPERFICIAL,TWELVE OCLOCK,PASSENGER CAR,STARTING FROM LANE,West,25,No,No,2013,FORD,TK,38.99242745,-76.9929432,"(38.99242745, -76.9929432)"
MCP27500050,200025721,Montgomery County Police,Property Damage Crash,07/02/2020 02:20:00 PM,Maryland (State),GEORGIA AVE,DENNIS AVE,,N/A,,SAME DIRECTION SIDESWIPE,CLEAR,DRY,DAYLIGHT,TRAFFIC SIGNAL,NONE DETECTED,,73EBC040-7607-4C31-A4F0-B3398DEE0CEC,Yes,NO APPARENT INJURY,N/A,NOT DISTRACTED,MD,0E740E92-BF5A-4C3E-A11F-87C2BE289478,SUPERFICIAL,ELEVEN OCLOCK,PASSENGER CAR,ENTERING TRAFFIC LANE,North,35,No,No,2018,HONDA,ACCORD,39.02547333,-77.046005,"(39.02547333, -77.046005)"
MCP3086000W,170548544,Montgomery County Police,Injury Crash,12/14/2017 12:45:00 PM,County,WIGHTMAN RD,GOSHEN RD,,N/A,PEDESTRIAN,N/A,CLEAR,DRY,DAYLIGHT,NO CONTROLS,NONE DETECTED,NONE DETECTED,90F39C29-6D48-48A4-AED5-8EFC214AC74F,Yes,NO APPARENT INJURY,N/A,NOT DISTRACTED,MD,5FE49D74-7784-4267-BC39-76E704C6E310,NO DAMAGE,TWELVE OCLOCK,(SPORT) UTILITY VEHICLE,MAKING RIGHT TURN,South,35,No,No,2018,CADILLAC,XT5,39.18797267,-77.18702867,"(39.18797267, -77.18702867)"
MCP32450060,240034441,MONTGOMERY,Property Damage Crash,07/21/2024 03:11:00 PM,,,,Alley        GRASS,,,Single Vehicle,Clear,,Daylight,,"Unknown, Unknown",,B742C3FD-6F54-4442-825C-1D6F1A63BAF1,Yes,No Apparent Injury,,Unknown,MD,384EAD6D-D0A9-4E38-851F-C1CC0FEE3082,Functional,One O Clock,Van - Passenger (&lt;9 Seats),Moving Constant Speed,Westbound,0,No,No,2012,FORD,TRANSIT,39.16998539,-77.18726852,"(39.16998539, -77.18726852)"
MCP3163000V,180053425,Montgomery County Police,Property Damage Crash,10/25/2018 09:48:00 AM,Maryland (State),EAST WEST HWY,CONNECTICUT AVE,,N/A,,SAME DIRECTION SIDESWIPE,CLEAR,DRY,DAYLIGHT,NO CONTROLS,NONE DETECTED,,A315EBB8-5D9A-4EA5-B04A-3D577C8F76D0,Yes,NO APPARENT INJURY,N/A,NOT DISTRACTED,MD,22E2A41B-1266-44A0-A630-D528AAAD530F,NO DAMAGE,FOUR OCLOCK,PICKUP TRUCK,SLOWING OR STOPPING,East,35,No,No,2014,FORD,TRUCK,38.98831333,-77.07967,"(38.98831333, -77.07967)"
MCP2875008J,240013724,MONTGOMERY,Property Damage Crash,03/19/2024 10:46:00 AM,,,,Parking Lot Way        PARKING LOT OF 21111 FREDERICK RD.,,,Rear To Side,Clear,,Daylight,,"Not Suspect of Alcohol Use, Not Suspect of Drug Use",,7A9FF855-55A5-4993-B09E-61EE15CCD673,No,No Apparent Injury,,Not Distracted,MD,96ADA6B3-36EE-4746-9B6E-C2119582412D,Superficial,Eight O Clock,Sport Utility Vehicle,Moving Constant Speed,Not On Roadway,0,No,No,2019,CADILLAC,ESCALADE ESV,39.20402211,-77.24507495,"(39.20402211, -77.24507495)"
MCP21920014,15021506,Montgomery County Police,Injury Crash,05/06/2015 10:36:00 AM,US (State),GEORGIA AVE,KING ST,,N/A,,OTHER,CLEAR,DRY,DAYLIGHT,N/A,N/A,,5D09DAB0-F6E7-4872-86ED-032182F0A2B3,Yes,NO APPARENT INJURY,N/A,UNKNOWN,MD,089205AA-AE10-49AB-9829-25DCB81EA6CF,FUNCTIONAL,NINE OCLOCK,TRANSIT BUS,CHANGING LANES,South,30,No,No,2009,NEW FLYER,TBU,38.985955,-77.02672333,"(38.985955, -77.02672333)"
MCP1030000C,15003515,Montgomery County Police,Property Damage Crash,01/22/2015 10:05:00 AM,Interstate (State),EISENHOWER MEMORIAL HWY,EXIT FR MSP WEIGH STATION (SB/L),,N/A,,SAME DIR REND RIGHT TURN,OTHER,WET,DAYLIGHT,NO CONTROLS,NONE DETECTED,,B58109F3-3AC2-4383-9F6C-F437C942CDBC,No,NO APPARENT INJURY,"N/A, WET",NOT DISTRACTED,MD,59102277-403A-4AA3-A212-793190894D4E,SUPERFICIAL,SIX OCLOCK,PASSENGER CAR,MOVING CONSTANT SPEED,South,55,No,No,2013,TOYT,4DR,39.22273333,-77.25366167,"(39.22273333, -77.25366167)"
MCP106400C3,220000275,Montgomery County Police,Property Damage Crash,01/03/2022 12:05:00 PM,Maryland (State),WISCONSIN AVE,N CHELSEA LA,,N/A,,OPPOSITE DIRECTION SIDESWIPE,SNOW,SNOW,DAYLIGHT,NO CONTROLS,N/A,,B4B4E240-B406-44A0-8165-192219B15966,No,NO APPARENT INJURY,"ICY OR SNOW-COVERED, RAIN, SNOW",NOT DISTRACTED,MD,8711BC56-6CC8-4CAD-92FF-1B24DA11B708,DISABLING,ELEVEN OCLOCK,PASSENGER CAR,MOVING CONSTANT SPEED,North,25,No,No,1995,HOND,4S CIVIC,38.99448167,-77.09623167,"(38.99448167, -77.09623167)"
EJ77470014,15023444,Gaithersburg Police Depar,Property Damage Crash,05/16/2015 11:11:00 AM,,,,Parking lot of Lowes Home Improvement Center,,,HEAD ON LEFT TURN,CLEAR,,DAYLIGHT,N/A,COMBINED SUBSTANCE PRESENT,,45C09FBA-0FC7-4960-A8F1-B5A439125947,Yes,NO APPARENT INJURY,N/A,INATTENTIVE OR LOST IN THOUGHT,MD,577054DA-5A7A-40B6-8F5A-504DA87EAF71,SUPERFICIAL,ELEVEN OCLOCK,PASSENGER CAR,PARKING,South,5,No,No,2009,MERZ,C300,39.12489667,-77.23632667,"(39.12489667, -77.23632667)"
EJ7851001D,16012595,Gaithersburg Police Depar,Injury Crash,03/15/2016 01:50:00 PM,County,ODENDHAL AVE,GOSHEN RD,,N/A,,SAME DIR REAR END,CLEAR,DRY,DAYLIGHT,TRAFFIC SIGNAL,UNKNOWN,,A19C9DC4-E032-4EEB-BC51-C0B0345E67F1,Yes,NO APPARENT INJURY,N/A,UNKNOWN,,3105763E-FF16-4D7A-85AF-474056D43AB1,FUNCTIONAL,TWELVE OCLOCK,PASSENGER CAR,SLOWING OR STOPPING,North,25,No,No,0,AUDI,UNKNOWN,39.15232779,-77.19240904,"(39.15232779, -77.19240904)"
EJ7852005T,220032495,Gaithersburg Police Depar,Property Damage Crash,07/28/2022 05:00:00 PM,,,,438 NORTH FREDERICK AVENUE,,,OTHER,N/A,,DAYLIGHT,N/A,NONE DETECTED,,BEAA5204-3AFB-434D-A1DE-1D3DCC17507D,Yes,NO APPARENT INJURY,N/A,LOOKED BUT DID NOT SEE,MD,9DEBA897-24E5-4B01-B0AA-0759BEDFEB76,DISABLING,ONE OCLOCK,PASSENGER CAR,MOVING CONSTANT SPEED,North,5,No,No,2018,TOYT,TK,39.13998415,-77.1955464,"(39.13998415, -77.1955464)"
MCP3086000G,170534912,Montgomery County Police,Property Damage Crash,10/05/2017 01:10:00 PM,Maryland (State),WOODFIELD RD,ENT TO ROUTE 124 PLAZA,,N/A,,SAME DIRECTION SIDESWIPE,CLOUDY,DRY,DAYLIGHT,N/A,NONE DETECTED,,153037DA-E103-4ECC-B3C1-25EEDE1FF1A5,Yes,NO APPARENT INJURY,N/A,NOT DISTRACTED,MD,D13B9590-BCC3-4987-9C74-DA15C5D1F749,SUPERFICIAL,TWELVE OCLOCK,"MEDIUM/HEAVY TRUCKS 3 AXLES (OVER 10,000LBS (4,536KG))",MOVING CONSTANT SPEED,South,45,No,No,2016,INTL,BOX TRUCK,39.16152333,-77.15865167,"(39.16152333, -77.15865167)"
MCP1174004P,210001328,Montgomery County Police,Property Damage Crash,01/11/2021 12:24:00 PM,Maryland (State),WISCONSIN AVE,EAST WEST HWY (W/B COUPLET),,N/A,,SAME DIRECTION LEFT TURN,CLEAR,DRY,DAYLIGHT,TRAFFIC SIGNAL,NONE DETECTED,,1E313D6C-6615-4C40-A2A4-7258992CD987,No,NO APPARENT INJURY,N/A,NOT DISTRACTED,MD,88414C2A-28E7-4144-BF53-65F4ADF601B8,SUPERFICIAL,ONE OCLOCK,PASSENGER CAR,MOVING CONSTANT SPEED,West,25,No,No,2014,HONDA,PILOT,38.98478924,-77.09419997,"(38.98478924, -77.09419997)"
MCP2814003M,230011132,Montgomery County Police,Injury Crash,03/07/2023 08:36:00 AM,Maryland (State),MONTGOMERY VILLAGE AVE,FREDERICK RD,,N/A,,SAME DIRECTION SIDESWIPE,N/A,N/A,DAYLIGHT,NO CONTROLS,NONE DETECTED,,896CC60F-0E54-48D6-8FD4-DEB50692D930,No,NO APPARENT INJURY,N/A,NOT DISTRACTED,MD,68F88547-5C7C-4366-98DC-7A9FEB61BF7D,SUPERFICIAL,SIX OCLOCK,PASSENGER CAR,MOVING CONSTANT SPEED,East,35,No,No,2010,FORD,TRUCK,39.15351938,-77.21113092,"(39.15351938, -77.21113092)"
MCP2749001B,16049308,Montgomery County Police,Injury Crash,09/25/2016 11:29:00 AM,Maryland (State),DR BIRD RD,OLNEY SANDY SPRING RD,,N/A,,SAME DIR REAR END,CLEAR,DRY,DAYLIGHT,TRAFFIC SIGNAL,NONE DETECTED,,EE9B7790-90E9-45B1-BD26-BCACD6956684,Yes,SUSPECTED MINOR INJURY,N/A,NOT DISTRACTED,MD,B273D0E8-A1FA-411E-B7EA-4BC7B98A6040,DISABLING,TWELVE OCLOCK,MOTORCYCLE,ACCELERATING,South,40,No,No,1994,BMW,MTRCYCLE,39.144,-77.043,"(39.144, -77.043)"
EJ78330014,15056594,GAITHERSBURG,Injury Crash,11/06/2015 04:24:00 PM,Maryland (State),FREDERICK RD,DALAMAR ST,,GAITHERSBURG,,STRAIGHT MOVEMENT ANGLE,CLOUDY,DRY,DAYLIGHT,NO CONTROLS,NONE DETECTED,,386B42E9-BF0A-4E4C-88A0-D303B8D460B4,No,SUSPECTED MINOR INJURY,N/A,NOT DISTRACTED,MD,707F8D55-ED66-4D8F-AB4D-8507F358DDC9,FUNCTIONAL,TWO OCLOCK,PASSENGER CAR,MOVING CONSTANT SPEED,North,30,No,No,2002,HOND,CIVIC,39.14698,-77.20550167,"(39.14698, -77.20550167)"
MCP2783005X,240046016,MONTGOMERY,Property Damage Crash,09/26/2024 05:40:00 PM,Maryland (State) Route,NEW HAMPSHIRE AVE (SB/L),,,,,Angle,Clear,Dry,Daylight,No Controls,"Not Suspect of Alcohol Use, Not Suspect of Drug Use",,D20FD12A-EE95-4C9B-943D-A23C4A388959,No,No Apparent Injury,,Not Distracted,MD,76708886-9BC3-48C1-AF7B-4497049A6835,Disabling,Eleven O Clock,Passenger Car,Moving Constant Speed,Southbound,45,No,No,2009,HONDA,ODYSSEY,39.07700892,-77.00193917,"(39.07700892, -77.00193917)"
MCP3117000Q,180024989,Montgomery County Police,Property Damage Crash,05/21/2018 08:00:00 PM,County,VICTORY LA,GREENLANE DR,,N/A,,SAME DIR REAR END,CLEAR,DRY,DARK LIGHTS ON,NO CONTROLS,NONE DETECTED,,1EC0179C-1FF3-4F2F-9484-BD9F1C4EA39F,Yes,NO APPARENT INJURY,N/A,OTHER CELLULAR PHONE RELATED,VA,CF133C6E-4239-4F34-9074-9F29416F4273,DISABLING,TWELVE OCLOCK,PASSENGER CAR,MOVING CONSTANT SPEED,West,25,No,No,2008,NISSAN,ROGUE,39.1261319,-77.27253199,"(39.1261319, -77.27253199)"
MCP3334000X,230003762,Montgomery County Police,Property Damage Crash,01/23/2023 04:09:00 PM,Other Public Roadway,W FALKLAND LA,EAST WEST HWY,,N/A,,SAME DIR REAR END,CLEAR,WET,DAYLIGHT,NO CONTROLS,NONE DETECTED,,B0BA53ED-5C16-4572-A03D-4F284E09BE76,Yes,NO APPARENT INJURY,N/A,UNKNOWN,MD,6B8BBA7F-2109-47EF-81D6-E835864A3E81,FUNCTIONAL,TWELVE OCLOCK,PASSENGER CAR,ACCELERATING,West,35,No,No,2005,HONDA,CP,38.99459227,-77.03437977,"(38.99459227, -77.03437977)"
MCP2869001P,16035973,Montgomery County Police,Injury Crash,07/15/2016 10:51:00 PM,Maryland (State),GEORGIA AVE,RALPH RD,,N/A,,STRAIGHT MOVEMENT ANGLE,CLEAR,DRY,DARK LIGHTS ON,NO CONTROLS,NONE DETECTED,,513244AD-C639-4C7D-8012-ECB3AFBED71A,Yes,NO APPARENT INJURY,N/A,LOOKED BUT DID NOT SEE,MD,BF954B04-10CB-4F31-B07C-F19B1A536999,DISABLING,TWO OCLOCK,PASSENGER CAR,MAKING LEFT TURN,West,45,No,No,2013,NISSAN,4D,39.07804833,-77.07166167,"(39.07804833, -77.07166167)"
MCP3140000B,180044989,Montgomery County Police,Injury Crash,09/09/2018 03:19:00 AM,County,EDSON LA,STRAND DR,,N/A,,SAME DIR REAR END,RAINING,WET,DARK LIGHTS ON,N/A,ALCOHOL CONTRIBUTED,,90C0F04A-EB97-4613-8ED3-89159A24CAFA,Yes,POSSIBLE INJURY,"RAIN, SNOW, WET",UNKNOWN,CA,415464ED-62A8-4E8F-8722-57BC46720ED9,DISABLING,TWELVE OCLOCK,(SPORT) UTILITY VEHICLE,MOVING CONSTANT SPEED,West,30,No,No,2018,HYUNDAI,TUCSON,39.04034209,-77.11619266,"(39.04034209, -77.11619266)"
DD5666001G,240045164,ROCKVILLE,Property Damage Crash,09/22/2024 06:00:00 AM,Maryland (State) Route,ROCKVILLE PIKE (SB/L),,,,,Angle,Cloudy,Wet,Dawn,Traffic Control Signal,"Not Suspect of Alcohol Use, Not Suspect of Drug Use",,831B1ADA-E384-46E2-B59A-0793F2EE4411,No,No Apparent Injury,,Not Distracted,MD,FC8EF5EA-A1C7-4BB9-8E91-EA0C4429A106,Disabling,Ten O Clock,Passenger Car,Moving Constant Speed,Southbound,35,No,No,2020,HYUNDAI,ELANTRA,39.0695362,-77.13082049,"(39.0695362, -77.13082049)"
MCP25130041,240031538,MONTGOMERY,Property Damage Crash,07/04/2024 11:56:00 AM,US (State),,,,,,Front to Rear,Clear,Dry,Daylight,No Controls,"Not Suspect of Alcohol Use, Not Suspect of Drug Use",,034B8202-0FE3-4B99-984F-C46021D37AD4,No,No Apparent Injury,,Not Distracted,MD,8BA5F364-6B3E-4FE7-A949-D500CF131575,Superficial,Six O Clock,Sport Utility Vehicle,Slowing or Stopping,Southbound,35,No,No,2016,KIA,SORENTO,38.99805044,-77.02677878,"(38.99805044, -77.02677878)"
MCP9419002R,210017858,Montgomery County Police,Injury Crash,05/12/2021 12:12:00 PM,County,E GUDE DR,CALHOUN DR,,N/A,,STRAIGHT MOVEMENT ANGLE,CLEAR,DRY,DAYLIGHT,TRAFFIC SIGNAL,NONE DETECTED,,BBDE692E-EF8D-4D2B-99CE-D7E7F25A8EA0,Yes,POSSIBLE INJURY,N/A,NOT DISTRACTED,MD,9F97527F-B769-4D82-8CC7-51F51FDD3EFE,DISABLING,ONE OCLOCK,PASSENGER CAR,MAKING LEFT TURN,West,40,No,No,2015,BMW,328XI,39.10550167,-77.14469167,"(39.10550167, -77.14469167)"
MCP3122002K,190055936,Montgomery County Police,Property Damage Crash,11/19/2019 09:35:00 AM,County,RANDOLPH RD,GOODHILL RD,,N/A,,SAME DIRECTION SIDESWIPE,CLEAR,DRY,DARK LIGHTS ON,N/A,NONE DETECTED,,F00D5743-D0C5-46C1-9E64-B75141E4687F,No,NO APPARENT INJURY,N/A,NOT DISTRACTED,MD,4AF2C4C2-0D91-44D5-B6FB-4CA3D4BE951F,DISABLING,ELEVEN OCLOCK,PASSENGER CAR,MOVING CONSTANT SPEED,East,35,No,No,2011,TOYOTA,CAMRY,39.05854333,-77.07077833,"(39.05854333, -77.07077833)"
MCP30950055,240022962,MONTGOMERY,Injury Crash,05/15/2024 02:45:00 PM,US (State),COLUMBIA PIKE,,,,,Front to Rear,Clear,Dry,Daylight,Traffic Control Signal,"Not Suspect of Alcohol Use, Not Suspect of Drug Use",,4F36FB05-D183-4BA7-A31A-567E0C446E13,No,Suspected Minor Injury,,Not Distracted,MD,7BA2313B-4311-4702-AB18-555FE4C86467,Disabling,Six O Clock,Passenger Car,Slowing or Stopping,Northbound,50,No,No,2016,TOYOTA,CAMRY,39.05369583,-76.97521248,"(39.05369583, -76.97521248)"
MCP12570007,15003022,Montgomery County Police,Property Damage Crash,01/19/2015 02:00:00 PM,,,,parking lot of 19718 germantown rd.,,,OTHER,CLEAR,,DAYLIGHT,NO CONTROLS,NONE DETECTED,,B3C7AA16-0951-4C38-8663-0DFEAFBDB755,Yes,NO APPARENT INJURY,N/A,LOOKED BUT DID NOT SEE,MD,25443D4F-7EEA-41EC-A416-8116AD9202BD,SUPERFICIAL,SIX OCLOCK,PASSENGER CAR,BACKING,South,5,Unknown,No,1995,MAZDA,4S,39.183965,-77.26362167,"(39.183965, -77.26362167)"
MCP2978002V,180064540,Montgomery County Police,Injury Crash,12/26/2018 12:00:00 PM,County,SHADY GROVE RD,FREDERICK RD,,N/A,,OTHER,CLEAR,OTHER,DAYLIGHT,N/A,UNKNOWN,,30420D3A-2060-4E86-9D37-9D74F80CC492,Yes,NO APPARENT INJURY,N/A,UNKNOWN,,4EC1C9AB-D3D2-4310-B230-9D44E6D38EB8,UNKNOWN,UNKNOWN,PASSENGER CAR,STARTING FROM PARKED,Unknown,5,No,No,1900,FORD,F150,39.1213706,-77.1736067,"(39.1213706, -77.1736067)"
MCP27230042,190004099,Montgomery County Police,Property Damage Crash,01/26/2019 06:30:00 AM,County,TAMARACK RD,MIMOSA LA,,N/A,,SAME DIR REAR END,OTHER,DRY,DARK -- UNKNOWN LIGHTING,NO CONTROLS,N/A,,A24B1892-22F6-4F8A-B078-27287DB87F43,Yes,NO APPARENT INJURY,N/A,UNKNOWN,MD,9797A107-D02D-4063-8626-21C7D18D2A1B,DISABLING,ONE OCLOCK,PASSENGER CAR,MOVING CONSTANT SPEED,North,30,No,No,2011,MERCEDES,C300,39.07715833,-76.98058,"(39.07715833, -76.98058)"
DD5624004K,200049556,Rockville Police Departme,Property Damage Crash,12/16/2020 04:55:00 PM,,,,IN PARKING LOT OF 14000,,,OTHER,RAINING,,DARK LIGHTS ON,N/A,NONE DETECTED,,E2EEBC7B-2B7B-4A61-85B6-7837A3DC05C5,No,NO APPARENT INJURY,"ICY OR SNOW-COVERED, SLEET, HAIL, FREEZ. RAIN, WET",NOT DISTRACTED,MD,11806D4B-29FE-4D88-9AFC-EEF9478B47DC,SUPERFICIAL,SEVEN OCLOCK,PASSENGER CAR,PARKED,,10,No,Yes,2010,NISSAN,SEDAN,39.08512479,-77.1203401,"(39.08512479, -77.1203401)"
MCP28920098,210013297,Montgomery County Police,Injury Crash,04/09/2021 05:42:00 PM,Maryland (State),GEORGIA AVE,FLORA LA,,N/A,,SAME DIRECTION RIGHT TURN,RAINING,WET,DAYLIGHT,NO CONTROLS,NONE DETECTED,,30B8FA93-01E6-495D-BB5B-AE2741E6D530,Yes,NO APPARENT INJURY,"RAIN, SNOW, WET",LOOKED BUT DID NOT SEE,MD,AB2EF2BE-5C35-49DE-95A6-738ACF9EEBC9,SUPERFICIAL,TWELVE OCLOCK,PASSENGER CAR,MAKING RIGHT TURN,North,35,No,No,2014,HYUN,TK,39.01120833,-77.041195,"(39.01120833, -77.041195)"
EJ78660055,190006679,Gaithersburg Police Depar,Property Damage Crash,02/11/2019 01:15:00 PM,Maryland (State),W DIAMOND AVE,BUREAU DR,,GAITHERSBURG,,SAME DIRECTION RIGHT TURN,RAINING,WET,DAYLIGHT,N/A,NONE DETECTED,,B9B61ABB-C1E1-4DC3-8FA4-78F0878382BC,Yes,NO APPARENT INJURY,"SLEET, HAIL, FREEZ. RAIN, WET",LOOKED BUT DID NOT SEE,MD,67149683-5B07-4B3F-BEC3-BEA9B0805347,DISABLING,ONE OCLOCK,(SPORT) UTILITY VEHICLE,CHANGING LANES,West,35,No,No,2016,LNDR,LR4,39.14149167,-77.21691167,"(39.14149167, -77.21691167)"
MCP3143000Y,190008814,Montgomery County Police,Property Damage Crash,02/24/2019 12:11:00 PM,County,GREENTREE RD,HEMPSTEAD AVE,,N/A,,STRAIGHT MOVEMENT ANGLE,CLEAR,DRY,DAYLIGHT,STOP SIGN,NONE DETECTED,,D66FB6C5-A8C2-461F-8CC4-EA223C0E6D86,Yes,NO APPARENT INJURY,N/A,LOOKED BUT DID NOT SEE,MD,6D28006D-78D4-45AE-9E79-4ED846DCB64B,DISABLING,SEVEN OCLOCK,PASSENGER CAR,STARTING FROM LANE,South,35,No,No,2011,HONDA,PILOT,39.00072,-77.11586167,"(39.00072, -77.11586167)"
MCP3179000F,190016056,Montgomery County Police,Property Damage Crash,04/06/2019 08:28:00 PM,Maryland (State),VEIRS MILL RD,HAVARD ST,,N/A,,SAME DIRECTION SIDESWIPE,CLEAR,DRY,DARK NO LIGHTS,NO CONTROLS,NONE DETECTED,,2D419C33-F892-45D0-A848-7259A5158B6E,Yes,NO APPARENT INJURY,N/A,LOOKED BUT DID NOT SEE,MD,413E0E65-13AF-4B4A-AD3E-1468AB045826,SUPERFICIAL,TWO OCLOCK,PASSENGER CAR,CHANGING LANES,East,45,No,No,1997,HONDA,ACCORD,39.05844413,-77.08669529,"(39.05844413, -77.08669529)"
MCP3190000Q,190024420,Montgomery County Police,Property Damage Crash,05/22/2019 06:00:00 PM,Maryland (State),GEORGIA AVE,CONNECTICUT AVE,,N/A,,OTHER,CLEAR,DRY,DAYLIGHT,TRAFFIC SIGNAL,NONE DETECTED,,BF4E2D42-EF90-4766-9848-667BCDCE7CF0,No,NO APPARENT INJURY,N/A,NOT DISTRACTED,MD,C22ED612-F56D-46A6-BE82-BC564FCFE2AD,SUPERFICIAL,NINE OCLOCK,PASSENGER CAR,CHANGING LANES,South,50,No,No,2003,HONDA,ODYSSEY,39.08391939,-77.07798352,"(39.08391939, -77.07798352)"
MCP30380053,210020082,Montgomery County Police,Injury Crash,05/27/2021 03:23:00 PM,County,FENTON ST,WAYNE AVE,,N/A,PEDESTRIAN,OTHER,CLEAR,DRY,DAYLIGHT,TRAFFIC SIGNAL,N/A,NONE DETECTED,4BA8EEA8-73DE-4FA4-BA05-190B9CD4E625,Yes,NO APPARENT INJURY,N/A,UNKNOWN,,DD05FDD9-64B1-4CB0-A974-1D369A23F7AD,UNKNOWN,TWELVE OCLOCK,(SPORT) UTILITY VEHICLE,MAKING RIGHT TURN,West,30,No,No,0,UNKNOWN,UNKNOWN,38.99552664,-77.02445613,"(38.99552664, -77.02445613)"
MCP2046009V,190013171,Montgomery County Police,Property Damage Crash,03/22/2019 08:59:00 AM,,,,PARKING LOT OF 11200 LOCKWOOD DR,,,SAME DIR REAR END,N/A,,DAYLIGHT,N/A,NONE DETECTED,,4162EC2A-8214-4943-8E28-EA63F2BA35D8,Yes,NO APPARENT INJURY,N/A,NOT DISTRACTED,MD,9E748D1D-8963-4A0C-8F9C-005E12F4E8C1,SUPERFICIAL,TWELVE OCLOCK,(SPORT) UTILITY VEHICLE,SLOWING OR STOPPING,North,0,No,No,2001,MERZ,ML320,39.03986667,-76.99162,"(39.03986667, -76.99162)"
MCP27230069,220016036,Montgomery County Police,Injury Crash,04/15/2022 05:40:00 PM,Maryland (State),GEORGIA AVE,WENDY LA,,N/A,BICYCLIST,SINGLE VEHICLE,CLEAR,DRY,DAYLIGHT,NO CONTROLS,N/A,UNKNOWN,29B1C967-7796-4A9C-9970-F43DFDC79288,No,NO APPARENT INJURY,N/A,NOT DISTRACTED,MD,E8977C19-3866-422D-A0D5-CB55B1C0574B,FUNCTIONAL,TEN OCLOCK,PASSENGER CAR,MOVING CONSTANT SPEED,North,35,No,No,2014,CHEVY,SILVERADO,39.08033167,-77.07376333,"(39.08033167, -77.07376333)"
DD5625000M,180028943,Rockville Police Departme,Injury Crash,06/12/2018 08:27:00 AM,County,E GUDE DR,DOVER RD,,N/A,,HEAD ON LEFT TURN,CLEAR,DRY,DAYLIGHT,TRAFFIC SIGNAL,NONE DETECTED,,450752E9-5475-457D-8632-3141F6F3BE1A,Yes,POSSIBLE INJURY,N/A,LOOKED BUT DID NOT SEE,MD,912186CB-21E9-446F-9FE8-08FF532EC7DB,FUNCTIONAL,TWO OCLOCK,PASSENGER CAR,MAKING LEFT TURN,South,40,No,No,2012,FORD,MUSTAND,39.09989712,-77.13978946,"(39.09989712, -77.13978946)"