Report Number,Local Case Number,Agency Name,ACRS Report Type,Crash Date/Time,Route Type,Road Name,Cross-Street Name,Off-Road Description,Municipality,Related Non-Motorist,Collision Type,Weather,Surface Condition,Light,Traffic Control,Driver Substance Abuse,Non-Motorist Substance Abuse,Person ID,Driver At Fault,Injury Severity,Circumstance,Driver Distracted By,Drivers License State,Vehicle ID,Vehicle Damage Extent,Vehicle First Impact Location,Vehicle Body Type,Vehicle Movement,Vehicle Going Dir,Speed Limit,Driverless Vehicle,Parked Vehicle,Vehicle Year,Vehicle Make,Vehicle Model,Latitude,Longitude,Location
MCP33500013,230052223,Montgomery County Police,Property Damage Crash,08/30/2023 01:10:00 PM,Maryland (State),MONTGOMERY AVE,PEARL ST,,N/A,,STRAIGHT MOVEMENT ANGLE,CLEAR,DRY,DAYLIGHT,TRAFFIC SIGNAL,NONE DETECTED,,31D9D161-6A1E-48CD-94E5-19AC1AC32A6A,No,NO APPARENT INJURY,N/A,NOT DISTRACTED,MD,139206AA-9B5E-4BC6-88E2-9FDAAA539DA1,FUNCTIONAL,TWELVE OCLOCK,(SPORT) UTILITY VEHICLE,STARTING FROM LANE,North,20,No,No,2014,HOND,CR-V,38.98365,-77.09195,"(38.98365, -77.09195)"
MCP31780015,190047918,Montgomery County Police,Property Damage Crash,10/06/2019 08:05:00 AM,Maryland (State),GEORGIA AVE,OLNEY SANDY SPRING RD,,N/A,,STRAIGHT MOVEMENT ANGLE,CLOUDY,DRY,DAYLIGHT,TRAFFIC SIGNAL,NONE DETECTED,,E2995D10-9812-43EA-9FA7-62B38AE438A3,Yes,NO APPARENT INJURY,N/A,INATTENTIVE OR LOST IN THOUGHT,MD,05060467-285D-41CD-9952-8BEF352D1EB9,DISABLING,TWELVE OCLOCK,PASSENGER CAR,MOVING CONSTANT SPEED,North,30,No,No,2019,HONDA,CRV,39.15282107,-77.06636884,"(39.15282107, -77.06636884)"
MCP31360076,240045534,MONTGOMERY,Injury Crash,09/24/2024 11:52:00 AM,Bicycle Route,,,,,,Front to Rear,Cloudy,Dry,Daylight,No Controls,"Unknown, Unknown",,B166E55E-22DF-431E-B349-3F5FB418BAF3,No,No Apparent Injury,Followed Too Closely,Unknown,,F216B80A-5BF7-4DA0-BFE1-6002915F1035,Superficial,Twelve O Clock,Passenger Car,Slowing or Stopping,Northbound,25,No,No,2016,TOYOTA,COROLLA,38.99887639,-76.99796873,"(38.99887639, -76.99796873)"
DD56100067,200041975,Rockville Police Departme,Injury Crash,10/24/2020 01:55:00 PM,Maryland (State),HUNGERFORD DR,N WASHINGTON ST,,ROCKVILLE,,HEAD ON LEFT TURN,CLEAR,DRY,DAYLIGHT,TRAFFIC SIGNAL,NONE DETECTED,,37CDDAEE-A51C-4E92-936E-F864C740262E,Yes,POSSIBLE INJURY,N/A,UNKNOWN,MD,2E87E904-E0DD-4523-A090-75B77B220D44,FUNCTIONAL,TWELVE OCLOCK,PASSENGER CAR,MAKING LEFT TURN,South,40,No,No,2015,HONDA,CIVIC,39.07888456,-77.15006502,"(39.07888456, -77.15006502)"
MCP2361001W,210041436,Montgomery County Police,Injury Crash,10/15/2021 07:53:00 PM,Maryland (State),MONTGOMERY VILLAGE AVE,RUSSELL AVE,,GAITHERSBURG,,HEAD ON LEFT TURN,CLEAR,DRY,DARK LIGHTS ON,TRAFFIC SIGNAL,NONE DETECTED,,723FD180-C944-4652-84F1-771852EEEE02,Yes,SUSPECTED MINOR INJURY,N/A,NOT DISTRACTED,MD,A302EBE9-68FC-4316-8936-DA2AE28D27D3,DESTROYED,TWELVE OCLOCK,PASSENGER CAR,MAKING LEFT TURN,South,35,No,No,2015,FORD,ESCAPE,39.15448167,-77.20921,"(39.15448167, -77.20921)"
MCP9301002X,190042483,Montgomery County Police,Injury Crash,09/05/2019 07:30:00 AM,Maryland (State),S FREDERICK RD,W DEER PARK RD,,GAITHERSBURG,,HEAD ON LEFT TURN,N/A,N/A,DAYLIGHT,TRAFFIC SIGNAL,N/A,,EDA22F15-2797-4189-A0C8-F78B6BD3D074,No,NO APPARENT INJURY,N/A,NOT DISTRACTED,MD,DB3577BD-5F82-4E35-93C9-EABF98F2AC5A,DISABLING,TWELVE OCLOCK,PASSENGER CAR,MOVING CONSTANT SPEED,South,35,No,No,2017,FORD,VN,39.13228333,-77.18911833,"(39.13228333, -77.18911833)"
MCP1151009K,190025591,Montgomery County Police,Property Damage Crash,05/30/2019 11:22:00 AM,,,,PARKING LOT OF 12901 SUGARLOAF CHAPEL DRIVE,,,OTHER,CLEAR,,DAYLIGHT,NO CONTROLS,NONE DETECTED,,E6305B15-D6E0-4BE0-9FE1-9DA13EF4F431,Yes,NO APPARENT INJURY,N/A,UNKNOWN,MD,CADFFEA2-0EFA-4E04-928F-B5C23BE30F67,FUNCTIONAL,ELEVEN OCLOCK,PASSENGER CAR,BACKING,Unknown,0,No,No,2001,HONDA,ACCORD,39.2461567,-77.2730514,"(39.2461567, -77.2730514)"
DD5658001B,230053260,Rockville Police Departme,Property Damage Crash,09/05/2023 11:50:00 AM,,FALLS ROAD,WOTTON PARKWAY,,N/A,,SAME DIR REAR END,CLEAR,DRY,DAYLIGHT,TRAFFIC SIGNAL,N/A,,33294810-C0B1-4C67-BAE6-7705FE0F7AAC,Yes,NO APPARENT INJURY,N/A,UNKNOWN,MD,1BD0C16F-0F95-4DA1-86AF-CA0E20A52EDF,DISABLING,TWELVE OCLOCK,PASSENGER CAR,MOVING CONSTANT SPEED,East,25,No,No,2023,KIA,TELLURIDE,39.06993617,-77.1705716,"(39.06993617, -77.1705716)"
MCP3150000Y,190022301,Montgomery County Police,Property Damage Crash,05/11/2019 09:28:00 PM,County,OLD COLUMBIA PIKE,TECH RD,,N/A,,SAME DIR REAR END,RAINING,WET,DARK LIGHTS ON,TRAFFIC SIGNAL,N/A,,2EF76543-540C-4EA1-8AAF-3E251EF8D855,No,NO APPARENT INJURY,"V WIPERS|W OTHER ENVIRONMENTAL, WET",NOT DISTRACTED,MD,61EA774B-C866-430C-805B-C406D08BB1E0,DISABLING,FIVE OCLOCK,PASSENGER CAR,SLOWING OR STOPPING,North,0,No,No,2016,CHEVROLET,EQUINOX,39.05821167,-76.96823,"(39.05821167, -76.96823)"
MCP06170004,16007741,Montgomery County Police,Injury Crash,02/16/2016 06:14:00 AM,Maryland (State),NORBECK RD,NORBECK BLVD,,N/A,,SINGLE VEHICLE,WINTRY MIX,SLUSH,DARK LIGHTS ON,N/A,N/A,,AA0900F2-4C90-47A7-96C6-C49E44B9E800,Yes,SUSPECTED MINOR INJURY,"ICY OR SNOW-COVERED, SLEET, HAIL, FREEZ. RAIN",NOT DISTRACTED,MD,211A9488-07BA-468B-B769-DFB05CAF767B,DISABLING,TWELVE OCLOCK,PASSENGER CAR,MOVING CONSTANT SPEED,East,30,No,No,2010,NISSIAN,MAXIMA,39.08399,-77.07804833,"(39.08399, -77.07804833)"
MCP3153003V,220008799,Montgomery County Police,Injury Crash,03/01/2022 10:04:00 AM,Other Public Roadway,ASTRODOME DR,BEL PRE RD,,N/A,,STRAIGHT MOVEMENT ANGLE,CLOUDY,DRY,DAYLIGHT,NO CONTROLS,NONE DETECTED,,F9F423F5-0B76-46CC-88E0-7BB8A32B82F4,No,POSSIBLE INJURY,N/A,NOT DISTRACTED,MD,ABA4D57B-34FC-44FD-8587-077935C84073,DISABLING,ONE OCLOCK,PASSENGER CAR,MOVING CONSTANT SPEED,South,10,No,No,2003,TOYOTA,CAMRY,39.09136512,-77.05055179,"(39.09136512, -77.05055179)"
MCP2455005Y,230023031,Montgomery County Police,Property Damage Crash,05/13/2023 07:47:00 PM,,,,PARKING LOT OF 12035 ROCKVILLE PIKE,,,STRAIGHT MOVEMENT ANGLE,RAINING,,DAYLIGHT,STOP SIGN,NONE DETECTED,,74AF1B58-F6C4-4AF4-8728-C78274000599,Yes,NO APPARENT INJURY,"N/A, RAIN, SNOW",UNKNOWN,VA,F1857B00-5870-4C5A-8C36-25C550F3BF47,FUNCTIONAL,FIVE OCLOCK,PASSENGER CAR,ACCELERATING,Unknown,5,No,No,2021,SUBARU,WRX,39.05542795,-77.11736271,"(39.05542795, -77.11736271)"
EJ7906002H,250024266,GAITHERSBURG,Property Damage Crash,05/31/2025 09:18:00 PM,,,,"Parking Stall        396 N SUMMIT AVE, GAITHERSBURG, MD 20877",,,Front to Front,Clear,,Daylight,,"Not Suspect of Alcohol Use, Not Suspect of Drug Use",,5F03CB5A-8BFC-4013-ACC6-A9FF2683D2B0,Yes,No Apparent Injury,,Unknown,TX,07250AB0-F289-467B-B7A8-27226DEDF23F,Superficial,Eleven O Clock,Passenger Car,Slowing or Stopping,Not On Roadway,0,No,No,2007,FORD,EXPEDITION,39.14993415,-77.19084751,"(39.14993415, -77.19084751)"
MCP2077002T,180064009,Montgomery County Police,Injury Crash,12/22/2018 02:10:00 PM,Maryland (State),GEORGIA AVE,ENT TO BUSINESS,,N/A,,HEAD ON LEFT TURN,CLEAR,DRY,DAYLIGHT,NO CONTROLS,NONE DETECTED,,A951C1D8-7F87-4EBE-A34F-DCED66BD429E,Yes,NO APPARENT INJURY,N/A,LOOKED BUT DID NOT SEE,MD,C3B99EE6-4C84-4513-8F22-8A2E60BCF00A,SUPERFICIAL,TWO OCLOCK,PASSENGER CAR,MAKING LEFT TURN,North,40,No,No,2010,SCION,XD,39.08523833,-77.07874667,"(39.08523833, -77.07874667)"
MCP2586007H,240030470,MONTGOMERY,Injury Crash,06/27/2024 09:00:00 PM,County Route,LEWIS DR,LOCUST DR RIDGE RD RIDGE RD (SB/L),,,,Rear To Rear,Clear,Dry,Dark - Lighted,Traffic Control Signal,"Not Suspect of Alcohol Use, Not Suspect of Drug Use",,7196BCD6-0F29-490F-A960-9062CB8A1AE4,No,Suspected Minor Injury,,Not Distracted,MD,B14B46A2-3B22-4CD5-A01F-4852B91A22B3,Disabling,Twelve O Clock,Passenger Car,Moving Constant Speed,Southbound,30,No,,1997,HONDA,CIVIC,39.28847037,-77.20609446,"(39.28847037, -77.20609446)"
EJ7894003H,230057687,Gaithersburg Police Depar,Property Damage Crash,09/30/2023 01:02:00 PM,Maryland (State),GREAT SENECA HWY,HIGH GABLES DR,,N/A,,STRAIGHT MOVEMENT ANGLE,CLEAR,DRY,DAYLIGHT,NO CONTROLS,NONE DETECTED,,0EF6EB25-E92B-4531-8305-5C44A37689FE,Yes,NO APPARENT INJURY,N/A,LOOKED BUT DID NOT SEE,VA,2244AF8D-E7C1-4568-BD7C-F54AF662C040,FUNCTIONAL,TWELVE OCLOCK,PASSENGER CAR,MAKING LEFT TURN,West,55,No,No,2020,BMW,X7,39.11562308,-77.22335431,"(39.11562308, -77.22335431)"
MCP2992000V,16039324,Montgomery County Police,Property Damage Crash,08/03/2016 07:04:00 PM,Maryland (State),GEORGIA AVE,HEATHFIELD RD,,N/A,,SAME DIR REAR END,CLEAR,DRY,DAYLIGHT,NO CONTROLS,NONE DETECTED,,9AE6CBB1-3996-4410-B74B-C330CA624436,No,NO APPARENT INJURY,N/A,NOT DISTRACTED,MD,0EBCFA4C-2037-44C1-A904-8AB502D9A035,FUNCTIONAL,SIX OCLOCK,PASSENGER CAR,SLOWING OR STOPPING,North,45,No,No,2005,MERZ,4S,39.08837333,-77.07957333,"(39.08837333, -77.07957333)"
MCP3133002Y,210048583,Montgomery County Police,Property Damage Crash,11/30/2021 12:20:00 PM,Maryland (State),CONNECTICUT AVE,INDEPENDENCE ST,,N/A,,OPPOSITE DIR BOTH LEFT TURN,CLEAR,DRY,DAYLIGHT,NO CONTROLS,NONE DETECTED,,2E8FC4DC-661F-4CC0-81F4-73CE22E9E96C,No,NO APPARENT INJURY,N/A,NOT DISTRACTED,MD,4E277918-6FE7-4040-BC7D-CE84F1D18250,SUPERFICIAL,SIX OCLOCK,PASSENGER CAR,MAKING LEFT TURN,South,45,No,No,2019,CADI,XTS,39.0780976,-77.08087227,"(39.0780976, -77.08087227)"
DD56040053,240028929,ROCKVILLE,Injury Crash,06/18/2024 08:30:00 AM,Municipality Route,FIRST ST SPUR,FIRST ST (WB/L),,,,Rear To Side,Clear,Dry,Daylight,Stop Sign,"Not Suspect of Alcohol Use, Not Suspect of Drug Use",,4311A1EA-7C76-40EE-929F-5EF358BA3717,Yes,Suspected Minor Injury,,Not Distracted,MD,59A698E4-AB04-42F9-89DB-30B43D488DBA,Disabling,Ten O Clock,Passenger Car,Turning Left,Westbound,25,No,No,2020,HYUNDAI,SANTA FE,39.08694311,-77.13510513,"(39.08694311, -77.13510513)"
MCP26740039,220035367,Montgomery County Police,Property Damage Crash,08/16/2022 04:50:00 PM,County,BRINK RD,WILDCAT RD,,N/A,,SAME DIR REAR END,CLEAR,DRY,DAYLIGHT,NO CONTROLS,NONE DETECTED,,2A3A09BF-88E9-40C5-98BA-106B8F983E56,Yes,NO APPARENT INJURY,N/A,NOT DISTRACTED,MD,6E368DFA-3849-40D6-9808-C6A5A4CD4BEA,DISABLING,TWELVE OCLOCK,PASSENGER CAR,SLOWING OR STOPPING,East,40,No,No,2009,CHEVY,VAN,39.20871,-77.23118,"(39.20871, -77.23118)"
MCP1378006H,15029334,Montgomery County Police,Injury Crash,06/16/2015 03:22:00 PM,Maryland (State),OLNEY LAYTONSVILLE RD,FIELDCREST RD,,N/A,,SAME DIR REAR END,CLEAR,DRY,DAYLIGHT,N/A,NONE DETECTED,,B59FEF47-3A22-4453-BBA9-5353DE1B9083,No,SUSPECTED SERIOUS INJURY,N/A,NOT DISTRACTED,MD,C3839FAC-D478-4EAA-94BE-141B2000DF2C,FUNCTIONAL,SIX OCLOCK,(SPORT) UTILITY VEHICLE,STOPPED IN TRAFFIC LANE,West,50,No,No,2015,CHEVY,EQUINOX,39.18804333,-77.11921,"(39.18804333, -77.11921)"
MCP1213001Y,16059262,Montgomery County Police,Injury Crash,11/17/2016 04:33:00 PM,County,RANDOLPH RD,DEWEY RD,,N/A,,STRAIGHT MOVEMENT ANGLE,CLEAR,DRY,DAYLIGHT,NO CONTROLS,NONE DETECTED,,F53BA68A-C16F-43AE-926A-160CFCF4D2E7,Yes,SUSPECTED MINOR INJURY,N/A,LOOKED BUT DID NOT SEE,MD,43B57249-14E6-43A2-BD51-2FE4BA1E7D36,FUNCTIONAL,EIGHT OCLOCK,PASSENGER CAR,ACCELERATING,North,35,No,No,1999,TOYOTA,COROLLA,39.05389333,-77.087025,"(39.05389333, -77.087025)"
EJ78510013,15054174,GAITHERSBURG,Property Damage Crash,10/25/2015 01:08:00 PM,County,MUDDY BRANCH RD,W DIAMOND AVE,,N/A,,SAME DIR REAR END,CLOUDY,DRY,DAYLIGHT,TRAFFIC SIGNAL,NONE DETECTED,,BEC2B302-4DCC-4DB4-98FF-54B66ADD62E5,Yes,NO APPARENT INJURY,N/A,LOOKED BUT DID NOT SEE,MD,3599BE74-FC67-47B9-B3D0-EC2A1E42FD60,DISABLING,TWELVE OCLOCK,PASSENGER CAR,SLOWING OR STOPPING,North,45,No,No,1995,TOYOTA,CAMRY,39.13809934,-77.20543385,"(39.13809934, -77.20543385)"
MCP2930001Q,200044119,Montgomery County Police,Property Damage Crash,11/08/2020 09:55:00 PM,County,LONGMEAD CROSSING DR,NORMANDY CROSSING DR,,N/A,,OTHER,CLEAR,DRY,DARK LIGHTS ON,NO CONTROLS,ALCOHOL CONTRIBUTED,,6FA2D72A-C2F1-4992-AE3F-5C7E4662E39B,Yes,NO APPARENT INJURY,N/A,UNKNOWN,MD,284576E5-34E4-444B-945E-265CBD437ACD,DISABLING,ONE OCLOCK,PASSENGER CAR,UNKNOWN,West,25,No,No,2020,CHEVROLET,MALIBU,39.10082167,-77.05141833,"(39.10082167, -77.05141833)"
MCP3064004C,220007560,Montgomery County Police,Injury Crash,02/21/2022 10:45:00 AM,County,SHOREFIELD RD,GEORGIA AVE,,N/A,PEDESTRIAN,SINGLE VEHICLE,CLEAR,DRY,DAYLIGHT,TRAFFIC SIGNAL,NONE DETECTED,NONE DETECTED,40693C25-F70B-42B7-BAFE-706F9165413C,Unknown,NO APPARENT INJURY,N/A,UNKNOWN,MD,1B8ADC03-5EE3-4648-95B2-4138D452E113,NO DAMAGE,TWELVE OCLOCK,PASSENGER CAR,MAKING RIGHT TURN,North,25,No,No,2015,LEXUS,NX200T,39.05301805,-77.05083386,"(39.05301805, -77.05083386)"
MCP29690062,190005898,Montgomery County Police,Injury Crash,02/06/2019 01:55:00 PM,Maryland (State),SPENCERVILLE RD,PEACH ORCHARD RD,,N/A,,HEAD ON,CLEAR,DRY,DAYLIGHT,NO CONTROLS,NONE DETECTED,,757CF63D-192E-478F-B673-28086E4BD8FC,No,NO APPARENT INJURY,N/A,NOT DISTRACTED,MD,0B60B071-99ED-48D5-8EC2-0C3620351FC0,DISABLING,TWELVE OCLOCK,"MEDIUM/HEAVY TRUCKS 3 AXLES (OVER 10,000LBS (4,536KG))",MOVING CONSTANT SPEED,East,45,No,No,2013,PETERBUILT,REAR LOADER,39.116285,-76.96361333,"(39.116285, -76.96361333)"
MCP26410037,230047568,Montgomery County Police,Property Damage Crash,08/03/2023 06:55:00 AM,County,JOHNSON DR,BETHESDA CHURCH RD,,N/A,,SINGLE VEHICLE,CLOUDY,DRY,DAYLIGHT,N/A,NONE DETECTED,,53656732-93DE-4420-871B-DE18D86B6320,Yes,NO APPARENT INJURY,N/A,UNKNOWN,MD,939BA56E-01D7-4F2F-B256-CFC3AAB3E3F2,DESTROYED,TWELVE OCLOCK,PICKUP TRUCK,MOVING CONSTANT SPEED,West,35,No,No,2001,FORD,F250,39.28674333,-77.22658333,"(39.28674333, -77.22658333)"
MCP3006001F,16053485,Montgomery County Police,Injury Crash,10/18/2016 07:25:00 AM,County,KEMP MILL RD,ARCOLA AVE,,N/A,,ANGLE MEETS LEFT TURN,CLEAR,DRY,DUSK,NO CONTROLS,NONE DETECTED,,C17EF45C-0534-4022-AB21-29BDA68F3589,No,POSSIBLE INJURY,N/A,NOT DISTRACTED,MD,34AD04D1-1723-47FB-9710-E5D0640B47AB,SUPERFICIAL,ONE OCLOCK,PASSENGER CAR,MOVING CONSTANT SPEED,West,30,No,No,2013,HONDA,CRV,39.04685833,-77.03238333,"(39.04685833, -77.03238333)"
HA2492001K,25001001,MCPARK,Property Damage Crash,05/30/2025 01:00:00 PM,County Route,RANDOLPH RD (WB/L),,,,,Front to Rear,Clear,Dry,Daylight,No Controls,"Not Suspect of Alcohol Use, Not Suspect of Drug Use",,1FD544CF-3ACB-4E23-901E-0FA21F419ADD,No,No Apparent Injury,,Unknown,MD,9FE13BE9-16AA-4025-8055-9027D896E4F4,Superficial,Seven O Clock,Other Trucks,Changing Lanes,Westbound,35,No,No,2018,CHEVROLET,4500HD,39.05516417,-77.08444803,"(39.05516417, -77.08444803)"
MCP2939006T,230014331,Montgomery County Police,Injury Crash,03/24/2023 05:45:00 PM,County,BRINK RD,GLENDALOUGH RD,,N/A,,STRAIGHT MOVEMENT ANGLE,RAINING,WET,DUSK,NO CONTROLS,N/A,,2F21BDC8-C683-421A-94B8-6A3CDAFE734B,No,NO APPARENT INJURY,"RAIN, SNOW, WET",NOT DISTRACTED,MD,57C1A4D7-38A4-4BD9-965C-49F26841FED7,DISABLING,TWELVE OCLOCK,PASSENGER CAR,MOVING CONSTANT SPEED,West,35,No,No,2018,TOYT,SD,39.20920667,-77.16529333,"(39.20920667, -77.16529333)"
MCP3195001G,200033216,Montgomery County Police,Injury Crash,08/25/2020 02:54:00 PM,County,CHERRY HILL RD,CALVERTON BLVD,,N/A,,SAME DIR REAR END,CLEAR,DRY,DAYLIGHT,N/A,NONE DETECTED,,D22D3588-10FD-4CD4-8B0C-FFC1548AA84B,No,NO APPARENT INJURY,N/A,NOT DISTRACTED,NJ,543A6EF9-2707-4690-9061-6439AAFDD26C,DISABLING,SIX OCLOCK,PASSENGER CAR,STOPPED IN TRAFFIC LANE,West,40,No,No,2017,NISSAN,ALTIMA,39.0556275,-76.95414433,"(39.0556275, -76.95414433)"
DD5527000G,16031182,Rockville Police Departme,Property Damage Crash,06/20/2016 02:58:00 PM,Municipality,E GUDE DR,REDGATE FARMS CT,,N/A,,SAME DIR REAR END,CLEAR,DRY,DAYLIGHT,NO CONTROLS,NONE DETECTED,,6CECF7BA-D441-48B5-B735-F2E0AB0CCE08,Yes,NO APPARENT INJURY,N/A,NOT DISTRACTED,MD,82A7C32F-A97D-4179-9B5D-B684B5CDF70A,DISABLING,TWELVE OCLOCK,PASSENGER CAR,MOVING CONSTANT SPEED,East,40,No,No,1997,HONDA,ACCORD,39.091525,-77.13050167,"(39.091525, -77.13050167)"
MCP2948005W,230001259,Montgomery County Police,Injury Crash,01/09/2023 05:20:00 AM,Maryland (State),VEIRS MILL RD,ENNALLS AVE,,N/A,,STRAIGHT MOVEMENT ANGLE,CLEAR,DRY,DARK LIGHTS ON,NO CONTROLS,NONE DETECTED,,AF0F8BDE-A9E3-48C7-8B67-06B5A4F74502,No,NO APPARENT INJURY,N/A,NOT DISTRACTED,MD,863D8490-38CF-4ACE-B1D6-A6C245450301,DISABLING,ELEVEN OCLOCK,PASSENGER CAR,MOVING CONSTANT SPEED,South,30,No,No,2006,BUICK,LUCERNE,39.03927667,-77.05427167,"(39.03927667, -77.05427167)"
MCP2766004P,190016732,Montgomery County Police,Property Damage Crash,04/10/2019 05:07:00 PM,Maryland (State),NORBECK RD,BAILEYS LA,,N/A,,SAME DIR REAR END,CLEAR,DRY,DAYLIGHT,N/A,NONE DETECTED,,0A45165A-581F-4415-87D3-C01291785E6C,No,NO APPARENT INJURY,N/A,NOT DISTRACTED,MD,6BB17985-F2EC-41F0-AA32-E9391D41EA2D,FUNCTIONAL,SIX OCLOCK,PASSENGER CAR,SLOWING OR STOPPING,East,35,No,No,2017,TOYOTA,CAMRY,39.11232667,-77.06318,"(39.11232667, -77.06318)"
MCP3104001L,190028168,Montgomery County Police,Injury Crash,06/13/2019 04:30:00 AM,Maryland (State),NEW HAMPSHIRE AVE,ELTON RD,,N/A,,STRAIGHT MOVEMENT ANGLE,RAINING,WET,DARK LIGHTS ON,TRAFFIC SIGNAL,N/A,,7CC9D612-87C3-4F51-90B2-E10F42F2EC47,No,POSSIBLE INJURY,"N/A, WET",NOT DISTRACTED,MD,690BEAAE-D28B-4C91-8505-400083E3D35C,DESTROYED,TWELVE OCLOCK,PASSENGER CAR,MOVING CONSTANT SPEED,North,40,No,No,2005,DODGE,CARAVAN,39.021045,-76.97698833,"(39.021045, -76.97698833)"
MCP9301000S,15066413,Montgomery County Police,Injury Crash,12/27/2015 01:11:00 PM,Municipality,BOOTH ST,MIDTOWN RD,,GAITHERSBURG,PEDESTRIAN,SINGLE VEHICLE,N/A,N/A,DAYLIGHT,STOP SIGN,NONE DETECTED,NONE DETECTED,6BE18E19-D7FD-4A7A-80EB-CCB4C3E3EC29,Yes,NO APPARENT INJURY,N/A,LOOKED BUT DID NOT SEE,MD,75218D22-7ED5-49B2-83B5-2A43520B37CA,NO DAMAGE,TWELVE OCLOCK,PASSENGER CAR,MAKING LEFT TURN,South,25,No,No,2008,FORD,ESCAPE,39.15428833,-77.21278,"(39.15428833, -77.21278)"
MCP2637004N,220029730,Montgomery County Police,Property Damage Crash,07/11/2022 10:09:00 AM,County,GLEN RD,FALLS RD,,N/A,,HEAD ON LEFT TURN,CLEAR,DRY,DAYLIGHT,N/A,NONE DETECTED,,0A8EA65B-7737-46B9-ADF8-84C849611701,Yes,NO APPARENT INJURY,N/A,LOOKED BUT DID NOT SEE,MD,6AEE6147-7804-45B8-BBCA-E784C9B0CB5D,DISABLING,ONE OCLOCK,PASSENGER CAR,MAKING LEFT TURN,West,35,No,No,2022,HYUN,TUSCON,39.04639,-77.19262833,"(39.04639, -77.19262833)"
MCP31000009,180021629,Montgomery County Police,Property Damage Crash,05/03/2018 11:21:00 PM,,,,CVS PARKING LOT  19100 MONTGOMERY VILLAGE AVE,,,OTHER,CLEAR,,DARK LIGHTS ON,N/A,NONE DETECTED,,2A7AF47B-7396-4F20-8A84-60628335E1A4,Yes,NO APPARENT INJURY,N/A,NOT DISTRACTED,MD,3DF1B8B4-1999-4DFD-8282-26BF532E9EAD,SUPERFICIAL,SIX OCLOCK,PASSENGER CAR,BACKING,West,5,No,No,2017,HONDA,ACCORD,39.17015298,-77.20462382,"(39.17015298, -77.20462382)"
MCP0942001Z,190002092,Montgomery County Police,Property Damage Crash,01/14/2019 10:00:00 AM,County,KENTBURY DR,CHELTON RD,,N/A,,OTHER,CLEAR,SNOW,DAYLIGHT,NO CONTROLS,NONE DETECTED,,BA58EF74-58DF-4A1E-B90C-05F8C13642A5,Yes,NO APPARENT INJURY,"ICY OR SNOW-COVERED, N/A",NOT DISTRACTED,MD,00EC1F18-ADDC-4685-8D75-EA73921E1DF4,NO DAMAGE,ELEVEN OCLOCK,"MEDIUM/HEAVY TRUCKS 3 AXLES (OVER 10,000LBS (4,536KG))",MOVING CONSTANT SPEED,West,25,No,No,2017,MACK,DUMP TRUCK,38.98696533,-77.08669733,"(38.98696533, -77.08669733)"
MCP3280003J,230030043,Montgomery County Police,Property Damage Crash,06/23/2023 10:15:00 AM,County,E RANDOLPH RD,LAURIE DR,,N/A,,SINGLE VEHICLE,RAINING,WET,DAYLIGHT,NO CONTROLS,NONE DETECTED,,B092F0D2-33C9-4334-88A2-5233ADC4192C,Yes,NO APPARENT INJURY,"RAIN, SNOW, WET",NOT DISTRACTED,MD,6B2BE6EB-5296-4A9D-8C91-254048FC8DA5,DISABLING,ONE OCLOCK,PASSENGER CAR,NEGOTIATING A CURVE,East,40,No,No,2018,HONDA,CRV,39.06568167,-76.97663333,"(39.06568167, -76.97663333)"
MCP3330002C,240044767,MONTGOMERY,Property Damage Crash,09/19/2024 05:50:00 PM,County Route,LAMBERTON DR (WB/L),MONTICELLO AVE S BELGRADE RD,,,,Other,Clear,Dry,Daylight,Stop Sign,"Not Suspect of Alcohol Use, Not Suspect of Drug Use",,0C15426C-86FB-43AF-8E65-099372CDEF20,No,No Apparent Injury,,Unknown,MD,E75A2ED5-CE3D-4FFF-97BF-042F4D4061B8,Disabling,Nine O Clock,Passenger Car,Moving Constant Speed,,25,No,No,2019,HONDA,ODYSSEY,39.0415661,-77.02809257,"(39.0415661, -77.02809257)"
MCP94280015,16027112,Montgomery County Police,Injury Crash,05/31/2016 01:36:00 PM,Maryland (State),GERMANTOWN RD,ENT TO MEDICAL CENTER,,N/A,,SAME DIR REAR END,N/A,DRY,DAYLIGHT,NO CONTROLS,N/A,,E91655D1-E265-4220-B5D7-B810BA35248E,No,NO APPARENT INJURY,N/A,NOT DISTRACTED,MD,BDBB63A7-CDB2-4590-B792-2F1E706D3797,FUNCTIONAL,SIX OCLOCK,PASSENGER CAR,SLOWING OR STOPPING,North,40,No,No,2014,BUICK,VERONA,39.17986,-77.26503333,"(39.17986, -77.26503333)"
MCP2724001J,16041869,Montgomery County Police,Property Damage Crash,08/18/2016 07:16:00 AM,County,LOCKWOOD DR,ENT TO WHITE OAK PROFESSIONAL BUILDING,,N/A,,STRAIGHT MOVEMENT ANGLE,OTHER,OTHER,DAYLIGHT,NO CONTROLS,N/A,,4513DEAF-BAC6-4645-9FC6-BF3EFCA0698F,Yes,NO APPARENT INJURY,"N/A, WET",INATTENTIVE OR LOST IN THOUGHT,MD,8C35C436-B237-41C1-B1BA-8CE2BE61190B,DISABLING,SEVEN OCLOCK,PASSENGER CAR,MAKING U TURN,East,30,No,No,2010,DODGE,AVENGER,39.03904167,-76.99223833,"(39.03904167, -76.99223833)"
MCP26820034,210044667,Montgomery County Police,Injury Crash,11/04/2021 01:20:00 PM,County,MONTGOMERY VILLAGE AVE,SPARROW VALLEY DR,,N/A,,SAME DIR REAR END,CLEAR,DRY,DAYLIGHT,NO CONTROLS,NONE DETECTED,,9F56332C-2DA3-4238-A292-FFADB36E096B,No,NO APPARENT INJURY,N/A,NOT DISTRACTED,MD,3675B2AE-B4A6-4F93-A1A5-E275A5F65276,FUNCTIONAL,SIX OCLOCK,"CARGO VAN/LIGHT TRUCK 2 AXLES (OVER 10,000LBS (4,536 KG))",MOVING CONSTANT SPEED,North,35,No,No,2021,FRHT,CG,39.18981263,-77.19401264,"(39.18981263, -77.19401264)"