Report Number,Local Case Number,Agency Name,ACRS Report Type,Crash Date/Time,Route Type,Road Name,Cross-Street Name,Off-Road Description,Municipality,Related Non-Motorist,Collision Type,Weather,Surface Condition,Light,Traffic Control,Driver Substance Abuse,Non-Motorist Substance Abuse,Person ID,Driver At Fault,Injury Severity,Circumstance,Driver Distracted By,Drivers License State,Vehicle ID,Vehicle Damage Extent,Vehicle First Impact Location,Vehicle Body Type,Vehicle Movement,Vehicle Going Dir,Speed Limit,Driverless Vehicle,Parked Vehicle,Vehicle Year,Vehicle Make,Vehicle Model,Latitude,Longitude,Location
DD5611002P,170505671,Rockville Police Departme,Injury Crash,05/03/2017 01:14:00 PM,Maryland (State),ROCKVILLE PIKE,MT VERNON PL,,ROCKVILLE,,STRAIGHT MOVEMENT ANGLE,CLEAR,DRY,DAYLIGHT,NO CONTROLS,NONE DETECTED,,3F169135-D4D1-4B06-9804-35E14F5A21D5,Yes,NO APPARENT INJURY,N/A,NOT DISTRACTED,MD,B52CCBF4-91EA-40BD-8EB9-34E047B6A0F8,FUNCTIONAL,ELEVEN OCLOCK,PASSENGER CAR,MAKING LEFT TURN,East,40,No,No,2011,TOYT,4S,39.07945833,-77.14420333,"(39.07945833, -77.14420333)"
MCP21920034,190003046,Montgomery County Police,Injury Crash,01/19/2019 01:16:00 PM,Maryland (State),NEW HAMPSHIRE AVE,CLOVERLY ST,,N/A,,STRAIGHT MOVEMENT ANGLE,CLOUDY,WET,DAYLIGHT,N/A,N/A,,A3C8C810-C2B2-4E69-9621-F36536258DD8,Yes,SUSPECTED MINOR INJURY,N/A,UNKNOWN,MD,247FD380-8619-4F1F-A55F-784D4C3784EE,DISABLING,TWO OCLOCK,PASSENGER CAR,MOVING CONSTANT SPEED,East,45,No,No,2006,ACURA,TL,39.10939,-76.99667667,"(39.10939, -76.99667667)"
MCP31510017,190038488,Montgomery County Police,Injury Crash,08/12/2019 01:50:00 PM,County,BALD CYPRESS DR,GLEN MILL RD,,N/A,,STRAIGHT MOVEMENT ANGLE,N/A,DRY,DAYLIGHT,STOP SIGN,NONE DETECTED,,C9711C8E-0D25-4D39-8EC6-5A264D9954E9,Unknown,NO APPARENT INJURY,N/A,LOOKED BUT DID NOT SEE,MD,1AA276C5-F0A4-4C0D-B8B6-3D801EEE6F08,DESTROYED,TWELVE OCLOCK,PASSENGER CAR,ACCELERATING,North,30,No,No,2010,LEXUS,4DR,39.080618,-77.20023317,"(39.080618, -77.20023317)"
MCP3065001D,180006106,Montgomery County Police,Injury Crash,02/05/2018 08:23:00 AM,Maryland (State),PINEY BRANCH RD,GARLAND AVE,,N/A,,SAME DIR REAR END,CLEAR,ICE,DAYLIGHT,N/A,NONE DETECTED,,F315F920-2B40-48B1-A8D4-FAC696391113,Yes,SUSPECTED MINOR INJURY,"ICY OR SNOW-COVERED, N/A",NOT DISTRACTED,MD,233C5BF2-F36B-4780-ADE7-0B1922F9269C,FUNCTIONAL,TWELVE OCLOCK,PASSENGER CAR,MOVING CONSTANT SPEED,South,35,No,No,1999,TOYT,4S,38.99867167,-76.99869833,"(38.99867167, -76.99869833)"
MCP31340024,190039646,Montgomery County Police,Property Damage Crash,08/19/2019 05:15:00 PM,US (State),GEORGIA AVE,SILVER SPRING AVE,,N/A,,HEAD ON LEFT TURN,CLEAR,DRY,DAYLIGHT,TRAFFIC SIGNAL,N/A,,D3886EFF-09EA-4480-8E52-307C4D671DB9,Yes,NO APPARENT INJURY,N/A,LOOKED BUT DID NOT SEE,VA,1F82BE81-9C37-456A-9967-FC2E17FABB3C,DISABLING,FIVE OCLOCK,PASSENGER CAR,MAKING LEFT TURN,North,30,No,No,2015,NISSAN,ALTIMA,38.99171833,-77.02643833,"(38.99171833, -77.02643833)"
MCP2720002R,170505330,Montgomery County Police,Property Damage Crash,05/01/2017 10:13:00 PM,County,RANDOLPH RD,TIVOLI LAKE BLVD,,N/A,,SAME DIR REND LEFT TURN,CLEAR,WET,DARK -- UNKNOWN LIGHTING,TRAFFIC SIGNAL,NONE DETECTED,,E175550A-2054-4C4F-AEAA-1DCAEFBC12E5,No,NO APPARENT INJURY,"N/A, WET",NOT DISTRACTED,MD,A22DB62F-A9EE-42DF-B3B6-0AD189EBF522,FUNCTIONAL,SIX OCLOCK,PASSENGER CAR,STOPPED IN TRAFFIC LANE,West,40,No,No,2005,KIA,SPORTAGE,39.06608719,-77.03441218,"(39.06608719, -77.03441218)"
DD56720008,240002138,ROCKVILLE,Injury Crash,01/13/2024 05:56:00 PM,Municipality Route,MONROE PL,,,,,Front to Rear,Clear,Dry,Dark - Lighted,No Controls,"Not Suspect of Alcohol Use, Not Suspect of Drug Use",,A4AB6041-5108-4570-B7A5-28AF9036F8E7,No,No Apparent Injury,,Unknown,MD,73CCFB2B-E257-4F4A-9B12-8E731D7556AE,Functional,Twelve O Clock,Van - Cargo,Moving Constant Speed,Westbound,20,No,No,2018,RAM,PROMASTER 2500,39.08356155,-77.14762833,"(39.08356155, -77.14762833)"
MCP2954004T,180008874,Montgomery County Police,Property Damage Crash,02/20/2018 07:04:00 PM,Maryland (State),PINEY BRANCH RD,ARLISS ST,,N/A,,SAME DIRECTION RIGHT TURN,N/A,DRY,DARK LIGHTS ON,TRAFFIC SIGNAL,NONE DETECTED,,0102BCBE-1A85-43C8-8726-02F1044CD6E6,Yes,NO APPARENT INJURY,N/A,LOOKED BUT DID NOT SEE,MD,3C9EDBE5-25A7-45B2-A36D-A1B4FCC23772,SUPERFICIAL,ONE OCLOCK,PASSENGER CAR,MAKING RIGHT TURN,West,30,No,No,2012,HOND,2S,38.99850833,-77.00083667,"(38.99850833, -77.00083667)"
MCP3158003K,210036717,Montgomery County Police,Injury Crash,09/17/2021 05:35:00 PM,County,SNOUFFERS SCHOOL RD,WOODFIELD RD,,N/A,,SAME DIR REAR END,CLEAR,DRY,DAYLIGHT,NO CONTROLS,NONE DETECTED,,C1A9337B-E16B-4339-A67E-B7ED9E602060,No,SUSPECTED MINOR INJURY,N/A,LOOKED BUT DID NOT SEE,MD,8CAA6745-FCD8-46AB-9F56-8BA1CED10BAC,FUNCTIONAL,TWELVE OCLOCK,PASSENGER CAR,MOVING CONSTANT SPEED,North,35,No,No,2020,MERZ,4D,39.16056833,-77.16262333,"(39.16056833, -77.16262333)"
MCP1128004W,200013352,Montgomery County Police,Property Damage Crash,03/20/2020 06:12:00 AM,Maryland (State),ROCKVILLE PIKE,STRATHMORE AVE,,N/A,,SAME DIR REAR END,CLEAR,WET,DARK LIGHTS ON,TRAFFIC SIGNAL,NONE DETECTED,,776236AA-85AF-4E5D-84D2-FC965B9A115B,No,NO APPARENT INJURY,N/A,NOT DISTRACTED,MD,88208EAD-4E7E-4CC6-A87E-38A923D1D489,FUNCTIONAL,TWELVE OCLOCK,VAN,MOVING CONSTANT SPEED,South,40,No,No,2013,FORD,VAN,39.03529333,-77.10715667,"(39.03529333, -77.10715667)"
MCP29280026,180004181,Montgomery County Police,Property Damage Crash,01/25/2018 05:35:00 AM,Maryland (State),NEW HAMPSHIRE AVE,POWDER MILL RD,,N/A,,SINGLE VEHICLE,CLEAR,DRY,DARK LIGHTS ON,TRAFFIC SIGNAL,NONE DETECTED,,2F898CAA-7804-4838-A6B8-C7B9BACA6BD4,Yes,NO APPARENT INJURY,N/A,OTHER DISTRACTION,MD,90905465-1C15-4299-AB7B-BE391F7A016C,DISABLING,TWELVE OCLOCK,PASSENGER CAR,MAKING LEFT TURN,West,40,No,No,1998,TOYOTA,COROLLA,39.02184667,-76.97724167,"(39.02184667, -76.97724167)"
MCP2784002T,16056327,Montgomery County Police,Property Damage Crash,11/01/2016 05:11:00 PM,Maryland (State),GEORGIA AVE,GOLD MINE RD,,N/A,,STRAIGHT MOVEMENT ANGLE,CLEAR,DRY,DAYLIGHT,TRAFFIC SIGNAL,NONE DETECTED,,1E7717FA-869E-4373-B4CE-F8B4DF03F3D8,Yes,NO APPARENT INJURY,N/A,UNKNOWN,PA,9B4FA07E-C383-4BD1-B0C7-FA376AF77D9A,DISABLING,TWELVE OCLOCK,PASSENGER CAR,ACCELERATING,South,45,No,No,2012,HONDA,PILOT,39.17211167,-77.05963,"(39.17211167, -77.05963)"
EJ78560024,16065975,Gaithersburg Police Depar,Injury Crash,12/23/2016 01:58:00 PM,Maryland (State),GREAT SENECA HWY,MUDDY BRANCH RD,,N/A,,SAME DIR REAR END,CLEAR,DRY,DAYLIGHT,TRAFFIC SIGNAL,N/A,,82375E47-C251-4324-B0D6-8F0D1EA94158,No,POSSIBLE INJURY,N/A,NOT DISTRACTED,MD,9787E02E-82E3-4A2B-BAE9-C4C547B6167E,FUNCTIONAL,SIX OCLOCK,PASSENGER CAR,STOPPED IN TRAFFIC LANE,South,45,No,No,2007,FORD,4S,39.110965,-77.21718333,"(39.110965, -77.21718333)"
MCP2753004Z,210035981,Montgomery County Police,Injury Crash,09/13/2021 09:37:00 AM,Maryland (State),MUNCASTER MILL RD,NORBECK RD,,N/A,,HEAD ON LEFT TURN,CLEAR,DRY,DAYLIGHT,TRAFFIC SIGNAL,NONE DETECTED,,06D923EC-326F-4816-9AC6-38B90655218F,No,SUSPECTED MINOR INJURY,N/A,NOT DISTRACTED,MD,F9B4F26C-01C1-43FD-81BE-EC6927062E49,DISABLING,TWELVE OCLOCK,PASSENGER CAR,STOPPED IN TRAFFIC LANE,South,40,No,No,2007,LEXS,4S,39.10910667,-77.08033833,"(39.10910667, -77.08033833)"
MCP2813003Y,170546824,Montgomery County Police,Property Damage Crash,12/05/2017 08:39:00 AM,Maryland (State),VEIRS MILL RD,UNIVERSITY BLVD W,,N/A,,SINGLE VEHICLE,RAINING,WET,DARK LIGHTS ON,TRAFFIC SIGNAL,N/A,,4E3BC224-6438-4E34-AB1D-6ED98CAFB73A,Yes,NO APPARENT INJURY,"N/A, WET",LOOKED BUT DID NOT SEE,MD,C7C8F7DD-F045-4814-8566-92A13E726885,DISABLING,TWELVE OCLOCK,PASSENGER CAR,SLOWING OR STOPPING,West,15,No,No,2007,NISS,VERSA,39.03988833,-77.05531667,"(39.03988833, -77.05531667)"
MCP3400000R,240011977,MONTGOMERY,Property Damage Crash,03/12/2024 07:20:00 PM,Maryland (State) Route,NEW HAMPSHIRE AVE,,,,,Front to Rear,Clear,Dry,Dark - Lighted,No Controls,"Not Suspect of Alcohol Use, Not Suspect of Drug Use",,B8E2A752-DFD0-4F33-A72C-65BAB5C1DA83,No,No Apparent Injury,,Not Distracted,MD,71760AFF-ED5D-4EEA-B82D-C6BFF255C6D9,Functional,Six O Clock,Passenger Car,Slowing or Stopping,Northbound,45,No,,2022,TOYOTA,RAV4,39.01572419,-76.97759667,"(39.01572419, -76.97759667)"
MCP2399006K,230005784,Montgomery County Police,Property Damage Crash,02/04/2023 06:15:00 PM,County,STEDWICK RD,MILLS CHOICE RD,,N/A,,HEAD ON,CLEAR,DRY,DARK -- UNKNOWN LIGHTING,N/A,NONE DETECTED,,810A3167-6B5A-4F5F-A0E3-902D7D4DD2A8,No,NO APPARENT INJURY,N/A,NOT DISTRACTED,MD,639F7864-7253-484E-8B11-397AE9BD0F76,SUPERFICIAL,TEN OCLOCK,(SPORT) UTILITY VEHICLE,MOVING CONSTANT SPEED,West,25,No,No,2020,TOYT,HIGHLANDER,39.17036333,-77.20750667,"(39.17036333, -77.20750667)"
MCP28550027,180018576,Montgomery County Police,Property Damage Crash,04/16/2018 03:59:00 PM,County,MILESTONE DR,NEW HAMPSHIRE AVE,,N/A,,SAME DIRECTION SIDESWIPE,CLOUDY,DRY,DAYLIGHT,TRAFFIC SIGNAL,NONE DETECTED,,DDE41065-1E7B-4B0E-A96A-1D6CD93AA9B8,Yes,NO APPARENT INJURY,"N/A, RAIN, SNOW",OTHER DISTRACTION,MD,B887AAF8-124E-42FB-9DD6-57CCC1831E46,DISABLING,ONE OCLOCK,OTHER,CHANGING LANES,South,40,No,No,2008,TOYT,VN,39.046045,-76.99250667,"(39.046045, -76.99250667)"
MCP1233001N,170511624,Montgomery County Police,Property Damage Crash,06/03/2017 07:25:00 PM,Maryland (State),CONNECTICUT AVE,RAMP 4 FR MD 185 NB TO IS 495 EB,,N/A,,SAME DIR REAR END,CLEAR,DRY,DARK NO LIGHTS,NO CONTROLS,UNKNOWN,,FE8AB29A-88C8-4F84-99A1-2F9E2E0DBA08,Yes,NO APPARENT INJURY,N/A,NOT DISTRACTED,,95149A6A-F043-46D4-A4C5-D2ECA5F6D5EC,FUNCTIONAL,TWELVE OCLOCK,,MOVING CONSTANT SPEED,South,35,No,No,0,UNKNOWN,UNKNOWN,39.00628833,-77.07888,"(39.00628833, -77.07888)"
MCP3158002Y,200045932,Montgomery County Police,Property Damage Crash,11/20/2020 09:09:00 PM,Maryland (State),MUNCASTER MILL RD,IVY OAK DR,,N/A,,SAME DIR REAR END,CLEAR,DRY,DARK LIGHTS ON,NO CONTROLS,NONE DETECTED,,5E975A2B-B5F4-41BB-B63F-ACAB65A2F3DE,No,NO APPARENT INJURY,N/A,NOT DISTRACTED,MD,36D18D3F-C8A7-4149-AFAC-EB10B72493D9,SUPERFICIAL,SIX OCLOCK,PASSENGER CAR,MOVING CONSTANT SPEED,East,35,No,No,2006,DODG,TK,39.15822833,-77.159665,"(39.15822833, -77.159665)"
MCP2466000Y,16002643,Montgomery County Police,Property Damage Crash,01/14/2016 06:34:00 PM,Maryland (State),NEW HAMPSHIRE AVE,NOTLEY RD,,N/A,,OPPOSITE DIR BOTH LEFT TURN,CLEAR,DRY,DARK LIGHTS ON,NO CONTROLS,NONE DETECTED,,202E974F-A285-4F70-8E7E-EB3B3BEB7255,No,NO APPARENT INJURY,N/A,NOT DISTRACTED,MD,6BF6673E-68B2-4FE7-BB0E-97CDA8C80E58,FUNCTIONAL,TWELVE OCLOCK,PASSENGER CAR,MAKING LEFT TURN,North,45,No,No,2007,ACUR,4S,39.08059,-77.00139,"(39.08059, -77.00139)"
MCP137800QF,190015884,Montgomery County Police,Property Damage Crash,04/05/2019 04:46:00 PM,Maryland (State),S FREDERICK RD,EDUCATION BLVD,,GAITHERSBURG,,SAME DIR REAR END,RAINING,WET,DAYLIGHT,NO CONTROLS,NONE DETECTED,,9B9CE520-BF55-425F-98F9-35FF8AAA0EDA,Yes,NO APPARENT INJURY,"RAIN, SNOW, WET",NOT DISTRACTED,MD,9B85670A-B809-4BAF-9D81-0A328A98F98C,DISABLING,TWELVE OCLOCK,(SPORT) UTILITY VEHICLE,SLOWING OR STOPPING,North,35,No,No,2014,FORD,ESCAPE,39.13610268,-77.19226353,"(39.13610268, -77.19226353)"
MCP2983002N,180027708,Montgomery County Police,Injury Crash,06/05/2018 04:45:00 PM,,,,921 WAYNE AVENUE - BOTTOM FLOOR EXIT,,,SINGLE VEHICLE,CLEAR,,DAYLIGHT,NO CONTROLS,NONE DETECTED,,63833D55-7321-481D-9928-69C581628D79,Yes,SUSPECTED MINOR INJURY,N/A,NOT DISTRACTED,MD,7902FF5A-DF7B-49BE-A340-579C391AC39D,DISABLING,TWELVE OCLOCK,PASSENGER CAR,SLOWING OR STOPPING,South,10,No,No,2011,HYUNDAI,SONATA,38.99507833,-77.02506667,"(38.99507833, -77.02506667)"
MCP1334009H,200003572,Montgomery County Police,Injury Crash,01/22/2020 01:00:00 PM,Maryland (State),FREDERICK RD,GAME PRESERVE RD,,N/A,,HEAD ON LEFT TURN,CLEAR,DRY,DAYLIGHT,NO CONTROLS,NONE DETECTED,,62B22A87-2371-4600-AC7B-1DF1A6E29998,No,POSSIBLE INJURY,N/A,NOT DISTRACTED,MD,6196EB7E-0362-406B-BE87-3D30628D9E09,DISABLING,TEN OCLOCK,PASSENGER CAR,MOVING CONSTANT SPEED,North,40,No,No,2011,MERCEDES,E350,39.16488919,-77.22735647,"(39.16488919, -77.22735647)"
EJ7878002X,210027202,Gaithersburg Police Depar,Property Damage Crash,07/14/2021 05:45:00 PM,County,MUDDY BRANCH RD,SUFFIELD DR,,GAITHERSBURG,,STRAIGHT MOVEMENT ANGLE,CLEAR,DRY,DAYLIGHT,OTHER,N/A,,0DC126CA-E912-4B5D-8766-DA46A2F842A1,Yes,NO APPARENT INJURY,N/A,UNKNOWN,MD,D97551D9-70C0-4B17-BCCC-060DF561AD86,DISABLING,TWELVE OCLOCK,PASSENGER CAR,ENTERING TRAFFIC LANE,East,45,No,No,2017,LEXUS,SPORT,39.11240808,-77.21623676,"(39.11240808, -77.21623676)"
MCP2821001L,190017186,Montgomery County Police,Property Damage Crash,04/12/2019 10:01:00 PM,County,AIRPARK RD,WOODFIELD RD,,N/A,,HEAD ON LEFT TURN,RAINING,WET,DARK LIGHTS ON,NO CONTROLS,NONE DETECTED,,D6E1F18C-64F7-4FFC-B9D9-6F41CB267D96,No,NO APPARENT INJURY,"SLEET, HAIL, FREEZ. RAIN, WET",NOT DISTRACTED,MD,0B213BE5-33E8-449E-B5AB-6CB2FF2F801D,DISABLING,TWELVE OCLOCK,PASSENGER CAR,SLOWING OR STOPPING,South,50,No,No,2004,SAAB,CN,39.16743833,-77.15165,"(39.16743833, -77.15165)"
MCP1172000J,15030601,Montgomery County Police,Property Damage Crash,06/20/2015 01:00:00 PM,,,,Driveway/Garage of 619 Oak Knoll Terrace,,,SINGLE VEHICLE,CLEAR,,DAYLIGHT,NO CONTROLS,N/A,,16FEA8E6-F808-4D5D-AD39-0FB74EA5057F,Yes,NO APPARENT INJURY,N/A,NOT DISTRACTED,MD,B0CF5EA4-EC9B-496E-8CB1-C50A24581BD4,SUPERFICIAL,TEN OCLOCK,POLICE VEHICLE/EMERGENCY,BACKING,Unknown,0,No,No,2013,FORD,INTERCEPTER,39.09562987,-77.1892333,"(39.09562987, -77.1892333)"
MCP30630045,230022222,Montgomery County Police,Property Damage Crash,05/09/2023 02:41:00 PM,US (State),COLESVILLE RD,FENTON ST,,N/A,,SAME DIR REAR END,CLEAR,DRY,DAYLIGHT,NO CONTROLS,NONE DETECTED,,B9785197-3292-473C-9A3E-A68E13DB2BF7,No,NO APPARENT INJURY,N/A,NOT DISTRACTED,DC,CA076DFF-0F18-4E03-B9A6-CCB90A87F7F0,SUPERFICIAL,SIX OCLOCK,PASSENGER CAR,SLOWING OR STOPPING,North,35,No,No,2014,INFINITI,Q50,38.99779333,-77.02674667,"(38.99779333, -77.02674667)"
MCP33810029,240062390,MONTGOMERY,Property Damage Crash,12/31/2024 11:51:00 PM,Maryland (State) Route,CONNECTICUT AVE (SB/L),,,,,"Sideswipe, Same Direction",Clear,Dry,Dark - Lighted,Traffic Control Signal,"Not Suspect of Alcohol Use, Not Suspect of Drug Use",,D585253C-FF60-49EC-97E6-A478DB950595,No,No Apparent Injury,,Not Distracted,MD,688419A6-393F-4A75-9D43-2E0BB6A24F39,Superficial,Eleven O Clock,Sport Utility Vehicle,Slowing or Stopping,Southbound,30,No,No,2022,TOYOTA,VENZA,38.98797124,-77.07724222,"(38.98797124, -77.07724222)"
MCP30550025,190030116,Montgomery County Police,Property Damage Crash,06/24/2019 12:20:00 PM,Maryland (State),LAYHILL RD,LONGMEAD CROSSING DR,,N/A,,HEAD ON LEFT TURN,CLEAR,DRY,DAYLIGHT,TRAFFIC SIGNAL,N/A,,51B11EE9-23BA-45C4-AD3B-FB6E543D46EA,No,NO APPARENT INJURY,N/A,NOT DISTRACTED,MD,339B61C9-6BDE-465E-8704-7C93F3E0CF88,FUNCTIONAL,ELEVEN OCLOCK,PASSENGER CAR,MOVING CONSTANT SPEED,East,35,No,No,2013,HOND,VN,39.09531167,-77.04452333,"(39.09531167, -77.04452333)"
EJ7837005S,220003822,Gaithersburg Police Depar,Injury Crash,01/28/2022 05:50:00 PM,Maryland (State),FREDERICK RD,ODENDHAL AVE,,GAITHERSBURG,,SAME DIR REAR END,SNOW,WET,DARK LIGHTS ON,TRAFFIC SIGNAL,ALCOHOL PRESENT,,AE261814-0FD1-4544-9A26-A04B9E13180B,Yes,SUSPECTED MINOR INJURY,"RAIN, SNOW, WET",NOT DISTRACTED,MD,4AEFCC67-A404-4CC3-AB2A-083257075E2E,DISABLING,TWELVE OCLOCK,PASSENGER CAR,ACCELERATING,North,30,No,No,2011,TOYT,SD,39.1484419,-77.2068,"(39.1484419, -77.2068)"
MCP30860081,230003192,Montgomery County Police,Injury Crash,01/20/2023 08:20:00 AM,County,CHRISTOPHER AVE,MONTGOMERY VILLAGE AVE,,N/A,,SAME DIR REAR END,CLEAR,DRY,DAYLIGHT,TRAFFIC SIGNAL,NONE DETECTED,,6B4452FA-7F34-4CA4-9E14-E670905CAA0A,No,POSSIBLE INJURY,N/A,NOT DISTRACTED,MD,D7BB36BE-18D4-45A5-89FA-36B439442295,DISABLING,EIGHT OCLOCK,PASSENGER CAR,SLOWING OR STOPPING,South,30,No,No,2002,TOYOTA,PRIUS,39.15858333,-77.20485167,"(39.15858333, -77.20485167)"
MCP9128000W,16061011,Montgomery County Police,Property Damage Crash,11/28/2016 07:42:00 AM,Maryland (State),GEORGIA AVE,REGINA DR,,N/A,,STRAIGHT MOVEMENT ANGLE,CLEAR,DRY,DAYLIGHT,STOP SIGN,NONE DETECTED,,3CCA4B97-7BAB-45E9-A5F1-564173EA25A7,No,NO APPARENT INJURY,N/A,NOT DISTRACTED,MD,DACC8006-47D9-43DD-BB36-0747998FAE3A,DISABLING,ONE OCLOCK,PASSENGER CAR,MOVING CONSTANT SPEED,North,45,No,No,2012,VOLKSWAGON,JETTA,39.07391667,-77.066525,"(39.07391667, -77.066525)"
MCP2877002S,16050207,Montgomery County Police,Property Damage Crash,09/30/2016 06:29:00 AM,Maryland (State),GEORGIA AVE,AUGUST DR,,N/A,,SAME DIR REAR END,RAINING,WET,DAWN,TRAFFIC SIGNAL,NONE DETECTED,,FDAD8DD8-0A05-4893-9B14-E3022A97F05A,Yes,NO APPARENT INJURY,"RAIN, SNOW, WET",NOT DISTRACTED,MD,0268F2FC-4E47-4375-AFF1-55C1CFBBDB2D,DISABLING,TWELVE OCLOCK,PASSENGER CAR,SLOWING OR STOPPING,South,35,No,No,2002,TOYOTA,CAMRY,39.02111753,-77.0447588,"(39.02111753, -77.0447588)"
MCP0936002Y,190006388,Montgomery County Police,Property Damage Crash,02/09/2019 06:37:00 AM,Maryland (State),CONNECTICUT AVE,DECATUR AVE,,N/A,,STRAIGHT MOVEMENT ANGLE,CLEAR,DRY,DAWN,STOP SIGN,NONE DETECTED,,1B092040-B581-4ED6-A435-6CB3A4DD479D,No,NO APPARENT INJURY,N/A,NOT DISTRACTED,MD,299DB7A8-CF05-446A-B17E-389FD6D7AFC3,FUNCTIONAL,TWELVE OCLOCK,PICKUP TRUCK,MOVING CONSTANT SPEED,North,40,No,No,2007,FORD,F150,39.03386333,-77.07472833,"(39.03386333, -77.07472833)"
MCP3423001Q,250019460,MONTGOMERY,Injury Crash,05/03/2025 06:52:00 PM,US (State),COLUMBIA PIKE (SB/L),,,,,Front to Rear,Clear,Dry,Daylight,No Controls,"Not Suspect of Alcohol Use, Not Suspect of Drug Use",,9B275F30-A116-4725-9EF6-BF5E5C9FAEF7,No,Suspected Minor Injury,,Not Distracted,MD,17C07454-E0C0-40F2-A9C5-89E812F72B75,Superficial,Six O Clock,Passenger Car,Moving Constant Speed,Northbound,40,No,No,1999,HONDA,CR-V,39.03838567,-76.99866733,"(39.03838567, -76.99866733)"
MCP2752003Y,200025633,Montgomery County Police,Property Damage Crash,07/01/2020 06:30:00 PM,Maryland (State),RIVER RD,BUTLER RD,,N/A,,STRAIGHT MOVEMENT ANGLE,CLEAR,DRY,DAYLIGHT,NO CONTROLS,N/A,,A112128D-9927-4852-9A11-77F2F12018B7,Yes,NO APPARENT INJURY,N/A,LOOKED BUT DID NOT SEE,MD,2B807DA4-2936-4FAF-8772-CA0154229C5F,DISABLING,TWELVE OCLOCK,PASSENGER CAR,MAKING LEFT TURN,West,25,No,No,2002,FORD,TAURUS,38.96492,-77.10402667,"(38.96492, -77.10402667)"
MCP2456002W,180019977,Montgomery County Police,Property Damage Crash,04/24/2018 06:59:00 AM,Maryland (State),UNIVERSITY BLVD E,MERRIMAC DR,,N/A,,STRAIGHT MOVEMENT ANGLE,CLEAR,DRY,DAYLIGHT,NO CONTROLS,NONE DETECTED,,CC5D705C-2942-45AC-A863-2693DA3DCBBE,Yes,NO APPARENT INJURY,N/A,NOT DISTRACTED,MD,139EF0E1-200C-45AA-AFF1-D7BEB9241D05,DISABLING,TWELVE OCLOCK,PASSENGER CAR,MOVING CONSTANT SPEED,South,40,No,No,2013,TOYT,SU,38.99256117,-76.9915725,"(38.99256117, -76.9915725)"
MCP1534000X,250008433,MONTGOMERY,Property Damage Crash,02/26/2025 07:20:00 AM,Maryland (State) Route,GERMANTOWN RD,CRYSTAL ROCK DR (SB/L),,,,Angle,Clear,Dry,Daylight,Traffic Control Signal,"Not Suspect of Alcohol Use, Not Suspect of Drug Use",,A8C4B45D-5EAB-4EBE-9D2A-A477932CEF36,Yes,No Apparent Injury,,Unknown,MD,0F1ACBD1-025D-4BC9-B1BE-08AAFA6C7927,Functional,Twelve O Clock,Passenger Car,Turning Left,,45,No,No,2020,HONDA,CIVIC,39.18099632,-77.26230216,"(39.18099632, -77.26230216)"
MCP3261000G,200042740,Montgomery County Police,Property Damage Crash,10/29/2020 09:40:00 PM,Maryland (State),FALLS RD,RAMP 3 FR MD 189 EB TO IS 270 NB,,N/A,,SAME DIRECTION LEFT TURN,RAINING,WET,DARK LIGHTS ON,NO CONTROLS,N/A,,D44D472A-65F6-46B9-92EE-FC2D6FC7F55B,Yes,NO APPARENT INJURY,"N/A, WET",NOT DISTRACTED,MD,B19962AD-F065-4925-8738-30424E9E939D,FUNCTIONAL,SEVEN OCLOCK,PASSENGER CAR,CHANGING LANES,West,35,No,No,2006,LEXUS,SUV,39.0758656,-77.1630699,"(39.0758656, -77.1630699)"
DD5603001D,15009283,Rockville Police Departme,Property Damage Crash,02/26/2015 04:20:00 PM,Municipality,MONROE ST,FLEET ST,,ROCKVILLE,,STRAIGHT MOVEMENT ANGLE,CLEAR,DRY,DAYLIGHT,TRAFFIC SIGNAL,NONE DETECTED,,22067DBC-A9F6-4B82-9D13-F49EACD97DBD,Yes,NO APPARENT INJURY,N/A,NOT DISTRACTED,MD,B144EA47-0364-4A15-8485-50A66202F9C0,DISABLING,TWELVE OCLOCK,PASSENGER CAR,MOVING CONSTANT SPEED,West,25,No,No,2009,HONDA,ACCORD,39.08068206,-77.14998722,"(39.08068206, -77.14998722)"
MCP28010023,170538092,Montgomery County Police,Property Damage Crash,10/22/2017 12:32:00 AM,County,LOWANDER LA,GREER AVE,,N/A,,UNKNOWN,CLEAR,DRY,DARK LIGHTS ON,NO CONTROLS,ALCOHOL CONTRIBUTED,,7BEB45F2-48DF-45B0-8EA3-FB4D0562215E,Yes,NO APPARENT INJURY,N/A,NOT DISTRACTED,MD,398E9E34-09B0-4FA8-871D-1574B5140F37,FUNCTIONAL,UNKNOWN,PASSENGER CAR,UNKNOWN,West,25,No,No,2004,FORD,EXPLORER,39.00969505,-76.99823454,"(39.00969505, -76.99823454)"
MCP27980024,16038626,Montgomery County Police,Property Damage Crash,07/30/2016 09:41:00 PM,Maryland (State),SANDY SPRING RD,ENT TO BUSINESS,,N/A,,OPPOSITE DIR BOTH LEFT TURN,RAINING,WET,DARK LIGHTS ON,NO CONTROLS,NONE DETECTED,,6E72A191-3986-4735-938D-94A815EBD114,No,NO APPARENT INJURY,"N/A, WET",NOT DISTRACTED,MD,231EF23F-431F-4942-B430-6FC589E8BAD1,FUNCTIONAL,EIGHT OCLOCK,PASSENGER CAR,MAKING LEFT TURN,West,35,No,No,2010,KIA,FORTE,39.11051833,-76.93436167,"(39.11051833, -76.93436167)"