Report Number,Local Case Number,Agency Name,ACRS Report Type,Crash Date/Time,Route Type,Road Name,Cross-Street Name,Off-Road Description,Municipality,Related Non-Motorist,Collision Type,Weather,Surface Condition,Light,Traffic Control,Driver Substance Abuse,Non-Motorist Substance Abuse,Person ID,Driver At Fault,Injury Severity,Circumstance,Driver Distracted By,Drivers License State,Vehicle ID,Vehicle Damage Extent,Vehicle First Impact Location,Vehicle Body Type,Vehicle Movement,Vehicle Going Dir,Speed Limit,Driverless Vehicle,Parked Vehicle,Vehicle Year,Vehicle Make,Vehicle Model,Latitude,Longitude,Location
EJ7833000V,15040784,GAITHERSBURG,Property Damage Crash,08/15/2015 04:02:00 PM,Municipality,W DEER PARK RD,SUNNYSIDE CT,,GAITHERSBURG,,SAME DIRECTION LEFT TURN,CLEAR,DRY,DAYLIGHT,NO CONTROLS,NONE DETECTED,,4F26048E-F5A8-4FD5-A733-2F2BCC6673D7,Yes,NO APPARENT INJURY,N/A,NOT DISTRACTED,MD,8E1977BD-54EB-482F-9CCD-308FFBAFE56B,FUNCTIONAL,EIGHT OCLOCK,PASSENGER CAR,MAKING U TURN,East,25,No,No,2015,HONDA,PILOT,39.13201333,-77.20215833,"(39.13201333, -77.20215833)"
MCP30790072,250011786,MONTGOMERY,Property Damage Crash,03/18/2025 08:34:00 AM,Interstate (State),EISENHOWER MEMORIAL HWY (SB/L),,,,,Front to Rear,Clear,Dry,Daylight,"Other Pavement Marking (excluding edgelines, centerlines, or lane lines)","Not Suspect of Alcohol Use, Not Suspect of Drug Use",,DDAA1137-5555-4F08-B917-DCE20C300760,Yes,No Apparent Injury,Other Improper Action,"Other Action (looking away from task, etc.)",MD,2DC66DD2-1959-41B4-A7B9-53BAAFE05BFE,Superficial,Twelve O Clock,Passenger Car,Slowing or Stopping,Southbound,55,No,No,2020,CHEVROLET,TRAX,39.16149437,-77.23459803,"(39.16149437, -77.23459803)"
MCP2767003G,170527824,Montgomery County Police,Property Damage Crash,08/30/2017 05:50:00 PM,Maryland (State),GEORGIA AVE,BLUERIDGE AVE,,N/A,,SAME DIRECTION SIDESWIPE,CLEAR,DRY,DAYLIGHT,TRAFFIC SIGNAL,NONE DETECTED,,59AFABAC-9B2F-484C-BFA1-B3A2205C87F9,Yes,NO APPARENT INJURY,N/A,LOOKED BUT DID NOT SEE,MD,708201DF-B1CE-4325-A128-8C21CBF55B10,FUNCTIONAL,SEVEN OCLOCK,PASSENGER CAR,CHANGING LANES,South,35,No,No,2007,INFINITI,G35,39.04316951,-77.05209732,"(39.04316951, -77.05209732)"
MCP25720006,16003738,Montgomery County Police,Property Damage Crash,01/20/2016 11:28:00 PM,Municipality,RESEARCH CT,CORPORATE BLVD (AHEAD),,N/A,,SINGLE VEHICLE,SNOW,ICE,DARK LIGHTS ON,NO CONTROLS,NONE DETECTED,,5CB1E4E3-C541-493E-BC58-9C49C0D05FD2,Yes,NO APPARENT INJURY,"ICY OR SNOW-COVERED, RAIN, SNOW, SLEET, HAIL, FREEZ. RAIN",NOT DISTRACTED,MD,CCDF18F9-2FA6-4ABC-BDB3-7750FA8F9217,DISABLING,ONE OCLOCK,POLICE VEHICLE/EMERGENCY,MAKING LEFT TURN,South,25,No,No,2014,DODGE,CHARGER,39.10705833,-77.18729,"(39.10705833, -77.18729)"
MCP1575006Y,180029332,Montgomery County Police,Injury Crash,06/14/2018 08:06:00 AM,County,SHADY GROVE RD,RAMP 5 FR IS 270 SB TO SHADY GROVE RD,,N/A,,SAME DIR REAR END,CLEAR,DRY,DAYLIGHT,TRAFFIC SIGNAL,NONE DETECTED,,7D841A78-7186-426F-B5EB-4942C661043E,Yes,NO APPARENT INJURY,N/A,NOT DISTRACTED,MD,DAA1E657-13BC-4883-B40D-5215713CE1C0,FUNCTIONAL,TWELVE OCLOCK,PASSENGER CAR,MOVING CONSTANT SPEED,South,0,No,No,2009,DODG,2500,39.10932167,-77.18846833,"(39.10932167, -77.18846833)"
MCP3200004V,220003563,Montgomery County Police,Injury Crash,01/27/2022 11:41:00 AM,Maryland (State),RIVER RD,WHITTIER BLVD,,N/A,,SINGLE VEHICLE,CLEAR,DRY,DAYLIGHT,NO CONTROLS,NONE DETECTED,,7551D913-FC04-4720-B4FA-6B95A9D626EB,Yes,POSSIBLE INJURY,N/A,UNKNOWN,MD,9C67CF53-2D34-415A-9712-EBDCBB73EB24,FUNCTIONAL,ELEVEN OCLOCK,PASSENGER CAR,MOVING CONSTANT SPEED,West,35,No,No,2019,FORD,ECOSPORT,38.97758433,-77.129124,"(38.97758433, -77.129124)"
MCP2991001T,170510199,Montgomery County Police,Property Damage Crash,05/27/2017 11:08:00 AM,Maryland (State),NEW HAMPSHIRE AVE,ASHTON RD,,N/A,,HEAD ON LEFT TURN,RAINING,WET,DAYLIGHT,TRAFFIC SIGNAL,NONE DETECTED,,FC6CEF5C-79D7-417D-9D56-BB63D2C88C61,No,NO APPARENT INJURY,"N/A, WET",NOT DISTRACTED,MD,7A87B096-0C1B-42B1-8E2D-95E315D317F6,DISABLING,ELEVEN OCLOCK,PASSENGER CAR,MOVING CONSTANT SPEED,West,40,No,No,2010,NISSAN,MURANO,39.14935333,-77.01261167,"(39.14935333, -77.01261167)"
MCP31810019,190053208,Montgomery County Police,Injury Crash,11/05/2019 07:40:00 AM,Maryland (State),GEORGIA AVE,REEDIE DR,,N/A,,STRAIGHT MOVEMENT ANGLE,CLEAR,DRY,DAYLIGHT,TRAFFIC SIGNAL,N/A,,13DE243E-FF51-49FB-9379-E747751E5436,No,POSSIBLE INJURY,N/A,NOT DISTRACTED,MD,D98D9976-AC1C-41E0-8273-45B3DC08C152,FUNCTIONAL,ELEVEN OCLOCK,PASSENGER CAR,MOVING CONSTANT SPEED,South,25,No,No,2019,LEXUS,RX350,39.038635,-77.05100167,"(39.038635, -77.05100167)"
MCP1438003F,16055059,Montgomery County Police,Injury Crash,10/26/2016 09:16:00 AM,County,SHADY GROVE RD,ENT TO MONT CO TRANSFER STATION,,N/A,,SAME DIR REAR END,CLEAR,DRY,DAYLIGHT,TRAFFIC SIGNAL,NONE DETECTED,,4985213E-6E05-487B-AEC4-AB96BA46F9E2,No,SUSPECTED MINOR INJURY,N/A,NOT DISTRACTED,MD,DDF0D26E-4BF4-4A18-A26A-584AF7A9716D,DISABLING,SIX OCLOCK,PASSENGER CAR,STARTING FROM LANE,West,45,No,No,2010,TOYT,TK,39.1246,-77.175755,"(39.1246, -77.175755)"
MCP3139001L,190041269,Montgomery County Police,Injury Crash,08/28/2019 09:00:00 PM,Maryland (State),NEW HAMPSHIRE AVE,OAKVIEW DR,,N/A,,SAME DIR REAR END,N/A,N/A,DARK NO LIGHTS,NO CONTROLS,N/A,,2AA3B786-3E4A-4FEF-8540-ACE0858D1749,Yes,NO APPARENT INJURY,N/A,LOOKED BUT DID NOT SEE,DC,4B693D86-E5D9-489F-B473-909D08B62004,SUPERFICIAL,TWELVE OCLOCK,PASSENGER CAR,SLOWING OR STOPPING,South,40,No,No,1999,LEXS,TK,39.01682,-76.97752667,"(39.01682, -76.97752667)"
MCP2455007S,250004256,MONTGOMERY,Property Damage Crash,01/29/2025 06:36:00 PM,Local Route,PRESTBURY TER,RANDOLPH RD RANDOLPH RD (WB/L),,,,Angle,Clear,Dry,Dark - Lighted,Stop Sign,"Not Suspect of Alcohol Use, Not Suspect of Drug Use",,CB0AFA7C-51E1-4DDB-ABFC-29031515DCA5,No,No Apparent Injury,,Unknown,MD,56DDDCBB-A76B-4B1C-A894-E134DC147C86,Disabling,Ten O Clock,Passenger Car,Turning Left,Northbound,15,No,No,2011,FORD,FOCUS,39.05364247,-77.10131135,"(39.05364247, -77.10131135)"
MCP209400CM,180054968,Montgomery County Police,Property Damage Crash,11/02/2018 10:17:00 AM,,,,"PARKING LOT OF 
7101 DEMOCRACU BLVD",,,OTHER,CLOUDY,,N/A,N/A,NONE DETECTED,,CD6C85F2-66D5-43D7-9E04-D0029EB5B7F6,Yes,NO APPARENT INJURY,N/A,NOT DISTRACTED,MD,B6D7F149-DA2E-4AC4-A684-884C61ED586C,FUNCTIONAL,FIVE OCLOCK,(SPORT) UTILITY VEHICLE,BACKING,North,0,No,No,2015,LEXS,RV350,39.02967667,-77.13795833,"(39.02967667, -77.13795833)"
MCP2160002L,230010766,Montgomery County Police,Property Damage Crash,03/04/2023 05:54:00 PM,Maryland (State),ROCKVILLE PIKE,EDMONSTON DR,,ROCKVILLE,,SAME DIRECTION SIDESWIPE,CLEAR,DRY,DAYLIGHT,N/A,UNKNOWN,,E73533BA-518D-42E2-B31F-7DC652629205,Yes,NO APPARENT INJURY,N/A,UNKNOWN,,49FC8A53-ACE1-4675-9BE8-5AD733C8F5DC,SUPERFICIAL,ONE OCLOCK,(SPORT) UTILITY VEHICLE,MOVING CONSTANT SPEED,North,35,No,No,2011,CADILLAC,XTS,39.07188805,-77.13284603,"(39.07188805, -77.13284603)"
HA2388000H,17001524,Maryland-National Capital,Property Damage Crash,11/17/2017 10:30:00 PM,County,PARK VISTA DR,HUNTER MOUNTAIN LA (PROP),,N/A,,STRAIGHT MOVEMENT ANGLE,CLEAR,DRY,DARK LIGHTS ON,N/A,UNKNOWN,,52781530-0B8A-41DC-BD9C-CBCB653549C8,Yes,NO APPARENT INJURY,N/A,LOOKED BUT DID NOT SEE,MD,B8AEC7EF-87B9-4CC4-9083-9259BC51DCBD,SUPERFICIAL,SIX OCLOCK,PASSENGER CAR,BACKING,East,25,No,No,2012,BMW,X3,39.10757752,-77.05028951,"(39.10757752, -77.05028951)"
MCP2755001S,180061247,Montgomery County Police,Injury Crash,12/07/2018 03:43:00 PM,Maryland (State),GEORGIA AVE,DENNIS AVE,,N/A,,SAME DIR REAR END,CLEAR,DRY,DAYLIGHT,TRAFFIC SIGNAL,NONE DETECTED,,DDF23918-AC28-4925-93AA-3FC4B2E2DE86,No,NO APPARENT INJURY,N/A,NOT DISTRACTED,MD,F1030687-D0E6-4656-BAB5-1CA2C8440A8D,SUPERFICIAL,ELEVEN OCLOCK,PASSENGER CAR,STOPPED IN TRAFFIC LANE,South,45,No,No,2015,TOYOTA,VAN,39.22316249,-76.84239654,"(39.22316249, -76.84239654)"
MCP30210031,180026689,Montgomery County Police,Property Damage Crash,05/31/2018 07:00:00 AM,County,E RANDOLPH RD,APPLEBY DR,,N/A,,SAME DIR REAR END,RAINING,WET,DAYLIGHT,N/A,NONE DETECTED,,C1D31EB4-EB46-4068-A515-8ADB7D121914,No,NO APPARENT INJURY,"RAIN, SNOW, V WIPERS|W OTHER ENVIRONMENTAL, WET",NOT DISTRACTED,MD,5C3BBD0B-22BA-4534-94FE-86052C57D7E3,SUPERFICIAL,SIX OCLOCK,PASSENGER CAR,STOPPED IN TRAFFIC LANE,West,40,No,No,2014,HYUNDAI,SANTA FE,39.07184167,-76.98848333,"(39.07184167, -76.98848333)"
MCP2181000Z,16043156,Montgomery County Police,Injury Crash,08/25/2016 05:38:00 AM,Maryland (State),KEY WEST AVE,DARNESTOWN RD,,N/A,,STRAIGHT MOVEMENT ANGLE,CLEAR,DRY,DARK LIGHTS ON,TRAFFIC SIGNAL,N/A,,40307D4C-460A-47E9-B11F-0BAF641D13CA,No,SUSPECTED SERIOUS INJURY,N/A,NOT DISTRACTED,MD,9C1255AB-C420-4B8D-A348-2CAB476306C4,DISABLING,NINE OCLOCK,PASSENGER CAR,MAKING LEFT TURN,North,40,No,No,2003,MTIS,GALLANT,39.10055333,-77.21343167,"(39.10055333, -77.21343167)"
MCP3181001F,190060269,Montgomery County Police,Property Damage Crash,12/14/2019 11:35:00 AM,Maryland (State),VEIRS MILL RD,NEWPORT MILL RD,,N/A,,HEAD ON,RAINING,WET,DAYLIGHT,TRAFFIC SIGNAL,N/A,,6C54BE42-99FF-4759-9165-3C00B094E78E,No,NO APPARENT INJURY,"N/A, WET",NOT DISTRACTED,MD,D50314CB-8B38-4298-A82E-2D0AB98835A0,DISABLING,TWELVE OCLOCK,PASSENGER CAR,ACCELERATING,North,35,No,No,2013,TOYOTA,COROLLA,39.04505667,-77.06489333,"(39.04505667, -77.06489333)"
MCP31650048,220055652,Montgomery County Police,Property Damage Crash,12/16/2022 08:50:00 AM,County,GATESHEAD MANOR WAY,ASTON MANOR DR,,N/A,,STRAIGHT MOVEMENT ANGLE,CLEAR,WET,DAYLIGHT,STOP SIGN,NONE DETECTED,,BE342562-F072-421F-897D-D4C421AB05DB,Unknown,NO APPARENT INJURY,N/A,NOT DISTRACTED,MD,93DB7433-FAC9-4EA7-AA69-2993D1986ACA,DISABLING,TWELVE OCLOCK,PASSENGER CAR,STARTING FROM LANE,South,25,No,No,2017,HONDA,CIVIC,39.0787655,-76.93774367,"(39.0787655, -76.93774367)"
MCP26350034,16045822,Montgomery County Police,Property Damage Crash,09/07/2016 03:50:00 PM,County,DENFELD AVE,CONNECTICUT AVE,,N/A,,SAME DIR REAR END,CLEAR,DRY,DAYLIGHT,TRAFFIC SIGNAL,N/A,,F2B0B352-85A6-4896-89F0-4839630C62E7,Yes,NO APPARENT INJURY,N/A,UNKNOWN,MD,2F657151-5E81-44C5-ABC5-A7ED0E87F048,SUPERFICIAL,TWELVE OCLOCK,OTHER,CHANGING LANES,North,30,No,No,1999,FORD,WINDSTAR,39.03887833,-77.07555,"(39.03887833, -77.07555)"
MCP30120082,210003828,Montgomery County Police,Injury Crash,01/30/2021 08:07:00 AM,County,ASPEN HILL RD,MARIANNA DR,,N/A,,SINGLE VEHICLE,CLEAR,ICE,DAYLIGHT,NO CONTROLS,NONE DETECTED,,C8F5E11E-E180-4281-B3E0-95683B390FEC,Yes,POSSIBLE INJURY,N/A,NOT DISTRACTED,MD,9663374E-5DAA-45B7-AE08-7669021849B1,DISABLING,TWELVE OCLOCK,PICKUP TRUCK,SKIDDING,North,30,No,No,1999,FORD,RANGER,39.07893367,-77.09003906,"(39.07893367, -77.09003906)"
MCP2291006H,220051706,Montgomery County Police,Injury Crash,11/22/2022 05:39:00 PM,Maryland (State),RIVER RD,VENTNOR RD,,N/A,,STRAIGHT MOVEMENT ANGLE,CLEAR,DRY,DARK LIGHTS ON,STOP SIGN,NONE DETECTED,,E63133D5-CDFE-430D-B511-835C3EDE34D4,Yes,NO APPARENT INJURY,N/A,LOOKED BUT DID NOT SEE,MD,2621716E-BEF9-4DF1-B465-024D38D46131,SUPERFICIAL,TWELVE OCLOCK,(SPORT) UTILITY VEHICLE,MAKING LEFT TURN,South,35,No,No,2017,NISSAN,ROGUE,38.96141,-77.09864,"(38.96141, -77.09864)"
EJ7856006G,190009830,Gaithersburg Police Depar,Property Damage Crash,03/02/2019 01:44:00 PM,Maryland (State),FREDERICK RD,DALAMAR ST,,GAITHERSBURG,,SAME DIR REAR END,CLEAR,DRY,DAYLIGHT,N/A,N/A,,B3CA8791-EB85-46D1-A201-5113CE56D181,No,NO APPARENT INJURY,N/A,NOT DISTRACTED,MD,94816A04-6D62-4B86-ACC8-7B09213DA469,FUNCTIONAL,SIX OCLOCK,PASSENGER CAR,SLOWING OR STOPPING,North,30,No,No,2011,FORD,TK,39.14682667,-77.20536333,"(39.14682667, -77.20536333)"
MCP137800Z9,210046317,Montgomery County Police,Property Damage Crash,11/15/2021 12:39:00 PM,Municipality,BOOKHAM LA,PEMBROOKE VIEW LA,,GAITHERSBURG,,SAME DIRECTION SIDESWIPE,CLOUDY,DRY,DAYLIGHT,NO CONTROLS,NONE DETECTED,,91ACDA90-90A0-41C8-B627-7AA78532ABE4,Yes,NO APPARENT INJURY,N/A,NOT DISTRACTED,MD,8EB8C3D4-0645-40CD-85D1-26E9A98D908D,NO DAMAGE,NON-COLLISION,"CARGO VAN/LIGHT TRUCK 2 AXLES (OVER 10,000LBS (4,536 KG))",OTHER,West,25,No,No,2016,FREIGHTLINER,DUMP,39.14881341,-77.17262162,"(39.14881341, -77.17262162)"
MCP15750040,16023761,Montgomery County Police,Property Damage Crash,05/13/2016 10:55:00 AM,County,CRABBS BRANCH WAY,MOCCASIN LA,,N/A,,SAME DIR REAR END,RAINING,WET,DAYLIGHT,NO CONTROLS,NONE DETECTED,,560C89EF-6043-4EB4-8F6A-B116A90C3BA1,No,NO APPARENT INJURY,"RAIN, SNOW, WET",NOT DISTRACTED,MD,31A9EA25-77FE-425E-B0B5-37DDE24D5436,SUPERFICIAL,SIX OCLOCK,OTHER,SLOWING OR STOPPING,South,35,No,No,2013,CHEVY,TK,39.11968333,-77.157005,"(39.11968333, -77.157005)"
MCP2902005D,220007702,Montgomery County Police,Property Damage Crash,02/22/2022 07:27:00 AM,Maryland (State),GERMANTOWN RD,RICHTER FARM RD,,N/A,,HEAD ON LEFT TURN,CLEAR,DRY,DAYLIGHT,TRAFFIC SIGNAL,N/A,,BB25147D-7633-48B4-8F84-DDA4753A7100,No,NO APPARENT INJURY,N/A,NOT DISTRACTED,MD,E4D44DF4-AE7B-46EC-9FAC-A92F4AD7144B,DISABLING,TWELVE OCLOCK,PASSENGER CAR,MOVING CONSTANT SPEED,West,45,No,No,2014,MERCEDES,CLA250,39.15398,-77.28714333,"(39.15398, -77.28714333)"
MCP27700020,170534987,Montgomery County Police,Injury Crash,10/05/2017 07:30:00 PM,County,SHADY GROVE RD,RAMP 8 FR RAMP 5 TO SHADY GROVE RD,,N/A,,HEAD ON LEFT TURN,N/A,N/A,DARK LIGHTS ON,TRAFFIC SIGNAL,NONE DETECTED,,9E878B92-1F97-4944-8D1F-97AD15E552EC,No,NO APPARENT INJURY,N/A,NOT DISTRACTED,MD,C983C3E0-FD0E-4088-B862-6BCEFF6EC229,DISABLING,TWELVE OCLOCK,PASSENGER CAR,MAKING LEFT TURN,East,40,No,No,2015,NISSAN,VERSA,39.11199,-77.18692,"(39.11199, -77.18692)"
MCP3012006X,200025024,Montgomery County Police,Property Damage Crash,06/27/2020 10:02:00 AM,,,,ASPEN HILL SHOPPING CENTER PARKING LOT (OUTSIDE GIANT),,,OPPOSITE DIRECTION SIDESWIPE,CLEAR,,DAYLIGHT,NO CONTROLS,N/A,,543171C4-EF0E-4B05-A0A3-CC08D43E1865,No,NO APPARENT INJURY,N/A,NOT DISTRACTED,MD,707C2546-50C1-4FE0-9199-CFC578053392,FUNCTIONAL,NINE OCLOCK,(SPORT) UTILITY VEHICLE,MOVING CONSTANT SPEED,Unknown,15,No,No,2006,TOYOTA,4RUNNER,39.07993833,-77.07988333,"(39.07993833, -77.07988333)"
MCP27260079,220041616,Montgomery County Police,Injury Crash,09/24/2022 11:22:00 AM,Maryland (State),FREDERICK RD,ENT TO MONT CO WASTE TRANSFER STATION,,N/A,,STRAIGHT MOVEMENT ANGLE,N/A,DRY,DAYLIGHT,TRAFFIC SIGNAL,NONE DETECTED,,55E47860-062C-4056-B6B8-D4C156D4CC38,Unknown,SUSPECTED MINOR INJURY,N/A,LOOKED BUT DID NOT SEE,MD,68581C9D-1499-46F3-8AD3-CCFBD577E7AC,DISABLING,TWO OCLOCK,PASSENGER CAR,MAKING LEFT TURN,South,40,No,No,2013,SUBARU,LEGACY,39.1192655,-77.171744,"(39.1192655, -77.171744)"
MCP26710047,250008046,MONTGOMERY,Property Damage Crash,02/23/2025 09:20:00 PM,Maryland (State) Route,GEORGIA AVE (SB/L),FENWICK LA,,,,"Sideswipe, Same Direction",Clear,Dry,Dark - Lighted,No Controls,"Not Suspect of Alcohol Use, Not Suspect of Drug Use",,73DDA8D9-134E-46C5-A824-9CF88CB9648A,Yes,No Apparent Injury,Failed to Keep in Proper Lane,Not Distracted,MD,D15E450B-071A-4210-9272-458D669DC38C,Superficial,Nine O Clock,Bus - Transit,Changing Lanes,Southbound,35,No,No,2013,NEW FLYER,XCELSIOR,38.99827782,-77.03065652,"(38.99827782, -77.03065652)"
EJ7747003H,170542023,Gaithersburg Police Depar,Injury Crash,11/10/2017 11:15:00 AM,Maryland (State),FREDERICK RD,WALKER AVE,,GAITHERSBURG,,SAME DIR REAR END,CLEAR,DRY,DAYLIGHT,NO CONTROLS,NONE DETECTED,,9C8166DE-030D-47A1-A6CC-66B582809C85,No,NO APPARENT INJURY,N/A,NOT DISTRACTED,MD,AC8985C0-1CC6-49E2-A328-1E6F846270D4,FUNCTIONAL,SIX OCLOCK,(SPORT) UTILITY VEHICLE,STOPPED IN TRAFFIC LANE,South,30,No,No,2011,HONDA,CRV,39.14318333,-77.20107,"(39.14318333, -77.20107)"
MCP3206001H,200003095,Montgomery County Police,Property Damage Crash,01/19/2020 06:45:00 AM,Maryland (State),COLESVILLE RD,16TH ST,,N/A,,SAME DIR BOTH LEFT TURN,CLEAR,DRY,DARK -- UNKNOWN LIGHTING,TRAFFIC SIGNAL,NONE DETECTED,,87B1B4D0-4776-46D9-9AE0-D00AD592FF04,Yes,NO APPARENT INJURY,N/A,UNKNOWN,MD,958B7423-FC9C-4179-BBBC-34AD7C368200,SUPERFICIAL,ONE OCLOCK,PASSENGER CAR,MOVING CONSTANT SPEED,East,35,No,No,2013,NISSAN,ALTIMA,38.99237524,-77.03615797,"(38.99237524, -77.03615797)"
MCP23580065,190026149,Montgomery County Police,Property Damage Crash,06/01/2019 01:55:00 PM,County,WESTBARD AVE,MASSACHUSETTS AVE,,N/A,,SAME DIR REAR END,CLEAR,DRY,DAYLIGHT,NO CONTROLS,NONE DETECTED,,DB0D6F3F-06E6-4C09-885B-D6E6AD6EEAEE,Yes,NO APPARENT INJURY,N/A,OTHER DISTRACTION,DC,749EF908-19C2-4DE9-BFCE-FD48234BF122,DISABLING,TWELVE OCLOCK,PASSENGER CAR,MOVING CONSTANT SPEED,North,35,No,No,2013,MERCEDES BENZ,GL450,38.95985167,-77.10806,"(38.95985167, -77.10806)"
MCP29650011,16029147,Montgomery County Police,Property Damage Crash,06/10/2016 07:44:00 AM,Maryland (State),NEW HAMPSHIRE AVE,SAPLING RIDGE LA,,N/A,,ANGLE MEETS LEFT HEAD ON,CLEAR,DRY,DAYLIGHT,NO CONTROLS,N/A,,54DB3B3A-5843-4E62-AFCC-3E5915B5B722,No,NO APPARENT INJURY,N/A,NOT DISTRACTED,MD,78AD8C56-6EEF-4839-AD4A-D7DAEDACC0F2,DISABLING,ONE OCLOCK,PASSENGER CAR,N/A,North,40,No,No,2011,SUBA,4S,39.21629529,-77.05252647,"(39.21629529, -77.05252647)"
MCP2439000T,180032257,Montgomery County Police,Property Damage Crash,06/30/2018 11:06:00 AM,County,CRESTED IRIS DR,WATKINS MILL RD,,N/A,,SAME DIRECTION SIDESWIPE,CLEAR,DRY,DAYLIGHT,NO CONTROLS,N/A,,D3A9573D-575D-4D7D-BF1D-3640DBCEE087,No,NO APPARENT INJURY,N/A,NOT DISTRACTED,MD,FE8AE976-3780-49C1-A3DF-8CF78E50702F,SUPERFICIAL,ELEVEN OCLOCK,PASSENGER CAR,MOVING CONSTANT SPEED,East,25,No,No,2007,JEEP,GRAND CHEROKE,39.18010243,-77.21071243,"(39.18010243, -77.21071243)"
MCP2987005S,190056486,Montgomery County Police,Injury Crash,11/22/2019 03:18:00 PM,County,RANDOLPH RD,SHERWOOD FOREST DR,,N/A,,STRAIGHT MOVEMENT ANGLE,CLEAR,DRY,DAYLIGHT,STOP SIGN,NONE DETECTED,,ED751549-FAF4-471D-9553-7E7E85BDA76D,No,POSSIBLE INJURY,N/A,NOT DISTRACTED,MD,CE3328FE-9BAF-4F86-A5E3-C67FA3DE50C5,DISABLING,NINE OCLOCK,PASSENGER CAR,MOVING CONSTANT SPEED,East,40,No,No,2019,HONDA,PILOT,39.073325,-77.00798833,"(39.073325, -77.00798833)"
MCP0036006N,170523707,Montgomery County Police,Injury Crash,08/08/2017 06:08:00 PM,County,BROOKEVILLE RD,ZION RD,,N/A,,SAME DIR REAR END,CLEAR,DRY,DAYLIGHT,STOP SIGN,NONE DETECTED,,684B8DE1-B993-4ECD-828A-FD8AA3CF758E,No,POSSIBLE INJURY,N/A,NOT DISTRACTED,MD,98ECFD24-E751-4957-9F31-E72D5004CC91,FUNCTIONAL,SIX OCLOCK,PASSENGER CAR,STOPPED IN TRAFFIC LANE,East,30,No,No,2007,TOYOTA,CAMRY,39.18486567,-77.10138467,"(39.18486567, -77.10138467)"
MCP32080029,210043763,Montgomery County Police,Property Damage Crash,10/29/2021 10:29:00 PM,County,MANCHESTER RD,BRADFORD RD,,N/A,,SAME DIR REAR END,N/A,WET,DARK LIGHTS ON,NO CONTROLS,N/A,,9D41D055-CAB1-4234-8749-63BF72BEFAB8,Yes,NO APPARENT INJURY,N/A,UNKNOWN,,761D27EE-89A8-41A2-A50C-D7143B6DAC53,FUNCTIONAL,TWELVE OCLOCK,,UNKNOWN,South,25,No,No,0,UNKNOWN,UNKNOWN,38.99905833,-77.00826333,"(38.99905833, -77.00826333)"
MCP23050023,210028463,Montgomery County Police,Property Damage Crash,07/22/2021 09:34:00 PM,County,SUNDOWN RD,ZION RD,,N/A,,SAME DIR REAR END,CLEAR,DRY,DARK NO LIGHTS,NO CONTROLS,NONE DETECTED,,0CF67690-D19C-4606-9791-61FBE944E7D4,No,NO APPARENT INJURY,"ANIMAL, N/A",NOT DISTRACTED,MD,40318338-5D85-4CCE-BDCD-EC53830C7988,SUPERFICIAL,SIX OCLOCK,PASSENGER CAR,STOPPED IN TRAFFIC LANE,East,45,No,No,2000,VOLV,S70,39.22262667,-77.08311833,"(39.22262667, -77.08311833)"
DD5614000W,16032760,Rockville Police Departme,Injury Crash,06/28/2016 05:47:00 PM,Maryland (State),ROCKVILLE PIKE,SPUR TO MD 28,,N/A,,SAME DIR REAR END,CLEAR,DRY,DAYLIGHT,YIELD SIGN,NONE DETECTED,,8AC60472-4143-42AF-89CB-0CD2D6349C92,No,POSSIBLE INJURY,N/A,NOT DISTRACTED,MD,273B6778-C41C-49CD-99EE-1E87A24093A8,FUNCTIONAL,SIX OCLOCK,PASSENGER CAR,ENTERING TRAFFIC LANE,West,30,No,No,2012,TOYT,4S,39.08266,-77.14654,"(39.08266, -77.14654)"
MCP26170070,190009135,Montgomery County Police,Injury Crash,02/26/2019 12:45:00 PM,Maryland (State),NEW HAMPSHIRE AVE,RANDOLPH RD,,N/A,,SINGLE VEHICLE,CLEAR,DRY,DAYLIGHT,TRAFFIC SIGNAL,N/A,,DF9D50A9-808F-4584-82FE-50B58230A458,Yes,POSSIBLE INJURY,N/A,NOT DISTRACTED,MD,8645F1FB-F8D1-48E4-9625-71C1BA5E6692,DISABLING,TWELVE OCLOCK,PASSENGER CAR,MOVING CONSTANT SPEED,South,40,No,No,2011,HONDA`,ACCORD,39.07559667,-77.00213,"(39.07559667, -77.00213)"
MCP31610067,240001199,MONTGOMERY,Property Damage Crash,01/08/2024 03:57:00 PM,Maryland (State) Route,CONNECTICUT AVE,,,,,Front to Rear,Clear,Dry,Daylight,No Controls,"Not Suspect of Alcohol Use, Not Suspect of Drug Use",,8ADE4314-B52F-46B9-BAA6-A2DC695F15DF,No,No Apparent Injury,"Followed Too Closely, Too Fast For Conditions",Unknown,IN,FE449740-71E7-47FD-9FE0-535B98F07025,Disabling,Twelve O Clock,Passenger Car,Moving Constant Speed,Northbound,35,No,No,2002,MAZDA,MPV,39.002745,-77.07714217,"(39.002745, -77.07714217)"