Report Number,Local Case Number,Agency Name,ACRS Report Type,Crash Date/Time,Route Type,Road Name,Cross-Street Name,Off-Road Description,Municipality,Related Non-Motorist,Collision Type,Weather,Surface Condition,Light,Traffic Control,Driver Substance Abuse,Non-Motorist Substance Abuse,Person ID,Driver At Fault,Injury Severity,Circumstance,Driver Distracted By,Drivers License State,Vehicle ID,Vehicle Damage Extent,Vehicle First Impact Location,Vehicle Body Type,Vehicle Movement,Vehicle Going Dir,Speed Limit,Driverless Vehicle,Parked Vehicle,Vehicle Year,Vehicle Make,Vehicle Model,Latitude,Longitude,Location
MCP3295002K,220056120,Montgomery County Police,Property Damage Crash,12/18/2022 09:23:00 PM,County,BRIGGS CHANEY RD,RAMP 5 FR US 29 SB TO BRIGGS CHANEY RD,,N/A,,STRAIGHT MOVEMENT ANGLE,CLEAR,DRY,DARK LIGHTS ON,TRAFFIC SIGNAL,NONE DETECTED,,0C6DA6CC-FC92-4DD6-B3FF-2C52F9BC55A0,No,NO APPARENT INJURY,N/A,NOT DISTRACTED,MD,D4CAB2E1-0E06-49D3-AF69-AB9D68216797,DISABLING,TWELVE OCLOCK,PASSENGER CAR,MAKING LEFT TURN,North,35,No,No,2013,NISSAN,ROUGE,39.08281667,-76.94811333,"(39.08281667, -76.94811333)"
MCP29170026,170542621,Montgomery County Police,Property Damage Crash,11/13/2017 08:45:00 PM,County,BEL PRE RD,PARKER FARM WAY,,N/A,,SAME DIR REAR END,CLEAR,DRY,DARK LIGHTS ON,NO CONTROLS,NONE DETECTED,,654235B7-05D8-49A7-AEFD-5DA1254C33BD,No,NO APPARENT INJURY,N/A,NOT DISTRACTED,MD,5BE1EE0C-D1AA-4982-A3F8-73653CADA323,SUPERFICIAL,SIX OCLOCK,PASSENGER CAR,MAKING RIGHT TURN,West,35,No,No,2015,CHRYSLER,200,39.09058333,-77.04847833,"(39.09058333, -77.04847833)"
MCP33740030,250025848,MONTGOMERY,Property Damage Crash,06/10/2025 12:24:00 PM,County Route,FERNWOOD RD (SB/L),,,,,Angle,Clear,Dry,Daylight,Traffic Control Signal,"Not Suspect of Alcohol Use, Not Suspect of Drug Use",,E1689977-A11B-4114-931C-282DD587559B,No,No Apparent Injury,,Not Distracted,MD,91AAF7E6-B2C9-49DD-A2BF-0385F11FD1C4,Disabling,One O Clock,Passenger Car,Moving Constant Speed,Northbound,35,No,No,2016,BMW,328I,39.021378,-77.13483683,"(39.021378, -77.13483683)"
MCP32210023,220021122,Montgomery County Police,Property Damage Crash,05/18/2022 07:23:00 AM,Maryland (State),E JEFFERSON ST,MONROE ST,,ROCKVILLE,,SAME DIRECTION SIDESWIPE,CLEAR,DRY,DAYLIGHT,TRAFFIC SIGNAL,NONE DETECTED,,DBD8ACD1-C349-4C4E-9C13-5DFA020C26D4,Yes,NO APPARENT INJURY,N/A,INATTENTIVE OR LOST IN THOUGHT,MD,7743A0A5-4884-473F-A21B-F5FAFF8973C9,NO DAMAGE,FOUR OCLOCK,TRANSIT BUS,MAKING LEFT TURN,East,30,No,No,2008,GILLIG,BUS,39.08187167,-77.14893833,"(39.08187167, -77.14893833)"
MCP1235001D,180019211,Montgomery County Police,Property Damage Crash,04/19/2018 08:30:00 PM,US (State),COLUMBIA PIKE,ENT TO BURNT MILLS SHOPPING CENTER,,N/A,,SAME DIR REAR END,CLEAR,DRY,DARK LIGHTS ON,TRAFFIC SIGNAL,NONE DETECTED,,CA720FBF-0451-4E54-99D7-E266AD089695,No,NO APPARENT INJURY,N/A,NOT DISTRACTED,MD,B27C9A39-347E-4613-9D17-AA718F63672C,DISABLING,SIX OCLOCK,PASSENGER CAR,STOPPED IN TRAFFIC LANE,North,40,No,No,1999,TOYOTA,AVALON,39.03141167,-77.00454333,"(39.03141167, -77.00454333)"
DD56460012,210012426,Rockville Police Departme,Property Damage Crash,04/03/2021 01:00:00 AM,Municipality,E GUDE DR,ROTHGEB DR,,ROCKVILLE,,SINGLE VEHICLE,UNKNOWN,UNKNOWN,DARK LIGHTS ON,NO CONTROLS,NONE DETECTED,,81C941EB-6FE8-4FFC-9C2F-14607BA02CBC,Yes,NO APPARENT INJURY,N/A,UNKNOWN,MD,5C8D0535-8B62-4FAF-82AD-15FDB5D73761,DISABLING,TWELVE OCLOCK,(SPORT) UTILITY VEHICLE,MOVING CONSTANT SPEED,East,40,No,No,2002,GMC,TK,39.09564618,-77.13396137,"(39.09564618, -77.13396137)"
MCP2771001Q,230004201,Montgomery County Police,Injury Crash,01/26/2023 06:45:00 AM,Maryland (State),CONNECTICUT AVE,WELLER RD,,N/A,PEDESTRIAN,OTHER,FOGGY,WET,DARK LIGHTS ON,TRAFFIC SIGNAL,N/A,N/A,164B5017-C64F-4BEC-930A-FB41A1B7782C,Yes,NO APPARENT INJURY,"N/A, WET",LOOKED BUT DID NOT SEE,MD,D740BAF0-BED3-4E68-A9A1-9AADCD223FA7,NO DAMAGE,TWELVE OCLOCK,PASSENGER CAR,MAKING LEFT TURN,East,35,No,No,2013,HOND,TK,39.06365833,-77.07338667,"(39.06365833, -77.07338667)"
MCP22910012,15012342,Montgomery County Police,Injury Crash,03/17/2015 05:58:00 PM,Maryland (State),EAST WEST HWY,CYPRESS PL,,N/A,,SAME DIR REAR END,CLEAR,DRY,DAYLIGHT,NO CONTROLS,NONE DETECTED,,7CC41152-2F86-461B-961F-9012C4BF6564,No,POSSIBLE INJURY,N/A,NOT DISTRACTED,MA,CABEB2A1-FBDC-48E6-AC4F-67365123BC6E,FUNCTIONAL,SIX OCLOCK,PASSENGER CAR,SLOWING OR STOPPING,East,35,No,No,2007,NISSAN,MURANO,39.16934667,-77.264415,"(39.16934667, -77.264415)"
MCP3195004G,230025141,Montgomery County Police,Property Damage Crash,05/25/2023 05:38:00 PM,County,GALWAY DR,FAIRLAND RD,,N/A,,OTHER,CLEAR,DRY,DAYLIGHT,NO CONTROLS,N/A,,E9ECFA1E-67D5-4590-AD09-D39C42276CC7,No,NO APPARENT INJURY,"BACKUP DUE TO NON-RECURRING INCIDENT, BACKUP DUE TO REGULAR CONGESTION, N/A",NOT DISTRACTED,MD,BF21C792-2A3A-4376-8BB8-929632976995,SUPERFICIAL,TEN OCLOCK,PASSENGER CAR,STOPPED IN TRAFFIC LANE,South,35,No,No,2007,TOYOTA,SIENNA,39.0657485,-76.944485,"(39.0657485, -76.944485)"
MCP3232004D,230060397,Montgomery County Police,Property Damage Crash,10/13/2023 09:23:00 PM,Maryland (State),ASHTON RD,NEW HAMPSHIRE AVE,,N/A,,HEAD ON LEFT TURN,CLEAR,DRY,DARK LIGHTS ON,TRAFFIC SIGNAL,NONE DETECTED,,3383A19F-D1D0-479D-B8E6-70E009A4B098,Yes,NO APPARENT INJURY,N/A,LOOKED BUT DID NOT SEE,MD,9F7F5EF0-685A-48C2-AB7F-50D57F2D4F9D,DISABLING,TWELVE OCLOCK,(SPORT) UTILITY VEHICLE,MOVING CONSTANT SPEED,East,35,No,No,2022,FORD,BRONCO,39.14936417,-77.0124295,"(39.14936417, -77.0124295)"
EJ7851000R,15026632,Gaithersburg Police Depar,Property Damage Crash,06/02/2015 01:30:00 PM,Maryland (State),MONTGOMERY VILLAGE AVE,RUSSELL AVE,,GAITHERSBURG,,SAME DIR REAR END,RAINING,WET,DAYLIGHT,TRAFFIC SIGNAL,NONE DETECTED,,379680D6-E9AF-447D-B077-7AD39628B49B,No,NO APPARENT INJURY,"N/A, WET",NOT DISTRACTED,MD,F9827A86-1AF1-4188-9FE1-0BFB44789389,DISABLING,SIX OCLOCK,PASSENGER CAR,SLOWING OR STOPPING,West,35,No,No,2010,HONDA,CIVIC,39.15666232,-77.20631361,"(39.15666232, -77.20631361)"
MCP3123000H,180019567,Montgomery County Police,Injury Crash,04/21/2018 06:08:00 PM,Maryland (State),ROCKVILLE PIKE,ENT TO WOODMONT COUNTRY CLUB,,N/A,,SAME DIR REAR END,CLEAR,DRY,DAYLIGHT,TRAFFIC SIGNAL,N/A,,AB3CC8BD-A2F7-4CE6-80C6-47F3C9AEE6C8,No,NO APPARENT INJURY,N/A,NOT DISTRACTED,MD,3739D37D-0D4D-4F9F-9705-8F739D6CEC35,SUPERFICIAL,SIX OCLOCK,PASSENGER CAR,MAKING U TURN,North,40,No,No,2012,CHEVROLET,SONIC LT,39.06955242,-77.13060826,"(39.06955242, -77.13060826)"
MCP30370029,180056643,Montgomery County Police,Property Damage Crash,11/11/2018 07:10:00 PM,Maryland (State),LAYTONSVILLE RD,BRINK RD,,N/A,,SINGLE VEHICLE,CLEAR,DRY,DARK LIGHTS ON,NO CONTROLS,ALCOHOL PRESENT,,6EA5EE44-9BAA-4609-B9EE-19659B057062,Yes,NO APPARENT INJURY,N/A,UNKNOWN,MD,59033300-00A1-49F1-8416-2520A13473F2,DISABLING,TWELVE OCLOCK,PASSENGER CAR,MOVING CONSTANT SPEED,East,40,No,No,2006,JEEP,TK,39.21190852,-77.14268434,"(39.21190852, -77.14268434)"
EJ7871000N,180058442,Gaithersburg Police Depar,Injury Crash,11/21/2018 04:15:00 PM,County,SHADY GROVE RD,RAMP 7 FR SHADY GROVE RD WB TO IS 270 SB,,N/A,,SAME DIR REAR END,CLEAR,DRY,DAYLIGHT,TRAFFIC SIGNAL,NONE DETECTED,,0275332F-C505-40E5-8307-A92601F69B6A,Yes,NO APPARENT INJURY,N/A,LOOKED BUT DID NOT SEE,MD,358690D7-0929-4E59-8F36-600E0DE2B8A5,DISABLING,TWELVE OCLOCK,PASSENGER CAR,MOVING CONSTANT SPEED,West,35,No,No,2010,TOYOTA,COROLLA,39.10972667,-77.18814167,"(39.10972667, -77.18814167)"
MCP26860040,200004846,Montgomery County Police,Property Damage Crash,01/29/2020 06:43:00 PM,Maryland (State),GREAT SENECA HWY,GREY EAGLE CT,,N/A,,STRAIGHT MOVEMENT ANGLE,CLEAR,DRY,DARK LIGHTS ON,N/A,UNKNOWN,,AE54AB2A-C4F2-4B08-BC5A-F18D64AF8AC9,Yes,NO APPARENT INJURY,N/A,UNKNOWN,MD,942C377B-E87C-473B-9E25-D01270C9BA50,FUNCTIONAL,SEVEN OCLOCK,(SPORT) UTILITY VEHICLE,STARTING FROM LANE,West,10,No,No,2013,FORD,EDGE,39.16945333,-77.26401833,"(39.16945333, -77.26401833)"
MCP0685003L,170537126,Montgomery County Police,Injury Crash,10/17/2017 08:13:00 AM,County,CRABBS BRANCH WAY,INDIANOLA DR,,N/A,,SAME DIR REAR END,CLEAR,DRY,DAYLIGHT,TRAFFIC SIGNAL,NONE DETECTED,,4F01B00D-6340-4CB0-BBDD-4A5CCA98FFB1,No,NO APPARENT INJURY,N/A,NOT DISTRACTED,MD,D9D90577-4B17-482D-A2DB-1234E64AEE54,SUPERFICIAL,SIX OCLOCK,PASSENGER CAR,STOPPED IN TRAFFIC LANE,South,35,No,No,2011,MINI COOP,4DR,39.11493333,-77.15691,"(39.11493333, -77.15691)"
MCP3208005W,240038300,MONTGOMERY,Injury Crash,08/14/2024 05:29:00 AM,County Route,SLIGO AVE,FENTON ST,,,,Angle,Clear,Dry,Dark - Lighted,Flashing Traffic Control Signal,"Not Suspect of Alcohol Use, Not Suspect of Drug Use",,3C69F0D1-4BF7-4085-8D43-8EDB73F33692,No,Suspected Minor Injury,,Not Distracted,MD,F60707CF-31F6-4404-96DA-98D42F97D3B9,Disabling,Cargo Loss,Passenger Car,Moving Constant Speed,,30,No,No,2016,VOLKSWAGEN,GOLF GTI,38.9901465,-77.02399435,"(38.9901465, -77.02399435)"
MCP27080051,190030745,Montgomery County Police,Injury Crash,06/27/2019 09:30:00 PM,Maryland (State),UNIVERSITY BLVD E,E WAYNE AVE,,N/A,,SAME DIR REAR END,CLEAR,DRY,DARK LIGHTS ON,NO CONTROLS,NONE DETECTED,,D5CF27DB-D410-4AC5-A5CB-1E2D6B3B5AAF,No,NO APPARENT INJURY,N/A,NOT DISTRACTED,VA,216D51F2-6495-4F40-B692-E42BCEDC30CD,SUPERFICIAL,SIX OCLOCK,PASSENGER CAR,SLOWING OR STOPPING,West,35,No,No,2007,HYUNDAI,SONATA,39.00514,-76.99693,"(39.00514, -76.99693)"
MCP32620055,240055197,MONTGOMERY,Injury Crash,11/17/2024 08:00:00 PM,Maryland (State) Route,NEW HAMPSHIRE AVE,,,,,"Sideswipe, Opposite Direction",Clear,Dry,Dark - Lighted,Traffic Control Signal,"Not Suspect of Alcohol Use, Not Suspect of Drug Use",,DF32F0D0-C171-4B8E-BB13-11C03A988E64,No,No Apparent Injury,,Not Distracted,MD,68171F4D-CE17-4A75-9ED4-C644D0FFEFBD,Disabling,Top,Passenger Car,Moving Constant Speed,Northbound,45,No,No,2014,TOYOTA,AVALON,39.0396375,-76.99044383,"(39.0396375, -76.99044383)"
MCP2385000W,16050403,Montgomery County Police,Property Damage Crash,10/01/2016 03:02:00 AM,County,ANNAPOLIS ROCK RD,DAMASCUS RD,,N/A,,HEAD ON LEFT TURN,RAINING,WET,DARK NO LIGHTS,STOP SIGN,UNKNOWN,,16350C82-60C3-4661-A3B1-8F2E373452F3,Yes,NO APPARENT INJURY,"RAIN, SNOW, WET",INATTENTIVE OR LOST IN THOUGHT,MD,0DCD553F-A0D9-4501-BCFA-C88EE52097E8,SUPERFICIAL,ELEVEN OCLOCK,(SPORT) UTILITY VEHICLE,MAKING LEFT TURN,East,50,No,No,2008,SATURN,OUTLOOK,39.272465,-77.14798,"(39.272465, -77.14798)"
MCP2899006Y,250027499,MONTGOMERY,Property Damage Crash,06/20/2025 01:25:00 PM,Maryland (State) Route,WOODFIELD RD,,,,,"Sideswipe, Same Direction",Clear,Dry,Daylight,No Controls,"Unknown, Unknown",,410882C9-F307-417B-9FEE-3EFD9397F557,No,,,,,FFFD2E9C-F458-4106-AE44-8A0BC63E0DDA,Vehicle Not at Scene,Vehicle Not at Scene,Pickup,Overtaking/Passing,Eastbound,35,No,No,0,,,39.20064667,-77.15790333,"(39.20064667, -77.15790333)"
MCP3012004B,190007822,Montgomery County Police,Property Damage Crash,02/18/2019 07:30:00 AM,Maryland (State),CONNECTICUT AVE,GREENLY ST,,N/A,,SAME DIR REAR END,CLEAR,WET,DAYLIGHT,NO CONTROLS,NONE DETECTED,,BE23BA7A-DBDC-4FFE-872B-4A289671D6ED,No,NO APPARENT INJURY,"N/A, WET",NOT DISTRACTED,MD,B9329804-CC7A-4740-879A-F38DB54EFB4B,FUNCTIONAL,SIX OCLOCK,PASSENGER CAR,SLOWING OR STOPPING,South,45,No,No,2009,ACURA,TI,39.06125167,-77.07321833,"(39.06125167, -77.07321833)"
MCP2728002W,16061700,Montgomery County Police,Property Damage Crash,12/01/2016 03:53:00 PM,Maryland (State),OLD COLUMBIA PIKE,ENT TO BUSINESS,,N/A,,STRAIGHT MOVEMENT ANGLE,CLEAR,DRY,DAYLIGHT,NO CONTROLS,NONE DETECTED,,7659F54F-E17B-49AC-BBC8-DCDDFE758A3C,No,NO APPARENT INJURY,N/A,NOT DISTRACTED,MD,B83F6DC7-9B0F-41C5-8AB9-CCACC85ED48C,DISABLING,TWO OCLOCK,PASSENGER CAR,MOVING CONSTANT SPEED,West,40,No,No,1997,ACURA,INTEGRA,39.11037833,-76.934075,"(39.11037833, -76.934075)"
MCP33870024,240057618,MONTGOMERY,Injury Crash,12/02/2024 11:58:00 AM,County Route,CHERRY HILL RD,,,,,Front to Rear,Clear,Dry,Daylight,No Controls,"Not Suspect of Alcohol Use, Not Suspect of Drug Use",,8ED9AD29-7608-4AA2-A3A4-1DF064A8AA79,No,Suspected Minor Injury,,Not Distracted,MD,7E5BBB07-7F3E-4A1A-9028-302073DE7239,Superficial,Six O Clock,Passenger Car,Stopped in Traffic,Southbound,35,No,No,2013,FORD,ESCAPE,39.05567405,-76.95411468,"(39.05567405, -76.95411468)"
DD5649002N,220047060,Rockville Police Departme,Injury Crash,10/26/2022 09:09:00 PM,Municipality,WOOTTON PKWY,TOWER OAKS BLVD,,ROCKVILLE,,OTHER,N/A,DRY,DARK LIGHTS ON,NO CONTROLS,N/A,,87DE2184-7413-48D4-9B60-4CF293F98439,Yes,SUSPECTED SERIOUS INJURY,N/A,UNKNOWN,MD,DA489012-59EF-43EB-BB54-BFF5FF5EAE21,DESTROYED,ELEVEN OCLOCK,PASSENGER CAR,CHANGING LANES,East,40,No,No,2001,TOYOTA,CAMRY,39.06697067,-77.15602344,"(39.06697067, -77.15602344)"
MCP3224001F,220026393,Montgomery County Police,Property Damage Crash,06/19/2022 03:24:00 AM,Interstate (State),CAPITAL BELTWAY,RAMP 6 FR IS 495 EB TO US 29 SB,,N/A,,SAME DIRECTION LEFT TURN,CLEAR,DRY,DARK LIGHTS ON,NO CONTROLS,UNKNOWN,,4C5F6F86-7F1E-4D75-A559-B55EE8F13D48,Yes,NO APPARENT INJURY,N/A,NOT DISTRACTED,,72119765-402C-42AE-81CA-33017719EA7F,SUPERFICIAL,ONE OCLOCK,PASSENGER CAR,MOVING CONSTANT SPEED,East,55,No,No,2004,ACURA,RDX,39.016865,-77.02557167,"(39.016865, -77.02557167)"
MCP32070031,220052364,Montgomery County Police,Property Damage Crash,11/27/2022 08:55:00 PM,County,E RANDOLPH RD,BROADMORE RD,,N/A,,HEAD ON LEFT TURN,RAINING,WET,DARK LIGHTS ON,TRAFFIC SIGNAL,NONE DETECTED,,6E717D8B-7295-4045-929E-49DA4D111931,No,NO APPARENT INJURY,"SLEET, HAIL, FREEZ. RAIN, WET",NOT DISTRACTED,MD,A4D71E06-8D9B-4B75-8436-6910F3C5D6BF,DISABLING,ELEVEN OCLOCK,PASSENGER CAR,MAKING LEFT TURN,West,40,No,No,2009,TOYOTA,CAMRY,39.07186633,-76.98860017,"(39.07186633, -76.98860017)"
MCP23580084,210010709,Montgomery County Police,Injury Crash,03/22/2021 10:18:00 AM,Maryland (State),OLD GEORGETOWN RD,RAMP 7 FR RAMP 2 (FR IS495) TO MD 187 SB,,N/A,,SAME DIR REAR END,CLEAR,DRY,DAYLIGHT,YIELD SIGN,NONE DETECTED,,C70B5A56-8902-41DE-83A5-8FB4A5702550,Yes,NO APPARENT INJURY,N/A,NOT DISTRACTED,VA,8B96A952-442E-41DB-995F-14A25D0A0A58,FUNCTIONAL,TWELVE OCLOCK,PASSENGER CAR,MOVING CONSTANT SPEED,South,40,No,No,2010,TOYOTA,RAV 4,39.01480483,-77.11847967,"(39.01480483, -77.11847967)"
MCP3078003Q,210016765,Montgomery County Police,Property Damage Crash,05/04/2021 04:59:00 PM,Maryland (State),NEW HAMPSHIRE AVE,RANDOLPH RD,,N/A,,SAME DIR REAR END,RAINING,WET,DAYLIGHT,N/A,NONE DETECTED,,3A9804DB-B676-4865-99A9-B5383060800A,Yes,NO APPARENT INJURY,"N/A, WET",NOT DISTRACTED,VA,6E6ED318-793D-4924-9E35-EC6E10ED5921,FUNCTIONAL,TWELVE OCLOCK,PASSENGER CAR,SLOWING OR STOPPING,North,35,No,No,2021,TOYOTA,SUV,39.07543833,-77.00165,"(39.07543833, -77.00165)"
MCP2159001R,240010191,MONTGOMERY,Injury Crash,03/02/2024 09:46:00 AM,Interstate (State),EISENHOWER MEMORIAL HWY (SB/L),,,,,Front to Rear,Rain,Wet,Daylight,No Controls,"Not Suspect of Alcohol Use, Not Suspect of Drug Use",,1A51462A-EE93-4EDF-965D-91831B658895,No,No Apparent Injury,,Not Distracted,MD,775CEFE9-CA3F-473D-A4DE-9892495003E4,Superficial,Seven O Clock,Passenger Car,Slowing or Stopping,Southbound,55,No,No,2003,TOYOTA,CAMRY,39.19206805,-77.25991316,"(39.19206805, -77.25991316)"
MCP2967002S,170549781,Montgomery County Police,Injury Crash,12/20/2017 06:25:00 PM,County,DEMOCRACY BLVD,SEVEN LOCKS RD,,N/A,,HEAD ON LEFT TURN,CLEAR,DRY,DARK LIGHTS ON,TRAFFIC SIGNAL,N/A,,A5C87E9C-5583-42B7-8A7B-F78CFDD12775,Yes,SUSPECTED MINOR INJURY,N/A,LOOKED BUT DID NOT SEE,MD,147CD798-51B8-4DCA-9981-689E2D24D691,DISABLING,TWELVE OCLOCK,PASSENGER CAR,ACCELERATING,North,35,No,No,2012,ACURA,TL,39.02306667,-77.16242833,"(39.02306667, -77.16242833)"
MCP3220003F,220055228,Montgomery County Police,Injury Crash,12/12/2022 03:10:00 PM,,,,PARKING LOT OF 880 RUSSELL AVE,,PEDESTRIAN,SINGLE VEHICLE,CLEAR,,DAYLIGHT,NO CONTROLS,UNKNOWN,UNKNOWN,88A2E10E-BA33-4853-AAE3-0AB932718D4B,Unknown,SUSPECTED MINOR INJURY,N/A,UNKNOWN,MD,D1ECF7A6-809E-4708-A949-3E85A032A6ED,NO DAMAGE,SIX OCLOCK,PASSENGER CAR,PARKING,Unknown,15,No,No,2017,VOLKS,GOLF,39.15647387,-77.21351338,"(39.15647387, -77.21351338)"
MCP3124004P,210037549,Montgomery County Police,Property Damage Crash,09/22/2021 09:12:00 PM,County,RANDOLPH RD,KEMP MILL RD,,N/A,,SINGLE VEHICLE,RAINING,WET,DARK LIGHTS ON,N/A,NONE DETECTED,,E5E9FBD5-D959-4A5D-B223-0DBB94A41294,Yes,NO APPARENT INJURY,"RAIN, SNOW, WET",NOT DISTRACTED,MD,85EBFED9-8F48-4C9F-A978-F69FCB2B678E,DISABLING,TWELVE OCLOCK,PASSENGER CAR,SLOWING OR STOPPING,East,40,No,No,2013,HONDA,CIVIC,39.06668333,-77.03088667,"(39.06668333, -77.03088667)"
EJ7866006B,190033713,Gaithersburg Police Depar,Injury Crash,07/16/2019 08:40:00 AM,Maryland (State),GREAT SENECA HWY,LONGDRAFT RD,,N/A,,SAME DIR REAR END,CLEAR,DRY,DAYLIGHT,TRAFFIC SIGNAL,NONE DETECTED,,825F2CF7-E387-4003-B32C-C9B733121166,No,NO APPARENT INJURY,N/A,NOT DISTRACTED,MD,513FF9F9-6B8C-4C53-BA83-F21F56BC5213,SUPERFICIAL,SIX OCLOCK,PASSENGER CAR,SLOWING OR STOPPING,South,40,No,No,2017,LEXU,TK,39.13274833,-77.24407,"(39.13274833, -77.24407)"
MCP3305001K,220007036,Montgomery County Police,Property Damage Crash,02/17/2022 06:29:00 PM,County,HIGHLAND DR,ALTON PKWY,,N/A,,SINGLE VEHICLE,CLEAR,DRY,DARK LIGHTS ON,NO CONTROLS,NONE DETECTED,,34FC1C84-5B4C-4CB8-9A32-E8BC84850F86,Yes,NO APPARENT INJURY,N/A,LOOKED BUT DID NOT SEE,MD,0F8529C3-6776-4CB6-8E59-F160626799E0,FUNCTIONAL,ONE OCLOCK,PASSENGER CAR,MOVING CONSTANT SPEED,North,25,No,No,2017,TOYOTA,CAMRY,39.00553,-77.026375,"(39.00553, -77.026375)"
EJ7891002K,250022781,GAITHERSBURG,Injury Crash,05/22/2025 06:55:00 PM,Local Route,RIO BLVD,,,,,Angle,Clear,Dry,Daylight,No Controls,"Not Suspect of Alcohol Use, Not Suspect of Drug Use",,5378CA2E-D638-4AA8-A278-B736AE293C9C,No,No Apparent Injury,,Not Distracted,MD,9F905BA5-587B-4913-8DD4-429F976F0ECC,Superficial,Three O Clock,Passenger Car,Moving Constant Speed,Southbound,25,No,No,2023,TOYOTA,CAMRY,39.11706984,-77.20107512,"(39.11706984, -77.20107512)"
MCP29740059,240054799,MONTGOMERY,Injury Crash,11/15/2024 08:47:00 AM,County Route,E RANDOLPH RD (WB/L),SERPENTINE WAY,,,,Front to Rear,Clear,Wet,Daylight,Traffic Control Signal,"Not Suspect of Alcohol Use, Not Suspect of Drug Use",,D0EFF098-1038-4FBC-AE51-05E533BED01C,No,Possible Injury,,Not Distracted,MD,8FA18268-B7B8-40C7-8888-C5C34AAF7E52,Functional,Six O Clock,Passenger Car,Slowing or Stopping,Westbound,35,No,No,2021,TOYOTA,COROLLA,39.06447388,-76.9689472,"(39.06447388, -76.9689472)"
MCP2905001V,16036231,Montgomery County Police,Injury Crash,07/17/2016 05:08:00 PM,Maryland (State),RIVER RD,DEVONSHIRE DR,,N/A,,SINGLE VEHICLE,CLEAR,DRY,DAYLIGHT,NO CONTROLS,N/A,,0CEEEBE5-F05B-49CA-9020-2EFBF02ED74D,Yes,SUSPECTED MINOR INJURY,N/A,UNKNOWN,MD,7C971A8E-FAF1-4D11-9190-05E60611206B,DESTROYED,THREE OCLOCK,PASSENGER CAR,MOVING CONSTANT SPEED,West,45,No,No,2005,TOYOTA,CAMRY,38.97201167,-77.120425,"(38.97201167, -77.120425)"
MCP1205005C,190043109,Montgomery County Police,Injury Crash,09/09/2019 07:42:00 AM,Maryland (State),EAST WEST HWY,JONES MILL RD,,N/A,,SAME DIR REAR END,CLOUDY,DRY,DAYLIGHT,TRAFFIC SIGNAL,NONE DETECTED,,44C6527F-5EDA-4C41-85DC-27E66C8B6B2A,No,POSSIBLE INJURY,N/A,NOT DISTRACTED,MD,C25C27DC-EF22-41BD-8272-1624146A2ABA,SUPERFICIAL,SIX OCLOCK,PASSENGER CAR,SLOWING OR STOPPING,West,35,No,No,2017,HONDA,CRV,38.993315,-77.06326,"(38.993315, -77.06326)"
MCP2898001Z,17000640,Montgomery County Police,Injury Crash,01/04/2017 05:26:00 PM,Maryland (State),GERMANTOWN RD,BOWMAN MILL RD,,N/A,PEDESTRIAN,SAME DIRECTION LEFT TURN,CLEAR,DRY,DARK LIGHTS ON,NO CONTROLS,N/A,N/A,FCE9F116-657A-496F-8533-C774E960F4E6,No,NO APPARENT INJURY,N/A,LOOKED BUT DID NOT SEE,MD,3534485D-49ED-4A20-B7FC-AEBC4E7383F2,NO DAMAGE,ELEVEN OCLOCK,(SPORT) UTILITY VEHICLE,ACCELERATING,West,40,No,No,2012,HOND,TK,39.17548167,-77.27230167,"(39.17548167, -77.27230167)"
MCP2436000V,15043948,MONTGOMERY,Property Damage Crash,09/01/2015 12:50:00 PM,,,,"Parking Lot of 10113 Colesville Road, Silver Spring, MD 20903 (The Watch Pocket Jewelers)",,,STRAIGHT MOVEMENT ANGLE,CLEAR,,DAYLIGHT,N/A,NONE DETECTED,,92C9BCD7-8B18-4054-B2D1-31EA2A57173A,Yes,NO APPARENT INJURY,N/A,UNKNOWN,MD,82D28900-3D53-46B7-AE9C-7F7C21BAC338,SUPERFICIAL,SIX OCLOCK,PASSENGER CAR,BACKING,Unknown,0,No,No,2011,TOYOTA,CAMRY,39.02045069,-77.011832,"(39.02045069, -77.011832)"
MCP2016008H,250005038,MONTGOMERY,Injury Crash,02/04/2025 07:47:00 AM,County Route,E GUDE DR,,,,,Front to Rear,Clear,Dry,Daylight,No Controls,"Not Suspect of Alcohol Use, Not Suspect of Drug Use",,480203F7-9FFF-40AA-A9D8-11E93C3C2655,No,No Apparent Injury,,Not Distracted,MD,5083BBC0-6B30-4141-A578-B2211596ABD7,Functional,Twelve O Clock,Passenger Car,Moving Constant Speed,Southbound,35,No,No,2010,FORD,F-150,39.100399,-77.1403175,"(39.100399, -77.1403175)"
MCP2765005W,210031384,Montgomery County Police,Injury Crash,08/12/2021 04:55:00 PM,County,AVERY RD,DIMES RD,,N/A,,SINGLE VEHICLE,CLEAR,DRY,DAYLIGHT,NO CONTROLS,ALCOHOL CONTRIBUTED,,5D8F6A92-B9CD-4093-B02E-038ED1A9DE3C,Yes,SUSPECTED MINOR INJURY,N/A,TALKING OR LISTENING TO CELLULAR PHONE,MD,4487A552-DF17-4E50-9F2B-B0A76BA431B1,DESTROYED,TWELVE OCLOCK,VAN,MOVING CONSTANT SPEED,North,40,No,No,2006,CHEV,EXPRESS,39.10989,-77.12141,"(39.10989, -77.12141)"