Report Number,Local Case Number,Agency Name,ACRS Report Type,Crash Date/Time,Route Type,Road Name,Cross-Street Name,Off-Road Description,Municipality,Related Non-Motorist,Collision Type,Weather,Surface Condition,Light,Traffic Control,Driver Substance Abuse,Non-Motorist Substance Abuse,Person ID,Driver At Fault,Injury Severity,Circumstance,Driver Distracted By,Drivers License State,Vehicle ID,Vehicle Damage Extent,Vehicle First Impact Location,Vehicle Body Type,Vehicle Movement,Vehicle Going Dir,Speed Limit,Driverless Vehicle,Parked Vehicle,Vehicle Year,Vehicle Make,Vehicle Model,Latitude,Longitude,Location
MCP21180020,240059523,MONTGOMERY,Property Damage Crash,12/12/2024 07:15:00 AM,Interstate (State),CABIN JOHN PKWY (SB/L),,,,,Front to Rear,Clear,Dry,Unknown,No Controls,"Not Suspect of Alcohol Use, Not Suspect of Drug Use",,4E1030C0-D417-4CD7-9FAA-432174318F0D,No,No Apparent Injury,,Not Distracted,MD,40419BEC-CF10-4859-B555-EE44D4435668,Superficial,Six O Clock,Passenger Car,Slowing or Stopping,Southbound,55,No,No,2005,HONDA,ACCORD,38.9702382,-77.14569642,"(38.9702382, -77.14569642)"
MCP2866007B,210039521,Montgomery County Police,Property Damage Crash,10/04/2021 08:30:00 PM,Maryland (State),OLD GEORGETOWN RD,ROCKVILLE PIKE,,N/A,,SAME DIR REAR END,CLOUDY,WET,DARK LIGHTS ON,TRAFFIC SIGNAL,NONE DETECTED,,7D0F3FB5-8D2E-4369-914F-8A57E1397D09,Yes,NO APPARENT INJURY,N/A,UNKNOWN,MD,2B070A81-7F22-46CC-A233-6C2E86B4470D,SUPERFICIAL,TWELVE OCLOCK,PASSENGER CAR,MOVING CONSTANT SPEED,South,35,No,No,2005,TOYOTA,CAMRY,39.04909255,-77.11431275,"(39.04909255, -77.11431275)"
MCP3261001G,240041201,MONTGOMERY,Injury Crash,08/31/2024 02:58:00 AM,,,,Parking Lot Way        IN PARKING LOT OF 8367 SNOUFFER SCHOOL RD,,Pedestrian,Front to Rear,Clear,,Dark - Lighted,,"Unknown, Unknown","Suspect of Alcohol Use, Not Suspect of Drug Use",4BF67173-E419-4EFB-B666-165A7C03F102,No,,,,,76EDE93F-51E4-4A79-B13F-5BA54D7A46BD,Vehicle Not at Scene,Vehicle Not at Scene,Unknown,Backing,Not On Roadway,0,No,No,2017,TOYOTA,UNKNOWN,39.16694259,-77.17132507,"(39.16694259, -77.17132507)"
MCP3387000X,240017644,MONTGOMERY,Property Damage Crash,04/16/2024 06:32:00 AM,US (State),,,,,,Angle,Clear,Dry,Daylight,No Controls,"Not Suspect of Alcohol Use, Not Suspect of Drug Use",,15851FE8-4F0B-4099-B08D-B943ED0FAA24,No,No Apparent Injury,,Not Distracted,MD,0CFE4999-6F92-4A7F-9B66-D6126937D640,Superficial,One O Clock,Passenger Car,Moving Constant Speed,Southbound,35,No,No,2015,TOYOTA,RAV4,38.98620357,-77.02676389,"(38.98620357, -77.02676389)"
MCP2651001F,170521975,Montgomery County Police,Property Damage Crash,07/30/2017 02:54:00 PM,Maryland (State),UNIVERSITY BLVD E,E MELBOURNE AVE,,N/A,,SAME DIR REAR END,CLEAR,DRY,DAYLIGHT,N/A,N/A,,75E50D3C-0D49-43AD-90DD-BF3D6A19C9D4,Yes,NO APPARENT INJURY,N/A,NOT DISTRACTED,MD,4ED9AA0D-8F0C-46E6-8CF5-5D969CA72520,DISABLING,TWELVE OCLOCK,PASSENGER CAR,SLOWING OR STOPPING,West,40,No,No,2016,FORD,FOCUS,39.00980333,-76.99967,"(39.00980333, -76.99967)"
MCP2617007J,190023902,Montgomery County Police,Property Damage Crash,05/20/2019 04:00:00 PM,County,E RANDOLPH RD,NEW HAMPSHIRE AVE,,N/A,,SAME DIR REAR END,CLEAR,DRY,DAYLIGHT,NO CONTROLS,NONE DETECTED,,41999431-E7FF-40F6-856B-66BC52FBE7C8,Yes,NO APPARENT INJURY,N/A,NOT DISTRACTED,MD,CDAC9520-2BB1-4EF0-BA25-18559E518387,NO DAMAGE,TWELVE OCLOCK,SCHOOL BUS,STARTING FROM LANE,East,35,No,No,2009,GILLIAN,BUS,39.07510883,-77.00188702,"(39.07510883, -77.00188702)"
MCP2291008B,250005000,MONTGOMERY,Injury Crash,02/03/2025 07:07:00 PM,Maryland (State) Route,,ARDNAVE PL,,,,Front to Rear,Clear,Dry,Dark - Lighted,No Controls,"Not Suspect of Alcohol Use, Not Suspect of Drug Use",,DCF5C472-6073-4FC9-9D55-B9D64B86AE81,No,Possible Injury,,Not Distracted,MD,7D53FA12-BFAC-4D44-BE77-632A49A5FE1B,Functional,Six O Clock,Passenger Car,Slowing or Stopping,,35,No,No,2018,TOYOTA,CAMRY,39.03341149,-77.23698314,"(39.03341149, -77.23698314)"
MCP1022006Q,17015596,Montgomery County Police,Injury Crash,03/27/2017 01:47:00 PM,Maryland (State),FREDERICK RD,GUNNERS BRANCH RD,,N/A,,STRAIGHT MOVEMENT ANGLE,CLEAR,DRY,DAYLIGHT,STOP SIGN,NONE DETECTED,,BC8A6CDA-9B14-4339-8ED6-1A2FCF32CF2A,No,NO APPARENT INJURY,N/A,NOT DISTRACTED,MD,A1C1D1AA-3278-424D-9ED8-1F133BBA7968,SUPERFICIAL,TWELVE OCLOCK,(SPORT) UTILITY VEHICLE,MOVING CONSTANT SPEED,South,40,No,No,2005,NISSAN,ARMADA,39.17878167,-77.23872333,"(39.17878167, -77.23872333)"
MCP3213001Y,240015638,MONTGOMERY,Property Damage Crash,04/04/2024 05:00:00 AM,Interstate (State),CAPITAL BELTWAY,,,,,Front to Rear,Clear,Dry,Dark - Lighted,No Controls,"Not Suspect of Alcohol Use, Not Suspect of Drug Use",,CE7C68CF-78E1-43C6-B2C6-2CC40AA122B7,No,No Apparent Injury,,Unknown,VA,8B5B3CA4-8D63-492C-90A0-1B57E7CEE3DC,Disabling,Twelve O Clock,Van - Cargo,Moving Constant Speed,Eastbound,55,No,No,2013,MERCEDES-BENZ,SPRINTER,39.01317088,-77.03836621,"(39.01317088, -77.03836621)"
MCP2399003S,200029724,Montgomery County Police,Property Damage Crash,07/31/2020 03:30:00 PM,County,WATKINS MILL RD,MILLSTREAM DR,,N/A,,STRAIGHT MOVEMENT ANGLE,CLOUDY,DRY,DAYLIGHT,NO CONTROLS,NONE DETECTED,,8F98BF9F-752D-43F8-AF05-7A54F05A778C,No,NO APPARENT INJURY,N/A,NOT DISTRACTED,MD,2258A888-C351-494B-87FB-E671017B742F,DISABLING,TWELVE OCLOCK,VAN,MOVING CONSTANT SPEED,South,35,No,No,2013,FORD,TRANSIT,39.18161474,-77.21022573,"(39.18161474, -77.21022573)"
MCP229800GK,170542794,Montgomery County Police,Injury Crash,11/14/2017 05:40:00 PM,Maryland (State),CLOPPER RD,LIBERTY MILL RD,,N/A,,HEAD ON LEFT TURN,CLEAR,DRY,DARK LIGHTS ON,NO CONTROLS,NONE DETECTED,,4D495239-DFC3-4CBC-94F6-AA1034644DF1,Yes,POSSIBLE INJURY,N/A,LOOKED BUT DID NOT SEE,MD,608B0165-B60B-4417-8D80-8A16CB1F8FEE,DISABLING,TWO OCLOCK,PASSENGER CAR,MAKING LEFT TURN,South,40,No,No,1994,FORD,MUSTANG,39.16216798,-77.28162132,"(39.16216798, -77.28162132)"
MCP2203007S,230071883,Montgomery County Police,Injury Crash,12/15/2023 11:50:00 AM,County,PRICHARD RD,AMHERST AVE,,N/A,,STRAIGHT MOVEMENT ANGLE,CLEAR,DRY,DAYLIGHT,NO CONTROLS,NONE DETECTED,,0646896B-A3CF-4E4A-B7F5-8D2D7E33897A,No,POSSIBLE INJURY,"N/A, VISION OBSTRUCTION (INCL. BLINDED BY SUN)",NOT DISTRACTED,MD,76FDAC32-9B92-4F04-8437-DDC1CA55A7BF,DISABLING,TWO OCLOCK,PASSENGER CAR,STARTING FROM LANE,South,25,No,No,2017,GENS,SD,39.03644383,-77.04827933,"(39.03644383, -77.04827933)"
MCP3320003K,250022945,MONTGOMERY,Injury Crash,05/23/2025 08:10:00 PM,Maryland (State) Route,GEORGIA AVE (SB/L),FOREST GLEN RD (WB/L),,,,Front to Front,Clear,Dry,Dusk,Traffic Control Signal,"Not Suspect of Alcohol Use, Not Suspect of Drug Use",,05419FD3-6E26-4849-9581-4F7E6EE4FEB8,No,No Apparent Injury,,Not Distracted,VA,78CFF142-44DD-4F4E-A844-502961BA43CD,Disabling,Twelve O Clock,Passenger Car,Turning Left,Northbound,30,No,No,2022,HONDA,HR-V,39.01560658,-77.04276797,"(39.01560658, -77.04276797)"
MCP94190051,240005492,MONTGOMERY,Property Damage Crash,02/03/2024 11:42:00 AM,Local Route,SHADYGROVE METRO LOT LOT,,,,,Other,Clear,Dry,Daylight,Other Warning Sign,"Not Suspect of Alcohol Use, Not Suspect of Drug Use",,BC81BE9F-35C5-46EE-A93B-0A037E061728,No,No Apparent Injury,Improper Backing,Not Distracted,XX,BD0B4FC5-AE5C-4B4B-9D6E-E2CFEF4EFF58,Superficial,Six O Clock,Sport Utility Vehicle,Backing,Northbound,0,No,No,2013,CHEVROLET,TAHOE,39.12122667,-77.16224667,"(39.12122667, -77.16224667)"
DD5508001C,15062419,ROCKVILLE,Property Damage Crash,12/07/2015 07:32:00 AM,Municipality,MARYLAND AVE,FLEET ST,,ROCKVILLE,,SAME DIR REAR END,CLEAR,DRY,DAYLIGHT,TRAFFIC SIGNAL,NONE DETECTED,,4E283F30-66AF-4858-A705-5CF30DCC759E,Yes,NO APPARENT INJURY,N/A,OTHER DISTRACTION,DC,F840261A-AFFE-40D2-BD44-1C5034CFF09D,FUNCTIONAL,TWELVE OCLOCK,OTHER,SLOWING OR STOPPING,West,25,No,No,2007,FORD,4S,39.0815725,-77.151282,"(39.0815725, -77.151282)"
MCP3148004H,230010221,Montgomery County Police,Property Damage Crash,03/01/2023 04:30:00 PM,County,RANDOLPH RD,DEWEY RD,,N/A,,SAME DIRECTION RIGHT TURN,CLEAR,DRY,DAYLIGHT,N/A,NONE DETECTED,,3FF90E62-A7D8-4E57-AC27-7D41FBFD43DC,No,NO APPARENT INJURY,N/A,NOT DISTRACTED,MD,B4683E5A-3B74-44AB-A425-58BBD1EB54BF,SUPERFICIAL,ELEVEN OCLOCK,PASSENGER CAR,MOVING CONSTANT SPEED,East,35,No,No,2014,MERCEDES,E350,39.05362667,-77.09180667,"(39.05362667, -77.09180667)"
MCP2046003F,15005459,Montgomery County Police,Property Damage Crash,02/03/2015 12:09:00 PM,County,CALVERTON BLVD,GRACEFIELD RD,,N/A,,STRAIGHT MOVEMENT ANGLE,CLEAR,DRY,DAYLIGHT,STOP SIGN,NONE DETECTED,,22E277EE-51FD-4355-9AD7-ABE718EBCB73,Yes,NO APPARENT INJURY,N/A,NOT DISTRACTED,MD,43752ED3-D0F0-443D-A577-D64783A2779F,DISABLING,TWELVE OCLOCK,PASSENGER CAR,STARTING FROM LANE,West,30,No,No,2007,HONDA,ELEMENT,39.05707333,-76.95093667,"(39.05707333, -76.95093667)"
MCP28900015,190030009,Montgomery County Police,Injury Crash,06/23/2019 03:32:00 PM,County,MIDDLEBROOK RD,CELEBRATION WAY,,N/A,,STRAIGHT MOVEMENT ANGLE,CLEAR,DRY,DAYLIGHT,STOP SIGN,NONE DETECTED,,BD73C1F4-0F69-4C10-A307-15719F84D907,No,POSSIBLE INJURY,N/A,NOT DISTRACTED,MD,5B3742FF-846E-4072-B05F-1E041B6B3529,DISABLING,TEN OCLOCK,VAN,MOVING CONSTANT SPEED,South,40,No,No,2005,TOYT,VN,39.18124333,-77.269635,"(39.18124333, -77.269635)"
MCP1379004N,170528177,Montgomery County Police,Injury Crash,09/01/2017 08:41:00 AM,Maryland (State),GEORGIA AVE,BEL PRE RD,,N/A,,SAME DIR REAR END,CLEAR,DRY,DAYLIGHT,NO CONTROLS,NONE DETECTED,,BFA67EF4-A8EC-4794-A9F9-782943E3A9A0,Yes,POSSIBLE INJURY,N/A,INATTENTIVE OR LOST IN THOUGHT,MD,0FC2D3F3-8268-47C0-8A7D-157D6715F5A8,FUNCTIONAL,TWELVE OCLOCK,(SPORT) UTILITY VEHICLE,SLOWING OR STOPPING,North,50,No,No,2017,JEEP,SUV,39.09420185,-77.07933247,"(39.09420185, -77.07933247)"
EJ7809003F,220046423,Gaithersburg Police Depar,Property Damage Crash,10/22/2022 07:23:00 PM,County,WASHINGTONIAN BLVD,SAM EIG HWY,,N/A,,STRAIGHT MOVEMENT ANGLE,CLEAR,DRY,DARK LIGHTS ON,NO CONTROLS,NONE DETECTED,,505F2B32-8122-4B57-BD43-5163BE44F998,Yes,NO APPARENT INJURY,N/A,LOOKED BUT DID NOT SEE,XX,BCC09291-B879-435C-A040-4799B29E55B5,DISABLING,TWELVE OCLOCK,PASSENGER CAR,MAKING LEFT TURN,South,25,No,No,2021,HYUNDAI,ELANTRA,39.11736096,-77.20398786,"(39.11736096, -77.20398786)"
MCP26370049,210036145,Montgomery County Police,Injury Crash,09/14/2021 08:36:00 AM,Maryland (State),DARNESTOWN RD,BERRYVILLE RD,,N/A,,HEAD ON LEFT TURN,CLEAR,DRY,DAYLIGHT,NO CONTROLS,N/A,,A94A3DA0-2A9B-4372-A9C4-9637B43EED4E,No,POSSIBLE INJURY,N/A,NOT DISTRACTED,MD,8D83705E-B7F6-4CE5-81E0-2B3BFB34AFA5,DISABLING,TWELVE OCLOCK,PASSENGER CAR,MOVING CONSTANT SPEED,East,35,No,No,2020,CHEV,TK,39.11594,-77.31265667,"(39.11594, -77.31265667)"
MCP2425007H,16048492,Montgomery County Police,Injury Crash,09/21/2016 09:13:00 AM,County,FOREST GLEN RD,FOREST GROVE DR,,N/A,,SAME DIRECTION SIDESWIPE,CLEAR,DRY,DAYLIGHT,NO CONTROLS,NONE DETECTED,,C55DF9BD-EC14-4277-9A4F-25E6F625F981,No,NO APPARENT INJURY,N/A,NOT DISTRACTED,MD,29C2C599-3F49-4576-90C9-25AD2FFAF857,DISABLING,ELEVEN OCLOCK,PASSENGER CAR,SLOWING OR STOPPING,East,30,No,No,2002,MAZDA,TRIBUTE,39.01574333,-77.04011667,"(39.01574333, -77.04011667)"
MCP3383000H,240003592,MONTGOMERY,Injury Crash,01/23/2024 05:10:00 PM,Maryland (State) Route,GEORGIA AVE,,,,,Front to Rear,Clear,Dry,Daylight,No Controls,"Not Suspect of Alcohol Use, Not Suspect of Drug Use",,8000267D-ED16-4B5A-93F9-7E01539C2CC1,No,No Apparent Injury,,Not Distracted,MD,64804C65-CAAC-49CF-9963-E45C0B5CEEC9,Disabling,Six O Clock,Sport Utility Vehicle,Moving Constant Speed,Northbound,45,No,No,2022,NISSAN,ALTIMA,39.12330552,-77.07323168,"(39.12330552, -77.07323168)"
DD5612003Q,230026975,Rockville Police Departme,Property Damage Crash,05/18/2023 03:00:00 PM,,,,N CAMPUS DR @ TRACK GATE,,,SINGLE VEHICLE,CLEAR,,DAYLIGHT,NO CONTROLS,UNKNOWN,,0EC20EB8-9F54-4FBC-9649-7C261812DA91,Yes,NO APPARENT INJURY,N/A,UNKNOWN,MD,9911A5E3-8CDB-4AA0-A6BD-B3EBDF5A6401,FUNCTIONAL,FOUR OCLOCK,VAN,MAKING RIGHT TURN,North,5,No,No,2016,RAM,VN,39.1006156,-77.1568269,"(39.1006156, -77.1568269)"
MCP1366003C,15032988,MONTGOMERY,Injury Crash,07/06/2015 12:09:00 PM,County,TWINBROOK PKWY,HALPINE RD,,N/A,,SAME DIR REAR END,CLEAR,DRY,DAYLIGHT,STOP SIGN,NONE DETECTED,,A8B07890-D9C2-4DAC-912D-A02ED2FF5F01,No,SUSPECTED SERIOUS INJURY,N/A,NOT DISTRACTED,CA,2DAE880F-3DCD-4838-B001-A249D3F4AA8D,FUNCTIONAL,SIX OCLOCK,PASSENGER CAR,STOPPED IN TRAFFIC LANE,South,35,No,No,2003,TOYT,4S,39.24342333,-77.152995,"(39.24342333, -77.152995)"
MCP27230057,210002339,Montgomery County Police,Injury Crash,01/19/2021 02:10:00 PM,Maryland (State),OLNEY LAYTONSVILLE RD,QUEEN ELIZABETH DR,,N/A,,STRAIGHT MOVEMENT ANGLE,CLEAR,DRY,DAYLIGHT,TRAFFIC SIGNAL,NONE DETECTED,,68936DB3-31DA-4D04-9B1F-90D9D2E40F37,Yes,SUSPECTED MINOR INJURY,N/A,UNKNOWN,MD,40CF52AA-60FE-4EE5-A883-98FE8CCDE04C,DISABLING,TEN OCLOCK,PASSENGER CAR,MOVING CONSTANT SPEED,East,40,No,No,2016,HONDA,CRV,39.15956833,-77.07745333,"(39.15956833, -77.07745333)"
MCP2939000L,15041369,MONTGOMERY,Property Damage Crash,08/18/2015 07:16:00 PM,,,,"Parking lot in front of 13601 Palmetto Circle Germantown, MD",,,OTHER,N/A,,DAYLIGHT,NO CONTROLS,N/A,,D8DFB7E5-3A40-4952-8D97-B6E852309F25,No,NO APPARENT INJURY,N/A,NOT DISTRACTED,MD,0C16D92D-1777-41D2-B793-C87ACE17829F,SUPERFICIAL,FIVE OCLOCK,PASSENGER CAR,ACCELERATING,South,0,No,No,2002,TOYOTA,CAMRY,39.16266167,-77.28103833,"(39.16266167, -77.28103833)"
MCP31630048,220011321,Montgomery County Police,Property Damage Crash,03/16/2022 03:30:00 PM,Maryland (State),ROCKVILLE PIKE,LOCUST HILL RD,,N/A,,SAME DIR REAR END,CLEAR,DRY,DAYLIGHT,NO CONTROLS,NONE DETECTED,,FAA98E37-6669-4B2E-AD0B-13A3CD3DFB00,Yes,NO APPARENT INJURY,N/A,LOOKED BUT DID NOT SEE,MD,FE54B43F-64B6-4E18-81F0-275E2B98381A,DISABLING,TWELVE OCLOCK,PASSENGER CAR,MOVING CONSTANT SPEED,North,35,No,No,2008,HONDA,CIVIC,39.00683043,-77.09747846,"(39.00683043, -77.09747846)"
MCP29950021,170525408,Montgomery County Police,Property Damage Crash,08/17/2017 07:21:00 PM,Maryland (State),NORBECK RD,GEORGIA AVE,,N/A,,SAME DIR REND RIGHT TURN,N/A,DRY,DAYLIGHT,YIELD SIGN,NONE DETECTED,,827C2E62-B5BF-43F9-ACBB-685E0D12B750,Yes,NO APPARENT INJURY,N/A,LOOKED BUT DID NOT SEE,MD,798367B9-A50D-4E15-B8BE-EE132069A1AE,SUPERFICIAL,TWELVE OCLOCK,PASSENGER CAR,SLOWING OR STOPPING,East,45,No,No,2002,CHEVROLET,BLAZER,39.10887667,-77.07668167,"(39.10887667, -77.07668167)"
MCP20090026,220000248,Montgomery County Police,Property Damage Crash,01/03/2022 09:45:00 AM,Maryland (State),DARNESTOWN RD,BELLINGHAM DR,,N/A,,SINGLE VEHICLE,SNOW,SNOW,DAYLIGHT,NO CONTROLS,NONE DETECTED,,5BC642BA-EB67-4101-A1F4-DF9DF6378D47,Yes,NO APPARENT INJURY,"ICY OR SNOW-COVERED, RAIN, SNOW",UNKNOWN,MD,3697A402-723B-40D3-BC82-87E1D2C9191F,DESTROYED,TWELVE OCLOCK,(SPORT) UTILITY VEHICLE,MOVING CONSTANT SPEED,East,50,No,No,2005,SUBARU,FORESTER,39.12635,-77.32970167,"(39.12635, -77.32970167)"
MCP21070043,230027689,Montgomery County Police,Property Damage Crash,06/07/2023 02:07:00 PM,Maryland (State),FREDERICK RD,RIDGE RD,,N/A,,STRAIGHT MOVEMENT ANGLE,CLEAR,DRY,DAYLIGHT,TRAFFIC SIGNAL,NONE DETECTED,,314CDF37-E002-4E85-8E87-C5C24064050A,Yes,NO APPARENT INJURY,N/A,INATTENTIVE OR LOST IN THOUGHT,MD,FD028D95-480F-4283-AAE0-68FA3302A37C,FUNCTIONAL,ONE OCLOCK,AMBULANCE/EMERGENCY,MOVING CONSTANT SPEED,East,40,No,No,2020,HONDA,INSIGHT,39.20455173,-77.24591739,"(39.20455173, -77.24591739)"
MCP32910017,220051297,Montgomery County Police,Property Damage Crash,11/20/2022 01:30:00 AM,US (State),GEORGIA AVE,THAYER AVE,,N/A,,ANGLE MEETS RIGHT TURN,CLEAR,DRY,DARK LIGHTS ON,FLASHING TRAFFIC SIGNAL,NONE DETECTED,,C9FAAA27-5259-4B23-84C1-803C4280C262,No,NO APPARENT INJURY,N/A,NOT DISTRACTED,VA,AA9A4270-0CAE-452D-8A54-E2BD0B0E9812,DISABLING,ONE OCLOCK,PASSENGER CAR,MOVING CONSTANT SPEED,North,35,No,No,2011,HONDA,CIVIC,38.99121167,-77.027435,"(38.99121167, -77.027435)"
MCP3059004J,190062410,Montgomery County Police,Property Damage Crash,12/28/2019 01:44:00 AM,County,CLARIDGE RD,VEIRS MILL RD,,N/A,,SAME DIR REAR END,CLEAR,DRY,DARK LIGHTS ON,NO CONTROLS,ILLEGAL DRUG PRESENT,,91A0D578-4D7A-4F78-BE7A-BC355A505F79,Yes,NO APPARENT INJURY,N/A,UNKNOWN,MD,8828C434-DA2C-4CC8-B477-9D15818C0BD6,FUNCTIONAL,TWELVE OCLOCK,PASSENGER CAR,MOVING CONSTANT SPEED,South,25,No,No,2004,SUBARU,FORESTER,39.04929363,-77.06845021,"(39.04929363, -77.06845021)"
MCP3080005K,250016018,MONTGOMERY,Property Damage Crash,04/12/2025 09:00:00 PM,Maryland (State) Route,GERMANTOWN RD,GOLDENROD LA,,,,Other,Rain,Wet,Dark - Lighted,Traffic Control Signal,"Not Suspect of Alcohol Use, Not Suspect of Drug Use",,DF6A172C-DD52-4CB6-8FEB-93DC70395EBB,Yes,No Apparent Injury,,Unknown,MD,EEB14DF4-FBE2-4BBD-8A32-6189A97548AD,Disabling,One O Clock,Passenger Car,Moving Constant Speed,Southbound,40,No,No,2019,HONDA,CR-V,39.18847754,-77.25152999,"(39.18847754, -77.25152999)"
MCP1378005Q,15017546,Montgomery County Police,Injury Crash,04/15/2015 03:10:00 PM,Interstate (State),NO NAME,RAMP 1 FR MD 200A NB TO IS 370 WB,,N/A,,SINGLE VEHICLE,CLOUDY,DRY,DAYLIGHT,NO CONTROLS,NONE DETECTED,,3CC2696D-A89E-4B8A-9E2C-6C4460FDB891,Yes,SUSPECTED SERIOUS INJURY,N/A,NOT DISTRACTED,MD,852E5E7E-1362-4CC1-9DE0-17DBA86B9471,DISABLING,ELEVEN OCLOCK,MOTORCYCLE,SLOWING OR STOPPING,North,35,No,No,2004,YAMAHA,MOTORCYCLE,39.13469333,-77.16962167,"(39.13469333, -77.16962167)"
MCP3165002P,210015303,Montgomery County Police,Injury Crash,04/24/2021 03:03:00 PM,Maryland (State),SANDY SPRING RD,RAMP 6 FR MD 198 EB TO US 29 SB,,N/A,,SAME DIR REAR END,CLEAR,DRY,DAYLIGHT,TRAFFIC SIGNAL,NONE DETECTED,,F255EEE3-D05A-42A7-80C3-8835B8DE822B,Yes,POSSIBLE INJURY,N/A,LOOKED BUT DID NOT SEE,MD,98DA4EAC-790E-4DFA-8DF9-C2B7DFFABB3D,DISABLING,TWELVE OCLOCK,PASSENGER CAR,MOVING CONSTANT SPEED,West,40,No,No,2013,NISSIAN,4S,39.111735,-76.92844,"(39.111735, -76.92844)"
MCP3218002C,210047663,Montgomery County Police,Property Damage Crash,11/23/2021 05:20:00 PM,Maryland (State),GEORGIA AVE,HENDERSON AVE,,N/A,,STRAIGHT MOVEMENT ANGLE,CLEAR,DRY,DARK LIGHTS ON,NO CONTROLS,NONE DETECTED,,B4059EBC-D7B2-4D98-8344-70D1E922A9B7,Yes,NO APPARENT INJURY,N/A,UNKNOWN,MD,9073333A-C328-4140-865A-4A91F29920F1,FUNCTIONAL,FOUR OCLOCK,PASSENGER CAR,MAKING LEFT TURN,West,25,No,No,1992,HONDA,CIVIC,39.05077517,-77.05183167,"(39.05077517, -77.05183167)"
DM84760021,210016251,Takoma Park Police Depart,Property Damage Crash,05/01/2021 12:00:00 PM,Maryland (State),UNIVERSITY BLVD E,ENT TO NEW HAMPSHIRE ESTATES PARK,,N/A,,SAME DIRECTION RIGHT TURN,CLEAR,DRY,DAYLIGHT,N/A,N/A,,35D5132F-9DD0-49E5-BD16-0D1AA26D22EC,No,NO APPARENT INJURY,N/A,NOT DISTRACTED,MD,03D1FB8E-35F3-47A2-AFFE-A7D12374A444,FUNCTIONAL,NINE OCLOCK,PASSENGER CAR,MOVING CONSTANT SPEED,East,30,No,No,2011,TOYT,TK,38.98873167,-76.987525,"(38.98873167, -76.987525)"
MCP00360059,16052794,Montgomery County Police,Property Damage Crash,10/14/2016 08:40:00 AM,County,HANEY AVE,HANEY TERR,,N/A,,SAME DIR REAR END,CLEAR,DRY,DAWN,NO CONTROLS,NONE DETECTED,,B6C6636F-C4DB-4306-8E8A-0400C36AA803,No,NO APPARENT INJURY,"N/A, VISION OBSTRUCTION (INCL. BLINDED BY SUN)",NOT DISTRACTED,MD,053A5663-06C9-490E-BE60-03D84963CAAE,FUNCTIONAL,SIX OCLOCK,SCHOOL BUS,STOPPED IN TRAFFIC LANE,West,25,No,No,2008,THOMAS,BUS,39.29304254,-77.22853303,"(39.29304254, -77.22853303)"
MCP3099001M,190026871,Montgomery County Police,Property Damage Crash,06/05/2019 01:46:00 PM,,,,PARKING LOT OF 19735 GERMANTOWN ROAD - GERMANTOWN ADVENTIST EMERGENCY CENTER,,,OTHER,CLEAR,,DAYLIGHT,NO CONTROLS,NONE DETECTED,,561A3ECB-6168-4DDB-A4A0-751E0F7ECEA4,Yes,NO APPARENT INJURY,N/A,UNKNOWN,MD,241AAD82-0318-43E8-A622-C6D884C90FB6,SUPERFICIAL,TWELVE OCLOCK,PASSENGER CAR,PARKING,Unknown,15,No,No,2015,MERZ,ML 250,39.17914667,-77.26374833,"(39.17914667, -77.26374833)"
MCP2899006J,230017545,Montgomery County Police,Injury Crash,04/12/2023 10:47:00 PM,US (State),GEORGIA AVE,THAYER AVE,,N/A,,SAME DIRECTION SIDESWIPE,CLEAR,N/A,DARK LIGHTS ON,N/A,UNKNOWN,,F9FB0493-3C85-4AB4-AF6F-A54518A14B9B,Yes,NO APPARENT INJURY,N/A,UNKNOWN,,DB7ADD87-DC0F-40BD-A9C8-791F2BB6D86F,DISABLING,ONE OCLOCK,PASSENGER CAR,MOVING CONSTANT SPEED,North,30,No,No,2012,HYUNDAI,SONATA,38.992655,-77.02653,"(38.992655, -77.02653)"
MCP28860010,15057995,MONTGOMERY,Injury Crash,11/13/2015 04:19:00 PM,County,GRIDLEY RD,SELFRIDGE RD,,N/A,PEDESTRIAN,SINGLE VEHICLE,CLEAR,DRY,DAYLIGHT,N/A,NONE DETECTED,NONE DETECTED,3292F9DA-0264-4492-B68F-EAFD555626A4,Yes,NO APPARENT INJURY,N/A,LOOKED BUT DID NOT SEE,MD,63C91B21-47DA-4288-A101-12276C418046,NO DAMAGE,TWELVE OCLOCK,PASSENGER CAR,STARTING FROM LANE,West,25,No,No,2000,HONDA,ACCORD,39.056545,-77.08547,"(39.056545, -77.08547)"
MCP23540013,180000327,Montgomery County Police,Injury Crash,01/02/2018 10:17:00 PM,Maryland (State),OLD GEORGETOWN RD,RAMP 6 FR RAMP 10 (FR IS270) TO MD 187,,N/A,,STRAIGHT MOVEMENT ANGLE,CLEAR,DRY,DARK LIGHTS ON,TRAFFIC SIGNAL,NONE DETECTED,,2AC0AEAD-99BF-4EC7-AE1A-663A670D2282,Yes,POSSIBLE INJURY,N/A,UNKNOWN,MD,62E961FB-D5AA-4CC3-8187-920D6892F2AB,DISABLING,TWELVE OCLOCK,PASSENGER CAR,MOVING CONSTANT SPEED,South,40,No,No,2004,FORD,MUSTANG,39.02999667,-77.12654833,"(39.02999667, -77.12654833)"