Report Number,Local Case Number,Agency Name,ACRS Report Type,Crash Date/Time,Route Type,Road Name,Cross-Street Name,Off-Road Description,Municipality,Related Non-Motorist,Collision Type,Weather,Surface Condition,Light,Traffic Control,Driver Substance Abuse,Non-Motorist Substance Abuse,Person ID,Driver At Fault,Injury Severity,Circumstance,Driver Distracted By,Drivers License State,Vehicle ID,Vehicle Damage Extent,Vehicle First Impact Location,Vehicle Body Type,Vehicle Movement,Vehicle Going Dir,Speed Limit,Driverless Vehicle,Parked Vehicle,Vehicle Year,Vehicle Make,Vehicle Model,Latitude,Longitude,Location
MCP27400031,170507902,Montgomery County Police,Injury Crash,05/15/2017 03:50:00 PM,Maryland (State),UNIVERSITY BLVD E,PINEY BRANCH RD,,N/A,,SAME DIR REAR END,CLEAR,DRY,DAYLIGHT,TRAFFIC SIGNAL,NONE DETECTED,,F6314BC7-4C54-4EE7-BFF1-3D1974E1E5BD,No,SUSPECTED MINOR INJURY,N/A,NOT DISTRACTED,MD,2D9131B5-A74C-4F2B-9C34-D402057EB8AF,SUPERFICIAL,SIX OCLOCK,PASSENGER CAR,SLOWING OR STOPPING,East,35,No,No,2005,MAZDA,6 4DR,38.99954643,-76.995437,"(38.99954643, -76.995437)"
MCP2923007W,210097361,Montgomery County Police,Property Damage Crash,04/23/2021 09:49:00 PM,Maryland (State),UNIVERSITY BLVD W,AMHERST AVE,,N/A,,OTHER,CLEAR,DRY,DARK LIGHTS ON,TRAFFIC SIGNAL,NONE DETECTED,,E9E252C7-F83E-4E84-A656-1CDAC2B03463,Yes,NO APPARENT INJURY,N/A,OTHER DISTRACTION,MD,DC48FE38-02C3-467D-A2BD-3343D0B7642E,DESTROYED,TWELVE OCLOCK,(SPORT) UTILITY VEHICLE,MOVING CONSTANT SPEED,West,35,No,No,2019,JEEP,SUV,39.04125297,-77.04836217,"(39.04125297, -77.04836217)"
MCP1575005M,170526252,Montgomery County Police,Injury Crash,08/22/2017 04:45:00 PM,County,RANDOLPH RD,GALENA RD,,N/A,,SAME DIR REAR END,CLEAR,DRY,DAYLIGHT,NO CONTROLS,NONE DETECTED,,A862F7DC-FC24-446B-BF21-62293B9478E8,Yes,NO APPARENT INJURY,N/A,UNKNOWN,VA,FA5FF1E8-6C53-4F28-81D0-0C41C35C42FD,FUNCTIONAL,TWELVE OCLOCK,(SPORT) UTILITY VEHICLE,MOVING CONSTANT SPEED,East,35,No,No,2013,MAZDA,CX5,39.05372667,-77.095825,"(39.05372667, -77.095825)"
MCP12050016,15030445,Montgomery County Police,Property Damage Crash,06/22/2015 03:09:00 PM,Maryland (State),CONNECTICUT AVE,BRADLEY LA,,N/A,,SAME DIRECTION SIDESWIPE,CLEAR,DRY,DAYLIGHT,TRAFFIC SIGNAL,NONE DETECTED,,2A76A8D8-9B35-48FE-9350-15F305557417,No,NO APPARENT INJURY,N/A,NOT DISTRACTED,MD,940D8144-B49C-413D-9BA2-F1A6C2ECF645,SUPERFICIAL,TEN OCLOCK,PICKUP TRUCK,MOVING CONSTANT SPEED,North,30,No,No,2013,FORD,TK,38.97819833,-77.07707833,"(38.97819833, -77.07707833)"
MCP2118000B,180004573,Montgomery County Police,Injury Crash,01/27/2018 12:02:00 AM,Maryland (State),RIDGE RD,FREDERICK RD,,N/A,,STRAIGHT MOVEMENT ANGLE,CLEAR,DRY,DARK LIGHTS ON,TRAFFIC SIGNAL,NONE DETECTED,,F6795F92-AA9D-4A68-9EFA-A80ADA881633,Unknown,POSSIBLE INJURY,N/A,NOT DISTRACTED,MD,ECBB2C73-D04F-45E2-AAFF-73368E795F3A,DISABLING,TEN OCLOCK,(SPORT) UTILITY VEHICLE,MOVING CONSTANT SPEED,West,35,No,No,2017,TOYOTA,RAV 4,39.20474,-77.24603167,"(39.20474, -77.24603167)"
DD56330082,230005812,Rockville Police Departme,Property Damage Crash,02/04/2023 11:20:00 PM,Municipality,BALTIMORE RD,FIRST ST,,ROCKVILLE,,HEAD ON LEFT TURN,CLEAR,DRY,DARK LIGHTS ON,TRAFFIC SIGNAL,NONE DETECTED,,93BDFF4D-8FC5-4AAB-84B9-95F77164D234,Yes,NO APPARENT INJURY,N/A,NOT DISTRACTED,MD,826A6DDB-1436-4142-9691-32FB091A69A8,DISABLING,TWELVE OCLOCK,PASSENGER CAR,MAKING LEFT TURN,West,25,No,No,2007,HONDA,CIVIC,39.08458219,-77.13621927,"(39.08458219, -77.13621927)"
MCP2953000G,15043950,MONTGOMERY,Property Damage Crash,09/01/2015 02:12:00 PM,County,RANDOLPH RD,GOODHILL RD,,N/A,,STRAIGHT MOVEMENT ANGLE,CLEAR,DRY,DAYLIGHT,STOP SIGN,NONE DETECTED,,A76421EF-DAB8-4CBD-87F4-9C494F7DE1C6,Yes,NO APPARENT INJURY,N/A,UNKNOWN,MD,657E4107-302D-4B08-A0DF-33CB88888A3B,DISABLING,FOUR OCLOCK,PASSENGER CAR,ACCELERATING,North,35,No,No,2006,HOND,4S,39.05855167,-77.07108,"(39.05855167, -77.07108)"
MCP3328003K,240016892,MONTGOMERY,Injury Crash,04/11/2024 05:33:00 PM,Ramp,RAMP 4 FR MD 97 NB TO RANDOLPH RD EB,,,,,Front to Rear,Rain,Wet,Daylight,No Controls,"Not Suspect of Alcohol Use, Not Suspect of Drug Use",,60E70B5F-A61D-416B-9AC3-12AF89D26B3C,Yes,Suspected Minor Injury,,Not Distracted,MD,F1715B75-EE49-41BF-A6EC-5F4ECDC28C57,Disabling,Twelve O Clock,Passenger Car,Slowing or Stopping,Eastbound,35,No,No,2016,HONDA,CIVIC,39.05931,-77.0471,"(39.05931, -77.0471)"
MCP28440085,240055014,MONTGOMERY,Property Damage Crash,11/16/2024 01:25:00 PM,County Route,JUDSON RD,,,,,Unknown,Clear,Dry,Daylight,No Controls,"Not Suspect of Alcohol Use, Not Suspect of Drug Use",,B34574E0-C99F-4D2D-B036-6BBD67571EEA,No,No Apparent Injury,,Unknown,MD,22CAAC4D-5DFD-4A97-AA69-D668C49F1450,Superficial,Nine O Clock,"Construction Equipment (backhoe, bulldozer, etc.)",,Unknown,15,No,No,2021,KENWORTH,T4 SERIES,39.05287195,-77.05821619,"(39.05287195, -77.05821619)"
MCP003600GC,220010025,Montgomery County Police,Injury Crash,03/08/2022 06:10:00 PM,US (State),COLUMBIA PIKE,INDUSTRIAL PKWY,,N/A,,SAME DIR REAR END,CLEAR,DRY,DUSK,NO CONTROLS,NONE DETECTED,,DB6ADD89-6B91-4CA3-B875-562001F4886E,Yes,NO APPARENT INJURY,N/A,UNKNOWN,MD,FF6D031D-3064-4465-8B61-7329BEAAF884,FUNCTIONAL,TWELVE OCLOCK,PICKUP TRUCK,SLOWING OR STOPPING,North,50,No,No,2020,CHEVY,1500,39.05258383,-76.97699967,"(39.05258383, -76.97699967)"
MCP26100018,180004528,Montgomery County Police,Injury Crash,01/26/2018 05:45:00 PM,County,MUDDY BRANCH RD,BEGIN BRIDGE,,N/A,,HEAD ON LEFT TURN,N/A,DRY,DARK LIGHTS ON,TRAFFIC SIGNAL,NONE DETECTED,,F5304A3C-B54C-4867-9172-82672EF65D3B,No,NO APPARENT INJURY,N/A,NOT DISTRACTED,MD,F0BCA35E-EF49-4799-96EA-6F6EE4E3F39B,DISABLING,TWELVE OCLOCK,PICKUP TRUCK,MOVING CONSTANT SPEED,East,45,No,No,2015,CHEVY,TK,39.12919833,-77.207725,"(39.12919833, -77.207725)"
MCP2150000H,210052816,Montgomery County Police,Property Damage Crash,12/27/2021 04:00:00 PM,County,CASTLE BLVD,TEAGARDEN CIR,,N/A,,OPPOSITE DIRECTION SIDESWIPE,N/A,WET,DUSK,N/A,UNKNOWN,,7F29BE4C-0AF1-4908-9788-B8F78EB2B64E,Yes,NO APPARENT INJURY,N/A,NOT DISTRACTED,,DFC0AC93-3AAF-42D5-A137-6A1CF2A8C76C,SUPERFICIAL,ELEVEN OCLOCK,PASSENGER CAR,STARTING FROM PARKED,West,35,No,No,9999,TOYOTA,COROLLA,39.0833958,-76.941783,"(39.0833958, -76.941783)"
MCP1522000V,16017330,Montgomery County Police,Property Damage Crash,04/09/2016 08:29:00 AM,County,FIELDCREST RD,MANOR VIEW DR,,N/A,,OPPOSITE DIRECTION SIDESWIPE,CLEAR,WET,DAYLIGHT,NO CONTROLS,N/A,,E267E158-19A2-41CD-B276-E32535F4FC0B,Yes,NO APPARENT INJURY,"N/A, WET",UNKNOWN,MD,19649A24-107F-49E2-B2FB-8E5FD3A0AB52,DISABLING,TWELVE OCLOCK,PASSENGER CAR,MOVING CONSTANT SPEED,East,40,No,No,2010,TOYT,4S,39.18687333,-77.12806,"(39.18687333, -77.12806)"
MCP31600021,190043418,Montgomery County Police,Property Damage Crash,09/10/2019 09:01:00 PM,Maryland (State),ROCKVILLE PIKE,POOKS HILL RD,,N/A,,SAME DIR REAR END,CLEAR,DRY,DARK LIGHTS ON,TRAFFIC SIGNAL,NONE DETECTED,,C4BBE106-6909-4B79-8CBD-58417659E74B,No,NO APPARENT INJURY,N/A,NOT DISTRACTED,MD,E47B900F-1FBD-4C39-A43B-11BAE83DE758,DISABLING,SIX OCLOCK,PASSENGER CAR,STOPPED IN TRAFFIC LANE,North,35,No,No,2019,TOYOTA,CAMERY,39.01484078,-77.09961561,"(39.01484078, -77.09961561)"
MCP137800YF,210034991,Montgomery County Police,Property Damage Crash,09/06/2021 05:03:00 PM,County,BRIGGS CHANEY RD,ROBEY RD,,N/A,,STRAIGHT MOVEMENT ANGLE,CLEAR,DRY,DAYLIGHT,STOP SIGN,NONE DETECTED,,07392CCB-4615-4137-BB81-CE70BE71C6F5,Yes,NO APPARENT INJURY,N/A,NOT DISTRACTED,MD,4B8B7636-3983-4D26-B95B-5F7123E57843,DISABLING,TWELVE OCLOCK,PICKUP TRUCK,MAKING LEFT TURN,South,30,No,No,2008,TOYOTA,TUNDRA,39.07955333,-76.94532167,"(39.07955333, -76.94532167)"
MCP24220017,16028020,Montgomery County Police,Injury Crash,06/04/2016 03:50:00 PM,Maryland (State),MUNCASTER MILL RD,OLDE MILL RUN,,N/A,,SAME DIR REAR END,CLEAR,N/A,DAYLIGHT,NO CONTROLS,NONE DETECTED,,68DCA993-AB85-4C37-BCAF-E0428AC2D813,No,NO APPARENT INJURY,N/A,NOT DISTRACTED,MD,4EE63C81-C143-4B65-9C76-B09E4BCEC458,SUPERFICIAL,SIX OCLOCK,PASSENGER CAR,STOPPED IN TRAFFIC LANE,East,35,No,No,2016,TESL,4S,39.14003167,-77.13362833,"(39.14003167, -77.13362833)"
DD5662000P,230074099,Rockville Police Departme,Property Damage Crash,12/29/2023 04:50:00 AM,Maryland (State),ROCKVILLE PIKE,VEIRS MILL RD,,N/A,,STRAIGHT MOVEMENT ANGLE,CLEAR,DRY,DAWN,N/A,N/A,,3D908B34-ABB2-40E6-9F8E-8EFA004CB315,Yes,NO APPARENT INJURY,N/A,NOT DISTRACTED,MD,B685B275-E4F0-416F-AE26-7B39483259D9,DESTROYED,TWELVE OCLOCK,POLICE VEHICLE/EMERGENCY,MOVING CONSTANT SPEED,West,35,No,No,2012,NISS,UT,39.08141708,-77.14587713,"(39.08141708, -77.14587713)"
MCP2830002H,16063596,Montgomery County Police,Property Damage Crash,12/11/2016 03:09:00 PM,Maryland (State),GEORGIA AVE,HILLCREST AVE,,N/A,,STRAIGHT MOVEMENT ANGLE,CLEAR,DRY,DAYLIGHT,STOP SIGN,NONE DETECTED,,92782A39-4055-4A75-AD1D-6BBA73F31A87,No,NO APPARENT INJURY,N/A,NOT DISTRACTED,MD,9277F514-1CC4-4591-A755-3AEF08B30B81,DISABLING,ONE OCLOCK,PASSENGER CAR,MOVING CONSTANT SPEED,North,30,No,No,2001,PONT,4S,39.15459667,-77.066835,"(39.15459667, -77.066835)"
MCP0036007R,180018102,Montgomery County Police,Injury Crash,04/13/2018 05:40:00 PM,County,MIDDLEBROOK RD,OBSERVATION DR,,N/A,,SAME DIR REAR END,CLEAR,DRY,DAYLIGHT,NO CONTROLS,NONE DETECTED,,E997E0CC-BDD9-4568-B994-69442DB99ACF,No,NO APPARENT INJURY,N/A,NOT DISTRACTED,MD,5039D651-17C3-4677-B8BA-2814690F20D8,SUPERFICIAL,EIGHT OCLOCK,PASSENGER CAR,MOVING CONSTANT SPEED,West,40,No,No,2017,KIA,SW,39.17777333,-77.243025,"(39.17777333, -77.243025)"
MCP29230083,210034293,Montgomery County Police,Property Damage Crash,09/09/2021 07:10:00 PM,Maryland (State),UNIVERSITY BLVD W,KING GEORGE DR,,N/A,,SAME DIRECTION LEFT TURN,CLEAR,DRY,DAYLIGHT,NO CONTROLS,NONE DETECTED,,512CE488-4E08-40DE-B24B-0ABF96F80DAF,No,NO APPARENT INJURY,N/A,NOT DISTRACTED,MD,0D4E0573-6E8B-4F0B-8DDA-84CA22C1477A,FUNCTIONAL,ONE OCLOCK,PASSENGER CAR,MOVING CONSTANT SPEED,East,35,No,No,2020,TOYOTA,4H,39.03783383,-77.0527235,"(39.03783383, -77.0527235)"
MCP3309000K,220010785,Montgomery County Police,Injury Crash,03/13/2022 03:58:00 AM,County,MONTROSE RD,SEVEN LOCKS RD,,N/A,,SAME DIR REAR END,SNOW,ICE,DARK LIGHTS ON,FLASHING TRAFFIC SIGNAL,NONE DETECTED,,41698525-564F-408C-AC42-627336B3514C,Yes,NO APPARENT INJURY,"ICY OR SNOW-COVERED, RAIN, SNOW",LOOKED BUT DID NOT SEE,MD,D15088CC-8DFB-4115-B00F-B201DDD6E735,DESTROYED,TWELVE OCLOCK,PASSENGER CAR,MOVING CONSTANT SPEED,West,45,No,No,2016,CHEVY,EQUINOX LTZ,39.05722043,-77.16129915,"(39.05722043, -77.16129915)"
MCP3262004W,240048254,MONTGOMERY,Property Damage Crash,10/09/2024 04:31:00 PM,County Route,BROADBIRCH DR,,,,,Front to Rear,Clear,Dry,Daylight,Traffic Control Signal,"Not Suspect of Alcohol Use, Not Suspect of Drug Use",,8D6C6D2D-F549-48E3-9565-0AD4F5F92ABA,No,No Apparent Injury,,Not Distracted,MD,7231CB04-F995-4AD9-BDA2-92F54888F9D8,Functional,Six O Clock,Other,Turning Left,Westbound,30,No,No,2007,FREIGHTLINER,XCA CHASSIS,39.05554819,-76.95728705,"(39.05554819, -76.95728705)"
MCP2951001Z,16061557,Montgomery County Police,Property Damage Crash,11/30/2016 08:22:00 PM,County,CONNECTICUT AVE,GEORGIA AVE,,N/A,,SAME DIR REAR END,RAINING,WET,DARK LIGHTS ON,N/A,NONE DETECTED,,F6732568-EFD9-4D96-AB95-972956E9806C,Yes,NO APPARENT INJURY,"RAIN, SNOW, WET",NOT DISTRACTED,MD,E1FCBA57-7C32-45BE-AC45-B2BB192E94D1,DISABLING,ONE OCLOCK,PASSENGER CAR,SLOWING OR STOPPING,East,35,No,No,2015,BMW,M235XI,39.08349167,-77.07857167,"(39.08349167, -77.07857167)"
MCP2150000G,210022523,Montgomery County Police,Property Damage Crash,06/12/2021 11:30:00 PM,,FDA BOULEVARD,CHERRY HILL ROAD,,N/A,,SAME DIR REAR END,CLEAR,DRY,DARK LIGHTS ON,N/A,NONE DETECTED,,BD063F73-7BF6-48B7-93A0-C1CBD4C69789,Yes,NO APPARENT INJURY,N/A,INATTENTIVE OR LOST IN THOUGHT,MD,459E344F-6993-422D-8468-2309F503BC9D,DISABLING,ONE OCLOCK,PASSENGER CAR,MOVING CONSTANT SPEED,North,35,No,No,2016,FORD,MUSTANG,39.04402,-76.96188667,"(39.04402, -76.96188667)"
MCP32320022,210023619,Montgomery County Police,Property Damage Crash,06/20/2021 03:27:00 PM,Maryland (State),OLNEY SANDY SPRING RD,SPARTAN RD,,N/A,,HEAD ON LEFT TURN,CLEAR,DRY,DAYLIGHT,TRAFFIC SIGNAL,NONE DETECTED,,544E2BE4-CABE-4461-A36B-10FD6E38432A,Yes,NO APPARENT INJURY,N/A,LOOKED BUT DID NOT SEE,MD,F7773F6F-57D5-4579-9BA3-10C793A2ED1E,FUNCTIONAL,ELEVEN OCLOCK,PASSENGER CAR,ACCELERATING,East,35,No,No,2019,TOYOTA,CAMRY,39.15069983,-77.06248217,"(39.15069983, -77.06248217)"
MCP1400001N,240015821,MONTGOMERY,Property Damage Crash,04/04/2024 11:30:00 PM,Maryland (State) Route,,,,,,Angle,Clear,Dry,Dark - Lighted,No Controls,"Suspect of Alcohol Use, Not Suspect of Drug Use",,0A8B84FC-86B3-4509-9342-0DE61A68CA95,Yes,No Apparent Injury,Failed to Yield Right-of-Way,Not Distracted,VA,8B41DC14-18F1-44AE-9C6F-F52EF7933638,Disabling,One O Clock,Sport Utility Vehicle,Turning Left,Southbound,35,No,No,2008,JEEP,LIBERTY,39.10984787,-76.99656845,"(39.10984787, -76.99656845)"
MCP27280073,200016692,Montgomery County Police,Property Damage Crash,04/21/2020 04:15:00 PM,Ramp,RAMP 7 FR RAMP 2 (FR IS 495) TO MD 97 SB,RAMP 2 FR IS 495 WB TO MD 97 NB,,N/A,,SAME DIR REAR END,CLEAR,N/A,DAYLIGHT,NO CONTROLS,NONE DETECTED,,2C8F7BDF-92F3-4DD9-A0A7-AAB5AD045DD5,No,NO APPARENT INJURY,N/A,NOT DISTRACTED,MD,0A524AD4-AA55-4260-B6B9-692FD4E66951,NO DAMAGE,SIX OCLOCK,PASSENGER CAR,STOPPED IN TRAFFIC LANE,West,25,No,No,2019,TOYOTA,COROLLA,39.01400154,-77.04192591,"(39.01400154, -77.04192591)"
MCP0685003Y,180007313,Montgomery County Police,Injury Crash,02/12/2018 09:06:00 AM,Maryland (State),W MONTGOMERY AVE,NELSON ST,,ROCKVILLE,,SAME DIR REAR END,RAINING,WET,DAYLIGHT,TRAFFIC SIGNAL,NONE DETECTED,,306DB9D8-343A-4943-A323-A0A9E2C03C70,No,POSSIBLE INJURY,"RAIN, SNOW, WET",NOT DISTRACTED,MD,7C045840-87A1-4ED0-AFF5-37745A7614F7,FUNCTIONAL,SIX OCLOCK,PASSENGER CAR,STOPPED IN TRAFFIC LANE,East,35,No,No,2006,HONDA,4DR`,39.08559667,-77.17152167,"(39.08559667, -77.17152167)"
DD5527001G,170510898,Rockville Police Departme,Injury Crash,05/31/2017 01:50:00 PM,Maryland (State),VEIRS MILL RD,GAIL AVE,,ROCKVILLE,,STRAIGHT MOVEMENT ANGLE,CLEAR,DRY,DAYLIGHT,STOP SIGN,NONE DETECTED,,0A128692-8AE5-409F-8C6B-53CF79355E49,Yes,SUSPECTED MINOR INJURY,N/A,LOOKED BUT DID NOT SEE,AZ,D09AD125-C4C1-49A2-ABF8-F3BA138B6055,DISABLING,NINE OCLOCK,PASSENGER CAR,STARTING FROM PARKED,South,30,No,No,2003,HOND,4S,39.07937567,-77.13589917,"(39.07937567, -77.13589917)"
MCP3080002N,200020772,Montgomery County Police,Injury Crash,05/25/2020 03:12:00 PM,Other Public Roadway,MATENY RD,MATENY RD (AHEAD),,N/A,,SAME DIR REAR END,CLEAR,DRY,DAYLIGHT,STOP SIGN,N/A,,A8D4DFD9-3C78-4752-B67F-746CB57B6F1A,No,POSSIBLE INJURY,N/A,NOT DISTRACTED,MD,103EDCFE-12BD-4E75-B75F-6A331A1F3448,SUPERFICIAL,SIX OCLOCK,PASSENGER CAR,STOPPED IN TRAFFIC LANE,South,30,No,No,2016,NISS,4S,39.15267833,-77.26827667,"(39.15267833, -77.26827667)"
EJ7856001P,16039253,Gaithersburg Police Depar,Property Damage Crash,08/03/2016 01:15:00 PM,Municipality,MAIN ST,LAKE VARUNA DR,,GAITHERSBURG,,OTHER,CLEAR,DRY,DAYLIGHT,N/A,N/A,,3B7ED281-3D75-4CDC-9C7E-D9C8871524E6,Yes,NO APPARENT INJURY,N/A,NOT DISTRACTED,MD,77F6F885-C928-406B-88B8-D0F04B93CDDE,SUPERFICIAL,TWO OCLOCK,PASSENGER CAR,MOVING CONSTANT SPEED,North,25,No,No,2012,VOLK,DS,39.12012333,-77.23175167,"(39.12012333, -77.23175167)"
MCP1580005M,16021982,Montgomery County Police,Injury Crash,05/04/2016 07:13:00 AM,Maryland (State),WOODFIELD RD,MIDCOUNTY HWY,,N/A,,STRAIGHT MOVEMENT ANGLE,CLOUDY,WET,DAYLIGHT,TRAFFIC SIGNAL,NONE DETECTED,,2618F797-CE37-43AA-A082-AD161AC49DA9,Yes,NO APPARENT INJURY,"N/A, WET",UNKNOWN,MD,C29C0A21-1742-4830-8084-EF803E6104A8,SUPERFICIAL,TWELVE OCLOCK,PASSENGER CAR,MOVING CONSTANT SPEED,North,35,No,No,2002,TOYOTA,COROLLA,39.15107667,-77.17389,"(39.15107667, -77.17389)"
DD5631004D,220024862,Rockville Police Departme,Property Damage Crash,06/10/2022 12:10:00 AM,Municipality,BROADWOOD DR,CORAL SEA DR,,ROCKVILLE,,HEAD ON,CLEAR,DRY,DARK NO LIGHTS,NO CONTROLS,NONE DETECTED,,B1BBEE4F-B562-4E69-A2C6-56CE3E1017E8,Yes,NO APPARENT INJURY,N/A,LOOKED BUT DID NOT SEE,MD,56A8C6E5-A68F-4C65-9958-3D72DC3F0111,FUNCTIONAL,TWELVE OCLOCK,PASSENGER CAR,MOVING CONSTANT SPEED,South,30,No,No,2011,TOYOTA,CAMRY,39.07642,-77.12436,"(39.07642, -77.12436)"
MCP1433003F,210001136,Montgomery County Police,Injury Crash,01/09/2021 04:10:00 PM,Maryland (State),ROCKVILLE PIKE,HUBBARD DR,,N/A,,SAME DIR REAR END,CLEAR,DRY,DARK LIGHTS ON,TRAFFIC SIGNAL,NONE DETECTED,,5E5D2639-CF05-4043-884D-64675244272C,Yes,NO APPARENT INJURY,N/A,LOOKED BUT DID NOT SEE,MD,DAF4AF0E-F965-4C73-B88C-2911DF2B5859,SUPERFICIAL,TWELVE OCLOCK,PASSENGER CAR,SLOWING OR STOPPING,South,35,No,No,2016,MERCEDES BENZ,C300,39.05554333,-77.11909167,"(39.05554333, -77.11909167)"
MCP0036004T,16044225,Montgomery County Police,Property Damage Crash,08/30/2016 03:44:00 PM,Maryland (State),FREDERICK RD,WEST OLD BALTIMORE RD,,N/A,,STRAIGHT MOVEMENT ANGLE,CLEAR,DRY,DAYLIGHT,NO CONTROLS,NONE DETECTED,,91D7173F-9258-44B0-8043-B103D350A6BE,No,NO APPARENT INJURY,N/A,NOT DISTRACTED,MD,3796B728-7BE3-4E06-9BA6-6B55D74D6032,DISABLING,TWELVE OCLOCK,PASSENGER CAR,MOVING CONSTANT SPEED,South,40,No,No,1985,NISSAN,2S,39.21551667,-77.25233833,"(39.21551667, -77.25233833)"
MCP2759001C,180061300,Montgomery County Police,Property Damage Crash,12/07/2018 09:05:00 PM,Maryland (State),EAST WEST HWY,16TH ST,,N/A,,HEAD ON LEFT TURN,CLEAR,DRY,DARK LIGHTS ON,TRAFFIC SIGNAL,ILLEGAL DRUG PRESENT,,5EC9E0FF-9FBA-42D4-8FEC-435B8DB125F3,No,NO APPARENT INJURY,N/A,UNKNOWN,DC,DBCECE3B-B313-40E5-AF6C-110607B2EE99,DISABLING,TWELVE OCLOCK,PASSENGER CAR,MOVING CONSTANT SPEED,West,30,No,No,2013,HONDA,2DOOR,38.99458925,-77.03625693,"(38.99458925, -77.03625693)"
MCP2969000W,15042074,MONTGOMERY,Injury Crash,08/22/2015 12:21:00 PM,Maryland (State),VEIRS MILL RD,GAIL ST,,N/A,,STRAIGHT MOVEMENT ANGLE,CLEAR,DRY,DAYLIGHT,STOP SIGN,NONE DETECTED,,339F8A8D-6812-4689-B67F-13A39D9BFE16,Yes,NO APPARENT INJURY,N/A,UNKNOWN,MD,4CF12CAD-5D54-49A9-BEEC-2C897CE9B009,FUNCTIONAL,NINE OCLOCK,(SPORT) UTILITY VEHICLE,MAKING LEFT TURN,North,40,No,No,2004,TOYOTA,RAV4,39.04922833,-77.07062167,"(39.04922833, -77.07062167)"
MCP29390075,250002221,MONTGOMERY,Property Damage Crash,01/16/2025 06:46:00 PM,County Route,DAVIS MILL RD,BRINK RD BRINK RD (WB/L) LAWLAND CT,,,,Front to Rear,Snow,Wet,Dark - Not Lighted,No Controls,"Not Suspect of Alcohol Use, Not Suspect of Drug Use",,CCCAE0B0-8DEA-4754-9976-57C21DE56312,No,No Apparent Injury,,Not Distracted,MD,3676CF50-D953-4CEF-BCC4-3C186C0687C1,Functional,Six O Clock,Passenger Car,Stopped in Traffic,Eastbound,35,No,No,2018,HONDA,ODYSSEY,39.20686333,-77.21816667,"(39.20686333, -77.21816667)"
MCP2612004Z,230013547,Montgomery County Police,Property Damage Crash,03/20/2023 05:35:00 PM,Maryland (State),LAYHILL RD,BEL PRE RD,,N/A,,OTHER,CLEAR,DRY,DAYLIGHT,TRAFFIC SIGNAL,NONE DETECTED,,CD87D88A-5DF4-44BD-B8E7-BEA80E51C763,Unknown,NO APPARENT INJURY,N/A,UNKNOWN,VA,4D9E546F-7A04-44E1-A352-27CD0CE8BAB8,DISABLING,ONE OCLOCK,PASSENGER CAR,MAKING LEFT TURN,West,40,No,No,2013,TOYOTA,PRIUS,39.09023517,-77.044895,"(39.09023517, -77.044895)"
MCP3290000X,210038890,Montgomery County Police,Property Damage Crash,09/30/2021 10:48:00 PM,Maryland (State),NEW HAMPSHIRE AVE,ELTON RD,,N/A,,SAME DIR REAR END,CLEAR,DRY,DARK LIGHTS ON,TRAFFIC SIGNAL,N/A,,9BD9DC20-BB51-41B0-9A21-BC20DDFB0B51,Yes,NO APPARENT INJURY,N/A,UNKNOWN,DC,9A1D703A-B54A-4524-BC54-197791BD9DCE,DISABLING,TWELVE OCLOCK,PASSENGER CAR,ACCELERATING,North,25,No,No,2017,DODGE,CHARGER,39.01955333,-76.97656333,"(39.01955333, -76.97656333)"
MCP3096003Y,230007957,Montgomery County Police,Property Damage Crash,02/16/2023 08:24:00 PM,County,E GUDE DR,CALHOUN DR,,N/A,,STRAIGHT MOVEMENT ANGLE,RAINING,WET,DARK LIGHTS ON,TRAFFIC SIGNAL,NONE DETECTED,,A5A483F0-B2D5-4308-AC9D-A529E21DA185,No,NO APPARENT INJURY,N/A,NOT DISTRACTED,MD,44CD1E21-008C-4A5A-9E6C-E51C22359186,FUNCTIONAL,TWELVE OCLOCK,PASSENGER CAR,MOVING CONSTANT SPEED,East,40,No,No,2003,TOYOTA,MATRIX,39.10563067,-77.14506683,"(39.10563067, -77.14506683)"
MCP2347004L,230072022,Montgomery County Police,Injury Crash,12/16/2023 07:02:00 AM,US (State),COLUMBIA PIKE,BLACKBURN RD,,N/A,,HEAD ON LEFT TURN,CLEAR,DRY,DAWN,TRAFFIC SIGNAL,NONE DETECTED,,8A5A5731-C75B-44FA-BC9B-7B9EA7273F13,No,NO APPARENT INJURY,N/A,NOT DISTRACTED,MD,F442EEC9-2B00-4C61-ADD1-A017CEECC019,DISABLING,TEN OCLOCK,PASSENGER CAR,MOVING CONSTANT SPEED,North,55,No,No,2022,FORD,BRONCO,39.10410467,-76.93306567,"(39.10410467, -76.93306567)"
MCP2914003X,16063817,Montgomery County Police,Property Damage Crash,12/12/2016 07:16:00 PM,Maryland (State),NEW HAMPSHIRE AVE,OVERLOOK DR,,N/A,,ANGLE MEETS LEFT TURN,CLEAR,N/A,DARK LIGHTS ON,STOP SIGN,N/A,,077DC3AE-0F7E-4417-9969-F6B9207F32E0,No,NO APPARENT INJURY,N/A,NOT DISTRACTED,MD,4F038522-C2E9-4825-9D92-0EB8C6D47EF7,DISABLING,TWELVE OCLOCK,PASSENGER CAR,MOVING CONSTANT SPEED,South,40,No,No,2005,TOYOTA,XA,39.02431667,-76.97935,"(39.02431667, -76.97935)"
MCP3095004S,230066540,Montgomery County Police,Injury Crash,11/15/2023 05:28:00 PM,County,OLD COLUMBIA PIKE,FAIRLAND RD,,N/A,,HEAD ON,CLEAR,DRY,DARK LIGHTS ON,TRAFFIC SIGNAL,N/A,,5E63BA0A-CB22-43F5-89EE-5F8FF1A45BEF,Yes,POSSIBLE INJURY,N/A,LOOKED BUT DID NOT SEE,XX,6F49024D-28A1-433B-B80F-E0B7DCE046C1,DISABLING,TWELVE OCLOCK,PASSENGER CAR,MAKING LEFT TURN,North,40,No,No,2008,MERCEDES,C300,39.07600117,-76.95774733,"(39.07600117, -76.95774733)"