Report Number,Local Case Number,Agency Name,ACRS Report Type,Crash Date/Time,Route Type,Road Name,Cross-Street Name,Off-Road Description,Municipality,Related Non-Motorist,Collision Type,Weather,Surface Condition,Light,Traffic Control,Driver Substance Abuse,Non-Motorist Substance Abuse,Person ID,Driver At Fault,Injury Severity,Circumstance,Driver Distracted By,Drivers License State,Vehicle ID,Vehicle Damage Extent,Vehicle First Impact Location,Vehicle Body Type,Vehicle Movement,Vehicle Going Dir,Speed Limit,Driverless Vehicle,Parked Vehicle,Vehicle Year,Vehicle Make,Vehicle Model,Latitude,Longitude,Location
EJ7863000R,17003987,Gaithersburg Police Depar,Property Damage Crash,01/23/2017 04:10:00 PM,,,,"108 OLDE TOWNE GAITHERSBURG,MD 20877 PARKING LOT",,,STRAIGHT MOVEMENT ANGLE,N/A,,DAYLIGHT,N/A,NONE DETECTED,,59FCB944-3FD8-4DCB-9D50-D3521111A834,No,NO APPARENT INJURY,N/A,NOT DISTRACTED,MD,03EF04F0-AF35-422B-95E1-E20FA7F8E608,SUPERFICIAL,TWELVE OCLOCK,PASSENGER CAR,MAKING RIGHT TURN,East,5,No,No,2012,DODG,4S,39.14085373,-77.194359,"(39.14085373, -77.194359)"
MCP31990022,200031882,Montgomery County Police,Injury Crash,08/15/2020 09:07:00 AM,Maryland (State),GEORGIA AVE,HENDERSON AVE,,N/A,,STRAIGHT MOVEMENT ANGLE,CLOUDY,DRY,DAYLIGHT,NO CONTROLS,NONE DETECTED,,543073B3-4C00-4B1D-A2AD-7CF7F7E504EA,No,POSSIBLE INJURY,N/A,NOT DISTRACTED,MD,95B0972A-71D6-4074-8DED-0303F92C3D8D,DISABLING,TWELVE OCLOCK,PASSENGER CAR,MOVING CONSTANT SPEED,South,35,No,No,2013,MINI,COOPER,39.050855,-77.05159,"(39.050855, -77.05159)"
MCP3023001Z,180000192,Montgomery County Police,Property Damage Crash,01/02/2018 11:00:00 AM,Maryland (State),VEIRS MILL RD,GRIDLEY RD,,N/A,,SAME DIR REAR END,CLEAR,DRY,DAYLIGHT,TRAFFIC SIGNAL,NONE DETECTED,,0B116BA1-849F-4E8F-8C8F-E743851A7454,No,NO APPARENT INJURY,N/A,NOT DISTRACTED,MD,2F7D05F7-FB5E-4771-A13B-7044E9926933,SUPERFICIAL,SIX OCLOCK,PASSENGER CAR,SLOWING OR STOPPING,East,35,No,No,2003,TOYT,4S,39.05736817,-77.08497017,"(39.05736817, -77.08497017)"
DD5646001L,210039378,Rockville Police Departme,Injury Crash,10/04/2021 07:45:00 AM,Maryland (State),ROCKVILLE PIKE,ROLLINS AVE,,ROCKVILLE,,OTHER,CLEAR,DRY,DAYLIGHT,TRAFFIC SIGNAL,NONE DETECTED,,47DBEAB9-AFD0-4D2D-9FD3-9D5E9EA1FF98,Yes,SUSPECTED MINOR INJURY,N/A,UNKNOWN,DC,D2995B9C-E5D4-4A6E-8E6A-11792B98D7A5,DISABLING,ELEVEN OCLOCK,PASSENGER CAR,MOVING CONSTANT SPEED,South,35,No,No,1997,TOYOTA,CORROLLA,39.05889854,-77.1214354,"(39.05889854, -77.1214354)"
MCP23570011,15040137,MONTGOMERY,Injury Crash,08/12/2015 09:49:00 AM,Maryland (State),GEORGIA AVE,16TH ST,,N/A,,SAME DIR REAR END,CLEAR,DRY,DAYLIGHT,TRAFFIC SIGNAL,NONE DETECTED,,03ECA13C-8D5F-41C9-8D74-BA3BAE3DB421,No,NO APPARENT INJURY,N/A,NOT DISTRACTED,MD,CCA9D62A-40DE-4772-9DCE-DB422D28026E,SUPERFICIAL,SIX OCLOCK,PASSENGER CAR,STOPPED IN TRAFFIC LANE,South,35,No,No,2013,TOYOTA,COROLLA,39.00640667,-77.03922333,"(39.00640667, -77.03922333)"
MCP2764003L,240041131,MONTGOMERY,Property Damage Crash,08/30/2024 04:38:00 PM,Maryland (State) Route,ROCKVILLE PIKE,,,,,Front to Rear,Clear,Dry,Daylight,No Controls,"Not Suspect of Alcohol Use, Not Suspect of Drug Use",,E0A2096E-6A4A-46C8-903A-43674F6D0A09,No,No Apparent Injury,,Not Distracted,,E42056EB-F2DB-4064-8C8D-ED0EB9343AC9,Disabling,Twelve O Clock,Sport Utility Vehicle,Slowing or Stopping,Northbound,35,No,No,2015,KIA,SOUL,39.04912329,-77.11399005,"(39.04912329, -77.11399005)"
MCP2107001X,180042475,Montgomery County Police,Injury Crash,08/26/2018 10:45:00 AM,County,RICHTER FARM RD,GREAT SENECA HWY,,N/A,,SAME DIR REAR END,CLEAR,DRY,DAYLIGHT,YIELD SIGN,NONE DETECTED,,3B3ACA45-BC91-4B04-B786-6AE21DE66AD1,Yes,NO APPARENT INJURY,N/A,NOT DISTRACTED,MD,7D57F959-3A65-49C6-82C1-46978A320584,SUPERFICIAL,TWELVE OCLOCK,PASSENGER CAR,ACCELERATING,South,30,No,No,2010,NISSAN,ALTIMA,39.14832833,-77.276475,"(39.14832833, -77.276475)"
MCP2967001W,170500754,Montgomery County Police,Property Damage Crash,04/06/2017 05:08:00 PM,County,DEMOCRACY BLVD,SEVEN LOCKS RD,,N/A,,SAME DIR REAR END,CLEAR,WET,DAYLIGHT,N/A,N/A,,DE292639-345A-4569-BF5C-254650146E69,No,NO APPARENT INJURY,"N/A, WET",NOT DISTRACTED,MD,6239E2C2-DC02-4C7A-884A-E0E8EB2F3596,FUNCTIONAL,SIX OCLOCK,PICKUP TRUCK,SLOWING OR STOPPING,West,35,No,No,2015,GMC,SIERRA,39.02374167,-77.15887833,"(39.02374167, -77.15887833)"
MCP31390012,190013601,Montgomery County Police,Property Damage Crash,03/24/2019 03:00:00 PM,,,,VALUE VILLAGE PARKING LOT 10105 NEW HAMPSHIRE AVE,,,N/A,N/A,,N/A,N/A,N/A,,E9E3831E-1D15-4815-9507-E13D5FCED6E4,Yes,NO APPARENT INJURY,N/A,UNKNOWN,MD,66C8288F-B8B8-4CDC-ABEF-4AE929C7F108,SUPERFICIAL,ONE OCLOCK,PASSENGER CAR,STARTING FROM PARKED,Unknown,25,No,No,2014,HONDA,ACCORD,39.02152833,-76.97570333,"(39.02152833, -76.97570333)"
MCP295200DV,230032956,Montgomery County Police,Property Damage Crash,07/11/2023 07:40:00 AM,County,WAYNE AVE,ALLEY,,N/A,,SAME DIR REAR END,CLEAR,DRY,DAYLIGHT,NO CONTROLS,NONE DETECTED,,800B57CA-3277-4DC5-8C8D-457AF042F683,No,NO APPARENT INJURY,N/A,NOT DISTRACTED,MD,E9504EBF-592D-4E6D-B28E-07B8773E2530,FUNCTIONAL,SIX OCLOCK,TRANSIT BUS,STOPPED IN TRAFFIC LANE,East,30,No,No,2016,GILL,BUS,38.99449791,-77.02733407,"(38.99449791, -77.02733407)"
MCP32900009,210005662,Montgomery County Police,Property Damage Crash,02/13/2021 01:28:00 AM,County,SCHRIDER ST,SILVER SPRING AVE,,N/A,,SAME DIR REAR END,CLEAR,DRY,DARK LIGHTS ON,NO CONTROLS,ALCOHOL PRESENT,,2EDE1F3F-A245-49E7-A9AB-9174D23E157F,Yes,NO APPARENT INJURY,N/A,UNKNOWN,MD,C72C54E6-B3E6-4AF6-8D88-FBCA1B14A612,OTHER,TWELVE OCLOCK,PASSENGER CAR,SLOWING OR STOPPING,North,15,No,No,2019,NISSAN,ROGUE,38.9916323,-77.01437652,"(38.9916323, -77.01437652)"
MCP0617000J,16024106,Montgomery County Police,Injury Crash,05/15/2016 03:15:00 PM,Maryland (State),NEW HAMPSHIRE AVE,EDNOR RD,,N/A,,STRAIGHT MOVEMENT ANGLE,CLEAR,DRY,DAYLIGHT,TRAFFIC SIGNAL,NONE DETECTED,,D7692270-0D4C-4A5A-8FB0-BB70032A6AC2,No,SUSPECTED MINOR INJURY,N/A,NOT DISTRACTED,MD,5885512C-FACB-4AF7-8B25-1D463735017C,DISABLING,TEN OCLOCK,PASSENGER CAR,MOVING CONSTANT SPEED,South,40,No,No,2015,ACURA,RDX,39.15454833,-77.05517167,"(39.15454833, -77.05517167)"
MCP2952000S,15032001,Montgomery County Police,Property Damage Crash,06/30/2015 04:31:00 PM,,,,"7-Eleven Parking Lot located at 2 University Blvd W. Silver Spring, Maryland 20901",,,OTHER,CLEAR,,DAYLIGHT,NO CONTROLS,NONE DETECTED,,754F6769-9BBF-41FC-BECE-04F3B9135884,Yes,NO APPARENT INJURY,N/A,NOT DISTRACTED,VA,E42E5052-5760-4A30-9573-75481FB0A00E,SUPERFICIAL,TWELVE OCLOCK,PASSENGER CAR,BACKING,North,0,No,No,2015,JEEP,TRUCK,39.02033608,-77.01322943,"(39.02033608, -77.01322943)"
DD5583009M,250017681,ROCKVILLE,Property Damage Crash,04/23/2025 04:20:00 PM,Municipality Route,MARTINS LA,BICKFORD AVE,,,,Front to Rear,Clear,Dry,Daylight,Stop Sign,"Not Suspect of Alcohol Use, Not Suspect of Drug Use",,3F66E492-AA86-4F61-8A05-19BF9AEF9F21,No,No Apparent Injury,Followed Too Closely,Not Distracted,MD,C96E724D-ADD7-4ED7-A84D-CADF937C9B1B,Disabling,Twelve O Clock,Sport Utility Vehicle,Slowing or Stopping,Southbound,25,No,No,2014,HONDA,CR-V,39.09169956,-77.15669652,"(39.09169956, -77.15669652)"
MCP3312002H,230000277,Montgomery County Police,Injury Crash,01/03/2023 09:00:00 AM,County,CHERRY HILL RD,GRACEFIELD RD,,N/A,,SAME DIRECTION SIDESWIPE,CLEAR,DRY,DAYLIGHT,NO CONTROLS,NONE DETECTED,,2BF7DFAC-DC26-4542-8442-CC1825C3AC99,No,NO APPARENT INJURY,N/A,NOT DISTRACTED,DC,F6CDA739-5E09-4CB8-A393-FB098D6BD466,FUNCTIONAL,THREE OCLOCK,PASSENGER CAR,MOVING CONSTANT SPEED,South,40,No,No,2016,TOYOTA,PRIUS,39.04798,-76.952315,"(39.04798, -76.952315)"
MCP3027000B,17007556,Montgomery County Police,Property Damage Crash,02/11/2017 05:27:00 PM,US (State),GEORGIA AVE,WAYNE AVE,,N/A,,SAME DIR REAR END,N/A,N/A,DAYLIGHT,TRAFFIC SIGNAL,NONE DETECTED,,2A75D773-3276-4A05-8EDA-B9B8DC8F47A1,No,NO APPARENT INJURY,N/A,NOT DISTRACTED,MD,486086B6-FF0A-4820-9AC5-9F58E9B31FE9,SUPERFICIAL,SIX OCLOCK,PASSENGER CAR,STOPPED IN TRAFFIC LANE,South,35,No,No,2001,LEXUS,ES3,38.99471333,-77.02528167,"(38.99471333, -77.02528167)"
MCP20940088,170503296,Montgomery County Police,Injury Crash,04/21/2017 09:26:00 AM,,,,"PARKING LOT OF 
5411 W. CEDAR LN",,,OTHER,CLOUDY,,DAYLIGHT,NO CONTROLS,NONE DETECTED,,097DB7FF-5E24-408D-9617-4AA48174B843,Yes,POSSIBLE INJURY,N/A,LOOKED BUT DID NOT SEE,MD,8947EB90-71F9-498C-966F-A6BEB2A6A64E,FUNCTIONAL,SIX OCLOCK,PASSENGER CAR,BACKING,Unknown,0,No,No,2006,VOLKSWAGON,JETTA,39.0046,-77.11029,"(39.0046, -77.11029)"
EJ7884006S,240038809,GAITHERSBURG,Injury Crash,08/16/2024 10:37:00 PM,Municipality Route,S SUMMIT AVE,,,,Pedestrian,Single Vehicle,Clear,Dry,Dark - Lighted,No Controls,"Unknown, Unknown","Suspect of Alcohol Use, Not Suspect of Drug Use",4F7E949D-AEE1-4617-B362-E6C3882D46D5,No,,,,,EF69B47E-58DF-47B1-AB4A-37C2D5F53C03,Vehicle Not at Scene,Vehicle Not at Scene,Sport Utility Vehicle,Moving Constant Speed,Southbound,25,No,No,0,,,39.13918461,-77.19388883,"(39.13918461, -77.19388883)"
MCP2385000B,15017642,Montgomery County Police,Property Damage Crash,04/15/2015 10:45:00 PM,County,CLARKSBURG RD,LEWISDALE RD,,N/A,,SINGLE VEHICLE,CLEAR,DRY,DARK NO LIGHTS,NO CONTROLS,ALCOHOL CONTRIBUTED,,05B639B2-2DE6-45D5-8C59-56BB3B408376,Yes,NO APPARENT INJURY,N/A,OTHER DISTRACTION,MD,2F5722E9-EB5E-4DDD-A3AB-595788407EE2,DISABLING,TWELVE OCLOCK,PICKUP TRUCK,MOVING CONSTANT SPEED,South,35,No,No,2008,CHEVROLET,SILVERADO,39.28568333,-77.27215833,"(39.28568333, -77.27215833)"
MCP2750005J,210014731,Montgomery County Police,Property Damage Crash,04/20/2021 02:20:00 PM,Maryland (State),GEORGIA AVE,HOLIDAY DR,,N/A,,HEAD ON,CLEAR,DRY,DAYLIGHT,STOP SIGN,NONE DETECTED,,BC020689-B322-420E-BB58-9659FA3024C3,Yes,NO APPARENT INJURY,N/A,NOT DISTRACTED,MD,A53E80A0-6508-4C62-9B97-38FA4E24177B,DISABLING,TWELVE OCLOCK,(SPORT) UTILITY VEHICLE,MOVING CONSTANT SPEED,South,30,No,No,2012,INFINITI,SU,39.18332667,-77.06269,"(39.18332667, -77.06269)"
MCP2902000Q,15018505,Montgomery County Police,Property Damage Crash,04/20/2015 01:10:00 PM,County,MATENY RD,SMOKE HOUSE CT,,N/A,,SAME DIR REND LEFT TURN,CLEAR,DRY,DAYLIGHT,NO CONTROLS,NONE DETECTED,,034F36C7-599E-49F0-98EE-3CDA5FAC5FBB,Yes,NO APPARENT INJURY,N/A,UNKNOWN,MD,780B8948-458F-4FB2-9496-D892325DBD80,SUPERFICIAL,,(SPORT) UTILITY VEHICLE,MOVING CONSTANT SPEED,North,30,No,No,2008,FORD,TK,39.15302667,-77.26739833,"(39.15302667, -77.26739833)"
MCP2845005D,190043664,Montgomery County Police,Property Damage Crash,09/12/2019 09:30:00 AM,Maryland (State),NEW HAMPSHIRE AVE,MAHAN RD,,N/A,,SAME DIR REAR END,CLEAR,DRY,DAYLIGHT,TRAFFIC SIGNAL,NONE DETECTED,,6103A6B9-7B4C-4B4D-913F-AAA2AAE5A445,No,NO APPARENT INJURY,N/A,NOT DISTRACTED,MD,7F5F79D8-56CF-43C5-823C-D257AFE0CC1E,FUNCTIONAL,SIX OCLOCK,PASSENGER CAR,STOPPED IN TRAFFIC LANE,North,40,No,No,2016,HONDA,ACCORD,39.03291333,-76.98526167,"(39.03291333, -76.98526167)"
EJ7858009S,240059601,GAITHERSBURG,Property Damage Crash,12/13/2024 12:10:00 PM,,,,Parking Lot Way        FRONT OFF 550 N FREDERICK AVE,,,Other,Cloudy,,Daylight,,"Not Suspect of Alcohol Use, Not Suspect of Drug Use",,B44AA062-85D0-41A4-BEFC-5E3870D188A2,No,No Apparent Injury,,Not Distracted,MD,1F6C3C8E-3CB8-4B5C-BDC9-650AA2A8FC66,Superficial,Twelve O Clock,Passenger Car,Stopped in Traffic,Westbound,0,No,No,2018,MERCEDES-BENZ,C-CLASS,39.1484905,-77.20963733,"(39.1484905, -77.20963733)"
MCP1366003Q,15058659,MONTGOMERY,Property Damage Crash,11/17/2015 11:56:00 AM,Maryland (State),FREDERICK RD,E GUDE DR,,N/A,,SAME DIRECTION SIDESWIPE,CLEAR,DRY,DAYLIGHT,N/A,NONE DETECTED,,064CFF28-E37E-4FD0-A1EA-293F5D86E185,No,NO APPARENT INJURY,N/A,NOT DISTRACTED,MD,09B6F094-1F40-4665-A5C9-AF9FAC93E830,FUNCTIONAL,TWO OCLOCK,PASSENGER CAR,MOVING CONSTANT SPEED,North,40,No,No,2010,MAZD,4S,39.10685322,-77.15850592,"(39.10685322, -77.15850592)"
MCP30270014,170535639,Montgomery County Police,Property Damage Crash,10/09/2017 12:48:00 PM,County,CAMERON ST,SECOND AVE,,N/A,,SAME DIR REAR END,CLOUDY,DRY,DAYLIGHT,NO CONTROLS,N/A,,85E4FB2C-2E9F-4682-8F73-57C9C4FDDE67,Yes,NO APPARENT INJURY,N/A,UNKNOWN,DC,C2423315-FEBE-4F1F-A947-C14822BE043C,FUNCTIONAL,SIX OCLOCK,(SPORT) UTILITY VEHICLE,STOPPED IN TRAFFIC LANE,South,25,No,No,2017,FORD,ESCAPE,38.99655667,-77.030925,"(38.99655667, -77.030925)"
MCP2977000T,15040924,MONTGOMERY,Property Damage Crash,08/16/2015 01:50:00 PM,Maryland (State),UNIVERSITY BLVD E,LEXINGTON DR,,N/A,,SAME DIRECTION SIDESWIPE,CLEAR,DRY,DAYLIGHT,TRAFFIC SIGNAL,NONE DETECTED,,EDCBF4B2-5960-4515-9114-DAD444357B84,No,NO APPARENT INJURY,N/A,NOT DISTRACTED,MD,713416C7-37E3-4077-BF9F-C67E1ED324B8,DISABLING,TWO OCLOCK,PASSENGER CAR,MOVING CONSTANT SPEED,East,40,No,No,2012,FORD,FOCUS,39.01912951,-77.01086104,"(39.01912951, -77.01086104)"
MCP1174004S,210013382,Montgomery County Police,Property Damage Crash,04/12/2021 12:20:00 PM,,,,PARKING LOT OF 6900 WISCONSIN AVE.,,,STRAIGHT MOVEMENT ANGLE,CLEAR,,DAYLIGHT,NO CONTROLS,NONE DETECTED,,B0677CEE-70D5-4510-A77E-2F36682DE6B7,Yes,NO APPARENT INJURY,N/A,LOOKED BUT DID NOT SEE,MO,54E9CBC1-4C7F-4AA8-B7E7-589E1D08C926,SUPERFICIAL,SIX OCLOCK,PASSENGER CAR,BACKING,Unknown,0,No,No,2017,MAZDA,CX5,38.97876459,-77.09174475,"(38.97876459, -77.09174475)"
MCP94240015,17005495,Montgomery County Police,Property Damage Crash,01/31/2017 09:13:00 PM,Maryland (State),RIDGE RD,OAK DR,,N/A,,SINGLE VEHICLE,CLEAR,DRY,DARK LIGHTS ON,OTHER,N/A,,FBD59A76-24F0-4D80-89CB-4D08BDD1C73E,Yes,NO APPARENT INJURY,N/A,OTHER DISTRACTION,MD,1154D0F4-2C7A-4DD1-83F2-8F8921024096,SUPERFICIAL,ONE OCLOCK,PICKUP TRUCK,MOVING CONSTANT SPEED,North,40,No,No,1994,CHEVROLET,3500,39.26416333,-77.21875,"(39.26416333, -77.21875)"
MCP1531000G,180007290,Montgomery County Police,Property Damage Crash,02/12/2018 04:04:00 AM,Interstate (State),CAPITAL BELTWAY,PERSIMMON TREE RD,,N/A,,SAME DIR REAR END,CLEAR,DRY,DARK LIGHTS ON,NO CONTROLS,NONE DETECTED,,7E440B1D-2202-4314-B433-4C449645CDEF,No,NO APPARENT INJURY,N/A,NOT DISTRACTED,DC,C07278AF-1120-4306-B6C0-51F7C1E353A3,DISABLING,SIX OCLOCK,PASSENGER CAR,MOVING CONSTANT SPEED,West,55,No,No,2004,CHEVROLET,TRAILBLAZER,38.98611333,-77.157875,"(38.98611333, -77.157875)"
EJ7871001S,190028108,Gaithersburg Police Depar,Property Damage Crash,06/12/2019 07:20:00 PM,,,,PARKING LOT OF 353 MUDDY BRANCH RD,,,STRAIGHT MOVEMENT ANGLE,CLEAR,,DAYLIGHT,NO CONTROLS,NONE DETECTED,,0B61F176-9613-4FF1-995A-EF453D31EDBC,Yes,NO APPARENT INJURY,N/A,LOOKED BUT DID NOT SEE,MD,57BF87C0-19EE-4AC9-B800-547BF8C614EB,SUPERFICIAL,TWELVE OCLOCK,PASSENGER CAR,MOVING CONSTANT SPEED,West,5,No,No,2016,TOYT,TUNDRA,39.12805667,-77.2078,"(39.12805667, -77.2078)"
MCP2686004V,210015714,Montgomery County Police,Injury Crash,04/27/2021 05:30:00 PM,,,,"PARKING LOT OF DSW WAREHOUSE, 12922 MIDDLEBROOK RD, GERMANTOWN MD 20874",,OTHER CONVEYANCE,SINGLE VEHICLE,CLEAR,,DAYLIGHT,N/A,N/A,NONE DETECTED,95D88BB3-381C-480B-9FDD-A4260AF54FD6,Unknown,NO APPARENT INJURY,N/A,UNKNOWN,,17977892-8E97-4003-ABC3-5C4D728226C7,UNKNOWN,UNKNOWN,,MOVING CONSTANT SPEED,Unknown,10,No,No,0,UNKNOWN,UNKNOWN,39.18009466,-77.27085497,"(39.18009466, -77.27085497)"
MCP2938000C,15029220,Montgomery County Police,Injury Crash,06/15/2015 09:34:00 PM,County,WOODMONT AVE,HAMPDEN LA,,N/A,BICYCLIST,OTHER,CLEAR,DRY,DARK LIGHTS ON,TRAFFIC SIGNAL,NONE DETECTED,NONE DETECTED,69A8A12A-4BA6-4DBB-A03F-EA44AF5E9CBF,Yes,NO APPARENT INJURY,N/A,UNKNOWN,MD,0718F4AE-5AEE-4A45-A486-619A7089C8BB,NO DAMAGE,TWELVE OCLOCK,PASSENGER CAR,MAKING LEFT TURN,South,25,No,No,2006,HONDA,CIVIC,38.98270599,-77.09604263,"(38.98270599, -77.09604263)"
MCP1534000C,210039947,Montgomery County Police,Injury Crash,10/07/2021 05:52:00 AM,Maryland (State),GOLDSBORO RD,MASSACHUSETTS AVE,,N/A,,SINGLE VEHICLE,CLEAR,DRY,DARK LIGHTS ON,NO CONTROLS,ILLEGAL DRUG PRESENT,,F3077D62-AF0A-41BD-9DDE-58173B24DACF,Yes,SUSPECTED MINOR INJURY,N/A,UNKNOWN,MD,B073574F-C22B-4253-9504-54656D5BA639,DESTROYED,TWELVE OCLOCK,PASSENGER CAR,MOVING CONSTANT SPEED,West,35,No,No,2010,BUICK,LUCERNE,38.97032167,-77.13047833,"(38.97032167, -77.13047833)"
MCP1604001D,180053778,Montgomery County Police,Property Damage Crash,10/27/2018 06:54:00 AM,County,MIDCOUNTY HWY,SHADY GROVE RD,,N/A,,SAME DIRECTION SIDESWIPE,RAINING,WET,DAWN,TRAFFIC SIGNAL,NONE DETECTED,,5DFEAEC1-3FE2-49DF-BAD7-3AF9554728FA,Yes,NO APPARENT INJURY,"RAIN, SNOW, WET",UNKNOWN,MD,59CBA3CD-DEC9-4A28-98C0-B953647320AF,DISABLING,NINE OCLOCK,PASSENGER CAR,SLOWING OR STOPPING,South,45,No,No,2002,HYUN,SONATA,39.14099071,-77.1521787,"(39.14099071, -77.1521787)"
MCP12130049,190003852,Montgomery County Police,Injury Crash,01/24/2019 08:40:00 PM,Maryland (State),LAYHILL RD,BRIGGS RD,,N/A,,SAME DIR REAR END,CLEAR,DRY,DARK LIGHTS ON,NO CONTROLS,NONE DETECTED,,299272E9-A364-447C-8851-103B2ECA0647,Yes,NO APPARENT INJURY,"ANIMAL, N/A",NOT DISTRACTED,MD,F95E1111-208C-4A4A-9A14-759C84285E27,DISABLING,TWELVE OCLOCK,PASSENGER CAR,MOVING CONSTANT SPEED,North,40,No,No,2006,VOLKS,JETTA,39.06803,-77.04630667,"(39.06803, -77.04630667)"
MCP23390088,230026376,Montgomery County Police,Property Damage Crash,06/01/2023 06:15:00 PM,County,MUDDY BRANCH RD,DUFIEF MILL RD,,N/A,,SAME DIR REAR END,CLEAR,DRY,DAYLIGHT,NO CONTROLS,NONE DETECTED,,5FFE8663-FEB7-4147-9CFC-C03626CBC04A,Yes,NO APPARENT INJURY,N/A,UNKNOWN,MD,AD4E2919-B771-4274-AF00-A8EE2E0EA5A5,DISABLING,TWELVE OCLOCK,PASSENGER CAR,MOVING CONSTANT SPEED,North,40,No,No,2007,LEXUS,RX350,39.10024267,-77.2246245,"(39.10024267, -77.2246245)"
MCP137800J7,170533454,Montgomery County Police,Property Damage Crash,09/27/2017 04:42:00 PM,County,SHADY GROVE RD,EPSILON DR,,N/A,,SAME DIR REAR END,CLEAR,DRY,DAYLIGHT,TRAFFIC SIGNAL,NONE DETECTED,,7D4823E9-2169-43D2-8829-9A5BD2C63795,No,NO APPARENT INJURY,N/A,NOT DISTRACTED,MD,C9AA14E8-6CBF-404E-9E09-8259120726FD,FUNCTIONAL,SIX OCLOCK,(SPORT) UTILITY VEHICLE,STOPPED IN TRAFFIC LANE,South,45,No,No,2006,TOYT,RAV4,39.13843,-77.15343833,"(39.13843, -77.15343833)"
MCP10480034,170543198,Montgomery County Police,Property Damage Crash,11/16/2017 06:00:00 AM,,,,PARKING LOT OF 16651 CRABBS BRANCH WAY,,,OTHER,CLEAR,,DARK -- UNKNOWN LIGHTING,N/A,NONE DETECTED,,F6772294-BE71-49DC-9C54-CFA6DF9F2498,Yes,NO APPARENT INJURY,N/A,NOT DISTRACTED,MD,44A16ED8-321C-43B8-A392-13BB1B24FD23,SUPERFICIAL,FIVE OCLOCK,SCHOOL BUS,BACKING,West,5,No,No,2018,THMS,BU,39.12848167,-77.166205,"(39.12848167, -77.166205)"
MCP3095000W,180025084,Montgomery County Police,Injury Crash,05/22/2018 11:54:00 AM,US (State),COLUMBIA PIKE,BURNT MILLS AVE,,N/A,,STRAIGHT MOVEMENT ANGLE,RAINING,WET,DAYLIGHT,TRAFFIC SIGNAL,N/A,,4E276C7A-FA35-4245-9435-1C1ABC17C942,Yes,SUSPECTED MINOR INJURY,"SLEET, HAIL, FREEZ. RAIN, WET",NOT DISTRACTED,MD,B2BDB841-607C-4B5D-97AA-C306A5FE410D,FUNCTIONAL,TWELVE OCLOCK,PASSENGER CAR,SLOWING OR STOPPING,North,40,No,No,2008,HONDA,PILOT,39.03628213,-77.000269,"(39.03628213, -77.000269)"
MCP2231003H,170524961,Montgomery County Police,Property Damage Crash,08/15/2017 12:16:00 PM,Maryland (State),DARNESTOWN RD,OWENS GLEN WAY,,N/A,,SAME DIR REAR END,RAINING,WET,DAYLIGHT,TRAFFIC SIGNAL,NONE DETECTED,,5322FCF4-B0A3-417B-A5AF-6AC3264A466C,No,NO APPARENT INJURY,"RAIN, SNOW, WET",NOT DISTRACTED,MD,F9580511-A453-4DE4-9BEB-3EC2A3A82183,DISABLING,SIX OCLOCK,PASSENGER CAR,STOPPED IN TRAFFIC LANE,East,35,No,No,2005,MERCEDES,C55,39.11247167,-77.24121667,"(39.11247167, -77.24121667)"
MCP3094002X,230022027,Montgomery County Police,Property Damage Crash,05/08/2023 04:50:00 PM,Maryland (State),WOODFIELD RD,FLOWER HILL WAY,,N/A,,STRAIGHT MOVEMENT ANGLE,N/A,DRY,DAYLIGHT,TRAFFIC SIGNAL,NONE DETECTED,,0037357D-18EE-48F6-86B4-509DAC983E69,Yes,NO APPARENT INJURY,N/A,LOOKED BUT DID NOT SEE,MD,A697A853-BB55-4CD8-9B21-47C0B468BEAD,DISABLING,FOUR OCLOCK,PASSENGER CAR,MAKING LEFT TURN,East,35,No,No,2010,NISS,SU,39.15641333,-77.16543,"(39.15641333, -77.16543)"
MCP3067002X,240034374,MONTGOMERY,Injury Crash,07/21/2024 02:50:00 AM,County Route,APPLE RIDGE RD,,,,,Front to Front,Clear,Dry,Dark - Lighted,No Controls,"Not Suspect of Alcohol Use, Not Suspect of Drug Use",,5DAC2084-4421-45DC-8B68-B84101B71A36,Yes,Suspected Minor Injury,"Swerved or Avoided Due to Wind, Slippery Surface, Motor Vehicle, Object, Non-Motorist in Roadway, etc",Not Distracted,MD,72635BAF-1108-4F83-B5A0-C84A9A554071,Disabling,Top,Passenger Car,Moving Constant Speed,Eastbound,30,No,No,2001,CHEVROLET,SUBURBAN,39.18490583,-77.20565285,"(39.18490583, -77.20565285)"
MCP2370002T,17004343,Montgomery County Police,Property Damage Crash,01/25/2017 02:13:00 PM,Maryland (State),NEW HAMPSHIRE AVE,VENICE DR,,N/A,,SAME DIR REAR END,CLEAR,DRY,DAYLIGHT,TRAFFIC SIGNAL,NONE DETECTED,,5DE929CC-2B16-4B49-949B-0554228324A4,No,NO APPARENT INJURY,N/A,NOT DISTRACTED,MD,D35C6627-4ED4-430C-8F44-01D05ABC527C,FUNCTIONAL,SIX OCLOCK,PASSENGER CAR,STOPPED IN TRAFFIC LANE,North,40,No,No,2008,VOLV,S60,39.06136667,-76.998305,"(39.06136667, -76.998305)"