Report Number,Local Case Number,Agency Name,ACRS Report Type,Crash Date/Time,Route Type,Road Name,Cross-Street Name,Off-Road Description,Municipality,Related Non-Motorist,Collision Type,Weather,Surface Condition,Light,Traffic Control,Driver Substance Abuse,Non-Motorist Substance Abuse,Person ID,Driver At Fault,Injury Severity,Circumstance,Driver Distracted By,Drivers License State,Vehicle ID,Vehicle Damage Extent,Vehicle First Impact Location,Vehicle Body Type,Vehicle Movement,Vehicle Going Dir,Speed Limit,Driverless Vehicle,Parked Vehicle,Vehicle Year,Vehicle Make,Vehicle Model,Latitude,Longitude,Location
MCP25560010,16063304,Montgomery County Police,Injury Crash,12/09/2016 08:32:00 PM,County,SHADY GROVE RD,RAMP 11 FR SHADY GROVE RD SB TO RAMP 4,,N/A,,SAME DIR REAR END,CLEAR,DRY,DARK LIGHTS ON,TRAFFIC SIGNAL,NONE DETECTED,,A3DA96DD-4853-41F4-8D33-222ABD56B173,No,POSSIBLE INJURY,N/A,NOT DISTRACTED,MD,F9D16E68-4513-4B0E-A4B5-BE0F07B137E5,SUPERFICIAL,SIX OCLOCK,PASSENGER CAR,SLOWING OR STOPPING,North,40,No,No,2011,HONDA,CRV,39.13062667,-77.16169333,"(39.13062667, -77.16169333)"
MCP3091003S,220042935,Montgomery County Police,Injury Crash,10/02/2022 11:11:00 AM,Maryland (State),DARNESTOWN RD,GERMANTOWN RD,,N/A,,HEAD ON LEFT TURN,RAINING,WET,DAYLIGHT,TRAFFIC SIGNAL,N/A,,F36F4E01-7669-410A-8FB7-CBF77280A7A7,Yes,NO APPARENT INJURY,"RAIN, SNOW, WET",UNKNOWN,MD,D1DB3DA0-6D1D-4278-922E-13B372201099,DISABLING,TWELVE OCLOCK,PASSENGER CAR,MAKING LEFT TURN,East,45,No,No,2014,LEXUS,RX350,39.11005633,-77.302554,"(39.11005633, -77.302554)"
MCP2868003B,190046974,Montgomery County Police,Injury Crash,10/01/2019 07:45:00 AM,County,RICHTER FARM RD,SHEARWATER PL,,N/A,,SAME DIR REAR END,CLEAR,DRY,DAYLIGHT,STOP SIGN,NONE DETECTED,,A79CAAF4-BF75-4DCE-95C3-67FBC31ECA16,No,NO APPARENT INJURY,N/A,NOT DISTRACTED,MD,4FA46222-737B-424A-8115-A5ACC3918E4A,DISABLING,SIX OCLOCK,PASSENGER CAR,SLOWING OR STOPPING,East,25,No,No,2018,HONDA,4D,39.149525,-77.28016,"(39.149525, -77.28016)"
MCP3086009N,230063408,Montgomery County Police,Property Damage Crash,10/30/2023 01:55:00 PM,County,REDLAND RD,OVERHILL RD,,N/A,,SAME DIR REAR END,CLOUDY,DRY,DAYLIGHT,NO CONTROLS,NONE DETECTED,,7307C739-4D0B-4940-8E2F-A60A687491C1,Yes,NO APPARENT INJURY,N/A,NOT DISTRACTED,MD,73F760FF-9C0D-426B-BEE8-26ECE1297F0B,SUPERFICIAL,TWELVE OCLOCK,"CARGO VAN/LIGHT TRUCK 2 AXLES (OVER 10,000LBS (4,536 KG))",MOVING CONSTANT SPEED,South,35,No,No,2011,MACK,TK,39.13389333,-77.14681333,"(39.13389333, -77.14681333)"
MCP3055001L,180042826,Montgomery County Police,Property Damage Crash,08/28/2018 12:59:00 PM,County,HEWITT AVE,BLUE SPRUCE LA,,N/A,,UNKNOWN,UNKNOWN,UNKNOWN,DARK -- UNKNOWN LIGHTING,NO CONTROLS,N/A,,75FCD5C7-C1FD-478A-A820-96B262037929,Yes,NO APPARENT INJURY,N/A,NO DRIVER PRESENT,,7D5BA2AB-606F-44BF-9FAC-4B36DD061F49,DISABLING,ONE OCLOCK,PASSENGER CAR,MOVING CONSTANT SPEED,West,30,No,No,2011,CHEV.,CRUZE,39.079949,-77.063364,"(39.079949, -77.063364)"
MCP3111003Y,210031221,Montgomery County Police,Injury Crash,08/11/2021 01:00:00 PM,Interstate (State),EISENHOWER MEMORIAL HWY,EXIT #4,,N/A,,SAME DIR REAR END,CLEAR,DRY,DAYLIGHT,NO CONTROLS,NONE DETECTED,,B772F4EC-0E69-4E02-8FC7-3E0C11BBBD9F,No,POSSIBLE INJURY,"BACKUP DUE TO PRIOR CRASH, N/A",NOT DISTRACTED,MD,51EAEDC0-80B9-4F73-B4C4-19F22A4F6D68,SUPERFICIAL,SIX OCLOCK,PASSENGER CAR,SLOWING OR STOPPING,South,55,No,No,2019,NISSAN,KICKS,39.0425931,-77.14825257,"(39.0425931, -77.14825257)"
EJ7852005L,220024803,Gaithersburg Police Depar,Property Damage Crash,06/09/2022 04:00:00 PM,,,,PARKING LOT OF 8 BUREAU DRIVE,,,OTHER,N/A,,DAYLIGHT,NO CONTROLS,NONE DETECTED,,C1244966-37F0-478D-B652-458CA3B3B57C,Yes,NO APPARENT INJURY,N/A,UNKNOWN,MD,6CF6C0DA-173B-40A4-9110-6820F7818AE8,FUNCTIONAL,SIX OCLOCK,PASSENGER CAR,BACKING,South,5,No,No,2007,HOINDA,CIVIC,39.14324074,-77.21842231,"(39.14324074, -77.21842231)"
MCP28480085,190035944,Montgomery County Police,Property Damage Crash,07/28/2019 11:49:00 AM,Maryland (State),UNIVERSITY BLVD W,WEST AVE,,N/A,,SAME DIR REAR END,CLEAR,DRY,DAYLIGHT,NO CONTROLS,NONE DETECTED,,2BE7798E-FBD3-494E-95A1-513C92A265CE,Yes,NO APPARENT INJURY,N/A,UNKNOWN,MD,726B0E8B-C938-47AA-9CAF-9AF620FEAA4A,DISABLING,TWELVE OCLOCK,PASSENGER CAR,MOVING CONSTANT SPEED,West,35,No,No,2012,TOYOTA,CAMRY,39.03638667,-77.06242167,"(39.03638667, -77.06242167)"
MCP2891008V,200004273,Montgomery County Police,Property Damage Crash,01/26/2020 09:34:00 AM,US (State),COLESVILLE RD,MANSION DR,,N/A,,SAME DIRECTION LEFT TURN,CLEAR,DRY,DAYLIGHT,N/A,NONE DETECTED,,389D9575-8B77-4674-80B1-EE51E9A8828B,Yes,NO APPARENT INJURY,N/A,NOT DISTRACTED,MD,21AB9DE0-64C6-4703-A12E-BA13C1F9E122,FUNCTIONAL,NINE OCLOCK,PASSENGER CAR,MAKING U TURN,South,35,No,No,2019,FORD,ECOSPORT,39.00200833,-77.02475333,"(39.00200833, -77.02475333)"
MCP2270003P,240044832,MONTGOMERY,Injury Crash,09/20/2024 09:35:00 AM,Maryland (State) Route,OLD GEORGETOWN RD (SB/L),RAMP 10 FR MD 187B TO MD 187 NB,,,,Angle,Clear,Dry,Daylight,Traffic Control Signal,"Not Suspect of Alcohol Use, Not Suspect of Drug Use",,FEEA46EF-E124-42FD-9F54-CB4835F36E79,Yes,No Apparent Injury,"Operated Motor Vehicle in Inattentive, Careless, Negligent, or Erratic Manner, Ran Red Light","Other Action (looking away from task, etc.)",MD,B7655774-BF06-4644-A6F9-EA67B27C55AA,Disabling,Twelve O Clock,Passenger Car,Moving Constant Speed,,35,No,No,2011,FORD,ESCAPE,39.03005667,-77.12685333,"(39.03005667, -77.12685333)"
MCP3378001D,250004624,MONTGOMERY,Property Damage Crash,02/01/2025 04:40:00 AM,County Route,CONNECTICUT AVE,,,,,Single Vehicle,Cloudy,Wet,Dark - Lighted,No Controls,"Not Suspect of Alcohol Use, Not Suspect of Drug Use",,90A9FD5E-15AD-4CFD-A5E1-CA6FA3781360,Yes,No Apparent Injury,,Not Distracted,MD,F975688F-2752-441A-80EA-1BF43B03E1E3,Disabling,Eleven O Clock,Passenger Car,Turning Right,Eastbound,30,No,No,2012,ACURA,TSX,39.08379167,-77.077333,"(39.08379167, -77.077333)"
MCP11230015,16015724,Montgomery County Police,Property Damage Crash,03/31/2016 03:05:00 PM,County,ROSSMOOR BLVD,PVT RD (AHEAD),,N/A,,SINGLE VEHICLE,CLOUDY,DRY,DAYLIGHT,OTHER,NONE DETECTED,,B4249F33-2AC2-45C8-9D36-83FB6489D08B,No,NO APPARENT INJURY,N/A,NOT DISTRACTED,MD,0B94E22F-54A2-4ED8-AE8E-EE1F23A8D7B9,NO DAMAGE,TWO OCLOCK,OTHER BUS,SLOWING OR STOPPING,East,25,No,No,2008,NEW FLYER,METRO BUS,39.10078667,-77.07517667,"(39.10078667, -77.07517667)"
MCP3395001D,240027071,MONTGOMERY,Property Damage Crash,06/07/2024 09:37:00 AM,,,,Parking Stall        PARKING LOT OF 5056 NICHOLSON LN,,,Single Vehicle,Clear,,Daylight,,"Not Suspect of Alcohol Use, Not Suspect of Drug Use",,89FB410A-8935-4BD0-9647-7D653DBD4E0C,Yes,No Apparent Injury,,Unknown,MD,CAA42AEE-045A-4DC0-9985-AA162246ACC1,Superficial,Twelve O Clock,Passenger Car,Slowing or Stopping,Not On Roadway,0,No,No,2013,CHEVROLET,MALIBU,39.04613461,-77.10336883,"(39.04613461, -77.10336883)"
MCP3165005F,240024919,MONTGOMERY,Property Damage Crash,05/26/2024 12:10:00 PM,Maryland (State) Route,NEW HAMPSHIRE AVE,HEARTFIELDS DR QUAINT ACRES DR,,,,Other,Clear,Dry,Daylight,Lane Use Control Signal,"Not Suspect of Alcohol Use, Not Suspect of Drug Use",,1C7C9517-A8EE-4912-931D-75BEDB72EE92,No,No Apparent Injury,,Not Distracted,HI,F5770841-650C-41FE-BC7B-9CBE5444B66B,Disabling,Eleven O Clock,Passenger Car,Entering Traffic Lane,,30,No,No,2018,HYUNDAI,ELANTRA,39.047662,-76.99277083,"(39.047662, -76.99277083)"
MCP2244000Z,16014075,MONTGOMERY,Injury Crash,03/22/2016 05:05:00 PM,Ramp,RAMP 4 FR MD 650 NB TO IS 495 EB,NEW HAMPSHIRE AVE,,N/A,,SAME DIR REAR END,CLEAR,DRY,DAYLIGHT,OTHER,NONE DETECTED,,4F65EFF4-D1F4-4F03-B7A0-DC3E7E2D6E48,No,NO APPARENT INJURY,N/A,NOT DISTRACTED,MD,5F09DC5A-90E0-4F90-A85C-CEE72D93B966,DISABLING,SIX OCLOCK,PASSENGER CAR,SLOWING OR STOPPING,North,40,No,No,2007,TOYOTA,CAMRY,39.01601296,-76.97751716,"(39.01601296, -76.97751716)"
MCP1291003R,220046542,Montgomery County Police,Property Damage Crash,10/23/2022 07:45:00 PM,,,,UNKNOWN,,,UNKNOWN,N/A,,UNKNOWN,UNKNOWN,N/A,,1A99F6E9-FF0E-4E34-A8A0-B8971E2EDA26,Unknown,NO APPARENT INJURY,N/A,UNKNOWN,MD,BD69075E-8EF6-46FE-B2C5-F106E953A958,SUPERFICIAL,TWELVE OCLOCK,POLICE VEHICLE/EMERGENCY,UNKNOWN,Unknown,0,No,No,2018,DODGE,CHARGER,39.14821167,-77.23766167,"(39.14821167, -77.23766167)"
DD5643004P,240057046,ROCKVILLE,Property Damage Crash,11/28/2024 12:02:00 AM,Municipality Route,N WASHINGTON ST,HUNGERFORD DR (SB/L),,,,Rear To Side,Clear,Dry,Dark - Lighted,Traffic Control Signal,"Not Suspect of Alcohol Use, Not Suspect of Drug Use",,65D0CC3D-23FA-4E6F-BD61-3DD132189F53,No,No Apparent Injury,,Not Distracted,MD,5C284C02-97B0-4CEF-A27B-2343CDBC2F25,Disabling,Eleven O Clock,Passenger Car,Turning Left,Eastbound,35,No,No,2004,MERCEDES-BENZ,C-CLASS,39.09195909,-77.15326608,"(39.09195909, -77.15326608)"
MCP31930032,220005498,Montgomery County Police,Property Damage Crash,02/08/2022 03:05:00 PM,County,WINDHAM LA,GEORGIA AVE,,N/A,,SAME DIR REAR END,CLEAR,DRY,DAYLIGHT,TRAFFIC SIGNAL,NONE DETECTED,,D46A6C43-EACE-4ED8-A1ED-B6D0772D3468,Yes,NO APPARENT INJURY,N/A,LOOKED BUT DID NOT SEE,NY,B8610169-3966-4890-8B18-72F6F09E7311,DISABLING,TWELVE OCLOCK,PASSENGER CAR,MOVING CONSTANT SPEED,North,35,No,No,2008,BMW,M5,39.03214917,-77.0483025,"(39.03214917, -77.0483025)"
EJ786600DZ,240016205,GAITHERSBURG,Injury Crash,04/07/2024 03:15:00 PM,Bicycle Route,,DIAMONDBACK DR MUDDY BRANCH RD,,,,Angle,Clear,Dry,Daylight,Traffic Control Signal,"Not Suspect of Alcohol Use, Not Suspect of Drug Use",,7C02F82A-2FCE-493A-90CD-4F1A13E27559,No,No Apparent Injury,,Not Distracted,MD,F0912069-CC23-4C0E-836C-19C87223923A,Disabling,Ten O Clock,Passenger Car,Moving Constant Speed,Northbound,40,No,No,2022,TOYOTA,RAV4,39.11528967,-77.21584183,"(39.11528967, -77.21584183)"
MCP3051002N,180065103,Montgomery County Police,Property Damage Crash,12/29/2018 05:03:00 PM,County,DEMOCRACY BLVD,RAMP 8 FR IS 270Y SB TO DEMOCRACY BLVD,,N/A,,STRAIGHT MOVEMENT ANGLE,CLEAR,DRY,DARK LIGHTS ON,TRAFFIC SIGNAL,NONE DETECTED,,47636E75-8EB4-453E-8166-E2029B5BC703,No,NO APPARENT INJURY,N/A,NOT DISTRACTED,MD,FD2F5161-8C79-4945-8C3D-EDCBD0E277A7,SUPERFICIAL,TWELVE OCLOCK,PASSENGER CAR,STARTING FROM LANE,South,35,No,No,2011,HONDA,ODYSSEY,39.021785,-77.14467667,"(39.021785, -77.14467667)"
MCP3215001Z,210026076,Montgomery County Police,Property Damage Crash,07/07/2021 01:34:00 PM,County,LYTTONSVILLE RD,GRUBB RD,,N/A,,SAME DIRECTION SIDESWIPE,CLEAR,DRY,DAYLIGHT,NO CONTROLS,NONE DETECTED,,2A8293FA-D9DA-474A-AE15-2943C232C8F8,No,NO APPARENT INJURY,N/A,NOT DISTRACTED,XX,0E5D0CE4-E65E-470A-A99D-EA37E92461EC,DISABLING,ELEVEN OCLOCK,PASSENGER CAR,PARKED,,25,No,Yes,2018,HONDA,ACCORD,38.99621017,-77.05420483,"(38.99621017, -77.05420483)"
MCP9134001P,200025903,Montgomery County Police,Injury Crash,07/03/2020 10:31:00 PM,Maryland (State),NEW HAMPSHIRE AVE,RAMP 2 FR IS 495 WB TO MD 650 NB,,N/A,,SAME DIR REAR END,CLEAR,DRY,DARK LIGHTS ON,TRAFFIC SIGNAL,NONE DETECTED,,A34AA292-7901-4C0E-ABFB-48FD8AF930FC,No,POSSIBLE INJURY,N/A,NOT DISTRACTED,MD,9AF7E66E-5550-45A7-BA9F-88FFC0921700,FUNCTIONAL,ONE OCLOCK,PASSENGER CAR,SLOWING OR STOPPING,North,40,No,No,2016,HONDA,CRV,39.01937333,-76.9767,"(39.01937333, -76.9767)"
EJ7846005C,200031036,Gaithersburg Police Depar,Injury Crash,08/10/2020 10:15:00 AM,Municipality,FIRSTFIELD RD,QUINCE ORCHARD RD,,N/A,,STRAIGHT MOVEMENT ANGLE,CLEAR,DRY,DAYLIGHT,NO CONTROLS,NONE DETECTED,,F58AECF6-A8E8-44FA-A448-BC337849E586,Yes,NO APPARENT INJURY,"N/A, VISION OBSTRUCTION (INCL. BLINDED BY SUN)",NOT DISTRACTED,MD,91441022-9A75-4862-B9E1-A8148066FF86,FUNCTIONAL,TWELVE OCLOCK,(SPORT) UTILITY VEHICLE,ACCELERATING,South,25,No,No,2020,JEEP,CHEROKEE,39.14477703,-77.21753277,"(39.14477703, -77.21753277)"
MCP2881006S,250001770,MONTGOMERY,Property Damage Crash,01/14/2025 07:32:00 AM,,,,"Private Road        22318 OLD CLARKSBURG RD
BOYDS, MD 20841",,,Rear To Rear,Clear,,Daylight,,"Unknown, Unknown",,5D7B0C9F-71DC-40A3-A1E8-673929E05836,No,,,,,E923E925-2F9D-4119-97B1-5ACA4B8CBDCF,Superficial,Twelve O Clock,Pickup,Parked,,0,No,Yes,1999,FORD,RANGER,39.22319167,-77.29530667,"(39.22319167, -77.29530667)"
MCP13660063,170501367,Montgomery County Police,Injury Crash,04/10/2017 10:27:00 AM,County,RANDOLPH RD,PUTNAM RD,,N/A,,SAME DIR REAR END,CLEAR,DRY,DAYLIGHT,NO CONTROLS,NONE DETECTED,,EEA7DF1F-996E-4921-B035-D6B212E17407,Yes,POSSIBLE INJURY,N/A,OTHER ELECTRONIC DEVICE (NAVIGATIONAL PALM PILOT),NC,DFD2D700-D77B-4E8D-8EF3-DBB9D8D4AF20,DISABLING,TWELVE OCLOCK,PASSENGER CAR,MOVING CONSTANT SPEED,West,35,No,No,1998,TOYOTA,COROLLA,39.053765,-77.10304333,"(39.053765, -77.10304333)"
MCP2708008X,240049742,MONTGOMERY,Property Damage Crash,10/17/2024 07:30:00 PM,,,,Parking Aisle        PARKING FOR 8700 FLOWER AVENUE,,,Angle,Clear,,Dark - Lighted,,"Unknown, Unknown",,42A546F8-E220-4F53-88AB-D09DD69C73BA,Yes,No Apparent Injury,Improper Backing,Unknown,,188F39F7-5E0A-401B-829C-D39EFEC978BA,Functional,Seven O Clock,Passenger Car,Backing,Not On Roadway,0,No,No,2018,HONDA,ACCORD,38.99832489,-77.00424933,"(38.99832489, -77.00424933)"
MCP1227001F,210036968,Montgomery County Police,Injury Crash,09/19/2021 12:22:00 PM,Maryland (State),ROCKVILLE PIKE,CONGRESSIONAL LA,,ROCKVILLE,,SAME DIR REAR END,CLEAR,DRY,DAYLIGHT,TRAFFIC SIGNAL,NONE DETECTED,,10B769B4-D4FE-46D9-A7B7-BFFC35164300,No,SUSPECTED SERIOUS INJURY,N/A,NOT DISTRACTED,MD,E1FA58D6-03FA-46EF-8986-253111FB5FBF,DESTROYED,ELEVEN OCLOCK,PASSENGER CAR,STOPPED IN TRAFFIC LANE,East,25,No,No,2014,HONDA,ODYSSEY,39.06429606,-77.12634225,"(39.06429606, -77.12634225)"
MCP3073002C,180050581,Montgomery County Police,Injury Crash,10/09/2018 09:30:00 PM,Maryland (State),NORBECK RD,GEORGIA AVE,,N/A,,SAME DIR REAR END,CLEAR,N/A,DARK LIGHTS ON,TRAFFIC SIGNAL,N/A,,61092D7E-6BF8-4A77-8824-9B880EB3A79A,No,SUSPECTED MINOR INJURY,N/A,UNKNOWN,MD,550521D6-C4EF-44CA-BFFF-25860B6D28FD,FUNCTIONAL,SIX OCLOCK,PASSENGER CAR,STOPPED IN TRAFFIC LANE,East,45,No,No,2015,TOYOTA,SUV,39.10936667,-77.07759167,"(39.10936667, -77.07759167)"
MCP3093001N,190001647,Montgomery County Police,Property Damage Crash,01/10/2019 06:27:00 PM,,,,FRIENDSHIP HEIGHTS METRO BUS TURN AROUND,,,OTHER,N/A,,DARK LIGHTS ON,N/A,N/A,,677C7A51-1DBC-434B-A83E-CC214095D358,No,NO APPARENT INJURY,N/A,NOT DISTRACTED,MD,7B2FC7AD-1956-45B6-A6D3-7DD76DBC8E65,SUPERFICIAL,FIVE OCLOCK,TRANSIT BUS,STOPPED IN TRAFFIC LANE,Unknown,0,No,No,2016,GILL,BUS,38.96161333,-77.08481167,"(38.96161333, -77.08481167)"
MCP3288002Z,240041349,MONTGOMERY,Property Damage Crash,09/01/2024 12:04:00 AM,County Route,MONTGOMERY VILLAGE AVE (SB/L),,,,,Rear To Side,Clear,Dry,Dark - Lighted,No Controls,"Suspect of Alcohol Use, Not Suspect of Drug Use",,E3BAAC76-6D1A-41D8-A846-1571573ABB30,Yes,No Apparent Injury,"Operated Motor Vehicle in Inattentive, Careless, Negligent, or Erratic Manner",Not Distracted,MD,0D9681D0-34B7-49A4-BBF6-43DFC6BF061C,Disabling,Three O Clock,Pickup,Moving Constant Speed,Southbound,35,No,No,2020,CHEVROLET,COLORADO,39.16823127,-77.20498346,"(39.16823127, -77.20498346)"
MCP9419002Z,210044953,Montgomery County Police,Property Damage Crash,11/06/2021 11:55:00 AM,Maryland (State),VEIRS MILL RD,TWINBROOK PKWY,,N/A,,SAME DIR REAR END,CLEAR,DRY,DAYLIGHT,TRAFFIC SIGNAL,NONE DETECTED,,928C31AD-3270-458F-AC50-4FC18C39743C,No,NO APPARENT INJURY,N/A,NOT DISTRACTED,MD,A611EF62-6691-44D6-87BD-37A1B047F584,FUNCTIONAL,SIX OCLOCK,PASSENGER CAR,STOPPED IN TRAFFIC LANE,West,40,No,No,2015,FORD,ESCAPE,39.072875,-77.11089833,"(39.072875, -77.11089833)"
DD56150002,15032754,ROCKVILLE,Injury Crash,07/05/2015 01:12:00 AM,Maryland (State),VEIRS MILL RD,ATLANTIC AVE,,N/A,,STRAIGHT MOVEMENT ANGLE,CLEAR,DRY,DARK LIGHTS ON,NO CONTROLS,NONE DETECTED,,94B5255C-DA98-4223-BD96-0E75FAE076E6,No,POSSIBLE INJURY,N/A,NOT DISTRACTED,MD,619344A3-2738-4BCF-9B0F-A17CD67EAFF6,DESTROYED,TWELVE OCLOCK,PASSENGER CAR,MOVING CONSTANT SPEED,East,40,No,No,2003,NISS,SENTRA,39.075474,-77.1176265,"(39.075474, -77.1176265)"
MCP3206001Z,210023725,Montgomery County Police,Property Damage Crash,06/21/2021 12:55:00 PM,,,,"PRIVATE DRIVEWAY AT 8641 COLESVILLE RD, SILVER SPRING 20910",,,SAME DIRECTION SIDESWIPE,CLEAR,,DAYLIGHT,NO CONTROLS,NONE DETECTED,,341CF7C2-16A8-4120-8C8F-E7C82149CA57,Yes,NO APPARENT INJURY,N/A,LOOKED BUT DID NOT SEE,MD,BCAB4DA5-CAB6-407D-BC4E-71BDC909FF43,SUPERFICIAL,FOUR OCLOCK,VAN,MOVING CONSTANT SPEED,East,25,No,No,2015,FORD,TK,38.99631617,-77.02692917,"(38.99631617, -77.02692917)"
MCP2181003G,200025812,Montgomery County Police,Injury Crash,07/03/2020 11:09:00 AM,Maryland (State),RIDGE RD,FREDERICK RD,,N/A,,SAME DIRECTION SIDESWIPE,CLEAR,DRY,DAYLIGHT,TRAFFIC SIGNAL,N/A,,22B5F444-D8EE-4821-A859-711E5AC1E2DB,Yes,NO APPARENT INJURY,N/A,LOOKED BUT DID NOT SEE,MD,5F67C42C-C862-44D9-8477-BB4D1197A62C,FUNCTIONAL,THREE OCLOCK,PASSENGER CAR,CHANGING LANES,South,40,No,No,2011,MERZ,TK,39.20481167,-77.245925,"(39.20481167, -77.245925)"
MCP3284000C,210003773,Montgomery County Police,Property Damage Crash,01/29/2021 04:25:00 PM,County,FAIRLAND RD,OLD COLUMBIA PIKE,,N/A,,STRAIGHT MOVEMENT ANGLE,CLEAR,DRY,DAYLIGHT,NO CONTROLS,NONE DETECTED,,1149E02F-E0D0-41B2-AF97-52F17F1B2C90,Yes,NO APPARENT INJURY,N/A,LOOKED BUT DID NOT SEE,MD,564D6899-A7CF-4C54-801B-FDDCAE64668C,FUNCTIONAL,ELEVEN OCLOCK,(SPORT) UTILITY VEHICLE,MAKING LEFT TURN,East,35,No,No,2020,TOYOTA,RAV4,39.0749095,-76.95850583,"(39.0749095, -76.95850583)"
MCP2904006X,190023590,Montgomery County Police,Property Damage Crash,05/18/2019 07:30:00 PM,Maryland (State),UNIVERSITY BLVD E,MERRIMAC DR,,TAKOMA PARK,,OPPOSITE DIRECTION SIDESWIPE,CLEAR,DRY,DAYLIGHT,NO CONTROLS,UNKNOWN,,29E91892-4584-4166-93FF-86279F8ED67E,Yes,NO APPARENT INJURY,N/A,UNKNOWN,,7FCDE353-5F49-4DE4-8DDA-1AA73E2C238C,UNKNOWN,UNKNOWN,PASSENGER CAR,MOVING CONSTANT SPEED,North,30,No,No,2015,TOYOTA,4D,38.99297833,-76.99095667,"(38.99297833, -76.99095667)"
MCP32550016,200051356,Montgomery County Police,Property Damage Crash,12/30/2020 01:30:00 PM,,,,PARKING AREA BEHIND 12130 DARNESTOWN RD,,,UNKNOWN,N/A,,DAYLIGHT,NO CONTROLS,UNKNOWN,,319A0913-7FF4-47B5-87D4-681F6F382B51,Yes,NO APPARENT INJURY,N/A,UNKNOWN,,6340DC1F-9417-4DC7-8EE6-004EAF66A4B8,UNKNOWN,UNKNOWN,,UNKNOWN,Unknown,15,Unknown,No,0,UNKNOWN,UNKNOWN,39.11690934,-77.25198634,"(39.11690934, -77.25198634)"
MCP26350057,190014760,Montgomery County Police,Injury Crash,03/30/2019 02:40:00 PM,Maryland (State),GEORGIA AVE,GREGG RD,,N/A,,SAME DIR REAR END,CLEAR,DRY,DAYLIGHT,NO CONTROLS,N/A,,A11418F7-7778-47E3-8976-04EF52FBDEDD,Yes,POSSIBLE INJURY,N/A,UNKNOWN,MD,832A8BE2-B09E-4FE1-ACEA-3AA0A29F6A8E,DISABLING,TWELVE OCLOCK,(SPORT) UTILITY VEHICLE,MOVING CONSTANT SPEED,North,35,No,No,2014,FORD,EXPLORER,39.19958,-77.06581167,"(39.19958, -77.06581167)"
MCP2850002Q,230070299,Montgomery County Police,Property Damage Crash,12/06/2023 09:54:00 PM,County,GOSHEN RD,MIDCOUNTY HWY,,N/A,,HEAD ON,CLEAR,DRY,DARK LIGHTS ON,TRAFFIC SIGNAL,N/A,,209D3ACD-1995-42DC-917A-4BC3B984417B,No,NO APPARENT INJURY,N/A,NOT DISTRACTED,MD,FE937E17-A803-41A8-914A-0A24AA2008C5,DESTROYED,TWELVE OCLOCK,PASSENGER CAR,ACCELERATING,North,50,No,No,2015,HOND,SD,39.15801333,-77.192055,"(39.15801333, -77.192055)"
MCP2767000L,15003795,Montgomery County Police,Injury Crash,01/23/2015 05:30:00 PM,County,AMHERST AVE,BLUERIDGE AVE,,N/A,PEDESTRIAN,SINGLE VEHICLE,SLEET,WET,DARK LIGHTS ON,YIELD SIGN,NONE DETECTED,NONE DETECTED,B6804482-4E04-4492-A316-D794354F24F6,Yes,NO APPARENT INJURY,"SLEET, HAIL, FREEZ. RAIN, WET",NOT DISTRACTED,MD,36BA6BB2-5F0C-444A-B540-5CECC683547F,FUNCTIONAL,TWELVE OCLOCK,PASSENGER CAR,ACCELERATING,North,25,No,No,2008,TOYOTA,PRIUS,39.04335333,-77.047845,"(39.04335333, -77.047845)"
MCP9386004V,170513353,Montgomery County Police,Property Damage Crash,06/13/2017 08:33:00 AM,Maryland (State),OLD GEORGETOWN RD,SOUTH DR,,N/A,,SAME DIRECTION SIDESWIPE,CLEAR,DRY,DAYLIGHT,TRAFFIC SIGNAL,NONE DETECTED,,1AF8D0F4-9D98-4A92-800C-C8FE57E3FBFE,No,NO APPARENT INJURY,N/A,NOT DISTRACTED,MD,192588F0-2C4E-4899-AAFB-AC9E7433BAC9,FUNCTIONAL,TEN OCLOCK,TRANSIT BUS,SLOWING OR STOPPING,North,40,No,No,2008,GILL,BUS,39.00012592,-77.10943758,"(39.00012592, -77.10943758)"
MCP3271001G,210042535,Montgomery County Police,Injury Crash,10/22/2021 04:30:00 PM,Maryland (State),WISCONSIN AVE,CORDELL AVE,,N/A,BICYCLIST,SINGLE VEHICLE,CLEAR,DRY,DAYLIGHT,TRAFFIC SIGNAL,NONE DETECTED,NONE DETECTED,15F36140-A6CD-4566-BD53-4126FC44C03F,Yes,NO APPARENT INJURY,N/A,NOT DISTRACTED,MD,9E3D58CC-E9DA-415D-A476-D055BBEDF92D,SUPERFICIAL,TWELVE OCLOCK,PASSENGER CAR,MAKING LEFT TURN,North,25,No,No,2019,CHEVY,EXPRESS,38.99102878,-77.09559958,"(38.99102878, -77.09559958)"
MCP2682000G,16010997,MONTGOMERY,Injury Crash,03/05/2016 11:10:00 AM,Maryland (State),FREDERICK RD,PROFESSIONAL DR,,GAITHERSBURG,,HEAD ON LEFT TURN,CLOUDY,DRY,DAYLIGHT,TRAFFIC SIGNAL,NONE DETECTED,,9783227F-9D7D-46A9-97EB-BFE88469D0D5,No,SUSPECTED MINOR INJURY,N/A,NOT DISTRACTED,MD,3A900B1B-B091-4D4E-A851-0EA885A65F1F,DISABLING,TWELVE OCLOCK,PICKUP TRUCK,MOVING CONSTANT SPEED,North,40,No,No,1993,FORD,TK,39.163855,-77.226355,"(39.163855, -77.226355)"