Report Number,Local Case Number,Agency Name,ACRS Report Type,Crash Date/Time,Route Type,Road Name,Cross-Street Name,Off-Road Description,Municipality,Related Non-Motorist,Collision Type,Weather,Surface Condition,Light,Traffic Control,Driver Substance Abuse,Non-Motorist Substance Abuse,Person ID,Driver At Fault,Injury Severity,Circumstance,Driver Distracted By,Drivers License State,Vehicle ID,Vehicle Damage Extent,Vehicle First Impact Location,Vehicle Body Type,Vehicle Movement,Vehicle Going Dir,Speed Limit,Driverless Vehicle,Parked Vehicle,Vehicle Year,Vehicle Make,Vehicle Model,Latitude,Longitude,Location
DD5668000V,240007419,ROCKVILLE,Property Damage Crash,02/15/2024 04:34:00 AM,Municipality Route,PINNEBERG AVE,,,,,Front to Front,Clear,Dry,Dark - Not Lighted,No Controls,"Not Suspect of Alcohol Use, Not Suspect of Drug Use",,46B0ECC2-718D-4D03-BEE7-B35B121C8528,No,No Apparent Injury,,"Other Action (looking away from task, etc.)",MD,2E98194F-17A4-4EC2-853D-E74994AB00F0,Disabling,Twelve O Clock,Passenger Car,Accelerating,Eastbound,25,No,No,2000,HONDA,CIVIC,39.07817669,-77.1126906,"(39.07817669, -77.1126906)"
EJ7871005P,220025488,Gaithersburg Police Depar,Property Damage Crash,06/13/2022 10:11:00 PM,County,FIELDS RD,CASE ST,,GAITHERSBURG,,STRAIGHT MOVEMENT ANGLE,CLEAR,DRY,DARK LIGHTS ON,STOP SIGN,NONE DETECTED,,A33E0189-291A-495B-B63A-914E0AFB68D7,No,NO APPARENT INJURY,N/A,NOT DISTRACTED,MD,604E3EE7-23A2-409C-BFD8-4919C3640FF3,SUPERFICIAL,TWO OCLOCK,PASSENGER CAR,MOVING CONSTANT SPEED,North,35,No,No,2002,MECURY,4D,39.13996173,-77.19557667,"(39.13996173, -77.19557667)"
MCP2653001C,240049939,MONTGOMERY,Property Damage Crash,10/18/2024 10:26:00 PM,Maryland (State) Route,NEW HAMPSHIRE AVE (SB/L),,,,,Front to Rear,Clear,Dry,Dark - Lighted,No Controls,"Not Suspect of Alcohol Use, Not Suspect of Drug Use",,59EB3B4B-321C-4416-B64D-AD1B2DCD6B5A,No,No Apparent Injury,,Not Distracted,MD,A298A3F0-5BBE-4394-832D-CFCD0264677D,Disabling,Six O Clock,Passenger Car,Slowing or Stopping,Northbound,35,No,No,2023,TESLA,MODEL X,39.01972967,-76.97668466,"(39.01972967, -76.97668466)"
MCP2786004H,240020198,MONTGOMERY,Property Damage Crash,04/30/2024 05:25:00 PM,Maryland (State) Route,RIVER RD,BROOKDALE RD,,,,"Sideswipe, Same Direction",Clear,Dry,Daylight,No Controls,"Not Suspect of Alcohol Use, Not Suspect of Drug Use",,FEC6DEA6-AC12-44AD-9319-95E41D82C34C,Yes,No Apparent Injury,,Unknown,MD,E594FD23-2904-4C01-958A-53E7A16A6380,Superficial,One O Clock,Other,Moving Constant Speed,Southbound,35,No,No,2016,FREIGHTLINER,M2,38.9569033,-77.0918622,"(38.9569033, -77.0918622)"
DM83520005,190004683,Takoma Park Police Depart,Injury Crash,01/30/2019 07:02:00 AM,Maryland (State),NEW HAMPSHIRE AVE,EAST WEST HWY (PG CO),,N/A,,SAME DIR REAR END,CLEAR,DRY,DAWN,TRAFFIC SIGNAL,NONE DETECTED,,18F42A1F-0D1D-4FB3-8836-E63821D4C3F2,Yes,POSSIBLE INJURY,N/A,INATTENTIVE OR LOST IN THOUGHT,MD,63AA6E1D-EA42-4768-A765-A2546F982E93,DESTROYED,TWELVE OCLOCK,PASSENGER CAR,SLOWING OR STOPPING,South,35,No,No,2007,DODGE,CHARGER,38.97701017,-76.99252967,"(38.97701017, -76.99252967)"
MCP3227005X,240051703,MONTGOMERY,Injury Crash,10/28/2024 05:40:00 PM,County Route,POWDER MILL RD,,,,,"Sideswipe, Same Direction",Clear,Dry,Daylight,No Controls,"Not Suspect of Alcohol Use, Not Suspect of Drug Use",,B478BCA6-B175-4FCC-83F3-37B201E4C1AF,No,No Apparent Injury,,Not Distracted,MD,9D69501D-D927-4A35-ACE1-E28A0607D7A4,Disabling,Ten O Clock,Passenger Car,Moving Constant Speed,,35,No,No,2011,FORD,FOCUS,39.02522497,-76.96872566,"(39.02522497, -76.96872566)"
MCP0036003Q,16008144,Montgomery County Police,Property Damage Crash,02/17/2016 10:15:00 AM,,,,INTERIOR SALLY PORT BALTIMORE COUNTY DEPT OF CORRECTIONS 720 BOSLEY AVE TOWSON MD 21204,,,SINGLE VEHICLE,CLEAR,,DAYLIGHT,N/A,NONE DETECTED,,C174FC50-2B8B-4238-89F8-BB6C61BE3977,Yes,NO APPARENT INJURY,N/A,LOOKED BUT DID NOT SEE,MD,3994820E-FD7A-4AB3-8DCA-46FFD06684F3,SUPERFICIAL,ELEVEN OCLOCK,(SPORT) UTILITY VEHICLE,BACKING,Unknown,5,No,No,2013,FORD,EXPLORER,39.40652199,-76.60797715,"(39.40652199, -76.60797715)"
MCP3148001X,190044952,Montgomery County Police,Property Damage Crash,09/19/2019 04:44:00 PM,County,PARKLAWN DR,BOILING BROOK PKWY,,N/A,,SAME DIRECTION SIDESWIPE,CLEAR,DRY,DAYLIGHT,N/A,NONE DETECTED,,76D8DE19-BFB3-4286-8C5B-4F309AA566AA,Yes,NO APPARENT INJURY,N/A,LOOKED BUT DID NOT SEE,MD,DB61F348-78B2-40AD-ACA1-F7550D746465,SUPERFICIAL,TWO OCLOCK,PASSENGER CAR,MAKING LEFT TURN,North,30,No,No,2007,MERCEDES,GL450,39.04703267,-77.1026125,"(39.04703267, -77.1026125)"
MCP1309003F,200021789,Montgomery County Police,Property Damage Crash,06/02/2020 02:45:00 PM,Maryland (State),RIDGE RD,DAVIS MILL RD,,N/A,,STRAIGHT MOVEMENT ANGLE,CLOUDY,DRY,DAYLIGHT,NO CONTROLS,NONE DETECTED,,11893C8C-C77A-4111-A668-08D2B0C457F8,Yes,NO APPARENT INJURY,N/A,LOOKED BUT DID NOT SEE,MD,B9E51DD8-0131-4F29-83F8-F3FE126B4718,FUNCTIONAL,TWELVE OCLOCK,PASSENGER CAR,MAKING LEFT TURN,West,40,No,No,2013,JEEP,TK,39.24069167,-77.2350885,"(39.24069167, -77.2350885)"
MCP2608005N,240015599,MONTGOMERY,Property Damage Crash,04/03/2024 07:40:00 PM,Maryland (State) Route,PINEY BRANCH RD (SB/L),,,,,"Sideswipe, Same Direction",Rain,Wet,Dark - Lighted,No Controls,"Not Suspect of Alcohol Use, Not Suspect of Drug Use",,1EBAB1E7-B61B-49B5-96A4-5B2B3AA8EF0C,Yes,No Apparent Injury,,Not Distracted,MD,1ED93563-E7EA-4E5A-9597-33A3C5BA4E40,Functional,Eleven O Clock,Passenger Car,Accelerating,Northbound,30,No,No,2016,GILLIG,CITY TRANSIT BUS,38.99944619,-76.99598142,"(38.99944619, -76.99598142)"
MCP0036009Q,190017542,Montgomery County Police,Injury Crash,04/15/2019 07:27:00 AM,County,FATHER HURLEY BLVD,WATERS LANDING DR,,N/A,PEDESTRIAN,SINGLE VEHICLE,RAINING,WET,DAWN,TRAFFIC SIGNAL,NONE DETECTED,NONE DETECTED,8CADFD53-85F8-4836-BB52-86BF82D6E3FA,Yes,NO APPARENT INJURY,"N/A, WET",INATTENTIVE OR LOST IN THOUGHT,MD,A9B6A4A8-E733-4126-9E14-4C163A74C651,SUPERFICIAL,TWELVE OCLOCK,PASSENGER CAR,MAKING LEFT TURN,West,35,No,No,2011,HONDA,VAN,39.19164667,-77.272205,"(39.19164667, -77.272205)"
MCP3079005Z,240000870,MONTGOMERY,Property Damage Crash,01/06/2024 09:59:00 AM,County Route,,BRINK RD BRINK RD (WB/L),,,,Angle,Freezing Rain Or Freezing Drizzle,Wet,Daylight,Stop Sign,"Not Suspect of Alcohol Use, Not Suspect of Drug Use",,369C992E-8E5C-48A3-972F-D2C3167A49CF,No,No Apparent Injury,,Not Distracted,MD,7FE4C32F-0255-4216-9522-A4D5B171F42A,Disabling,Eight O Clock,Passenger Car,Turning Left,Westbound,35,No,No,2019,HONDA,ACCORD,39.20360387,-77.18731775,"(39.20360387, -77.18731775)"
MCP271700B3,17012468,Montgomery County Police,Injury Crash,03/09/2017 04:45:00 PM,Maryland (State),NEW HAMPSHIRE AVE,OAKVIEW DR,,N/A,PEDESTRIAN,OTHER,CLEAR,DRY,DAYLIGHT,TRAFFIC SIGNAL,NONE DETECTED,NONE DETECTED,9557F088-0856-4169-951A-2459DADC8CB3,Yes,NO APPARENT INJURY,N/A,UNKNOWN,MD,CA6898A1-57AC-49C0-BAB8-78FA27AEAD78,SUPERFICIAL,TWELVE OCLOCK,PASSENGER CAR,MAKING LEFT TURN,West,40,No,No,2014,HONDA,CIVIC,39.01515533,-76.9780485,"(39.01515533, -76.9780485)"
MCP2191001M,17002571,Montgomery County Police,Injury Crash,01/15/2017 08:56:00 AM,County,NICHOLSON LA,ROCKVILLE PIKE,,N/A,,HEAD ON,CLEAR,WET,DAYLIGHT,NO CONTROLS,NONE DETECTED,,FED2E5D5-2AD8-4636-8723-2F27452B2EB1,No,NO APPARENT INJURY,"N/A, WET",NOT DISTRACTED,MD,048F693B-2D24-4DB2-8C34-EE1873D70C66,SUPERFICIAL,TWELVE OCLOCK,PASSENGER CAR,STOPPED IN TRAFFIC LANE,West,35,No,No,1996,PLYM,VN,39.04473167,-77.11117333,"(39.04473167, -77.11117333)"
MCP2805002H,170539536,Montgomery County Police,Property Damage Crash,10/28/2017 09:10:00 PM,Maryland (State),MONTGOMERY VILLAGE AVE,CHRISTOPHER AVE,,N/A,,SAME DIR REAR END,CLEAR,DRY,DARK LIGHTS ON,TRAFFIC SIGNAL,ALCOHOL PRESENT,,C7E7C2B6-2857-403D-B927-7BE3212382B3,Yes,NO APPARENT INJURY,N/A,NOT DISTRACTED,MD,904A5F5B-A1A8-49E6-9510-8E2691EB585B,DISABLING,TWELVE OCLOCK,(SPORT) UTILITY VEHICLE,MOVING CONSTANT SPEED,North,35,No,No,2009,NISS,ROUGE,39.157645,-77.20478833,"(39.157645, -77.20478833)"
MCP24460022,16040466,Montgomery County Police,Property Damage Crash,08/10/2016 12:41:00 AM,County,PREAKNESS DR,HUNTERS CHASE LA,,N/A,,SAME DIRECTION SIDESWIPE,CLEAR,DRY,DARK LIGHTS ON,NO CONTROLS,ALCOHOL PRESENT,,214DAD9B-E872-445F-9FD3-F17CEDEA2783,Yes,NO APPARENT INJURY,N/A,UNKNOWN,MD,37A72C04-AE93-4083-B47B-64CB5C3A7906,DISABLING,TWELVE OCLOCK,PASSENGER CAR,UNKNOWN,North,25,No,No,2005,HONDA,S2000,39.25779333,-77.221645,"(39.25779333, -77.221645)"
MCP22980080,16013405,MONTGOMERY,Property Damage Crash,03/18/2016 04:32:00 PM,Maryland (State),WOODFIELD RD,BISCAYNE LA,,N/A,,SAME DIR REAR END,CLEAR,DRY,DAYLIGHT,TRAFFIC SIGNAL,NONE DETECTED,,6BD31BE2-ACD9-437A-8CD7-A13D1C8580BA,Yes,NO APPARENT INJURY,N/A,INATTENTIVE OR LOST IN THOUGHT,MD,FEA16FF1-A55E-44D6-AF63-99F0D8DC103E,DISABLING,TWELVE OCLOCK,(SPORT) UTILITY VEHICLE,MOVING CONSTANT SPEED,South,40,No,No,2008,HONDA,ACCORD,39.27513833,-77.20427833,"(39.27513833, -77.20427833)"
MCP1233004T,220048086,Montgomery County Police,Injury Crash,11/01/2022 06:49:00 PM,County,KENSINGTON PKWY,KENSINGTON PKWY (AHEAD),,NORTH CHEVY CHASE,,SAME DIR REAR END,CLEAR,DRY,DARK NO LIGHTS,STOP SIGN,NONE DETECTED,,9A66134C-E22F-45FF-A2C8-C1F03A53C042,No,POSSIBLE INJURY,N/A,NOT DISTRACTED,MD,54B298E9-0FEC-4FC0-A4D5-47FD674B261D,DISABLING,FIVE OCLOCK,(SPORT) UTILITY VEHICLE,ACCELERATING,East,30,No,No,2012,HONDA,CRV,39.00120667,-77.07586833,"(39.00120667, -77.07586833)"
MCP3077001K,200024297,Montgomery County Police,Property Damage Crash,06/21/2020 04:28:00 PM,Maryland (State),GREAT SENECA HWY,DAIRYMAID DR,,N/A,,STRAIGHT MOVEMENT ANGLE,CLEAR,DRY,DAYLIGHT,N/A,N/A,,CEE6D2E3-3EF9-4AF0-9E95-B8BC15139CA8,Yes,NO APPARENT INJURY,N/A,LOOKED BUT DID NOT SEE,MD,70F8D34E-309F-4A36-9FC8-28458D078F8D,DISABLING,THREE OCLOCK,PASSENGER CAR,ACCELERATING,East,45,No,No,2002,FORD,EXPLORER,39.15718,-77.27582333,"(39.15718, -77.27582333)"
MCP3255005R,240027151,MONTGOMERY,Property Damage Crash,06/07/2024 04:15:00 PM,Bicycle Route,,,,,,Front to Rear,Clear,Dry,Daylight,No Controls,"Not Suspect of Alcohol Use, Not Suspect of Drug Use",,E96427F0-0EB2-4B85-B9F6-BD6207EE1410,Yes,No Apparent Injury,"Followed Too Closely, Too Fast For Conditions",Unknown,MD,70B6B7E9-4589-42C1-9F1B-B6943E8D8623,Disabling,Eleven O Clock,Passenger Car,Moving Constant Speed,Northbound,50,No,,2019,NISSAN,SENTRA,39.13340179,-77.24538283,"(39.13340179, -77.24538283)"
DD5502001X,15065550,ROCKVILLE,Property Damage Crash,12/22/2015 05:17:00 PM,Maryland (State),W MONTGOMERY AVE,WILLIAMS ST,,ROCKVILLE,,SAME DIR REAR END,CLOUDY,DRY,DARK LIGHTS ON,N/A,NONE DETECTED,,1D50FB39-11FA-4502-93C0-A81A1EC74A83,No,NO APPARENT INJURY,N/A,NOT DISTRACTED,MD,7A8D95EF-BB24-48BD-BFF5-7A58F9539C35,FUNCTIONAL,SIX OCLOCK,PASSENGER CAR,STOPPED IN TRAFFIC LANE,West,30,No,No,2003,TOYT,4S,39.08417667,-77.158485,"(39.08417667, -77.158485)"
MCP27170088,16053844,Montgomery County Police,Injury Crash,10/19/2016 06:08:00 AM,Maryland (State),WISCONSIN AVE,ELM ST,,N/A,,SAME DIR REAR END,CLEAR,DRY,DARK LIGHTS ON,TRAFFIC SIGNAL,NONE DETECTED,,0DE36A0F-CBAB-4617-84AD-DA24C1675B4A,Yes,NO APPARENT INJURY,N/A,UNKNOWN,CO,B780CA19-DEA4-448A-B22A-E0F48B1A5A03,SUPERFICIAL,TWELVE OCLOCK,PASSENGER CAR,MOVING CONSTANT SPEED,North,25,No,No,2008,PONTIAC,G6,38.98384,-77.09254333,"(38.98384, -77.09254333)"
MCP26150039,190058015,Montgomery County Police,Property Damage Crash,12/02/2019 03:21:00 PM,County,OLD COLUMBIA PIKE,SPENCERVILLE CT,,N/A,,SAME DIR REAR END,RAINING,WET,DAYLIGHT,NO CONTROLS,NONE DETECTED,,B29D7B3F-FFEB-4522-BC4B-EB65B5E8AE7D,No,NO APPARENT INJURY,"N/A, WET",NOT DISTRACTED,MD,F22CB50A-5539-4BA2-8B46-7405711E724B,SUPERFICIAL,SIX OCLOCK,PASSENGER CAR,SLOWING OR STOPPING,North,40,No,No,2011,TOYOTA,CAMRY,39.10623198,-76.93795242,"(39.10623198, -76.93795242)"
MCP3197004L,250011795,MONTGOMERY,Property Damage Crash,03/18/2025 09:19:00 AM,County Route,RANDOLPH RD (WB/L),DEWEY RD,,,,"Sideswipe, Same Direction",Clear,Dry,Daylight,Traffic Control Signal,"Not Suspect of Alcohol Use, Not Suspect of Drug Use",,75E33868-8755-4C9B-B394-E546073B7840,No,No Apparent Injury,,Not Distracted,MD,40261038-791C-4672-8DA4-60DB6E2BB912,Functional,One O Clock,Passenger Car,Moving Constant Speed,,30,No,No,2015,HONDA,ODYSSEY,39.05347067,-77.08948938,"(39.05347067, -77.08948938)"
MCP2813007S,190059934,Montgomery County Police,Injury Crash,12/12/2019 04:30:00 PM,Maryland (State),VEIRS MILL RD,CONNECTICUT AVE,,N/A,,SAME DIR REAR END,CLEAR,DRY,DAYLIGHT,TRAFFIC SIGNAL,N/A,,55283610-316C-483F-9E1D-9999101AFADB,No,SUSPECTED MINOR INJURY,N/A,NOT DISTRACTED,MD,DD4DE5AE-DFFD-4B7C-92AF-B817EF4C117E,FUNCTIONAL,SIX OCLOCK,PASSENGER CAR,SLOWING OR STOPPING,West,10,No,No,2013,MAZDA,CX9,39.05172215,-77.07455701,"(39.05172215, -77.07455701)"
MCP1099000Q,16016731,Montgomery County Police,Property Damage Crash,04/06/2016 07:00:00 AM,County,CATHEDRAL WAY,IMPULSE LA,,N/A,,HEAD ON,CLEAR,DRY,DARK LIGHTS ON,NO CONTROLS,N/A,,B7454FBA-3BC9-4A8C-970E-0A762C0EB59D,No,NO APPARENT INJURY,N/A,NO DRIVER PRESENT,CA,4F5E43A4-D1AB-438C-AD84-E2BE27B57C4C,FUNCTIONAL,TWELVE OCLOCK,"OTHER LIGHT TRUCKS (10,000LBS (4,536KG) OR LESS)",PARKED,,25,No,Yes,2006,NISSAN,4DOOR,39.16690273,-77.17840791,"(39.16690273, -77.17840791)"
MCP2736004P,170509894,Montgomery County Police,Property Damage Crash,05/25/2017 08:02:00 PM,Maryland (State),ROCKVILLE PIKE,SECURITY LA,,N/A,,SAME DIR REAR END,RAINING,WET,DARK LIGHTS ON,TRAFFIC SIGNAL,NONE DETECTED,,7EA6E202-98C2-4C50-BDCA-A01182530148,No,NO APPARENT INJURY,"RAIN, SNOW, WET",NOT DISTRACTED,CA,B6404D23-E0B4-46AA-8DDE-6B468166E74E,FUNCTIONAL,SIX OCLOCK,PASSENGER CAR,SLOWING OR STOPPING,South,40,No,No,2017,CADILLAC,XTS,39.04194217,-77.11089833,"(39.04194217, -77.11089833)"
MCP2954006N,190011018,Montgomery County Police,Property Damage Crash,03/09/2019 07:40:00 PM,Maryland (State),UNIVERSITY BLVD E,MERRIMAC DR,,TAKOMA PARK,,SAME DIR REAR END,CLOUDY,DRY,DARK LIGHTS ON,NO CONTROLS,NONE DETECTED,,D950DD2A-9B88-4D06-B333-109C8300DE8E,No,NO APPARENT INJURY,N/A,NOT DISTRACTED,VA,C321BDCA-B852-4051-8B10-5B76B0738A4F,SUPERFICIAL,SIX OCLOCK,PASSENGER CAR,STOPPED IN TRAFFIC LANE,West,35,No,No,2017,SUBARU,OUTBACK,38.99293,-76.99156167,"(38.99293, -76.99156167)"
MCP2880001B,17002517,Montgomery County Police,Property Damage Crash,01/14/2017 11:45:00 PM,County,REDLAND RD,ROSLYN AVE,,N/A,,HEAD ON,CLEAR,WET,DARK LIGHTS ON,NO CONTROLS,NONE DETECTED,,8C957399-DE47-42A7-805D-9FD784B2795D,No,NO APPARENT INJURY,N/A,NOT DISTRACTED,MD,2313D846-FA9A-40C0-A47F-1EE64CCEE4E3,FUNCTIONAL,TWELVE OCLOCK,PASSENGER CAR,MOVING CONSTANT SPEED,South,35,No,No,2012,TOYOTA,HIGHLANDER,39.14306833,-77.144345,"(39.14306833, -77.144345)"
EJ7869004N,250009241,GAITHERSBURG,Injury Crash,03/02/2025 07:59:00 PM,Maryland (State) Route,GREAT SENECA HWY,LONGDRAFT RD,,,,Angle,Clear,Dry,Dark - Lighted,Traffic Control Signal,"Not Suspect of Alcohol Use, Not Suspect of Drug Use",,A46AC639-F2ED-4116-923E-74E4E3D74DA3,No,No Apparent Injury,,Not Distracted,MD,24C1599D-3965-430E-B6BD-6D4566F6D0B0,Disabling,Nine O Clock,Sport Utility Vehicle,Moving Constant Speed,,50,No,No,2015,BMW,X5,39.13333183,-77.24496533,"(39.13333183, -77.24496533)"
MCP2195004X,220014282,Montgomery County Police,Property Damage Crash,04/04/2022 12:00:00 PM,Maryland (State),FREDERICK RD,CROSSOVER,,N/A,,ANGLE MEETS LEFT TURN,CLOUDY,DRY,DAYLIGHT,TRAFFIC SIGNAL,NONE DETECTED,,2C2D0591-38FA-463E-A8BB-D2C6403D2DF1,Yes,NO APPARENT INJURY,N/A,NOT DISTRACTED,MD,5E45E07C-6D64-4148-B4D5-0E5CDC48BDCA,DISABLING,ELEVEN OCLOCK,PASSENGER CAR,MOVING CONSTANT SPEED,South,40,No,No,2018,TOYOTA,COROLLA,39.10958,-77.159705,"(39.10958, -77.159705)"
MCP2891005Q,180019094,Montgomery County Police,Property Damage Crash,04/19/2018 08:20:00 AM,Maryland (State),GEORGIA AVE,CROSSOVER,,N/A,,SAME DIR REAR END,RAINING,WET,DAYLIGHT,N/A,NONE DETECTED,,2BE8D233-AF78-4AEC-A704-4BE5060C9BCC,Yes,NO APPARENT INJURY,"RAIN, SNOW, WET",NOT DISTRACTED,DC,16D8C302-6A60-41E4-8490-D139B54F10C9,FUNCTIONAL,TWELVE OCLOCK,PASSENGER CAR,MOVING CONSTANT SPEED,North,35,No,No,2012,DODGE,JOURNEY,38.9982975,-77.03092483,"(38.9982975, -77.03092483)"
MCP2473001H,170536773,Montgomery County Police,Injury Crash,10/15/2017 11:53:00 AM,US (State),COLUMBIA PIKE,RAMP 7 FR RP 2 (FR MD200 WB) TO US 29 SB,,N/A,,SAME DIR REAR END,CLOUDY,DRY,DAYLIGHT,TRAFFIC SIGNAL,N/A,,BACD7B18-E631-4A73-9F6E-5F16A7EAD7BD,No,POSSIBLE INJURY,N/A,NOT DISTRACTED,MD,A26A3ACC-8F17-4869-8C5C-1462A754D6CA,SUPERFICIAL,SIX OCLOCK,OTHER,STOPPED IN TRAFFIC LANE,South,55,No,No,2009,ACUR,TSX,39.07457167,-76.95503,"(39.07457167, -76.95503)"
MCP1563002Q,16051206,Montgomery County Police,Injury Crash,10/05/2016 03:54:00 PM,Maryland (State),RIVER RD,ROYAL DOMINION DR,,N/A,,SAME DIR REAR END,CLEAR,DRY,DAYLIGHT,TRAFFIC SIGNAL,NONE DETECTED,,C1993A0E-3FEF-4B9C-951A-90DC4DD00573,No,NO APPARENT INJURY,N/A,NOT DISTRACTED,DC,BB075ADE-63D4-430C-8A67-94970F60F300,FUNCTIONAL,SIX OCLOCK,STATION WAGON,MOVING CONSTANT SPEED,East,45,No,No,2002,VW,PASSAT,38.98939,-77.1504,"(38.98939, -77.1504)"
EJ7829006N,200012084,Gaithersburg Police Depar,Injury Crash,03/11/2020 07:45:00 PM,Maryland (State),MONTGOMERY VILLAGE AVE,RUSSELL AVE,,GAITHERSBURG,,HEAD ON LEFT TURN,CLEAR,DRY,DARK LIGHTS ON,TRAFFIC SIGNAL,NONE DETECTED,,E03C0F1B-151D-46EC-8306-BD6EB8829F08,Yes,NO APPARENT INJURY,N/A,UNKNOWN,MD,4EEF5658-4025-4F0C-84FB-E77B51D1609A,DISABLING,THREE OCLOCK,PASSENGER CAR,MAKING LEFT TURN,North,25,No,No,2012,TOYOTA,4D,39.15425,-77.20929667,"(39.15425, -77.20929667)"
MCP3320000P,220015854,Montgomery County Police,Property Damage Crash,04/14/2022 03:28:00 PM,Maryland (State),GEORGIA AVE,FOREST GLEN RD,,N/A,,SAME DIRECTION SIDESWIPE,CLEAR,DRY,DAYLIGHT,NO CONTROLS,NONE DETECTED,,0E8C3AB7-68CD-49C3-87A5-617BE5BF64C4,No,NO APPARENT INJURY,N/A,NOT DISTRACTED,MD,29F877A7-6191-4595-9462-1D3223B68679,SUPERFICIAL,EIGHT OCLOCK,PASSENGER CAR,MOVING CONSTANT SPEED,North,30,No,No,2016,ACUR,4H,39.01539094,-77.04250625,"(39.01539094, -77.04250625)"
MCP2780001T,16026425,Montgomery County Police,Injury Crash,05/27/2016 03:35:00 PM,County,FATHER HURLEY BLVD,WISTERIA DR,,N/A,,HEAD ON LEFT TURN,N/A,DRY,DAYLIGHT,TRAFFIC SIGNAL,NONE DETECTED,,A5504B8B-A49B-4754-B5A6-BEF175F6817B,No,SUSPECTED MINOR INJURY,N/A,NOT DISTRACTED,MD,BE96D8D0-AE87-43D8-B430-AF6243C6A4A1,FUNCTIONAL,TWELVE OCLOCK,MOTORCYCLE,MOVING CONSTANT SPEED,West,35,No,No,2012,TRIUMPH,DAYTNA675R,39.18169167,-77.27644833,"(39.18169167, -77.27644833)"
MCP2198004K,180054660,Montgomery County Police,Property Damage Crash,10/31/2018 07:22:00 PM,Maryland (State),GREAT SENECA HWY,MUDDY BRANCH RD,,N/A,,SAME DIR REAR END,CLEAR,DRY,DARK LIGHTS ON,N/A,N/A,,0E5166A6-5430-49FF-BEE6-552D2782E9AF,Yes,NO APPARENT INJURY,N/A,UNKNOWN,MD,CF557AAD-843B-4BD9-AA88-C84AD93FE871,FUNCTIONAL,TWELVE OCLOCK,PASSENGER CAR,MOVING CONSTANT SPEED,North,50,No,No,2002,ACURA,MDX,39.10972667,-77.21597333,"(39.10972667, -77.21597333)"
MCP3227003V,220036805,Montgomery County Police,Injury Crash,08/25/2022 07:18:00 PM,Maryland (State),UNIVERSITY BLVD W,BRUNETT AVE,,N/A,,SAME DIR REAR END,CLEAR,DRY,DAYLIGHT,OTHER,NONE DETECTED,,85E606BC-9A2A-4DC8-AE17-172BD92D5E89,No,SUSPECTED MINOR INJURY,N/A,NOT DISTRACTED,MD,78E3F864-E373-4708-8DB1-402BAB2FD65B,DISABLING,SIX OCLOCK,PASSENGER CAR,STOPPED IN TRAFFIC LANE,West,35,No,No,2011,MAZDA,CX-7,39.03366983,-77.00328117,"(39.03366983, -77.00328117)"
MCP00170008,17007433,Montgomery County Police,Injury Crash,02/11/2017 02:00:00 AM,Maryland (State),NEW HAMPSHIRE AVE,SPUR FR NORBECK RD,,N/A,,STRAIGHT MOVEMENT ANGLE,CLEAR,DRY,DARK LIGHTS ON,TRAFFIC SIGNAL,NONE DETECTED,,D85A68BB-A5AB-40CE-A477-F2AD71DE3E65,Yes,POSSIBLE INJURY,N/A,OTHER DISTRACTION,MD,88829F47-865E-49ED-8A3D-F84B6B911CA9,DISABLING,TWO OCLOCK,ALL TERRAIN VEHICLE (ATV),MOVING CONSTANT SPEED,South,45,No,No,2015,TOYOTA,COROLLA,39.12157333,-76.98895,"(39.12157333, -76.98895)"
MCP2305000C,15010962,Montgomery County Police,Property Damage Crash,03/09/2015 09:16:00 PM,County,TUCKERMAN LA,DAYBREAK CT,,N/A,,SAME DIR REAR END,CLEAR,DRY,DARK LIGHTS ON,NO CONTROLS,NONE DETECTED,,07720314-E5D8-41C9-A411-8060CF53BB1D,No,NO APPARENT INJURY,"ANIMAL, N/A",NOT DISTRACTED,MD,8E7CB509-30B2-4A37-86FD-33A339DD7EC8,SUPERFICIAL,SIX OCLOCK,PASSENGER CAR,SLOWING OR STOPPING,West,30,No,No,2009,TOYT,HY,39.03805333,-77.14357167,"(39.03805333, -77.14357167)"
MCP3126002D,200048394,Montgomery County Police,Injury Crash,12/08/2020 04:00:00 PM,Maryland (State),FREDERICK RD,STRINGTOWN RD,,N/A,,STRAIGHT MOVEMENT ANGLE,CLEAR,DRY,DAYLIGHT,TRAFFIC SIGNAL,NONE DETECTED,,EF768BD3-E697-4AEA-9480-9E4A86A10FD0,Yes,NO APPARENT INJURY,N/A,UNKNOWN,MD,18773356-6E0A-4D9E-8EBC-8E17093601C1,DISABLING,TWELVE OCLOCK,PASSENGER CAR,MAKING LEFT TURN,West,40,No,No,2016,LEXUS,4S,39.23758333,-77.27813667,"(39.23758333, -77.27813667)"
MCP1212001L,190020609,Montgomery County Police,Property Damage Crash,05/02/2019 12:56:00 PM,,,,PARKING LOT OF CLARKSBURG HIGH SCHOOL,,,HEAD ON LEFT TURN,N/A,,DAYLIGHT,NO CONTROLS,NONE DETECTED,,2764E1D9-2F33-40FC-9929-53854DF492EB,Unknown,NO APPARENT INJURY,N/A,UNKNOWN,MD,EA921D53-7F13-454B-897F-2CB0F66F7168,FUNCTIONAL,ELEVEN OCLOCK,PASSENGER CAR,MAKING LEFT TURN,South,15,No,No,2007,FORD,MUSTANG,39.22594,-77.26454333,"(39.22594, -77.26454333)"