Report Number,Local Case Number,Agency Name,ACRS Report Type,Crash Date/Time,Route Type,Road Name,Cross-Street Name,Off-Road Description,Municipality,Related Non-Motorist,Collision Type,Weather,Surface Condition,Light,Traffic Control,Driver Substance Abuse,Non-Motorist Substance Abuse,Person ID,Driver At Fault,Injury Severity,Circumstance,Driver Distracted By,Drivers License State,Vehicle ID,Vehicle Damage Extent,Vehicle First Impact Location,Vehicle Body Type,Vehicle Movement,Vehicle Going Dir,Speed Limit,Driverless Vehicle,Parked Vehicle,Vehicle Year,Vehicle Make,Vehicle Model,Latitude,Longitude,Location
MCP27030010,16061286,Montgomery County Police,Injury Crash,11/29/2016 05:52:00 PM,County,CHERRY HILL RD,PRINCE GEORGES CO/L,,N/A,,SAME DIR REAR END,RAINING,WET,DUSK,NO CONTROLS,N/A,,5F739196-27AA-449D-B019-A653890C1B15,No,NO APPARENT INJURY,"RAIN, SNOW, WET",NOT DISTRACTED,MD,4D8116C4-D26A-4D5F-A1D9-3E8278E9327A,SUPERFICIAL,SIX OCLOCK,PASSENGER CAR,SLOWING OR STOPPING,South,40,No,No,2009,HOND,VN,39.04766167,-76.95206333,"(39.04766167, -76.95206333)"
MCP3387001S,240050665,MONTGOMERY,Property Damage Crash,10/23/2024 08:01:00 AM,Maryland (State) Route,E RANDOLPH RD,,,,,Front to Rear,Clear,Dry,Daylight,No Controls,"Not Suspect of Alcohol Use, Not Suspect of Drug Use",,8F83EECB-D981-4245-9B16-785AA1D1E1CE,No,No Apparent Injury,,Not Distracted,MD,4AC99F08-17C6-43A9-80D5-93AE7FE4D64A,Superficial,Underside,Passenger Car,Stopped in Traffic,Eastbound,35,No,No,2013,HONDA,CR-V,39.06279941,-76.96386648,"(39.06279941, -76.96386648)"
MCP26950018,17011817,Montgomery County Police,Property Damage Crash,03/06/2017 01:20:00 PM,Maryland (State),NEW HAMPSHIRE AVE,POWDER MILL RD,,N/A,,SAME DIRECTION RIGHT TURN,CLEAR,DRY,DAYLIGHT,N/A,N/A,,C4D683A6-49D6-48BF-86FB-747518857F3B,Yes,NO APPARENT INJURY,N/A,NOT DISTRACTED,,6345F5EA-20BB-48BB-87E6-228637314188,FUNCTIONAL,SIX OCLOCK,PASSENGER CAR,CHANGING LANES,North,35,No,No,2004,HONDA,CR-V,39.02265018,-76.97763115,"(39.02265018, -76.97763115)"
MCP3295002Z,230046815,Montgomery County Police,Injury Crash,07/29/2023 03:07:00 PM,County,CASTLE BLVD,BRIGGS CHANEY RD,,N/A,,STRAIGHT MOVEMENT ANGLE,CLEAR,DRY,DAYLIGHT,N/A,NONE DETECTED,,4B77EE6E-364F-4A4C-9522-A55C9626AF43,Yes,NO APPARENT INJURY,N/A,LOOKED BUT DID NOT SEE,DC,3B197A90-4813-4142-A144-47D30359BDDC,DISABLING,EIGHT OCLOCK,PASSENGER CAR,MAKING LEFT TURN,East,25,No,No,2017,HONDA,ACCORD,39.08129967,-76.9458305,"(39.08129967, -76.9458305)"
MCP26790017,16010177,MONTGOMERY,Property Damage Crash,02/29/2016 10:45:00 PM,Maryland (State),GEORGIA AVE,CAMERON ST,,N/A,,OTHER,CLEAR,DRY,DARK LIGHTS ON,TRAFFIC SIGNAL,N/A,,D5F6CCB4-219D-42B1-924F-0F81820FA93C,No,NO APPARENT INJURY,N/A,NOT DISTRACTED,MD,45F1FA26-DBA8-489D-8EF2-36FA0761F50C,SUPERFICIAL,TWELVE OCLOCK,PASSENGER CAR,MAKING LEFT TURN,South,35,No,No,2011,MITSUBISHI,4S,38.99009333,-77.02686,"(38.99009333, -77.02686)"
MCP26760029,16063449,Montgomery County Police,Property Damage Crash,12/10/2016 05:22:00 PM,Maryland (State),MUNCASTER MILL RD,AIRPARK RD,,N/A,,STRAIGHT MOVEMENT ANGLE,CLEAR,DRY,DARK LIGHTS ON,FLASHING TRAFFIC SIGNAL,N/A,,9B5DA67F-0979-43DC-A02C-CFABBF2EAB1E,No,NO APPARENT INJURY,N/A,NOT DISTRACTED,MD,A6E2B72B-992C-472A-877A-DF58798D7D9D,DISABLING,TWELVE OCLOCK,PICKUP TRUCK,MOVING CONSTANT SPEED,South,45,No,No,2004,CHEV,TK,39.14875667,-77.14704,"(39.14875667, -77.14704)"
DD5624003K,190059559,Rockville Police Departme,Property Damage Crash,12/10/2019 05:50:00 PM,County,TWINBROOK PKWY,VEIRS MILL RD,,N/A,,OTHER,RAINING,WET,DARK LIGHTS ON,NO CONTROLS,NONE DETECTED,,D5427437-0ED9-45E3-9A6B-0A674ADF4676,No,NO APPARENT INJURY,"SLEET, HAIL, FREEZ. RAIN, WET",NOT DISTRACTED,MD,D82F0183-D7B6-4B1E-B6CC-D69DA01E254E,SUPERFICIAL,TEN OCLOCK,PASSENGER CAR,MOVING CONSTANT SPEED,East,25,No,No,2015,ACURA,SEDAN,39.0729775,-77.11288483,"(39.0729775, -77.11288483)"
MCP2254001X,180045002,Montgomery County Police,Property Damage Crash,09/09/2018 10:30:00 AM,County,WATKINS RD,WOODFIELD RD,,N/A,,SAME DIR REND LEFT TURN,RAINING,WET,DAYLIGHT,NO CONTROLS,NONE DETECTED,,43C73729-DE4E-4642-84BE-00E4D69B9BFA,Unknown,NO APPARENT INJURY,"RAIN, SNOW, WET",NOT DISTRACTED,MD,25B2BE6D-554B-4AEC-AB86-063DCE2A70E2,FUNCTIONAL,ONE OCLOCK,"CARGO VAN/LIGHT TRUCK 2 AXLES (OVER 10,000LBS (4,536 KG))",MOVING CONSTANT SPEED,East,35,No,No,2017,FORD,TRUCK,39.23648833,-77.18483333,"(39.23648833, -77.18483333)"
MCP28610043,190027315,Montgomery County Police,Property Damage Crash,06/07/2019 08:30:00 PM,Maryland (State),OLD GEORGETOWN RD,RAMP 8 FR MD 187 SB TO RAMP 9 (TO IS270),,N/A,,SAME DIR REAR END,CLEAR,DRY,DARK LIGHTS ON,TRAFFIC SIGNAL,NONE DETECTED,,63D4897F-F6F0-46B0-993B-31328205496B,No,NO APPARENT INJURY,N/A,NOT DISTRACTED,MD,A44D5F7C-990F-4A51-9AF4-698E90277E6A,SUPERFICIAL,TWELVE OCLOCK,PASSENGER CAR,STOPPED IN TRAFFIC LANE,West,30,No,No,2011,TOYOTA,4S,39.02821833,-77.13390667,"(39.02821833, -77.13390667)"
MCP1064005W,170509404,Montgomery County Police,Injury Crash,05/23/2017 01:08:00 PM,Maryland (State),GEORGIA AVE,FOREST GLEN RD,,N/A,,SAME DIR REAR END,CLOUDY,DRY,DAYLIGHT,TRAFFIC SIGNAL,N/A,,FD337E65-2653-4202-9B63-83162A3BA756,No,POSSIBLE INJURY,N/A,NOT DISTRACTED,MD,ABCFA513-4AE5-49FE-9C12-C3319A186781,SUPERFICIAL,SIX OCLOCK,(SPORT) UTILITY VEHICLE,STOPPED IN TRAFFIC LANE,South,35,No,No,2011,FORD,EXPLORER,39.01617167,-77.04290833,"(39.01617167, -77.04290833)"
MCP2246000T,16000331,Montgomery County Police,Property Damage Crash,01/02/2016 08:53:00 PM,US (State),COLESVILLE RD,SLIGO CREEK PKWY,,N/A,,SAME DIR REAR END,CLEAR,DRY,DARK LIGHTS ON,TRAFFIC SIGNAL,UNKNOWN,,F7C3345E-FD41-4423-AD69-35EF9931CE22,Yes,NO APPARENT INJURY,N/A,UNKNOWN,,EC8CE466-0390-42D3-B3DD-9EEF45E4292C,UNKNOWN,TWELVE OCLOCK,VAN,SLOWING OR STOPPING,North,35,No,No,0,UU,UU,39.002945,-77.005545,"(39.002945, -77.005545)"
MCP1022006X,170502758,Montgomery County Police,Injury Crash,04/18/2017 11:48:00 AM,County,SWEEPSTAKES RD,CUTSAIL DR,,N/A,,STRAIGHT MOVEMENT ANGLE,CLEAR,DRY,DAYLIGHT,STOP SIGN,NONE DETECTED,,727BCE1B-4AE2-4535-BC52-33AE1E809130,Yes,NO APPARENT INJURY,N/A,NOT DISTRACTED,VA,EE01DA1B-8B75-44D3-AB4B-1CCDD41E03C1,FUNCTIONAL,TWELVE OCLOCK,PASSENGER CAR,MAKING LEFT TURN,North,25,No,No,2005,HONDA,ACCORD,39.25978833,-77.21354667,"(39.25978833, -77.21354667)"
MCP3002002B,180010196,Montgomery County Police,Property Damage Crash,02/27/2018 03:20:00 PM,Maryland (State),ROCKVILLE PIKE,NICHOLSON LA,,N/A,,SAME DIR BOTH LEFT TURN,CLEAR,DRY,DAYLIGHT,TRAFFIC SIGNAL,NONE DETECTED,,531E9BDD-1D02-4BDA-9B2F-E20460E4A7CA,Yes,NO APPARENT INJURY,N/A,NOT DISTRACTED,VA,DB20FF64-2034-4730-93CD-FD45DD325583,SUPERFICIAL,TWO OCLOCK,VAN,MAKING LEFT TURN,West,40,No,No,2007,FORD,ECONOLINE,39.04439667,-77.111765,"(39.04439667, -77.111765)"
MCP3084004T,210022247,Montgomery County Police,Property Damage Crash,06/11/2021 07:14:00 AM,County,WEYMOUTH ST,MONTROSE AVE,,N/A,,SAME DIRECTION LEFT TURN,RAINING,WET,DAYLIGHT,NO CONTROLS,NONE DETECTED,,6B5B082B-28F9-4792-94D9-35DD3CF2EB08,Yes,NO APPARENT INJURY,"N/A, SLEET, HAIL, FREEZ. RAIN",LOOKED BUT DID NOT SEE,MD,B391101B-720C-4507-B611-3BD7F1363CB2,DISABLING,ELEVEN OCLOCK,PASSENGER CAR,MAKING U TURN,East,25,No,No,1993,ACURA,NSX,39.0292,-77.09175333,"(39.0292, -77.09175333)"
MCP102200F1,200023346,Montgomery County Police,Property Damage Crash,06/14/2020 01:29:00 PM,Maryland (State),FREDERICK RD,SHAKESPEARE BLVD,,N/A,,HEAD ON LEFT TURN,CLEAR,DRY,DAYLIGHT,TRAFFIC SIGNAL,NONE DETECTED,,37077D0B-7C86-4BAA-A9CA-8A916102C6C7,Yes,NO APPARENT INJURY,N/A,NOT DISTRACTED,MD,A750AD2A-CEFC-4298-8C64-413204FBF8F4,FUNCTIONAL,TWELVE OCLOCK,PASSENGER CAR,MAKING LEFT TURN,North,45,No,No,2010,TOYT,CAMRY,39.19830333,-77.24492667,"(39.19830333, -77.24492667)"
MCP32790017,220021267,Montgomery County Police,Injury Crash,05/19/2022 02:31:00 AM,Maryland (State),CONNECTICUT AVE,CAREY ST,,N/A,,SINGLE VEHICLE,RAINING,WET,DARK LIGHTS ON,N/A,ALCOHOL CONTRIBUTED,,A6CB78E4-980E-4CE6-8391-B5B13A7A24EF,Yes,SUSPECTED MINOR INJURY,N/A,OTHER DISTRACTION,MD,64E86DAF-0F6C-4F5F-A394-DFA89193820B,DISABLING,ONE OCLOCK,PASSENGER CAR,MOVING CONSTANT SPEED,North,40,No,No,2001,HONDA,S2000,39.05427814,-77.07407098,"(39.05427814, -77.07407098)"
MCP30990011,180046536,Montgomery County Police,Property Damage Crash,09/17/2018 08:37:00 PM,County,FATHER HURLEY BLVD,WYNNFIELD DR,,N/A,,SAME DIR REAR END,CLEAR,WET,DARK LIGHTS ON,TRAFFIC SIGNAL,UNKNOWN,,D7A3A695-BC7D-4CBE-9284-E6DEC0D86299,Yes,NO APPARENT INJURY,N/A,UNKNOWN,,D576D999-7522-4150-9094-1A33F26B7C0B,UNKNOWN,TWELVE OCLOCK,,SLOWING OR STOPPING,East,35,No,No,0,UNKNOWN,UNKNOWN,39.18634296,-77.27383631,"(39.18634296, -77.27383631)"
MCP2961004C,230051001,Montgomery County Police,Property Damage Crash,08/24/2023 05:30:00 AM,Maryland (State),LAYHILL RD,BEL PRE RD,,N/A,,HEAD ON LEFT TURN,CLEAR,DRY,DARK LIGHTS ON,TRAFFIC SIGNAL,NONE DETECTED,,6AAEC5E4-DED2-4440-A7C8-0FCE24A8D788,Yes,NO APPARENT INJURY,N/A,UNKNOWN,DC,AAAB9080-C2E2-4354-90EB-3B6AC1811D36,FUNCTIONAL,TWELVE OCLOCK,PASSENGER CAR,MAKING LEFT TURN,West,35,No,No,2003,TOYOTA,COROLLA,39.09056751,-77.04490783,"(39.09056751, -77.04490783)"
MCP27960038,16018871,Montgomery County Police,Property Damage Crash,04/17/2016 05:01:00 PM,,,,"13908 NEW HAMPSHIRE AVE
SILVER SPRING, MONTGOMERY COUNTY, MARYLAND",,,OTHER,CLEAR,,DAYLIGHT,N/A,N/A,,D1542863-25F9-4882-A7F6-33BB9E31F9FD,Yes,NO APPARENT INJURY,N/A,UNKNOWN,,DF4EB24B-18EB-4A76-A599-6BDFF1FD9235,SUPERFICIAL,UNKNOWN,PASSENGER CAR,BACKING,South,0,No,No,2015,NISSAN,UNK,39.07493333,-77.001295,"(39.07493333, -77.001295)"
MCP3014002R,200034269,Montgomery County Police,Injury Crash,09/01/2020 11:08:00 PM,County,WELLER RD,BUSHEY DR,,N/A,,SAME DIR REAR END,RAINING,WET,DARK LIGHTS ON,NO CONTROLS,NONE DETECTED,,E05F9CE8-665B-4C94-BEEC-4FBBA1C252AE,Yes,SUSPECTED MINOR INJURY,"RAIN, SNOW, WET",UNKNOWN,MD,22AC19DF-95C6-416E-A147-FBFFD5027F8E,DESTROYED,TWELVE OCLOCK,PASSENGER CAR,MOVING CONSTANT SPEED,North,25,No,No,2015,HYUNDAI,VELOSTAR,39.06270854,-77.0777625,"(39.06270854, -77.0777625)"
MCP2358007Y,200049151,Montgomery County Police,Property Damage Crash,12/13/2020 05:51:00 PM,Maryland (State),RIVER RD,RIDGEFIELD RD,,N/A,,STRAIGHT MOVEMENT ANGLE,CLEAR,DRY,DARK NO LIGHTS,TRAFFIC SIGNAL,NONE DETECTED,,79881BE9-6834-49EF-9E84-10EF74C7FEC8,Yes,NO APPARENT INJURY,N/A,NOT DISTRACTED,MD,AE9AAF58-4ABA-4DB1-AE5D-F6B36742B7CD,DISABLING,FOUR OCLOCK,PASSENGER CAR,MAKING U TURN,East,35,No,No,2014,ACURA,MDX,38.9666915,-77.10619583,"(38.9666915, -77.10619583)"
MCP13930016,170520628,Montgomery County Police,Property Damage Crash,07/22/2017 07:40:00 PM,Maryland (State),FREDERICK RD,COMUS RD,,N/A,,SINGLE VEHICLE,RAINING,WET,DUSK,NO CONTROLS,NONE DETECTED,,34DDD42A-F99B-4706-8198-159A46E44A31,Yes,NO APPARENT INJURY,"RAIN, SNOW, WET",NOT DISTRACTED,MD,C1CC8B18-A109-4E76-BD25-BFF529797ED8,DISABLING,ONE OCLOCK,PASSENGER CAR,MOVING CONSTANT SPEED,South,45,No,No,2005,HONDA,CIVIC,39.25003667,-77.29772333,"(39.25003667, -77.29772333)"
MCP3106001F,190014598,Montgomery County Police,Property Damage Crash,03/29/2019 02:48:00 PM,County,NEWPORT MILL RD,LAWRENCE AVE,,N/A,,STRAIGHT MOVEMENT ANGLE,CLEAR,DRY,DAYLIGHT,STOP SIGN,UNKNOWN,,E046488F-1137-465C-BF35-D4551710CFA4,Yes,NO APPARENT INJURY,N/A,UNKNOWN,MD,1BE30932-66C0-463B-9F0C-01319EE728E9,FUNCTIONAL,TWELVE OCLOCK,"CARGO VAN/LIGHT TRUCK 2 AXLES (OVER 10,000LBS (4,536 KG))",MAKING RIGHT TURN,East,25,No,No,2002,CHEVROLET,TRUCK,39.03489728,-77.07259056,"(39.03489728, -77.07259056)"
EJ7905001W,240055656,GAITHERSBURG,Injury Crash,11/20/2024 12:05:00 PM,,,,Parking Lot Way        ENTRANCE WAY,,Pedestrian,Single Vehicle,Clear,,Daylight,,"Not Suspect of Alcohol Use, Not Suspect of Drug Use","Not Suspect of Alcohol Use, Not Suspect of Drug Use",482BA167-C8E0-4F9C-B149-1AD1E3BAE97A,Yes,No Apparent Injury,,"Other Action (looking away from task, etc.)",MD,49CF8E0C-BECA-4119-838B-922AE1BDBF67,No Damage,Non-Collision,Pickup,Turning Right,Not On Roadway,0,No,No,2010,FORD,F-150,39.11414213,-77.18632317,"(39.11414213, -77.18632317)"
MCP11480035,190050174,Montgomery County Police,Injury Crash,10/19/2019 11:35:00 AM,Maryland (State),CONNECTICUT AVE,LELAND ST,,CHEVY CHASE #5,,STRAIGHT MOVEMENT ANGLE,CLEAR,DRY,DAYLIGHT,STOP SIGN,NONE DETECTED,,556E5F22-2C20-4553-8B5D-FC97E658B43E,No,POSSIBLE INJURY,N/A,NOT DISTRACTED,DC,16910CC5-3D29-4CB0-9DC7-D6FB5A3741E8,DISABLING,THREE OCLOCK,PASSENGER CAR,MOVING CONSTANT SPEED,North,30,No,No,2017,LEXUS,ES350,38.98563,-77.07705833,"(38.98563, -77.07705833)"
MCP9134000B,16030360,Montgomery County Police,Property Damage Crash,06/15/2016 11:36:00 PM,US (State),COLESVILLE RD,SLIGO CREEK PKWY,,N/A,,SAME DIR REAR END,CLEAR,DRY,DARK LIGHTS ON,TRAFFIC SIGNAL,NONE DETECTED,,1195BE04-DE8A-4D2A-A370-528DBE024ACA,Yes,NO APPARENT INJURY,N/A,UNKNOWN,VA,B0895A7F-5655-4060-9F8C-E41F3DC8A81B,DISABLING,TWELVE OCLOCK,PASSENGER CAR,SLOWING OR STOPPING,North,35,No,No,2013,SUBA,IMPREZA,39.00677833,-77.02105,"(39.00677833, -77.02105)"
MCP1491001C,190052774,Montgomery County Police,Injury Crash,11/02/2019 10:11:00 AM,County,CRABBS BRANCH WAY,INDIANOLA DR,,N/A,,STRAIGHT MOVEMENT ANGLE,CLEAR,DRY,DAYLIGHT,TRAFFIC SIGNAL,NONE DETECTED,,809B5344-5722-470B-97A6-D7CDF92C3D15,Yes,NO APPARENT INJURY,"N/A, VISION OBSTRUCTION (INCL. BLINDED BY SUN)",OTHER DISTRACTION,MD,67467D69-041B-4898-ACA4-65C40E909C6B,DISABLING,TWELVE OCLOCK,(SPORT) UTILITY VEHICLE,MOVING CONSTANT SPEED,West,30,No,No,2013,MERZ,GL450,39.1147438,-77.15697553,"(39.1147438, -77.15697553)"
MCP3070001F,200006158,Montgomery County Police,Property Damage Crash,02/06/2020 12:45:00 PM,Maryland (State),WISCONSIN AVE,S CHELSEA LA,,N/A,,STRAIGHT MOVEMENT ANGLE,RAINING,WET,DAYLIGHT,NO CONTROLS,N/A,,62D7E1F1-44A7-4C84-95B9-28238647AB3F,No,NO APPARENT INJURY,"N/A, RAIN, SNOW",NOT DISTRACTED,MD,40EDCB54-A6BD-4613-A8BF-0EAEFD35EB67,FUNCTIONAL,NINE OCLOCK,PASSENGER CAR,MOVING CONSTANT SPEED,South,25,No,No,2017,TOYOTA,PRIUS,38.99412333,-77.09639,"(38.99412333, -77.09639)"
EJ7885003V,230067707,Gaithersburg Police Depar,Property Damage Crash,11/21/2023 08:16:00 PM,Maryland (State),QUINCE ORCHARD RD,W DIAMOND AVE,,N/A,,SAME DIRECTION SIDESWIPE,N/A,DRY,DARK LIGHTS ON,NO CONTROLS,UNKNOWN,,3F0433BE-6D27-4176-B163-2241CBD1C2B7,Yes,NO APPARENT INJURY,N/A,UNKNOWN,,40077F83-D1FE-4121-94AD-88F0616534EF,UNKNOWN,UNKNOWN,PASSENGER CAR,MOVING CONSTANT SPEED,North,35,No,No,2017,TOYOTA,4S,39.14310833,-77.21872417,"(39.14310833, -77.21872417)"
MCP1235004F,220045573,Montgomery County Police,Property Damage Crash,10/17/2022 04:38:00 PM,County,WILLIAMSBURG DR,UNIVERSITY BLVD E,,N/A,,OTHER,CLEAR,DRY,DAYLIGHT,TRAFFIC SIGNAL,NONE DETECTED,,AD947387-39EA-40F2-A3BB-B02EFC3B6AA7,No,NO APPARENT INJURY,N/A,NOT DISTRACTED,DC,5A48724E-D63D-4890-8D01-95C929098478,SUPERFICIAL,ONE OCLOCK,PASSENGER CAR,STOPPED IN TRAFFIC LANE,South,25,No,No,2019,SUBARU,ASCENT,39.01791031,-77.00683191,"(39.01791031, -77.00683191)"
MCP9301003W,220009931,Montgomery County Police,Injury Crash,03/08/2022 10:30:00 AM,County,FIELDS RD,RIO BLVD,,GAITHERSBURG,,SAME DIR REAR END,CLEAR,DRY,DAYLIGHT,N/A,NONE DETECTED,,5ED2C30A-CFA1-4BB6-921A-61833F3C8728,Yes,SUSPECTED MINOR INJURY,N/A,NOT DISTRACTED,MD,8D8D21EA-92B5-4F3F-8584-FF81437268CF,DISABLING,TWELVE OCLOCK,PASSENGER CAR,MOVING CONSTANT SPEED,East,30,No,No,2001,BUIC,SD,39.11288667,-77.19766167,"(39.11288667, -77.19766167)"
MCP2662000V,16030737,Montgomery County Police,Property Damage Crash,06/17/2016 09:02:00 PM,Maryland (State),WOODFIELD RD,ENT TO SHOPPING CENTER,,N/A,BICYCLIST,SINGLE VEHICLE,CLEAR,DRY,DARK LIGHTS ON,STOP SIGN,NONE DETECTED,NONE DETECTED,D7469841-CF31-46C3-B614-6AF2E93EBF0B,Yes,NO APPARENT INJURY,N/A,LOOKED BUT DID NOT SEE,MD,BA761FA2-428F-4E73-B1B4-0CEFCAF9E58B,NO DAMAGE,TWELVE OCLOCK,PASSENGER CAR,MAKING RIGHT TURN,West,35,No,No,1998,CHRYSLER,300,39.155295,-77.167535,"(39.155295, -77.167535)"
MCP1378012G,220047020,Montgomery County Police,Property Damage Crash,10/26/2022 03:41:00 PM,Maryland (State),GEORGIA AVE,CHERRY VALLEY DR,,N/A,,SAME DIR REAR END,CLOUDY,DRY,DAYLIGHT,TRAFFIC SIGNAL,NONE DETECTED,,9969E95F-27ED-45DF-8DEA-570360E0B9F7,No,NO APPARENT INJURY,N/A,NOT DISTRACTED,MD,A8D0E4B5-12F3-47D7-867D-419D7B2A71C1,FUNCTIONAL,SIX OCLOCK,(SPORT) UTILITY VEHICLE,ACCELERATING,South,40,No,No,2013,FORD,EDGE,39.13837667,-77.068855,"(39.13837667, -77.068855)"
MCP2622003J,220053802,Montgomery County Police,Property Damage Crash,12/06/2022 08:16:00 AM,US (State),COLUMBIA PIKE,RAMP 5 FR US 29 SB TO BRIGGS CHANEY RD,,N/A,,SINGLE VEHICLE,RAINING,WET,DAYLIGHT,N/A,NONE DETECTED,,A9504B95-A34A-46B1-9E62-F9E2569994D7,Yes,NO APPARENT INJURY,"RAIN, SNOW, WET",LOOKED BUT DID NOT SEE,MD,F427E763-2339-405A-9C38-0F7FB623EBB6,DISABLING,TWELVE OCLOCK,(SPORT) UTILITY VEHICLE,MOVING CONSTANT SPEED,South,15,No,No,2003,TOYOTA,4RUNNER,39.08503721,-76.9476235,"(39.08503721, -76.9476235)"
DD55020021,16006072,Rockville Police Departme,Property Damage Crash,02/05/2016 05:28:00 PM,,,,"CHINESE MARKET PARKING LOT
460 HUNGERFORD DR",,,STRAIGHT MOVEMENT ANGLE,CLEAR,,DUSK,NO CONTROLS,NONE DETECTED,,D5DBA23F-195F-49D8-B551-E8994DB818C5,Yes,NO APPARENT INJURY,N/A,NOT DISTRACTED,MD,96003982-F01F-4427-90ED-CADE9CBA5C57,SUPERFICIAL,FIVE OCLOCK,(SPORT) UTILITY VEHICLE,BACKING,East,5,No,No,2002,MERZ,TK,39.08930971,-77.15202034,"(39.08930971, -77.15202034)"
MCP1378009N,16024516,Montgomery County Police,Property Damage Crash,05/17/2016 03:22:00 PM,County,STRAWBERRY KNOLL RD,BELL TOWER DR,,N/A,,SAME DIRECTION SIDESWIPE,RAINING,WET,DAYLIGHT,NO CONTROLS,NONE DETECTED,,A50A64C4-B261-47E2-AA2B-FB52FC5D7763,Yes,NO APPARENT INJURY,"N/A, WET",NOT DISTRACTED,MD,6DF6CFD9-80E2-40D0-94DA-189DC645E528,NO DAMAGE,THREE OCLOCK,SCHOOL BUS,SLOWING OR STOPPING,North,25,No,No,2006,THOMAS,BUS,39.16626667,-77.18112,"(39.16626667, -77.18112)"
MCP2816000W,15000585,Montgomery County Police,Property Damage Crash,01/04/2015 03:33:00 PM,County,SHADY GROVE RD,DARNESTOWN RD,,N/A,,STRAIGHT MOVEMENT ANGLE,CLEAR,WET,DAYLIGHT,TRAFFIC SIGNAL,NONE DETECTED,,BD66B35A-D2BD-43F5-BD63-B94E357C539D,No,NO APPARENT INJURY,"N/A, WET",NOT DISTRACTED,MD,DDCDCD48-5755-47E7-9769-7CD94005E701,DISABLING,SEVEN OCLOCK,PASSENGER CAR,MOVING CONSTANT SPEED,East,40,No,No,2006,TOYOTA,CAMRY,39.09297167,-77.19672667,"(39.09297167, -77.19672667)"
MCP2720006C,210040437,Montgomery County Police,Injury Crash,10/10/2021 02:23:00 AM,Maryland (State),GEORGIA AVE,NORBECK RD,,N/A,,SINGLE VEHICLE,CLEAR,DRY,DARK LIGHTS ON,TRAFFIC SIGNAL,ALCOHOL PRESENT,,F8CDD3FA-C546-4ACA-A31B-B1E580036581,Yes,POSSIBLE INJURY,N/A,NOT DISTRACTED,XX,5771EE72-40E5-48FA-983A-D2896AE61E3F,DESTROYED,ONE OCLOCK,STATION WAGON,MOVING CONSTANT SPEED,South,45,No,No,2015,SUBARU,CROSSTREK,39.10915,-77.07621833,"(39.10915, -77.07621833)"
DM8476000Y,200007962,Takoma Park Police Depart,Injury Crash,02/17/2020 03:40:00 PM,Maryland (State),NEW HAMPSHIRE AVE,KENTLAND AVE,,TAKOMA PARK,,STRAIGHT MOVEMENT ANGLE,CLEAR,DRY,DAYLIGHT,NO CONTROLS,N/A,,C5E4033D-65FA-4C94-904D-9383328BC367,No,POSSIBLE INJURY,N/A,NOT DISTRACTED,MD,3477EF68-1673-4779-9774-D7E02E32966D,DESTROYED,ELEVEN OCLOCK,PASSENGER CAR,MOVING CONSTANT SPEED,North,35,No,No,2012,FORD,TK,38.97684572,-76.99239279,"(38.97684572, -76.99239279)"
MCP2215001B,210002389,Montgomery County Police,Property Damage Crash,01/19/2021 05:36:00 PM,County,BETHESDA CHURCH RD,RIDGE RD,,N/A,,OPPOSITE DIRECTION SIDESWIPE,CLEAR,DRY,N/A,NO CONTROLS,NONE DETECTED,,07EF35AB-5F32-4BE6-B354-A67E586BB024,No,NO APPARENT INJURY,N/A,NOT DISTRACTED,MD,5279F974-6B4E-44BB-83B1-8BB8E613AC42,DISABLING,TWELVE OCLOCK,PASSENGER CAR,MOVING CONSTANT SPEED,North,30,No,No,2016,NISSAN,4S,39.28563333,-77.20912,"(39.28563333, -77.20912)"
MCP15190014,16054847,Montgomery County Police,Injury Crash,10/25/2016 07:55:00 AM,County,BEAR CREEK DR,TAPWOOD RD,,N/A,,STRAIGHT MOVEMENT ANGLE,CLEAR,DRY,DAYLIGHT,STOP SIGN,NONE DETECTED,,A30F0FE3-CC09-46AA-8D74-5302D3AE1E14,No,POSSIBLE INJURY,N/A,NOT DISTRACTED,MD,78E6BF4D-8042-4F1E-BAEB-9DBD7A2A4601,DISABLING,NINE OCLOCK,PASSENGER CAR,MOVING CONSTANT SPEED,South,25,No,No,2016,NISS,VERSA,39.16130022,-77.29214832,"(39.16130022, -77.29214832)"
EJ7860001R,180052688,Gaithersburg Police Depar,Property Damage Crash,10/21/2018 01:38:00 AM,,,,PARKING LOT OF 117 E. DIAMOND AVENUE (CANCUN MEXICAN CUISINE),,,OTHER,CLEAR,,DARK LIGHTS ON,NO CONTROLS,ALCOHOL PRESENT,,C94F7C29-2ADC-4016-9DAF-20FD577680FC,Yes,NO APPARENT INJURY,N/A,NOT DISTRACTED,MD,C4CE5978-DA09-4667-8CA7-0973656940EC,SUPERFICIAL,SIX OCLOCK,PASSENGER CAR,BACKING,South,15,No,No,2000,MAZDA,626,39.14186787,-77.19499737,"(39.14186787, -77.19499737)"
MCP27170046,15062893,Montgomery County Police,Property Damage Crash,12/09/2015 03:30:00 PM,County,LUXMANOR RD,POINDEXTER LA,,N/A,,SAME DIRECTION SIDESWIPE,CLEAR,DRY,DAYLIGHT,NO CONTROLS,NONE DETECTED,,BA147C51-97BE-4CE8-BA51-47293BFE1FB5,Yes,NO APPARENT INJURY,N/A,LOOKED BUT DID NOT SEE,PA,BBB4CF88-659D-45CA-9D40-140E63E260E7,SUPERFICIAL,FOUR OCLOCK,PASSENGER CAR,PASSING,North,20,No,No,2008,MAZDA,MAZDA3,39.04062833,-77.124865,"(39.04062833, -77.124865)"