Report Number,Local Case Number,Agency Name,ACRS Report Type,Crash Date/Time,Route Type,Road Name,Cross-Street Name,Off-Road Description,Municipality,Related Non-Motorist,Collision Type,Weather,Surface Condition,Light,Traffic Control,Driver Substance Abuse,Non-Motorist Substance Abuse,Person ID,Driver At Fault,Injury Severity,Circumstance,Driver Distracted By,Drivers License State,Vehicle ID,Vehicle Damage Extent,Vehicle First Impact Location,Vehicle Body Type,Vehicle Movement,Vehicle Going Dir,Speed Limit,Driverless Vehicle,Parked Vehicle,Vehicle Year,Vehicle Make,Vehicle Model,Latitude,Longitude,Location
MCP3035001P,170535916,Montgomery County Police,Injury Crash,10/10/2017 10:31:00 PM,Maryland (State),CLOPPER RD,FIRSTFIELD RD,,GAITHERSBURG,,SAME DIR REAR END,CLEAR,DRY,DARK LIGHTS ON,TRAFFIC SIGNAL,NONE DETECTED,,5CA274F9-1EEA-4789-A35C-192CB6995B7A,No,POSSIBLE INJURY,N/A,NOT DISTRACTED,MD,0A430ECA-E4E0-44E6-94E1-6549FC52A79A,SUPERFICIAL,SIX OCLOCK,PASSENGER CAR,STOPPED IN TRAFFIC LANE,West,35,No,No,2013,HYUND,ELANTRA,39.14349167,-77.22304667,"(39.14349167, -77.22304667)"
MCP31610015,190015316,Montgomery County Police,Property Damage Crash,04/02/2019 06:50:00 PM,Maryland (State),CONNECTICUT AVE,RAMP 4 FR MD 185 NB TO IS 495 EB,,N/A,,SAME DIR REAR END,RAINING,WET,DAYLIGHT,NO CONTROLS,NONE DETECTED,,453D6EA7-A452-4D04-9579-0F1E19AD00EC,No,NO APPARENT INJURY,"RAIN, SNOW, WET",NOT DISTRACTED,MD,4B1FC996-04A5-4968-BB18-1A5636AC0B6A,SUPERFICIAL,SIX OCLOCK,PASSENGER CAR,SLOWING OR STOPPING,North,35,No,No,2006,JEEP,LIBERTY,39.00311514,-77.07703148,"(39.00311514, -77.07703148)"
MCP3330002S,250012563,MONTGOMERY,Property Damage Crash,03/22/2025 11:26:00 AM,County Route,RANDOLPH RD (WB/L),BUSHEY DR,,,,Front to Rear,Cloudy,Dry,Daylight,Traffic Control Signal,"Not Suspect of Alcohol Use, Not Suspect of Drug Use",,E95A3BD8-187E-436C-8BFC-B171321B1617,Yes,No Apparent Injury,,Unknown,MD,B409AA58-B806-464E-B24C-A46FA13A2B9A,Superficial,Twelve O Clock,Pickup,Stopped in Traffic,Westbound,35,No,No,2015,NISSAN,FRONTIER,39.05792433,-77.07765333,"(39.05792433, -77.07765333)"
MCP1342000M,15043391,MONTGOMERY,Injury Crash,08/29/2015 09:46:00 AM,Maryland (State),DARNESTOWN RD,BERRYVILLE RD,,N/A,,HEAD ON,CLEAR,DRY,DAYLIGHT,NO CONTROLS,NONE DETECTED,,22D0D2AB-4745-475E-AC01-2E3474E69054,Yes,SUSPECTED SERIOUS INJURY,N/A,NOT DISTRACTED,MD,1241D2C9-B94B-4435-9500-F88BE91E7644,DISABLING,TWELVE OCLOCK,PASSENGER CAR,MOVING CONSTANT SPEED,East,50,No,No,2004,NISSAN,4 DR,39.11375,-77.30853833,"(39.11375, -77.30853833)"
MCP26750029,190052556,Montgomery County Police,Injury Crash,11/01/2019 05:10:00 AM,Maryland (State),NORBECK RD,ROCKING SPRING DR,,N/A,,SAME DIR REAR END,CLEAR,DRY,DARK LIGHTS ON,NO CONTROLS,NONE DETECTED,,682BBFDF-702A-43AB-9956-E994B9B9622C,Yes,NO APPARENT INJURY,N/A,NOT DISTRACTED,MD,53909EEA-0510-4C40-9EA7-24AAA53BA3BC,DESTROYED,TWELVE OCLOCK,PASSENGER CAR,MOVING CONSTANT SPEED,West,35,No,No,2016,HYUN,ELANTRA,39.09776146,-77.10487793,"(39.09776146, -77.10487793)"
MCP29320013,16051880,Montgomery County Police,Property Damage Crash,10/09/2016 04:17:00 AM,County,RIPLEY ST,GEORGIA AVE,,N/A,,SINGLE VEHICLE,RAINING,WET,DARK LIGHTS ON,N/A,ALCOHOL PRESENT,,A37D5DE1-3FB7-4003-B5C0-594B8BF63AA8,Yes,NO APPARENT INJURY,"RAIN, SNOW, WET",UNKNOWN,MD,E06F8F8F-28FD-48DD-AAEA-1B4F63BD29F3,FUNCTIONAL,TWELVE OCLOCK,PASSENGER CAR,SLOWING OR STOPPING,East,25,No,No,2011,CHEVROLET,CRUZE,38.99254167,-77.027585,"(38.99254167, -77.027585)"
MCP30970014,190009635,Montgomery County Police,Property Damage Crash,03/01/2019 04:50:00 AM,County,APRIL LA,CUL DE SAC,,N/A,,OTHER,SNOW,SNOW,DARK LIGHTS ON,N/A,NONE DETECTED,,1BD1654E-AC07-4C04-8549-9A563BB5D6C3,Yes,NO APPARENT INJURY,"ICY OR SNOW-COVERED, RAIN, SNOW",NOT DISTRACTED,MD,D42DEB02-0ED7-4401-94CC-80CB4D89662D,DISABLING,TEN OCLOCK,PASSENGER CAR,MOVING CONSTANT SPEED,East,30,No,No,2018,MOSSAM,VERSA,39.046325,-76.97787167,"(39.046325, -76.97787167)"
MCP3113006N,240048652,MONTGOMERY,Property Damage Crash,10/11/2024 05:50:00 PM,Maryland (State) Route,UNIVERSITY BLVD E (WB/L),,,,,"Sideswipe, Same Direction",Clear,Dry,Daylight,No Controls,"Not Suspect of Alcohol Use, Not Suspect of Drug Use",,D5E2FAA3-7E0A-44C0-B84C-1B0871AB4383,No,No Apparent Injury,,Not Distracted,MD,F64515E3-F09B-4205-8440-F93EDB4D4FDB,Superficial,Four O Clock,Passenger Car,Moving Constant Speed,Eastbound,30,No,No,2023,HONDA,CIVIC,38.9993496,-76.99506743,"(38.9993496, -76.99506743)"
HA23610002,15000278,Maryland-National Capital,Property Damage Crash,04/06/2015 09:42:00 AM,,,,Parking lot 10900 Westlake Drive Bethesda Md.,,,SAME DIR REAR END,CLEAR,,DAYLIGHT,STOP SIGN,NONE DETECTED,,F978CDB6-7A52-4012-AF2B-090096B038F4,Yes,NO APPARENT INJURY,N/A,INATTENTIVE OR LOST IN THOUGHT,MA,17771F46-A440-4FD4-9555-FD327643B55E,NO DAMAGE,TWELVE OCLOCK,PASSENGER CAR,STARTING FROM LANE,South,25,No,No,2005,HONDA,ACCORD,39.03460289,-77.14711189,"(39.03460289, -77.14711189)"
MCP285900CB,220023256,Montgomery County Police,Property Damage Crash,05/31/2022 01:30:00 PM,Maryland (State),MONTGOMERY VILLAGE AVE,RUSSELL AVE,,GAITHERSBURG,,SAME DIRECTION SIDESWIPE,CLEAR,DRY,DAYLIGHT,NO CONTROLS,NONE DETECTED,,479FBF49-9F54-4339-B605-D96CCF2C7623,Yes,NO APPARENT INJURY,N/A,UNKNOWN,MD,C45B0AAF-22DD-41FB-B59A-8C76BFD613F1,SUPERFICIAL,EIGHT OCLOCK,PASSENGER CAR,CHANGING LANES,North,35,No,No,2016,HOND,SEDAN,39.15410333,-77.20972833,"(39.15410333, -77.20972833)"
MCP3050000H,17016300,Montgomery County Police,Property Damage Crash,03/31/2017 05:30:00 AM,,,,"INSIDE PARKING GARAGE ON LEVEL ONE, LOCATED ON REEDIE DR",,,SAME DIRECTION SIDESWIPE,CLEAR,,DARK LIGHTS ON,TRAFFIC SIGNAL,UNKNOWN,,E23808B4-A7AB-44CB-9E70-64AAF77D86DF,Yes,NO APPARENT INJURY,N/A,UNKNOWN,,505612DE-0231-4BA1-8A43-805811143EFC,FUNCTIONAL,TWO OCLOCK,PASSENGER CAR,MOVING CONSTANT SPEED,East,10,No,No,2008,DODGE,CHARGER,39.03768632,-77.0531702,"(39.03768632, -77.0531702)"
MCP2939005Q,210026866,Montgomery County Police,Property Damage Crash,07/12/2021 04:54:00 PM,County,SUNDOWN RD,LAYTONSVILLE RD,,N/A,,SAME DIR REAR END,CLEAR,DRY,DAYLIGHT,NO CONTROLS,N/A,,FB70A039-DF92-4AB5-802F-BC96187BA1C7,No,NO APPARENT INJURY,N/A,NOT DISTRACTED,MD,9C6B7ADF-FDAB-4C3D-9938-2F626879DF10,FUNCTIONAL,SIX OCLOCK,VAN,SLOWING OR STOPPING,West,40,No,No,2019,RAM,VN,39.213925,-77.1276,"(39.213925, -77.1276)"
MCP2243000C,16040990,Montgomery County Police,Property Damage Crash,08/12/2016 10:17:00 PM,Maryland (State),NEW HAMPSHIRE AVE,CAPITAL BELTWAY,,N/A,,SAME DIR REAR END,CLEAR,DRY,DARK LIGHTS ON,TRAFFIC SIGNAL,NONE DETECTED,,ADEA5151-4251-47C2-AA4C-F32AF149F822,No,NO APPARENT INJURY,N/A,NOT DISTRACTED,VA,1E74BA6F-4B21-4703-ADB0-5F481AFC3996,SUPERFICIAL,SIX OCLOCK,PASSENGER CAR,STOPPED IN TRAFFIC LANE,North,40,No,No,2001,TOYOTA,SIENNA,39.01910554,-76.97657838,"(39.01910554, -76.97657838)"
MCP31640011,190003535,Montgomery County Police,Injury Crash,01/23/2019 12:40:00 PM,County,GOODHILL RD,CENTERHILL ST,,N/A,,STRAIGHT MOVEMENT ANGLE,CLEAR,DRY,DAYLIGHT,STOP SIGN,N/A,,EFDD2678-F98E-4EA9-91B3-ED6981CC4DA0,Yes,NO APPARENT INJURY,N/A,NOT DISTRACTED,MD,BE4F8AA5-304B-4125-AA37-3AC849C80D21,SUPERFICIAL,TWELVE OCLOCK,PASSENGER CAR,SLOWING OR STOPPING,South,25,No,No,2002,NISS,4S,39.05653667,-77.069175,"(39.05653667, -77.069175)"
MCP2291007K,240016709,MONTGOMERY,Property Damage Crash,04/10/2024 01:15:00 PM,Maryland (State) Route,RIVER RD,,,,,"Sideswipe, Same Direction",Clear,Dry,Daylight,No Controls,"Unknown, Unknown",,0B3F61FD-C63F-4462-A4F1-A338F219EC3D,No,No Apparent Injury,Other Improper Action,Unknown,MD,5F7F39C3-5098-46E4-B634-21E652A828E7,Vehicle Not at Scene,Vehicle Not at Scene,Unknown,Overtaking/Passing,Eastbound,35,No,No,2014,CHEVROLET,EXPRESS,39.01496994,-77.20444016,"(39.01496994, -77.20444016)"
MCP3037002F,190001294,Montgomery County Police,Property Damage Crash,01/08/2019 05:56:00 PM,Maryland (State),FREDERICK RD,MIDDLEBROOK RD,,N/A,,STRAIGHT MOVEMENT ANGLE,CLEAR,WET,DARK LIGHTS ON,TRAFFIC SIGNAL,NONE DETECTED,,0645FABA-2A00-4CC4-A16D-1E1EB3BFD2A9,Yes,NO APPARENT INJURY,"N/A, WET",UNKNOWN,MD,1FFA9147-6841-49D0-AD8E-9E4B602A6987,FUNCTIONAL,TWELVE OCLOCK,PASSENGER CAR,MOVING CONSTANT SPEED,North,40,No,No,2008,TOYOTA,CAMRY,39.18195167,-77.23832,"(39.18195167, -77.23832)"
MCP2588003V,180005705,Montgomery County Police,Injury Crash,02/02/2018 02:29:00 PM,Maryland (State),NORBECK RD,BAUER DR,,N/A,,SAME DIR REAR END,CLEAR,DRY,DAYLIGHT,TRAFFIC SIGNAL,NONE DETECTED,,FC49AD83-46E6-4FE4-BF06-EE47E9DFC36D,No,POSSIBLE INJURY,N/A,NOT DISTRACTED,MD,84531A07-D9CA-4C66-8F5D-74B02DFB41BF,DISABLING,SIX OCLOCK,(SPORT) UTILITY VEHICLE,STOPPED IN TRAFFIC LANE,West,40,No,No,2016,TOYOTA,4 RUNNER,39.09660667,-77.10856167,"(39.09660667, -77.10856167)"
DD5575002R,230009447,Rockville Police Departme,Property Damage Crash,02/25/2023 03:18:00 AM,Municipality,N WASHINGTON ST,W MIDDLE LA,,ROCKVILLE,,SINGLE VEHICLE,CLEAR,DRY,DARK LIGHTS ON,N/A,UNKNOWN,,DEE5021F-9927-48B1-B95E-4F882942CD22,Yes,NO APPARENT INJURY,N/A,UNKNOWN,,92233735-A392-41D1-9836-5C07A9DEF7C8,DISABLING,TWELVE OCLOCK,PASSENGER CAR,UNKNOWN,South,30,No,No,2019,HONDA,CR-VV,39.08486118,-77.15303587,"(39.08486118, -77.15303587)"
DM8374002D,190013954,Takoma Park Police Depart,Property Damage Crash,03/26/2019 02:00:00 PM,Maryland (State),NEW HAMPSHIRE AVE,SLIGO CREEK PKWY,,N/A,,SAME DIR REAR END,CLEAR,DRY,DAYLIGHT,TRAFFIC SIGNAL,N/A,,D29536D8-7285-4B13-8C34-D1416FEAA5AB,No,NO APPARENT INJURY,N/A,NOT DISTRACTED,MD,A1C566D4-BBF8-4805-AC87-E8368CC9924F,FUNCTIONAL,SIX OCLOCK,PASSENGER CAR,SLOWING OR STOPPING,South,35,No,No,2014,DODGE,DART,38.98076167,-76.98964667,"(38.98076167, -76.98964667)"
MCP21810036,200005546,Montgomery County Police,Property Damage Crash,02/03/2020 06:58:00 AM,Maryland (State),FREDERICK RD,GREENBROOK DR,,N/A,,OPPOSITE DIRECTION SIDESWIPE,CLEAR,DRY,DAWN,N/A,N/A,,A45B5F20-F2F2-4ECB-9907-11927A9C8F79,Yes,NO APPARENT INJURY,"N/A, ROAD UNDER CONSTRUCTION/MAINTENANCE",NOT DISTRACTED,MD,6907E28E-3B35-4F0D-9A0C-44F4EDA64941,SUPERFICIAL,TEN OCLOCK,SCHOOL BUS,MOVING CONSTANT SPEED,South,45,No,No,2015,FRHT,BU,39.21594833,-77.25083,"(39.21594833, -77.25083)"
MCP2708006H,200021797,Montgomery County Police,Property Damage Crash,06/02/2020 03:00:00 PM,Maryland (State),UNIVERSITY BLVD E,NAVAHOE DR,,N/A,,SINGLE VEHICLE,CLOUDY,DRY,DAYLIGHT,NO CONTROLS,NONE DETECTED,,45217776-A3A6-427E-A7A9-873141636186,Yes,NO APPARENT INJURY,N/A,DISTRACTED BY OUTSIDE PERSON OBJECT OR EVENT,MD,0710D675-223E-43EC-A342-A9CCBAF37578,DISABLING,TWELVE OCLOCK,(SPORT) UTILITY VEHICLE,CHANGING LANES,East,30,No,No,2018,MITS,OUTLANDER,38.99331167,-76.99206833,"(38.99331167, -76.99206833)"
MCP295200C8,210052011,Montgomery County Police,Property Damage Crash,12/21/2021 12:15:00 PM,,,,PARKING LOT OF 8818 GEORGIA AVE,,,OPPOSITE DIRECTION SIDESWIPE,CLOUDY,,DAYLIGHT,NO CONTROLS,NONE DETECTED,,9F10EB28-F246-4014-A949-09F30E637532,No,NO APPARENT INJURY,N/A,NOT DISTRACTED,MD,E5BDB476-4A18-4AFE-BF01-3CCF67998A7B,SUPERFICIAL,SEVEN OCLOCK,PICKUP TRUCK,SLOWING OR STOPPING,Unknown,15,No,No,2002,DODGE,RAM,39.00038167,-77.033615,"(39.00038167, -77.033615)"
HA25260003,24000138,MCPARK,Property Damage Crash,01/26/2024 12:40:00 PM,Government Route,HILLANDALE RD,LITTLE FALLS PKWY (NB/L),,,,Front to Rear,Clear,Dry,Daylight,Traffic Control Signal,"Not Suspect of Alcohol Use, Not Suspect of Drug Use",,CB6A3BBF-D851-406B-82B5-ABA43A512D2E,Yes,No Apparent Injury,,Unknown,,B91590DB-6F88-439C-8B80-80DAA1280EE5,Vehicle Not at Scene,Vehicle Not at Scene,Passenger Car,Accelerating,Southbound,25,No,No,0,,,38.9727847,-77.10043042,"(38.9727847, -77.10043042)"
MCP3192002K,220005739,Montgomery County Police,Property Damage Crash,02/09/2022 07:35:00 PM,Maryland (State),UNIVERSITY BLVD W,GEORGIA AVE,,N/A,,STRAIGHT MOVEMENT ANGLE,CLEAR,DRY,DARK LIGHTS ON,TRAFFIC SIGNAL,UNKNOWN,,36A5F360-3E38-4F4F-B959-78754B023003,Yes,NO APPARENT INJURY,N/A,UNKNOWN,,EF2E63E3-6729-4F3A-B4EB-F143220B5287,DISABLING,TWELVE OCLOCK,PASSENGER CAR,ACCELERATING,South,35,No,No,2010,LINCOLN,MK,39.0413785,-77.05177683,"(39.0413785, -77.05177683)"
MCP2737000S,15000818,Montgomery County Police,Property Damage Crash,01/06/2015 12:30:00 AM,,,,"parking lot of 3222 spartan road, Olney MD 20832",,,OTHER,CLEAR,,DARK LIGHTS ON,NO CONTROLS,NONE DETECTED,,A1671D85-CA52-4BEE-94E1-F6B53BE8F4F4,Yes,NO APPARENT INJURY,N/A,OTHER DISTRACTION,MD,734CFA99-FA76-445C-AB36-30419FBB4563,SUPERFICIAL,SIX OCLOCK,PASSENGER CAR,BACKING,West,5,No,No,2014,TOYOTA,RAV4,39.14985,-77.06185667,"(39.14985, -77.06185667)"
MCP3148007S,250013108,MONTGOMERY,Property Damage Crash,03/25/2025 07:04:00 PM,County Route,BLACKTHORN ST,CONNECTICUT AVE,,,,Front to Rear,Clear,Dry,Dusk,No Controls,"Not Suspect of Alcohol Use, Not Suspect of Drug Use",,D561327F-9AAF-4CEE-8B63-DD7FC4ECACF5,Yes,No Apparent Injury,,Unknown,MD,121A3BAF-6277-488E-8B09-D005B8CDBF32,Superficial,Twelve O Clock,Bus - Transit,Slowing or Stopping,Northbound,35,No,No,2009,GILLIG,CITY TRANSIT BUS,38.98706735,-77.07701783,"(38.98706735, -77.07701783)"
MCP20940065,16016629,Montgomery County Police,Injury Crash,04/05/2016 05:26:00 PM,Maryland (State),RIVER RD,GOLDSBORO RD,,N/A,,SAME DIR REAR END,CLEAR,DRY,DAYLIGHT,TRAFFIC SIGNAL,NONE DETECTED,,2ECACAED-F2EE-4501-A4AA-518E48404B13,No,POSSIBLE INJURY,N/A,NOT DISTRACTED,MD,FB3DD7C8-B0C0-4430-9744-1F049191C7D2,DISABLING,SIX OCLOCK,(SPORT) UTILITY VEHICLE,SLOWING OR STOPPING,East,45,No,No,2012,SUBARU,FORESTER,38.974185,-77.12371333,"(38.974185, -77.12371333)"
MCP09420016,170506018,Montgomery County Police,Property Damage Crash,05/05/2017 08:18:00 AM,Maryland (State),WISCONSIN AVE,STANFORD ST,,N/A,,SAME DIR REAR END,RAINING,WET,DAYLIGHT,NO CONTROLS,NONE DETECTED,,D09E4174-C5DE-41C9-BFF9-66E1F2C67FC2,Yes,NO APPARENT INJURY,"RAIN, SNOW, WET",NOT DISTRACTED,MD,8D293100-CF6B-45AC-861F-078322F4AC27,FUNCTIONAL,ONE OCLOCK,PASSENGER CAR,CHANGING LANES,South,25,No,No,2012,HYUNDIA,SONATA,38.97935417,-77.09193617,"(38.97935417, -77.09193617)"
MCP2446001M,16001642,Montgomery County Police,Property Damage Crash,01/09/2016 04:02:00 PM,Maryland (State),FIRST ST,WOOTTON PKWY (BACK),,ROCKVILLE,,OTHER,CLOUDY,UNKNOWN,DAYLIGHT,NO CONTROLS,UNKNOWN,,69510C46-0CD9-427F-9EEC-8C494D732FFC,Yes,NO APPARENT INJURY,N/A,UNKNOWN,,E514DC27-59BF-4F5D-A304-FE6566CAA0E0,SUPERFICIAL,ONE OCLOCK,VAN,ACCELERATING,Unknown,25,No,No,2007,CHRYSLER,TOWN AND COUNTRY,39.1836824,-77.2628046,"(39.1836824, -77.2628046)"
MCP27070019,180043922,Montgomery County Police,Property Damage Crash,09/03/2018 11:53:00 AM,County,SNOUFFERS SCHOOL RD,BONANZA WAY,,N/A,,OPPOSITE DIRECTION SIDESWIPE,N/A,DRY,DAYLIGHT,STOP SIGN,NONE DETECTED,,E804ECFF-B874-4C6F-A477-04E9F0D6376C,No,NO APPARENT INJURY,N/A,NOT DISTRACTED,MD,AC741693-F65F-46C4-B813-D0B4C644AED1,DISABLING,TWELVE OCLOCK,(SPORT) UTILITY VEHICLE,MOVING CONSTANT SPEED,North,40,No,No,2005,KIA,SPORTAGE,39.16662,-77.17126333,"(39.16662, -77.17126333)"
MCP2677000G,16002472,Montgomery County Police,Property Damage Crash,01/13/2016 10:59:00 PM,,,,CORN FIELD APPROXIMATELY 1/4 MILE SOUTH EAST OF PEACH TREE RD/WHITES STORE RD,,,OTHER,N/A,,DARK NO LIGHTS,N/A,N/A,,88CC5C1A-25D3-4C96-830C-9776EE5A56C7,Yes,NO APPARENT INJURY,N/A,NOT DISTRACTED,MD,949F9E36-F524-4A55-84B2-58659C76B3A0,FUNCTIONAL,TWELVE OCLOCK,POLICE VEHICLE/EMERGENCY,SLOWING OR STOPPING,North,15,No,No,2014,DODGE,CHARGER,39.19898275,-77.37165034,"(39.19898275, -77.37165034)"
MCP2009000Y,190062850,Montgomery County Police,Injury Crash,12/31/2019 08:35:00 AM,Maryland (State),WILSON LA,MACARTHUR BLVD,,N/A,,ANGLE MEETS LEFT TURN,CLOUDY,WET,DAYLIGHT,STOP SIGN,NONE DETECTED,,120E3257-D45C-415B-B91A-80671F90B2BE,No,NO APPARENT INJURY,"N/A, WET",NOT DISTRACTED,MD,058CDCCE-7DB8-4AD5-9FD0-09796D9329CA,FUNCTIONAL,TEN OCLOCK,PASSENGER CAR,MOVING CONSTANT SPEED,East,35,No,No,2018,KIA,SORENTO,38.97280167,-77.14608833,"(38.97280167, -77.14608833)"
MCP30270025,190043647,Montgomery County Police,Injury Crash,09/12/2019 07:44:00 AM,County,SHADY GROVE RD,MIDCOUNTY HWY,,N/A,,SAME DIR REAR END,CLEAR,DRY,DAYLIGHT,TRAFFIC SIGNAL,N/A,,5E9C3C94-7923-4285-B0D2-1DC0E12B79B5,Yes,NO APPARENT INJURY,N/A,UNKNOWN,MD,794651F8-1D9E-450D-BDD3-F459481A3E4A,DISABLING,TWELVE OCLOCK,PASSENGER CAR,SLOWING OR STOPPING,South,35,No,No,2010,CHEV,TK,39.14313333,-77.15115833,"(39.14313333, -77.15115833)"
MCP3348000H,230015885,Montgomery County Police,Injury Crash,06/08/2023 07:49:00 AM,County,PARKLAND DR,FRANKFORT DR,,N/A,,SAME DIRECTION SIDESWIPE,CLEAR,DRY,DAYLIGHT,NO CONTROLS,NONE DETECTED,,4129CE0A-D75D-4605-9EF6-1E70285F973D,No,NO APPARENT INJURY,N/A,NOT DISTRACTED,MD,EAF3AEC5-8077-482C-BB6E-BD8349D0284D,SUPERFICIAL,EIGHT OCLOCK,PASSENGER CAR,MOVING CONSTANT SPEED,North,25,No,No,2011,TOYT,SU,39.08358087,-77.08689069,"(39.08358087, -77.08689069)"
MCP3079003Q,210028443,Montgomery County Police,Property Damage Crash,07/22/2021 08:03:00 PM,County,WISTERIA DR,GERMANTOWN RD,,N/A,,HEAD ON,CLEAR,DRY,DAYLIGHT,TRAFFIC SIGNAL,ALCOHOL PRESENT,,E9248506-9892-4C98-A4EF-5BD96B3C172C,Yes,NO APPARENT INJURY,N/A,NOT DISTRACTED,MD,FCBA4E90-AE9E-4153-A36D-178599574E05,DISABLING,TWELVE OCLOCK,(SPORT) UTILITY VEHICLE,MAKING RIGHT TURN,West,30,No,No,2017,HONDA,CRV,39.17718333,-77.27054167,"(39.17718333, -77.27054167)"
MCP2859001C,15041803,MONTGOMERY,Property Damage Crash,08/21/2015 06:12:00 AM,County,SHADY GROVE RD,BRIARDALE RD,,N/A,,SAME DIR REAR END,CLEAR,WET,DARK LIGHTS ON,TRAFFIC SIGNAL,NONE DETECTED,,0F3337BE-795C-428C-A64B-40DBD4363B2C,No,NO APPARENT INJURY,N/A,NOT DISTRACTED,MD,5AECD6C6-7E9E-4579-B4A7-5B02231E445C,SUPERFICIAL,SIX OCLOCK,PASSENGER CAR,STOPPED IN TRAFFIC LANE,South,30,No,No,2009,HOND,CRV,39.134975,-77.157225,"(39.134975, -77.157225)"
MCP1119005M,180035142,Montgomery County Police,Property Damage Crash,07/16/2018 12:19:00 PM,County,HARBOUR TOWN DR,BAY HILL LA,,N/A,,OTHER,CLEAR,DRY,DAYLIGHT,NO CONTROLS,NONE DETECTED,,16D83BA4-C652-4B0D-A18A-28DFA44E2291,Yes,NO APPARENT INJURY,N/A,NOT DISTRACTED,MD,407F54E3-C624-479E-BBA8-0A95EB66FFE1,FUNCTIONAL,TWO OCLOCK,PASSENGER CAR,PASSING,North,25,No,No,2006,INFI,M35,39.12724667,-76.9929,"(39.12724667, -76.9929)"
MCP3309000C,220004416,Montgomery County Police,Property Damage Crash,02/01/2022 07:01:00 PM,Maryland (State),FALLS RD,MONTROSE RD,,N/A,,HEAD ON LEFT TURN,CLEAR,DRY,DARK LIGHTS ON,TRAFFIC SIGNAL,NONE DETECTED,,559074FC-4736-4A75-8EC6-B1B666EFEA53,No,NO APPARENT INJURY,N/A,NOT DISTRACTED,NJ,CB58E97A-6BCB-48C2-9C22-E22690ACC522,DISABLING,TWELVE OCLOCK,PASSENGER CAR,MOVING CONSTANT SPEED,North,35,No,No,2015,FORD,FOCUS,39.05632683,-77.179269,"(39.05632683, -77.179269)"
MCP9301004W,230072027,Montgomery County Police,Property Damage Crash,12/16/2023 08:50:00 AM,County,SAM EIG HWY,FIELDS RD,,N/A,,SAME DIR REAR END,N/A,DRY,DAYLIGHT,TRAFFIC SIGNAL,N/A,,32179C51-465D-423B-921B-10EDFC30B860,No,NO APPARENT INJURY,N/A,NOT DISTRACTED,MD,617BA434-A211-4886-809D-00F9D073CF32,DISABLING,SIX OCLOCK,PASSENGER CAR,STARTING FROM LANE,West,45,No,No,2015,HOND,SD,39.11620533,-77.20846688,"(39.11620533, -77.20846688)"
MCP3055001F,180035497,Montgomery County Police,Property Damage Crash,07/18/2018 09:00:00 AM,County,ROSSMOOR BLVD,PVT RD (AHEAD),,N/A,,SINGLE VEHICLE,CLEAR,DRY,DAYLIGHT,OTHER,N/A,,435B4577-BFC5-466E-9483-F8E40C77985A,Yes,NO APPARENT INJURY,N/A,NOT DISTRACTED,MD,03B538D5-E822-44F7-AA7E-572785B81438,NO DAMAGE,TWELVE OCLOCK,TRANSIT BUS,MOVING CONSTANT SPEED,West,25,No,No,2008,METRO,BUS,39.10083333,-77.07533333,"(39.10083333, -77.07533333)"
DD5590000N,16040569,Rockville Police Departme,Property Damage Crash,08/10/2016 04:48:00 PM,Maryland (State),ROCKVILLE PIKE,EXIT FR ROCKVILLE METRO PLAZA,,N/A,,SAME DIR REAR END,CLEAR,DRY,DAYLIGHT,N/A,NONE DETECTED,,89461440-6C29-45B3-9724-4EFABF9B12B7,No,NO APPARENT INJURY,N/A,NOT DISTRACTED,MD,556556D9-966C-4088-9F80-C5BE7BAE2519,SUPERFICIAL,SIX OCLOCK,PASSENGER CAR,STOPPED IN TRAFFIC LANE,South,35,No,No,2015,TOYOTA,COROLLA,39.086005,-77.14908667,"(39.086005, -77.14908667)"
MCP28910062,180027440,Montgomery County Police,Property Damage Crash,06/04/2018 01:17:00 PM,,,,PARKING GARAGE #7 AT 8530 CAMERON ST,,,OTHER,CLEAR,,DAYLIGHT,N/A,NONE DETECTED,,A5A04C5B-9FC8-4303-BFA6-743AE56926A8,Yes,NO APPARENT INJURY,N/A,LOOKED BUT DID NOT SEE,MD,E329DDDD-8718-4579-B96D-450EF9239F88,NO DAMAGE,SIX OCLOCK,PASSENGER CAR,BACKING,South,15,No,No,2004,TOYOTA,AVALON,38.99642367,-77.031049,"(38.99642367, -77.031049)"
MCP2960002Y,180020187,Montgomery County Police,Injury Crash,04/25/2018 06:30:00 AM,Maryland (State),NORBECK RD,BARN RIDGE DR,,N/A,,SAME DIR REAR END,RAINING,WET,DUSK,NO CONTROLS,N/A,,BE25E0A1-472A-4DB3-91D7-7A93FF7A939E,Yes,NO APPARENT INJURY,"RAIN, SNOW, WET",NOT DISTRACTED,MD,5D7C39A3-22B1-44CF-9FB0-56FE25FE0C21,DISABLING,TWELVE OCLOCK,PASSENGER CAR,MOVING CONSTANT SPEED,West,40,No,No,2015,FORD,TK,39.12009333,-77.04372833,"(39.12009333, -77.04372833)"