Report Number,Local Case Number,Agency Name,ACRS Report Type,Crash Date/Time,Route Type,Road Name,Cross-Street Name,Off-Road Description,Municipality,Related Non-Motorist,Collision Type,Weather,Surface Condition,Light,Traffic Control,Driver Substance Abuse,Non-Motorist Substance Abuse,Person ID,Driver At Fault,Injury Severity,Circumstance,Driver Distracted By,Drivers License State,Vehicle ID,Vehicle Damage Extent,Vehicle First Impact Location,Vehicle Body Type,Vehicle Movement,Vehicle Going Dir,Speed Limit,Driverless Vehicle,Parked Vehicle,Vehicle Year,Vehicle Make,Vehicle Model,Latitude,Longitude,Location
MCP320000CW,240035104,MONTGOMERY,Injury Crash,07/25/2024 12:14:00 PM,Maryland (State) Route,MONTROSE PKWY (WB/L),,,,,Front to Rear,Cloudy,Dry,Daylight,No Controls,"Not Suspect of Alcohol Use, Not Suspect of Drug Use",,FD82E56C-0AF1-44C5-929A-6B7A75EA27BE,No,Suspected Minor Injury,,Not Distracted,MD,D8C151CC-72B4-4553-A6AB-058F3373DAE9,Functional,Six O Clock,Other Trucks,Stopped in Traffic,Westbound,35,No,No,2016,FORD,COMMERCIAL CHASSIS,39.05229533,-77.11757983,"(39.05229533, -77.11757983)"
MCP12350059,240013232,MONTGOMERY,Property Damage Crash,03/19/2024 01:50:00 PM,US (State),COLESVILLE RD,,,,,Other,Clear,Dry,Daylight,No Controls,"Unknown, Unknown",,5644903B-E370-4A33-800A-35C290818B7A,No,,,,,78339D44-04E8-4F8F-B398-4390FC45C510,Vehicle Not at Scene,Vehicle Not at Scene,Passenger Car,Backing,Not On Roadway,5,No,No,2023,FORD,ESCAPE,39.02153234,-77.01173534,"(39.02153234, -77.01173534)"
EJ7826000R,15044141,GAITHERSBURG,Injury Crash,09/02/2015 02:17:00 PM,Maryland (State),S FREDERICK RD,EDUCATION BLVD,,GAITHERSBURG,,SINGLE VEHICLE,CLEAR,DRY,DAYLIGHT,TRAFFIC SIGNAL,N/A,,E14E2394-5530-4D2E-9B4B-3FB4E41A01B3,Yes,SUSPECTED MINOR INJURY,N/A,NOT DISTRACTED,MD,FA367888-DA29-466E-A1EE-B23A4304CDB2,DISABLING,TWELVE OCLOCK,PASSENGER CAR,MOVING CONSTANT SPEED,North,30,No,No,2009,NISSAN,VERSA,39.13635179,-77.1924305,"(39.13635179, -77.1924305)"
EJ78460011,15057191,GAITHERSBURG,Property Damage Crash,11/09/2015 07:23:00 PM,Municipality,CHRISTOPHER AVE,RUSSELL AVE,,GAITHERSBURG,,HEAD ON LEFT TURN,RAINING,WET,DARK LIGHTS ON,TRAFFIC SIGNAL,NONE DETECTED,,AD9D6AF0-8C37-4956-A3CB-1DC57F7925C9,No,NO APPARENT INJURY,"RAIN, SNOW, WET",NOT DISTRACTED,MD,DEDBBEAF-DEE9-4E71-97E3-E906326B380A,DISABLING,TWELVE OCLOCK,PASSENGER CAR,MOVING CONSTANT SPEED,North,30,No,No,2012,SCION,XD,39.15759,-77.21339,"(39.15759, -77.21339)"
EJ78730096,240023663,GAITHERSBURG,Property Damage Crash,05/19/2024 06:14:00 PM,,,,"Parking Lot Way        PARKING LOT OF 701 RUSSELL AVE GAITHERSBURG, MD 20877",,,Front to Rear,Clear,,Daylight,,"Not Suspect of Alcohol Use, Not Suspect of Drug Use",,BD74CE7E-B584-49CD-B240-04627B4AE0F0,No,No Apparent Injury,,Not Distracted,XX,B2F31362-1151-40D5-8830-804246DB5B06,Superficial,Six O Clock,Passenger Car,Stopped in Traffic,Northbound,0,No,No,2003,MERCEDES-BENZ,C-CLASS,39.15659259,-77.20353201,"(39.15659259, -77.20353201)"
MCP30050010,16031564,Montgomery County Police,Property Damage Crash,06/22/2016 02:21:00 PM,Maryland (State),UNIVERSITY BLVD W,ELKIN ST,,N/A,,STRAIGHT MOVEMENT ANGLE,N/A,DRY,DAYLIGHT,STOP SIGN,NONE DETECTED,,D3CC2CB0-74B6-4343-A4B3-261BAA09C175,No,NO APPARENT INJURY,N/A,NOT DISTRACTED,MD,BC1C6144-B832-46D8-AC5A-6D7F3D70A6CA,FUNCTIONAL,ELEVEN OCLOCK,PASSENGER CAR,MOVING CONSTANT SPEED,East,40,No,No,2013,MAZDA,TK,39.04154251,-77.05032974,"(39.04154251, -77.05032974)"
MCP9439000M,190022446,Montgomery County Police,Property Damage Crash,05/12/2019 11:00:00 PM,Maryland (State),WHITES FERRY RD,PARTNERSHIP RD,,N/A,,SINGLE VEHICLE,OTHER,WET,DARK NO LIGHTS,N/A,N/A,,3D8BB191-CEA5-4A47-810E-24BA28904C2B,Yes,NO APPARENT INJURY,"N/A, WET",INATTENTIVE OR LOST IN THOUGHT,DE,1749709A-54D6-42A0-9055-6511FAF5897B,FUNCTIONAL,ONE OCLOCK,PASSENGER CAR,MOVING CONSTANT SPEED,East,40,No,No,2007,NISS,ALT,39.13244167,-77.38537333,"(39.13244167, -77.38537333)"
MCP2107003F,210050191,Montgomery County Police,Property Damage Crash,12/10/2021 02:34:00 PM,Maryland (State),BARNESVILLE RD,SPUR FR MD 117 TO MD 117,,N/A,,SAME DIR REAR END,CLEAR,DRY,DAYLIGHT,NO CONTROLS,UNKNOWN,,78A4D9EC-3959-41B6-87B7-E1AAB0440E7F,Yes,NO APPARENT INJURY,N/A,UNKNOWN,,49FAD171-06F7-4051-BCC4-2F040CE7B329,UNKNOWN,TWELVE OCLOCK,PASSENGER CAR,MOVING CONSTANT SPEED,North,30,No,No,2004,FORD,FOCUS,39.18471508,-77.31317795,"(39.18471508, -77.31317795)"
MCP25650059,180028154,Montgomery County Police,Injury Crash,06/07/2018 06:30:00 PM,County,ARLINGTON RD,EDGEMOOR LA,,N/A,,HEAD ON LEFT TURN,CLEAR,DRY,DAYLIGHT,TRAFFIC SIGNAL,N/A,,4B14D7E0-68C6-4282-A462-CE3F8B843B21,No,SUSPECTED MINOR INJURY,N/A,NOT DISTRACTED,MD,D683ABB6-9357-46D3-BD83-D3B4BCC17B2E,DISABLING,TWELVE OCLOCK,MOTORCYCLE,MOVING CONSTANT SPEED,North,30,No,No,2016,HARLEY,ELECTRA GLIDE,38.984785,-77.09857333,"(38.984785, -77.09857333)"
MCP2886002G,170510072,Montgomery County Police,Injury Crash,05/26/2017 06:17:00 PM,Maryland (State),VEIRS MILL RD,GRIDLEY RD,,N/A,,HEAD ON LEFT TURN,CLEAR,DRY,DAYLIGHT,TRAFFIC SIGNAL,NONE DETECTED,,42378308-85D0-42C3-96BB-0ACF5E595777,Yes,NO APPARENT INJURY,N/A,LOOKED BUT DID NOT SEE,MD,DD47BEF3-E000-4358-8AA5-C911EB0CD71F,DISABLING,TWO OCLOCK,PASSENGER CAR,STARTING FROM LANE,East,35,No,No,2016,TOYOTA,COROLLA,39.05707833,-77.08409833,"(39.05707833, -77.08409833)"
MCP2846003K,170534459,Montgomery County Police,Property Damage Crash,10/03/2017 08:01:00 AM,Maryland (State),UNIVERSITY BLVD W,INWOOD AVE,,N/A,,OTHER,CLEAR,DRY,DAYLIGHT,TRAFFIC SIGNAL,NONE DETECTED,,6E010113-384D-475D-BD33-94403E8D59FC,No,NO APPARENT INJURY,N/A,UNKNOWN,TX,AF1D8CD0-3904-4C7B-BFA5-28CA90CF6866,NO DAMAGE,UNKNOWN,PASSENGER CAR,MAKING LEFT TURN,West,35,No,No,2007,KIA,SW,39.03623667,-77.03525167,"(39.03623667, -77.03525167)"
MCP15800048,15046622,MONTGOMERY,Property Damage Crash,09/15/2015 07:23:00 AM,Maryland (State),QUINCE ORCHARD RD,RAMP 2 FR MD 124 WB TO IS 270 NB,,N/A,,SAME DIR REAR END,CLEAR,DRY,DAYLIGHT,NO CONTROLS,NONE DETECTED,,7EFC3F78-342B-43D6-A723-9EFFB3056D67,No,NO APPARENT INJURY,N/A,NOT DISTRACTED,MD,5045C30A-F826-4379-B472-24DB1329F46D,FUNCTIONAL,SIX OCLOCK,(SPORT) UTILITY VEHICLE,SLOWING OR STOPPING,South,35,No,No,2012,FORD,EXPLORER,39.15108667,-77.21396,"(39.15108667, -77.21396)"
MCP3053007D,240015077,MONTGOMERY,Injury Crash,03/31/2024 06:21:00 PM,County Route,AMHERST AVE,,,,,Single Vehicle,Clear,Dry,Daylight,No Controls,"Suspect of Alcohol Use, Not Suspect of Drug Use",,29130436-7497-4069-A11F-BD7EB988F4B2,No,No Apparent Injury,,Unknown,MD,13FF883F-9EFF-4806-8F98-D3B0CAE804EC,Disabling,Twelve O Clock,Passenger Car,Moving Constant Speed,Westbound,35,No,No,2015,CHEVROLET,TAHOE,39.04181333,-77.04808667,"(39.04181333, -77.04808667)"
DD561500HP,250001357,ROCKVILLE,Property Damage Crash,01/11/2025 05:15:00 AM,Municipality Route,ROSEBUSH LA,,,,,"Sideswipe, Same Direction",Snow,Snow,Dark - Lighted,No Controls,"Not Suspect of Alcohol Use, Not Suspect of Drug Use",,6CFE64F5-1AC6-4604-A0BE-A311AB37BACE,No,No Apparent Injury,"Followed Too Closely, Other Improper Action",Unknown,MD,6E1EE287-22C7-43FB-8CF9-B84902F7F594,Functional,Twelve O Clock,Single-Unit Truck,Moving Constant Speed,Eastbound,25,No,No,2022,INTERNATIONAL,HV507,39.09652517,-77.1881519,"(39.09652517, -77.1881519)"
MCP2677000Q,16028689,Montgomery County Police,Injury Crash,06/07/2016 11:05:00 PM,Maryland (State),GREAT SENECA HWY,MATENY RD,,N/A,,SINGLE VEHICLE,CLEAR,DRY,DARK LIGHTS ON,N/A,N/A,,899BFFAC-4CB1-4312-BC55-52D46BBA4EA6,No,SUSPECTED SERIOUS INJURY,"ANIMAL, N/A",NOT DISTRACTED,MD,F31D76FE-6C64-4AEE-8F67-311E20039136,DESTROYED,TWELVE OCLOCK,MOTORCYCLE,MOVING CONSTANT SPEED,South,55,No,No,2001,HONDA,MOTO,39.14513904,-77.27399111,"(39.14513904, -77.27399111)"
MCP33550018,240032322,MONTGOMERY,Property Damage Crash,07/09/2024 01:41:00 PM,US (State),GEORGIA AVE (SB/L),,,,,"Sideswipe, Same Direction",Clear,Dry,Daylight,No Controls,"Not Suspect of Alcohol Use, Not Suspect of Drug Use",,6130A6AC-A35A-4FF5-9096-365FF9DA82DF,Yes,No Apparent Injury,,Not Distracted,MD,F33135B0-A25E-4C25-B43C-DC5E8F32FC54,Superficial,Four O Clock,Bus - Transit,Changing Lanes,Southbound,30,No,No,2021,NEW FLYER,XCELSIOR,38.99087518,-77.02698632,"(38.99087518, -77.02698632)"
MCP157500BT,200038232,Montgomery County Police,Property Damage Crash,09/29/2020 08:18:00 AM,County,QUINCE ORCHARD RD,DUFIEF MILL RD,,N/A,,OTHER,CLOUDY,DRY,DAYLIGHT,STOP SIGN,NONE DETECTED,,D25460C5-D8BF-4C43-B671-BC57F9FB7F43,No,NO APPARENT INJURY,N/A,NOT DISTRACTED,MD,9F29A65A-BDDF-43A3-9610-515F6EE7A078,SUPERFICIAL,TWELVE OCLOCK,PASSENGER CAR,STOPPED IN TRAFFIC LANE,South,30,No,No,2014,FORD,ESCAPE,39.08393708,-77.24853447,"(39.08393708, -77.24853447)"
EJ79070027,250028247,GAITHERSBURG,Property Damage Crash,06/24/2025 10:56:00 PM,Municipality Route,E DIAMOND AVE,,,,,Front to Rear,Clear,Dry,Dark - Lighted,No Controls,"Unknown, Unknown",,267F2294-87A3-42ED-BB46-2214AE0100C2,No,,Disregarded Other Road Markings,Unknown,,FFF1F165-38D1-4ED2-BFC5-81E6937D78C5,Superficial,Twelve O Clock,Passenger Car,Backing,Not On Roadway,30,No,No,2018,NISSAN,SENTRA,39.142088,-77.191108,"(39.142088, -77.191108)"
MCP30090041,220004272,Montgomery County Police,Property Damage Crash,02/01/2022 08:00:00 AM,County,SCENERY DR,CEDAR BLUFF DR,,N/A,,SAME DIRECTION LEFT TURN,CLEAR,DRY,DAYLIGHT,N/A,N/A,,F28611F6-78F5-4B88-B2C6-4D78BD0F45C7,Yes,NO APPARENT INJURY,N/A,NOT DISTRACTED,MD,41FDCAAD-5499-4022-9596-9A05CA225336,SUPERFICIAL,SEVEN OCLOCK,PASSENGER CAR,LEAVING TRAFFIC LANE,East,30,No,No,2007,TOYT,TK,39.18388382,-77.23214205,"(39.18388382, -77.23214205)"
EJ78090022,200044214,Gaithersburg Police Depar,Property Damage Crash,11/09/2020 01:45:00 PM,Municipality,SAYBROOKE VIEW DR,DUNWICH MANOR PL,,GAITHERSBURG,,OTHER,CLEAR,DRY,DAYLIGHT,N/A,NONE DETECTED,,10AFB568-7CD8-4C3D-A414-89651B0B7D2F,Yes,NO APPARENT INJURY,N/A,NOT DISTRACTED,MD,3F88D19C-A437-4EB0-8FC6-3EB9DA093C4C,NO DAMAGE,SIX OCLOCK,"OTHER LIGHT TRUCKS (10,000LBS (4,536KG) OR LESS)",MAKING RIGHT TURN,East,25,No,No,2018,FRHT,TK,39.14818321,-77.17887827,"(39.14818321, -77.17887827)"
MCP23610034,240039024,MONTGOMERY,Injury Crash,08/18/2024 03:16:00 PM,Maryland (State) Route,MONTGOMERY VILLAGE AVE,,,,,Front to Rear,Clear,Dry,Daylight,No Controls,"Not Suspect of Alcohol Use, Not Suspect of Drug Use",,7C0CF6AB-5A95-49CA-AFB9-3F1E00BA2F28,No,No Apparent Injury,,Not Distracted,MD,856E100F-BD1D-4795-B791-6B03A192ECC0,Disabling,Eight O Clock,Passenger Car,Moving Constant Speed,Northbound,35,No,No,2020,VOLVO,XC90,39.15772833,-77.20483333,"(39.15772833, -77.20483333)"
MCP3023003D,190049633,Montgomery County Police,Injury Crash,10/16/2019 02:35:00 PM,Maryland (State),GEORGIA AVE,CONNECTICUT AVE,,N/A,,SAME DIR REAR END,RAINING,WET,DAYLIGHT,NO CONTROLS,NONE DETECTED,,1186AB52-21F2-42F1-AF40-5CA28E489151,No,NO APPARENT INJURY,"SLEET, HAIL, FREEZ. RAIN, WET",NOT DISTRACTED,MD,64BAAA5F-03F6-4724-B80C-A58EB26394D0,SUPERFICIAL,SIX OCLOCK,(SPORT) UTILITY VEHICLE,STOPPED IN TRAFFIC LANE,South,35,No,No,2011,RANGE,ROVER,39.084484,-77.07843433,"(39.084484, -77.07843433)"
MCP32890038,240025776,MONTGOMERY,Property Damage Crash,05/31/2024 09:23:00 AM,Maryland (State) Route,EAST WEST HWY,16TH ST,,,,Angle,Clear,Dry,Daylight,Traffic Control Signal,"Not Suspect of Alcohol Use, Not Suspect of Drug Use",,B1B7C79F-143D-4335-ACB3-16BB274FF0B9,No,No Apparent Injury,,Not Distracted,FL,485C1F1A-56C9-4842-80C9-1B4F28B7BB75,Disabling,Nine O Clock,Passenger Car,Moving Constant Speed,,35,No,No,2021,MERCEDES-BENZ,GLE-CLASS,38.99444726,-77.0364003,"(38.99444726, -77.0364003)"
EJ78690021,180036733,Gaithersburg Police Depar,Injury Crash,07/24/2018 07:54:00 PM,Municipality,E DIAMOND AVE,CHESTNUT ST,,GAITHERSBURG,,HEAD ON LEFT TURN,RAINING,WET,DAYLIGHT,NO CONTROLS,NONE DETECTED,,5DA94AB7-8244-4878-94D6-8837640BA816,Yes,NO APPARENT INJURY,"N/A, RAIN, SNOW",LOOKED BUT DID NOT SEE,MD,1C723BA3-EA06-4F52-99F5-AF9DAA6405F7,SUPERFICIAL,ONE OCLOCK,PASSENGER CAR,MAKING LEFT TURN,East,25,No,No,2004,HONDA,TK,39.141835,-77.19829667,"(39.141835, -77.19829667)"
MCP3117000D,180010257,Montgomery County Police,Injury Crash,02/27/2018 08:24:00 PM,Municipality,W GUDE DR,FREDERICK RD,,N/A,,SAME DIR REAR END,CLEAR,N/A,DARK LIGHTS ON,TRAFFIC SIGNAL,NONE DETECTED,,3644393C-370A-43C0-8832-340B111B13C5,No,POSSIBLE INJURY,N/A,NOT DISTRACTED,MD,1875DF2F-3CF1-46BD-A805-19E18F8AA0A5,FUNCTIONAL,SIX OCLOCK,PASSENGER CAR,STOPPED IN TRAFFIC LANE,East,40,No,No,2012,CHEVROLET,EQUINOX,39.05941167,-77.12140333,"(39.05941167, -77.12140333)"
MCP2082002J,220010093,Montgomery County Police,Property Damage Crash,03/09/2022 09:18:00 AM,County,BEL PRE RD,PARKER FARM WAY,,N/A,,OTHER,RAINING,WET,DAYLIGHT,OTHER,NONE DETECTED,,FF55A6C6-2B19-4BEC-B52A-87C581AE822A,Yes,NO APPARENT INJURY,"RAIN, SNOW, WET",LOOKED BUT DID NOT SEE,MD,5D9A93EF-73B9-4B9B-B8B7-FC3A2811D788,DISABLING,SEVEN OCLOCK,PASSENGER CAR,MAKING LEFT TURN,East,35,No,No,2007,PONTIAC,VIBE,39.09219333,-77.04557167,"(39.09219333, -77.04557167)"
MCP2339000Z,15036335,MONTGOMERY,Injury Crash,07/23/2015 04:09:00 PM,County,BROOKE RD,NEW HAMPSHIRE AVE,,N/A,,STRAIGHT MOVEMENT ANGLE,CLEAR,DRY,DAYLIGHT,STOP SIGN,NONE DETECTED,,577F8A2D-126D-4DF7-9A03-32C6B6D310ED,Yes,NO APPARENT INJURY,N/A,NOT DISTRACTED,MD,4E8E955F-2EA3-4110-AE79-E5099028C292,FUNCTIONAL,NINE OCLOCK,OTHER,MAKING LEFT TURN,East,15,No,No,1994,CHEVROLET,TRUCK,39.166126,-77.015501,"(39.166126, -77.015501)"
MCP33680017,230034754,Montgomery County Police,Property Damage Crash,07/21/2023 01:58:00 PM,County,MUDDY BRANCH RD,DIAMONDBACK DR,,N/A,,HEAD ON LEFT TURN,CLEAR,DRY,DAYLIGHT,TRAFFIC SIGNAL,NONE DETECTED,,4E4A5F28-E0D8-4C5E-8860-F98CC326DF12,Yes,NO APPARENT INJURY,N/A,UNKNOWN,MD,3998E794-10A2-436A-8B47-1CC3012A9C7A,DISABLING,TWO OCLOCK,PASSENGER CAR,MAKING LEFT TURN,South,45,No,No,2022,TOYT,UT,39.11524084,-77.21569404,"(39.11524084, -77.21569404)"
DM8458002X,190037595,Takoma Park Police Depart,Property Damage Crash,08/07/2019 07:06:00 AM,Maryland (State),NEW HAMPSHIRE AVE,MERWOOD DR,,TAKOMA PARK,,STRAIGHT MOVEMENT ANGLE,N/A,DRY,DAYLIGHT,TRAFFIC SIGNAL,N/A,,1D731424-2B3D-4728-8B1D-EA91E405A457,Unknown,NO APPARENT INJURY,N/A,UNKNOWN,DC,1E5A1BD5-F562-426D-B6FE-EE204BB307D1,DISABLING,FOUR OCLOCK,VAN,MAKING LEFT TURN,South,35,No,No,2011,TOYOTA,SIENNA,38.98323667,-76.98830667,"(38.98323667, -76.98830667)"
MCP28750018,15046929,MONTGOMERY,Injury Crash,09/16/2015 04:27:00 PM,Maryland (State),CLOPPER RD,GERMANTOWN RD,,N/A,,HEAD ON LEFT TURN,CLEAR,DRY,DAYLIGHT,TRAFFIC SIGNAL,NONE DETECTED,,20F1095E-48D6-4291-AE81-A7092620D113,No,SUSPECTED MINOR INJURY,N/A,NOT DISTRACTED,MD,16C3DE19-1FC3-442D-9106-41CA05CB887E,DESTROYED,EIGHT OCLOCK,PASSENGER CAR,MOVING CONSTANT SPEED,North,30,No,No,2014,TOYOTA,COROLLA,39.16302833,-77.28333667,"(39.16302833, -77.28333667)"
MCP22980119,220040789,Montgomery County Police,Property Damage Crash,09/19/2022 04:26:00 PM,County,SLIGO AVE,SCHRIDER ST,,N/A,,OPPOSITE DIRECTION SIDESWIPE,CLEAR,DRY,DAYLIGHT,NO CONTROLS,NONE DETECTED,,D492E11B-02DE-4338-9A8E-1BE6F658106A,Unknown,NO APPARENT INJURY,N/A,LOOKED BUT DID NOT SEE,MD,81E972A0-0560-4519-9B9D-989B90CB35FB,SUPERFICIAL,NINE OCLOCK,"CARGO VAN/LIGHT TRUCK 2 AXLES (OVER 10,000LBS (4,536 KG))",STOPPED IN TRAFFIC LANE,South,25,No,No,2017,FORD,TK,38.99135833,-77.01429,"(38.99135833, -77.01429)"
MCP29670056,240003989,MONTGOMERY,Injury Crash,01/25/2024 05:35:00 PM,County Route,,OLD GEORGETOWN RD ST ELMO AVE WILSON LA,,,,Angle,Rain,Wet,Dark - Lighted,Traffic Control Signal,"Not Suspect of Alcohol Use, Not Suspect of Drug Use",,0F3B8176-F89B-47CD-9B81-05A79CACEE5B,No,No Apparent Injury,Failed to Yield Right-of-Way,Not Distracted,MD,99C9A5E7-4C4B-4937-9D84-712DED42B18B,Disabling,Twelve O Clock,Sport Utility Vehicle,Accelerating,Eastbound,30,No,No,2019,TOYOTA,RAV4,38.98745744,-77.09877308,"(38.98745744, -77.09877308)"
MCP2974003W,210042828,Montgomery County Police,Injury Crash,10/24/2021 05:39:00 PM,County,CALVERTON BLVD,GRACEFIELD RD,,N/A,,HEAD ON LEFT TURN,CLEAR,DRY,DAYLIGHT,NO CONTROLS,NONE DETECTED,,5B283A78-F06D-4C71-B861-C31639A078EB,Yes,NO APPARENT INJURY,"N/A, VISION OBSTRUCTION (INCL. BLINDED BY SUN)",LOOKED BUT DID NOT SEE,MD,2500E809-3A24-423E-B900-594AD4652AB9,DISABLING,TWELVE OCLOCK,PASSENGER CAR,MAKING LEFT TURN,West,30,No,No,2014,HOND,CIVIC,39.05641,-76.95291,"(39.05641, -76.95291)"
MCP30930016,180052828,Montgomery County Police,Injury Crash,10/20/2018 07:19:00 PM,County,GLENBROOK RD,OLD GEORGETOWN RD,,N/A,BICYCLIST,N/A,N/A,DRY,DARK LIGHTS ON,OTHER,N/A,N/A,F3CC5DE3-6235-4AD0-A1AD-598B67004608,Yes,NO APPARENT INJURY,N/A,LOOKED BUT DID NOT SEE,MD,81A39D2B-742A-4E20-864E-B0AD8C624668,SUPERFICIAL,TWELVE OCLOCK,STATION WAGON,MAKING RIGHT TURN,North,25,No,No,2014,SUBA,TK,38.98917,-77.10144,"(38.98917, -77.10144)"
MCP2837001R,170548380,Montgomery County Police,Property Damage Crash,12/13/2017 05:32:00 PM,County,AVERY RD,LAKE CHRISTOPHER DR,,N/A,,SAME DIR REAR END,N/A,N/A,DARK NO LIGHTS,NO CONTROLS,NONE DETECTED,,7AABFD5B-B31E-470C-8862-F222F1D08C72,No,NO APPARENT INJURY,N/A,NOT DISTRACTED,MD,F0BC8EEA-FE2D-4693-960D-48A8E09C3B65,SUPERFICIAL,SIX OCLOCK,(SPORT) UTILITY VEHICLE,MAKING LEFT TURN,North,35,No,No,2017,FORD,ESCAPE,39.12042833,-77.11785833,"(39.12042833, -77.11785833)"
MCP3211003P,230011540,Montgomery County Police,Property Damage Crash,03/09/2023 09:40:00 AM,County,DEMOCRACY BLVD,RAMP 2 FR DEMOCRACY BLVD TO IS 270Y NB,,N/A,,SAME DIR REAR END,CLEAR,DRY,DAYLIGHT,TRAFFIC SIGNAL,UNKNOWN,,1EB699C5-1B60-49CF-8D36-50B493E3F0B4,Yes,NO APPARENT INJURY,N/A,UNKNOWN,,5A6DF772-54C7-4E2B-9E52-7D643C45E655,UNKNOWN,UNKNOWN,UNKNOWN,MOVING CONSTANT SPEED,West,45,No,No,0,UNKNOWN,UNKNOWN,39.02150538,-77.14103218,"(39.02150538, -77.14103218)"
MCP32390015,210008535,Montgomery County Police,Property Damage Crash,03/06/2021 10:43:00 PM,Maryland (State),NEW HAMPSHIRE AVE,MILESTONE DR,,N/A,,SINGLE VEHICLE,CLEAR,DRY,DARK LIGHTS ON,OTHER,NONE DETECTED,,A110FA71-2D87-4A0A-A0F3-043F66854476,Yes,NO APPARENT INJURY,N/A,INATTENTIVE OR LOST IN THOUGHT,VA,2F9C9401-E943-4F42-83F9-57D3E6580B22,DISABLING,ELEVEN OCLOCK,PASSENGER CAR,MOVING CONSTANT SPEED,South,40,No,No,2013,TOYOTA,SCION,39.04553833,-76.99252543,"(39.04553833, -76.99252543)"
MCP2286005K,230060376,Montgomery County Police,Injury Crash,10/13/2023 07:25:00 PM,Maryland (State),NORBECK RD,AVERY RD,,ROCKVILLE,,HEAD ON LEFT TURN,CLEAR,DRY,DARK LIGHTS ON,TRAFFIC SIGNAL,NONE DETECTED,,E967AC13-A702-4967-AF42-E2B0EB40BB80,Yes,NO APPARENT INJURY,N/A,LOOKED BUT DID NOT SEE,MD,54A8E2AA-48E5-4A14-827C-94CD9FF77869,DISABLING,TWELVE OCLOCK,PASSENGER CAR,MAKING LEFT TURN,North,40,No,No,2003,HONDA,ACCORD,39.09295617,-77.122721,"(39.09295617, -77.122721)"
MCP3235001R,220019031,Montgomery County Police,Injury Crash,05/04/2022 11:02:00 PM,US (State),COLESVILLE RD,LORAIN AVE,,N/A,,SINGLE VEHICLE,CLEAR,DRY,DARK LIGHTS ON,NO CONTROLS,NONE DETECTED,,D986DE7A-AFC2-454B-A5DF-25D2C032F9CB,Yes,POSSIBLE INJURY,N/A,NOT DISTRACTED,MD,83C6648E-37C1-45AE-B86C-773F31F2D7D3,DISABLING,TWELVE OCLOCK,PASSENGER CAR,MOVING CONSTANT SPEED,North,40,No,No,2015,TOYOTA,RAV 4,39.023215,-77.01130833,"(39.023215, -77.01130833)"
MCP3055004C,240039634,MONTGOMERY,Injury Crash,08/21/2024 09:19:00 PM,Maryland (State) Route,GEORGIA AVE (SB/L),HINES RD,,,,Single Vehicle,Clear,Dry,Dark - Lighted,Traffic Control Signal,"Not Suspect of Alcohol Use, Not Suspect of Drug Use",,88B04594-B209-4DC7-82F0-EC9A0C8C0DFA,No,Possible Injury,,Not Distracted,MD,2E3E1379-ED8C-40AC-93DD-908E7ACF3D43,Disabling,Twelve O Clock,Motorcycle - 2 Wheeled,Moving Constant Speed,,35,No,No,2023,HARLEY DAVIDSON,SPORTSTER,39.14260202,-77.06762548,"(39.14260202, -77.06762548)"
MCP2730003Y,240011039,MONTGOMERY,Property Damage Crash,03/07/2024 10:05:00 AM,County Route,CRYSTAL ROCK DR (SB/L),FATHER HURLEY BLVD,,,,Angle,Clear,Dry,Daylight,Traffic Control Signal,"Not Suspect of Alcohol Use, Not Suspect of Drug Use",,3139090E-1BA7-48CA-8713-EBB623FA6FCC,No,No Apparent Injury,,Not Distracted,MD,C2A619D7-BF11-4565-85FB-7FA173E73A5D,Disabling,Two O Clock,Station Wagon,Moving Constant Speed,,35,No,No,2017,SUBARU,OUTBACK,39.193545,-77.27031857,"(39.193545, -77.27031857)"
DD5603001V,15048661,ROCKVILLE,Property Damage Crash,09/25/2015 03:17:00 PM,Municipality,WOOTTON PKWY,SEVEN LOCKS RD,,ROCKVILLE,,HEAD ON LEFT TURN,CLEAR,DRY,DAYLIGHT,TRAFFIC SIGNAL,NONE DETECTED,,6B0B17F7-2F72-477F-8599-A52E53D438F8,Yes,NO APPARENT INJURY,N/A,LOOKED BUT DID NOT SEE,VA,ABEAB836-DB78-4ACF-9F61-624AF06F70BE,DISABLING,THREE OCLOCK,PASSENGER CAR,MAKING LEFT TURN,South,30,No,No,2010,HONDA,FIT,39.06695559,-77.16170847,"(39.06695559, -77.16170847)"
MCP15950009,15015759,Montgomery County Police,Injury Crash,04/05/2015 09:55:00 PM,Maryland (State),UNIVERSITY BLVD W,CADDINGTON AVE,,N/A,,SAME DIR REAR END,CLEAR,DRY,DARK LIGHTS ON,TRAFFIC SIGNAL,NONE DETECTED,,8AECDA27-6B64-4E9E-BA3C-A1FB476DB192,No,SUSPECTED MINOR INJURY,N/A,NOT DISTRACTED,MD,BFAD7892-07D6-44F5-8730-C3ADC23DFDAE,FUNCTIONAL,SIX OCLOCK,PASSENGER CAR,STOPPED IN TRAFFIC LANE,West,40,No,No,2015,TOYOTA,CAMRY,39.03332781,-77.02354789,"(39.03332781, -77.02354789)"