Report Number,Local Case Number,Agency Name,ACRS Report Type,Crash Date/Time,Route Type,Road Name,Cross-Street Name,Off-Road Description,Municipality,Related Non-Motorist,Collision Type,Weather,Surface Condition,Light,Traffic Control,Driver Substance Abuse,Non-Motorist Substance Abuse,Person ID,Driver At Fault,Injury Severity,Circumstance,Driver Distracted By,Drivers License State,Vehicle ID,Vehicle Damage Extent,Vehicle First Impact Location,Vehicle Body Type,Vehicle Movement,Vehicle Going Dir,Speed Limit,Driverless Vehicle,Parked Vehicle,Vehicle Year,Vehicle Make,Vehicle Model,Latitude,Longitude,Location
MCP3195002V,210042036,Montgomery County Police,Property Damage Crash,10/19/2021 06:22:00 PM,Maryland (State),NEW HAMPSHIRE AVE,THOMAS DR,,N/A,,STRAIGHT MOVEMENT ANGLE,CLEAR,DRY,DUSK,STOP SIGN,NONE DETECTED,,81C940CD-32BC-4BF9-B050-1DB0C5FFAAD4,Yes,NO APPARENT INJURY,N/A,LOOKED BUT DID NOT SEE,MD,18B8EB0D-7456-4FDE-B114-9AB9060A1984,DISABLING,TEN OCLOCK,PASSENGER CAR,MAKING LEFT TURN,North,40,No,No,2002,MERZ,4S,39.06651667,-77.00111917,"(39.06651667, -77.00111917)"
MCP21160049,16024461,Montgomery County Police,Property Damage Crash,05/17/2016 10:11:00 AM,County,SHADY GROVE RD,CHOKE CHERRY RD,,ROCKVILLE,,SAME DIR REAR END,RAINING,WET,DAYLIGHT,NO CONTROLS,NONE DETECTED,,E30B26C9-3AB7-4379-90FC-1D20C9D7000B,Yes,NO APPARENT INJURY,"RAIN, SNOW, WET",UNKNOWN,MD,8C1D3304-DC3C-46BC-8283-32DDA69B3BB2,DISABLING,TWELVE OCLOCK,PASSENGER CAR,SLOWING OR STOPPING,South,40,No,No,1998,HONDA,2S,39.11627833,-77.18453667,"(39.11627833, -77.18453667)"
MCP2902000Z,15054930,MONTGOMERY,Property Damage Crash,10/29/2015 08:41:00 AM,Maryland (State),RIDGE RD,SKYLARK RD,,N/A,,SAME DIRECTION SIDESWIPE,CLEAR,WET,DAYLIGHT,NO CONTROLS,NONE DETECTED,,63381BEA-65DC-4A75-9A7E-DB4C4DB1A402,No,NO APPARENT INJURY,"N/A, WET",LOOKED BUT DID NOT SEE,MD,DB15E0E5-053F-48D6-BEFB-A033171BDA8B,SUPERFICIAL,ONE OCLOCK,PASSENGER CAR,MOVING CONSTANT SPEED,South,40,No,No,2000,FORD,TK,39.23321,-77.23752667,"(39.23321, -77.23752667)"
MCP3112000D,180014010,Montgomery County Police,Property Damage Crash,03/22/2018 03:24:00 AM,Other Public Roadway,MONTROSE PKWY,MONTROSE RD,,N/A,,SINGLE VEHICLE,SNOW,ICE,DARK -- UNKNOWN LIGHTING,N/A,NONE DETECTED,,908718C2-74FB-4D38-8A21-81451C76700F,Unknown,NO APPARENT INJURY,"ICY OR SNOW-COVERED, SLEET, HAIL, FREEZ. RAIN",NOT DISTRACTED,MD,ACD6B4E0-8D2B-405D-9615-694691F90090,DISABLING,FIVE OCLOCK,PASSENGER CAR,UNKNOWN,North,40,No,No,2005,CHEVROLET,TK,39.05441787,-77.140975,"(39.05441787, -77.140975)"
MCP3051002M,180064234,Montgomery County Police,Injury Crash,12/23/2018 06:30:00 PM,Maryland (State),BRADLEY BLVD,HUNTINGTON PKWY,,N/A,,SAME DIR REAR END,CLEAR,DRY,DARK LIGHTS ON,TRAFFIC SIGNAL,NONE DETECTED,,C9356AC0-C1F0-4D4F-8FB3-D4D2FC6352FD,No,POSSIBLE INJURY,N/A,NOT DISTRACTED,MD,5EF36472-0EEB-4850-A5D7-0894A59EAA98,SUPERFICIAL,SIX OCLOCK,PASSENGER CAR,SLOWING OR STOPPING,North,35,No,No,2018,BMW,X3,38.99221833,-77.11818833,"(38.99221833, -77.11818833)"
MCP3163008K,250010187,MONTGOMERY,Property Damage Crash,04/09/2025 06:25:00 PM,County Route,JONES BRIDGE RD,ROCKVILLE PIKE,,,,"Sideswipe, Same Direction",Clear,Dry,Daylight,Traffic Control Signal,"Not Suspect of Alcohol Use, Not Suspect of Drug Use",,36CE5E67-ADBC-4D07-B5B5-57D72B45DEB9,Yes,No Apparent Injury,,Not Distracted,MD,87ECC0EB-561C-408A-A697-5C2B4920E5D9,Superficial,One O Clock,Sport Utility Vehicle,Changing Lanes,,35,No,No,2020,MAZDA,CX-5,38.99689091,-77.09656722,"(38.99689091, -77.09656722)"
EJ78460019,16007598,Gaithersburg Police Depar,Property Damage Crash,02/14/2016 06:45:00 PM,County,MUDDY BRANCH RD,WEST SIDE DR,,GAITHERSBURG,,HEAD ON LEFT TURN,CLEAR,DRY,DARK LIGHTS ON,TRAFFIC SIGNAL,NONE DETECTED,,595941B7-96AF-491D-B967-3E9A0ECD0013,Yes,NO APPARENT INJURY,N/A,NOT DISTRACTED,MD,3123A1B0-8183-49E0-98AD-AD9E98BB06EA,DISABLING,FOUR OCLOCK,PASSENGER CAR,MAKING LEFT TURN,East,45,No,No,1995,FORD,ASPIRE,39.12906167,-77.20766167,"(39.12906167, -77.20766167)"
MCP13790056,180051062,Montgomery County Police,Property Damage Crash,10/12/2018 11:26:00 AM,,,,4609 FLOWER VALLEY DR,,,STRAIGHT MOVEMENT ANGLE,CLEAR,,DAYLIGHT,N/A,NONE DETECTED,,9F294594-7E37-4325-84A0-E2EFCEE0BDA5,No,NO APPARENT INJURY,N/A,NOT DISTRACTED,MD,E5B12896-CDF6-42A0-AE9C-D6A1E06A332D,SUPERFICIAL,FIVE OCLOCK,OTHER,STOPPED IN TRAFFIC LANE,Unknown,25,No,No,1988,GM,POSTAL TRUCK,39.10374,-77.09263667,"(39.10374, -77.09263667)"
MCP2353005P,180036450,Montgomery County Police,Property Damage Crash,07/23/2018 02:25:00 PM,Maryland (State),RIVER RD,OGDEN RD,,N/A,,SAME DIR REAR END,CLOUDY,DRY,DAYLIGHT,NO CONTROLS,NONE DETECTED,,0204668F-8BCB-4B7F-B3A4-A76F854FE57F,Yes,NO APPARENT INJURY,N/A,UNKNOWN,VA,C03725FB-4F6A-460C-8AF2-FFFE21D3924A,SUPERFICIAL,TWELVE OCLOCK,PASSENGER CAR,SLOWING OR STOPPING,West,35,No,No,2012,FORD,F150,38.97063833,-77.11602833,"(38.97063833, -77.11602833)"
MCP2496001H,200021397,Montgomery County Police,Property Damage Crash,05/29/2020 08:16:00 PM,Maryland (State),UNIVERSITY BLVD E,COLESVILLE RD,,N/A,,STRAIGHT MOVEMENT ANGLE,CLEAR,DRY,DUSK,TRAFFIC SIGNAL,NONE DETECTED,,2EB233DE-6FE2-4C1B-8163-133893091C47,No,NO APPARENT INJURY,N/A,NOT DISTRACTED,MD,4240F445-77FE-41DB-AA85-92A9C350A58F,SUPERFICIAL,ONE OCLOCK,PASSENGER CAR,STARTING FROM LANE,West,45,No,No,2020,CHEV,4S,39.02028763,-77.01264566,"(39.02028763, -77.01264566)"
MCP27070031,230048207,Montgomery County Police,Injury Crash,08/07/2023 12:30:00 PM,County,LONGDRAFT RD,GREAT SENECA HWY,,N/A,,HEAD ON LEFT TURN,CLEAR,DRY,DAYLIGHT,TRAFFIC SIGNAL,NONE DETECTED,,673A9425-D3AF-474B-B2EC-14A15EDBA730,Yes,POSSIBLE INJURY,N/A,UNKNOWN,MD,C6EB79F0-3EF5-4B9C-A661-B9D4A8704ACC,DISABLING,ELEVEN OCLOCK,PASSENGER CAR,MAKING LEFT TURN,North,30,No,No,2017,HOND,CIVIC,39.13321167,-77.24483,"(39.13321167, -77.24483)"
MCP2717002Q,15047881,MONTGOMERY,Injury Crash,09/21/2015 05:00:00 PM,County,CEDAR LA,PARKWOOD DR,,N/A,,HEAD ON LEFT TURN,RAINING,WET,DAYLIGHT,NO CONTROLS,NONE DETECTED,,6176169D-50B0-4EF6-A803-EA37C0FD4A4B,No,SUSPECTED MINOR INJURY,"N/A, WET",NOT DISTRACTED,MD,19E25911-01E8-43C3-AEED-461DF691BD37,DISABLING,TWELVE OCLOCK,(SPORT) UTILITY VEHICLE,MOVING CONSTANT SPEED,West,30,No,No,2003,MERCEDES-BENZ,ML320,39.21055956,-76.88847184,"(39.21055956, -76.88847184)"
MCP2872001F,16039820,Montgomery County Police,Property Damage Crash,08/06/2016 12:01:00 PM,County,ODENDHAL AVE,ODENDHAL AVE (AHEAD),,N/A,,HEAD ON LEFT TURN,CLEAR,DRY,DAYLIGHT,NO CONTROLS,NONE DETECTED,,B3FA682F-D1C3-4717-8168-B52B87374314,Yes,NO APPARENT INJURY,N/A,LOOKED BUT DID NOT SEE,MD,843E1E88-A79C-4E6B-B010-118EBBA43C02,FUNCTIONAL,TWELVE OCLOCK,(SPORT) UTILITY VEHICLE,MAKING LEFT TURN,East,30,No,No,2007,DODGE,NITRO,39.15232667,-77.19696333,"(39.15232667, -77.19696333)"
MCP2674005R,250002692,MONTGOMERY,Property Damage Crash,01/19/2025 06:41:00 PM,Maryland (State) Route,RIDGE RD (SB/L),,,,,"Sideswipe, Opposite Direction",Snow,Snow,Dark - Not Lighted,No Controls,"Not Suspect of Alcohol Use, Not Suspect of Drug Use",,80A9E71C-4403-46CF-B6BB-BDCD17429BD5,No,No Apparent Injury,,Not Distracted,MD,1883A0B8-26D9-4F1B-AE3F-217E1DA55CD7,Disabling,Eleven O Clock,Sport Utility Vehicle,Moving Constant Speed,Northbound,40,No,No,2019,JEEP,RENEGADE,39.323245,-77.19711,"(39.323245, -77.19711)"
EJ7846004V,200004911,Gaithersburg Police Depar,Property Damage Crash,01/30/2020 06:30:00 AM,Maryland (State),W DIAMOND AVE,PERRY PKWY,,GAITHERSBURG,,SINGLE VEHICLE,CLEAR,DRY,DARK LIGHTS ON,NO CONTROLS,NONE DETECTED,,BA8F1140-8222-4DF9-9CCC-46B66298ECA2,Yes,NO APPARENT INJURY,N/A,OTHER DISTRACTION,MD,5137A6FF-06FB-4F32-9E64-660FE8C75E85,DISABLING,ELEVEN OCLOCK,PASSENGER CAR,MOVING CONSTANT SPEED,West,30,No,No,2017,HYUNDAI,ACCENT,39.140535,-77.2084,"(39.140535, -77.2084)"
MCP2995002H,170545448,Montgomery County Police,Injury Crash,11/28/2017 07:27:00 PM,Maryland (State),NORBECK RD,BEL PRE RD,,N/A,,SAME DIR REAR END,CLEAR,DRY,DARK NO LIGHTS,TRAFFIC SIGNAL,NONE DETECTED,,5BAACD04-8965-4DD1-B1C8-D731C9728540,No,NO APPARENT INJURY,N/A,NOT DISTRACTED,MD,DBFD0785-42FC-45B3-9B88-1680E95F511F,FUNCTIONAL,TWELVE OCLOCK,PASSENGER CAR,STOPPED IN TRAFFIC LANE,East,45,No,No,2010,CHEVROLET,TRAVERSE,39.09925393,-77.10027248,"(39.09925393, -77.10027248)"
MCP3300002V,240052155,MONTGOMERY,Injury Crash,10/30/2024 10:10:00 PM,Maryland (State) Route,GEORGIA AVE (SB/L),,,,,"Sideswipe, Same Direction",Clear,Dry,Dark - Lighted,Traffic Control Signal,"Not Suspect of Alcohol Use, Not Suspect of Drug Use",,0BA77F49-F1DC-4F8A-BA4D-C524E8E858FC,No,No Apparent Injury,,Not Distracted,MD,98FD516E-643B-4BD5-A67D-59A822B37F70,Superficial,Nine O Clock,Station Wagon,Turning Left,Southbound,35,No,No,2024,NISSAN,ROGUE,39.07746553,-77.07097544,"(39.07746553, -77.07097544)"
EJ7851003W,180064069,Gaithersburg Police Depar,Property Damage Crash,12/22/2018 09:40:00 PM,,,,FENCE OF 111 W DIAMOND AVE,,,SINGLE VEHICLE,CLEAR,,DARK LIGHTS ON,NO CONTROLS,NONE DETECTED,,7CE9A653-4F11-4E76-A727-357D123BE4CD,Yes,NO APPARENT INJURY,"N/A, WET",NOT DISTRACTED,MD,05B407ED-33E2-4758-B48B-2AD0BDF0635D,DISABLING,TWELVE OCLOCK,PASSENGER CAR,MAKING U TURN,West,30,No,No,2010,MAZDA,CX7,39.14147,-77.23125167,"(39.14147, -77.23125167)"
MCP2425008B,16065410,Montgomery County Police,Property Damage Crash,12/21/2016 09:43:00 AM,Maryland (State),16TH ST,COLESVILLE RD,,N/A,,STRAIGHT MOVEMENT ANGLE,CLEAR,N/A,DAYLIGHT,YIELD SIGN,NONE DETECTED,,0CBC5E09-D48D-46F4-BB07-9B6606D8498F,No,NO APPARENT INJURY,N/A,NOT DISTRACTED,MD,922437ED-311D-4CCB-B823-3179700749AE,DISABLING,TWELVE OCLOCK,PASSENGER CAR,MOVING CONSTANT SPEED,North,25,No,No,2008,VOLKSWAGON,RABBIT,38.99252667,-77.03645167,"(38.99252667, -77.03645167)"
MCP3317003S,250027254,MONTGOMERY,Property Damage Crash,06/18/2025 08:26:00 PM,County Route,BRIGGS CHANEY RD,,,,,Angle,Clear,Dry,Daylight,Traffic Control Signal,"Not Suspect of Alcohol Use, Not Suspect of Drug Use",,093AEEAD-BE86-4BBF-A0D0-D331A96316CE,No,No Apparent Injury,,Not Distracted,MD,7434CB68-03FD-4E0F-B169-44F698542AAF,Functional,Eleven O Clock,Sport Utility Vehicle,Slowing or Stopping,Eastbound,30,No,No,2025,HONDA,CR-V,39.0821802,-76.94748778,"(39.0821802, -76.94748778)"
EJ7903003L,250015866,GAITHERSBURG,Property Damage Crash,04/11/2025 06:30:00 PM,Municipality Route,CHRISTOPHER AVE,,,,,Angle,Rain,Wet,Daylight,Stop Sign,"Not Suspect of Alcohol Use, Not Suspect of Drug Use",,49C2AA08-BDEC-41BE-8C9C-06F69ACCC5AF,No,No Apparent Injury,,Not Distracted,MD,D48DDBC1-C56B-4192-BBEA-C1F4EF99539F,Disabling,Twelve O Clock,Passenger Car,Entering Traffic Lane,Westbound,25,No,No,2016,TOYOTA,CAMRY,39.15648583,-77.21285186,"(39.15648583, -77.21285186)"
EJ7851004B,190032985,Gaithersburg Police Depar,Property Damage Crash,07/11/2019 04:49:00 PM,County,MUDDY BRANCH RD,GREAT SENECA HWY,,N/A,,SAME DIR REAR END,RAINING,WET,DAYLIGHT,TRAFFIC SIGNAL,NONE DETECTED,,7FA94570-C764-45D2-B193-E638636A8232,No,NO APPARENT INJURY,"N/A, WET",NOT DISTRACTED,MD,DA905D7E-F13E-4616-B805-F4FC85B6C16B,FUNCTIONAL,SIX OCLOCK,PASSENGER CAR,STOPPED IN TRAFFIC LANE,South,40,No,No,2006,MAZDA,5,39.11197131,-77.21674236,"(39.11197131, -77.21674236)"
MCP2240000R,15047153,MONTGOMERY,Property Damage Crash,09/17/2015 05:07:00 PM,County,SHADY GROVE RD,CRABBS BRANCH WAY,,N/A,,STRAIGHT MOVEMENT ANGLE,CLEAR,DRY,DAYLIGHT,TRAFFIC SIGNAL,NONE DETECTED,,5160CA38-767D-49AF-8DFE-1D9E3E0032FB,Yes,NO APPARENT INJURY,N/A,NOT DISTRACTED,MD,0F31683B-D70D-469F-944E-A0CDEEC4ACB5,DISABLING,TWELVE OCLOCK,PASSENGER CAR,MOVING CONSTANT SPEED,North,40,No,No,2007,LEXUS,ES350,39.128755,-77.167345,"(39.128755, -77.167345)"
MCP26860061,230005347,Montgomery County Police,Fatal Crash,02/01/2023 07:40:00 PM,County,MONTGOMERY VILLAGE AVE,CENTERWAY RD,,N/A,PEDESTRIAN,SINGLE VEHICLE,CLEAR,DRY,DARK LIGHTS ON,TRAFFIC SIGNAL,NONE DETECTED,NONE DETECTED,EB8E76DC-C111-4CE8-974B-9BAEEE76E1D5,Unknown,NO APPARENT INJURY,N/A,UNKNOWN,MD,75EE4E36-DCF9-4113-8337-517FE5936CA5,FUNCTIONAL,TWELVE OCLOCK,PASSENGER CAR,MOVING CONSTANT SPEED,North,35,No,No,2017,TOYOTA,CAMRY,39.17288383,-77.203517,"(39.17288383, -77.203517)"
MCP3109008X,230073543,Montgomery County Police,Property Damage Crash,12/25/2023 01:30:00 PM,County,LOCKWOOD DR,NORTHWEST DR,,N/A,,OPPOSITE DIRECTION SIDESWIPE,CLEAR,DRY,DAYLIGHT,STOP SIGN,NONE DETECTED,,3DE0E149-A336-4E48-9247-1AC58F4FE2C9,No,NO APPARENT INJURY,N/A,NOT DISTRACTED,WV,313D0320-E365-4615-8831-37363CEE8A7A,SUPERFICIAL,EIGHT OCLOCK,TRANSIT BUS,MOVING CONSTANT SPEED,North,35,No,No,2008,GILLIG,BUS,39.03630967,-76.99631283,"(39.03630967, -76.99631283)"
MCP24450045,220055496,Montgomery County Police,Property Damage Crash,12/15/2022 12:06:00 PM,Maryland (State),FREDERICK RD,SHAKESPEARE BLVD,,N/A,,STRAIGHT MOVEMENT ANGLE,RAINING,WET,DAYLIGHT,TRAFFIC SIGNAL,UNKNOWN,,2347B402-F15D-4F1D-A3BD-3DCCD9CD0324,Yes,NO APPARENT INJURY,"RAIN, SNOW, WET",UNKNOWN,,B7EF8A24-BF3F-4452-A6C9-5E8B2EB26F66,FUNCTIONAL,FOUR OCLOCK,,MAKING LEFT TURN,South,30,No,No,0,UNKNOWN,UNKNOWN,39.19825683,-77.24483367,"(39.19825683, -77.24483367)"
MCP2347000S,16052217,Montgomery County Police,Property Damage Crash,10/11/2016 07:05:00 AM,County,BROADBIRCH DR,CHERRY HILL RD,,N/A,,HEAD ON LEFT TURN,CLEAR,DRY,DAWN,TRAFFIC SIGNAL,NONE DETECTED,,B1EE180C-AAA3-432B-A598-368C371F62E0,No,NO APPARENT INJURY,N/A,NOT DISTRACTED,MI,4C57D891-790A-4F76-97DF-0904E880B456,FUNCTIONAL,TWELVE OCLOCK,PICKUP TRUCK,MOVING CONSTANT SPEED,West,30,No,No,2011,CHEVROLET,SILVERADA,39.056015,-76.954505,"(39.056015, -76.954505)"
MCP0936001N,16031979,Montgomery County Police,Property Damage Crash,06/24/2016 02:48:00 PM,Maryland (State),CONNECTICUT AVE,EAST WEST HWY,,N/A,,OTHER,CLOUDY,DRY,DAYLIGHT,TRAFFIC SIGNAL,NONE DETECTED,,5CD86B66-7ADD-46CD-B7DC-F52E3C41E4FC,No,NO APPARENT INJURY,N/A,NOT DISTRACTED,MD,CBA519DC-1FAC-427B-865A-682B85F6C12C,FUNCTIONAL,TEN OCLOCK,AMBULANCE/NON EMERGENCY,STARTING FROM LANE,South,35,No,No,2016,FRHT,TK,38.9879933,-77.07707405,"(38.9879933, -77.07707405)"
MCP3160004T,230046222,Montgomery County Police,Property Damage Crash,07/26/2023 02:00:00 PM,County,OLD GEORGETOWN RD,ROCKVILLE PIKE,,N/A,,SAME DIRECTION SIDESWIPE,CLEAR,DRY,DAYLIGHT,TRAFFIC SIGNAL,NONE DETECTED,,41781E37-EA7C-4B6F-8B55-1B121D7386A5,No,NO APPARENT INJURY,N/A,NOT DISTRACTED,MD,6BDA3471-EFC3-47E4-A9E7-88A1396FC342,SUPERFICIAL,ELEVEN OCLOCK,SCHOOL BUS,MOVING CONSTANT SPEED,East,35,No,No,2015,MCPS,BUS,39.04963367,-77.11906317,"(39.04963367, -77.11906317)"
MCP31680061,230060878,Montgomery County Police,Injury Crash,10/16/2023 03:48:00 PM,Maryland (State),VEIRS MILL RD,ENT TO BUSINESS,,N/A,,HEAD ON LEFT TURN,CLEAR,DRY,DAYLIGHT,TRAFFIC SIGNAL,NONE DETECTED,,7E07229B-748E-41AE-8A7A-5260874114BD,No,NO APPARENT INJURY,N/A,NOT DISTRACTED,MD,7D8D6B64-4D5F-4EDF-8FAF-99AEC01C406A,DISABLING,TWELVE OCLOCK,VAN,MOVING CONSTANT SPEED,East,35,No,No,2007,HONDA,ODYSSEY,39.07430702,-77.11392642,"(39.07430702, -77.11392642)"
MCP3441000X,250032004,MONTGOMERY,Injury Crash,07/17/2025 07:30:00 PM,County Route,GOLF LA,,,,,Front to Rear,Clear,Dry,Daylight,No Controls,"Not Suspect of Alcohol Use, Not Suspect of Drug Use",,4B7AF328-C44B-43A0-9BED-6056AA027EE3,No,No Apparent Injury,,Not Distracted,MD,EFA21AF5-ABAC-4C4C-AC1F-54172DCD9C9E,Functional,Twelve O Clock,Passenger Car,Moving Constant Speed,Southbound,35,No,No,2017,HYUNDAI,SONATA,39.03691254,-77.10793298,"(39.03691254, -77.10793298)"
MCP3347000P,230027974,Montgomery County Police,Property Damage Crash,06/10/2023 07:09:00 PM,County,MARINELLI RD,NEBEL ST,,N/A,,OTHER,CLEAR,DRY,DAYLIGHT,STOP SIGN,NONE DETECTED,,806E816C-CF54-48DF-8CD2-257AFAC24539,Yes,NO APPARENT INJURY,N/A,LOOKED BUT DID NOT SEE,AR,70D50A9A-7813-4D48-B5ED-7695D74B04F9,NO DAMAGE,UNKNOWN,"MEDIUM/HEAVY TRUCKS 3 AXLES (OVER 10,000LBS (4,536KG))",MAKING RIGHT TURN,East,25,No,No,2022,WESTERN STAR,TRACTOR,39.04785646,-77.10549771,"(39.04785646, -77.10549771)"
MCP28610052,210041569,Montgomery County Police,Property Damage Crash,10/16/2021 06:05:00 PM,,,,6936 ROCKLEDGE DR,,,SINGLE VEHICLE,RAINING,,OTHER,NO CONTROLS,NONE DETECTED,,8BA4BE03-A7D7-4F8F-AD31-A1E9223BC2A4,No,NO APPARENT INJURY,"RAIN, SNOW, WET",NOT DISTRACTED,MD,7AFA8E0A-CF99-4AE0-BECC-D18CEA038CD5,DISABLING,TWELVE OCLOCK,PASSENGER CAR,MAKING LEFT TURN,East,25,No,No,2000,FORD,TK,39.02683,-77.13895667,"(39.02683, -77.13895667)"
MCP24440012,15024036,Montgomery County Police,Property Damage Crash,05/19/2015 05:14:00 PM,Maryland (State),CONNECTICUT AVE,HOWARD AVE,,KENSINGTON,,SAME DIR REAR END,CLEAR,DRY,DAYLIGHT,NO CONTROLS,NONE DETECTED,,B0D03845-3FEA-492E-8685-A5654EA269F1,No,NO APPARENT INJURY,N/A,UNKNOWN,MD,0559A840-C4F2-4B04-B9CE-0F52D5B76732,FUNCTIONAL,SIX OCLOCK,PASSENGER CAR,SLOWING OR STOPPING,North,35,No,No,2012,HONDA,CROSST,39.19260167,-77.270535,"(39.19260167, -77.270535)"
MCP2710001K,17015094,Montgomery County Police,Property Damage Crash,03/24/2017 04:11:00 PM,Maryland (State),W DIAMOND AVE,BRYAN AVE,,N/A,,SAME DIR REAR END,N/A,DRY,DAYLIGHT,N/A,NONE DETECTED,,48038DFA-0F69-475A-8B9E-367383ACC6BC,No,NO APPARENT INJURY,N/A,NOT DISTRACTED,MD,BB654601-A233-4661-9D1C-4F3301D46AD3,SUPERFICIAL,SIX OCLOCK,PASSENGER CAR,SLOWING OR STOPPING,North,35,No,No,2005,SUBARU,WAGON,39.14031284,-77.20767617,"(39.14031284, -77.20767617)"
MCP30260084,220037816,Montgomery County Police,Injury Crash,09/01/2022 07:50:00 AM,Maryland (State),WISCONSIN AVE,BRADLEY LA,,N/A,,SAME DIRECTION RIGHT TURN,CLEAR,DRY,DAYLIGHT,TRAFFIC SIGNAL,NONE DETECTED,,30154AB3-68DC-460A-B3DF-AFFE3009B95F,No,SUSPECTED MINOR INJURY,N/A,NOT DISTRACTED,MD,9D6DAD91-743E-421D-AAA8-D782ACCF8EE4,DISABLING,ELEVEN OCLOCK,PASSENGER CAR,MAKING RIGHT TURN,East,35,No,No,2011,BMW,328I,38.97728,-77.090975,"(38.97728, -77.090975)"
MCP25340044,220010653,Montgomery County Police,Injury Crash,03/12/2022 03:15:00 AM,Maryland (State),UNIVERSITY BLVD W,AMHERST AVE,,N/A,,STRAIGHT MOVEMENT ANGLE,CLEAR,DRY,DARK LIGHTS ON,FLASHING TRAFFIC SIGNAL,ALCOHOL PRESENT,,10C5275B-B4A7-4A12-A208-23F5BDE3C340,No,NO APPARENT INJURY,N/A,UNKNOWN,MD,FBDF1392-CEE7-44EC-96D9-7C02E0B1D670,DISABLING,TWELVE OCLOCK,PASSENGER CAR,MOVING CONSTANT SPEED,West,30,No,No,2018,HONDA,ACCORD,39.04129658,-77.04823492,"(39.04129658, -77.04823492)"
MCP2881004J,220025876,Montgomery County Police,Injury Crash,06/16/2022 09:20:00 AM,Maryland (State),FREDERICK RD,PLUMMER DR,,N/A,,SAME DIR REAR END,CLEAR,DRY,DAYLIGHT,NO CONTROLS,N/A,,53157906-6564-492C-B009-87E38F7DDD10,Yes,POSSIBLE INJURY,N/A,UNKNOWN,MD,7806D2AB-0376-44F2-AB5F-84BA799B12D7,DISABLING,TWELVE OCLOCK,VAN,MOVING CONSTANT SPEED,South,45,No,No,2018,DODGE,CARAVAN,39.17338167,-77.23711333,"(39.17338167, -77.23711333)"
HA2483001F,24000634,MCPARK,Property Damage Crash,04/11/2024 04:20:00 PM,Government Route,,WILLET BRIDGE RD,,,,Front to Rear,Rain,Wet,Daylight,No Controls,"Not Suspect of Alcohol Use, Not Suspect of Drug Use",,0D056FD4-3D7C-4566-AB20-41EF1A4C48CA,No,No Apparent Injury,,Not Distracted,MD,1814BB78-0AF2-4A3E-B51E-A0ABEEF50D22,Superficial,Six O Clock,Passenger Car,Moving Constant Speed,Northbound,25,No,,2022,BMW,X5,38.96132639,-77.10338556,"(38.96132639, -77.10338556)"
MCP2625001M,220027377,Montgomery County Police,Property Damage Crash,06/24/2022 12:50:00 PM,,,,SUBURBAN PARKING GARAGE,,,OTHER,N/A,,DAYLIGHT,N/A,N/A,,85345090-E24B-48B8-B6FE-AA892B4E2F53,Yes,NO APPARENT INJURY,N/A,NOT DISTRACTED,MD,4F727075-B3C9-4F67-BA0B-B10F0A405238,SUPERFICIAL,SIX OCLOCK,PASSENGER CAR,PARKED,,5,No,Yes,2000,LINCOLN,TOWNE,39.03542864,-77.12060997,"(39.03542864, -77.12060997)"
MCP3059002X,180051657,Montgomery County Police,Property Damage Crash,10/15/2018 05:04:00 PM,County,BEL PRE RD,HOMECREST RD,,N/A,,SAME DIR REAR END,RAINING,WET,DAYLIGHT,WARNING SIGN,NONE DETECTED,,8E1ADE9C-48BE-48DE-B927-039931800C72,No,NO APPARENT INJURY,"N/A, WET",NOT DISTRACTED,MD,A39DF55D-394F-4A2A-9B10-18977350ACEE,FUNCTIONAL,SIX OCLOCK,(SPORT) UTILITY VEHICLE,SLOWING OR STOPPING,East,35,No,No,2015,HONDA,CR-V,39.09147667,-77.06617167,"(39.09147667, -77.06617167)"
MCP2919002C,17005902,Montgomery County Police,Property Damage Crash,02/03/2017 07:38:00 AM,US (State),COLESVILLE RD,NOYES DR,,N/A,,HEAD ON LEFT TURN,CLEAR,DRY,DAYLIGHT,N/A,NONE DETECTED,,83A457BB-20CC-48BD-8B8E-CED21C49EBA0,Yes,NO APPARENT INJURY,N/A,LOOKED BUT DID NOT SEE,MD,57A9D039-E6FF-408E-B015-F5E2EB72AE7F,FUNCTIONAL,TWELVE OCLOCK,PICKUP TRUCK,MAKING LEFT TURN,East,30,No,No,2011,FORD,PICK-UP TRUCK,38.99999333,-77.02579,"(38.99999333, -77.02579)"
MCP3174005K,250018470,MONTGOMERY,Injury Crash,04/28/2025 12:16:00 PM,,,,Parking Lot Way        SIDEWALK ON THE SIDE OF BUILDING A,,,Angle,Clear,,Daylight,,"Not Suspect of Alcohol Use, Not Suspect of Drug Use",,3730B392-53BA-4DC3-BA21-EEB406AC735F,Yes,Suspected Minor Injury,Other Improper Action,Unknown,MD,DCF79D0A-33E6-48C9-B0F1-40AC420A8BD3,Disabling,One O Clock,Passenger Car,,Southbound,0,No,No,2024,SUBARU,LEGACY,39.19401366,-77.18387134,"(39.19401366, -77.18387134)"