Report Number,Local Case Number,Agency Name,ACRS Report Type,Crash Date/Time,Route Type,Road Name,Cross-Street Name,Off-Road Description,Municipality,Related Non-Motorist,Collision Type,Weather,Surface Condition,Light,Traffic Control,Driver Substance Abuse,Non-Motorist Substance Abuse,Person ID,Driver At Fault,Injury Severity,Circumstance,Driver Distracted By,Drivers License State,Vehicle ID,Vehicle Damage Extent,Vehicle First Impact Location,Vehicle Body Type,Vehicle Movement,Vehicle Going Dir,Speed Limit,Driverless Vehicle,Parked Vehicle,Vehicle Year,Vehicle Make,Vehicle Model,Latitude,Longitude,Location
MCP1334001Y,15008846,Montgomery County Police,Property Damage Crash,02/24/2015 07:47:00 AM,Maryland (State),FREDERICK RD,WHEATFIELD DR,,N/A,,SAME DIRECTION SIDESWIPE,CLEAR,DRY,DAYLIGHT,N/A,NONE DETECTED,,BA8C730A-FBC3-4110-B0EB-35B2DD31FE94,Yes,NO APPARENT INJURY,N/A,NOT DISTRACTED,NY,B9A0F03C-74D0-4DB1-A6F7-F06A18336545,SUPERFICIAL,TWO OCLOCK,"MEDIUM/HEAVY TRUCKS 3 AXLES (OVER 10,000LBS (4,536KG))",MOVING CONSTANT SPEED,South,40,No,No,2003,INTERNATIONAL,4400,39.16793667,-77.23138,"(39.16793667, -77.23138)"
MCP3021007M,240039904,MONTGOMERY,Property Damage Crash,08/23/2024 02:00:00 PM,,,,Parking Lot Way        PARKING LOT OF OUTLET DRIVE IFO 13869 OUTLET DR,,,Rear To Rear,Clear,,Daylight,,"Not Suspect of Alcohol Use, Not Suspect of Drug Use",,E9573640-D073-4139-82F5-733F6F892C6E,No,No Apparent Injury,,Not Distracted,MD,031BAE63-E882-4A41-971B-FAD37AA34501,Superficial,Six O Clock,Passenger Car,Backing,Not On Roadway,0,No,No,2024,LEXUS,RZ,39.08304793,-76.94555511,"(39.08304793, -76.94555511)"
MCP229800Y7,210036233,Montgomery County Police,Injury Crash,09/14/2021 02:58:00 PM,Maryland (State),FREDERICK RD,DIRECTIONAL CROSSOVER,,N/A,,HEAD ON LEFT TURN,CLEAR,DRY,DAYLIGHT,YIELD SIGN,NONE DETECTED,,015DDC17-E554-4E99-90B0-5BDC4F4F8C5D,Yes,NO APPARENT INJURY,N/A,NOT DISTRACTED,MD,68F65728-BE08-429A-8E76-04E58D9164A3,DISABLING,TWELVE OCLOCK,PASSENGER CAR,MAKING LEFT TURN,South,45,No,No,2006,INFI,M35,39.182935,-77.23878,"(39.182935, -77.23878)"
MCP271700XR,230026155,Montgomery County Police,Property Damage Crash,05/31/2023 06:30:00 PM,Maryland (State),RIDGE RD,WACOMOR DR,,N/A,,SAME DIR REAR END,CLEAR,DRY,DAYLIGHT,NO CONTROLS,NONE DETECTED,,2E2B6486-5C0B-4FA3-83E1-86C825B190AF,Yes,NO APPARENT INJURY,N/A,UNKNOWN,MD,52D6622C-5679-4244-B96E-F96C57E48F59,DISABLING,TWELVE OCLOCK,(SPORT) UTILITY VEHICLE,MOVING CONSTANT SPEED,North,35,No,No,2005,TOYOTA,HIGHLANDER,39.22905583,-77.23686283,"(39.22905583, -77.23686283)"
MCP2314002R,230067652,Montgomery County Police,Property Damage Crash,11/21/2023 02:20:00 PM,Maryland (State),FALLS RD,WOOTTON PKWY,,ROCKVILLE,,SAME DIRECTION SIDESWIPE,RAINING,WET,DAYLIGHT,TRAFFIC SIGNAL,NONE DETECTED,,6F6D845C-0D06-4A64-AA12-9A921BE0D9C3,Yes,NO APPARENT INJURY,N/A,NOT DISTRACTED,MD,C73A49F6-79B8-48CD-9969-6CE59169D46D,SUPERFICIAL,SEVEN OCLOCK,"CARGO VAN/LIGHT TRUCK 2 AXLES (OVER 10,000LBS (4,536 KG))",CHANGING LANES,South,35,No,No,2015,FORD,ECONOLINE,39.07030433,-77.169263,"(39.07030433, -77.169263)"
MCP2929003L,190013573,Montgomery County Police,Injury Crash,03/24/2019 01:07:00 PM,Maryland (State),GEORGIA AVE,EMORY CHURCH RD,,N/A,,SAME DIR REAR END,CLEAR,DRY,DAYLIGHT,TRAFFIC SIGNAL,NONE DETECTED,,B5D2EB96-4799-4219-A9B5-A1EEE72B6BD6,Yes,NO APPARENT INJURY,N/A,UNKNOWN,MD,AC783D01-9803-4A4A-8621-B088117AE270,FUNCTIONAL,TWELVE OCLOCK,PASSENGER CAR,SLOWING OR STOPPING,South,40,No,No,1999,TOYOTA,4RUNNER,39.130305,-77.070935,"(39.130305, -77.070935)"
MCP2446003T,180031142,Montgomery County Police,Property Damage Crash,06/24/2018 03:54:00 PM,County,WATKINS MILL RD,ROUNDABOUT,,N/A,,SINGLE VEHICLE,CLOUDY,WET,DAYLIGHT,NO CONTROLS,NONE DETECTED,,0201DD6B-3C32-4365-A751-1251042A34A2,Yes,NO APPARENT INJURY,"RAIN, SNOW, WET",NOT DISTRACTED,MD,5F80D275-CF12-4A02-93FF-C79457EFF50F,DISABLING,ELEVEN OCLOCK,PASSENGER CAR,SLOWING OR STOPPING,East,35,No,No,2005,HONDA,ACCORD,39.1906,-77.225115,"(39.1906, -77.225115)"
MCP2016008S,250026371,MONTGOMERY,Property Damage Crash,06/13/2025 10:28:00 AM,Maryland (State) Route,VEIRS MILL RD (WB/L),,,,,Front to Rear,Clear,Dry,Daylight,No Controls,"Not Suspect of Alcohol Use, Not Suspect of Drug Use",,99074228-32AD-4EF4-8B19-197237E48EE9,No,No Apparent Injury,,Not Distracted,MD,7217145E-044A-46DB-9265-A879EFD40376,Disabling,Twelve O Clock,Passenger Car,Moving Constant Speed,Northbound,35,No,No,2004,TOYOTA,CAMRY,39.077801,-77.12606083,"(39.077801, -77.12606083)"
MCP2939004X,200025486,Montgomery County Police,Property Damage Crash,06/30/2020 05:30:00 PM,Maryland (State),WOODFIELD RD,BETHESDA CHURCH RD,,N/A,,STRAIGHT MOVEMENT ANGLE,CLEAR,DRY,DAYLIGHT,STOP SIGN,N/A,,2EBF5B7C-70FC-4F75-AC94-3CCEB517D617,Yes,NO APPARENT INJURY,N/A,OTHER DISTRACTION,MD,8439FC75-C9F6-49A8-A5BE-9E36DD86135C,DISABLING,ONE OCLOCK,PASSENGER CAR,ACCELERATING,East,40,No,No,2000,FORD,2S,39.28375,-77.201985,"(39.28375, -77.201985)"
MCP13340032,15054304,MONTGOMERY,Property Damage Crash,10/26/2015 10:40:00 AM,County,WILLOW HILL LA,BOWIE MILL RD,,N/A,,OPPOSITE DIRECTION SIDESWIPE,CLOUDY,DRY,DAYLIGHT,NO CONTROLS,NONE DETECTED,,A8CC8470-9C19-4818-A2DB-B96C27ECEBC0,Yes,NO APPARENT INJURY,N/A,NOT DISTRACTED,MD,CCB3BDAB-3937-4B72-B259-C559BADE4BF8,SUPERFICIAL,SIX OCLOCK,"OTHER LIGHT TRUCKS (10,000LBS (4,536KG) OR LESS)",BACKING,South,25,No,No,2003,INTERNATIONAL,DS TK,39.13554041,-77.12107569,"(39.13554041, -77.12107569)"
MCP285900DR,230051825,Montgomery County Police,Property Damage Crash,08/28/2023 01:30:00 PM,Maryland (State),W DIAMOND AVE,RAMP 1 FR IS 270 NB TO MD 117 WB,,N/A,,STRAIGHT MOVEMENT ANGLE,CLOUDY,DRY,DAYLIGHT,TRAFFIC SIGNAL,NONE DETECTED,,11C01639-DA15-4243-86B2-E63B725393ED,No,NO APPARENT INJURY,N/A,NOT DISTRACTED,MD,8EAF12B6-863A-4612-8963-D4D3DEC2E62D,SUPERFICIAL,THREE OCLOCK,PASSENGER CAR,MOVING CONSTANT SPEED,North,30,No,No,2009,VOLVO,S60,39.14053133,-77.21134883,"(39.14053133, -77.21134883)"
MCP2422001K,16052364,Montgomery County Police,Injury Crash,10/11/2016 07:30:00 PM,Maryland (State),WOODFIELD RD,ENT TO SHOPPING CENTER,,N/A,,SAME DIR REAR END,N/A,N/A,DARK LIGHTS ON,N/A,NONE DETECTED,,EC648194-3A23-4F7A-BCEE-5A553EF5E040,No,SUSPECTED MINOR INJURY,N/A,NOT DISTRACTED,MD,C9C2D965-08C0-4CD5-B4EE-BAE446B751D5,SUPERFICIAL,SIX OCLOCK,PASSENGER CAR,STOPPED IN TRAFFIC LANE,North,35,No,No,2015,NISSAN,ALTIMA,39.15547264,-77.16706753,"(39.15547264, -77.16706753)"
DM84510019,170518917,Takoma Park Police Depart,Property Damage Crash,07/13/2017 04:12:00 PM,Maryland (State),CARROLL AVE,GREENWOOD AVE,,TAKOMA PARK,,HEAD ON,CLEAR,DRY,DAYLIGHT,N/A,N/A,,95CA35A8-6189-47FE-BBB1-11D3B31D96EF,Yes,NO APPARENT INJURY,N/A,UNKNOWN,MD,7E8504CB-C883-4FD4-AE22-B83BEA59FFFA,FUNCTIONAL,ELEVEN OCLOCK,PASSENGER CAR,MOVING CONSTANT SPEED,North,30,No,No,2004,NISSAN,MAXIMA SE,38.9855805,-76.99781533,"(38.9855805, -76.99781533)"
MCP3124000W,180036661,Montgomery County Police,Property Damage Crash,07/24/2018 03:12:00 PM,County,DALEWOOD DR,RANDOLPH RD,,N/A,,HEAD ON LEFT TURN,CLOUDY,DRY,DAYLIGHT,TRAFFIC SIGNAL,NONE DETECTED,,4AACE11A-9379-4C93-8B62-E767DC951AFF,No,NO APPARENT INJURY,"N/A, RUTS, HOLES, BUMPS",NOT DISTRACTED,MD,F035291B-3CC0-49A6-AFCE-EE0E0C1A65CD,FUNCTIONAL,TWELVE OCLOCK,PICKUP TRUCK,MOVING CONSTANT SPEED,North,25,No,No,2000,CHEV,TK,39.05915206,-77.0689027,"(39.05915206, -77.0689027)"
MCP3207000P,190054555,Montgomery County Police,Injury Crash,11/12/2019 04:10:00 PM,Maryland (State),SPENCERVILLE RD,OURSLER RD,,N/A,,HEAD ON,CLEAR,DRY,DAYLIGHT,N/A,NONE DETECTED,,E577CC73-4A06-412A-8563-E232E9D01B6E,No,NO APPARENT INJURY,N/A,NOT DISTRACTED,MD,1A7A08AA-3438-42F1-AD13-39A6E87E8F9E,DISABLING,TWELVE OCLOCK,PASSENGER CAR,MOVING CONSTANT SPEED,East,40,No,No,2005,LEXUS,4 DOOR,39.11473796,-76.9595094,"(39.11473796, -76.9595094)"
MCP31610010,190005765,Montgomery County Police,Property Damage Crash,02/05/2019 07:20:00 PM,Maryland (State),ROCKVILLE PIKE,CEDAR LA,,N/A,,SAME DIR REAR END,CLEAR,DRY,DARK LIGHTS ON,N/A,NONE DETECTED,,CEB8EE2E-E72C-49B7-91E6-B08738A3A62B,Yes,NO APPARENT INJURY,"BACKUP DUE TO REGULAR CONGESTION, N/A",UNKNOWN,WV,FB68D48F-12BF-4615-8415-8E46996F6A39,FUNCTIONAL,TWELVE OCLOCK,POLICE VEHICLE/EMERGENCY,SLOWING OR STOPPING,North,35,No,No,2017,FORD,EXPLORER,39.00449333,-77.09738667,"(39.00449333, -77.09738667)"
EJ7846004P,200000889,Gaithersburg Police Depar,Property Damage Crash,01/06/2020 02:00:00 PM,County,MUDDY BRANCH RD,DARNESTOWN RD,,N/A,,SAME DIR REAR END,CLEAR,DRY,DAYLIGHT,TRAFFIC SIGNAL,NONE DETECTED,,F914AB72-25DC-4610-9B4F-336C2D0BDBF2,Yes,NO APPARENT INJURY,N/A,NOT DISTRACTED,MD,3E912801-5C25-4651-B77C-221617A05B8C,SUPERFICIAL,TWELVE OCLOCK,PASSENGER CAR,SLOWING OR STOPPING,South,45,No,No,2018,FORD,FUSION,39.10588667,-77.22513333,"(39.10588667, -77.22513333)"
DD5666000T,240013841,ROCKVILLE,Property Damage Crash,03/23/2024 02:00:00 AM,Municipality Route,HOWARD AVE,,,,,"Sideswipe, Same Direction",Clear,Dry,Dark - Unknown Lighting,No Controls,"Unknown, Unknown",,AB98B63C-8188-4E82-8CB4-0043E2B41309,No,,,,,5911CBBC-810A-417E-844E-F7BDB47EB062,Vehicle Not at Scene,Vehicle Not at Scene,,,Unknown,15,No,,0,,,39.0905878,-77.14637368,"(39.0905878, -77.14637368)"
MCP2055000X,16018058,Montgomery County Police,Property Damage Crash,04/13/2016 12:51:00 PM,Maryland (State),FREDERICK RD,NEELSVILLE CHURCH RD,,N/A,,STRAIGHT MOVEMENT ANGLE,CLEAR,DRY,DAYLIGHT,STOP SIGN,NONE DETECTED,,93D4CEE8-95F6-45E2-9864-470E55446C74,Yes,NO APPARENT INJURY,N/A,LOOKED BUT DID NOT SEE,MD,157A8AC1-C7FA-419D-BF71-5F06442168D4,FUNCTIONAL,ELEVEN OCLOCK,PICKUP TRUCK,MAKING RIGHT TURN,North,40,No,No,2014,CHEV,SILVERADO,39.19408667,-77.243465,"(39.19408667, -77.243465)"
EJ78520033,190059057,Gaithersburg Police Depar,Property Damage Crash,12/07/2019 04:00:00 PM,County,SAM EIG HWY,RAMP 1 FR IS 270 NB TO IS 370 WB,,N/A,,SAME DIR REAR END,N/A,DRY,DAYLIGHT,N/A,NONE DETECTED,,8C4AAFDF-F11F-41D9-AB07-52BC63C768B2,No,NO APPARENT INJURY,N/A,NOT DISTRACTED,MD,DB88545A-154F-47CA-A62C-90140B48C719,DISABLING,SIX OCLOCK,PASSENGER CAR,SLOWING OR STOPPING,North,50,No,No,2016,HONDA,CRV,39.12037667,-77.20123833,"(39.12037667, -77.20123833)"
MCP2987005X,200007569,Montgomery County Police,Property Damage Crash,02/14/2020 03:45:00 PM,US (State),COLUMBIA PIKE,FAIRLAND RD,,N/A,,SAME DIR REAR END,CLEAR,DRY,DAYLIGHT,TRAFFIC SIGNAL,NONE DETECTED,,2CBDA758-B3E5-4978-9554-516E858EDAD1,No,NO APPARENT INJURY,N/A,NOT DISTRACTED,VA,75FC2DDD-7AF4-48AC-AC95-DA40C913D350,SUPERFICIAL,SIX OCLOCK,PASSENGER CAR,STOPPED IN TRAFFIC LANE,South,50,No,No,2008,TESLA,4D,39.073295,-76.956155,"(39.073295, -76.956155)"
MCP34260015,250007456,MONTGOMERY,Property Damage Crash,02/19/2025 07:15:00 PM,Interstate (State),CABIN JOHN PKWY,,,,,Front to Rear,Clear,Dry,Dark - Lighted,No Controls,"Not Suspect of Alcohol Use, Not Suspect of Drug Use",,51D44DA3-2CDE-4562-B97F-EEAF79D381A7,No,No Apparent Injury,,Not Distracted,MD,85924A55-7024-4D0E-B172-7D5F1ABAF1F5,Disabling,Twelve O Clock,Passenger Car,Moving Constant Speed,Northbound,35,No,No,2014,HONDA,CIVIC,38.98471196,-77.15761302,"(38.98471196, -77.15761302)"
MCP2892005Q,190001105,Montgomery County Police,Property Damage Crash,01/07/2019 04:48:00 PM,Maryland (State),UNIVERSITY BLVD E,E FRANKLIN AVE,,N/A,,HEAD ON LEFT TURN,CLEAR,DRY,DAYLIGHT,TRAFFIC SIGNAL,NONE DETECTED,,64CB637D-08FD-4BE3-A3E1-C4FA360ABF51,No,NO APPARENT INJURY,N/A,NOT DISTRACTED,MD,4B61EDD4-712C-4346-9A84-D6FA61434DD4,FUNCTIONAL,TWELVE OCLOCK,PASSENGER CAR,MOVING CONSTANT SPEED,East,35,No,No,2002,CHEVY,TK,39.01204167,-77.002635,"(39.01204167, -77.002635)"
DD5595003G,17009757,Rockville Police Departme,Property Damage Crash,02/23/2017 11:46:00 AM,Municipality,WOOTTON PKWY,PASTURE BROOK WAY,,ROCKVILLE,,SAME DIRECTION SIDESWIPE,CLEAR,DRY,DAYLIGHT,NO CONTROLS,NONE DETECTED,,431ADEA0-4BF9-47D5-BF54-80890FFA88B3,No,NO APPARENT INJURY,N/A,NOT DISTRACTED,MD,BCA5EF82-8EA7-4DE9-916B-82EE2B52DA4A,SUPERFICIAL,TWO OCLOCK,PASSENGER CAR,MOVING CONSTANT SPEED,East,40,No,No,2015,FORD,TRANSIT 360,39.06759433,-77.1671925,"(39.06759433, -77.1671925)"
MCP3080001T,190040249,Montgomery County Police,Property Damage Crash,08/22/2019 07:05:00 PM,County,CINNAMON DR,CLOPPER RD,,N/A,,STRAIGHT MOVEMENT ANGLE,CLEAR,DRY,DAYLIGHT,STOP SIGN,N/A,,2849BCE8-C7E1-4F34-AD43-535864A34D4C,No,NO APPARENT INJURY,N/A,NOT DISTRACTED,MD,D083C101-95B5-4B9C-A143-79C70124B552,DISABLING,TWELVE OCLOCK,PASSENGER CAR,MOVING CONSTANT SPEED,North,40,No,No,1998,CHEV,TK,39.15608833,-77.26484333,"(39.15608833, -77.26484333)"
MCP29290021,17013321,Montgomery County Police,Property Damage Crash,03/15/2017 08:28:00 AM,Maryland (State),NEW HAMPSHIRE AVE,RANDOLPH RD,,N/A,,SAME DIRECTION SIDESWIPE,CLEAR,DRY,DAYLIGHT,NO CONTROLS,NONE DETECTED,,2421FDFE-55D9-4579-8380-25F0E3328198,Yes,NO APPARENT INJURY,N/A,LOOKED BUT DID NOT SEE,MD,80390812-8A5B-4A68-9520-80795EE0B027,DISABLING,ONE OCLOCK,PICKUP TRUCK,CHANGING LANES,South,45,No,No,2016,FORD,F150,39.05795667,-77.04858333,"(39.05795667, -77.04858333)"
MCP31330043,220053157,Montgomery County Police,Property Damage Crash,12/02/2022 06:56:00 AM,Maryland (State),LAYHILL RD,BEL PRE RD,,N/A,,STRAIGHT MOVEMENT ANGLE,CLEAR,DRY,DAWN,TRAFFIC SIGNAL,NONE DETECTED,,6944BE79-425A-4112-ADAF-33E9E3D3D82A,No,NO APPARENT INJURY,N/A,NOT DISTRACTED,MD,E3CC24B6-1ECD-4AFE-950D-B1D0861B9097,FUNCTIONAL,ELEVEN OCLOCK,PASSENGER CAR,MOVING CONSTANT SPEED,East,35,No,No,2014,HONDA,ACCORD,39.09050333,-77.04469833,"(39.09050333, -77.04469833)"
MCP9437002T,250027107,MONTGOMERY,Injury Crash,06/18/2025 05:30:00 AM,Maryland (State) Route,LAYTONSVILLE RD,,,,,Front to Front,Rain,Wet,Dawn,No Controls,"Not Suspect of Alcohol Use, Not Suspect of Drug Use",,56CDD328-E1C2-4648-B683-EAC2D531C00B,Yes,No Apparent Injury,Improper Passing,Unknown,,EF4CD154-6D06-49F9-80A8-DFB0677457C3,Disabling,Eleven O Clock,Pickup,Accelerating,Northbound,40,No,No,1999,FORD,RANGER,39.22873783,-77.14253733,"(39.22873783, -77.14253733)"
MCP3401001R,240048132,MONTGOMERY,Property Damage Crash,10/04/2024 08:10:00 PM,US (State),COLUMBIA PIKE,,,,,Front to Front,Clear,Dry,Dark - Not Lighted,No Controls,"Unknown, Not Suspect of Drug Use",,F81A40AA-43FF-443C-B571-04E8AD4E38A4,Yes,No Apparent Injury,,Not Distracted,MD,4FEDA26D-9131-4691-B0BF-27676FDEBE9F,Vehicle Not at Scene,Vehicle Not at Scene,Passenger Car,Making U-Turn,Southbound,35,No,No,2018,TOYOTA,4-RUNNER,39.03211011,-77.0038141,"(39.03211011, -77.0038141)"
MCP21980031,170530996,Montgomery County Police,Property Damage Crash,09/16/2017 05:00:00 PM,,,,552 N. FREDERICK AVE,,,SAME DIRECTION SIDESWIPE,CLEAR,,DAYLIGHT,N/A,UNKNOWN,,7AE015A9-F313-4C61-9BAC-483EE598B59C,Yes,NO APPARENT INJURY,N/A,UNKNOWN,,AF9BB361-5BAA-4412-9D38-A052C47429B9,UNKNOWN,ONE OCLOCK,PASSENGER CAR,PARKING,North,25,No,No,2010,FORD,F-150,39.14855167,-77.20947833,"(39.14855167, -77.20947833)"
EJ7908002F,250028446,GAITHERSBURG,Property Damage Crash,06/26/2025 07:18:00 AM,Ramp,RAMP 1 FR IS 270 NB TO MD 117 WB,,,,,Front to Rear,Clear,Dry,Daylight,Other Signal,"Not Suspect of Alcohol Use, Not Suspect of Drug Use",,8728F4E3-29A6-4D45-BBB9-BC9CCA4F949D,No,No Apparent Injury,,Not Distracted,MD,0A2ACACC-CAC6-48EF-80EC-3C1651EBF782,Disabling,Seven O Clock,Passenger Car,Slowing or Stopping,Westbound,35,No,No,2012,VOLKSWAGEN,BEETLE,39.14060257,-77.21070347,"(39.14060257, -77.21070347)"
EJ78660004,16037882,Gaithersburg Police Depar,Property Damage Crash,07/26/2016 08:07:00 PM,County,MUDDY BRANCH RD,W DIAMOND AVE,,N/A,,SAME DIR REAR END,CLEAR,DRY,DAYLIGHT,NO CONTROLS,NONE DETECTED,,6B52AFEA-2E0A-49F8-AA34-53AEB3279CA4,No,NO APPARENT INJURY,N/A,NOT DISTRACTED,MD,2000BB30-2907-440B-B789-7B9097D57654,SUPERFICIAL,SIX OCLOCK,PASSENGER CAR,STOPPED IN TRAFFIC LANE,West,45,No,No,2016,TOYOTA,CAMRY,39.137985,-77.20554833,"(39.137985, -77.20554833)"
MCP2726002D,170535599,Montgomery County Police,Property Damage Crash,10/09/2017 10:21:00 AM,Municipality,WOOTTON PKWY,TOWER OAKS BLVD,,ROCKVILLE,,HEAD ON LEFT TURN,RAINING,WET,DAYLIGHT,TRAFFIC SIGNAL,N/A,,B9D4DBF6-7BF8-40B1-A96B-205994C930EF,Yes,NO APPARENT INJURY,"RAIN, SNOW, WET",LOOKED BUT DID NOT SEE,VA,C28C5B7E-F2D7-41A0-91D3-1B497CBAA36A,DISABLING,TWELVE OCLOCK,PASSENGER CAR,MAKING LEFT TURN,West,40,No,No,2018,VOLK,SUV,39.06673901,-77.15394616,"(39.06673901, -77.15394616)"
MCP2436004L,180002889,Montgomery County Police,Injury Crash,01/18/2018 01:38:00 PM,Maryland (State),UNIVERSITY BLVD W,SUTHERLAND RD,,N/A,PEDESTRIAN,HEAD ON,CLEAR,DRY,DAYLIGHT,NO CONTROLS,NONE DETECTED,NONE DETECTED,6065176F-CA39-40F8-95A2-E17E0F73FD49,No,NO APPARENT INJURY,N/A,UNKNOWN,MD,3BA616C2-BA6C-426D-9814-21CC06F91A15,SUPERFICIAL,TWELVE OCLOCK,VAN,STARTING FROM PARKED,North,35,No,No,2017,NISSAN,NV200,39.020995,-77.01330667,"(39.020995, -77.01330667)"
MCP30530089,250004063,MONTGOMERY,Property Damage Crash,01/28/2025 05:03:00 PM,County Route,ARCOLA AVE,HERMITAGE AVE,,,,Other,Clear,Dry,Daylight,No Controls,"Not Suspect of Alcohol Use, Not Suspect of Drug Use",,0BE2F6DA-67C5-4F36-86E6-74B3C15FAD7C,No,No Apparent Injury,,Not Distracted,MD,AF36D804-7E1F-488F-B9A3-452B914BC265,Disabling,Eight O Clock,Passenger Car,Moving Constant Speed,Eastbound,25,No,No,2020,TOYOTA,RAV4,39.04711198,-77.05063968,"(39.04711198, -77.05063968)"
MCP31980022,200037352,Montgomery County Police,Property Damage Crash,09/29/2020 08:48:00 PM,County,RANDOLPH RD,ST DUNSTON LA,,N/A,,SINGLE VEHICLE,RAINING,WET,DARK LIGHTS ON,N/A,NONE DETECTED,,A4E63B5C-BF14-452E-B580-DFEBB46CE958,Yes,NO APPARENT INJURY,"RAIN, SNOW, WET",NOT DISTRACTED,MD,FB59C797-E7B1-4DA2-BE4A-277795BF67A9,DISABLING,TWELVE OCLOCK,PASSENGER CAR,MOVING CONSTANT SPEED,West,35,No,No,2006,BUICK,RAINIER,39.053345,-77.08881833,"(39.053345, -77.08881833)"
MCP115100CF,210014707,Montgomery County Police,Injury Crash,04/20/2021 12:17:00 PM,County,MIDDLEBROOK RD,FATHER HURLEY BLVD,,N/A,,SAME DIR REAR END,CLEAR,DRY,DAYLIGHT,YIELD SIGN,NONE DETECTED,,443591CF-4C3F-4B79-81F4-3FD18E403ADD,No,POSSIBLE INJURY,N/A,NOT DISTRACTED,MD,9870830C-56FE-45FD-91AF-87BB9DB2CE3B,SUPERFICIAL,SIX OCLOCK,PASSENGER CAR,STOPPED IN TRAFFIC LANE,West,35,No,No,2003,TOYT,COROLLA,39.18443012,-77.2734088,"(39.18443012, -77.2734088)"
EJ7889003B,220056077,Gaithersburg Police Depar,Property Damage Crash,12/18/2022 03:50:00 PM,Municipality,WASHINGTONIAN BLVD,ROUNDABOUT,,N/A,,SAME DIR REAR END,CLEAR,DRY,DAYLIGHT,NO CONTROLS,UNKNOWN,,A8AE78F0-A4C2-455E-BAEE-846232530A7C,Yes,NO APPARENT INJURY,N/A,UNKNOWN,,30B8B646-DBE1-445B-9044-AA72A423A1F2,SUPERFICIAL,TWELVE OCLOCK,PASSENGER CAR,MOVING CONSTANT SPEED,North,20,No,No,2010,DODGE,CHARGER,39.11926642,-77.20155213,"(39.11926642, -77.20155213)"
MCP3232002P,220017008,Montgomery County Police,Injury Crash,04/21/2022 06:05:00 PM,Maryland (State),NORBECK RD,WINTERGATE DR,,N/A,,SAME DIR REAR END,CLEAR,DRY,DAYLIGHT,NO CONTROLS,NONE DETECTED,,5454DAFF-ADAF-4CC4-A0CB-A00EDD6A79B1,Yes,SUSPECTED MINOR INJURY,N/A,NOT DISTRACTED,MD,A6F5A649-E0F8-428C-BFBF-678663EE643A,DISABLING,TWELVE OCLOCK,PASSENGER CAR,SLOWING OR STOPPING,West,35,No,No,2011,TOYOTA,CAMRY,39.11344817,-77.05728517,"(39.11344817, -77.05728517)"
MCP2456006T,220038596,Montgomery County Police,Property Damage Crash,09/06/2022 09:25:00 AM,Maryland (State),NEW HAMPSHIRE AVE,RUPPERT RD,,N/A,,OTHER,RAINING,WET,DAYLIGHT,NO CONTROLS,NONE DETECTED,,BE8F6E57-54AF-4D09-9042-893A03BEDE4F,Yes,NO APPARENT INJURY,"N/A, RAIN, SNOW",UNKNOWN,VA,EC9411BE-FEDD-421D-9949-5F8B23CE2DC8,FUNCTIONAL,TWELVE OCLOCK,PASSENGER CAR,PASSING,South,40,No,No,2021,TOYOTA,RAV4,39.03224833,-76.98505333,"(39.03224833, -76.98505333)"
MCP3069004R,210010746,Montgomery County Police,Property Damage Crash,03/22/2021 01:10:00 PM,Maryland (State),EAST WEST HWY,CONNECTICUT AVE,,N/A,,SAME DIR REAR END,CLEAR,DRY,DAYLIGHT,TRAFFIC SIGNAL,NONE DETECTED,,B5D23EAD-E217-42A3-BF96-715AF1C3162B,No,NO APPARENT INJURY,N/A,NOT DISTRACTED,VA,C0739667-28B2-4E0F-8B08-592BE775919F,SUPERFICIAL,SIX OCLOCK,TRANSIT BUS,STOPPED IN TRAFFIC LANE,East,35,No,No,2009,GILL,BUS,38.987595,-77.077245,"(38.987595, -77.077245)"
MCP2948005K,220039384,Montgomery County Police,Property Damage Crash,09/10/2022 05:30:00 PM,Maryland (State),CONNECTICUT AVE,ADAMS DR,,N/A,,SAME DIRECTION SIDESWIPE,CLEAR,DRY,DAYLIGHT,NO CONTROLS,NONE DETECTED,,799395C9-DBB0-4649-B199-7DCD0C22785A,No,NO APPARENT INJURY,N/A,NOT DISTRACTED,US,D450EB36-DCA6-4778-B7FE-95145447BCA8,SUPERFICIAL,TEN OCLOCK,PASSENGER CAR,MOVING CONSTANT SPEED,South,40,No,No,2007,TOYOTA,CAMRY,39.04814333,-77.075735,"(39.04814333, -77.075735)"
DD5595006S,180051674,Rockville Police Departme,Property Damage Crash,10/15/2018 05:25:00 PM,Maryland (State),W JEFFERSON ST,W MONTGOMERY AVE,,ROCKVILLE,,OTHER,CLOUDY,DRY,DAYLIGHT,TRAFFIC SIGNAL,NONE DETECTED,,2184A1F7-B9E4-45D8-B629-CF9D5F8F1FC5,No,NO APPARENT INJURY,N/A,NOT DISTRACTED,MD,2F5C308E-2A9E-40D6-9EC6-7BA2259C6C6F,SUPERFICIAL,SEVEN OCLOCK,PASSENGER CAR,MOVING CONSTANT SPEED,West,25,No,No,2008,HONDA,PILOT,39.08385133,-77.15892317,"(39.08385133, -77.15892317)"