Report Number,Local Case Number,Agency Name,ACRS Report Type,Crash Date/Time,Route Type,Road Name,Cross-Street Name,Off-Road Description,Municipality,Related Non-Motorist,Collision Type,Weather,Surface Condition,Light,Traffic Control,Driver Substance Abuse,Non-Motorist Substance Abuse,Person ID,Driver At Fault,Injury Severity,Circumstance,Driver Distracted By,Drivers License State,Vehicle ID,Vehicle Damage Extent,Vehicle First Impact Location,Vehicle Body Type,Vehicle Movement,Vehicle Going Dir,Speed Limit,Driverless Vehicle,Parked Vehicle,Vehicle Year,Vehicle Make,Vehicle Model,Latitude,Longitude,Location
MCP2726005J,210014999,Montgomery County Police,Property Damage Crash,04/21/2021 04:45:00 PM,,,,"DRIVEWAY OF 10401 WINDFALL CT, DAMASCUS, MD 20872",,,OTHER,CLEAR,,DAYLIGHT,NO CONTROLS,NONE DETECTED,,DD17FAE9-BFE2-48D2-A7A6-2070E3E55B58,Yes,NO APPARENT INJURY,N/A,NOT DISTRACTED,MD,A4AEC4EC-3901-4659-8FD9-54AD4EA9C654,NO DAMAGE,SIX OCLOCK,PASSENGER CAR,BACKING,Unknown,0,No,No,2017,HYUN,SONATA,39.25782803,-77.21471787,"(39.25782803, -77.21471787)"
MCP02450001,15062926,MONTGOMERY,Property Damage Crash,12/09/2015 05:56:00 PM,Maryland (State),GREAT SENECA HWY,MATENY RD,,N/A,,SAME DIR REAR END,CLEAR,DRY,DARK NO LIGHTS,NO CONTROLS,NONE DETECTED,,F0CABED3-41FA-4B78-AB9C-97D489D7C948,Yes,NO APPARENT INJURY,N/A,NOT DISTRACTED,MD,B0636388-793B-417F-8EF2-673E90F8A965,DISABLING,TWELVE OCLOCK,PASSENGER CAR,MOVING CONSTANT SPEED,North,50,No,No,2002,BMW,325I,39.16302636,-77.27394819,"(39.16302636, -77.27394819)"
MCP3230001B,200029012,Montgomery County Police,Property Damage Crash,07/26/2020 04:17:00 PM,Maryland (State),CONNECTICUT AVE,ENT TO ASPEN HILLS SHOPPING CTR,,N/A,,STRAIGHT MOVEMENT ANGLE,CLEAR,DRY,DAYLIGHT,NO CONTROLS,N/A,,BF5CF9FF-C797-42AC-9694-67FB29BFC9D2,Yes,NO APPARENT INJURY,N/A,NOT DISTRACTED,MD,2CA738F5-5803-44EB-8B46-CA4FE8422861,SUPERFICIAL,ELEVEN OCLOCK,PASSENGER CAR,MAKING LEFT TURN,East,35,No,No,2011,ACURA,MDX,39.0781909,-77.08073413,"(39.0781909, -77.08073413)"
MCP32260020,210047661,Montgomery County Police,Injury Crash,11/23/2021 05:31:00 PM,Maryland (State),SPENCERVILLE RD,NEW HAMPSHIRE AVE,,N/A,,SAME DIR REAR END,CLEAR,DRY,DARK LIGHTS ON,TRAFFIC SIGNAL,NONE DETECTED,,E704F6B8-E12B-4E0E-9618-79D2F22950A8,No,SUSPECTED MINOR INJURY,N/A,NOT DISTRACTED,MD,C7F9AB28-3667-4255-8349-A1747E009E5E,FUNCTIONAL,SIX OCLOCK,VAN,STOPPED IN TRAFFIC LANE,West,40,No,No,2016,CHEVY,TK,39.12074983,-76.9868045,"(39.12074983, -76.9868045)"
MCP271700F9,170547913,Montgomery County Police,Property Damage Crash,12/11/2017 03:00:00 PM,Maryland (State),ROCKVILLE PIKE,OLD GEORGETOWN RD,,N/A,,SAME DIRECTION SIDESWIPE,CLEAR,DRY,DAYLIGHT,TRAFFIC SIGNAL,NONE DETECTED,,20A42956-1873-4082-B86D-2E784C52A303,No,NO APPARENT INJURY,N/A,NOT DISTRACTED,MD,CAED2259-38DF-4702-9E43-E5C77F7FF6C4,SUPERFICIAL,ONE OCLOCK,PASSENGER CAR,MAKING LEFT TURN,East,35,No,No,2016,TOYOTA,CAMRY,39.04978117,-77.1142555,"(39.04978117, -77.1142555)"
EJ7852001L,17015203,Gaithersburg Police Depar,Property Damage Crash,03/25/2017 01:14:00 AM,Maryland (State),FREDERICK RD,PERRY PKWY,,GAITHERSBURG,,ANGLE MEETS LEFT TURN,N/A,DRY,DARK LIGHTS ON,TRAFFIC SIGNAL,ALCOHOL PRESENT,,29CE91B6-47C6-47CC-85FB-33266EC651E2,Unknown,NO APPARENT INJURY,N/A,LOOKED BUT DID NOT SEE,MD,24B2AA3E-1F80-40DA-8135-3AEB0113CBAA,FUNCTIONAL,ONE OCLOCK,PASSENGER CAR,MAKING LEFT TURN,West,35,No,No,2007,TOYT,COROLLA,39.15004811,-77.20908165,"(39.15004811, -77.20908165)"
MCP30310024,180004662,Montgomery County Police,Injury Crash,01/27/2018 03:40:00 PM,County,TWIG RD,ELM GROVE CIR,,N/A,,SAME DIRECTION SIDESWIPE,CLEAR,DRY,DAYLIGHT,NO CONTROLS,NONE DETECTED,,6DC73408-967E-408A-BAE8-826DF02D0A19,Yes,NO APPARENT INJURY,N/A,LOOKED BUT DID NOT SEE,MD,D37D91D0-156A-4680-AFCD-46D24AD549C7,FUNCTIONAL,SIX OCLOCK,POLICE VEHICLE/EMERGENCY,BACKING,South,25,No,No,2013,DODG,JOURNEY,39.09469833,-76.98618,"(39.09469833, -76.98618)"
MCP1212000M,16011839,MONTGOMERY,Property Damage Crash,03/10/2016 07:15:00 AM,Maryland (State),FREDERICK RD,STARDRIFT DR,,N/A,,HEAD ON LEFT TURN,CLEAR,DRY,DAYLIGHT,NO CONTROLS,NONE DETECTED,,56F2F802-F7DA-4BB2-ABB4-148A1C5A8B39,Yes,NO APPARENT INJURY,N/A,UNKNOWN,MD,87BF1054-D70D-4EB6-8F35-81B9384BFCDF,DISABLING,TWELVE OCLOCK,PASSENGER CAR,MAKING LEFT TURN,North,45,No,No,2001,TOYT,4S,39.20639,-77.24677167,"(39.20639, -77.24677167)"
MCP15340011,250017003,MONTGOMERY,Injury Crash,04/19/2025 12:20:00 PM,Maryland (State) Route,,FIELDCREST RD,,,,Front to Front,Clear,Dry,Daylight,Traffic Control Signal,"Not Suspect of Alcohol Use, Not Suspect of Drug Use",,498AEE80-41AE-4DF7-808C-F69D501AD7C6,No,Possible Injury,,Not Distracted,MD,FBA1950E-FE95-43AA-A4AB-00827170826F,Disabling,Eleven O Clock,Sport Utility Vehicle,Moving Constant Speed,Eastbound,35,No,No,2019,GMC,TERRAIN,39.1894105,-77.120722,"(39.1894105, -77.120722)"
MCP3023002R,180059689,Montgomery County Police,Injury Crash,11/29/2018 01:30:00 PM,Maryland (State),CONNECTICUT AVE,ASPEN HILL RD,,N/A,,STRAIGHT MOVEMENT ANGLE,CLOUDY,DRY,DAYLIGHT,TRAFFIC SIGNAL,NONE DETECTED,,5A642482-F4AD-41C1-B97B-60EFC0B4BF28,No,NO APPARENT INJURY,N/A,NOT DISTRACTED,MD,DC50D1C1-305E-47A6-996D-32940EACCB2C,FUNCTIONAL,TWELVE OCLOCK,(SPORT) UTILITY VEHICLE,MOVING CONSTANT SPEED,West,25,No,No,2006,CHEV,TK,39.080234,-77.08054567,"(39.080234, -77.08054567)"
MCP20520020,200030894,Montgomery County Police,Property Damage Crash,08/09/2020 12:53:00 AM,Maryland (State),FREDERICK RD,WATKINS MILL RD,,GAITHERSBURG,,STRAIGHT MOVEMENT ANGLE,CLEAR,DRY,DARK LIGHTS ON,FLASHING TRAFFIC SIGNAL,N/A,,A966DF05-284B-4B00-BD9D-6915FA5556C3,No,NO APPARENT INJURY,N/A,NOT DISTRACTED,MD,FB2237E8-C294-48EE-A9FF-C0B5BFC79005,DISABLING,TWELVE OCLOCK,PASSENGER CAR,MOVING CONSTANT SPEED,South,45,No,No,2012,HOND,4S,39.159375,-77.21929833,"(39.159375, -77.21929833)"
MCP27020028,250010955,MONTGOMERY,Property Damage Crash,03/12/2025 09:30:00 PM,,,,Parking Lot Way        PARKING LOT,,,Single Vehicle,Clear,,Dark - Lighted,,"Not Suspect of Alcohol Use, Not Suspect of Drug Use",,6608975E-3006-45D9-B022-8489D809FCE4,No,No Apparent Injury,,Not Distracted,MD,ABFCA188-F1D6-471F-9D40-BF53F36A4D8E,Superficial,Twelve O Clock,Sport Utility Vehicle,Entering Traffic Lane,Not On Roadway,0,No,No,2012,DODGE,JOURNEY,39.05723041,-77.08420017,"(39.05723041, -77.08420017)"
MCP20080081,200033104,Montgomery County Police,Property Damage Crash,08/24/2020 07:12:00 PM,County,SEVEN LOCKS RD,DEMOCRACY BLVD,,N/A,,HEAD ON LEFT TURN,CLEAR,DRY,DAYLIGHT,TRAFFIC SIGNAL,NONE DETECTED,,EBAE4ABB-C5C1-49CB-8F28-5DCEA278944F,No,NO APPARENT INJURY,N/A,NOT DISTRACTED,MD,51EDECAE-CF07-4EE5-9691-E2696C4AD86D,DISABLING,TWELVE OCLOCK,PASSENGER CAR,MOVING CONSTANT SPEED,South,35,No,No,2013,TOYOT,CAMRY,39.023055,-77.16249,"(39.023055, -77.16249)"
MCP29730040,170541605,Montgomery County Police,Property Damage Crash,11/08/2017 08:00:00 AM,County,BEL PRE RD,GEORGIA AVE,,N/A,,SAME DIRECTION SIDESWIPE,N/A,WET,DAYLIGHT,TRAFFIC SIGNAL,N/A,,6F9FF3E0-F98D-4DD4-9AC9-349D047A8699,No,NO APPARENT INJURY,"N/A, WET",NOT DISTRACTED,MD,01F1787A-B7C6-463B-B37C-F2DF9A4C9ED9,FUNCTIONAL,ONE OCLOCK,PASSENGER CAR,MOVING CONSTANT SPEED,West,35,No,No,2015,FORD,4S,39.09342329,-77.07884967,"(39.09342329, -77.07884967)"
MCP29390033,190000701,Montgomery County Police,Injury Crash,01/04/2019 08:34:00 PM,Maryland (State),CLOPPER RD,GERMANTOWN RD,,N/A,,STRAIGHT MOVEMENT ANGLE,RAINING,WET,DARK LIGHTS ON,TRAFFIC SIGNAL,NONE DETECTED,,21E9E559-C345-4BBF-AAD5-A9BD0A5A06B2,Yes,NO APPARENT INJURY,"RAIN, SNOW, WET",LOOKED BUT DID NOT SEE,MD,1C4322AD-449E-425E-AB6D-A6A173981719,FUNCTIONAL,TWELVE OCLOCK,PASSENGER CAR,ACCELERATING,South,35,No,No,2018,HONDA,4S,39.16296,-77.28296667,"(39.16296, -77.28296667)"
MCP2472001K,15064072,MONTGOMERY,Property Damage Crash,12/15/2015 02:45:00 PM,Maryland (State),NORWOOD RD,HENNESSY TERR,,N/A,,SAME DIR REAR END,CLEAR,DRY,DAYLIGHT,TRAFFIC SIGNAL,UNKNOWN,,67A1FB17-1D0E-4A31-B31C-3D887C6BDE73,No,NO APPARENT INJURY,N/A,NOT DISTRACTED,,FB61377D-C7FB-4AEF-90A0-ABDD65E2CE2E,SUPERFICIAL,SIX OCLOCK,PASSENGER CAR,STOPPED IN TRAFFIC LANE,North,45,No,No,2016,CADILLAC,DEVILLE,39.13740033,-77.03269958,"(39.13740033, -77.03269958)"
MCP10640044,16013798,Montgomery County Police,Property Damage Crash,03/21/2016 10:50:00 AM,County,BRIGGS CHANEY RD,RAMP 1 FR US29 NB TO BRIGGS CHANEY RD WB,,N/A,,ANGLE MEETS LEFT HEAD ON,CLEAR,DRY,DAYLIGHT,TRAFFIC SIGNAL,N/A,,70D38169-8B99-4681-B374-634D133D7162,No,NO APPARENT INJURY,N/A,NOT DISTRACTED,MD,04B04063-F984-4069-9115-73C4B017A88D,DISABLING,EIGHT OCLOCK,PASSENGER CAR,MAKING LEFT TURN,North,35,No,No,2011,BMW,335I 2D,39.08284833,-76.947955,"(39.08284833, -76.947955)"
MCP2855005D,250002395,MONTGOMERY,Property Damage Crash,01/17/2025 04:39:00 PM,Maryland (State) Route,UNIVERSITY BLVD E,,,,,Front to Rear,Clear,Dry,Daylight,Traffic Control Signal,"Not Suspect of Alcohol Use, Not Suspect of Drug Use",,E56D8C86-C025-46FA-9A22-06CDF5DBC417,No,No Apparent Injury,,Not Distracted,MD,2D82972F-70C8-4CA4-8435-B99BDC6A20EA,Superficial,Six O Clock,Passenger Car,Stopped in Traffic,Eastbound,35,No,No,2019,TOYOTA,AVALON,39.00183164,-76.99577821,"(39.00183164, -76.99577821)"
MCP2358002H,16059422,Montgomery County Police,Property Damage Crash,11/18/2016 01:44:00 PM,Maryland (State),RIVER RD,HALL RD,,N/A,,SAME DIR REAR END,CLEAR,DRY,DAYLIGHT,NO CONTROLS,NONE DETECTED,,F18C91FE-5648-4B51-B125-AF2CD8C4AFC9,No,NO APPARENT INJURY,N/A,NOT DISTRACTED,MD,7B6DD21F-825F-45CA-A533-AB09170FACE4,FUNCTIONAL,SIX OCLOCK,PASSENGER CAR,STOPPED IN TRAFFIC LANE,East,30,No,No,2008,TOYOTA,RAV4,39.015995,-77.20547833,"(39.015995, -77.20547833)"
DM8388000Z,16038759,Takoma Park Police Depart,Injury Crash,07/31/2016 05:25:00 PM,,,,ENTRANCE TO WASHINGTON ADVENTIST HOSPITAL AND MAPLE AVE.,,,SAME DIR REAR END,CLOUDY,,DAYLIGHT,TRAFFIC SIGNAL,NONE DETECTED,,CC6B58E1-2702-4EE5-AFA6-077397D06706,Yes,NO APPARENT INJURY,N/A,UNKNOWN,MD,C74D52AF-52AD-426D-AB81-748D1DDA9184,SUPERFICIAL,TWELVE OCLOCK,(SPORT) UTILITY VEHICLE,MOVING CONSTANT SPEED,West,10,No,No,2001,LINCOLN,NAVIGATOR,38.98398667,-76.99958333,"(38.98398667, -76.99958333)"
MCP3075004V,250014921,MONTGOMERY,Property Damage Crash,04/05/2025 10:16:00 PM,Maryland (State) Route,,,,,,"Sideswipe, Same Direction",Clear,Dry,Dark - Lighted,No Controls,"Unknown, Unknown",,FECF4277-4660-40DD-832A-0362EC01E690,No,,,,,8A759BAE-A304-400B-922E-715F59A91B92,Vehicle Not at Scene,Vehicle Not at Scene,Passenger Car,Overtaking/Passing,Westbound,35,No,No,2015,HONDA,ACCORD,39.1568157,-77.26744961,"(39.1568157, -77.26744961)"
MCP2270000V,230006361,Montgomery County Police,Property Damage Crash,02/08/2023 10:00:00 AM,Maryland (State),OLD GEORGETOWN RD,CENTER DR,,N/A,,SAME DIR REAR END,CLEAR,DRY,DAYLIGHT,TRAFFIC SIGNAL,NONE DETECTED,,5777122E-7C38-47E8-A2E2-6AA2E3AF998A,Yes,NO APPARENT INJURY,N/A,NOT DISTRACTED,DC,8D773AB0-1B94-4789-9964-38F1470274B7,DISABLING,TWELVE OCLOCK,PASSENGER CAR,MOVING CONSTANT SPEED,South,35,No,No,2022,MERZ,SUV,38.99967167,-77.10127167,"(38.99967167, -77.10127167)"
MCP2394003H,190060036,Montgomery County Police,Injury Crash,12/13/2019 05:22:00 AM,County,SHADY GROVE RD,DARNESTOWN RD,,N/A,,STRAIGHT MOVEMENT ANGLE,CLEAR,DRY,DARK LIGHTS ON,TRAFFIC SIGNAL,NONE DETECTED,,9C636765-E6BF-4BDB-96A8-192688EE28EA,Yes,POSSIBLE INJURY,N/A,NOT DISTRACTED,MD,4444258B-748E-4D1C-94D8-8CE0579CED1F,DESTROYED,ONE OCLOCK,PASSENGER CAR,MOVING CONSTANT SPEED,North,40,No,No,2010,MAZDA,3,39.10370833,-77.19123333,"(39.10370833, -77.19123333)"
MCP31090096,250016165,MONTGOMERY,Fatal Crash,04/13/2025 10:41:00 PM,US (State),COLESVILLE RD (SB/L),,,,,Single Vehicle,Clear,Dry,Dark - Lighted,Traffic Control Signal,"Not Suspect of Alcohol Use, Not Suspect of Drug Use",,6AE546D1-7313-4D14-A1F7-4513B7F7B101,No,Fatal Injury,Ran Off Roadway,Unknown,MD,86F19E63-F624-47B8-B49C-33C866390482,Disabling,Nine O Clock,Sport Utility Vehicle,Moving Constant Speed,Southbound,40,No,No,2022,KIA,TELLURIDE,39.02527153,-77.01110895,"(39.02527153, -77.01110895)"
MCP2667002B,16002368,Montgomery County Police,Property Damage Crash,01/13/2016 02:51:00 PM,Maryland (State),QUINCE ORCHARD RD,SPUR TO MD 355,,N/A,,SAME DIRECTION SIDESWIPE,CLEAR,DRY,DAYLIGHT,N/A,NONE DETECTED,,F4387A1F-55B3-4295-B8D0-38A0E834DD1F,No,NO APPARENT INJURY,N/A,NOT DISTRACTED,SC,316F27DF-9EE0-4AE5-807F-9CE66C79AAAF,FUNCTIONAL,ONE OCLOCK,TRUCK TRACTOR,STOPPED IN TRAFFIC LANE,North,35,No,No,2014,PETERBILT,TRUCK TRACTOR,39.15875,-77.21863667,"(39.15875, -77.21863667)"
DD5642002X,220011767,Rockville Police Departme,Property Damage Crash,03/18/2022 07:36:00 PM,Maryland (State),W MONTGOMERY AVE,FALLSGROVE DR,,ROCKVILLE,,OPPOSITE DIR BOTH LEFT TURN,CLEAR,DRY,DARK LIGHTS ON,TRAFFIC SIGNAL,NONE DETECTED,,4FCB9A23-6A07-4FA2-A3C5-2B55AD3145AD,No,NO APPARENT INJURY,N/A,NOT DISTRACTED,MD,E29B70F1-965C-4DE6-BC35-A9D948B040E4,FUNCTIONAL,TWELVE OCLOCK,PASSENGER CAR,MAKING LEFT TURN,North,40,No,No,2020,VOLKSWAGON,TIGUAN,39.099943,-77.18495683,"(39.099943, -77.18495683)"
MCP1202001B,16020005,Montgomery County Police,Property Damage Crash,04/23/2016 12:48:00 PM,Maryland (State),RIVER RD,WILSON LA,,N/A,,SAME DIR REAR END,CLEAR,DRY,DAYLIGHT,TRAFFIC SIGNAL,NONE DETECTED,,5937E3A7-4F22-4FDC-A76B-9FDCE2E7FFDB,Yes,NO APPARENT INJURY,N/A,NOT DISTRACTED,MD,2CA5BAF1-07F4-4E1F-9D6D-429D5631D401,FUNCTIONAL,TWELVE OCLOCK,PASSENGER CAR,SLOWING OR STOPPING,West,45,No,No,2016,JEEP,4X4,38.98352167,-77.13743833,"(38.98352167, -77.13743833)"
MCP2118000Z,200041023,Montgomery County Police,Property Damage Crash,10/17/2020 10:20:00 PM,Other Public Roadway,STRINGTOWN RD,GATEWAY CENTER DR,,N/A,,HEAD ON LEFT TURN,CLEAR,DRY,DARK LIGHTS ON,TRAFFIC SIGNAL,NONE DETECTED,,CE61D0A9-0AEF-4CD8-BCD1-237AA5595B3C,Unknown,NO APPARENT INJURY,N/A,NOT DISTRACTED,MD,5AEE1A1C-FD4E-4FED-924F-C0FDE31AE12A,DISABLING,THREE OCLOCK,PASSENGER CAR,MAKING LEFT TURN,North,40,No,No,2004,INFINITY,G35,39.23485033,-77.28142383,"(39.23485033, -77.28142383)"
MCP2504001Q,16052703,Montgomery County Police,Property Damage Crash,10/13/2016 05:43:00 PM,Maryland (State),FALLS RD,CRANFORD DR,,N/A,,SAME DIR REAR END,CLEAR,DRY,DAYLIGHT,N/A,NONE DETECTED,,DD18668C-227A-4572-A705-B8DF298962F3,No,NO APPARENT INJURY,N/A,NOT DISTRACTED,MD,9FB03FFE-EAF6-4EB6-85E6-F3C0450D212E,FUNCTIONAL,SIX OCLOCK,PASSENGER CAR,STOPPED IN TRAFFIC LANE,North,35,No,No,2001,FORD,FOCUS,39.03655167,-77.19368333,"(39.03655167, -77.19368333)"
DD5657000X,230030063,Rockville Police Departme,Property Damage Crash,06/23/2023 12:00:00 PM,Maryland (State),HUNGERFORD DR,PARK RD,,ROCKVILLE,,OPPOSITE DIRECTION SIDESWIPE,RAINING,WET,DAYLIGHT,TRAFFIC SIGNAL,NONE DETECTED,,7097F8F0-0D77-4CD9-940C-D0521F97EE7E,Yes,NO APPARENT INJURY,"RAIN, SNOW, WET",NOT DISTRACTED,MD,F09BC1AE-30D5-44DF-BA17-9F8D6EFD7150,DISABLING,TWELVE OCLOCK,PASSENGER CAR,SKIDDING,North,35,No,No,2013,BMW,2D,39.08564783,-77.14877517,"(39.08564783, -77.14877517)"
MCP33420020,250020383,MONTGOMERY,Injury Crash,05/08/2025 10:14:00 PM,Other Public Roadway,GEORGIAN WAY,,,,,Rear To Side,Clear,Dry,Dark - Lighted,Traffic Control Signal,"Not Suspect of Alcohol Use, Not Suspect of Drug Use",,61A3CF96-787E-424E-BAC9-1E31A01069A5,No,No Apparent Injury,"Followed Too Closely, Operated Motor Vehicle in Reckless or Aggressive Manner",Not Distracted,MD,B090C71D-2B40-4F82-BACC-6E618A5401D5,Disabling,Twelve O Clock,Passenger Car,Moving Constant Speed,Southbound,30,No,No,2013,FORD,EXPLORER,39.05440933,-77.05041977,"(39.05440933, -77.05041977)"
MCP3126001C,190028504,Montgomery County Police,Property Damage Crash,06/14/2019 07:22:00 PM,Maryland (State),FREDERICK RD,STRINGTOWN RD,,N/A,,OTHER,CLEAR,DRY,DAYLIGHT,TRAFFIC SIGNAL,NONE DETECTED,,B05BD86F-C0B7-43A4-BF47-F18D8C5C34EF,No,NO APPARENT INJURY,N/A,NOT DISTRACTED,MD,C8D40744-BE02-4224-8663-5FD5A694F10D,DISABLING,ELEVEN OCLOCK,PASSENGER CAR,MOVING CONSTANT SPEED,East,40,No,No,2013,FORD,FUSION,39.23745092,-77.27781958,"(39.23745092, -77.27781958)"
MCP2850001J,200001924,Montgomery County Police,Property Damage Crash,01/11/2020 11:04:00 PM,County,MONTGOMERY VILLAGE AVE,MIDCOUNTY HWY,,N/A,,ANGLE MEETS LEFT TURN,RAINING,WET,DARK LIGHTS ON,TRAFFIC SIGNAL,N/A,,B2ACCB64-84C8-4721-9BE0-701C14C1EBD0,No,NO APPARENT INJURY,N/A,NOT DISTRACTED,NC,F97C1CF1-0B26-473B-9F46-B9EAF831D5A7,DISABLING,TWELVE OCLOCK,PASSENGER CAR,ACCELERATING,North,35,No,No,2007,VOLKSWAGON,PASSAT,39.159725,-77.20231667,"(39.159725, -77.20231667)"
MCP3402001Z,240037861,MONTGOMERY,Injury Crash,08/11/2024 02:58:00 AM,Maryland (State) Route,UNIVERSITY BLVD E (WB/L),,,,,"Sideswipe, Same Direction",Clear,Dry,Dark - Lighted,No Controls,"Unknown, Unknown",,AD624E6F-9DFB-46D6-A117-B808322D42D7,Yes,,,,,A062EA3D-6DDD-4C9F-8EFA-7A9C1D6AA048,Vehicle Not at Scene,Vehicle Not at Scene,,Changing Lanes,Northbound,30,No,No,0,,,39.00163865,-76.99552496,"(39.00163865, -76.99552496)"
MCP2377000Y,17007387,Montgomery County Police,Injury Crash,02/10/2017 08:06:00 PM,Maryland (State),FREDERICK RD,S WESTLAND DR,,GAITHERSBURG,,STRAIGHT MOVEMENT ANGLE,CLEAR,DRY,DARK LIGHTS ON,TRAFFIC SIGNAL,NONE DETECTED,,06708C51-A477-427C-A8E2-393D032BED9E,Yes,NO APPARENT INJURY,N/A,NOT DISTRACTED,MD,3B4D50A3-491F-452C-A1BA-D997A2DDDE05,DISABLING,TWELVE OCLOCK,PASSENGER CAR,MOVING CONSTANT SPEED,North,40,No,No,2001,TOYOTA,4S,39.12599769,-77.18288988,"(39.12599769, -77.18288988)"
MCP27400056,180026722,Montgomery County Police,Property Damage Crash,05/25/2018 02:00:00 PM,,,,PARKING LOT OF 15618 COLUMBIA PIKE,,,OTHER,CLEAR,,DAYLIGHT,NO CONTROLS,UNKNOWN,,ED96ADAF-E5C1-4ED7-8BF7-D39AEC44E084,Yes,NO APPARENT INJURY,N/A,UNKNOWN,,BF33F53B-416D-451E-ADE0-164F15667FC1,UNKNOWN,UNKNOWN,PASSENGER CAR,BACKING,Unknown,5,No,No,2010,MERCEDES,SUV,39.11277224,-76.93490624,"(39.11277224, -76.93490624)"
MCP3169003J,210004343,Montgomery County Police,Injury Crash,02/03/2021 01:55:00 PM,Maryland (State),NEW HAMPSHIRE AVE,OAKVIEW DR,,N/A,,SAME DIR REAR END,CLEAR,DRY,DAYLIGHT,TRAFFIC SIGNAL,N/A,,77A171B3-2A70-4833-B1A4-A7FAF49BB8DA,No,NO APPARENT INJURY,N/A,NOT DISTRACTED,MD,F51A0B28-0857-47BD-8A44-0B64E4989EBC,SUPERFICIAL,SIX OCLOCK,(SPORT) UTILITY VEHICLE,STOPPED IN TRAFFIC LANE,South,35,No,No,2010,HOND,TK,39.01613333,-76.97771167,"(39.01613333, -76.97771167)"
MCP2712000G,15007593,Montgomery County Police,Injury Crash,02/15/2015 09:31:00 AM,Maryland (State),OLD COLUMBIA PIKE,ENT TO OLD COLUMBIA SHOPPING CENTER,,N/A,,OPPOSITE DIRECTION SIDESWIPE,CLEAR,ICE,DAYLIGHT,TRAFFIC SIGNAL,NONE DETECTED,,9071DDC1-3388-4BD9-9D39-1879E0005189,Yes,NO APPARENT INJURY,"ICY OR SNOW-COVERED, N/A",UNKNOWN,MD,D6763947-6077-4E63-AEE0-3E00C0C86317,FUNCTIONAL,TWELVE OCLOCK,PASSENGER CAR,MAKING RIGHT TURN,South,45,No,No,2008,HONDA,ODYSSEY LS,39.11244333,-76.93285,"(39.11244333, -76.93285)"
MCP3230005R,240036626,MONTGOMERY,Property Damage Crash,08/03/2024 03:35:00 PM,County Route,GRAND PRE RD,,,,,Angle,Clear,Dry,Daylight,Stop Sign,"Not Suspect of Alcohol Use, Not Suspect of Drug Use",,68343D7A-6636-4297-BAC1-CAAE0B0C6B8A,No,No Apparent Injury,,Not Distracted,MD,F10630F7-27E3-4A35-B653-7E8F449B9291,Disabling,Eleven O Clock,Passenger Car,Entering Traffic Lane,,25,No,No,2015,TOYOTA,CAMRY,39.09130583,-77.0763475,"(39.09130583, -77.0763475)"
MCP2764003L,240041131,MONTGOMERY,Property Damage Crash,08/30/2024 04:38:00 PM,Maryland (State) Route,ROCKVILLE PIKE,,,,,Front to Rear,Clear,Dry,Daylight,No Controls,"Not Suspect of Alcohol Use, Not Suspect of Drug Use",,F7353673-D622-4962-9360-5C2FCD2CAF50,No,No Apparent Injury,,Not Distracted,MD,D4E62E25-34AF-4A3B-A850-479611C7D5DB,Superficial,Six O Clock,Sport Utility Vehicle,Slowing or Stopping,Northbound,35,No,No,2018,NISSAN,ROGUE,39.04912329,-77.11399005,"(39.04912329, -77.11399005)"
MCP304800BT,230068447,Montgomery County Police,Injury Crash,11/27/2023 06:50:00 AM,Maryland (State),CONNECTICUT AVE,PLYERS MILL RD,,N/A,,HEAD ON LEFT TURN,CLEAR,DRY,DAWN,TRAFFIC SIGNAL,N/A,,C4F36C10-D94B-402B-9115-8B5274C06FD7,No,SUSPECTED MINOR INJURY,N/A,UNKNOWN,MD,2154BCAA-17B5-48FD-85A3-078017ACC0AD,DISABLING,TWELVE OCLOCK,PASSENGER CAR,MOVING CONSTANT SPEED,South,30,No,No,2020,TOYOTA,RAV4,39.02962533,-77.07601283,"(39.02962533, -77.07601283)"
MCP2810001B,200015808,Montgomery County Police,Property Damage Crash,04/12/2020 05:55:00 PM,Municipality,FIRSTFIELD RD,QUINCE ORCHARD BLVD,,GAITHERSBURG,,SAME DIRECTION LEFT TURN,CLEAR,DRY,DUSK,TRAFFIC SIGNAL,NONE DETECTED,,A7D25F0C-202E-4B44-838A-DCEC914D4F68,Unknown,NO APPARENT INJURY,N/A,NOT DISTRACTED,MD,54249C40-CC2C-41BB-B433-DA572D95C9A3,SUPERFICIAL,ONE OCLOCK,PASSENGER CAR,MAKING LEFT TURN,East,25,No,No,2016,NISSAN,NV200,39.14518019,-77.22016519,"(39.14518019, -77.22016519)"
MCP2650000V,200011932,Montgomery County Police,Property Damage Crash,03/11/2020 03:18:00 AM,Maryland (State),RIVER RD,DEVONSHIRE DR,,N/A,,SINGLE VEHICLE,CLEAR,DRY,DARK NO LIGHTS,N/A,ALCOHOL PRESENT,,2AD9D341-057D-4DFA-B138-EAA780CC130D,Yes,NO APPARENT INJURY,N/A,NOT DISTRACTED,MD,CE443C2D-F3CD-45A0-9700-92B6BBCE9F80,DISABLING,TWELVE OCLOCK,PASSENGER CAR,MOVING CONSTANT SPEED,West,60,No,No,2014,HONDA,ODYSSEY,38.97196333,-77.12040167,"(38.97196333, -77.12040167)"