Report Number,Local Case Number,Agency Name,ACRS Report Type,Crash Date/Time,Route Type,Road Name,Cross-Street Name,Off-Road Description,Municipality,Related Non-Motorist,Collision Type,Weather,Surface Condition,Light,Traffic Control,Driver Substance Abuse,Non-Motorist Substance Abuse,Person ID,Driver At Fault,Injury Severity,Circumstance,Driver Distracted By,Drivers License State,Vehicle ID,Vehicle Damage Extent,Vehicle First Impact Location,Vehicle Body Type,Vehicle Movement,Vehicle Going Dir,Speed Limit,Driverless Vehicle,Parked Vehicle,Vehicle Year,Vehicle Make,Vehicle Model,Latitude,Longitude,Location
MCP2859000X,15020905,Montgomery County Police,Injury Crash,05/03/2015 11:07:00 AM,County,MUDDY BRANCH RD,W DEER PARK RD,,GAITHERSBURG,,STRAIGHT MOVEMENT ANGLE,CLEAR,DRY,DAYLIGHT,TRAFFIC SIGNAL,NONE DETECTED,,3E48C131-C93C-48D9-81B8-FB564D991907,Yes,NO APPARENT INJURY,N/A,LOOKED BUT DID NOT SEE,MD,39D33EBB-6D04-4993-9B5F-F1607F91D31A,DISABLING,TWELVE OCLOCK,PASSENGER CAR,MOVING CONSTANT SPEED,North,35,No,No,2006,HOND,ODYSEEY,39.13485333,-77.205725,"(39.13485333, -77.205725)"
EJ7873008H,230067131,Gaithersburg Police Depar,Property Damage Crash,11/18/2023 05:24:00 PM,Maryland (State),FREDERICK RD,MONTGOMERY VILLAGE AVE,,N/A,,SAME DIR REAR END,CLEAR,DRY,DARK LIGHTS ON,TRAFFIC SIGNAL,NONE DETECTED,,242866C9-D218-4C25-A372-E73C820C46C7,No,NO APPARENT INJURY,N/A,NOT DISTRACTED,MD,F41294CF-D39F-4F08-AE90-5ECAE104ECE9,FUNCTIONAL,SIX OCLOCK,(SPORT) UTILITY VEHICLE,SLOWING OR STOPPING,North,30,No,No,2009,ACUR,TK,39.15218363,-77.2115659,"(39.15218363, -77.2115659)"
EJ78460020,17007386,Gaithersburg Police Depar,Property Damage Crash,02/11/2017 07:43:00 PM,Municipality,W DEER PARK RD,E DEER PARK DR (AHEAD),,GAITHERSBURG,,SINGLE VEHICLE,CLEAR,DRY,DARK LIGHTS ON,NO CONTROLS,ALCOHOL CONTRIBUTED,,712939EF-3F55-470E-A74E-858065579170,Yes,NO APPARENT INJURY,N/A,UNKNOWN,MD,F7604559-F429-40CD-B1CB-19C6724F983D,DISABLING,UNDERSIDE,PASSENGER CAR,MOVING CONSTANT SPEED,West,25,No,No,2010,NISSAN,SENTRA,39.14107667,-77.20804667,"(39.14107667, -77.20804667)"
DD5603007D,190034020,Rockville Police Departme,Property Damage Crash,07/17/2019 10:00:00 PM,Maryland (State),W MONTGOMERY AVE,DARNESTOWN RD,,N/A,,SAME DIR REAR END,CLEAR,WET,DARK LIGHTS ON,TRAFFIC SIGNAL,UNKNOWN,,CF5ADA88-FC0C-4419-B67C-5BFC17D22047,Yes,NO APPARENT INJURY,N/A,UNKNOWN,,D10D4023-91D5-4F76-A003-15BA56796D37,FUNCTIONAL,TWELVE OCLOCK,PASSENGER CAR,MOVING CONSTANT SPEED,East,40,No,No,2004,MERC,4S,39.09314,-77.18330833,"(39.09314, -77.18330833)"
MCP2861003W,190021033,Montgomery County Police,Injury Crash,05/04/2019 04:10:00 PM,County,DEMOCRACY BLVD,RAMP 4 FR IS 270Y NB TO DEMOCRACY BLVD,,N/A,,SAME DIR REAR END,CLEAR,DRY,DAYLIGHT,NO CONTROLS,NONE DETECTED,,4D3DFE4D-314E-4721-92F7-EC132EBB0544,No,NO APPARENT INJURY,N/A,NOT DISTRACTED,DC,20CE03E9-F7CA-4826-BBF1-3ED03067E7BE,FUNCTIONAL,SIX OCLOCK,PASSENGER CAR,MOVING CONSTANT SPEED,West,40,No,No,2005,TOYOTA,CAMRY,39.02161833,-77.14029,"(39.02161833, -77.14029)"
MCP2167000C,16003624,Montgomery County Police,Injury Crash,01/20/2016 01:36:00 PM,County,COUNSELMAN RD,RIVER RD,,N/A,,STRAIGHT MOVEMENT ANGLE,CLEAR,DRY,DAYLIGHT,TRAFFIC SIGNAL,NONE DETECTED,,7F86A15A-6BBA-4F53-BF27-1D322498C1DC,No,POSSIBLE INJURY,N/A,NOT DISTRACTED,MD,020B0356-230E-4BC0-B2BD-3F3B478DD22E,DISABLING,TEN OCLOCK,(SPORT) UTILITY VEHICLE,ACCELERATING,South,35,No,No,2002,LEXUS,RX300,39.01735,-77.207905,"(39.01735, -77.207905)"
MCP268900BL,240040549,MONTGOMERY,Property Damage Crash,08/27/2024 02:02:00 PM,County Route,SEVEN LOCKS RD,CODDLE HARBOR LA CODDLE HARBOR LA (WB/L),,,,Angle,Clear,Dry,Daylight,No Controls,"Unknown, Unknown",,F7A36883-7DC9-49AC-8826-FF1E8FB872FE,No,,,,,02EA2F86-B484-47E3-BC5E-3C46CF34639E,Vehicle Not at Scene,Vehicle Not at Scene,,Moving Constant Speed,Northbound,35,No,No,0,,,39.04253325,-77.15961499,"(39.04253325, -77.15961499)"
MCP3329000Y,220051096,Montgomery County Police,Property Damage Crash,11/19/2022 07:18:00 PM,County,RANDOLPH RD,SHERWOOD FOREST DR,,N/A,,STRAIGHT MOVEMENT ANGLE,N/A,DRY,DARK LIGHTS ON,STOP SIGN,NONE DETECTED,,2F2AAE2C-5511-4DB3-9BA9-7FFF463F38CF,No,NO APPARENT INJURY,N/A,NOT DISTRACTED,MD,72E174DB-6DCD-40A9-BD7E-A269E39753FC,DISABLING,TWELVE OCLOCK,PASSENGER CAR,MOVING CONSTANT SPEED,West,40,No,No,2008,CHEVROLET,SILVERADO,39.07322296,-77.00834308,"(39.07322296, -77.00834308)"
MCP29140020,15056235,MONTGOMERY,Injury Crash,11/04/2015 06:00:00 PM,Maryland (State),NEW HAMPSHIRE AVE,FOX ST,,N/A,,OTHER,CLEAR,N/A,DARK LIGHTS ON,NO CONTROLS,N/A,,31AC194A-8090-4A2C-92A6-E314C74797A6,No,SUSPECTED MINOR INJURY,N/A,NOT DISTRACTED,DC,B7E6E94D-E7D8-4DE3-B44A-6717F778C558,DISABLING,ELEVEN OCLOCK,PASSENGER CAR,MOVING CONSTANT SPEED,South,40,No,No,1998,LEXUS,SC300,39.00817149,-76.97990835,"(39.00817149, -76.97990835)"
MCP2739003C,200018651,Montgomery County Police,Injury Crash,05/07/2020 11:39:00 PM,US (State),COLESVILLE RD,MD 193 (NBL),,N/A,,STRAIGHT MOVEMENT ANGLE,CLEAR,DRY,DARK LIGHTS ON,TRAFFIC SIGNAL,NONE DETECTED,,DBC6F354-383A-408B-A811-D2102DE98951,Unknown,NO APPARENT INJURY,N/A,UNKNOWN,MD,4FE370C1-A7A6-42FD-A085-953733985774,DISABLING,TWELVE OCLOCK,PASSENGER CAR,MOVING CONSTANT SPEED,South,35,No,No,2018,TOYOTA,SIENNA,39.01969833,-77.01333167,"(39.01969833, -77.01333167)"
MCP3223001J,220043020,Montgomery County Police,Property Damage Crash,10/03/2022 02:54:00 AM,Maryland (State),UNIVERSITY BLVD W,DENNIS AVE,,N/A,,SINGLE VEHICLE,RAINING,WET,DARK LIGHTS ON,TRAFFIC SIGNAL,NONE DETECTED,,7DD609C3-3C1A-423E-B822-8A64C77854DB,Yes,NO APPARENT INJURY,"RAIN, SNOW, WET",UNKNOWN,MD,38E45977-C4DA-40AA-B60B-FA85E4125F18,DISABLING,TWELVE OCLOCK,PASSENGER CAR,MOVING CONSTANT SPEED,East,35,No,No,2015,FORD,FOCUS,39.0259275,-77.0204855,"(39.0259275, -77.0204855)"
MCP2963001Y,180064285,Montgomery County Police,Property Damage Crash,12/24/2018 02:30:00 AM,Maryland (State),UNIVERSITY BLVD E,PINEY BRANCH RD,,N/A,,SAME DIRECTION SIDESWIPE,CLEAR,N/A,N/A,N/A,ALCOHOL CONTRIBUTED,,5C68FC3B-202A-47F9-A53D-42D7549E92B8,No,NO APPARENT INJURY,N/A,LOOKED BUT DID NOT SEE,WV,C2A43677-6511-4616-A071-C54C69CFB718,SUPERFICIAL,THREE OCLOCK,PASSENGER CAR,MOVING CONSTANT SPEED,East,35,No,No,2007,NISSAN,QUEST,38.998835,-76.99502167,"(38.998835, -76.99502167)"
MCP1220006M,180020065,Montgomery County Police,Property Damage Crash,04/24/2018 01:50:00 PM,US (State),GEORGIA AVE,SILVER SPRING AVE,,N/A,,OTHER,CLOUDY,DRY,DAYLIGHT,NO CONTROLS,NONE DETECTED,,EA03291E-B0CC-468E-BB3C-069FE74BE910,Yes,NO APPARENT INJURY,N/A,UNKNOWN,MD,4E75CAD1-5EB6-4BF7-855C-9606045D2128,NO DAMAGE,TWO OCLOCK,"OTHER LIGHT TRUCKS (10,000LBS (4,536KG) OR LESS)",SLOWING OR STOPPING,North,35,No,No,2014,FORD,F250,38.99222167,-77.02640167,"(38.99222167, -77.02640167)"
MCP2752002W,180055488,Montgomery County Police,Injury Crash,11/05/2018 03:40:00 PM,County,MACARTHUR BLVD,WALHONDING RD,,N/A,,SAME DIR REAR END,RAINING,WET,DAWN,NO CONTROLS,N/A,,AD442790-CF5B-4CC8-8FC4-F042242F7643,No,POSSIBLE INJURY,"SLEET, HAIL, FREEZ. RAIN, WET",NOT DISTRACTED,DC,49F076E2-C5D2-4C9B-91B2-7FB8935131DE,FUNCTIONAL,SIX OCLOCK,PASSENGER CAR,SLOWING OR STOPPING,South,30,No,No,2015,TOYT,PRIUS,38.95819833,-77.130855,"(38.95819833, -77.130855)"
MCP33740033,250028514,MONTGOMERY,Property Damage Crash,06/26/2025 01:28:00 PM,County Route,BELLS MILL RD,DEMOCRACY BLVD (EB/L),,,,Angle,Clear,Dry,Daylight,Pedestrian Crossing Sign,"Not Suspect of Alcohol Use, Not Suspect of Drug Use",,3A9D8A64-B775-428B-BDFA-AC25E5B4C302,No,No Apparent Injury,,Not Distracted,MD,757F97BE-83EB-49D7-935C-40672A184E14,Disabling,One O Clock,Passenger Car,Moving Constant Speed,,30,No,No,2022,LEXUS,ES,39.02326067,-77.13040767,"(39.02326067, -77.13040767)"
MCP2753001V,17003646,Montgomery County Police,Property Damage Crash,01/21/2017 02:49:00 PM,County,CONNECTICUT AVE,GRAND PRE RD,,N/A,,SAME DIRECTION SIDESWIPE,CLOUDY,WET,DAYLIGHT,NO CONTROLS,NONE DETECTED,,447DE9DA-FB52-4BB7-9B72-99878D25F79B,No,NO APPARENT INJURY,"N/A, WET",NOT DISTRACTED,MD,5D09305C-9722-4534-BD84-F992980238F9,DISABLING,ELEVEN OCLOCK,PASSENGER CAR,MOVING CONSTANT SPEED,North,40,No,No,2008,NISS,4S,39.08855,-77.07252667,"(39.08855, -77.07252667)"
MCP1563007D,210050128,Montgomery County Police,Injury Crash,12/10/2021 07:51:00 AM,Maryland (State),MONTGOMERY AVE,WISCONSIN AVE,,N/A,,SAME DIRECTION LEFT TURN,CLOUDY,DRY,DAYLIGHT,TRAFFIC SIGNAL,NONE DETECTED,,BAF47199-DF39-460F-AE40-F92E78663CD4,No,SUSPECTED MINOR INJURY,N/A,NOT DISTRACTED,MD,E08B2D9E-6B74-4DCE-83C0-C5C0F7D29DF1,DISABLING,ONE OCLOCK,PASSENGER CAR,MOVING CONSTANT SPEED,East,25,No,No,2016,TOYOTA,COROLLA,38.98356167,-77.09364333,"(38.98356167, -77.09364333)"
MCP26710037,220023993,Montgomery County Police,Property Damage Crash,06/04/2022 07:46:00 PM,Maryland (State),GEORGIA AVE,COLESVILLE RD,,N/A,,ANGLE MEETS LEFT TURN,N/A,DRY,DAYLIGHT,TRAFFIC SIGNAL,NONE DETECTED,,128CB27B-18D3-49D3-9FE6-0DBECF9E4077,No,NO APPARENT INJURY,N/A,NOT DISTRACTED,MD,3C0B6E62-4020-4764-A981-010031EAFC0A,DISABLING,TWELVE OCLOCK,PASSENGER CAR,SLOWING OR STOPPING,South,35,No,No,2007,TOYOTA,COROLLA,38.99598792,-77.02828069,"(38.99598792, -77.02828069)"
MCP21070055,240019266,MONTGOMERY,Property Damage Crash,04/25/2024 09:44:00 AM,County Route,GATEWAY CENTER DR (NB/L),,,,,Front to Rear,Clear,Dry,Daylight,Traffic Control Signal,"Not Suspect of Alcohol Use, Not Suspect of Drug Use",,0C1A3231-FDC6-47DC-BA36-18DBF78119A0,Yes,No Apparent Injury,,Not Distracted,MD,3F6A2F9B-C954-4773-A440-EB0820740849,Functional,Twelve O Clock,Passenger Car,Turning Left,Northbound,30,No,No,2015,HONDA,CIVIC,39.23439452,-77.28096699,"(39.23439452, -77.28096699)"
DD5540002S,230018237,Rockville Police Departme,Property Damage Crash,04/17/2023 07:45:00 AM,Maryland (State),E JEFFERSON ST,MONROE ST,,ROCKVILLE,,SAME DIRECTION SIDESWIPE,CLEAR,DRY,DAYLIGHT,TRAFFIC SIGNAL,NONE DETECTED,,342E86AE-E6DB-4FFE-93FA-AE82B49BD288,Yes,NO APPARENT INJURY,"N/A, RUTS, HOLES, BUMPS",NOT DISTRACTED,VA,7F1B6CFA-73A5-49E9-A68D-95C30A3495D0,FUNCTIONAL,ONE OCLOCK,PICKUP TRUCK,MOVING CONSTANT SPEED,East,30,No,No,2021,CHEVROLET,SILVERADO,39.08193091,-77.14928498,"(39.08193091, -77.14928498)"
MCP12600007,180055582,Montgomery County Police,Property Damage Crash,11/06/2018 12:12:00 AM,Maryland (State),BEALLSVILLE RD,SELLMAN RD,,N/A,,SINGLE VEHICLE,RAINING,WET,DARK NO LIGHTS,NO CONTROLS,NONE DETECTED,,C1F1E12A-ED80-40E4-A387-C5532BB2DDAB,Yes,NO APPARENT INJURY,"N/A, WET",NOT DISTRACTED,MD,AA37EBD5-CF10-4AFD-A7BF-A7F371A2DC7A,DISABLING,TWELVE OCLOCK,PICKUP TRUCK,MOVING CONSTANT SPEED,North,40,No,No,2005,CHEVY,SILVERADO,39.20617667,-77.38552,"(39.20617667, -77.38552)"
MCP2623002G,16038519,Montgomery County Police,Property Damage Crash,07/30/2016 03:42:00 AM,Ramp,RAMP 4 FR US 29 NB TO BLACKBURN RD,BLACKBURN RD,,N/A,,STRAIGHT MOVEMENT ANGLE,CLEAR,DRY,DARK LIGHTS ON,STOP SIGN,ALCOHOL CONTRIBUTED,,C9F54FD4-1F3B-46C2-8309-CE3E8104D4F8,Yes,NO APPARENT INJURY,N/A,UNKNOWN,MD,F656E44A-73CC-4211-A910-B2553A37D7CD,FUNCTIONAL,TEN OCLOCK,PASSENGER CAR,MAKING LEFT TURN,East,45,No,No,2014,SUBARU,2S,39.10211333,-76.932715,"(39.10211333, -76.932715)"
MCP3377002C,240046288,MONTGOMERY,Property Damage Crash,09/28/2024 12:59:00 AM,Maryland (State) Route,E RANDOLPH RD (WB/L),OLD COLUMBIA PIKE,,,,Rear To Side,Rain,Wet,Dark - Lighted,Flashing Traffic Control Signal,"Not Suspect of Alcohol Use, Not Suspect of Drug Use",,112D60B1-7731-4E1F-A4CE-CDC56A6B764C,No,No Apparent Injury,,Not Distracted,MD,DF743981-D369-4D5B-9268-656E8760C6A6,Disabling,Nine O Clock,Passenger Car,Entering Traffic Lane,,35,No,No,2015,NISSAN,ALTIMA,39.063535,-76.96595833,"(39.063535, -76.96595833)"
MCP2016001Q,170508288,Montgomery County Police,Property Damage Crash,05/17/2017 12:57:00 PM,,,,PARKING LOT OF 1026 ROCKVILLE PIKE (MVA AUTO TAG AND TITLE),,,OTHER,N/A,,DAYLIGHT,N/A,N/A,,0291A070-3342-4839-B43A-2470F0A955E6,Yes,NO APPARENT INJURY,N/A,NOT DISTRACTED,VA,4BD0B748-898F-47A6-9892-9D991654D494,FUNCTIONAL,SIX OCLOCK,(SPORT) UTILITY VEHICLE,BACKING,West,15,No,No,2017,LEXUS,UNK,39.07326333,-77.13396,"(39.07326333, -77.13396)"
DD56680010,240015252,ROCKVILLE,Property Damage Crash,04/01/2024 09:16:00 PM,Municipality Route,CLAGETT DR,,,,,Front to Rear,Clear,Dry,Dark - Not Lighted,No Controls,"Not Suspect of Alcohol Use, Not Suspect of Drug Use",,7D6A222A-D63E-41F5-A29B-CDB682B6F2B3,No,No Apparent Injury,,"Other Action (looking away from task, etc.)",MD,57F34844-5028-4A54-89AB-AC539F8DA624,Disabling,One O Clock,Passenger Car,Accelerating,Southbound,25,No,,2022,MAZDA,CX-5,39.07847983,-77.1277947,"(39.07847983, -77.1277947)"
EJ7777001W,180029738,Gaithersburg Police Depar,Property Damage Crash,06/16/2018 11:07:00 AM,County,ODENDHAL AVE,LOST KNIFE RD,,N/A,,HEAD ON LEFT TURN,CLEAR,DRY,DAYLIGHT,TRAFFIC SIGNAL,NONE DETECTED,,15166046-1FA8-45A1-9A8D-35722FAFEDA3,Yes,NO APPARENT INJURY,N/A,NOT DISTRACTED,MD,1B6CFFED-01F1-4CA1-AF4D-0FA9D294D902,FUNCTIONAL,THREE OCLOCK,PASSENGER CAR,MAKING LEFT TURN,East,30,No,No,2011,FORD,MUSTANG,39.15254,-77.198355,"(39.15254, -77.198355)"
MCP30780033,200008959,Montgomery County Police,Injury Crash,02/23/2020 01:50:00 AM,County,KEATING ST,INDEPENDENCE ST,,N/A,,SAME DIR REAR END,N/A,DRY,DARK LIGHTS ON,NO CONTROLS,ALCOHOL PRESENT,,BABE75B2-F55A-4703-9731-124C52BC7619,Yes,SUSPECTED MINOR INJURY,N/A,NOT DISTRACTED,MD,3BF8AA86-3E59-475C-B6AA-308F5DC99DC4,DISABLING,ONE OCLOCK,PICKUP TRUCK,MOVING CONSTANT SPEED,South,25,No,No,2006,TOYOTA,TACOMA,39.076915,-77.089141,"(39.076915, -77.089141)"
MCP26640061,230030766,Montgomery County Police,Property Damage Crash,06/27/2023 04:15:00 PM,Maryland (State),GEORGIA AVE,GREGG RD,,N/A,,SAME DIR REAR END,CLOUDY,WET,DAYLIGHT,NO CONTROLS,NONE DETECTED,,F62318E5-F6D9-428A-9AC4-77326DB1815F,No,NO APPARENT INJURY,"N/A, WET",NOT DISTRACTED,MD,FD32CE5A-D364-4227-B104-9327107593C8,FUNCTIONAL,SIX OCLOCK,PASSENGER CAR,SLOWING OR STOPPING,North,40,No,No,2013,MAZDA,3,39.20964333,-77.0627725,"(39.20964333, -77.0627725)"
MCP2270001L,230027118,Montgomery County Police,Property Damage Crash,06/06/2023 10:45:00 AM,County,CEDAR LA,ROCKVILLE PIKE,,N/A,,SAME DIRECTION LEFT TURN,CLEAR,DRY,DAYLIGHT,TRAFFIC SIGNAL,NONE DETECTED,,B2946DAD-A681-48E2-B3ED-BD698FA0778D,No,NO APPARENT INJURY,N/A,NOT DISTRACTED,MD,2EDBED35-04C2-412E-8A6F-D9235EE14E68,SUPERFICIAL,TEN OCLOCK,POLICE VEHICLE/EMERGENCY,SLOWING OR STOPPING,West,25,No,No,2004,CHEV,TK,39.00657167,-77.09696,"(39.00657167, -77.09696)"
MCP2923008Y,220000673,Montgomery County Police,Property Damage Crash,01/05/2023 09:40:00 AM,County,RANDOLPH RD,GLENMONT CIR #1,,N/A,,OTHER,CLOUDY,DRY,DAYLIGHT,TRAFFIC SIGNAL,NONE DETECTED,,C4169B2F-390D-4D48-B89F-DA8ECC328927,No,NO APPARENT INJURY,N/A,NOT DISTRACTED,MD,D16FF39E-BB12-4F3C-A364-C4C8CD28CC71,NO DAMAGE,TWO OCLOCK,PASSENGER CAR,MAKING LEFT TURN,North,35,No,No,2019,CADILLAC,4S,39.05980501,-77.04649497,"(39.05980501, -77.04649497)"
MCP2798001K,16015592,Montgomery County Police,Injury Crash,03/30/2016 06:15:00 PM,Maryland (State),SPENCERVILLE RD,SANTINI RD,,N/A,,OPPOSITE DIRECTION SIDESWIPE,CLEAR,DRY,DAYLIGHT,NO CONTROLS,ALCOHOL PRESENT,,032486AA-EF5F-473B-B112-A7D2D2DCC42F,Yes,POSSIBLE INJURY,N/A,OTHER DISTRACTION,MD,8A90EAA2-1B4B-4190-A0A9-37202144E2A3,DESTROYED,TWELVE OCLOCK,PASSENGER CAR,UNKNOWN,West,40,No,No,2014,FORD,FOCUS,39.10644833,-76.94222667,"(39.10644833, -76.94222667)"
MCP2055000F,15023597,Montgomery County Police,Property Damage Crash,05/17/2015 05:44:00 AM,County,SAM EIG HWY,FIELDS RD,,N/A,,SAME DIR BOTH LEFT TURN,CLOUDY,DRY,DAWN,TRAFFIC SIGNAL,NONE DETECTED,,E498B55C-1D10-45D0-814B-098B25132D7E,No,NO APPARENT INJURY,N/A,NOT DISTRACTED,MD,77809E8D-F32B-4A99-8EF9-EE9709006F67,SUPERFICIAL,EIGHT OCLOCK,POLICE VEHICLE/NON EMERGENCY,MAKING LEFT TURN,South,35,No,No,2006,FORD,CROWN VICTORIA,39.116405,-77.20806,"(39.116405, -77.20806)"
MCP1419000V,15065493,MONTGOMERY,Injury Crash,12/22/2015 12:18:00 PM,County,CRABBS BRANCH WAY,MONONA DR,,N/A,,HEAD ON,CLOUDY,WET,DAYLIGHT,N/A,NONE DETECTED,,265EEB5F-85F7-4242-8F74-9658C380E864,Yes,SUSPECTED SERIOUS INJURY,"N/A, WET",UNKNOWN,MD,A0A6CD24-9A55-4D42-BBE2-748A2AF913DA,DISABLING,TWELVE OCLOCK,PASSENGER CAR,MOVING CONSTANT SPEED,South,35,No,No,2006,TOYOTA,COROLLA,39.11124167,-77.15543833,"(39.11124167, -77.15543833)"
EJ78760010,190038090,Gaithersburg Police Depar,Injury Crash,08/10/2019 12:05:00 AM,Maryland (State),GREAT SENECA HWY,MUDDY BRANCH RD,,N/A,,SAME DIR REAR END,CLEAR,DRY,DARK LIGHTS ON,N/A,NONE DETECTED,,258AFCDF-58B4-4852-AC59-D8D0ACAF2073,No,NO APPARENT INJURY,N/A,NOT DISTRACTED,MD,231D0E3A-448A-4A66-9DF4-03922BE99870,SUPERFICIAL,SIX OCLOCK,PASSENGER CAR,MOVING CONSTANT SPEED,North,50,No,No,2011,TOYT,TK,39.10992333,-77.21657167,"(39.10992333, -77.21657167)"
MCP2269001C,210033570,Montgomery County Police,Property Damage Crash,08/28/2021 07:50:00 AM,Maryland (State),KEY WEST AVE,OMEGA DR,,N/A,,STRAIGHT MOVEMENT ANGLE,CLEAR,DRY,DAYLIGHT,TRAFFIC SIGNAL,N/A,,C546B49D-FF30-48EE-913F-149E6756A015,Unknown,NO APPARENT INJURY,N/A,NOT DISTRACTED,GA,13614082-509B-4BC2-A081-CC94ACDE97BC,DISABLING,FIVE OCLOCK,PASSENGER CAR,MOVING CONSTANT SPEED,North,35,No,No,2015,HONDA,ACCORD,39.10552833,-77.19640833,"(39.10552833, -77.19640833)"
MCP31370022,240045801,MONTGOMERY,Property Damage Crash,09/25/2024 04:33:00 PM,US (State),COLUMBIA PIKE (SB/L),,,,,Front to Rear,Rain,Wet,Daylight,No Controls,"Not Suspect of Alcohol Use, Not Suspect of Drug Use",,ADC6FDA4-7141-4436-88C3-AEEE8F9EF1E0,No,No Apparent Injury,,Not Distracted,VA,7F1DAAA8-2B50-491F-96D6-94172502B51A,Disabling,Six O Clock,Passenger Car,Stopped in Traffic,Southbound,55,No,No,2018,TOYOTA,CAMRY,39.09947661,-76.93590784,"(39.09947661, -76.93590784)"
MCP3161005R,230058120,Montgomery County Police,Property Damage Crash,10/02/2023 04:20:00 PM,Maryland (State),CAPITOL VIEW AVE,BEECHBANK RD,,N/A,,SAME DIR REAR END,CLEAR,DRY,DAYLIGHT,NO CONTROLS,NONE DETECTED,,8D2A3C8C-DEA5-48C6-B3D2-44E57B0C7F54,No,NO APPARENT INJURY,N/A,NOT DISTRACTED,MD,81BDC419-2B02-4DA5-BB58-5684E9494D94,SUPERFICIAL,SIX OCLOCK,PICKUP TRUCK,SLOWING OR STOPPING,West,25,No,No,2023,CHEVROLET,PK,39.016358,-77.05767867,"(39.016358, -77.05767867)"
MCP003600FS,210030440,Montgomery County Police,Injury Crash,08/05/2021 04:41:00 PM,Maryland (State),RIVER RD,BEECH TREE RD,,N/A,,SINGLE VEHICLE,CLEAR,DRY,DAYLIGHT,NO CONTROLS,NONE DETECTED,,CF522266-AAAC-4DAD-81DC-7C0462786EE8,No,POSSIBLE INJURY,"V EXHAUST SYSTEM|R OTHER ROAD, V WIPERS|W OTHER ENVIRONMENTAL",NOT DISTRACTED,MD,359FDFE8-2411-434E-8B91-DA2D20AAADDC,DISABLING,ROOF TOP,POLICE VEHICLE/EMERGENCY,MOVING CONSTANT SPEED,West,40,No,No,2010,CHEVY,COBALT,38.98628547,-77.14366161,"(38.98628547, -77.14366161)"
DM8479001D,220021672,Takoma Park Police Depart,Property Damage Crash,05/21/2022 11:45:00 AM,Municipality,WILDWOOD DR,ANNE AVE,,TAKOMA PARK,,STRAIGHT MOVEMENT ANGLE,CLEAR,DRY,DAYLIGHT,STOP SIGN,NONE DETECTED,,392969B9-5196-431B-94FE-3F27ABADB77D,No,NO APPARENT INJURY,N/A,NOT DISTRACTED,MD,32F55215-EC4B-48D4-8E1D-B84D7638AEB0,FUNCTIONAL,FOUR OCLOCK,PASSENGER CAR,MOVING CONSTANT SPEED,West,15,No,No,2012,TOYT,4S,38.98914367,-76.992496,"(38.98914367, -76.992496)"
EJ7871004F,210008534,Gaithersburg Police Depar,Property Damage Crash,03/06/2021 02:50:00 PM,Maryland (State),FREDERICK RD,SPUR TO CHRISTOPHER AVE,,N/A,,SAME DIRECTION LEFT TURN,N/A,DRY,DAYLIGHT,TRAFFIC SIGNAL,NONE DETECTED,,7C7A1DD6-49DF-49F9-AF71-BF85FC1C07F2,No,NO APPARENT INJURY,N/A,NOT DISTRACTED,MD,5ECC7437-7B2C-430D-AA97-12FD55826663,SUPERFICIAL,TWELVE OCLOCK,PASSENGER CAR,MOVING CONSTANT SPEED,North,35,No,No,2019,TOYOTA,HIGHLANDER,39.15611598,-77.21632407,"(39.15611598, -77.21632407)"
MCP158000CN,200008102,Montgomery County Police,Injury Crash,02/18/2020 12:52:00 PM,Maryland (State),MUNCASTER MILL RD,SHADY GROVE RD,,N/A,,SAME DIR REAR END,CLOUDY,DRY,DAYLIGHT,TRAFFIC SIGNAL,NONE DETECTED,,840D506E-9E8F-4A43-BB6F-5E51CB813EF6,Yes,NO APPARENT INJURY,N/A,UNKNOWN,MD,1E9B9BF7-49C6-49BD-98F0-D4B3080F00CC,DISABLING,TWELVE OCLOCK,PASSENGER CAR,SLOWING OR STOPPING,East,35,No,No,2012,VOLK,JETTA,39.14942833,-77.14781833,"(39.14942833, -77.14781833)"
MCP33130018,220046927,Montgomery County Police,Injury Crash,10/25/2022 11:41:00 PM,Maryland (State),GEORGIA AVE,ROSSMOOR BLVD,,N/A,,SAME DIR REAR END,CLEAR,DRY,DARK LIGHTS ON,TRAFFIC SIGNAL,UNKNOWN,,12BA12EF-67C0-4403-93D2-79992DC09086,Yes,NO APPARENT INJURY,N/A,UNKNOWN,,DBFC2F34-B97E-4150-8470-3AFF8D606F32,FUNCTIONAL,TWELVE OCLOCK,UNKNOWN,MOVING CONSTANT SPEED,South,45,No,No,0,UNKNOWN,UNKNOWN,39.10157,-77.07711833,"(39.10157, -77.07711833)"
MCP3063003C,210041143,Montgomery County Police,Injury Crash,10/14/2021 11:32:00 AM,Maryland (State),GEORGIA AVE,CROSSOVER,,N/A,,SAME DIR REAR END,CLEAR,DRY,DAYLIGHT,NO CONTROLS,NONE DETECTED,,A1C8BF87-E61C-40E1-A0ED-D7E0A6C58DB0,No,SUSPECTED MINOR INJURY,N/A,NOT DISTRACTED,MD,7BE0D4A0-6749-4615-8595-DA52B819398D,SUPERFICIAL,SIX OCLOCK,PASSENGER CAR,SLOWING OR STOPPING,South,35,No,No,2017,TOYOTA,COROLLA,39.01377333,-77.04209167,"(39.01377333, -77.04209167)"