Report Number,Local Case Number,Agency Name,ACRS Report Type,Crash Date/Time,Route Type,Road Name,Cross-Street Name,Off-Road Description,Municipality,Related Non-Motorist,Collision Type,Weather,Surface Condition,Light,Traffic Control,Driver Substance Abuse,Non-Motorist Substance Abuse,Person ID,Driver At Fault,Injury Severity,Circumstance,Driver Distracted By,Drivers License State,Vehicle ID,Vehicle Damage Extent,Vehicle First Impact Location,Vehicle Body Type,Vehicle Movement,Vehicle Going Dir,Speed Limit,Driverless Vehicle,Parked Vehicle,Vehicle Year,Vehicle Make,Vehicle Model,Latitude,Longitude,Location
MCP2072007D,240004070,MONTGOMERY,Property Damage Crash,01/26/2024 08:06:00 AM,County Route,NEWCUT RD,,,,,"Sideswipe, Same Direction",Cloudy,Wet,Daylight,Flashing Traffic Control Signal,"Not Suspect of Alcohol Use, Not Suspect of Drug Use",,64D1AA56-27A5-4711-A11C-2ED5B42D2473,Yes,No Apparent Injury,Failed to Keep in Proper Lane,Not Distracted,MD,8F2B95D7-770D-40CB-8109-7B862B529E43,Functional,Eleven O Clock,Bus - Transit,Entering Traffic Lane,Eastbound,25,No,No,2021,GILLIG,CITY TRANSIT BUS,39.22844822,-77.25007717,"(39.22844822, -77.25007717)"
MCP3271000H,200027801,Montgomery County Police,Property Damage Crash,07/17/2020 04:50:00 PM,Maryland (State),BRADLEY BLVD,ENT TO PRIVATE SCHOOL,,N/A,,SAME DIRECTION LEFT TURN,CLEAR,DRY,DAYLIGHT,NO CONTROLS,NONE DETECTED,,421B1745-9E68-4D93-B9EE-92A10BC1762E,Yes,NO APPARENT INJURY,N/A,UNKNOWN,MD,D5EC37CC-3274-45E0-A141-06E55F07EEA9,DISABLING,ELEVEN OCLOCK,PASSENGER CAR,MAKING U TURN,South,35,No,No,2012,TOYOTA,CAMRY,39.0071455,-77.14851692,"(39.0071455, -77.14851692)"
DD55380033,170523827,Rockville Police Departme,Property Damage Crash,08/09/2017 08:32:00 AM,Municipality,WOOTTON PKWY,SEVEN LOCKS RD,,ROCKVILLE,,ANGLE MEETS LEFT TURN,CLEAR,DRY,DAYLIGHT,TRAFFIC SIGNAL,NONE DETECTED,,9AED2991-474C-47A7-8BA3-C7B84030BFA8,Yes,NO APPARENT INJURY,N/A,LOOKED BUT DID NOT SEE,VA,BA81D4D6-79F6-4FE8-B06A-156311CEBF05,DISABLING,TWELVE OCLOCK,PASSENGER CAR,MAKING U TURN,West,35,No,No,1998,TOYOTA,4RUNNER,39.06697833,-77.16107833,"(39.06697833, -77.16107833)"
MCP271700YN,240008722,MONTGOMERY,Property Damage Crash,02/22/2024 04:15:00 PM,Municipality Route,TAYLOR AVE,ROBERT RD,,,,Front to Rear,Cloudy,Wet,Daylight,No Controls,"Not Suspect of Alcohol Use, Not Suspect of Drug Use",,3E1B3203-FCD1-4427-95BF-A3F508870A28,No,No Apparent Injury,,Not Distracted,MD,7A6575A9-733C-4740-AEF0-73A3D6284D11,Superficial,Six O Clock,Passenger Car,Slowing or Stopping,Eastbound,25,No,No,2021,LEXUS,UNKNOWN,39.08525988,-77.13792368,"(39.08525988, -77.13792368)"
MCP30940013,190041782,Montgomery County Police,Injury Crash,08/31/2019 09:43:00 PM,County,BAYSWATER RD,FERNSHIRE RD,,N/A,,OTHER,N/A,DRY,DARK LIGHTS ON,N/A,UNKNOWN,,AC227FB2-1282-49B0-84D4-AD805EBB2408,Yes,NO APPARENT INJURY,N/A,UNKNOWN,,FB2946C6-5EF9-487F-8E0D-5099533A58AF,N/A,UNKNOWN,UNKNOWN,MOVING CONSTANT SPEED,North,25,No,No,0,UNKNOWN,UNKNOWN,39.13277683,-77.247039,"(39.13277683, -77.247039)"
DD56420001,190044261,Rockville Police Departme,Property Damage Crash,09/16/2019 05:16:00 AM,Maryland (State),ROCKVILLE PIKE,EDMONSTON DR,,ROCKVILLE,,STRAIGHT MOVEMENT ANGLE,CLOUDY,DRY,DARK LIGHTS ON,FLASHING TRAFFIC SIGNAL,NONE DETECTED,,9B20DE38-BCDE-40B2-B187-8E2A0FC73C01,No,NO APPARENT INJURY,N/A,UNKNOWN,MD,5202127E-3D9C-4E98-B5C6-DD9AC4DBED44,DISABLING,TWELVE OCLOCK,PASSENGER CAR,MOVING CONSTANT SPEED,North,40,No,No,2007,HONDA,CIVIC,39.074385,-77.13539,"(39.074385, -77.13539)"
MCP2569001K,190052297,Montgomery County Police,Injury Crash,10/30/2019 07:26:00 PM,Maryland (State),ROCKVILLE PIKE,GROSVENOR LA,,N/A,,SAME DIR REAR END,RAINING,WET,DARK LIGHTS ON,TRAFFIC SIGNAL,NONE DETECTED,,AAAD7C38-82C7-48AA-89E8-0113AF4374EE,Yes,NO APPARENT INJURY,"RAIN, SNOW, WET",NOT DISTRACTED,MD,1AA5F707-FA61-4967-BE02-4AEFEBC2DD36,DISABLING,TWELVE OCLOCK,PICKUP TRUCK,SLOWING OR STOPPING,North,35,No,No,2004,FORD,RANGER,39.02190333,-77.10278667,"(39.02190333, -77.10278667)"
DM8437000C,15010259,Takoma Park Police Depart,Property Damage Crash,03/04/2015 09:06:00 PM,Maryland (State),CARROLL AVE,PHILADELPHIA AVE,,N/A,,SAME DIR REAR END,RAINING,WET,DARK LIGHTS ON,TRAFFIC SIGNAL,NONE DETECTED,,B07B531C-BC1B-42BD-ADA1-D3CA67C8968E,No,NO APPARENT INJURY,"RAIN, SNOW, WET",NOT DISTRACTED,VA,3C0114E2-EA7D-48C1-9AF8-BB4C71D7F7B6,NO DAMAGE,TWELVE OCLOCK,PASSENGER CAR,STOPPED IN TRAFFIC LANE,North,25,No,No,2012,CHEV,TK,38.97787833,-77.00734,"(38.97787833, -77.00734)"
MCP2976002L,170506389,Montgomery County Police,Injury Crash,05/07/2017 03:57:00 AM,US (State),COLUMBIA PIKE,FAIRLAND RD,,N/A,,STRAIGHT MOVEMENT ANGLE,CLEAR,DRY,DARK LIGHTS ON,TRAFFIC SIGNAL,NONE DETECTED,,C76FBEB6-C299-4DA0-B208-B193EFFF8A74,No,SUSPECTED MINOR INJURY,N/A,NOT DISTRACTED,DC,BC561266-2499-4574-A057-42DDAACBF42B,DISABLING,SEVEN OCLOCK,PASSENGER CAR,MOVING CONSTANT SPEED,East,35,No,No,2015,HONDA,CRV,39.07344435,-76.95589185,"(39.07344435, -76.95589185)"
HA22900007,19001533,Maryland-National Capital,Property Damage Crash,06/20/2019 02:29:00 PM,Government,SLIGO CREEK PKWY,PINEY BRANCH RD,,N/A,,SINGLE VEHICLE,CLEAR,DRY,DAYLIGHT,NO CONTROLS,NONE DETECTED,,36E7D91C-F2BC-4C17-984A-40182B3AA36A,Yes,NO APPARENT INJURY,N/A,NOT DISTRACTED,MD,8C1AE499-6953-4372-B6E3-5645F8FA7BC2,DISABLING,TWELVE OCLOCK,PASSENGER CAR,MOVING CONSTANT SPEED,North,25,No,No,2010,TOYT,PRIUS,38.99355667,-77.00516833,"(38.99355667, -77.00516833)"
MCP29620014,170505059,Montgomery County Police,Property Damage Crash,04/30/2017 10:34:00 AM,,,,PARKING LOT OF MCDONALDS AT 19660 GUNNERS BRANCH RD,,,OTHER,CLEAR,,DAYLIGHT,N/A,UNKNOWN,,6E8674C1-1EED-4274-BD2B-8590965F40F3,Yes,NO APPARENT INJURY,N/A,UNKNOWN,,B98077C9-65C9-46B4-8F0C-EC1ED7F5DE0D,UNKNOWN,UNKNOWN,OTHER,STARTING FROM PARKED,Unknown,15,No,No,0,UNKNOWN,UNKNOWN,39.17546057,-77.23898694,"(39.17546057, -77.23898694)"
MCP93010019,170500314,Montgomery County Police,Property Damage Crash,04/04/2017 10:15:00 AM,Municipality,BANK ST,QUINCE ORCHARD RD,,N/A,,SAME DIR REAR END,CLEAR,WET,DAYLIGHT,TRAFFIC SIGNAL,NONE DETECTED,,9E92E464-3663-4F31-8523-2EE0A4559255,Yes,NO APPARENT INJURY,"N/A, WET",NOT DISTRACTED,MD,993EF42A-F3DF-4CA0-BE83-55403708B3B1,DISABLING,TWELVE OCLOCK,PASSENGER CAR,MOVING CONSTANT SPEED,West,40,No,No,2008,TOYT,4S,39.13984833,-77.222025,"(39.13984833, -77.222025)"
MCP30120044,190003317,Montgomery County Police,Property Damage Crash,01/22/2019 07:26:00 AM,Maryland (State),GEORGIA AVE,SPUR FR BEL PRE RD,,N/A,,OTHER,CLEAR,DRY,DAYLIGHT,N/A,N/A,,4963AA48-2C6A-4C72-A8F8-46FC0BED524B,Unknown,NO APPARENT INJURY,N/A,NOT DISTRACTED,MD,C032563E-97FB-4C10-AEBA-904BAB20D4AB,FUNCTIONAL,ONE OCLOCK,TRUCK TRACTOR,MOVING CONSTANT SPEED,South,45,No,No,2019,FREIGHTLINER,TRUCK,39.09246333,-77.079905,"(39.09246333, -77.079905)"
MCP2756002Z,190035073,Montgomery County Police,Injury Crash,07/23/2019 08:48:00 PM,Maryland (State),GEORGIA AVE,REEDIE DR,,N/A,,SAME DIR REAR END,CLEAR,DRY,DARK LIGHTS ON,NO CONTROLS,NONE DETECTED,,88ABE83C-BDD2-4B43-9FCD-3673FFDD2AC2,No,POSSIBLE INJURY,N/A,NOT DISTRACTED,MD,6FB98BE1-531A-4D10-9F77-95A0AD15D271,DISABLING,ELEVEN OCLOCK,PASSENGER CAR,PARKED,,10,No,Yes,2001,VOLKSWAGEN,JETTA,39.037835,-77.05046167,"(39.037835, -77.05046167)"
EJ78510076,210046522,Gaithersburg Police Depar,Injury Crash,11/16/2021 03:30:00 PM,Municipality,CHRISTOPHER AVE,FREDERICK RD,,N/A,,SAME DIR REAR END,CLEAR,DRY,DAYLIGHT,YIELD SIGN,NONE DETECTED,,A18CE272-1540-477D-821D-AC7F29A0BCB4,Yes,NO APPARENT INJURY,N/A,LOOKED BUT DID NOT SEE,MD,7ECDB0CD-6DD4-449A-BBCE-698484E7AFB7,NO DAMAGE,TWELVE OCLOCK,PASSENGER CAR,SLOWING OR STOPPING,West,30,No,No,2011,FORD,ESCAPE,39.15670605,-77.21688257,"(39.15670605, -77.21688257)"
MCP3337000J,220041850,Montgomery County Police,Property Damage Crash,09/26/2022 07:55:00 AM,Maryland (State),NORBECK RD,MT EVEREST LA,,N/A,,SAME DIR REAR END,CLEAR,DRY,DAYLIGHT,N/A,UNKNOWN,,CFA2D759-ACD1-4E70-88F5-E40842D82F95,No,NO APPARENT INJURY,N/A,NOT DISTRACTED,,9DF41C2B-F913-458F-BC0F-ECA16C21AC71,UNKNOWN,SIX OCLOCK,PASSENGER CAR,SLOWING OR STOPPING,West,40,No,No,2011,HONDA,ODYSSEY,39.11453333,-77.05409167,"(39.11453333, -77.05409167)"
MCP1433000J,16016798,Montgomery County Police,Injury Crash,04/06/2016 03:32:00 PM,Municipality,W GUDE DR,PICCARD DR,,ROCKVILLE,,SAME DIR REAR END,CLEAR,DRY,DAYLIGHT,NO CONTROLS,NONE DETECTED,,684F0B4A-1734-46B9-A255-D5351E5786C6,No,SUSPECTED SERIOUS INJURY,N/A,NOT DISTRACTED,MD,0A9D12F3-40EE-46A7-B586-0A72D50B88E9,FUNCTIONAL,SIX OCLOCK,(SPORT) UTILITY VEHICLE,SLOWING OR STOPPING,West,40,No,No,2015,GMC,YUKON,39.103085,-77.174441,"(39.103085, -77.174441)"
MCP30050062,210051352,Montgomery County Police,Injury Crash,12/17/2021 10:53:00 AM,Maryland (State),GEORGIA AVE,SHOREFIELD RD,,N/A,,SAME DIR REAR END,CLEAR,DRY,N/A,TRAFFIC SIGNAL,UNKNOWN,,CBCF80BB-1B8E-473D-B157-7238CBD14D54,Yes,NO APPARENT INJURY,N/A,NOT DISTRACTED,MD,85F3E572-8253-40E2-B684-CC126FCB68E9,NO DAMAGE,TWELVE OCLOCK,PASSENGER CAR,MAKING LEFT TURN,South,35,No,No,2007,TOYOTA,CAMRY,39.05322,-77.05088667,"(39.05322, -77.05088667)"
MCP29400037,180047540,Montgomery County Police,Property Damage Crash,09/23/2018 12:16:00 PM,Maryland (State),RIVER RD,BROOKSIDE DR,,N/A,,SAME DIR REAR END,RAINING,WET,DAYLIGHT,N/A,NONE DETECTED,,7D749A02-F941-44B8-A0B2-AF1452755215,Yes,NO APPARENT INJURY,"RAIN, SNOW, WET",UNKNOWN,VA,BE801BE3-6D2A-41A9-AAB4-2FE8F66FBEE5,DISABLING,TWELVE OCLOCK,PASSENGER CAR,UNKNOWN,South,35,No,No,2003,MERCEDES BENZ,C230KSPORTCO,38.96535833,-77.10464333,"(38.96535833, -77.10464333)"
MCP1221002N,16054265,Montgomery County Police,Property Damage Crash,10/21/2016 03:55:00 PM,County,WASHINGTON GROVE LA,MIDCOUNTY HWY,,N/A,,STRAIGHT MOVEMENT ANGLE,RAINING,WET,DAYLIGHT,TRAFFIC SIGNAL,NONE DETECTED,,9DA15309-8F2D-4F80-A95D-FAF1589593DC,No,NO APPARENT INJURY,"RAIN, SNOW, WET",NOT DISTRACTED,MD,AA82BEB2-5063-49A7-B0D0-BBEFA6832A9E,DISABLING,TWELVE OCLOCK,PASSENGER CAR,STOPPED IN TRAFFIC LANE,South,45,No,No,2012,HONDA,CIVIC,39.14769,-77.16937833,"(39.14769, -77.16937833)"
MCP1233003Z,21003684,Montgomery County Police,Property Damage Crash,09/18/2021 02:44:00 PM,Interstate (State),EISENHOWER MEMORIAL HWY,RAMP 6 FR IS 270 EB TO MD 355 SB,,N/A,,SAME DIR REAR END,CLEAR,DRY,DAYLIGHT,NO CONTROLS,NONE DETECTED,,297EE38B-C7B1-4B6B-A0E1-96ABCE363467,Yes,NO APPARENT INJURY,N/A,NOT DISTRACTED,XX,2AE6D455-B512-4405-B9BE-4E1CC5D693D1,DISABLING,TWELVE OCLOCK,PASSENGER CAR,CHANGING LANES,South,55,No,No,2006,FORD,MUSTANG,39.02126667,-77.10584667,"(39.02126667, -77.10584667)"
MCP2737006D,240045485,MONTGOMERY,Property Damage Crash,09/24/2024 02:45:00 AM,County Route,BONIFANT RD,,,,,Single Vehicle,Clear,Wet,Dark - Not Lighted,No Controls,"Not Suspect of Alcohol Use, Not Suspect of Drug Use",,2E55713C-0ADA-4300-810B-AF4EC94A30C5,Yes,No Apparent Injury,"Disregarded Other Road Markings, Too Fast For Conditions, Wrong Side",Unknown,MD,E04A6634-7459-4E5A-A537-9AC91CA1840D,Disabling,Twelve O Clock,Sport Utility Vehicle,,Westbound,35,No,No,2015,HONDA,CR-V,39.09240365,-77.04098756,"(39.09240365, -77.04098756)"
DD5607004Q,230070320,Rockville Police Departme,Property Damage Crash,12/07/2023 06:45:00 AM,Maryland (State),NORBECK RD,AVERY RD,,ROCKVILLE,,HEAD ON LEFT TURN,CLEAR,DRY,DAWN,TRAFFIC SIGNAL,NONE DETECTED,,393904BC-A878-4AC2-BBB1-5BA0BCF1C530,Yes,NO APPARENT INJURY,N/A,LOOKED BUT DID NOT SEE,MD,E2168A7D-095B-44E8-BED5-973F61D59FA6,DESTROYED,TWELVE OCLOCK,PASSENGER CAR,MAKING LEFT TURN,North,45,No,No,2014,HOND,TK,39.092823,-77.12269883,"(39.092823, -77.12269883)"
DD56510041,230066110,Rockville Police Departme,Property Damage Crash,11/13/2023 03:50:00 PM,Municipality,KING FARM BLVD,ELMCROFT BLVD,,N/A,,STRAIGHT MOVEMENT ANGLE,CLEAR,DRY,DAYLIGHT,STOP SIGN,NONE DETECTED,,74ACD62D-D902-444E-B7D5-86D98424BBC6,Yes,NO APPARENT INJURY,N/A,LOOKED BUT DID NOT SEE,MD,A7950758-05D5-436A-B789-8374C50CBAB8,DISABLING,TWO OCLOCK,PASSENGER CAR,STARTING FROM LANE,South,25,No,No,2023,NISS,SD,39.11635351,-77.16998475,"(39.11635351, -77.16998475)"
DD5594001M,16007413,Rockville Police Departme,Property Damage Crash,02/13/2016 10:10:00 AM,Municipality,WOOTTON PKWY,SCOTT DR,,ROCKVILLE,,SINGLE VEHICLE,CLEAR,ICE,DAYLIGHT,TRAFFIC SIGNAL,NONE DETECTED,,D9154871-0D18-4F9D-B893-E6E31B518465,Yes,NO APPARENT INJURY,"ICY OR SNOW-COVERED, N/A",NOT DISTRACTED,MD,03CE0D5F-2423-4D75-BF08-6E80A6A1510E,DISABLING,TWELVE OCLOCK,PASSENGER CAR,MAKING LEFT TURN,West,25,No,No,2011,TOYT,HY,39.07275333,-77.18194333,"(39.07275333, -77.18194333)"
MCP1417004W,16013324,MONTGOMERY,Property Damage Crash,03/18/2016 07:09:00 AM,County,SNOUFFERS SCHOOL RD,ALLISTON HOLLOW WAY,,N/A,,SAME DIR REAR END,CLEAR,DRY,DARK NO LIGHTS,NO CONTROLS,NONE DETECTED,,4CEF569A-BDAC-49A2-8C37-F2F94C838EE5,No,NO APPARENT INJURY,N/A,NOT DISTRACTED,MD,C8B36B41-2530-4596-BDDC-C0AAE5897CFE,FUNCTIONAL,SIX OCLOCK,PASSENGER CAR,STOPPED IN TRAFFIC LANE,South,35,No,No,2011,BMW,X5,39.17222667,-77.178435,"(39.17222667, -77.178435)"
MCP11190061,180052225,Montgomery County Police,Injury Crash,10/18/2018 04:37:00 PM,Maryland (State),GEORGIA AVE,CONNECTICUT AVE,,N/A,,HEAD ON LEFT TURN,CLEAR,DRY,DAYLIGHT,NO CONTROLS,NONE DETECTED,,27C3253D-A085-44F1-B84B-8AF323F0E7F6,No,POSSIBLE INJURY,N/A,NOT DISTRACTED,MD,765CD9DE-5507-42BD-8A35-16DCBC6C4EAF,DISABLING,TEN OCLOCK,PASSENGER CAR,MOVING CONSTANT SPEED,South,50,No,No,2007,VOLKSWAGEN,GTI,39.08524,-77.07872833,"(39.08524, -77.07872833)"
MCP28710091,230047716,Montgomery County Police,Property Damage Crash,06/23/2023 11:28:00 AM,Interstate (State),EISENHOWER MEMORIAL HWY,EXIT #6,,N/A,,SINGLE VEHICLE,CLEAR,DRY,DAYLIGHT,NO CONTROLS,NONE DETECTED,,35418F61-9955-4EB6-8453-6A36323B8ED7,No,NO APPARENT INJURY,N/A,UNKNOWN,MD,F1A085DF-3A29-406B-96C6-E33047D9A084,UNKNOWN,TWELVE OCLOCK,POLICE VEHICLE/NON EMERGENCY,MOVING CONSTANT SPEED,North,55,No,No,2016,FORD,INTERCEPTOR,39.06567442,-77.160246,"(39.06567442, -77.160246)"
MCP3035001R,180001416,Montgomery County Police,Injury Crash,01/10/2018 12:34:00 AM,County,SHADY GROVE RD,MILL RUN DR,,N/A,,STRAIGHT MOVEMENT ANGLE,CLEAR,DRY,DARK LIGHTS ON,FLASHING TRAFFIC SIGNAL,NONE DETECTED,,306A2D7E-6395-4E85-B9C4-C3A26086095B,No,POSSIBLE INJURY,N/A,NOT DISTRACTED,DC,F64C8F54-19FA-444B-A23A-504A23C093FC,DESTROYED,TWELVE OCLOCK,PASSENGER CAR,MOVING CONSTANT SPEED,South,35,No,No,2015,HYUN,ACCENT,39.14518233,-77.15047433,"(39.14518233, -77.15047433)"
MCP2863002X,230047325,Montgomery County Police,Property Damage Crash,08/01/2023 03:15:00 PM,County,MIDCOUNTY HWY,SAYBROOKE OAKS BLVD,,GAITHERSBURG,,SAME DIR REAR END,CLEAR,DRY,DAYLIGHT,TRAFFIC SIGNAL,NONE DETECTED,,03D0FF85-5A0D-4F58-A101-9D8905D9AF1D,No,NO APPARENT INJURY,N/A,NOT DISTRACTED,MD,8AD3DAA6-1200-42A1-8807-3342F207F8AA,SUPERFICIAL,SIX OCLOCK,(SPORT) UTILITY VEHICLE,STOPPED IN TRAFFIC LANE,South,50,No,No,2006,NISS,UT,39.15084183,-77.17476683,"(39.15084183, -77.17476683)"
MCP91300096,200004567,Montgomery County Police,Property Damage Crash,01/28/2020 07:10:00 AM,County,DILSTON RD,AVENEL RD,,N/A,,OTHER,CLEAR,DRY,DUSK,NO CONTROLS,NONE DETECTED,,59A609BE-F280-433E-BDBC-2947AD4BFD1B,Yes,NO APPARENT INJURY,N/A,NOT DISTRACTED,MD,870CF71C-DB0F-4E8A-931C-0EB0DF54C80B,SUPERFICIAL,ONE OCLOCK,SCHOOL BUS,MOVING CONSTANT SPEED,East,30,No,No,2007,THOMAS,BUS,39.01229333,-76.98112833,"(39.01229333, -76.98112833)"
MCP3052003L,240004711,MONTGOMERY,Property Damage Crash,01/29/2024 09:19:00 PM,Municipality Route,LAKE FOREST BLVD,FREDERICK RD,,,,"Sideswipe, Same Direction",Clear,Dry,Dark - Lighted,Traffic Control Signal,"Unknown, Unknown",,626FD99F-F8D3-4F11-BD54-B5546FE48EFA,No,,,Unknown,,39A82A62-5E45-46AC-AD6C-BD3BC58EC66A,Vehicle Not at Scene,Vehicle Not at Scene,Sport Utility Vehicle,Turning Right,Northbound,35,No,No,2020,JEEP,WRANGLER,39.15014399,-77.20887722,"(39.15014399, -77.20887722)"
MCP24370016,15058528,MONTGOMERY,Property Damage Crash,11/16/2015 06:15:00 PM,County,BEL PRE RD,LAYHILL RD,,N/A,,SAME DIRECTION SIDESWIPE,CLEAR,DRY,DARK LIGHTS ON,TRAFFIC SIGNAL,NONE DETECTED,,D2534A7F-D582-4F05-9528-825C9EC39450,Yes,NO APPARENT INJURY,N/A,UNKNOWN,MD,1D0B480B-FD08-4FAB-A857-465C57FF6E1F,FUNCTIONAL,ELEVEN OCLOCK,PASSENGER CAR,CHANGING LANES,East,35,No,No,2006,CHRYSLER,CARAVAN,39.090595,-77.04519667,"(39.090595, -77.04519667)"
MCP3080001X,190052249,Montgomery County Police,Injury Crash,10/30/2019 03:28:00 PM,Maryland (State),CLOPPER RD,ALLSPICE RD,,N/A,,SAME DIR REAR END,CLEAR,DRY,N/A,NO CONTROLS,N/A,,EA8ED42C-CB80-4C68-B276-CEABEE3A4479,Yes,POSSIBLE INJURY,N/A,OTHER DISTRACTION,MD,A73D32E8-C170-41CF-BCD6-47C7AA15E188,DISABLING,TWELVE OCLOCK,PASSENGER CAR,MOVING CONSTANT SPEED,North,40,No,No,2019,TOYOTA,HIGHLANDER,39.15488667,-77.25826333,"(39.15488667, -77.25826333)"
MCP3038004R,200033820,Montgomery County Police,Property Damage Crash,08/29/2020 07:25:00 PM,US (State),GEORGIA AVE,THAYER AVE,,N/A,,SAME DIRECTION RIGHT TURN,CLEAR,DRY,DUSK,NO CONTROLS,NONE DETECTED,,09B5AEC2-70A2-4092-ACAE-AB8E9539B100,No,NO APPARENT INJURY,N/A,NOT DISTRACTED,MD,06535E5E-48FD-4E90-8888-079EC9FCF018,SUPERFICIAL,ELEVEN OCLOCK,PASSENGER CAR,SLOWING OR STOPPING,North,35,No,No,2019,HONDA,CIVIC,38.99327167,-77.02591167,"(38.99327167, -77.02591167)"
DD5617001Y,190024847,Rockville Police Departme,Property Damage Crash,05/25/2019 01:32:00 AM,Municipality,RUTGERS ST,COLLEGE PKWY,,ROCKVILLE,,SAME DIRECTION SIDESWIPE,CLEAR,N/A,DARK LIGHTS ON,NO CONTROLS,N/A,,A2F43F73-4A2F-4D5B-A080-23F430721A7E,Yes,NO APPARENT INJURY,N/A,UNKNOWN,MD,6697ABE8-BEF3-4E30-A388-F1839F5E0AAA,FUNCTIONAL,TWO OCLOCK,N/A,OTHER,North,25,No,No,2000,TOYT,4DR,39.10284133,-77.15872733,"(39.10284133, -77.15872733)"
MCP2934002V,170536927,Montgomery County Police,Injury Crash,10/16/2017 08:54:00 AM,Maryland (State),ROCKVILLE PIKE,OLD GEORGETOWN RD,,N/A,,SAME DIR REAR END,CLOUDY,DRY,DAYLIGHT,TRAFFIC SIGNAL,NONE DETECTED,,02B69AD4-63F7-4C8B-9BD5-5AFB40BFFBD0,Yes,NO APPARENT INJURY,N/A,OTHER DISTRACTION,MD,FAC30787-CC2F-415F-9948-D043EB3ABF3E,DISABLING,TWELVE OCLOCK,PASSENGER CAR,MOVING CONSTANT SPEED,South,40,No,No,2007,LEXUS,ES350,39.04893533,-77.11429983,"(39.04893533, -77.11429983)"
MCP3052001L,180054727,Montgomery County Police,Property Damage Crash,11/01/2018 04:25:00 AM,County,MONTGOMERY VILLAGE AVE,MIDCOUNTY HWY,,N/A,,HEAD ON LEFT TURN,CLEAR,DRY,DARK NO LIGHTS,TRAFFIC SIGNAL,NONE DETECTED,,BABEB7B4-317E-4EDB-BD78-4ACAB4F29F6D,No,NO APPARENT INJURY,N/A,NOT DISTRACTED,MD,69097914-ACE8-42F0-A1CF-5545C5A472C3,DISABLING,ELEVEN OCLOCK,PASSENGER CAR,MOVING CONSTANT SPEED,North,35,No,No,2003,CHEV,TK,39.16027167,-77.20202,"(39.16027167, -77.20202)"
EJ78870021,220011853,Gaithersburg Police Depar,Injury Crash,03/19/2022 12:00:00 PM,Municipality,RUSSELL AVE,LAKE FOREST BLVD,,GAITHERSBURG,,STRAIGHT MOVEMENT ANGLE,CLEAR,DRY,DAYLIGHT,TRAFFIC SIGNAL,NONE DETECTED,,9BF4B613-5C39-4639-8547-8E7490CCA717,Yes,NO APPARENT INJURY,N/A,LOOKED BUT DID NOT SEE,MD,416CEFAB-6D7E-4CDB-96FC-06D2F1E18149,DISABLING,TEN OCLOCK,PASSENGER CAR,MAKING U TURN,South,30,No,No,2015,LINC,4H,39.15158083,-77.20748,"(39.15158083, -77.20748)"
MCP34030019,240046103,MONTGOMERY,Injury Crash,09/27/2024 05:00:00 AM,US (State),COLUMBIA PIKE (SB/L),,,,,Front to Rear,Rain,Wet,Dark - Lighted,Flashing Traffic Control Signal,"Not Suspect of Alcohol Use, Not Suspect of Drug Use",,DEF90E36-F568-43B8-BAC1-082D51ECE99F,Yes,No Apparent Injury,"Failed to Yield Right-of-Way, Followed Too Closely, Operated Motor Vehicle in Inattentive, Careless, Negligent, or Erratic Manner, Swerved or Avoided Due to Wind, Slippery Surface, Motor Vehicle, Object, Non-Motorist in Roadway, etc, Too Fast For Conditions",Unknown,MD,4C2EBE20-2145-4728-B0D3-EC4FDF5D8223,Disabling,Twelve O Clock,Passenger Car,Moving Constant Speed,Southbound,55,No,No,2015,CHEVROLET,SONIC,39.09542834,-76.93829799,"(39.09542834, -76.93829799)"
MCP31230064,230048081,Montgomery County Police,Property Damage Crash,08/06/2023 02:00:00 PM,County,PARKLAWN DR,WILKINS AVE,,N/A,,OTHER,N/A,DRY,DAYLIGHT,N/A,N/A,,D3E69BD1-690B-4897-AF12-4B7C4D67BD74,Yes,NO APPARENT INJURY,"BACKUP DUE TO NON-RECURRING INCIDENT, N/A, PHYSICAL OBSTRUCTION(S)",UNKNOWN,MD,C3C0E287-3165-4B4A-920F-28A0EF6F2BA4,SUPERFICIAL,FOUR OCLOCK,TRANSIT BUS,PARKED,,25,No,Yes,2013,NEWFLYER,XCELSIOR,39.0613746,-77.11218892,"(39.0613746, -77.11218892)"
MCP2960001N,170503292,Montgomery County Police,Property Damage Crash,04/21/2017 09:00:00 AM,County,OLD BALTIMORE RD,COVERED WAGON WAY,,N/A,,OTHER,RAINING,WET,DAYLIGHT,NO CONTROLS,N/A,,AFCD4A8A-0293-4F31-AE3F-EB533CDF6531,Unknown,NO APPARENT INJURY,"N/A, WET",NOT DISTRACTED,MD,22E0B7CF-2204-4ACC-B1EC-B8D9284BBCE9,DISABLING,THREE OCLOCK,PASSENGER CAR,MOVING CONSTANT SPEED,North,30,No,No,2001,BUIC,4S,39.14035333,-77.06087167,"(39.14035333, -77.06087167)"
MCP2966003Y,180011982,Montgomery County Police,Property Damage Crash,03/09/2018 04:19:00 PM,County,BEL PRE RD,ASTRODOME DR,,N/A,,SINGLE VEHICLE,CLEAR,DRY,DAYLIGHT,NO CONTROLS,N/A,,6DB14332-154A-4102-8AEB-7656A96ACF10,Yes,NO APPARENT INJURY,N/A,NOT DISTRACTED,MD,D5619575-13F7-4B19-87B0-64B1E696BDAB,FUNCTIONAL,TWELVE OCLOCK,PASSENGER CAR,ACCELERATING,West,35,No,No,2014,NISSAN,ALTIMA,39.09036727,-77.05040216,"(39.09036727, -77.05040216)"