Report Number,Local Case Number,Agency Name,ACRS Report Type,Crash Date/Time,Route Type,Road Name,Cross-Street Name,Off-Road Description,Municipality,Related Non-Motorist,Collision Type,Weather,Surface Condition,Light,Traffic Control,Driver Substance Abuse,Non-Motorist Substance Abuse,Person ID,Driver At Fault,Injury Severity,Circumstance,Driver Distracted By,Drivers License State,Vehicle ID,Vehicle Damage Extent,Vehicle First Impact Location,Vehicle Body Type,Vehicle Movement,Vehicle Going Dir,Speed Limit,Driverless Vehicle,Parked Vehicle,Vehicle Year,Vehicle Make,Vehicle Model,Latitude,Longitude,Location
DD5634003K,210044006,Rockville Police Departme,Property Damage Crash,10/31/2021 09:47:00 PM,Municipality,LYNCH ST,CARR AVE #2,,ROCKVILLE,,OTHER,CLEAR,N/A,DARK NO LIGHTS,NO CONTROLS,ALCOHOL PRESENT,,CF2814AE-C956-489E-8DFA-12910DD50096,Yes,NO APPARENT INJURY,N/A,LOOKED BUT DID NOT SEE,MD,C5243FA5-C788-40B9-91DB-49B40B1312CB,SUPERFICIAL,ONE OCLOCK,PICKUP TRUCK,MOVING CONSTANT SPEED,West,25,No,No,2000,CHEV,TK,39.089295,-77.16338333,"(39.089295, -77.16338333)"
MCP3129005B,220049292,Montgomery County Police,Property Damage Crash,11/08/2022 01:27:00 PM,Maryland (State),LAYHILL RD,MARYMONT RD,,N/A,,SAME DIR REAR END,CLEAR,DRY,DAYLIGHT,NO CONTROLS,NONE DETECTED,,12514942-AAED-4C01-B357-53BD0E2E2160,No,NO APPARENT INJURY,N/A,NOT DISTRACTED,MD,4815F73C-1618-41AB-8212-0DF3DEE51865,SUPERFICIAL,SIX OCLOCK,PASSENGER CAR,STOPPED IN TRAFFIC LANE,North,40,No,No,2022,CHEV,UT,39.111005,-77.03718833,"(39.111005, -77.03718833)"
EJ78890021,220011196,Gaithersburg Police Depar,Property Damage Crash,03/15/2022 05:44:00 PM,,,,PARKING LOT OF 883 RUSSELL AVE GAITHERSBURG MD 20877,,,OTHER,N/A,,DAYLIGHT,NO CONTROLS,NONE DETECTED,,DBBC7C9B-5F56-4011-8875-0FCF954F79F7,Yes,NO APPARENT INJURY,N/A,NOT DISTRACTED,MD,E53126A7-4B0A-4618-B707-AF6C05BA3CEF,SUPERFICIAL,SIX OCLOCK,PASSENGER CAR,STARTING FROM PARKED,North,5,No,No,2007,HOND,4S,39.15762002,-77.21209867,"(39.15762002, -77.21209867)"
DD56200052,200011952,Rockville Police Departme,Property Damage Crash,03/11/2020 09:15:00 AM,Maryland (State),NORBECK RD,E GUDE DR,,ROCKVILLE,,OTHER,CLEAR,DRY,DAYLIGHT,N/A,NONE DETECTED,,25454E32-C469-4564-BD12-A477F424F622,No,NO APPARENT INJURY,N/A,NOT DISTRACTED,MD,1ABBE065-C28F-4BC7-97E2-DB6ECE74FA4D,DISABLING,TEN OCLOCK,PASSENGER CAR,MOVING CONSTANT SPEED,East,50,No,No,2013,TOYOTA,COROLLA,39.090335,-77.12820333,"(39.090335, -77.12820333)"
HA2432000K,23000541,Maryland-National Capital,Injury Crash,03/25/2023 09:00:00 AM,County,KENSINGTON PKWY,BEACH DR,,N/A,PEDESTRIAN,SINGLE VEHICLE,RAINING,WET,DAYLIGHT,STOP SIGN,N/A,UNKNOWN,49394114-4F73-4490-A57A-467F353EFCA8,Yes,NO APPARENT INJURY,"RAIN, SNOW, WET",LOOKED BUT DID NOT SEE,MD,59FF4F6A-1C2B-4B92-A8B1-239E33A05F22,NO DAMAGE,TWELVE OCLOCK,PASSENGER CAR,ACCELERATING,South,25,No,No,2005,TOYOTA,SIENNA,39.01012092,-77.07385623,"(39.01012092, -77.07385623)"
DD56350043,210034745,Rockville Police Departme,Property Damage Crash,09/04/2021 07:03:00 PM,Maryland (State),ROCKVILLE PIKE,ENT TO BUSINESS,,N/A,BICYCLIST,OTHER,CLEAR,DRY,DAYLIGHT,NO CONTROLS,UNKNOWN,NONE DETECTED,AA11EB24-ACA2-40B1-9272-A4EC41DA6FB6,Unknown,NO APPARENT INJURY,N/A,UNKNOWN,,CE24E57B-F56B-498F-88D3-5C607E99C84C,UNKNOWN,TWELVE OCLOCK,UNKNOWN,MAKING RIGHT TURN,East,45,No,No,0,UNKNOWN,UNKNOWN,39.06923267,-77.13055083,"(39.06923267, -77.13055083)"
MCP2912000W,15024405,Montgomery County Police,Injury Crash,05/21/2015 12:35:00 PM,Maryland (State),RIVER RD,LITTLE FALLS PKWY,,N/A,,OPPOSITE DIRECTION SIDESWIPE,RAINING,WET,DAYLIGHT,NO CONTROLS,NONE DETECTED,,ECE8CDC7-1E12-4B44-8D6F-554CCA0B1F3C,Yes,NO APPARENT INJURY,"RAIN, SNOW, WET",NOT DISTRACTED,DC,0F27E34C-44C5-4B54-9824-95FD400CDE94,DISABLING,FOUR OCLOCK,(SPORT) UTILITY VEHICLE,MOVING CONSTANT SPEED,West,35,No,No,2004,FORD,EXPLORER,38.96314833,-77.10070667,"(38.96314833, -77.10070667)"
MCP3003002H,180048029,Montgomery County Police,Injury Crash,09/26/2018 08:09:00 AM,Maryland (State),RIVER RD,CONGRESSIONAL PKWY,,N/A,,SAME DIR REAR END,CLEAR,DRY,DAYLIGHT,NO CONTROLS,NONE DETECTED,,254E3641-7CCB-4BDD-B03A-364D7070DC93,Yes,NO APPARENT INJURY,N/A,UNKNOWN,MD,26F9C8E9-B843-4978-9164-B125183BBEDD,SUPERFICIAL,TWELVE OCLOCK,PASSENGER CAR,MOVING CONSTANT SPEED,East,35,No,No,2016,CHEVROLET,CRUZE,39.00652333,-77.19112833,"(39.00652333, -77.19112833)"
DD5673001F,250011200,ROCKVILLE,Property Damage Crash,03/14/2025 11:51:00 AM,Municipality Route,,,,,,Angle,Clear,Dry,Daylight,No Controls,"Not Suspect of Alcohol Use, Not Suspect of Drug Use",,87181454-44A8-4B4A-9700-0A30951CAF68,No,No Apparent Injury,,Not Distracted,MD,B1B4D660-ECE1-4157-8C04-3EFE1189AC61,Functional,One O Clock,Passenger Car,Moving Constant Speed,Northbound,30,No,No,2019,SUBARU,FORESTER,39.06473726,-77.16099794,"(39.06473726, -77.16099794)"
MCP3308000Q,220017734,Montgomery County Police,Property Damage Crash,04/26/2022 03:50:00 PM,County,AIRPARK RD,STRATOS LA,,N/A,,SINGLE VEHICLE,RAINING,WET,DAYLIGHT,NO CONTROLS,NONE DETECTED,,7909A549-D7B2-469E-BEBC-097064B26108,Yes,NO APPARENT INJURY,"SLEET, HAIL, FREEZ. RAIN, WET",NOT DISTRACTED,MD,399B7AED-095B-4AAC-B704-4623DB7A79C8,DISABLING,ONE OCLOCK,PASSENGER CAR,MOVING CONSTANT SPEED,South,50,No,No,2010,HONDA,ACCORD,39.15466,-77.14224333,"(39.15466, -77.14224333)"
MCP2118001J,220056016,Montgomery County Police,Property Damage Crash,12/18/2022 01:26:00 AM,County,CLARKSBURG RD,LEWISDALE RD,,N/A,,SINGLE VEHICLE,CLEAR,DRY,DARK NO LIGHTS,NO CONTROLS,NONE DETECTED,,342D3EF2-57AF-4B91-9633-B43C693BEB9A,Yes,NO APPARENT INJURY,N/A,NOT DISTRACTED,MD,8BAFBDCE-AC82-468C-9467-76C323044F01,DISABLING,ONE OCLOCK,PASSENGER CAR,MOVING CONSTANT SPEED,North,30,No,No,2016,TOYOTA,SUV,39.27272167,-77.2770255,"(39.27272167, -77.2770255)"
DD5630002N,200003416,Rockville Police Departme,Property Damage Crash,01/21/2020 02:50:00 PM,Maryland (State),ROCKVILLE PIKE,MT VERNON PL,,ROCKVILLE,,STRAIGHT MOVEMENT ANGLE,CLEAR,DRY,DAYLIGHT,NO CONTROLS,NONE DETECTED,,D3835BD1-C2AD-4CED-A59C-C11FD4038ED9,Yes,NO APPARENT INJURY,N/A,LOOKED BUT DID NOT SEE,MD,617D918B-2084-459C-9BCC-22A8CA2E2958,DISABLING,THREE OCLOCK,PASSENGER CAR,STARTING FROM LANE,North,40,No,No,2014,ACURA,4S,39.07878149,-77.14193183,"(39.07878149, -77.14193183)"
MCP2682003T,220036180,Montgomery County Police,Injury Crash,08/22/2022 08:44:00 AM,County,SHADY GROVE RD,CRABBS BRANCH WAY,,N/A,,HEAD ON LEFT TURN,CLEAR,DRY,DAYLIGHT,TRAFFIC SIGNAL,NONE DETECTED,,49ACC1F7-A831-4E2B-8B4C-6680611E6AC4,Yes,NO APPARENT INJURY,N/A,UNKNOWN,MD,944FA673-4DC9-4AD4-A734-59E86213BF2F,DISABLING,TWELVE OCLOCK,(SPORT) UTILITY VEHICLE,MAKING LEFT TURN,North,35,No,No,2010,FORD,UT,39.12894167,-77.16771333,"(39.12894167, -77.16771333)"
MCP13820026,15027723,Montgomery County Police,Property Damage Crash,06/08/2015 12:44:00 PM,Maryland (State),BURLINGTON AVE,GEORGIA AVE,,N/A,,SAME DIR REND LEFT TURN,CLEAR,DRY,DAYLIGHT,NO CONTROLS,NONE DETECTED,,FACA96FC-B9F0-448F-8AA2-2016A99D588B,Yes,NO APPARENT INJURY,N/A,LOOKED BUT DID NOT SEE,MD,57F63CDD-08BB-4064-96C1-35C9F7650435,FUNCTIONAL,TWELVE OCLOCK,TRANSIT BUS,SLOWING OR STOPPING,East,30,No,No,2009,GILLIG,BUS,38.98734333,-77.02591667,"(38.98734333, -77.02591667)"
MCP2683003B,180046017,Montgomery County Police,Injury Crash,09/14/2018 08:10:00 PM,County,GOSHEN RD,FRAMINGHAM DR,,N/A,,HEAD ON,RAINING,WET,DARK LIGHTS ON,NO CONTROLS,NONE DETECTED,,3353772B-DC81-425A-B0F2-7D294EB070C9,No,SUSPECTED MINOR INJURY,"N/A, WET",NOT DISTRACTED,MD,2656A10A-BD76-4844-9C1A-BE6E82DCB321,DISABLING,TWELVE OCLOCK,PASSENGER CAR,MOVING CONSTANT SPEED,North,35,No,No,2009,VOLK,JETTA,39.17473198,-77.18950696,"(39.17473198, -77.18950696)"
MCP3283000T,210029301,Montgomery County Police,Property Damage Crash,07/28/2021 05:17:00 PM,County,PINEY MEETINGHOUSE RD,CAVANAUGH DR,,N/A,,STRAIGHT MOVEMENT ANGLE,CLEAR,DRY,DAYLIGHT,FLASHING TRAFFIC SIGNAL,NONE DETECTED,,2D670D81-5A75-46F6-90EF-8F3E781129CE,Yes,NO APPARENT INJURY,N/A,LOOKED BUT DID NOT SEE,MD,B2B29DF1-D761-4792-88E8-569F5CD15A7E,DISABLING,ELEVEN OCLOCK,PASSENGER CAR,ACCELERATING,South,40,No,No,2016,CADILLAC,ESCALADE,39.08262333,-77.21709667,"(39.08262333, -77.21709667)"
MCP3398000Q,240015221,MONTGOMERY,Property Damage Crash,04/01/2024 05:05:00 PM,County Route,MUDDY BRANCH RD (SB/L),,,,,Front to Rear,Clear,Dry,Daylight,Traffic Control Signal,"Not Suspect of Alcohol Use, Not Suspect of Drug Use",,1963F320-9037-4020-B8AB-9CBBBFBF4E40,No,No Apparent Injury,,Not Distracted,MD,0862F3B2-8783-47C4-AECA-3CD2188F64C3,Disabling,Six O Clock,Passenger Car,Slowing or Stopping,Northbound,40,No,No,2015,NISSAN,NISSAN Z,39.13694217,-77.20565617,"(39.13694217, -77.20565617)"
MCP1334005J,170535573,Montgomery County Police,Property Damage Crash,10/09/2017 07:07:00 AM,Maryland (State),FREDERICK RD,PROFESSIONAL DR,,GAITHERSBURG,,SAME DIRECTION SIDESWIPE,RAINING,WET,DARK LIGHTS ON,N/A,NONE DETECTED,,F8462AD3-9AE9-4A39-982B-CEE4168C1206,No,NO APPARENT INJURY,"RAIN, SNOW, WET",NOT DISTRACTED,MD,0D6761BD-921C-4D91-8E95-789B18BEC10B,DISABLING,SIX OCLOCK,PASSENGER CAR,MOVING CONSTANT SPEED,South,40,No,No,2009,INFINITI,G37X,39.16371333,-77.22687,"(39.16371333, -77.22687)"
EJ78510058,200005682,Gaithersburg Police Depar,Property Damage Crash,02/01/2020 02:29:00 PM,,,,10007 FIELDS ROAD,,,SAME DIR REAR END,CLEAR,,DAYLIGHT,NO CONTROLS,UNKNOWN,,B8D662A3-94EA-4E37-BCF1-5C9C5FA0D9F3,No,NO APPARENT INJURY,N/A,NOT DISTRACTED,MD,BCAA7CF1-6C77-4821-A21C-FFD3B771F261,FUNCTIONAL,SIX OCLOCK,PASSENGER CAR,STOPPED IN TRAFFIC LANE,North,5,No,No,2012,TOYOTA,RAV4,39.11527562,-77.20217802,"(39.11527562, -77.20217802)"
MCP24250084,16060011,Montgomery County Police,Injury Crash,11/22/2016 07:54:00 AM,Maryland (State),NEW HAMPSHIRE AVE,BLICK DR,,N/A,,SAME DIRECTION SIDESWIPE,CLEAR,DRY,DAYLIGHT,TRAFFIC SIGNAL,NONE DETECTED,,7BA3CF15-154F-4714-BD9D-299755514E03,No,NO APPARENT INJURY,N/A,NOT DISTRACTED,MD,5413C60A-A90D-4016-B775-09C32B4949CD,DISABLING,SEVEN OCLOCK,PASSENGER CAR,SLOWING OR STOPPING,South,40,No,No,2011,FORD,FIESTA,39.060125,-76.99802333,"(39.060125, -76.99802333)"
MCP2987000J,16014702,MONTGOMERY,Injury Crash,03/25/2016 02:38:00 PM,Maryland (State),UNIVERSITY BLVD E,E FRANKLIN AVE,,N/A,,STRAIGHT MOVEMENT ANGLE,CLEAR,DRY,DAYLIGHT,TRAFFIC SIGNAL,NONE DETECTED,,CB30337A-4090-4599-BCA3-321267EECEAC,Yes,NO APPARENT INJURY,N/A,LOOKED BUT DID NOT SEE,MD,62CCF0E9-C8D8-4B7D-80FA-5E3328125607,DISABLING,ONE OCLOCK,PASSENGER CAR,MAKING LEFT TURN,East,40,No,No,2009,CHEVROLET,MALIBU,39.01253333,-77.00267,"(39.01253333, -77.00267)"
MCP3322000G,220009751,Montgomery County Police,Injury Crash,03/07/2022 07:44:00 AM,County,HEWITT AVE,RIPPLING BROOK DR,,N/A,,SAME DIR REAR END,CLEAR,DRY,DAYLIGHT,N/A,NONE DETECTED,,457C80D7-6193-4D9C-9C32-BBC9C6FA678F,No,NO APPARENT INJURY,N/A,NOT DISTRACTED,MD,CBDCAEEA-30C0-49B0-ACB9-568885DD7EAF,SUPERFICIAL,SIX OCLOCK,PASSENGER CAR,STOPPED IN TRAFFIC LANE,West,25,No,No,2010,SUBA,TK,39.07980852,-77.06460217,"(39.07980852, -77.06460217)"
EJ78580069,210052890,Gaithersburg Police Depar,Injury Crash,12/28/2021 08:01:00 AM,County,MUDDY BRANCH RD,WEST SIDE DR,,GAITHERSBURG,,OTHER,CLOUDY,DRY,DAYLIGHT,NO CONTROLS,NONE DETECTED,,E7EA6BA0-71AA-4D67-8F0F-8020D0F179C0,Yes,NO APPARENT INJURY,N/A,UNKNOWN,OH,98AEBBA3-D6AB-499F-8771-5BA0BA9C6EDD,DISABLING,TWELVE OCLOCK,PASSENGER CAR,MAKING RIGHT TURN,North,10,No,No,2010,NISSAN,MURANO,39.12572522,-77.21187132,"(39.12572522, -77.21187132)"
MCP3027000M,17511935,Montgomery County Police,Injury Crash,06/05/2017 04:59:00 AM,Maryland (State),GEORGIA AVE,DENNIS AVE,,N/A,,SAME DIR REAR END,N/A,N/A,N/A,N/A,NONE DETECTED,,3BF2E39C-3162-4719-85A6-1EFA667EF7DA,Yes,NO APPARENT INJURY,N/A,UNKNOWN,MD,1B4CF885-F45E-456F-85C8-9D6BD87B82EA,DISABLING,TWELVE OCLOCK,PASSENGER CAR,SLOWING OR STOPPING,South,35,No,No,2001,HONDA,ACCORD,39.02544033,-77.04622597,"(39.02544033, -77.04622597)"
MCP30120080,210002993,Montgomery County Police,Property Damage Crash,01/24/2021 01:20:00 PM,Maryland (State),GEORGIA AVE,SPUR FR BEL PRE RD,,N/A,,SAME DIRECTION SIDESWIPE,CLEAR,DRY,DAYLIGHT,YIELD SIGN,NONE DETECTED,,0EBC4050-831E-4F97-B891-11FAFDD577B5,Yes,NO APPARENT INJURY,N/A,NOT DISTRACTED,MD,0BB995DA-E82A-4466-AE80-9036115DC2D3,FUNCTIONAL,NINE OCLOCK,PICKUP TRUCK,CHANGING LANES,South,35,No,No,2016,FORD,F250,39.09246922,-77.07986323,"(39.09246922, -77.07986323)"
MCP2260000X,15053047,MONTGOMERY,Property Damage Crash,10/19/2015 03:25:00 PM,County,SHADY GROVE RD,GAITHER RD,,ROCKVILLE,,SAME DIR REAR END,N/A,DRY,DAYLIGHT,TRAFFIC SIGNAL,N/A,,E41E0347-C777-48F6-96DA-886A364FA4E1,Yes,NO APPARENT INJURY,N/A,OTHER DISTRACTION,MA,19CC46E2-6332-4715-BAF2-5158D1C1A5B0,DISABLING,TWELVE OCLOCK,PASSENGER CAR,MOVING CONSTANT SPEED,West,25,No,No,2006,FORD,FOCU,39.11604667,-77.18439667,"(39.11604667, -77.18439667)"
MCP2305002H,220038314,Montgomery County Police,Property Damage Crash,09/04/2022 02:58:00 AM,Maryland (State),RIDGE RD,HOLSEY RD,,N/A,,SAME DIR REAR END,CLEAR,DRY,DARK LIGHTS ON,NO CONTROLS,NONE DETECTED,,282D83E8-4412-408D-9A11-3FAA1D6C7B3B,No,NO APPARENT INJURY,N/A,NOT DISTRACTED,MD,70CB9F7E-2A25-406B-A7A9-C04C1EBD9007,DISABLING,SIX OCLOCK,PASSENGER CAR,STOPPED IN TRAFFIC LANE,South,40,No,No,2020,KIA,FORTE,39.30902333,-77.19773667,"(39.30902333, -77.19773667)"
MCP913000H0,230060486,Montgomery County Police,Property Damage Crash,10/14/2023 01:29:00 PM,Maryland (State),UNIVERSITY BLVD E,LANGLEY DR,,N/A,,STRAIGHT MOVEMENT ANGLE,RAINING,WET,DAYLIGHT,NO CONTROLS,NONE DETECTED,,6D09E223-E5A7-46DC-BEEE-86CCC57DEDC7,Yes,NO APPARENT INJURY,N/A,NOT DISTRACTED,MD,4FADBFDD-A625-4805-8F4D-6794A42520E7,DISABLING,TWELVE OCLOCK,(SPORT) UTILITY VEHICLE,MAKING LEFT TURN,North,35,No,No,2016,NISSAN,ROGUE,39.00153676,-76.9957659,"(39.00153676, -76.9957659)"
MCP3262004R,240043436,MONTGOMERY,Property Damage Crash,09/12/2024 04:46:00 PM,Maryland (State) Route,GEORGIA AVE (SB/L),,,,,Front to Rear,Clear,Dry,Daylight,No Controls,"Unknown, Unknown",,72FDF7CE-76C9-4AE9-A5DE-997EED0F6DC0,Yes,,,,,43A7C976-5A99-40E7-AFF2-E4DF90247D91,Functional,Twelve O Clock,Passenger Car,Slowing or Stopping,Southbound,45,No,No,2015,HONDA,CIVIC,39.0785844,-77.072423,"(39.0785844, -77.072423)"
MCP3274000T,210024749,Montgomery County Police,Property Damage Crash,06/28/2021 10:52:00 AM,Interstate (State),CAPITAL BELTWAY,IS 270 SB/L,,N/A,,SAME DIRECTION SIDESWIPE,CLEAR,DRY,DAYLIGHT,N/A,NONE DETECTED,,EC9C4374-A88B-47B9-9287-6119F6DB1ED9,No,NO APPARENT INJURY,N/A,NOT DISTRACTED,MD,16CCBBFE-0AF2-46BB-BB73-E60364F2CC06,SUPERFICIAL,NINE OCLOCK,AMBULANCE/EMERGENCY,MOVING CONSTANT SPEED,North,55,No,No,2020,FRHT,TK,39.01196222,-77.14972129,"(39.01196222, -77.14972129)"
MCP3118002N,200007091,Montgomery County Police,Property Damage Crash,02/12/2020 09:15:00 AM,Maryland (State),MUNCASTER MILL RD,SYCAMORE LA,,N/A,,SAME DIR REAR END,UNKNOWN,UNKNOWN,DAYLIGHT,NO CONTROLS,UNKNOWN,,6E87B15F-F8D4-4ACE-851B-C06D90DB419A,Yes,NO APPARENT INJURY,N/A,UNKNOWN,,26F6EFAF-75B2-48E2-AC6F-6167DEB10C23,FUNCTIONAL,TWELVE OCLOCK,PASSENGER CAR,UNKNOWN,West,40,No,No,2012,HONDA,CIVIC,39.11290971,-77.09007037,"(39.11290971, -77.09007037)"
MCP27660026,16001802,Montgomery County Police,Injury Crash,01/10/2016 05:19:00 PM,County,ASPEN HILL RD,CONNECTICUT AVE,,N/A,,STRAIGHT MOVEMENT ANGLE,CLEAR,WET,DUSK,NO CONTROLS,NONE DETECTED,,DDE6685F-2CFE-4531-B7B1-931A35A760D9,Yes,NO APPARENT INJURY,"N/A, WET",LOOKED BUT DID NOT SEE,MD,8DFE31CD-1A50-4BB5-BDE2-8A5B45F73CFB,DISABLING,FOUR OCLOCK,(SPORT) UTILITY VEHICLE,MOVING CONSTANT SPEED,North,45,No,No,2013,JEEP,LATITUDE,39.08041,-77.08133333,"(39.08041, -77.08133333)"
MCP2592002Q,230017276,Montgomery County Police,Property Damage Crash,04/05/2023 02:43:00 PM,County,MONTGOMERY VILLAGE AVE,BRASSIE PL,,N/A,,SAME DIR REAR END,CLEAR,DRY,DAYLIGHT,N/A,NONE DETECTED,,2BCC1DF3-415B-4F70-AF8B-DCCDB29C9A30,No,NO APPARENT INJURY,N/A,NOT DISTRACTED,MD,F76942BB-1A13-42A5-8885-28C29F1C7A17,FUNCTIONAL,SIX OCLOCK,PASSENGER CAR,SLOWING OR STOPPING,North,30,No,No,2014,DODGE,SD,39.17772783,-77.2024505,"(39.17772783, -77.2024505)"
MCP1512001R,180064920,Montgomery County Police,Injury Crash,12/28/2018 04:10:00 PM,County,DIAMONDBACK DR,MUDDY BRANCH RD,,N/A,,STRAIGHT MOVEMENT ANGLE,RAINING,WET,DAYLIGHT,TRAFFIC SIGNAL,NONE DETECTED,,5A0DF480-A187-4D34-86AC-18CC4F7F66B9,Yes,NO APPARENT INJURY,N/A,NOT DISTRACTED,MD,E5ABCE61-77A1-4485-B4D6-DB2AC03D1F0D,DISABLING,ONE OCLOCK,PASSENGER CAR,STARTING FROM LANE,East,35,No,No,2017,SUBA,TK,39.115275,-77.215725,"(39.115275, -77.215725)"
MCP29480020,170550174,Montgomery County Police,Injury Crash,12/22/2017 03:10:00 PM,Maryland (State),UNIVERSITY BLVD W,GRANDVIEW AVE,,N/A,,SAME DIR REAR END,CLEAR,N/A,DAYLIGHT,TRAFFIC SIGNAL,NONE DETECTED,,C4146EA8-E3C4-4C07-B259-3E206763A4A2,No,NO APPARENT INJURY,N/A,NOT DISTRACTED,MD,0CA0EA2B-72BB-453E-A0DC-3854F51D8449,SUPERFICIAL,SIX OCLOCK,PASSENGER CAR,SLOWING OR STOPPING,East,40,No,No,2017,NISSAN,VERSA,39.040805,-77.05302333,"(39.040805, -77.05302333)"
MCP3285000P,210010946,Montgomery County Police,Property Damage Crash,03/23/2021 02:38:00 PM,Maryland (State),FREDERICK RD,SHAKESPEARE BLVD,,N/A,,HEAD ON LEFT TURN,CLEAR,DRY,DAYLIGHT,TRAFFIC SIGNAL,N/A,,11E416AD-AF4B-4F5D-AA72-981FE549C30B,No,NO APPARENT INJURY,N/A,NOT DISTRACTED,MD,ADBF256D-DC90-4ADE-BB25-F648B413ECF7,FUNCTIONAL,TWELVE OCLOCK,PASSENGER CAR,MOVING CONSTANT SPEED,North,45,No,No,2013,HYUN,4S,39.19837167,-77.24443167,"(39.19837167, -77.24443167)"
MCP229800GT,170547184,Montgomery County Police,Property Damage Crash,12/07/2017 03:07:00 PM,Maryland (State),RIDGE RD,SPUR TO MD 80,,N/A,,SAME DIR REAR END,CLEAR,DRY,DAYLIGHT,NO CONTROLS,NONE DETECTED,,45C8EC45-1F69-4572-84E9-7E6410D3AC8A,No,NO APPARENT INJURY,N/A,NOT DISTRACTED,ME,B13051B6-0FB0-4FF6-8D77-2A21250A695E,NO DAMAGE,SIX OCLOCK,"MEDIUM/HEAVY TRUCKS 3 AXLES (OVER 10,000LBS (4,536KG))",STOPPED IN TRAFFIC LANE,North,40,No,No,2000,FORD,TK,39.31183667,-77.198315,"(39.31183667, -77.198315)"
MCP29390047,190050557,Montgomery County Police,Property Damage Crash,10/21/2019 07:32:00 PM,Maryland (State),RIDGE RD,SNOWDEN FARM PKWY (PROP),,N/A,,SAME DIR REAR END,CLEAR,DRY,DARK LIGHTS ON,NO CONTROLS,NONE DETECTED,,92532086-250F-4BD0-8ACE-710DC6043FC2,No,NO APPARENT INJURY,N/A,NOT DISTRACTED,MD,54F4321F-3FF5-4130-95EE-F1C8753ED031,DISABLING,SIX OCLOCK,PASSENGER CAR,SLOWING OR STOPPING,North,40,No,No,2015,JEEP,SW,39.21673,-77.23867833,"(39.21673, -77.23867833)"
MCP23530090,210019011,Montgomery County Police,Injury Crash,05/20/2021 10:10:00 AM,Maryland (State),ROCKVILLE PIKE,TUCKERMAN LA,,N/A,,SAME DIR REAR END,CLOUDY,DRY,DAYLIGHT,NO CONTROLS,N/A,,48350235-A9BA-4C1A-8DB1-1568BCA11F05,Yes,NO APPARENT INJURY,N/A,NOT DISTRACTED,MD,D7844F26-045B-4CBD-86C7-C15575B3B624,FUNCTIONAL,SIX OCLOCK,VAN,STOPPED IN TRAFFIC LANE,North,40,No,No,2012,KIA,SEDONA,39.03187,-77.10595167,"(39.03187, -77.10595167)"
MCP2345000J,200009865,Montgomery County Police,Property Damage Crash,02/28/2020 05:30:00 AM,County,SHADY GROVE RD,BLACKWELL RD,,N/A,,SINGLE VEHICLE,CLEAR,DRY,DARK LIGHTS ON,NO CONTROLS,NONE DETECTED,,074B4B4C-1E4F-47D2-88DB-68326F6DF5C2,Yes,NO APPARENT INJURY,N/A,LOOKED BUT DID NOT SEE,MD,8192C108-477F-45D5-8581-06A6B01D70F0,DISABLING,UNDERSIDE,PASSENGER CAR,MAKING LEFT TURN,North,40,No,No,2005,AUDI,A4,39.1003336,-77.19216562,"(39.1003336, -77.19216562)"
DD55020037,170512728,Rockville Police Departme,Property Damage Crash,06/09/2017 04:21:00 PM,,,,BUS LOOP OF MARYVALE ELEMENTARY SCHOOL,,,SAME DIR REAR END,CLEAR,,DAYLIGHT,NO CONTROLS,NONE DETECTED,,964E53A4-7A7B-4D67-8A44-6AF1736AEFD6,Yes,NO APPARENT INJURY,N/A,NOT DISTRACTED,MD,95B9CEEE-12BB-4904-B110-42189750CBEF,NO DAMAGE,TWELVE OCLOCK,VAN,SLOWING OR STOPPING,South,5,No,No,2010,FORD,VN,39.09179,-77.13670167,"(39.09179, -77.13670167)"
MCP14360017,200006299,Montgomery County Police,Injury Crash,02/07/2020 10:57:00 AM,County,PARKLAWN DR,RANDOLPH RD,,N/A,,SAME DIR REAR END,RAINING,WET,DAYLIGHT,NO CONTROLS,NONE DETECTED,,0C7D475D-4B3F-4E41-A5D7-CD3E15A81D1F,Yes,POSSIBLE INJURY,"RAIN, SNOW, WET",NOT DISTRACTED,MD,006C4455-2FF1-4AFD-8F23-AB83F3C63FA5,SUPERFICIAL,TWELVE OCLOCK,PASSENGER CAR,SLOWING OR STOPPING,North,35,No,No,2019,FORD,F350,39.05322,-77.10743667,"(39.05322, -77.10743667)"
MCP2437002W,170534891,Montgomery County Police,Property Damage Crash,10/05/2017 11:53:00 AM,Maryland (State),GEORGIA AVE,GLENALLAN AVE,,N/A,,SAME DIR BOTH LEFT TURN,CLEAR,DRY,DAYLIGHT,TRAFFIC SIGNAL,NONE DETECTED,,5FFBC3E0-7EE0-4C92-8500-5866640A2155,Unknown,NO APPARENT INJURY,N/A,NOT DISTRACTED,MD,434D7172-656C-46D5-9142-EB3EA474A1D2,SUPERFICIAL,NINE OCLOCK,SCHOOL BUS,MAKING LEFT TURN,South,35,No,No,2008,THOMAS,BUS,39.06325667,-77.054465,"(39.06325667, -77.054465)"