Report Number,Local Case Number,Agency Name,ACRS Report Type,Crash Date/Time,Route Type,Road Name,Cross-Street Name,Off-Road Description,Municipality,Related Non-Motorist,Collision Type,Weather,Surface Condition,Light,Traffic Control,Driver Substance Abuse,Non-Motorist Substance Abuse,Person ID,Driver At Fault,Injury Severity,Circumstance,Driver Distracted By,Drivers License State,Vehicle ID,Vehicle Damage Extent,Vehicle First Impact Location,Vehicle Body Type,Vehicle Movement,Vehicle Going Dir,Speed Limit,Driverless Vehicle,Parked Vehicle,Vehicle Year,Vehicle Make,Vehicle Model,Latitude,Longitude,Location
DM8457000R,170533675,Takoma Park Police Depart,Injury Crash,09/28/2017 04:56:00 PM,Municipality,GRANT AVE #2,CHESTNUT AVE,,TAKOMA PARK,"BICYCLIST, PEDESTRIAN",SAME DIRECTION RIGHT TURN,CLEAR,DRY,DAYLIGHT,NO CONTROLS,NONE DETECTED,"N/A, NONE DETECTED",060D8A71-5CDF-4F47-9E67-0884190810CE,Unknown,NO APPARENT INJURY,N/A,LOOKED BUT DID NOT SEE,MD,2F3C1368-E18B-4EF1-B9FF-4FD784B84FD1,NO DAMAGE,NON-COLLISION,PASSENGER CAR,STARTING FROM LANE,West,15,No,No,2004,TOYOTA,PRIUS,38.98447403,-77.01421246,"(38.98447403, -77.01421246)"
MCP3199003Z,220029772,Montgomery County Police,Property Damage Crash,07/11/2022 02:52:00 PM,County,RANDOLPH RD,CONNECTICUT AVE,,N/A,,SAME DIRECTION SIDESWIPE,CLEAR,DRY,DAYLIGHT,TRAFFIC SIGNAL,UNKNOWN,,9A94922D-CB0C-4E34-9ED1-F872FF0D8281,Yes,NO APPARENT INJURY,N/A,UNKNOWN,,AEE68186-8985-41FF-84CD-03BF8C554CC6,UNKNOWN,UNKNOWN,UNKNOWN,MAKING LEFT TURN,West,35,No,No,0,UNKNOWN,UNKNOWN,39.0576,-77.073425,"(39.0576, -77.073425)"
MCP2059005F,180046434,Montgomery County Police,Property Damage Crash,09/17/2018 12:06:00 PM,County,PARKWOOD DR,PARKWOOD TERR,,N/A,,OPPOSITE DIRECTION SIDESWIPE,RAINING,WET,DAYLIGHT,NO CONTROLS,NONE DETECTED,,E530D710-7184-4B70-BEEB-446BEF5F3F5E,Yes,NO APPARENT INJURY,"N/A, WET",UNKNOWN,MD,0C45AF8A-973E-4015-B111-2F6903D48C8D,SUPERFICIAL,ONE OCLOCK,"CARGO VAN/LIGHT TRUCK 2 AXLES (OVER 10,000LBS (4,536 KG))",MOVING CONSTANT SPEED,North,25,No,No,2018,FREIGHTLINER,DELIVERY TRUCK,39.02301667,-77.09633,"(39.02301667, -77.09633)"
MCP31970034,220049157,Montgomery County Police,Property Damage Crash,11/07/2022 04:33:00 PM,,,,13533 GEORGIA AVENUE,,,SAME DIR REND RIGHT TURN,CLEAR,,DAYLIGHT,NO CONTROLS,UNKNOWN,,9C8289FA-CF34-48EE-A4CE-03264F2F0E56,Yes,NO APPARENT INJURY,N/A,UNKNOWN,,F8430DD5-F70C-4E02-8272-6C515B2CD7EE,UNKNOWN,SIX OCLOCK,VAN,BACKING,North,5,No,No,2021,DODGE RAM,VAN,39.08000963,-77.0619521,"(39.08000963, -77.0619521)"
MCP30850051,240041574,MONTGOMERY,Property Damage Crash,09/02/2024 03:45:00 PM,County Route,FRIENDSHIP BLVD,,,,,Other,Clear,Dry,Daylight,No Controls,"Not Suspect of Alcohol Use, Not Suspect of Drug Use",,3735D76D-194E-4559-A894-01652786B9D0,No,No Apparent Injury,Other Improper Action,Not Distracted,MD,4402D59B-52E5-4083-857F-D6362281ED65,Functional,Seven O Clock,Passenger Car,Making U-Turn,Eastbound,30,No,No,1996,TOYOTA,TACOMA,38.959635,-77.087805,"(38.959635, -77.087805)"
MCP9312000K,17010298,Montgomery County Police,Property Damage Crash,02/26/2017 03:12:00 AM,County,MONTGOMERY VILLAGE AVE,STEWARTOWN RD,,N/A,,SINGLE VEHICLE,CLEAR,DRY,DARK NO LIGHTS,NO CONTROLS,ALCOHOL PRESENT,,27BC34A2-0D38-4AEE-B4F9-C603A05D92F2,Yes,NO APPARENT INJURY,N/A,UNKNOWN,MD,D491006D-B356-4EF5-91F3-564779B28732,DESTROYED,TWELVE OCLOCK,(SPORT) UTILITY VEHICLE,MOVING CONSTANT SPEED,South,35,No,No,2007,TOYT,RAV4,39.17785333,-77.20236333,"(39.17785333, -77.20236333)"
MCP26370049,210036145,Montgomery County Police,Injury Crash,09/14/2021 08:36:00 AM,Maryland (State),DARNESTOWN RD,BERRYVILLE RD,,N/A,,HEAD ON LEFT TURN,CLEAR,DRY,DAYLIGHT,NO CONTROLS,NONE DETECTED,,535FB36C-9213-49A0-AA10-B24575EEC59D,Yes,POSSIBLE INJURY,N/A,NOT DISTRACTED,MD,47E7CB43-BDEC-4536-A40A-895699C704FF,DISABLING,ONE OCLOCK,PASSENGER CAR,MAKING LEFT TURN,West,35,No,No,2010,HOND,CR-V,39.11594,-77.31265667,"(39.11594, -77.31265667)"
MCP1378011X,220037414,Montgomery County Police,Injury Crash,08/30/2022 05:06:00 PM,Maryland (State),CONNECTICUT AVE,ENT TO ASPEN HILLS SHOPPING CTR,,N/A,,STRAIGHT MOVEMENT ANGLE,CLOUDY,DRY,DAYLIGHT,NO CONTROLS,NONE DETECTED,,DCE47DE9-5E3A-4434-85BD-C18C7A377063,Yes,NO APPARENT INJURY,N/A,NOT DISTRACTED,MD,C9BE832A-EF62-44E8-A969-B82BAC75BEC0,DISABLING,TWO OCLOCK,PASSENGER CAR,MAKING LEFT TURN,East,35,No,No,2019,NISSAN,ALTIMA,39.0780829,-77.0807511,"(39.0780829, -77.0807511)"
MCP3071000K,170536854,Montgomery County Police,Property Damage Crash,10/15/2017 08:35:00 PM,Interstate (State),EISENHOWER MEMORIAL HWY,EXIT #22,,N/A,,SAME DIR REAR END,CLEAR,DRY,DARK LIGHTS ON,NO CONTROLS,NONE DETECTED,,AAABC2C8-502E-425D-9BB0-5F903DBCF0BD,No,NO APPARENT INJURY,N/A,NOT DISTRACTED,MD,373DFF05-16FD-4554-83CC-6922E897944F,DISABLING,SIX OCLOCK,PASSENGER CAR,MOVING CONSTANT SPEED,South,65,No,No,2012,MARC,4S,39.27763667,-77.32555167,"(39.27763667, -77.32555167)"
MCP15630032,16060358,Montgomery County Police,Property Damage Crash,11/22/2016 07:00:00 PM,Interstate (State),CAPITAL BELTWAY,CONNECTICUT AVE,,N/A,,SAME DIR REAR END,CLEAR,DRY,DARK NO LIGHTS,NO CONTROLS,UNKNOWN,,C6BEBCA4-F9C7-4E32-99A5-8FFAB02AB60D,No,NO APPARENT INJURY,N/A,NOT DISTRACTED,MD,8C625AF6-BC1C-4266-880F-7A2D1AA60926,FUNCTIONAL,SIX OCLOCK,PASSENGER CAR,STOPPED IN TRAFFIC LANE,East,55,No,No,2016,NISSAN,MAXIMA,39.00614559,-77.08439112,"(39.00614559, -77.08439112)"
MCP3348001T,230070535,Montgomery County Police,Property Damage Crash,12/08/2023 07:20:00 AM,County,LONDON LA,HEATHFIELD RD,,N/A,,SAME DIRECTION SIDESWIPE,CLEAR,DRY,DAYLIGHT,N/A,UNKNOWN,,FB35E227-E478-4391-AEB2-96B85F6A07FB,Yes,NO APPARENT INJURY,N/A,UNKNOWN,,28666381-B867-4CA7-B092-DD3E747DF20B,FUNCTIONAL,ONE OCLOCK,PASSENGER CAR,MOVING CONSTANT SPEED,North,25,No,No,2008,FORD,ESCAPE,39.08777,-77.08046,"(39.08777, -77.08046)"
MCP2902003C,190025974,Montgomery County Police,Injury Crash,05/31/2019 02:02:00 PM,Maryland (State),FREDERICK RD,OXBRIDGE DR,,N/A,,SAME DIR REAR END,CLEAR,DRY,DAYLIGHT,NO CONTROLS,N/A,,97C6F60B-EEB3-4396-A35C-E2DEA7CF72EC,No,NO APPARENT INJURY,N/A,NOT DISTRACTED,MD,25876328-1A3D-40B9-A56A-8715E10384E1,FUNCTIONAL,SIX OCLOCK,PASSENGER CAR,MOVING CONSTANT SPEED,North,45,No,No,2014,HYUN,4S,39.19006,-77.24159667,"(39.19006, -77.24159667)"
MCP2806000K,15027331,Montgomery County Police,Property Damage Crash,06/05/2015 10:00:00 PM,Maryland (State),PINEY BRANCH RD,GREENWOOD AVE,,N/A,,OTHER,CLEAR,DRY,DARK LIGHTS ON,TRAFFIC SIGNAL,NONE DETECTED,,ECC0BAC1-E6BA-4317-A29E-6E07A02F5FD3,No,NO APPARENT INJURY,N/A,NOT DISTRACTED,MD,25F4D2AB-0CA2-4F3E-A71D-0B1B9A186CF8,FUNCTIONAL,TWELVE OCLOCK,PASSENGER CAR,STOPPED IN TRAFFIC LANE,North,35,No,No,2003,TOYOTA,CAMRY,38.99849,-77.00238,"(38.99849, -77.00238)"
MCP3380000L,240012961,MONTGOMERY,Injury Crash,03/18/2024 03:22:00 PM,County Route,QUEENSGUARD RD,LAYHILL RD,,,,Front to Rear,Clear,Dry,Daylight,No Controls,"Not Suspect of Alcohol Use, Not Suspect of Drug Use",,3BB0E086-C5E6-40F1-8453-01580D1ED13C,No,No Apparent Injury,,Not Distracted,MD,59821444-0FC0-4C55-9D0B-52A1ADDE9689,Functional,Six O Clock,Passenger Car,Slowing or Stopping,Northbound,35,No,,2024,TOYOTA,HIGHLANDER,39.08785839,-77.04426683,"(39.08785839, -77.04426683)"
MCP3337001V,230055912,Montgomery County Police,Injury Crash,09/20/2023 12:14:00 PM,Maryland (State),UNIVERSITY BLVD W,ARCOLA AVE,,N/A,,ANGLE MEETS RIGHT TURN,CLEAR,DRY,DAYLIGHT,TRAFFIC SIGNAL,NONE DETECTED,,2EC6E2E1-ABB1-46EC-91C8-23481EA69432,No,POSSIBLE INJURY,N/A,NOT DISTRACTED,MD,53679D37-81B7-4BCA-8DE1-BF2CE26385CB,DISABLING,ELEVEN OCLOCK,PASSENGER CAR,MOVING CONSTANT SPEED,South,35,No,No,2008,TOYOTA,RAV4,39.0357315,-77.02621083,"(39.0357315, -77.02621083)"
MCP3298000Y,210048046,Montgomery County Police,Property Damage Crash,11/26/2021 03:59:00 PM,Maryland (State),FREDERICK RD,TRAVIS AVE,,GAITHERSBURG,,SAME DIR REAR END,CLEAR,DRY,DAYLIGHT,TRAFFIC SIGNAL,NONE DETECTED,,5D3F4477-3C8F-44FC-83EE-D048B6547AD9,Yes,NO APPARENT INJURY,N/A,NOT DISTRACTED,MD,8D4BA016-4232-49B9-9B47-57D312C61CCA,FUNCTIONAL,SEVEN OCLOCK,PASSENGER CAR,MOVING CONSTANT SPEED,North,40,No,No,2012,BMW,TK,39.16094833,-77.22175833,"(39.16094833, -77.22175833)"
EJ7837007Q,240001449,GAITHERSBURG,Property Damage Crash,01/10/2024 07:00:00 AM,Municipality Route,,FREDERICK RD (SB/L),,,,"Sideswipe, Same Direction",Clear,Wet,Dawn,Traffic Control Signal,"Not Suspect of Alcohol Use, Not Suspect of Drug Use",,A8F68DB1-2E2F-4157-B1CB-B5349E6B62A8,No,No Apparent Injury,,Not Distracted,MD,114435EE-9707-48BC-8024-7D509D26304E,Superficial,Ten O Clock,Passenger Car,Moving Constant Speed,Westbound,30,No,No,2021,TOYOTA,CAMRY,39.15004516,-77.20922804,"(39.15004516, -77.20922804)"
MCP2291002N,180011833,Montgomery County Police,Injury Crash,03/08/2018 08:11:00 PM,Interstate (State),CAPITAL BELTWAY,GEORGIA AVE,,N/A,,SAME DIR REAR END,CLEAR,DRY,DARK NO LIGHTS,NO CONTROLS,NONE DETECTED,,8D8AE235-BA17-41B7-B946-4D7628F784EE,No,POSSIBLE INJURY,N/A,NOT DISTRACTED,MD,F0F0054E-8490-4133-B3D9-6F207BC838C2,FUNCTIONAL,SIX OCLOCK,PASSENGER CAR,MOVING CONSTANT SPEED,East,55,No,No,2006,TOYOTA,AVALON,39.01194167,-77.06338,"(39.01194167, -77.06338)"
MCP2917007C,200050756,Montgomery County Police,Property Damage Crash,12/25/2020 03:00:00 PM,Maryland (State),NORBECK RD,GEORGIA AVE,,N/A,,SAME DIR REAR END,CLEAR,DRY,DAYLIGHT,TRAFFIC SIGNAL,NONE DETECTED,,D7839699-3A59-4365-A083-C0078829D1E9,No,NO APPARENT INJURY,N/A,NOT DISTRACTED,MD,B52DF2CC-4B57-4C26-ACD9-C0B62DCACEA2,FUNCTIONAL,SEVEN OCLOCK,PASSENGER CAR,STOPPED IN TRAFFIC LANE,West,45,No,No,2014,HONDA,ACCORD,39.10948333,-77.07554333,"(39.10948333, -77.07554333)"
MCP3133001P,190054720,Montgomery County Police,Property Damage Crash,11/13/2019 01:13:00 PM,,,,BACK LOT OF FIREHOUSE RESCUE 2 LOCATED AT 2400 ARCOLA AVENUE.,,,OTHER,CLEAR,,DAYLIGHT,N/A,NONE DETECTED,,228DFA41-3D2B-495C-947D-2727346CFAB6,No,NO APPARENT INJURY,N/A,NOT DISTRACTED,MD,94464B4D-FA7B-4801-A536-E1418BB324C6,NO DAMAGE,SIX OCLOCK,PICKUP TRUCK,STARTING FROM PARKED,East,0,No,No,2013,CHEV,TRUCK,39.04659333,-77.05100167,"(39.04659333, -77.05100167)"
MCP1064005N,170503145,Montgomery County Police,Injury Crash,04/20/2017 02:18:00 PM,Maryland (State),GEORGIA AVE,COLESVILLE RD,,N/A,,SAME DIRECTION SIDESWIPE,N/A,DRY,DAYLIGHT,TRAFFIC SIGNAL,N/A,,6E35EBE1-5080-436C-B6B3-ABA6B31F15AC,No,NO APPARENT INJURY,N/A,NOT DISTRACTED,DC,55D6D824-C865-48A7-815F-468C1032677E,SUPERFICIAL,TEN OCLOCK,TRANSIT BUS,MOVING CONSTANT SPEED,South,30,No,No,2013,GILL,BUS,38.99596167,-77.02790333,"(38.99596167, -77.02790333)"
MCP271700FL,180001839,Montgomery County Police,Property Damage Crash,01/12/2018 12:04:00 PM,Maryland (State),ROCKVILLE PIKE,ALTA VISTA RD,,N/A,,ANGLE MEETS LEFT TURN,CLEAR,DRY,DAYLIGHT,TRAFFIC SIGNAL,NONE DETECTED,,E79686B9-849B-4CA0-A689-61348C123AB3,No,NO APPARENT INJURY,N/A,NOT DISTRACTED,MD,8C57D27D-8D99-4D05-AC61-497D4756A2AD,FUNCTIONAL,TWELVE OCLOCK,"OTHER LIGHT TRUCKS (10,000LBS (4,536KG) OR LESS)",MAKING LEFT TURN,West,25,No,No,2017,HINO,BOX TRUCK,39.01306567,-77.09865983,"(39.01306567, -77.09865983)"
MCP27130013,170545903,Montgomery County Police,Property Damage Crash,11/30/2017 11:37:00 PM,,,,"WHEATON METRO BUS TURNAROUND @ 11171 GEORGIA AVENUE. SILVER SPRING, MARYLAND 20902",,,SAME DIR REAR END,CLEAR,,DARK LIGHTS ON,NO CONTROLS,N/A,,DF7A7E81-C71C-48FD-ACAC-3D41262B3AE8,Yes,NO APPARENT INJURY,"N/A, WET",NOT DISTRACTED,MD,71E5E564-E887-4A5D-8695-68C43464EC7E,SUPERFICIAL,FIVE OCLOCK,POLICE VEHICLE/EMERGENCY,MOVING CONSTANT SPEED,North,25,No,No,2008,DODGE,CHARGER,39.037335,-77.05087667,"(39.037335, -77.05087667)"
MCP2962001B,170514026,Montgomery County Police,Property Damage Crash,06/16/2017 11:05:00 AM,County,OBSERVATION DR,RIDGE RD,,N/A,,SAME DIRECTION RIGHT TURN,CLOUDY,DRY,DAYLIGHT,TRAFFIC SIGNAL,NONE DETECTED,,E91071B9-FF28-48A1-A059-52F64ECBBAEB,No,NO APPARENT INJURY,N/A,NOT DISTRACTED,MD,E023DBED-5A8A-46B5-A5BC-0E4FC8CFD8C9,SUPERFICIAL,SEVEN OCLOCK,PASSENGER CAR,STOPPED IN TRAFFIC LANE,South,0,No,No,2007,BMW,328I,39.20195507,-77.2533381,"(39.20195507, -77.2533381)"
DD5602000P,170517519,Rockville Police Departme,Property Damage Crash,07/05/2017 08:53:00 PM,Municipality,FALLSGROVE DR,W MONTGOMERY AVE,,N/A,,HEAD ON LEFT TURN,RAINING,WET,DARK LIGHTS ON,TRAFFIC SIGNAL,NONE DETECTED,,653CC101-810A-428B-9FCA-E0FA25FDD452,Yes,NO APPARENT INJURY,"RAIN, SNOW, WET",LOOKED BUT DID NOT SEE,MD,E14293AD-5C56-467D-9A44-BA7CECC94CF9,FUNCTIONAL,ONE OCLOCK,PASSENGER CAR,MAKING LEFT TURN,West,40,No,No,1998,HONDA,CIVIC,39.099721,-77.1846275,"(39.099721, -77.1846275)"
MCP3026006J,210024033,Montgomery County Police,Injury Crash,06/23/2021 01:59:00 PM,Maryland (State),EAST WEST HWY,GLENDALE RD,,N/A,,STRAIGHT MOVEMENT ANGLE,CLEAR,N/A,DAYLIGHT,STOP SIGN,NONE DETECTED,,C64DF12C-2716-4FE1-B84D-AEBBB869389B,No,SUSPECTED MINOR INJURY,N/A,NOT DISTRACTED,DC,51091C3C-B2DE-497A-B533-F89929E20982,DISABLING,THREE OCLOCK,PASSENGER CAR,MOVING CONSTANT SPEED,West,35,No,No,2020,CHEVY,TRAVERSE,38.98761333,-77.07619167,"(38.98761333, -77.07619167)"
MCP2931005R,210052021,Montgomery County Police,Property Damage Crash,12/21/2021 12:50:00 PM,County,NEEDWOOD RD,GRANDE VISTA DR,,N/A,,SINGLE VEHICLE,N/A,DRY,DAYLIGHT,NO CONTROLS,NONE DETECTED,,145BB453-79CA-43B6-B43C-424A800504DB,Yes,NO APPARENT INJURY,N/A,SMOKING RELATED,MD,7D343D3A-F7A1-42C1-94F4-0F521034D07A,FUNCTIONAL,ONE OCLOCK,PASSENGER CAR,MOVING CONSTANT SPEED,West,30,No,No,2019,MINI,COOPER,39.12204333,-77.14417667,"(39.12204333, -77.14417667)"
MCP31480062,240015078,MONTGOMERY,Injury Crash,03/31/2024 06:36:00 PM,Maryland (State) Route,ROCKVILLE PIKE,BROAD BROOK DR,,,,"Sideswipe, Same Direction",Clear,Dry,Daylight,Stop Sign,"Not Suspect of Alcohol Use, Not Suspect of Drug Use",,7C966558-AB37-4D9F-9703-9ECFD3D97556,Yes,No Apparent Injury,Improper Turn,Unknown,MD,5CB2B0D3-40EE-4D22-A9B7-37364737436D,Disabling,One O Clock,Passenger Car,Turning Left,Eastbound,35,No,No,2016,ACURA,ILX,39.011935,-77.09793833,"(39.011935, -77.09793833)"
MCP31700039,230031932,Montgomery County Police,Injury Crash,07/04/2023 07:19:00 PM,Maryland (State),GERMANTOWN RD,MIDDLEBROOK RD,,N/A,,SAME DIR REAR END,CLEAR,DRY,DAYLIGHT,TRAFFIC SIGNAL,NONE DETECTED,,35800C0A-8ADD-400A-9401-A6EEA57E4E5E,Yes,NO APPARENT INJURY,N/A,LOOKED BUT DID NOT SEE,MD,DFDCC611-B69E-4F11-8A26-5C37B5E5C326,DISABLING,TWELVE OCLOCK,PASSENGER CAR,SLOWING OR STOPPING,South,40,No,No,2007,TOYOTA,PRIUS,39.17903333,-77.26729717,"(39.17903333, -77.26729717)"
MCP3148007Q,250012308,MONTGOMERY,Property Damage Crash,03/20/2025 06:28:00 PM,Maryland (State) Route,CONNECTICUT AVE,W WOODBINE ST,,,,"Sideswipe, Same Direction",Rain,Wet,Daylight,No Controls,"Not Suspect of Alcohol Use, Not Suspect of Drug Use",,B6D37E1B-71F3-42E4-A88C-56DA9A0CF12E,Yes,No Apparent Injury,,Unknown,MD,B4694F23-3A29-416F-AC1D-E8F6A77EE307,No Damage,Non-Collision,Pickup,Turning Right,Northbound,30,No,No,2021,CHEVROLET,SILVERADO,38.98460458,-77.07694877,"(38.98460458, -77.07694877)"
MCP2116003L,16004724,Montgomery County Police,Property Damage Crash,01/29/2016 10:53:00 AM,Maryland (State),RIVER RD,LAKE POTOMAC DR,,N/A,,HEAD ON LEFT TURN,CLEAR,DRY,DAYLIGHT,N/A,NONE DETECTED,,9942F536-C1C5-4882-95D8-E4EBCEC54BDA,Yes,NO APPARENT INJURY,N/A,LOOKED BUT DID NOT SEE,WV,9DE5B848-0360-4604-B21D-3D22863B7CC1,SUPERFICIAL,FOUR OCLOCK,TRUCK TRACTOR,MAKING LEFT TURN,West,40,No,No,2002,INTERN,TK,39.03994833,-77.25115667,"(39.03994833, -77.25115667)"
MCP22120016,15021887,Montgomery County Police,Injury Crash,05/08/2015 08:54:00 AM,County,LOCKWOOD DR,OAK LEAF DR,,N/A,,STRAIGHT MOVEMENT ANGLE,CLEAR,N/A,DAYLIGHT,NO CONTROLS,NONE DETECTED,,F2EF491D-C3B4-42F9-81AC-88FE3ADEBEF1,Yes,NO APPARENT INJURY,N/A,NOT DISTRACTED,MD,15EA178A-9057-4F96-ABB2-BF2C4518EE10,DISABLING,EIGHT OCLOCK,PASSENGER CAR,MOVING CONSTANT SPEED,East,30,No,No,2013,HYUN,ELANTRA,39.03893,-76.99206,"(39.03893, -76.99206)"
MCP31140030,230021378,Montgomery County Police,Property Damage Crash,05/04/2023 03:26:00 PM,County,DENNIS AVE,TENBROOK DR,,N/A,,SAME DIRECTION SIDESWIPE,CLEAR,DRY,DAYLIGHT,N/A,N/A,,E63B29F6-38A2-4A19-8A91-C9CF68319613,Yes,NO APPARENT INJURY,N/A,LOOKED BUT DID NOT SEE,MD,D6062933-B116-4C3B-A9F6-F4311CD86E2B,SUPERFICIAL,ELEVEN OCLOCK,PASSENGER CAR,STARTING FROM PARKED,East,25,No,No,2012,MAZD,HB,39.0237315,-77.02899383,"(39.0237315, -77.02899383)"
MCP3118001L,190003322,Montgomery County Police,Property Damage Crash,01/22/2019 07:57:00 AM,,,,UNIT 1 RAN INTO A TREE ON PRIVATE PROPERTY AT 309 DENNIS AVENUE.,,OTHER,SINGLE VEHICLE,CLEAR,,DAYLIGHT,N/A,NONE DETECTED,N/A,6C3F1B31-D2C2-4BD8-BAD5-E0FF48D08418,No,NO APPARENT INJURY,N/A,NOT DISTRACTED,LA,8FBEC306-7C7C-402B-992B-1496700B5E97,DISABLING,TWELVE OCLOCK,PASSENGER CAR,SKIDDING,West,25,No,No,2001,ACUR,4S,39.028095,-77.01497333,"(39.028095, -77.01497333)"
DD5620006P,210014724,Rockville Police Departme,Injury Crash,04/20/2021 01:30:00 PM,Maryland (State),VEIRS MILL RD,EDMONSTON DR,,ROCKVILLE,,STRAIGHT MOVEMENT ANGLE,CLEAR,DRY,DAYLIGHT,TRAFFIC SIGNAL,NONE DETECTED,,A28ADD41-4668-4E6A-959B-0F33CFEC354A,Yes,NO APPARENT INJURY,N/A,TALKING OR LISTENING TO CELLULAR PHONE,MD,0FEA71B1-63C3-4807-9915-2545A91948F8,SUPERFICIAL,ONE OCLOCK,PASSENGER CAR,ACCELERATING,East,25,No,No,2016,DODGE,CHARGER,39.07863105,-77.13041989,"(39.07863105, -77.13041989)"
MCP3308000X,220020236,Montgomery County Police,Injury Crash,05/12/2022 04:45:00 PM,County,SHADY GROVE RD,MIDCOUNTY HWY,,N/A,,SAME DIR REAR END,CLEAR,DRY,DAYLIGHT,TRAFFIC SIGNAL,NONE DETECTED,,D8A6E0DA-860C-4047-BF14-A19629CE1B85,No,NO APPARENT INJURY,N/A,NOT DISTRACTED,MD,00CA5CEC-D5FB-4E0A-9F03-242DAEE29319,FUNCTIONAL,SIX OCLOCK,TRANSIT BUS,STOPPED IN TRAFFIC LANE,North,45,No,No,2017,GILG,BUS,39.14120667,-77.15161833,"(39.14120667, -77.15161833)"
MCP3002000M,16021718,Montgomery County Police,Property Damage Crash,05/02/2016 10:03:00 PM,Maryland (State),WISCONSIN AVE,WAVERLY ST,,N/A,,ANGLE MEETS RIGHT TURN,RAINING,WET,DARK LIGHTS ON,TRAFFIC SIGNAL,NONE DETECTED,,933ED472-A89B-49C4-ABF6-07EC824A7A75,Yes,NO APPARENT INJURY,"RAIN, SNOW, WET",NOT DISTRACTED,MD,CDA54CE9-BC5D-4A8B-883D-E9EACBC888EC,DISABLING,TWELVE OCLOCK,PASSENGER CAR,RIGHT TURN ON RED,North,25,No,No,2000,FORD,EXPLORER,38.982815,-77.09322833,"(38.982815, -77.09322833)"
MCP3422000M,240046061,MONTGOMERY,Property Damage Crash,09/26/2024 08:00:00 PM,County Route,WOODSIDE PKWY,COLESVILLE RD,,,,"Sideswipe, Same Direction",Clear,Dry,Dark - Lighted,No Controls,"Not Suspect of Alcohol Use, Not Suspect of Drug Use",,831440D0-C889-4914-833F-5C1879CA0557,No,No Apparent Injury,,Not Distracted,MD,E40F6197-379C-4C75-94AE-F99A49EE3F3C,Superficial,One O Clock,Passenger Car,Moving Constant Speed,Northbound,35,No,No,2016,TOYOTA,SIENNA,39.00292179,-77.0243838,"(39.00292179, -77.0243838)"
MCP10220083,170537731,Montgomery County Police,Property Damage Crash,10/20/2017 09:25:00 AM,County,SCENERY DR,BRANDERMILL DR,,N/A,,STRAIGHT MOVEMENT ANGLE,CLEAR,DRY,DAYLIGHT,STOP SIGN,NONE DETECTED,,13DDC4D8-5EDA-4167-88DC-8542BE850A66,No,NO APPARENT INJURY,N/A,NOT DISTRACTED,MD,E0E32B06-6769-47D1-B988-6EBC7FF02F12,DISABLING,TWO OCLOCK,VAN,STARTING FROM LANE,North,30,No,No,2002,HONDA,VAN,39.19050833,-77.23405667,"(39.19050833, -77.23405667)"
MCP2791001M,15051966,MONTGOMERY,Property Damage Crash,10/13/2015 03:35:00 PM,County,DALE DR,PINEY BRANCH RD,,N/A,,OTHER,CLEAR,DRY,DAYLIGHT,TRAFFIC SIGNAL,NONE DETECTED,,916E8FBA-0291-4EC9-AFAD-7DDE8F002823,No,NO APPARENT INJURY,N/A,NOT DISTRACTED,MD,59E6D009-E2F9-47CF-8A9E-FB7F9BA5AAFD,SUPERFICIAL,ONE OCLOCK,PASSENGER CAR,STOPPED IN TRAFFIC LANE,East,30,No,No,2009,IC,MSDE-C-8,38.9936888,-77.00907469,"(38.9936888, -77.00907469)"
MCP2844001P,16048343,Montgomery County Police,Property Damage Crash,09/21/2016 02:49:00 PM,Maryland (State),GEORGIA AVE,DENNIS AVE,,N/A,,SAME DIRECTION RIGHT TURN,CLEAR,DRY,DAYLIGHT,TRAFFIC SIGNAL,NONE DETECTED,,F571EF9E-098A-4A9C-8401-59DDF355786D,Yes,NO APPARENT INJURY,N/A,OTHER DISTRACTION,MD,9B1AAB96-8832-47BB-8095-86391450BBB8,NO DAMAGE,TWO OCLOCK,SCHOOL BUS,SLOWING OR STOPPING,South,35,No,No,2015,FREIGHT,SCHOOL BUS,39.02528301,-77.04613075,"(39.02528301, -77.04613075)"
MCP2893002N,17001658,Montgomery County Police,Injury Crash,01/10/2017 04:24:00 PM,Maryland (State),FREDERICK RD,PLUMMER DR,,N/A,,SAME DIR REAR END,CLEAR,DRY,DAYLIGHT,NO CONTROLS,NONE DETECTED,,20A33052-4D91-43AE-A10F-9CAF173112E0,No,SUSPECTED MINOR INJURY,N/A,NOT DISTRACTED,MD,8765CD5B-A3B2-4FF8-81B5-C27A195507C2,DESTROYED,SIX OCLOCK,PASSENGER CAR,STOPPED IN TRAFFIC LANE,South,40,No,No,2013,HYUNDAI,4S,39.17067,-77.23548833,"(39.17067, -77.23548833)"
EJ7846001J,16042507,Gaithersburg Police Depar,Property Damage Crash,08/21/2016 08:38:00 PM,Municipality,DRISCOLL WAY,UPSHIRE CIR,,GAITHERSBURG,,SAME DIR REAR END,CLEAR,DRY,DARK LIGHTS ON,NO CONTROLS,UNKNOWN,,A1FCCEEE-B211-4759-9F06-CFD8FDBBE0DF,Yes,NO APPARENT INJURY,N/A,UNKNOWN,,091FFE88-0FC8-4E74-9FD8-69CC803C3447,FUNCTIONAL,TWO OCLOCK,PASSENGER CAR,ACCELERATING,South,25,No,No,1998,MITSUBISHI,MONTERO,39.15904833,-77.217155,"(39.15904833, -77.217155)"
MCP3143002B,200048219,Montgomery County Police,Property Damage Crash,12/07/2020 01:45:00 PM,Maryland (State),OLD GEORGETOWN RD,RAMP 5 FR MD 187 SB TO RAMP 4 (TO IS495),,N/A,,STRAIGHT MOVEMENT ANGLE,CLEAR,DRY,DAYLIGHT,TRAFFIC SIGNAL,NONE DETECTED,,01F9E4BE-EF56-4EEA-8C20-158B1F64D884,No,NO APPARENT INJURY,N/A,NOT DISTRACTED,MD,8F8FC7C1-7DE4-40E0-BCFD-02D529E3B6B2,DISABLING,ELEVEN OCLOCK,PASSENGER CAR,MOVING CONSTANT SPEED,South,45,No,No,2008,KIA,OPTIMA,39.01623667,-77.11966,"(39.01623667, -77.11966)"