Report Number,Local Case Number,Agency Name,ACRS Report Type,Crash Date/Time,Route Type,Road Name,Cross-Street Name,Off-Road Description,Municipality,Related Non-Motorist,Collision Type,Weather,Surface Condition,Light,Traffic Control,Driver Substance Abuse,Non-Motorist Substance Abuse,Person ID,Driver At Fault,Injury Severity,Circumstance,Driver Distracted By,Drivers License State,Vehicle ID,Vehicle Damage Extent,Vehicle First Impact Location,Vehicle Body Type,Vehicle Movement,Vehicle Going Dir,Speed Limit,Driverless Vehicle,Parked Vehicle,Vehicle Year,Vehicle Make,Vehicle Model,Latitude,Longitude,Location
MCP1465001Z,16005189,Montgomery County Police,Injury Crash,02/01/2016 08:45:00 AM,County,RIFFLE FORD RD,HALLMAN CT,,N/A,,SAME DIR REAR END,CLOUDY,WET,DAYLIGHT,NO CONTROLS,NONE DETECTED,,9A6920F7-63ED-411A-9378-EE5EB9AB7423,No,NO APPARENT INJURY,"VISION OBSTRUCTION (INCL. BLINDED BY SUN), WET",NOT DISTRACTED,MD,A3897D25-B2CF-44EA-8815-C28AD96D1720,SUPERFICIAL,SIX OCLOCK,(SPORT) UTILITY VEHICLE,STOPPED IN TRAFFIC LANE,South,30,No,No,2015,HONDA,PILOT,39.11866333,-77.26378333,"(39.11866333, -77.26378333)"
MCP3126004F,230026364,Montgomery County Police,Property Damage Crash,06/01/2023 06:00:00 PM,,EMERALD GREEN DRIVE,GALCIER LILY DR,,N/A,,STRAIGHT MOVEMENT ANGLE,CLEAR,DRY,DAYLIGHT,STOP SIGN,NONE DETECTED,,97E71FD8-8A8C-46E9-A62D-3C8B785BD3C3,Yes,NO APPARENT INJURY,N/A,NOT DISTRACTED,MD,177C34C8-B1F2-426F-8989-752637706066,DISABLING,TWELVE OCLOCK,PASSENGER CAR,MAKING LEFT TURN,West,30,No,No,2013,HONDA,CIVIC,39.22539583,-77.2429045,"(39.22539583, -77.2429045)"
MCP3432001W,250013168,MONTGOMERY,Injury Crash,03/26/2025 08:11:00 AM,Maryland (State) Route,CONNECTICUT AVE,RANDOLPH RD,,,,Angle,Clear,Dry,Daylight,Traffic Control Signal,"Not Suspect of Alcohol Use, Not Suspect of Drug Use",,EEEBEE39-E136-4BC5-9FB1-1E6EEF2EC3FE,No,No Apparent Injury,,Not Distracted,MD,9EFCE4B1-BD44-4208-9BA1-6F3D410AEF25,Superficial,Twelve O Clock,Passenger Car,Stopped in Traffic,,35,No,No,2014,TOYOTA,CAMRY,39.05710333,-77.0735445,"(39.05710333, -77.0735445)"
MCP3312001Y,220041235,Montgomery County Police,Property Damage Crash,09/22/2022 07:40:00 AM,Maryland (State),E RANDOLPH RD,OLD COLUMBIA PIKE,,N/A,,SAME DIR REAR END,CLEAR,DRY,DAYLIGHT,TRAFFIC SIGNAL,NONE DETECTED,,56502440-BE8D-4446-A608-6348C029925C,No,NO APPARENT INJURY,N/A,NOT DISTRACTED,MD,DA7182BD-42FC-4C9C-8F58-82EDBC21CA33,SUPERFICIAL,SIX OCLOCK,PASSENGER CAR,STOPPED IN TRAFFIC LANE,East,40,No,No,2022,TOYT,SD,39.06384333,-76.96535167,"(39.06384333, -76.96535167)"
DD5583004P,190000411,Rockville Police Departme,Property Damage Crash,01/03/2019 12:25:00 PM,Maryland (State),W MONTGOMERY AVE,DARNESTOWN RD,,N/A,,SAME DIRECTION LEFT TURN,CLEAR,DRY,DAYLIGHT,TRAFFIC SIGNAL,NONE DETECTED,,C49D12F5-7B39-494D-8A3B-A69C17CA8665,No,NO APPARENT INJURY,N/A,NOT DISTRACTED,MD,00313145-E01F-4B1D-8464-2ED361384F81,SUPERFICIAL,SIX OCLOCK,(SPORT) UTILITY VEHICLE,STOPPED IN TRAFFIC LANE,West,45,No,No,2016,BMW,SUV,39.0927225,-77.18239067,"(39.0927225, -77.18239067)"
MCP2361002M,230046471,Montgomery County Police,Property Damage Crash,07/27/2023 03:41:00 PM,Maryland (State),MONTGOMERY VILLAGE AVE,LOST KNIFE RD,,N/A,,STRAIGHT MOVEMENT ANGLE,CLEAR,DRY,DAYLIGHT,TRAFFIC SIGNAL,NONE DETECTED,,C78CA90F-4188-41F1-B737-6165311C6F5D,No,NO APPARENT INJURY,N/A,UNKNOWN,MD,05AB7DD3-1F60-4C71-AE7F-9D5B57DC904D,FUNCTIONAL,NINE OCLOCK,PASSENGER CAR,ACCELERATING,West,35,No,No,2007,LEXUS,4D,39.15813167,-77.20425333,"(39.15813167, -77.20425333)"
MCP29360069,240000645,MONTGOMERY,Property Damage Crash,01/04/2024 04:55:00 PM,Maryland (State) Route,,LANDY LA,,,,Front to Rear,Clear,Other,Daylight,No Controls,"Not Suspect of Alcohol Use, Not Suspect of Drug Use",,12278D30-C475-4045-A09F-D72D97051B5A,No,No Apparent Injury,"Followed Too Closely, Other Improper Action",Unknown,MD,28914DDE-C96E-4A44-8749-684BA116D0A5,Disabling,Twelve O Clock,Passenger Car,Slowing or Stopping,Westbound,35,No,No,2014,FORD,FUSION,38.96458112,-77.10338197,"(38.96458112, -77.10338197)"
MCP2938000Y,16033768,Montgomery County Police,Property Damage Crash,07/04/2016 02:26:00 AM,Maryland (State),CONNECTICUT AVE,SAUL RD,,N/A,,SAME DIRECTION SIDESWIPE,CLOUDY,N/A,DARK LIGHTS ON,FLASHING TRAFFIC SIGNAL,NONE DETECTED,,E44A6A8F-2A76-4AAD-8A9A-335E91F99E74,No,NO APPARENT INJURY,N/A,NOT DISTRACTED,MD,76DDE149-2DA1-480F-913D-15E0DCE823EE,FUNCTIONAL,FIVE OCLOCK,PASSENGER CAR,MOVING CONSTANT SPEED,South,35,No,No,1998,BMW,4DR,39.015735,-77.0788,"(39.015735, -77.0788)"
MCP3004000P,16035690,Montgomery County Police,Injury Crash,07/14/2016 04:13:00 PM,,,,"10224 RIVER ROAD POTOMAC, MD 
PARKING LOT OF THE SHOPPING CENTER",,,OTHER,CLEAR,,DAYLIGHT,N/A,NONE DETECTED,,F31D3613-451B-4668-A3B4-B48B74DD51E1,No,NO APPARENT INJURY,N/A,NOT DISTRACTED,MD,E76B47B3-8F92-4F98-8255-5E777023F486,SUPERFICIAL,FOUR OCLOCK,(SPORT) UTILITY VEHICLE,MAKING LEFT TURN,East,15,No,No,2015,JEEP,TK,39.0172498,-77.21071243,"(39.0172498, -77.21071243)"
MCP25490054,16044138,Montgomery County Police,Property Damage Crash,08/30/2016 08:14:00 AM,Maryland (State),RIVER RD,BEECH TREE RD,,N/A,,SAME DIRECTION SIDESWIPE,CLEAR,DRY,DAYLIGHT,TRAFFIC SIGNAL,NONE DETECTED,,B924F8BE-8235-490B-A6BC-32A16612CD8A,Yes,NO APPARENT INJURY,N/A,NOT DISTRACTED,MD,68E363EB-556A-4EE3-93AD-1DC015FE82E1,SUPERFICIAL,TWELVE OCLOCK,(SPORT) UTILITY VEHICLE,MAKING RIGHT TURN,West,45,No,No,2010,LINCOLN,MKT,38.98624833,-77.143575,"(38.98624833, -77.143575)"
MCP29910056,21006254,Montgomery County Police,Property Damage Crash,05/01/2021 01:15:00 PM,County,NORWOOD RD,EDNOR RD,,N/A,,SAME DIR REAR END,N/A,DRY,DAYLIGHT,NO CONTROLS,NONE DETECTED,,6DD83749-A888-4BAA-894A-778595D70134,No,NO APPARENT INJURY,N/A,NOT DISTRACTED,MD,69A0185F-2E9F-40AE-B2CD-6415EE8BE694,FUNCTIONAL,SIX OCLOCK,PASSENGER CAR,SLOWING OR STOPPING,East,30,No,No,2018,ACUR,UT,39.128633,-77.02866667,"(39.128633, -77.02866667)"
MCP28520014,17010405,Montgomery County Police,Property Damage Crash,02/26/2017 09:47:00 PM,County,WARFIELD RD,WOODFIELD RD,,N/A,,SINGLE VEHICLE,CLEAR,DRY,DARK NO LIGHTS,TRAFFIC SIGNAL,NONE DETECTED,,3C276836-541D-4A26-A8C4-E63C22C01D07,Yes,NO APPARENT INJURY,N/A,NOT DISTRACTED,MD,E76B6753-1F61-481C-A456-D5EDF1E2AC45,DISABLING,TWELVE OCLOCK,PASSENGER CAR,MOVING CONSTANT SPEED,North,35,No,No,2008,CADI,CTS,39.195145,-77.152945,"(39.195145, -77.152945)"
MCP30380042,190044401,Montgomery County Police,Injury Crash,09/16/2019 06:44:00 PM,Maryland (State),NEW HAMPSHIRE AVE,OAKVIEW DR,,N/A,,SAME DIR REAR END,CLEAR,DRY,DAYLIGHT,TRAFFIC SIGNAL,N/A,,EDE93162-9BDE-4E56-AA88-057A96B63879,Yes,NO APPARENT INJURY,N/A,LOOKED BUT DID NOT SEE,MD,963978DD-7237-41BB-920F-CEBB711DE48E,FUNCTIONAL,TWELVE OCLOCK,PASSENGER CAR,MOVING CONSTANT SPEED,South,45,No,No,2008,LEXUS,4D,39.01675,-76.97744167,"(39.01675, -76.97744167)"
MCP209400HS,210041754,Montgomery County Police,Injury Crash,10/18/2021 08:55:00 AM,Other Public Roadway,MONTROSE PKWY,E JEFFERSON ST,,N/A,,HEAD ON LEFT TURN,CLEAR,DRY,DAYLIGHT,TRAFFIC SIGNAL,NONE DETECTED,,6B3F5C08-EC8A-4952-9950-277F181E91A3,No,POSSIBLE INJURY,N/A,NOT DISTRACTED,MD,B4BF00A4-97B5-4E66-A5E7-92EF26032DC8,DISABLING,TWELVE OCLOCK,PASSENGER CAR,MOVING CONSTANT SPEED,East,40,No,No,2008,TOYOTA,CELARIS,39.05087,-77.12613167,"(39.05087, -77.12613167)"
MCP204600CT,210034435,Montgomery County Police,Injury Crash,09/02/2021 03:11:00 PM,Maryland (State),NEW HAMPSHIRE AVE,RAMP 2 FR RP 7 (FR MD200 WB) TO MD650 NB,,N/A,,SAME DIR REAR END,CLEAR,DRY,DAYLIGHT,NO CONTROLS,N/A,,81A7E4B6-0F17-4C64-90AF-F023FE520198,Yes,NO APPARENT INJURY,N/A,UNKNOWN,NJ,1FFE99DB-0794-440A-BCB0-454276FEDDCB,FUNCTIONAL,TWELVE OCLOCK,PASSENGER CAR,MOVING CONSTANT SPEED,North,40,No,No,2006,MITZ,GALANT,39.090113,-76.99975,"(39.090113, -76.99975)"
MCP2594000X,15025476,Montgomery County Police,Property Damage Crash,05/27/2015 10:31:00 AM,Maryland (State),GEORGIA AVE,PRINCE PHILIP DR,,N/A,,SAME DIR REAR END,CLEAR,DRY,DUSK,TRAFFIC SIGNAL,NONE DETECTED,,1A6014D9-618A-45F6-8DAB-128BE92B50FF,No,NO APPARENT INJURY,N/A,NOT DISTRACTED,MD,651049A7-3913-46D2-AF1D-9FFEE76F5DF9,FUNCTIONAL,SIX OCLOCK,PICKUP TRUCK,STOPPED IN TRAFFIC LANE,North,40,No,No,2008,FORD,F150,39.14215,-77.067475,"(39.14215, -77.067475)"
MCP26170084,190053076,Montgomery County Police,Property Damage Crash,11/04/2019 11:00:00 AM,Maryland (State),GEORGIA AVE,CONNECTICUT AVE,,N/A,,OTHER,CLEAR,DRY,DAYLIGHT,NO CONTROLS,NONE DETECTED,,383EE99F-551C-4D66-BB51-FDB7324A96A9,No,NO APPARENT INJURY,N/A,NOT DISTRACTED,MD,2C3F8695-631C-4818-9F73-0271A26B63C9,SUPERFICIAL,TEN OCLOCK,TRANSIT BUS,SLOWING OR STOPPING,South,40,No,No,2019,THOMPSON,BUS,39.08407833,-77.07822833,"(39.08407833, -77.07822833)"
MCP30630048,230033523,Montgomery County Police,Property Damage Crash,07/14/2023 09:53:00 AM,Maryland (State),COLESVILLE RD,GEORGIA AVE,,N/A,OTHER,N/A,CLEAR,DRY,DAYLIGHT,TRAFFIC SIGNAL,UNKNOWN,NONE DETECTED,BB40C9A2-64DC-426A-A6CE-8169FFB19D7C,Yes,NO APPARENT INJURY,N/A,UNKNOWN,MD,823B95F6-CEF1-40F3-8B03-D0FF2C832EED,UNKNOWN,UNKNOWN,PASSENGER CAR,MAKING RIGHT TURN,South,35,No,No,2008,TOYOTA,CAMRY,38.99628671,-77.02810809,"(38.99628671, -77.02810809)"
DD5538001M,16033120,Rockville Police Departme,Injury Crash,06/30/2016 02:07:00 PM,Municipality,HALPINE RD,ROCKVILLE PIKE,,N/A,,HEAD ON LEFT TURN,CLEAR,DRY,DAYLIGHT,TRAFFIC SIGNAL,NONE DETECTED,,20C8B926-E7E2-47D1-8324-DD70863DA3B5,Yes,SUSPECTED MINOR INJURY,N/A,LOOKED BUT DID NOT SEE,MD,D4C48B39-946B-4828-B6FF-A6B24577C0DD,DISABLING,TWO OCLOCK,PASSENGER CAR,MAKING LEFT TURN,West,25,No,No,2005,HONDA,ACCORD 4D,39.06081167,-77.12574167,"(39.06081167, -77.12574167)"
MCP31170017,180056138,Montgomery County Police,Property Damage Crash,11/08/2018 05:15:00 PM,County,REDLAND RD,GRANDE VISTA DR,,N/A,,SAME DIR REAR END,CLEAR,DRY,DARK LIGHTS ON,N/A,N/A,,5B5A5D3A-E5F7-413B-B7B1-3BBC29D6CED3,No,NO APPARENT INJURY,N/A,NOT DISTRACTED,MD,CC6D6547-F3C7-4962-8A29-629B4D0BFFC9,SUPERFICIAL,SIX OCLOCK,PASSENGER CAR,SLOWING OR STOPPING,East,35,No,No,2014,HYUNDAI,GENESIS,39.12722,-77.14976833,"(39.12722, -77.14976833)"
DD5508005D,190055096,Rockville Police Departme,Property Damage Crash,11/15/2019 11:19:00 AM,Municipality,MT VERNON PL,FLEET ST,,ROCKVILLE,,SAME DIRECTION SIDESWIPE,CLEAR,DRY,DAYLIGHT,N/A,NONE DETECTED,,D900049F-3CBB-4EBA-9F11-572877DF51C1,Yes,NO APPARENT INJURY,N/A,LOOKED BUT DID NOT SEE,MD,C82D1E1F-C888-4868-9793-22404007B25F,SUPERFICIAL,ELEVEN OCLOCK,PASSENGER CAR,CHANGING LANES,North,25,No,No,2005,TOYT,VN,39.07760333,-77.14318333,"(39.07760333, -77.14318333)"
EJ7836001L,180044081,Gaithersburg Police Depar,Property Damage Crash,09/04/2018 10:13:00 AM,,,,PARKING LOT AT 880 RUSSELL AVE (COSTCO),,,OTHER,CLEAR,,DAYLIGHT,NO CONTROLS,NONE DETECTED,,54BCAD88-8C7B-49AB-AF04-8E120BC4A842,Yes,NO APPARENT INJURY,N/A,NOT DISTRACTED,PA,E820BDE3-1DD5-437D-ACAF-01100138FE2C,SUPERFICIAL,ONE OCLOCK,"MEDIUM/HEAVY TRUCKS 3 AXLES (OVER 10,000LBS (4,536KG))",BACKING,Unknown,5,No,No,2013,INFI,TRUCK,39.15514333,-77.214065,"(39.15514333, -77.214065)"
MCP26940015,15008795,Montgomery County Police,Property Damage Crash,02/23/2015 06:25:00 PM,Maryland (State),ROCKVILLE PIKE,ENT TO WHITE FLINT MALL,,N/A,,SAME DIRECTION SIDESWIPE,CLEAR,DRY,DARK LIGHTS ON,NO CONTROLS,NONE DETECTED,,980BD6BA-663B-4B59-8E9A-F0806E56094C,Yes,NO APPARENT INJURY,N/A,NOT DISTRACTED,US,3BDD3E3D-9EA2-4B7F-86D6-8517CB35DD39,SUPERFICIAL,ELEVEN OCLOCK,(SPORT) UTILITY VEHICLE,MOVING CONSTANT SPEED,North,40,No,No,2014,VOLKSWAGON,TOURING,39.04251167,-77.11066167,"(39.04251167, -77.11066167)"
DD5636004G,210048944,Rockville Police Departme,Property Damage Crash,12/02/2021 03:20:00 PM,Maryland (State),ROCKVILLE PIKE,FIRST ST,,N/A,,OTHER,CLEAR,DRY,DAYLIGHT,NO CONTROLS,NONE DETECTED,,A2944549-CF0F-4B6F-8F9F-2C91952B639F,No,NO APPARENT INJURY,N/A,NOT DISTRACTED,MD,9D772EC8-6A32-4876-8050-10A11FCBF339,SUPERFICIAL,ONE OCLOCK,PASSENGER CAR,SLOWING OR STOPPING,North,35,No,No,2019,NISSAN,SD,39.07623581,-77.13810059,"(39.07623581, -77.13810059)"
MCP3335001G,230003844,Montgomery County Police,Property Damage Crash,01/24/2023 08:00:00 AM,County,AVENEL RD,DILSTON RD,,N/A,,SAME DIRECTION SIDESWIPE,CLEAR,DRY,DAYLIGHT,NO CONTROLS,NONE DETECTED,,B44D04B1-F047-4A20-B88F-F0AFF46FDDC9,Yes,NO APPARENT INJURY,N/A,INATTENTIVE OR LOST IN THOUGHT,MD,08FF45E2-3ADA-4890-8537-A743A289950B,SUPERFICIAL,TWO OCLOCK,POLICE VEHICLE/NON EMERGENCY,MOVING CONSTANT SPEED,South,25,No,No,2013,FORD,EXPLORER,39.01100283,-76.98003633,"(39.01100283, -76.98003633)"
MCP2651004D,210020070,Montgomery County Police,Property Damage Crash,05/27/2021 12:45:00 PM,US (State),COLUMBIA PIKE,LOCKWOOD DR,,N/A,,OTHER,CLEAR,DRY,DAYLIGHT,N/A,N/A,,CDD2D2F3-A48B-4D85-87C7-7629A3EF1383,Yes,NO APPARENT INJURY,N/A,UNKNOWN,,03522A36-ED94-4347-A74A-35F6CFCB6D48,UNKNOWN,UNKNOWN,PASSENGER CAR,BACKING,East,0,No,No,2010,BMW,3 SERIES,39.03315882,-77.00298817,"(39.03315882, -77.00298817)"
MCP2939006S,230013951,Montgomery County Police,Injury Crash,03/22/2023 06:48:00 PM,Maryland (State),FREDERICK RD,CIDER PRESS PL,,N/A,,SAME DIR REAR END,CLEAR,DRY,DAYLIGHT,N/A,N/A,,690429C6-AD98-45FE-858F-12E6D996AA24,Unknown,SUSPECTED SERIOUS INJURY,N/A,UNKNOWN,MD,B95274A8-473D-4431-89EC-47D66BCDBFF5,DESTROYED,TWELVE OCLOCK,MOTORCYCLE,ACCELERATING,South,40,No,No,2006,YAMAHA,R6,39.18625167,-77.23999333,"(39.18625167, -77.23999333)"
MCP2756001Y,170542395,Montgomery County Police,Property Damage Crash,11/12/2017 03:22:00 PM,Maryland (State),VEIRS MILL RD,GEORGIA AVE,,N/A,,SAME DIR REAR END,CLOUDY,DRY,DAYLIGHT,TRAFFIC SIGNAL,NONE DETECTED,,18948BEB-BAD4-432F-B5B6-5BF36237328B,No,NO APPARENT INJURY,N/A,NOT DISTRACTED,MD,39373365-C1A4-46C2-A01C-68E5841B8823,FUNCTIONAL,SIX OCLOCK,PASSENGER CAR,SLOWING OR STOPPING,East,35,No,No,2010,NISSAN,ALTIMA,39.03682667,-77.05106167,"(39.03682667, -77.05106167)"
MCP0487002L,180035710,Montgomery County Police,Injury Crash,07/19/2018 09:37:00 AM,,,,PARKING LOT OF 18905 BONONZA WAY,,PEDESTRIAN,SINGLE VEHICLE,CLEAR,,DAYLIGHT,NO CONTROLS,NONE DETECTED,NONE DETECTED,A26AFE48-606B-496E-AF38-B9977E5861BD,Yes,NO APPARENT INJURY,N/A,LOOKED BUT DID NOT SEE,MD,A3580ADD-5FEB-4E7A-BA51-B4688017D3D5,NO DAMAGE,SIX OCLOCK,VAN,BACKING,Unknown,0,No,No,2012,CHEVY,VAN,39.16664,-77.17042,"(39.16664, -77.17042)"
MCP3122001K,180046127,Montgomery County Police,Property Damage Crash,09/15/2018 02:00:00 PM,Maryland (State),GEORGIA AVE,ARCOLA AVE,,N/A,,SAME DIRECTION SIDESWIPE,CLEAR,DRY,DAYLIGHT,TRAFFIC SIGNAL,NONE DETECTED,,3D7B90B9-35FF-4F9E-8B71-0C91E07D89A6,No,NO APPARENT INJURY,N/A,NOT DISTRACTED,MD,6717A10B-C1C8-45B1-99A0-E04D9BE6557F,FUNCTIONAL,TWO OCLOCK,PASSENGER CAR,MOVING CONSTANT SPEED,South,35,No,No,2017,TOYOTA,COROLLA,39.04687,-77.05046,"(39.04687, -77.05046)"
MCP3068000F,170533903,Montgomery County Police,Injury Crash,09/29/2017 06:23:00 PM,Maryland (State),BRADLEY BLVD,FAIRFAX RD,,N/A,PEDESTRIAN,N/A,CLEAR,DRY,DUSK,TRAFFIC SIGNAL,N/A,N/A,B76E03DF-30E8-4B36-BA36-9C601C033530,No,NO APPARENT INJURY,N/A,NOT DISTRACTED,MD,183C0410-6203-496E-BE77-2472E8613167,SUPERFICIAL,TWELVE OCLOCK,PASSENGER CAR,SLOWING OR STOPPING,North,35,No,No,1999,VOLVO,S70,38.97778527,-77.10072041,"(38.97778527, -77.10072041)"
DM8266000H,170523641,Takoma Park Police Depart,Property Damage Crash,08/08/2017 01:09:00 PM,,,,PARKING LOT,,,SINGLE VEHICLE,CLEAR,,DAYLIGHT,NO CONTROLS,NONE DETECTED,,DDEFD1EB-1788-44C5-8F56-86C4382457CD,Yes,NO APPARENT INJURY,N/A,NOT DISTRACTED,MD,9C80CD25-44AF-4D89-A6D0-90230CA44F1A,N/A,ROOF TOP,STATION WAGON,OTHER,South,25,No,No,2014,CHEV,TK,38.98157883,-77.0099105,"(38.98157883, -77.0099105)"
MCP3330000P,220051790,Montgomery County Police,Injury Crash,11/23/2022 10:30:00 AM,,DARNESTOWN RD,SIDE STREET COMING OUT OF 10500 DARNESTOWN RD,,N/A,OTHER CONVEYANCE,STRAIGHT MOVEMENT ANGLE,CLEAR,DRY,DAYLIGHT,NO CONTROLS,UNKNOWN,N/A,D71F7391-1D85-4BBD-B447-917A48D6A80C,Yes,NO APPARENT INJURY,N/A,UNKNOWN,,28952D42-CC10-42E4-835C-671F354195B5,UNKNOWN,UNKNOWN,,UNKNOWN,North,25,No,No,0,UNKNOWN,UNKNOWN,39.10139533,-77.217295,"(39.10139533, -77.217295)"
EJ78930028,230018695,Gaithersburg Police Depar,Property Damage Crash,04/19/2023 12:58:00 PM,County,GOSHEN RD,ODENDHAL AVE,,GAITHERSBURG,,SAME DIR REAR END,CLEAR,DRY,DAYLIGHT,TRAFFIC SIGNAL,NONE DETECTED,,EEDD7B36-ED22-4E99-91C6-430F5D53ED0D,No,NO APPARENT INJURY,N/A,NOT DISTRACTED,MD,ABEC37A2-259D-44E9-BEAE-E80F6FD2A66B,SUPERFICIAL,SIX OCLOCK,PASSENGER CAR,STARTING FROM LANE,North,35,No,No,2022,TOYT,SD,39.15180288,-77.19238837,"(39.15180288, -77.19238837)"
MCP2695000N,16028777,Montgomery County Police,Injury Crash,06/08/2016 01:50:00 PM,County,CHERRY HILL RD,GRACEFIELD RD,,N/A,,SAME DIR REAR END,N/A,DRY,DAYLIGHT,N/A,N/A,,F59196DB-72CE-42FD-9A6C-BFDE0B2E7847,No,SUSPECTED MINOR INJURY,N/A,NOT DISTRACTED,MD,E99FCCDE-E39A-4D08-9C44-E848EB900E74,FUNCTIONAL,SIX OCLOCK,(SPORT) UTILITY VEHICLE,SLOWING OR STOPPING,North,35,No,No,2006,TOYT,RAV4,39.04870538,-76.95234194,"(39.04870538, -76.95234194)"
MCP28850015,15034746,MONTGOMERY,Injury Crash,07/15/2015 11:17:00 AM,County,RANDOLPH RD,BUSHEY DR,,N/A,,SAME DIRECTION SIDESWIPE,CLOUDY,DRY,DAYLIGHT,NO CONTROLS,NONE DETECTED,,DBE86846-8003-44B3-8CF5-103B453D5285,Yes,NO APPARENT INJURY,N/A,NOT DISTRACTED,MD,E1B4C1B9-A7D5-40E1-9E76-BD42992AFD64,DISABLING,ELEVEN OCLOCK,PASSENGER CAR,MOVING CONSTANT SPEED,West,35,No,No,2008,PONT,4S,39.05761,-77.0778,"(39.05761, -77.0778)"
MCP137800W0,200050166,Montgomery County Police,Property Damage Crash,12/21/2020 01:36:00 PM,Maryland (State),S FREDERICK RD,N WESTLAND DR,,N/A,,SAME DIRECTION RIGHT TURN,CLOUDY,DRY,DAYLIGHT,NO CONTROLS,NONE DETECTED,,490B9918-4B89-4177-9EE0-7146412F96C0,Yes,NO APPARENT INJURY,N/A,NOT DISTRACTED,MD,BB65FB27-9946-4178-B373-38343A0B3D4C,FUNCTIONAL,FIVE OCLOCK,(SPORT) UTILITY VEHICLE,MAKING RIGHT TURN,East,35,No,No,2020,KIA,SOUL,39.12682188,-77.18384751,"(39.12682188, -77.18384751)"
MCP31900048,220048218,Montgomery County Police,Injury Crash,11/02/2022 01:50:00 PM,Maryland (State),GEORGIA AVE,OLD BALTIMORE RD,,N/A,,SAME DIR REAR END,CLEAR,DRY,DAYLIGHT,N/A,NONE DETECTED,,49FDCF08-E205-42D9-937B-17BE0F09629C,No,NO APPARENT INJURY,N/A,NOT DISTRACTED,MD,9ACAEED7-FF43-46F2-8CD1-2228C6EA0A26,FUNCTIONAL,SIX OCLOCK,PASSENGER CAR,STARTING FROM LANE,North,45,No,No,2016,MERCEDES-BENZ,C300,39.13560333,-77.06934,"(39.13560333, -77.06934)"
MCP1505000B,15001084,Montgomery County Police,Property Damage Crash,01/07/2015 03:33:00 PM,County,SHADY GROVE RD,RAMP 5 FR MD200A SB TO SHADY GROVE RD EB,,N/A,,SAME DIRECTION SIDESWIPE,SEVERE WINDS,DRY,DAYLIGHT,NO CONTROLS,N/A,,ABCD4102-C62F-4B6E-8C33-6B4FC18C7A48,Yes,NO APPARENT INJURY,N/A,NOT DISTRACTED,MD,26FE3A61-E6FE-44EE-BE00-564D062707B6,SUPERFICIAL,FIVE OCLOCK,SCHOOL BUS,CHANGING LANES,North,35,No,No,2006,INTERNATIONAL,SCHOOL BUS,39.138229,-77.153466,"(39.138229, -77.153466)"
MCP31330011,190017576,Montgomery County Police,Property Damage Crash,04/15/2019 11:07:00 AM,County,RANDOLPH RD,LIVINGSTON ST,,N/A,,SAME DIR REAR END,CLEAR,DRY,DAYLIGHT,NO CONTROLS,NONE DETECTED,,ECAE5598-11E2-4603-8D85-3751FAB644AD,No,NO APPARENT INJURY,N/A,NOT DISTRACTED,MD,CB0853B1-219C-4F1D-A3A5-159AB588B328,DISABLING,SIX OCLOCK,PASSENGER CAR,SLOWING OR STOPPING,East,35,No,No,2013,BUIC,SW,39.05919667,-77.05862833,"(39.05919667, -77.05862833)"
MCP13420020,180017372,Montgomery County Police,Injury Crash,04/10/2018 09:15:00 AM,Maryland (State),DARNESTOWN RD,MUDDY BRANCH RD,,N/A,,ANGLE MEETS LEFT TURN,CLEAR,DRY,DAYLIGHT,TRAFFIC SIGNAL,NONE DETECTED,,2FD6FCBA-28D2-42B0-A8D3-920C94DA4A38,No,POSSIBLE INJURY,N/A,NOT DISTRACTED,MD,E0BA9F05-A002-4F66-91BB-0F6E3989A585,DISABLING,EIGHT OCLOCK,PASSENGER CAR,MAKING LEFT TURN,South,40,No,No,2011,MERZ,SUV,39.10240667,-77.22026667,"(39.10240667, -77.22026667)"
MCP2919001M,16028311,Montgomery County Police,Injury Crash,06/06/2016 11:45:00 AM,Maryland (State),GEORGIA AVE,BALLARD ST,,N/A,,SAME DIR REAR END,CLEAR,DRY,DAYLIGHT,N/A,NONE DETECTED,,5667494F-D1E6-48B7-ACD4-29DC89EA059C,Yes,NO APPARENT INJURY,N/A,NOT DISTRACTED,VA,DEF8D50B-67AD-459B-8258-1D3CA97D7C24,DISABLING,TWELVE OCLOCK,PASSENGER CAR,MOVING CONSTANT SPEED,North,35,No,No,1995,MERCEDES,220,39.00073833,-77.03314333,"(39.00073833, -77.03314333)"
MCP29160019,16016059,Montgomery County Police,Injury Crash,04/02/2016 06:57:00 AM,County,CHERRY HILL RD,CALVERTON BLVD,,N/A,,SAME DIR REAR END,RAINING,WET,DAWN,NO CONTROLS,NONE DETECTED,,0CBA627C-CDB5-4B44-A58B-EA96F5DD3D3A,Yes,NO APPARENT INJURY,"N/A, WET",UNKNOWN,MD,2811F522-D401-4032-9F27-CA15FBADF761,FUNCTIONAL,TWELVE OCLOCK,PASSENGER CAR,MOVING CONSTANT SPEED,North,35,No,No,1994,TOYOTA,COROLLA,39.05777953,-76.95508182,"(39.05777953, -76.95508182)"