Report Number,Local Case Number,Agency Name,ACRS Report Type,Crash Date/Time,Route Type,Road Name,Cross-Street Name,Off-Road Description,Municipality,Related Non-Motorist,Collision Type,Weather,Surface Condition,Light,Traffic Control,Driver Substance Abuse,Non-Motorist Substance Abuse,Person ID,Driver At Fault,Injury Severity,Circumstance,Driver Distracted By,Drivers License State,Vehicle ID,Vehicle Damage Extent,Vehicle First Impact Location,Vehicle Body Type,Vehicle Movement,Vehicle Going Dir,Speed Limit,Driverless Vehicle,Parked Vehicle,Vehicle Year,Vehicle Make,Vehicle Model,Latitude,Longitude,Location
MCP3093002R,200007734,Montgomery County Police,Property Damage Crash,02/15/2020 07:39:00 PM,Maryland (State),EAST WEST HWY,WASHINGTON AVE,,N/A,,SAME DIR REAR END,N/A,DRY,DARK LIGHTS ON,N/A,N/A,,F24F47EE-64C9-4453-9438-418F7C359214,Yes,NO APPARENT INJURY,N/A,UNKNOWN,MD,052F6D86-5B18-473A-9650-4F5136108D19,FUNCTIONAL,TWELVE OCLOCK,(SPORT) UTILITY VEHICLE,CHANGING LANES,East,35,No,No,2008,DODGE,CALIBER,38.99484167,-77.04508,"(38.99484167, -77.04508)"
MCP29690096,200029434,Montgomery County Police,Injury Crash,07/29/2020 12:35:00 PM,County,EDNOR RD,WOODALE DR,,N/A,,SAME DIR REAR END,CLEAR,DRY,DAYLIGHT,NO CONTROLS,NONE DETECTED,,DCB7EEBD-CEC6-4EE5-9129-3C5947925399,No,NO APPARENT INJURY,N/A,NOT DISTRACTED,MD,3C38F6CA-2690-4503-8B5F-E64450F4EB61,FUNCTIONAL,SIX OCLOCK,PASSENGER CAR,SLOWING OR STOPPING,East,40,No,No,2019,HONDA,CRV,39.13408333,-77.00363333,"(39.13408333, -77.00363333)"
MCP3084000W,170547561,Montgomery County Police,Property Damage Crash,12/09/2017 10:45:00 AM,Other Public Roadway,MONTROSE PKWY,MONTROSE RD,,N/A,,SINGLE VEHICLE,SNOW,WET,DAYLIGHT,NO CONTROLS,NONE DETECTED,,EE8CD645-CCC7-4721-8F5D-25DC46F23FB8,Yes,NO APPARENT INJURY,"N/A, SLEET, HAIL, FREEZ. RAIN",NOT DISTRACTED,MD,78CC45D8-44BE-4DDF-93E5-FD3C99AE50BF,DISABLING,TWELVE OCLOCK,PASSENGER CAR,MOVING CONSTANT SPEED,East,35,No,No,2000,TOYOTA,AVALON,39.05122567,-77.13370267,"(39.05122567, -77.13370267)"
DD5567004H,240029274,ROCKVILLE,Property Damage Crash,06/20/2024 12:44:00 PM,Municipality Route,N HORNERS LA,PARK RD S HORNERS LA,,,,"Sideswipe, Same Direction",Clear,Dry,Daylight,Traffic Control Signal,"Not Suspect of Alcohol Use, Not Suspect of Drug Use",,AA35FEFD-845E-4C5B-8C88-BEB6C99C0870,No,No Apparent Injury,,Not Distracted,MD,F813BA48-6078-452D-8C51-2EB149B2279A,Superficial,Five O Clock,Bus - Transit,Negotiating a Curve,,25,No,,2017,GILLIG,UNKNOWN,39.08692953,-77.14345694,"(39.08692953, -77.14345694)"
MCP33120066,250014466,MONTGOMERY,Injury Crash,04/03/2025 09:10:00 AM,County Route,BRIGGS CHANEY RD,,,,,Angle,Rain,Wet,Daylight,Traffic Control Signal,"Not Suspect of Alcohol Use, Not Suspect of Drug Use",,EFE05B97-C7A0-4076-9B8F-3D18E06FF995,No,Possible Injury,,Not Distracted,MD,3A1234A2-5F0C-45EC-81C5-393BC18436ED,Disabling,Twelve O Clock,Passenger Car,Moving Constant Speed,Northbound,40,No,No,2018,FORD,ESCAPE,39.07296701,-76.93906408,"(39.07296701, -76.93906408)"
MCP28000064,230074243,Montgomery County Police,Property Damage Crash,12/30/2023 03:47:00 AM,Maryland (State),ROCKVILLE PIKE,ENT TO NATIONAL NAVAL MEDICAL CTR,,N/A,,SINGLE VEHICLE,CLEAR,DRY,DARK LIGHTS ON,TRAFFIC SIGNAL,ALCOHOL CONTRIBUTED,,BE0A1EE9-5296-46EE-902F-A42E6AEC059C,Yes,NO APPARENT INJURY,N/A,LOOKED BUT DID NOT SEE,MD,7D643EB1-259C-4E40-962B-28AC41F29BC9,FUNCTIONAL,TWELVE OCLOCK,PASSENGER CAR,MOVING CONSTANT SPEED,North,35,No,No,1999,JEEP,UT,39.00416167,-77.097305,"(39.00416167, -77.097305)"
DM84390044,250014593,TAKOMA,Property Damage Crash,04/03/2025 08:47:00 PM,Municipality Route,GUDE AVE,,,,,"Sideswipe, Same Direction",Clear,Dry,Dark - Lighted,No Controls,"Not Suspect of Alcohol Use, Not Suspect of Drug Use",,1788A96C-CC43-47DD-A157-848CE60B65DC,No,No Apparent Injury,Failed to Keep in Proper Lane,Not Distracted,MD,A731E3CD-ED01-4ED4-B830-EF988AB32590,Superficial,Two O Clock,Sport Utility Vehicle,Slowing or Stopping,Eastbound,20,No,No,2020,FORD,EXPLORER,38.97205718,-77.00111643,"(38.97205718, -77.00111643)"
MCP3039001R,170545867,Montgomery County Police,Injury Crash,11/30/2017 07:00:00 PM,Ramp,RAMP 1 FR RAMP 4 (FR IS270) TO MD 121 WB,CLARKSBURG RD,,N/A,,SAME DIR REAR END,CLEAR,DRY,DARK -- UNKNOWN LIGHTING,NO CONTROLS,NONE DETECTED,,FEDC4056-9B32-4339-B82F-DCBFCF0DD52A,Yes,NO APPARENT INJURY,N/A,NOT DISTRACTED,OH,4A344732-865F-40D6-B6AE-84B5228AF367,DISABLING,TWELVE OCLOCK,VAN,MOVING CONSTANT SPEED,North,55,No,No,2017,FORD,TRANSIT,39.216895,-77.27775667,"(39.216895, -77.27775667)"
MCP3105001M,190003727,Montgomery County Police,Property Damage Crash,01/24/2019 11:00:00 AM,County,WISTERIA DR,GERMANTOWN RD,,N/A,,STRAIGHT MOVEMENT ANGLE,RAINING,WET,DAYLIGHT,STOP SIGN,NONE DETECTED,,F46D7765-52AC-4F0C-8460-30D0530C518C,Yes,NO APPARENT INJURY,"RAIN, SNOW, WET",LOOKED BUT DID NOT SEE,MD,97405699-77E1-4D32-9C53-89985841C865,FUNCTIONAL,ELEVEN OCLOCK,STATION WAGON,MAKING LEFT TURN,North,30,No,No,2018,FORD,TRANSIT,39.17742917,-77.2713975,"(39.17742917, -77.2713975)"
MCP3010001B,16041736,Montgomery County Police,Property Damage Crash,08/17/2016 01:57:00 PM,,,,PARKING LOT OF 6410 ROCKLEDGE DRIVE,,,SAME DIRECTION SIDESWIPE,CLEAR,,DAYLIGHT,NO CONTROLS,UNKNOWN,,A2F8C7B2-CD4A-4987-9FC3-6063ED48B917,Yes,NO APPARENT INJURY,N/A,UNKNOWN,,BDA750B8-FCFA-427D-947A-AAE0EDAE5372,UNKNOWN,UNKNOWN,PASSENGER CAR,PARKING,Unknown,15,No,No,2014,ACURA,4S,38.98366167,-77.09285667,"(38.98366167, -77.09285667)"
MCP23980013,17007648,Montgomery County Police,Property Damage Crash,02/12/2017 11:09:00 AM,Maryland (State),FREDERICK RD,ONEILL DR,,GAITHERSBURG,,STRAIGHT MOVEMENT ANGLE,RAINING,WET,DAYLIGHT,TRAFFIC SIGNAL,NONE DETECTED,,95237A19-7CF5-4CA5-B506-8C749538DE18,Yes,NO APPARENT INJURY,"RAIN, SNOW, WET",UNKNOWN,VA,135615B0-7BCB-4165-8AE9-8674D8DFE40E,DISABLING,TWELVE OCLOCK,PICKUP TRUCK,MOVING CONSTANT SPEED,South,35,No,No,2011,CHEVY,SILVERADO,39.12399667,-77.17996,"(39.12399667, -77.17996)"
MCP2827001J,15049805,MONTGOMERY,Property Damage Crash,10/01/2015 04:40:00 PM,Maryland (State),ASHTON RD,MINK HOLLOW RD,,N/A,,OTHER,RAINING,WET,DAYLIGHT,OTHER,UNKNOWN,,01295DAB-FCF1-4C76-888F-12F5FD2F3FF9,Yes,NO APPARENT INJURY,"RAIN, SNOW, WET",UNKNOWN,,ECED2C50-ACC5-41F7-9E68-068985D14CFF,UNKNOWN,ONE OCLOCK,VAN,PASSING,West,35,No,No,2015,UNKNOWN,UNKNOWN,39.156735,-76.99669667,"(39.156735, -76.99669667)"
HA24950001,22001575,Maryland-National Capital,Property Damage Crash,09/08/2022 08:13:00 AM,Government,LITTLE FALLS PKWY,MASSACHUSETTS AVE,,N/A,,SAME DIR REND LEFT TURN,CLEAR,DRY,DAYLIGHT,N/A,N/A,,32027BF5-CFE9-44E1-9683-40098A94A513,No,NO APPARENT INJURY,N/A,NOT DISTRACTED,MD,A67AB041-22DF-4A77-83C4-520F235E7471,SUPERFICIAL,TWELVE OCLOCK,PASSENGER CAR,MOVING CONSTANT SPEED,South,35,No,No,2014,LEX,TK,38.9703921,-77.1004558,"(38.9703921, -77.1004558)"
MCP2594001S,16040681,Montgomery County Police,Property Damage Crash,08/11/2016 09:12:00 AM,County,BRIGGS CHANEY RD,OLD COLUMBIA PIKE,,N/A,,SAME DIRECTION SIDESWIPE,CLEAR,DRY,DAYLIGHT,TRAFFIC SIGNAL,N/A,,D559BCBA-67F4-437B-B832-81C22801F2DA,Unknown,NO APPARENT INJURY,N/A,NOT DISTRACTED,MD,8389C985-C611-4FF5-ADD7-C77C537731CF,SUPERFICIAL,ONE OCLOCK,PASSENGER CAR,MOVING CONSTANT SPEED,West,40,No,No,2007,CHEVROLET,SUBURBAN,39.08444638,-76.95111148,"(39.08444638, -76.95111148)"
MCP27640030,230073094,Montgomery County Police,Property Damage Crash,12/22/2023 09:45:00 AM,,,,1800 OLD RANDOLPH ROAD PARKING LOT,,,OTHER,CLEAR,,DAYLIGHT,N/A,N/A,,E7A74FD0-059B-4FFF-82D5-1E057BEC73BF,Yes,NO APPARENT INJURY,N/A,UNKNOWN,MD,26F5DA50-EC78-4B61-8CFB-3C1D5FDF7A57,NO DAMAGE,SIX OCLOCK,SCHOOL BUS,BACKING,South,0,No,No,2015,FRHT,BUS,39.06506207,-77.03386054,"(39.06506207, -77.03386054)"
MCP3038004F,200003007,Montgomery County Police,Injury Crash,01/18/2020 04:07:00 PM,County,OLD COLUMBIA PIKE,INTERCOUNTY CONNECTOR,,N/A,,SAME DIR REAR END,SLEET,ICE,DAYLIGHT,NO CONTROLS,N/A,,27D3B973-5BD4-493B-AF71-C1B4022EEA7A,Yes,NO APPARENT INJURY,"ICY OR SNOW-COVERED, SLEET, HAIL, FREEZ. RAIN, WET",NOT DISTRACTED,MD,E7EDE9B1-F11E-448B-9B15-323B99B00652,SUPERFICIAL,TWELVE OCLOCK,PICKUP TRUCK,SLOWING OR STOPPING,North,25,No,No,2011,TOYOTA,TACOMA,39.07942116,-76.95552762,"(39.07942116, -76.95552762)"
MCP3109002Z,190034913,Montgomery County Police,Property Damage Crash,07/23/2019 05:00:00 AM,Maryland (State),GEORGIA AVE,FENWICK LA,,N/A,,SAME DIRECTION SIDESWIPE,UNKNOWN,WET,DAWN,NO CONTROLS,UNKNOWN,,47A63C90-B47A-470C-94C0-E8C5E63B3BDD,Yes,NO APPARENT INJURY,"N/A, WET",UNKNOWN,DC,06220F93-1D7E-4C39-ACBD-98198FE410EA,DISABLING,ONE OCLOCK,PASSENGER CAR,UNKNOWN,South,35,No,No,2014,TOYOTA,CAMRY,38.99881583,-77.03143333,"(38.99881583, -77.03143333)"
DD5502006W,220057123,Rockville Police Departme,Property Damage Crash,12/24/2022 03:23:00 PM,Municipality,REDLAND BLVD,GRAND CHAMPION DR,,N/A,,ANGLE MEETS RIGHT TURN,CLEAR,DRY,DAYLIGHT,NO CONTROLS,NONE DETECTED,,EAAB700C-179C-45A3-9D82-BEF847EEF23B,No,NO APPARENT INJURY,N/A,NOT DISTRACTED,MD,363D58EE-B587-43A9-91BA-4908C8EF509B,FUNCTIONAL,TWELVE OCLOCK,PICKUP TRUCK,MOVING CONSTANT SPEED,West,30,No,No,2019,FORD,TK,39.11400033,-77.16887712,"(39.11400033, -77.16887712)"
MCP3089003S,230026163,Montgomery County Police,Property Damage Crash,05/31/2023 06:45:00 PM,County,FOREST GLEN RD,ADMIRALTY DR,,N/A,,SAME DIR REAR END,CLEAR,DRY,DAYLIGHT,N/A,N/A,,17B40D46-86DB-4128-B234-A47029AA10BF,No,NO APPARENT INJURY,N/A,NOT DISTRACTED,MD,2A573E79-050D-4ACB-95B8-36CCB2898417,FUNCTIONAL,SIX OCLOCK,PASSENGER CAR,SLOWING OR STOPPING,East,10,No,No,2021,SUBARU,CROSSTREK,39.01578833,-77.03937833,"(39.01578833, -77.03937833)"
MCP209400DP,190010208,Montgomery County Police,Injury Crash,03/05/2019 08:13:00 AM,Interstate (State),CAPITAL BELTWAY,ROCKVILLE PIKE,,N/A,,SAME DIR REAR END,CLEAR,DRY,DAYLIGHT,NO CONTROLS,NONE DETECTED,,B420FE49-E9C1-4E8D-8FAE-FE86009D7D04,No,SUSPECTED MINOR INJURY,N/A,NOT DISTRACTED,MD,77E699E4-E9CC-4C83-AAEC-9A832B75CAE2,DISABLING,SIX OCLOCK,PASSENGER CAR,SLOWING OR STOPPING,West,55,No,No,2004,TOYOTA,CAMRY,39.01862167,-77.10834667,"(39.01862167, -77.10834667)"
MCP2594006T,210028572,Montgomery County Police,Injury Crash,07/30/2021 02:06:00 PM,Maryland (State),NORBECK RD,GEORGIA AVE,,N/A,,SAME DIR REAR END,CLEAR,DRY,DAYLIGHT,TRAFFIC SIGNAL,NONE DETECTED,,3BF8610C-3F9F-4067-8883-906EB7383CC4,No,SUSPECTED MINOR INJURY,N/A,NOT DISTRACTED,MD,56020C75-FE03-4475-B3C3-33DEDCD5D035,FUNCTIONAL,SIX OCLOCK,TRANSIT BUS,STOPPED IN TRAFFIC LANE,East,35,No,No,2016,NEW FLYER,BUS,39.1093269,-77.07605835,"(39.1093269, -77.07605835)"
DD56050055,180010597,Rockville Police Departme,Property Damage Crash,03/01/2018 12:30:00 PM,Maryland (State),HUNGERFORD DR,FREDERICK AVE #2,,ROCKVILLE,,SAME DIR REAR END,RAINING,WET,DAYLIGHT,TRAFFIC SIGNAL,NONE DETECTED,,DB8F4DE9-0258-4D23-9604-CD68373E2A29,Yes,NO APPARENT INJURY,"RAIN, SNOW, WET",OTHER DISTRACTION,MD,CBB5F1C5-D3B5-4948-87FF-D72A009E7791,DISABLING,TWELVE OCLOCK,PASSENGER CAR,SLOWING OR STOPPING,South,40,No,No,2004,TOYT,4S,39.0941815,-77.15315733,"(39.0941815, -77.15315733)"
HA24480001,18000598,Maryland-National Capital,Injury Crash,05/22/2018 11:11:00 PM,Government,SLIGO CREEK PKWY,DOMER AVE,,TAKOMA PARK,,SINGLE VEHICLE,RAINING,WET,DARK NO LIGHTS,NO CONTROLS,N/A,,B612CE4B-76BD-4872-9393-7842F44A87A5,Yes,SUSPECTED MINOR INJURY,"ANIMAL, WET",DISTRACTED BY OUTSIDE PERSON OBJECT OR EVENT,MD,1C2CE09D-BA48-4B8B-8D6C-E5D3E911B844,SUPERFICIAL,TWELVE OCLOCK,(SPORT) UTILITY VEHICLE,SLOWING OR STOPPING,West,25,No,No,2001,FORD,ESCAPE,38.99462272,-77.00405627,"(38.99462272, -77.00405627)"
MCP2102000J,17016310,Montgomery County Police,Property Damage Crash,03/31/2017 09:30:00 AM,,,,"PARKING LOT 11711 JONES MILL RD (VEIRS MILL ELEMENTARY SCHOOL), SCHOOL BUS DROP OFF AREA",,,SAME DIR REND LEFT TURN,RAINING,,DAYLIGHT,NO CONTROLS,NONE DETECTED,,63F27EB5-DD04-4AF8-A55D-53CBE48EE5D0,No,NO APPARENT INJURY,N/A,NOT DISTRACTED,MD,8D9F2EB9-644B-451F-BF79-6E47ACC62ED2,SUPERFICIAL,SIX OCLOCK,SCHOOL BUS,PARKED,,0,No,Yes,2008,THOMPSON,BUS,39.04782833,-77.08510667,"(39.04782833, -77.08510667)"
MCP31140016,190015318,Montgomery County Police,Property Damage Crash,04/02/2019 06:33:00 PM,County,BALLINGER DR,WEXHALL DR,,N/A,,HEAD ON LEFT TURN,RAINING,WET,DAYLIGHT,N/A,N/A,,8C822CD5-B124-43F3-B357-C79F7EDBE890,Yes,NO APPARENT INJURY,N/A,LOOKED BUT DID NOT SEE,MD,A851A3C5-8ED4-4D72-8BA7-31B39651D637,SUPERFICIAL,ONE OCLOCK,PASSENGER CAR,MOVING CONSTANT SPEED,South,30,No,No,2012,TOYOTA,PRIUS,39.08924,-76.93688167,"(39.08924, -76.93688167)"
DD562000BL,240028959,ROCKVILLE,Property Damage Crash,06/18/2024 11:50:00 AM,,,,Parking Lot Way        15005 SHADY GROVE ROAD REAR PARKING LOT,,,Other,Clear,,Daylight,,"Not Suspect of Alcohol Use, Not Suspect of Drug Use",,809159D2-F31B-4241-ADFF-E2F823818064,Yes,No Apparent Injury,"Improper Backing, Operated Motor Vehicle in Inattentive, Careless, Negligent, or Erratic Manner",Unknown,MD,B44A3423-0E1B-44EB-95B6-93BD167407FB,Functional,Three O Clock,Passenger Car,Backing,Westbound,0,No,No,2016,INFINITI,QX60,39.10249427,-77.18967598,"(39.10249427, -77.18967598)"
MCP2936006N,240060680,MONTGOMERY,Injury Crash,12/19/2024 04:15:00 PM,Interstate (State),CAPITAL BELTWAY,,,,,Front to Rear,Cloudy,Dry,Daylight,No Controls,"Not Suspect of Alcohol Use, Not Suspect of Drug Use",,94CA7B35-A94A-406C-B331-85157AC97380,No,No Apparent Injury,Followed Too Closely,"Other Action (looking away from task, etc.)",MD,EB089A45-F721-414D-84DF-403BED2DE626,Functional,Twelve O Clock,Passenger Car,Moving Constant Speed,Eastbound,55,No,No,2021,TOYOTA,CAMRY,38.98435983,-77.159396,"(38.98435983, -77.159396)"
HA2485000M,22000985,Maryland-National Capital,Property Damage Crash,06/14/2022 10:53:00 AM,Other Public Roadway,MARYLAND AVE,E MIDDLE LA,,ROCKVILLE,,SAME DIRECTION RIGHT TURN,CLOUDY,WET,DAYLIGHT,NO CONTROLS,NONE DETECTED,,7C1C6102-5333-452C-9874-F824E0CB3AAD,No,NO APPARENT INJURY,"N/A, WET",NOT DISTRACTED,MD,091D4618-353B-4B89-ACB4-DE53A20391A3,FUNCTIONAL,ELEVEN OCLOCK,PICKUP TRUCK,SLOWING OR STOPPING,South,15,No,No,2017,FORD,TRUCK,39.08570117,-77.1510245,"(39.08570117, -77.1510245)"
MCP1378008K,15055751,MONTGOMERY,Injury Crash,11/02/2015 12:49:00 PM,Maryland (State),FREDERICK RD,RAMP 8 FR MD 355 SB TO IS 370 WB,,N/A,,SAME DIR REAR END,CLOUDY,DRY,DAYLIGHT,NO CONTROLS,NONE DETECTED,,B7CC9200-E456-4D2B-96E4-AC556422C152,Yes,NO APPARENT INJURY,N/A,NOT DISTRACTED,MD,EB42EB50-F1E0-442B-A5BB-ABCFAC4D0686,SUPERFICIAL,TWELVE OCLOCK,PASSENGER CAR,ACCELERATING,West,35,No,No,2005,HOND,CIVIC,39.12339,-77.17931167,"(39.12339, -77.17931167)"
MCP137800B2,16032902,Montgomery County Police,Property Damage Crash,06/29/2016 01:47:00 PM,County,SHADY GROVE RD,EPSILON DR,,N/A,,STRAIGHT MOVEMENT ANGLE,CLEAR,DRY,DAYLIGHT,TRAFFIC SIGNAL,NONE DETECTED,,ADC6AA23-BF87-4A77-9674-8BBEAD77F67F,Yes,NO APPARENT INJURY,N/A,NOT DISTRACTED,MD,333EB216-1F85-4539-9177-686C5D09289D,DISABLING,FOUR OCLOCK,PASSENGER CAR,MAKING LEFT TURN,West,45,No,No,2007,FORD,FOCUS,39.13839,-77.15385833,"(39.13839, -77.15385833)"
MCP3158000Z,190001679,Montgomery County Police,Property Damage Crash,01/10/2019 09:20:00 PM,Maryland (State),WOODFIELD RD,FLOWER HILL WAY,,N/A,,N/A,CLEAR,DRY,DARK LIGHTS ON,N/A,UNKNOWN,,3258EB9F-3BB3-4BCC-8C53-4CF236FFA67A,Yes,NO APPARENT INJURY,N/A,UNKNOWN,,F866FF73-80E8-42EC-BEA0-E6DDA3D47F2A,UNKNOWN,UNKNOWN,,PARKING,Unknown,15,No,No,0,UNKNOWN,UNKNOWN,39.15560333,-77.16556167,"(39.15560333, -77.16556167)"
MCP94190013,17009768,Montgomery County Police,Property Damage Crash,02/23/2017 12:31:00 PM,County,CRABBS BRANCH WAY,STANDISH PL,,N/A,,STRAIGHT MOVEMENT ANGLE,CLEAR,DRY,DAYLIGHT,STOP SIGN,NONE DETECTED,,508E76ED-9128-4EF6-BBBE-57E4926F44E5,Yes,NO APPARENT INJURY,N/A,LOOKED BUT DID NOT SEE,MD,5F933C52-858E-40EC-8478-5B99E9770106,FUNCTIONAL,TWELVE OCLOCK,PASSENGER CAR,STARTING FROM LANE,West,40,No,No,1998,TOYOTA,CAMRY,39.10799467,-77.15234367,"(39.10799467, -77.15234367)"
MCP2583000P,180037087,Montgomery County Police,Property Damage Crash,07/26/2018 07:07:00 PM,County,TWINBROOK PKWY,VEIRS MILL RD,,N/A,,SAME DIRECTION SIDESWIPE,CLEAR,DRY,DUSK,TRAFFIC SIGNAL,N/A,,B1089595-87D7-4417-BD0A-30147ADA74D1,No,NO APPARENT INJURY,N/A,NOT DISTRACTED,MD,03D1B1A4-2E0D-4D9B-846E-A949C4D6EB57,NO DAMAGE,ONE OCLOCK,AMBULANCE/EMERGENCY,OTHER,South,25,No,No,2016,FRHT,AM,39.07350265,-77.11193204,"(39.07350265, -77.11193204)"
MCP3040006F,240036966,MONTGOMERY,Property Damage Crash,08/05/2024 07:30:00 PM,Maryland (State) Route,GEORGIA AVE,,,,,"Sideswipe, Same Direction",Clear,Dry,Daylight,No Controls,"Not Suspect of Alcohol Use, Not Suspect of Drug Use",,D4209152-60E2-49E5-B485-70900DBDDCC3,No,No Apparent Injury,,Not Distracted,MD,AA82606E-6DE2-4034-B300-421AB24CB45A,Superficial,Ten O Clock,Bus - Transit,Moving Constant Speed,Northbound,40,No,No,2013,THOMAS BUILT,UNKNOWN,39.0141861,-77.0420325,"(39.0141861, -77.0420325)"
DD56010028,16056285,Rockville Police Departme,Injury Crash,11/01/2016 03:20:00 PM,Municipality,PICCARD DR,W GUDE DR,,ROCKVILLE,,STRAIGHT MOVEMENT ANGLE,CLEAR,DRY,DAYLIGHT,NO CONTROLS,N/A,,5325EA02-E185-4ACF-B89C-1D404F4C1D5B,Yes,POSSIBLE INJURY,N/A,UNKNOWN,MD,6FD0AD39-1BE7-41A4-BE04-914A6BDF3E01,DISABLING,TWELVE OCLOCK,PASSENGER CAR,MAKING LEFT TURN,West,30,No,No,2002,TOYT,TK,39.10328433,-77.17808033,"(39.10328433, -77.17808033)"
MCP23110067,190024542,Montgomery County Police,Property Damage Crash,05/23/2019 03:36:00 PM,County,SNOUFFERS SCHOOL RD,WOODFIELD RD,,N/A,,SAME DIR REAR END,RAINING,WET,DAYLIGHT,N/A,N/A,,75CB6CC4-B0E6-4C2D-9CAE-12F6869588F0,Yes,NO APPARENT INJURY,"SLEET, HAIL, FREEZ. RAIN, WET",NOT DISTRACTED,MD,6B974592-14C7-4235-AB21-A5387DEFE1B2,DISABLING,TWELVE OCLOCK,PASSENGER CAR,SLOWING OR STOPPING,South,35,No,No,2004,INFI,4S,39.16083386,-77.16327565,"(39.16083386, -77.16327565)"
MCP2504004W,190039853,Montgomery County Police,Property Damage Crash,08/20/2019 06:13:00 PM,County,DARNESTOWN RD,GREAT SENECA HWY,,N/A,,SAME DIR REAR END,CLOUDY,WET,DAYLIGHT,NO CONTROLS,NONE DETECTED,,7C6255BF-2833-416B-9D16-C284D8A7BE20,No,NO APPARENT INJURY,"N/A, WET",NOT DISTRACTED,MD,23681F35-DB97-43AD-8BAA-2514AB20796F,FUNCTIONAL,SIX OCLOCK,PICKUP TRUCK,STOPPED IN TRAFFIC LANE,West,40,No,No,2019,TOYOTA,TK,39.09679667,-77.204875,"(39.09679667, -77.204875)"
MCP3228000H,200012318,Montgomery County Police,Injury Crash,03/13/2020 02:45:00 AM,County,LOCKWOOD DR,BURNT MILLS AVE,,N/A,,STRAIGHT MOVEMENT ANGLE,RAINING,WET,DARK NO LIGHTS,STOP SIGN,NONE DETECTED,,2DE61468-4807-4232-9024-83FBBCFC6892,Yes,SUSPECTED MINOR INJURY,N/A,OTHER DISTRACTION,MD,A11B1C10-1142-4339-B2E3-08B69B3A5D64,DISABLING,ELEVEN OCLOCK,(SPORT) UTILITY VEHICLE,MOVING CONSTANT SPEED,East,30,No,No,2019,VOLK,TK,39.0353,-76.9973,"(39.0353, -76.9973)"
MCP3319002B,240010844,MONTGOMERY,Property Damage Crash,03/06/2024 09:05:00 AM,Local Route,METRORAIL TRACK B2 RAIL,,,,,Angle,Rain,Wet,Daylight,No Controls,"Not Suspect of Alcohol Use, Not Suspect of Drug Use",,8CC82DE8-E15E-48F2-A510-50930B2FE9B7,No,No Apparent Injury,,Not Distracted,MD,206279BF-B9D3-4387-83E8-F70EB8BBCCC8,Superficial,Twelve O Clock,Passenger Car,Accelerating,Southbound,30,No,,2003,FORD,FOCUS,39.00785038,-77.04036552,"(39.00785038, -77.04036552)"
DM8528000H,250023341,TAKOMA,Property Damage Crash,05/26/2025 04:01:00 PM,Municipality Route,THIRTEENTH AVE,,,,,"Sideswipe, Same Direction",Clear,Dry,Daylight,No Controls,"Unknown, Unknown",,8C381759-F6FD-4DF9-826F-5F09E0B1B6BC,No,,,,,64FB4B12-1F72-4104-9E08-92E41074462A,Vehicle Not at Scene,Vehicle Not at Scene,Passenger Car,Moving Constant Speed,Northbound,15,No,No,2015,FORD,FOCUS,38.98102035,-76.98842362,"(38.98102035, -76.98842362)"
DD56170024,190054253,Rockville Police Departme,Injury Crash,11/09/2019 11:00:00 PM,Municipality,PARK RD,HUNGERFORD DR,,N/A,PEDESTRIAN,OTHER,CLEAR,N/A,DARK LIGHTS ON,TRAFFIC SIGNAL,UNKNOWN,UNKNOWN,9F0B2157-26C2-4587-B967-C00841E9688D,Unknown,NO APPARENT INJURY,N/A,UNKNOWN,MD,A8BEF95B-58B6-41FB-B198-744E740DB34E,NO DAMAGE,TWELVE OCLOCK,(SPORT) UTILITY VEHICLE,MAKING RIGHT TURN,West,40,No,No,2019,LNDR,TK,39.08526596,-77.14809588,"(39.08526596, -77.14809588)"
MCP31680071,240040406,MONTGOMERY,Property Damage Crash,08/26/2024 05:10:00 PM,,,,Parking Lot Way        IN THE PARKING LOT OF 250 ROCKVILLE PIKE,,,"Sideswipe, Same Direction",Clear,,Daylight,,"Not Suspect of Alcohol Use, Not Suspect of Drug Use",,899D72BA-8A77-41E2-9928-8905F96FF99B,No,No Apparent Injury,Improper Passing,Not Distracted,MD,48AD59E5-E04A-4FD9-8E07-409158DF9D39,Functional,Eleven O Clock,Sport Utility Vehicle,Moving Constant Speed,Southbound,0,No,No,2014,MERCEDES-BENZ,ML-CLASS,39.08405067,-77.1465385,"(39.08405067, -77.1465385)"
MCP21590025,240027619,MONTGOMERY,Injury Crash,06/10/2024 03:00:00 PM,Maryland (State) Route,,,,,,Front to Rear,Cloudy,Dry,Daylight,No Controls,"Not Suspect of Alcohol Use, Not Suspect of Drug Use",,D73DA12E-FA52-4A97-9F9E-C79A85F3AD23,No,Possible Injury,,Not Distracted,MD,D3D928C5-9C25-42D9-80D6-A5D26EE9986F,Disabling,Eleven O Clock,Sport Utility Vehicle,Stopped in Traffic,Northbound,40,No,No,2017,LEXUS,RX,39.27879317,-77.31465033,"(39.27879317, -77.31465033)"