Report Number,Local Case Number,Agency Name,ACRS Report Type,Crash Date/Time,Route Type,Road Name,Cross-Street Name,Off-Road Description,Municipality,Related Non-Motorist,Collision Type,Weather,Surface Condition,Light,Traffic Control,Driver Substance Abuse,Non-Motorist Substance Abuse,Person ID,Driver At Fault,Injury Severity,Circumstance,Driver Distracted By,Drivers License State,Vehicle ID,Vehicle Damage Extent,Vehicle First Impact Location,Vehicle Body Type,Vehicle Movement,Vehicle Going Dir,Speed Limit,Driverless Vehicle,Parked Vehicle,Vehicle Year,Vehicle Make,Vehicle Model,Latitude,Longitude,Location
MCP3436000S,250030933,MONTGOMERY,Injury Crash,07/11/2025 04:41:00 PM,,,,Parking Lot Way        PARKING LOT,,,Rear To Rear,Clear,,Daylight,,"Not Suspect of Alcohol Use, Not Suspect of Drug Use",,5F9EE733-44F3-4722-B3E8-9E4CB1CCDBE8,No,No Apparent Injury,,Not Distracted,MD,89089732-189C-425F-B7AD-D8ACE8ABFDEE,Superficial,Five O Clock,Bus - School,Turning Left,Not On Roadway,0,No,No,2024,FREIGHTLINER,B2 106 ELECTRIC CONVENTIONAL CHASSIS,39.01677389,-76.97386803,"(39.01677389, -76.97386803)"
MCP2667002V,16027354,Montgomery County Police,Injury Crash,06/01/2016 02:35:00 PM,Maryland (State),MONTGOMERY VILLAGE AVE,RUSSELL AVE,,GAITHERSBURG,,STRAIGHT MOVEMENT ANGLE,CLEAR,DRY,DAYLIGHT,TRAFFIC SIGNAL,NONE DETECTED,,771DE84D-297B-4518-87B7-1D32AB5DC749,No,NO APPARENT INJURY,N/A,NOT DISTRACTED,MD,ABABC3C1-6C19-4F29-ABB5-1D6683944C18,DISABLING,TWELVE OCLOCK,"CARGO VAN/LIGHT TRUCK 2 AXLES (OVER 10,000LBS (4,536 KG))",STOPPED IN TRAFFIC LANE,West,35,No,No,2008,CHEV,BOX TRUCK,39.15429167,-77.20930667,"(39.15429167, -77.20930667)"
EJ78560065,190002160,Gaithersburg Police Depar,Injury Crash,01/14/2019 04:34:00 PM,Municipality,RUSSELL AVE,MONTGOMERY VILLAGE AVE,,N/A,,SAME DIRECTION SIDESWIPE,CLEAR,N/A,DAYLIGHT,TRAFFIC SIGNAL,N/A,,B0C983B8-7B55-4EA0-A34A-AD2E179A1569,No,NO APPARENT INJURY,N/A,NOT DISTRACTED,MD,7EE42E7A-1573-4EFA-AE35-D8654F80CE2F,FUNCTIONAL,NINE OCLOCK,PASSENGER CAR,MOVING CONSTANT SPEED,North,25,No,No,2009,HOND,4S,39.15420667,-77.20895333,"(39.15420667, -77.20895333)"
MCP3005004Y,190056636,Montgomery County Police,Injury Crash,11/23/2019 01:00:00 PM,Maryland (State),GEORGIA AVE,BLUERIDGE AVE,,N/A,,SAME DIR REAR END,CLOUDY,DRY,DAYLIGHT,TRAFFIC SIGNAL,NONE DETECTED,,50A0C3D1-9A79-4918-9F8B-6D9169AFF0DA,No,NO APPARENT INJURY,N/A,NOT DISTRACTED,MD,55AA5ADB-C6C5-42BF-A3DD-B31FADCE4D37,FUNCTIONAL,SIX OCLOCK,PASSENGER CAR,MAKING RIGHT TURN,South,25,No,No,2016,NISSAN,ALTIMA,39.04316833,-77.05218667,"(39.04316833, -77.05218667)"
HA22210003,16000840,Maryland-National Capital,Property Damage Crash,07/04/2016 05:32:00 PM,County,CLARKSBURG RD,HYATTSTOWN MILL RD,,N/A,,SINGLE VEHICLE,RAINING,WET,DAYLIGHT,NO CONTROLS,NONE DETECTED,,AF29459D-DAA0-4C1E-87C1-3E319523F083,Yes,NO APPARENT INJURY,"RAIN, SNOW, WET",DISTRACTED BY OUTSIDE PERSON OBJECT OR EVENT,MD,18F75CE1-6A21-4AE0-9F7C-534D9777C530,FUNCTIONAL,ELEVEN OCLOCK,PASSENGER CAR,MOVING CONSTANT SPEED,North,35,No,No,2006,CHEV,COBALT LS,39.26259628,-77.28178024,"(39.26259628, -77.28178024)"
MCP1119000N,15004521,Montgomery County Police,Property Damage Crash,01/28/2015 04:02:00 PM,County,DENNIS AVE,TENBROOK DR,,N/A,,STRAIGHT MOVEMENT ANGLE,CLEAR,DRY,DAYLIGHT,STOP SIGN,NONE DETECTED,,EC48C670-2058-4B7E-93A6-287A7859F5D3,No,NO APPARENT INJURY,"N/A, VISION OBSTRUCTION (INCL. BLINDED BY SUN)",NOT DISTRACTED,MD,74F3CEC4-75B3-4108-90E4-CA87A38999F6,DISABLING,ELEVEN OCLOCK,(SPORT) UTILITY VEHICLE,MOVING CONSTANT SPEED,North,25,No,No,2010,SUBARU,FORRESTER,39.02361,-77.029125,"(39.02361, -77.029125)"
MCP9422000L,170522695,Montgomery County Police,Property Damage Crash,08/03/2017 08:40:00 AM,Maryland (State),EAST WEST HWY,GLENDALE RD,,N/A,,STRAIGHT MOVEMENT ANGLE,CLEAR,DRY,DAYLIGHT,NO CONTROLS,NONE DETECTED,,A34F4B63-B38E-443C-B888-AB2F0F4848F8,Yes,NO APPARENT INJURY,N/A,NOT DISTRACTED,MD,A0BE298C-D932-4287-99A9-B11537CB1C0B,FUNCTIONAL,ONE OCLOCK,PASSENGER CAR,MAKING LEFT TURN,East,35,No,No,2014,TOYOTA,COROLLA,38.98838,-77.07543,"(38.98838, -77.07543)"
MCP235300B8,220050796,Montgomery County Police,Injury Crash,11/17/2022 09:03:00 AM,County,LYTTONSVILLE RD,LYTTONSVILLE PL,,N/A,,STRAIGHT MOVEMENT ANGLE,CLOUDY,DRY,DAYLIGHT,STOP SIGN,NONE DETECTED,,04901D6D-D60D-4542-86F6-DB2190B19830,Yes,NO APPARENT INJURY,N/A,LOOKED BUT DID NOT SEE,MD,1D48036B-DB38-47C4-8E20-FDCEFE8FEDFA,DISABLING,ELEVEN OCLOCK,PICKUP TRUCK,MAKING LEFT TURN,West,25,No,No,2015,FORD,F350,38.9987585,-77.052543,"(38.9987585, -77.052543)"
MCP2094006P,16035874,Montgomery County Police,Injury Crash,07/15/2016 02:17:00 PM,Maryland (State),ROCKVILLE PIKE,WILSON DR,,N/A,,SAME DIR REAR END,CLEAR,DRY,DAYLIGHT,NO CONTROLS,NONE DETECTED,,7CE8E388-F212-4879-8D58-A1CCF5AB126C,No,POSSIBLE INJURY,N/A,NOT DISTRACTED,FL,65E986A4-C1A0-42BE-8196-7C90B4E42928,FUNCTIONAL,SIX OCLOCK,PASSENGER CAR,STOPPED IN TRAFFIC LANE,North,35,No,No,2011,CHEVY,IMPALA,39.002075,-77.09717333,"(39.002075, -77.09717333)"
MCP3199003G,210050462,Montgomery County Police,Property Damage Crash,12/12/2021 08:09:00 AM,Maryland (State),GEORGIA AVE,ROSSMOOR BLVD,,N/A,,SINGLE VEHICLE,CLEAR,DRY,DAYLIGHT,TRAFFIC SIGNAL,NONE DETECTED,,5D861B63-5873-425E-B60F-43E0ECEA79EE,Yes,NO APPARENT INJURY,"N/A, VISION OBSTRUCTION (INCL. BLINDED BY SUN)",NOT DISTRACTED,MD,6ECAAA1E-7302-4EB3-9474-5064F49947BF,DISABLING,TWELVE OCLOCK,PASSENGER CAR,MAKING LEFT TURN,East,45,No,No,2008,HONDA,FIT,39.10106667,-77.07668333,"(39.10106667, -77.07668333)"
MCP9439000C,170507321,Montgomery County Police,Property Damage Crash,05/11/2017 11:42:00 PM,Municipality,WOOTTON AVE,HOSKINSON RD,,POOLESVILLE,,SINGLE VEHICLE,N/A,WET,DARK LIGHTS ON,N/A,N/A,,1DF93018-5F6E-4F7A-AA47-FC9D8CC1223B,Yes,NO APPARENT INJURY,"N/A, WET",INATTENTIVE OR LOST IN THOUGHT,XX,244C9719-1DD3-4ED8-B81C-3DB33D774D67,FUNCTIONAL,ELEVEN OCLOCK,RECREATIONAL VEHICLE,N/A,South,25,No,No,2014,GMC,TERRAIN,39.1427,-77.41172,"(39.1427, -77.41172)"
MCP28610011,15026672,Montgomery County Police,Injury Crash,06/02/2015 05:05:00 PM,County,SEVEN LOCKS RD,INVERNESS RIDGE RD,,N/A,,SAME DIR REAR END,CLOUDY,DRY,DAYLIGHT,NO CONTROLS,NONE DETECTED,,1DF7B482-5152-4DD3-B9FA-39F79E163D62,Yes,NO APPARENT INJURY,N/A,LOOKED BUT DID NOT SEE,MD,6C84E104-1690-4DBE-B7B5-504ECED4EA50,NO DAMAGE,TWELVE OCLOCK,PASSENGER CAR,SLOWING OR STOPPING,North,35,No,No,2014,RAM,4X4,39.02873333,-77.1618,"(39.02873333, -77.1618)"
MCP32800033,230010851,Montgomery County Police,Property Damage Crash,03/05/2023 01:00:00 AM,US (State),COLUMBIA PIKE,OAK LEAF DR,,N/A,,SAME DIRECTION SIDESWIPE,CLEAR,DRY,DARK -- UNKNOWN LIGHTING,NO CONTROLS,UNKNOWN,,9488D722-0847-4337-886A-ED3096763AD8,Yes,NO APPARENT INJURY,N/A,UNKNOWN,MD,C4B610B1-701D-4964-AB47-0A614ACEDDFD,DISABLING,TWELVE OCLOCK,PASSENGER CAR,UNKNOWN,South,30,No,No,1997,HONDA,CIVIC,39.039,-76.99528167,"(39.039, -76.99528167)"
MCP3386000S,240017416,MONTGOMERY,Property Damage Crash,04/14/2024 11:25:00 PM,,,,Parking Stall        4823 RUGBY AVE BETHESDA,,,"Sideswipe, Opposite Direction",Clear,,Dark - Lighted,,"Not Suspect of Alcohol Use, Not Suspect of Drug Use",,E0243E34-35B2-4A01-8BAE-2CCA645ACF9B,Yes,No Apparent Injury,Improper Turn,Not Distracted,MD,580E15E4-1387-4ACA-AAEA-CE29E18D54B5,Superficial,Five O Clock,Passenger Car,Turning Right,Not On Roadway,0,No,No,2017,FORD,TAURUS,38.99190067,-77.09807817,"(38.99190067, -77.09807817)"
MCP31500024,220020402,Montgomery County Police,Property Damage Crash,05/13/2022 02:53:00 PM,County,OLD COLUMBIA PIKE,FAIRLAND RD,,N/A,,OTHER,CLEAR,DRY,N/A,TRAFFIC SIGNAL,N/A,,8591D4F3-41BD-49F3-AF5C-36832D09D63E,No,NO APPARENT INJURY,N/A,NOT DISTRACTED,MD,58A9F136-19BE-41CF-AC31-340D562AD029,DISABLING,TWELVE OCLOCK,PASSENGER CAR,MOVING CONSTANT SPEED,South,40,No,No,2017,HYUN,4H,39.076583,-76.9579233,"(39.076583, -76.9579233)"
MCP2107003X,230008082,Montgomery County Police,Property Damage Crash,02/17/2023 01:00:00 PM,Maryland (State),GERMANTOWN RD,CLOPPER RD,,N/A,,SINGLE VEHICLE,RAINING,WET,DAYLIGHT,TRAFFIC SIGNAL,NONE DETECTED,,C744B56D-F47A-4AAD-8DBA-23FA2445E86B,Yes,NO APPARENT INJURY,"RAIN, SNOW, WET",NOT DISTRACTED,MD,E386A49B-638C-49E4-8FB5-DC58D4D9D524,DISABLING,FOUR OCLOCK,PASSENGER CAR,MAKING RIGHT TURN,North,35,No,No,2008,HONDA,CIVIC,39.16328883,-77.28267517,"(39.16328883, -77.28267517)"
MCP1220006H,180007772,Montgomery County Police,Property Damage Crash,02/14/2018 02:42:00 PM,Maryland (State),GEORGIA AVE,SEMINARY PL,,N/A,,SAME DIRECTION SIDESWIPE,CLOUDY,DRY,DAYLIGHT,NO CONTROLS,NONE DETECTED,,575E444E-3888-4093-ACE1-187BFACEB871,No,NO APPARENT INJURY,N/A,NOT DISTRACTED,MD,E7870AB1-2F6D-418D-A966-C41EAD615E28,SUPERFICIAL,ONE OCLOCK,TRANSIT BUS,MOVING CONSTANT SPEED,South,35,No,No,2013,NEW FLYER,TRANSIT BUS,39.01000167,-77.04081833,"(39.01000167, -77.04081833)"
MCP2780002P,17015090,Montgomery County Police,Injury Crash,03/24/2017 03:45:00 PM,Maryland (State),RIDGE RD,SKYLARK RD,,N/A,,SAME DIR REAR END,CLEAR,DRY,DAYLIGHT,NO CONTROLS,NONE DETECTED,,840835FC-4F94-4613-8E76-3D9322F06DA1,Yes,NO APPARENT INJURY,N/A,INATTENTIVE OR LOST IN THOUGHT,MD,4E7DD39F-3536-45CC-B2FA-A03C1327CEAD,FUNCTIONAL,TWELVE OCLOCK,PASSENGER CAR,MOVING CONSTANT SPEED,North,40,No,No,2001,HOND,CIVIC,39.237905,-77.23547333,"(39.237905, -77.23547333)"
MCP3126000Y,190013450,Montgomery County Police,Injury Crash,03/23/2019 05:00:00 PM,Maryland (State),FREDERICK RD,PLUMMER DR,,N/A,,SAME DIR REAR END,CLEAR,DRY,DAYLIGHT,TRAFFIC SIGNAL,N/A,,0423B62E-59D0-47D2-90ED-A8B781EFDB27,No,POSSIBLE INJURY,N/A,NOT DISTRACTED,MD,7B826357-DAFF-47EF-8C19-95BF072DE25B,SUPERFICIAL,SIX OCLOCK,PASSENGER CAR,MOVING CONSTANT SPEED,North,40,No,No,2013,NISSAN,SENTRA,39.17146833,-77.23573167,"(39.17146833, -77.23573167)"
MCP2923008X,220057901,Montgomery County Police,Property Damage Crash,12/30/2022 04:30:00 PM,,,,PARKING LOT OF 11845 OLD GEORGETOWN ROAD,,,OTHER,CLOUDY,,DARK LIGHTS ON,NO CONTROLS,NONE DETECTED,,A92E5791-E9E8-4C78-9E7C-FEA858EBAA63,Yes,NO APPARENT INJURY,N/A,UNKNOWN,MD,A1D14121-F25D-4739-B1F5-3DA9A5852D70,SUPERFICIAL,TWO OCLOCK,PASSENGER CAR,PARKING,Unknown,5,No,No,2013,HONDA,4S,39.04989461,-77.10878048,"(39.04989461, -77.10878048)"
MCP3208006Z,250027857,MONTGOMERY,Property Damage Crash,06/22/2025 10:01:00 PM,Maryland (State) Route,NEW HAMPSHIRE AVE,,,,,Front to Rear,Clear,Dry,Dark - Lighted,No Controls,"Not Suspect of Alcohol Use, Not Suspect of Drug Use",,9F2CA78C-9545-45D4-9FCD-81BE9AEC8841,Yes,No Apparent Injury,,Unknown,MD,20A3A6BB-6501-4A7D-945A-0162CEBD9CC1,Disabling,Twelve O Clock,Passenger Car,Moving Constant Speed,Northbound,40,No,No,2017,TOYOTA,COROLLA,39.01438025,-76.97801166,"(39.01438025, -76.97801166)"
MCP29950040,190001618,Montgomery County Police,Injury Crash,01/10/2019 04:10:00 PM,Maryland (State),GEORGIA AVE,ASPEN HILL RD,,N/A,,SINGLE VEHICLE,CLEAR,DRY,DAYLIGHT,TRAFFIC SIGNAL,NONE DETECTED,,15BC5CF4-7450-4B6D-8E43-8A38B8A04CAA,Yes,POSSIBLE INJURY,N/A,NOT DISTRACTED,MD,003B4C9A-C428-4EC4-B358-908589D4A4C4,DISABLING,TWELVE OCLOCK,PASSENGER CAR,STARTING FROM LANE,South,45,No,No,2014,BMW,535I,39.08069833,-77.07517167,"(39.08069833, -77.07517167)"
DD56240019,180044450,Rockville Police Departme,Property Damage Crash,09/12/2018 01:50:00 PM,Municipality,RESEARCH BLVD,W MONTGOMERY AVE,,N/A,,OTHER,CLEAR,DRY,DAYLIGHT,TRAFFIC SIGNAL,NONE DETECTED,,6B60CF9C-3A56-4DA7-8795-A81A823D319D,No,NO APPARENT INJURY,N/A,NOT DISTRACTED,MD,0A6BE9DA-9765-4681-AE6E-86A7F62DCB64,FUNCTIONAL,ONE OCLOCK,PASSENGER CAR,MAKING LEFT TURN,South,35,No,No,2012,LEXU,4S,39.0910875,-77.1793465,"(39.0910875, -77.1793465)"
MCP26860064,230022458,Montgomery County Police,Property Damage Crash,05/10/2023 05:27:00 PM,Maryland (State),GREAT SENECA HWY,DAIRYMAID DR,,N/A,,HEAD ON LEFT TURN,CLEAR,DRY,DAYLIGHT,NO CONTROLS,NONE DETECTED,,13716FB7-EB0E-4315-B56D-FACA63844313,No,NO APPARENT INJURY,"BACKUP DUE TO REGULAR CONGESTION, N/A",NOT DISTRACTED,MD,36C17EC4-6D23-44E0-8634-B4E1226615E9,FUNCTIONAL,TWELVE OCLOCK,VAN,MOVING CONSTANT SPEED,North,45,No,No,1996,TOYT,WG,39.15728367,-77.27574317,"(39.15728367, -77.27574317)"
MCP1580009N,180054324,Montgomery County Police,Property Damage Crash,10/30/2018 10:26:00 AM,Maryland (State),S FREDERICK RD,CENTRAL AVE,,N/A,,STRAIGHT MOVEMENT ANGLE,CLEAR,DRY,DAYLIGHT,STOP SIGN,NONE DETECTED,,CBFC03E1-6810-41F2-9010-634FE1A5BD37,Yes,NO APPARENT INJURY,N/A,UNKNOWN,TN,71DFEB99-DF24-4798-8C85-6D9BE24695AB,DISABLING,NINE OCLOCK,PASSENGER CAR,MAKING LEFT TURN,West,40,No,No,2017,TOYT,COROLLA,39.13053333,-77.18735,"(39.13053333, -77.18735)"
MCP2464003W,250025460,MONTGOMERY,Property Damage Crash,06/07/2025 11:50:00 PM,Maryland (State) Route,NEW HAMPSHIRE AVE,,,,,Front to Front,Clear,Dry,Dark - Lighted,No Controls,"Not Suspect of Alcohol Use, Not Suspect of Drug Use",,7C9BDDFE-6B0A-4A91-8AB5-A96558EDB014,No,No Apparent Injury,,Unknown,VA,201B9CD2-DA94-4BFA-9A05-21BD8D8C6B68,Disabling,Twelve O Clock,Passenger Car,Turning Left,,40,No,No,2014,SUBARU,LEGACY,39.0383255,-76.99002783,"(39.0383255, -76.99002783)"
MCP2929003M,190017261,Montgomery County Police,Property Damage Crash,04/13/2019 01:20:00 PM,,,,PARKING LOT OF 3122 OLNEY SANDY SPRING RD,,,OTHER,CLOUDY,,DAYLIGHT,N/A,NONE DETECTED,,97B48C45-35ED-45A6-BB88-B0D34539806C,Yes,NO APPARENT INJURY,N/A,LOOKED BUT DID NOT SEE,MD,A00DDE5C-EFEF-4706-960D-DEB88C11C4B3,SUPERFICIAL,TWO OCLOCK,PICKUP TRUCK,STARTING FROM PARKED,North,5,No,No,2019,FORD,F250,39.15132333,-77.06397833,"(39.15132333, -77.06397833)"
EJ7889001K,210043583,Gaithersburg Police Depar,Property Damage Crash,10/28/2021 07:15:00 PM,Maryland (State),FREDERICK RD,TRAVIS AVE,,GAITHERSBURG,,SAME DIR REAR END,CLEAR,DRY,DUSK,N/A,NONE DETECTED,,578E71C3-855C-459C-8B22-13FBED2AB175,No,NO APPARENT INJURY,N/A,NOT DISTRACTED,MD,CCEFD3B2-304F-4DC2-BBB0-8F0B4F9BF9FF,DISABLING,SIX OCLOCK,PASSENGER CAR,MOVING CONSTANT SPEED,North,40,No,No,2003,NISSAN,ALTIMA,39.16086297,-77.22127325,"(39.16086297, -77.22127325)"
MCP0899002N,180002722,Montgomery County Police,Injury Crash,01/17/2018 04:30:00 PM,Maryland (State),WISCONSIN AVE,MONTGOMERY LA,,N/A,,SAME DIR REAR END,CLOUDY,DRY,DAYLIGHT,TRAFFIC SIGNAL,NONE DETECTED,,3342922C-A8F4-4B49-B954-E06EEDD672A4,Yes,NO APPARENT INJURY,N/A,LOOKED BUT DID NOT SEE,MD,8D1D4F71-531E-4100-A341-44F41507B9FA,SUPERFICIAL,TWELVE OCLOCK,PASSENGER CAR,MOVING CONSTANT SPEED,South,25,No,No,2003,HOND,ACCORD,38.98266,-77.09398833,"(38.98266, -77.09398833)"
MCP13790040,15022645,Montgomery County Police,Property Damage Crash,05/12/2015 02:45:00 PM,County,ROYAL DOMINION DR,RIVER RD,,N/A,,STRAIGHT MOVEMENT ANGLE,CLEAR,DRY,DAYLIGHT,NO CONTROLS,NONE DETECTED,,C056C98A-29B3-4AC6-9A35-6AAF44DEDF34,No,NO APPARENT INJURY,N/A,NOT DISTRACTED,MD,90D465AB-5C32-43D8-82E5-7F873E0192F5,FUNCTIONAL,TWO OCLOCK,SCHOOL BUS,MOVING CONSTANT SPEED,North,25,No,No,2011,THOMAS,SCHOOL BUS,38.98835833,-77.15022167,"(38.98835833, -77.15022167)"
MCP28300047,180055873,Montgomery County Police,Injury Crash,11/07/2018 11:00:00 AM,Maryland (State),OLNEY SANDY SPRING RD,GEORGIA AVE,,N/A,,SAME DIRECTION LEFT TURN,N/A,DRY,DAYLIGHT,TRAFFIC SIGNAL,NONE DETECTED,,7425E809-E1EF-4B4B-8B55-C44334F72859,Yes,POSSIBLE INJURY,N/A,LOOKED BUT DID NOT SEE,MD,2964588F-2D5E-4855-B2B2-8C1839F94E79,FUNCTIONAL,TEN OCLOCK,PASSENGER CAR,CHANGING LANES,West,30,No,No,2017,HYUNDAI,ELANTRA,39.152775,-77.06595333,"(39.152775, -77.06595333)"
MCP3040004G,200007401,Montgomery County Police,Property Damage Crash,02/13/2020 06:15:00 PM,County,GOLD MINE RD,OLNEY MILL RD,,N/A,,SINGLE VEHICLE,CLEAR,DRY,DARK LIGHTS ON,N/A,N/A,,75EF7D4E-D12C-43C6-8D45-E75E985532A5,Yes,NO APPARENT INJURY,N/A,LOOKED BUT DID NOT SEE,MD,70A60B62-E9E3-4C23-AA8C-1BAEE9EFFBA8,SUPERFICIAL,TWELVE OCLOCK,PASSENGER CAR,MOVING CONSTANT SPEED,West,25,No,No,2007,HONDA,FIT,39.17176833,-77.063705,"(39.17176833, -77.063705)"
MCP229800VY,210008902,Montgomery County Police,Property Damage Crash,03/09/2021 02:54:00 PM,,LOCBURY DR,WATERS ROE TERRACE,,N/A,,SINGLE VEHICLE,CLEAR,DRY,DAYLIGHT,NO CONTROLS,NONE DETECTED,,2E4BE5F2-7C26-486F-AC71-0DB8C1928D46,Yes,NO APPARENT INJURY,N/A,NOT DISTRACTED,MD,F72E3F60-D8BE-43DD-A310-0DB8A2551A1C,FUNCTIONAL,TWELVE OCLOCK,(SPORT) UTILITY VEHICLE,PARKING,Unknown,25,No,No,2015,TOYT,4RUNNER,39.18930124,-77.2670884,"(39.18930124, -77.2670884)"
MCP2008001Z,16013009,MONTGOMERY,Property Damage Crash,03/16/2016 04:45:00 PM,,,,PARKING LOT 10901 WESTLAKE DR.,,,OTHER,CLEAR,,DAYLIGHT,N/A,NONE DETECTED,,1302A7CF-0B33-4008-B80A-026C8F0EDB3B,Yes,NO APPARENT INJURY,N/A,NOT DISTRACTED,MD,148CF966-EB18-4829-B911-0D356C32C3F5,NO DAMAGE,SIX OCLOCK,SCHOOL BUS,BACKING,West,0,No,No,2007,THOM,BUS,39.03684167,-77.146045,"(39.03684167, -77.146045)"
MCP3309001Z,230061169,Montgomery County Police,Property Damage Crash,10/17/2023 11:17:00 PM,Maryland (State),NEW HAMPSHIRE AVE,BRIGHTON KNOLLS DR,,N/A,,SINGLE VEHICLE,CLEAR,DRY,DARK NO LIGHTS,NO CONTROLS,NONE DETECTED,,46F250A9-A669-440F-B408-4085AF5A9BD9,Yes,NO APPARENT INJURY,N/A,NOT DISTRACTED,MD,90878505-2625-4684-8F83-D179A197575D,DESTROYED,TWELVE OCLOCK,PASSENGER CAR,NEGOTIATING A CURVE,South,40,No,No,1997,HOND,CP,39.18719263,-77.02505137,"(39.18719263, -77.02505137)"
MCP3018002H,180010925,Montgomery County Police,Property Damage Crash,03/03/2018 02:16:00 PM,Maryland (State),GEORGIA AVE,EMORY CHURCH RD,,N/A,,SAME DIR REAR END,CLEAR,DRY,DAYLIGHT,TRAFFIC SIGNAL,NONE DETECTED,,FAFC4822-E534-4267-B5AB-A0115A060253,Yes,NO APPARENT INJURY,"N/A, TRAFFIC CONTROL DEVICE INOPERATIVE",UNKNOWN,VA,002E0992-CE8F-4EB9-A6D6-69B1960A1046,DISABLING,TWELVE OCLOCK,(SPORT) UTILITY VEHICLE,SLOWING OR STOPPING,South,50,No,No,2007,FORD,EXPEDITION,39.13075333,-77.07104667,"(39.13075333, -77.07104667)"
MCP24980021,220029375,Montgomery County Police,Property Damage Crash,07/08/2022 06:38:00 PM,,,,"IN THE PARKING LOT OF 19945 CENTURY BOULEVARD, GERMANTOWN MD 20874 (CHIC-FIL-A)",,,OTHER,CLEAR,,DAYLIGHT,NO CONTROLS,NONE DETECTED,,4309EAEE-6085-4C3A-8C61-3FBD2409AD7B,No,NO APPARENT INJURY,N/A,NOT DISTRACTED,MD,A5BA8D0B-F55F-40D8-B45D-A11D5DE65F3F,DISABLING,ELEVEN OCLOCK,PASSENGER CAR,UNKNOWN,Unknown,20,No,No,2010,TOYOTA,CAMRY,39.1835603,-77.2623521,"(39.1835603, -77.2623521)"
MCP2906002P,200008905,Montgomery County Police,Property Damage Crash,02/22/2020 07:40:00 PM,County,DIAMONDBACK DR,SAM EIG HWY,,N/A,,SAME DIRECTION RIGHT TURN,CLEAR,DRY,DARK LIGHTS ON,TRAFFIC SIGNAL,N/A,,D2758E19-2274-424A-8870-42770FC69696,No,NO APPARENT INJURY,N/A,NOT DISTRACTED,MD,0CD0C71D-55E5-4059-9182-D785C3BE1715,SUPERFICIAL,TWELVE OCLOCK,CROSS COUNTRY BUS,MAKING LEFT TURN,East,25,No,No,2016,GILL,BU,39.11458333,-77.20936167,"(39.11458333, -77.20936167)"
MCP2760001F,170537672,Montgomery County Police,Injury Crash,10/19/2017 09:43:00 PM,Maryland (State),WOODFIELD RD,WARFIELD RD,,N/A,,STRAIGHT MOVEMENT ANGLE,CLEAR,DRY,DARK LIGHTS ON,TRAFFIC SIGNAL,N/A,,2A0BBD54-DEC0-4843-B6AC-C75B043A93E3,No,SUSPECTED MINOR INJURY,N/A,NOT DISTRACTED,MD,A4BC86BC-146C-4B99-B7BB-D26B73971FCB,DISABLING,TWO OCLOCK,PASSENGER CAR,MOVING CONSTANT SPEED,East,45,No,No,2016,NISSAN,SENTRA,39.19514167,-77.15316167,"(39.19514167, -77.15316167)"
MCP2356001C,190033172,Montgomery County Police,Injury Crash,07/12/2019 05:20:00 PM,Maryland (State),W MONTGOMERY AVE,W GUDE DR,,ROCKVILLE,,SAME DIR REAR END,N/A,DRY,DAYLIGHT,N/A,NONE DETECTED,,7F15F735-5010-46AE-9038-11A5E7E62BFE,Yes,NO APPARENT INJURY,N/A,UNKNOWN,MD,CE7A17B1-921B-4AD8-BE29-F38261E03DCC,SUPERFICIAL,TWELVE OCLOCK,PASSENGER CAR,MOVING CONSTANT SPEED,North,40,No,No,2016,PORS,MACAN S,39.10036167,-77.18514333,"(39.10036167, -77.18514333)"
MCP1022009S,180047911,Montgomery County Police,Property Damage Crash,09/25/2018 02:43:00 PM,County,BRINK RD,LEAMAN LA,,N/A,,SINGLE VEHICLE,CLOUDY,WET,DAYLIGHT,NO CONTROLS,NONE DETECTED,,E2D1272C-57E8-451F-B24D-C44A49C9D7BE,Yes,NO APPARENT INJURY,N/A,NOT DISTRACTED,MD,147BD48A-CEAB-4671-B1FF-170FFDAC738C,DISABLING,TWELVE OCLOCK,(SPORT) UTILITY VEHICLE,MOVING CONSTANT SPEED,East,40,No,No,2016,DODG,JOURNEY,39.207635,-77.22433833,"(39.207635, -77.22433833)"
MCP1419000S,15033132,MONTGOMERY,Property Damage Crash,07/07/2015 07:32:00 AM,Interstate (State),EISENHOWER MEMORIAL HWY,FALLS RD,,N/A,,SAME DIR REAR END,CLOUDY,DRY,DAYLIGHT,N/A,NONE DETECTED,,F6696EF7-AD17-4920-91A1-532F469D1476,Yes,NO APPARENT INJURY,N/A,NOT DISTRACTED,MD,BF146931-6B1D-422C-A02C-B1BE270FB7CF,SUPERFICIAL,TWELVE OCLOCK,POLICE VEHICLE/NON EMERGENCY,SLOWING OR STOPPING,South,55,No,No,2013,FORD,INTERCEPTOR UTILITY,39.07268638,-77.16306567,"(39.07268638, -77.16306567)"
MCP20460090,180048214,Montgomery County Police,Property Damage Crash,09/27/2018 06:23:00 AM,,,,PARKING LOT OF 11920 BOURNEFIELD WAY,,,SAME DIR REAR END,CLEAR,,DARK LIGHTS ON,N/A,NONE DETECTED,,52FD77AD-B096-40DA-A451-DB63CE9DFDF5,Yes,NO APPARENT INJURY,N/A,NOT DISTRACTED,MD,094C7627-59C1-4252-8E87-BFED78D8E80F,FUNCTIONAL,TWELVE OCLOCK,SCHOOL BUS,STARTING FROM PARKED,South,0,No,No,2018,FRHT,BU,39.054215,-76.964965,"(39.054215, -76.964965)"