Report Number,Local Case Number,Agency Name,ACRS Report Type,Crash Date/Time,Route Type,Road Name,Cross-Street Name,Off-Road Description,Municipality,Related Non-Motorist,Collision Type,Weather,Surface Condition,Light,Traffic Control,Driver Substance Abuse,Non-Motorist Substance Abuse,Person ID,Driver At Fault,Injury Severity,Circumstance,Driver Distracted By,Drivers License State,Vehicle ID,Vehicle Damage Extent,Vehicle First Impact Location,Vehicle Body Type,Vehicle Movement,Vehicle Going Dir,Speed Limit,Driverless Vehicle,Parked Vehicle,Vehicle Year,Vehicle Make,Vehicle Model,Latitude,Longitude,Location
HA2386000W,20000510,Maryland-National Capital,Injury Crash,02/25/2020 02:45:00 PM,Government,BEACH DR,KNOWLES AVE,,N/A,,OTHER,RAINING,WET,DAYLIGHT,NO CONTROLS,N/A,,A98FD516-093B-4E6D-81E3-B691B9669697,Yes,NO APPARENT INJURY,"N/A, WET",NOT DISTRACTED,MD,FC88412F-2897-46F3-A23A-A8D13682E6EE,DISABLING,TWELVE OCLOCK,PASSENGER CAR,MOVING CONSTANT SPEED,North,25,No,No,1998,BUIC,4S,39.0266,-77.093099,"(39.0266, -77.093099)"
MCP3093003P,220016832,Montgomery County Police,Property Damage Crash,04/20/2022 04:32:00 PM,Maryland (State),WISCONSIN AVE,WESTERN AVE (DC MAINT),,N/A,,OTHER,CLEAR,DRY,DAYLIGHT,N/A,N/A,,AD1FDCF3-9E8D-4F9B-A6B5-9501FC755312,No,NO APPARENT INJURY,N/A,NOT DISTRACTED,DC,99666A38-A8DE-4E68-8D23-77B525A49B29,SUPERFICIAL,EIGHT OCLOCK,TRANSIT BUS,STOPPED IN TRAFFIC LANE,North,30,No,No,2016,GILL,BU,38.961175,-77.08589833,"(38.961175, -77.08589833)"
MCP2438000W,17003524,Montgomery County Police,Property Damage Crash,01/20/2017 06:25:00 PM,County,CHERRY HILL RD,ENT TO BUSINESS,,N/A,,SAME DIR REAR END,CLOUDY,WET,DARK LIGHTS ON,N/A,N/A,,95357A81-D91D-42E7-B830-EEFD10D657CF,No,NO APPARENT INJURY,"N/A, WET",UNKNOWN,MD,DA7930DC-98B6-4D5E-9337-72F2A5026F83,SUPERFICIAL,SIX OCLOCK,PASSENGER CAR,SLOWING OR STOPPING,West,40,No,No,2015,JEEP,COMPASS,39.06128333,-76.957895,"(39.06128333, -76.957895)"
MCP1119000M,15004304,Montgomery County Police,Injury Crash,01/27/2015 11:35:00 AM,County,RANDOLPH RD,ATHERTON DR,,N/A,,OTHER,CLEAR,WET,DAYLIGHT,NO CONTROLS,NONE DETECTED,,FBA9515F-7BA1-416E-8940-EBF126EF8B0D,No,NO APPARENT INJURY,"N/A, WET",NOT DISTRACTED,MD,ACD7E3AA-0554-4D5E-911D-498F19FEEDD6,DISABLING,THREE OCLOCK,PASSENGER CAR,MOVING CONSTANT SPEED,West,35,No,No,1998,NISSAN,MAXIMA,39.07808333,-77.13042,"(39.07808333, -77.13042)"
MCP1168000D,15058436,MONTGOMERY,Injury Crash,11/16/2015 11:02:00 AM,Maryland (State),OLNEY LAYTONSVILLE RD,OLNEY MILL RD,,N/A,,OTHER,CLEAR,DRY,DAYLIGHT,TRAFFIC SIGNAL,NONE DETECTED,,571D09DB-D106-4FA0-A1A2-175CB296F3E9,No,NO APPARENT INJURY,N/A,NOT DISTRACTED,MD,4AF9A8CB-1BC4-4E78-9230-6A782AAB2F7E,FUNCTIONAL,THREE OCLOCK,"CARGO VAN/LIGHT TRUCK 2 AXLES (OVER 10,000LBS (4,536 KG))",STOPPED IN TRAFFIC LANE,South,30,No,No,2006,FORD,TK,39.16513667,-77.08360167,"(39.16513667, -77.08360167)"
EJ7869003K,240024275,GAITHERSBURG,Property Damage Crash,05/22/2024 05:40:00 PM,Municipality Route,PEONY DR,,,,,Rear To Side,Clear,Dry,Daylight,No Controls,"Not Suspect of Alcohol Use, Not Suspect of Drug Use",,B32DD9B2-BC96-49A9-ABFE-2CCBAE395031,No,No Apparent Injury,,Unknown,MD,8CDAAE20-3437-4533-A21C-38AFF2ADBDD9,Disabling,Twelve O Clock,Passenger Car,Moving Constant Speed,,30,No,No,2015,HONDA,CIVIC,39.13662933,-77.19266183,"(39.13662933, -77.19266183)"
MCP2976003M,200019504,Montgomery County Police,Property Damage Crash,05/15/2020 04:48:00 AM,US (State),COLUMBIA PIKE,STEWART LA,,N/A,,STRAIGHT MOVEMENT ANGLE,CLEAR,DRY,DARK LIGHTS ON,TRAFFIC SIGNAL,NONE DETECTED,,AF6A5670-3AD1-4ACB-9809-24FBE72D45AC,Yes,NO APPARENT INJURY,N/A,LOOKED BUT DID NOT SEE,MD,2F82B489-5FC3-425F-9C45-E8D431BC7BEB,DISABLING,TWELVE OCLOCK,PASSENGER CAR,MAKING LEFT TURN,South,50,No,No,2018,MAZDA,CX5,39.0473,-76.98581,"(39.0473, -76.98581)"
MCP3038000R,170527189,Montgomery County Police,Property Damage Crash,08/27/2017 04:29:00 PM,Maryland (State),OLD GEORGETOWN RD,TUCKERMAN LA,,N/A,,ANGLE MEETS RIGHT TURN,CLEAR,DRY,DAYLIGHT,TRAFFIC SIGNAL,N/A,,ED525DB5-BF23-4C35-ACA7-D21AA062F905,No,NO APPARENT INJURY,N/A,NOT DISTRACTED,MD,D3CA7914-659F-4634-98B9-7E62B10B575E,FUNCTIONAL,TWELVE OCLOCK,PASSENGER CAR,MOVING CONSTANT SPEED,North,45,No,No,2014,DODG,CHARGER,39.03431667,-77.12460167,"(39.03431667, -77.12460167)"
DD55940038,180035633,Rockville Police Departme,Property Damage Crash,07/18/2018 11:00:00 AM,Municipality,CASEY LA,PRETTYMAN DR,,ROCKVILLE,,OTHER,CLEAR,DRY,DAYLIGHT,STOP SIGN,UNKNOWN,,651B5CE7-CB8A-4881-B6E0-5DE2001D0E6D,Unknown,NO APPARENT INJURY,N/A,UNKNOWN,,B195F11E-8707-4012-891C-132E51D518D0,UNKNOWN,FIVE OCLOCK,,MAKING LEFT TURN,East,25,No,No,0,UNKNOWN,UNKNOWN,39.09378135,-77.192173,"(39.09378135, -77.192173)"
MCP3012005Y,200003341,Montgomery County Police,Injury Crash,01/21/2020 09:14:00 AM,County,RANDOLPH RD,GARDEN GATE RD,,N/A,,STRAIGHT MOVEMENT ANGLE,CLEAR,DRY,DAYLIGHT,TRAFFIC SIGNAL,NONE DETECTED,,34236E34-1ADE-42D3-8B66-B0337093F9E1,Yes,NO APPARENT INJURY,N/A,INATTENTIVE OR LOST IN THOUGHT,MD,DAA06A85-AA9D-4BD9-B436-F39E36BEDDC7,FUNCTIONAL,EIGHT OCLOCK,(SPORT) UTILITY VEHICLE,MOVING CONSTANT SPEED,East,40,No,No,2019,TOYOTA,HIGHLANDER,39.06409678,-77.03912665,"(39.06409678, -77.03912665)"
MCP26790028,170545480,Montgomery County Police,Property Damage Crash,11/28/2017 10:30:00 PM,Maryland (State),GEORGIA AVE,RAMP 4 FR MD 97 NB TO IS 495 EB,,N/A,,SAME DIR REAR END,N/A,DRY,DARK LIGHTS ON,NO CONTROLS,NONE DETECTED,,7F034610-B4B8-4655-90E4-4A80AB340CCF,No,NO APPARENT INJURY,N/A,NOT DISTRACTED,VA,DF5116BB-FFC4-4BA2-8B4C-8C8C3154CA58,SUPERFICIAL,SIX OCLOCK,PASSENGER CAR,STOPPED IN TRAFFIC LANE,North,35,No,No,2011,BMW,X3,39.01349858,-77.04190493,"(39.01349858, -77.04190493)"
MCP28120050,190019217,Montgomery County Police,Injury Crash,04/24/2019 03:33:00 PM,US (State),COLESVILLE RD,WOODSIDE PKWY,,N/A,,STRAIGHT MOVEMENT ANGLE,CLEAR,DRY,DAYLIGHT,NO CONTROLS,N/A,,768C57D1-D594-45D5-A601-3194EC08859D,Yes,POSSIBLE INJURY,N/A,NOT DISTRACTED,MD,2C62C6A2-2C16-40E9-BBB6-A90B26708541,DISABLING,TWO OCLOCK,PASSENGER CAR,MAKING LEFT TURN,South,35,No,No,2017,HYUNDAI,TUSCON,39.002819,-77.02434179,"(39.002819, -77.02434179)"
MCP2892003G,170541350,Montgomery County Police,Injury Crash,11/06/2017 07:25:00 PM,Maryland (State),GEORGIA AVE,RAMP 3 FR IS 495 EB TO MD 97 NB,,N/A,,SAME DIR REAR END,CLEAR,DRY,DARK LIGHTS ON,NO CONTROLS,NONE DETECTED,,0E968F52-327B-4BE0-9D96-D79214D2CE6E,No,NO APPARENT INJURY,N/A,NOT DISTRACTED,WV,2F2F02C6-5C0C-44D3-83D5-95DFA308E9DB,SUPERFICIAL,SIX OCLOCK,PASSENGER CAR,SLOWING OR STOPPING,North,15,No,No,2013,HYUN,4D,39.01301833,-77.04162167,"(39.01301833, -77.04162167)"
MCP2967004P,210006871,Montgomery County Police,Property Damage Crash,02/22/2021 08:08:00 PM,Maryland (State),EAST WEST HWY,CURTIS ST,,N/A,,SAME DIRECTION SIDESWIPE,CLEAR,WET,DARK LIGHTS ON,N/A,UNKNOWN,,5E3A0B79-11C7-4C80-AE3B-10B98D7D40B3,No,NO APPARENT INJURY,N/A,UNKNOWN,,534ED48C-1507-4419-A56D-5760D8F6AD31,SUPERFICIAL,TWELVE OCLOCK,,MOVING CONSTANT SPEED,East,35,No,No,0,UNKNOWN,UNKNOWN,38.98898055,-77.07185899,"(38.98898055, -77.07185899)"
MCP2927001M,17005475,Montgomery County Police,Injury Crash,01/31/2017 07:07:00 PM,Maryland (State),GEORGIA AVE,RAMP 4 FR MD 97 NB TO IS 495 EB,,N/A,,OTHER,N/A,N/A,DARK LIGHTS ON,N/A,NONE DETECTED,,EAB11154-B5A9-4781-95C4-AE7F042327AB,No,NO APPARENT INJURY,N/A,NOT DISTRACTED,DC,11830799-E58D-4FAE-B878-1626EF3D4AE6,DISABLING,TWELVE OCLOCK,PASSENGER CAR,MOVING CONSTANT SPEED,South,35,No,No,2013,MERCEDES,4 DOOR,39.01300152,-77.04186469,"(39.01300152, -77.04186469)"
MCP2848002Z,16025102,Montgomery County Police,Property Damage Crash,05/20/2016 02:43:00 PM,County,HOWARD AVE,SUMMIT AVE,,N/A,,SAME DIRECTION SIDESWIPE,CLEAR,DRY,DAYLIGHT,NO CONTROLS,NONE DETECTED,,44FDEC2D-AD19-4117-9838-48A82F525F2A,No,NO APPARENT INJURY,N/A,NOT DISTRACTED,MD,5684C5C5-9A6C-4947-9D64-EB16EAE552A9,DISABLING,ELEVEN OCLOCK,PICKUP TRUCK,MAKING LEFT TURN,East,25,No,No,2013,FORD,F150,39.02966667,-77.07884333,"(39.02966667, -77.07884333)"
MCP2039001F,15059811,MONTGOMERY,Property Damage Crash,11/23/2015 09:12:00 AM,County,BEL PRE RD,GAINES AVE,,N/A,,SAME DIR REAR END,CLEAR,DRY,DAYLIGHT,NO CONTROLS,N/A,,8DAB84F5-706D-490F-BF1F-2914E87F92C9,Yes,NO APPARENT INJURY,N/A,NOT DISTRACTED,MD,757A598A-EF92-4886-A142-E4F582FC191C,DISABLING,TWELVE OCLOCK,PASSENGER CAR,MOVING CONSTANT SPEED,West,25,No,No,2014,BMW,X5,39.195075,-77.26062,"(39.195075, -77.26062)"
MCP2254002N,190054284,Montgomery County Police,Property Damage Crash,11/11/2019 07:45:00 AM,Maryland (State),RIDGE RD,OAK DR,,N/A,,SAME DIR REAR END,CLEAR,DRY,DAYLIGHT,N/A,NONE DETECTED,,492D6582-760A-4C2B-B8BB-7CC7AF1EF827,Yes,NO APPARENT INJURY,N/A,NOT DISTRACTED,MD,96AD0EA1-6AC4-4C8E-B2A7-EC66AF01776E,DISABLING,TWELVE OCLOCK,PASSENGER CAR,MOVING CONSTANT SPEED,North,45,No,No,2018,SUBARU,IMPREZA,39.27416645,-77.21528276,"(39.27416645, -77.21528276)"
MCP2784002R,16055382,Montgomery County Police,Property Damage Crash,10/27/2016 08:25:00 AM,,,,"REAR PARKING LOT OF THE 4TH DISTRICT STATION LOCATED AT 2300 RANDOLPH ROAD WHEATON, MD 20902.",,,UNKNOWN,CLEAR,,UNKNOWN,NO CONTROLS,N/A,,3ACBCAB7-D524-436D-8213-8383D495E4BF,Yes,NO APPARENT INJURY,N/A,UNKNOWN,,20CCCE65-FD55-412A-A420-F6905D69861C,UNKNOWN,UNKNOWN,,PARKED,,5,No,Yes,0,UNKNOWN,UNKNOWN,39.05834667,-77.04788167,"(39.05834667, -77.04788167)"
MCP33340029,240002431,MONTGOMERY,Injury Crash,01/15/2024 06:35:00 PM,County Route,PARK VALLEY RD,,,,,"Sideswipe, Same Direction",Snow,Snow,Dark - Not Lighted,No Controls,"Not Suspect of Alcohol Use, Not Suspect of Drug Use",,8E6AA904-8BE5-4741-A27C-6FDC23649806,Yes,Possible Injury,"Swerved or Avoided Due to Wind, Slippery Surface, Motor Vehicle, Object, Non-Motorist in Roadway, etc",Unknown,MD,C4E62B8F-3B30-46A1-A039-4AC3DC5D41DC,Functional,Twelve O Clock,Sport Utility Vehicle,Moving Constant Speed,Northbound,15,No,No,2015,RAM,UNKNOWN,38.9897918,-77.00705698,"(38.9897918, -77.00705698)"
EJ78790024,220026495,Gaithersburg Police Depar,Injury Crash,06/19/2022 11:00:00 PM,Maryland (State),CLOPPER RD,W WATKINS MILL RD,,GAITHERSBURG,,HEAD ON LEFT TURN,CLEAR,DRY,DARK LIGHTS ON,TRAFFIC SIGNAL,NONE DETECTED,,38D3D39B-792E-4BE9-A950-E692626BE3CB,No,SUSPECTED MINOR INJURY,N/A,NOT DISTRACTED,MD,E3D5E970-D611-449E-A17B-3BBBA6EA1E14,DISABLING,TWELVE OCLOCK,PASSENGER CAR,MOVING CONSTANT SPEED,East,35,No,No,2017,MINI,2S,39.1476056,-77.23275103,"(39.1476056, -77.23275103)"
MCP2314000Z,170540008,Montgomery County Police,Injury Crash,10/31/2017 03:42:00 PM,County,PARKLAWN DR,WILKINS AVE,,N/A,,SAME DIR REAR END,CLEAR,DRY,DAYLIGHT,TRAFFIC SIGNAL,NONE DETECTED,,0D2C2E56-F7BA-4A20-A38A-C619093AE0E0,No,POSSIBLE INJURY,N/A,NOT DISTRACTED,MD,EE1F2527-AB4C-4E50-8A6B-FC187A7C36C9,FUNCTIONAL,SIX OCLOCK,PASSENGER CAR,STARTING FROM LANE,East,30,No,No,2012,HOND,4S/CIVIC,39.06089667,-77.11206333,"(39.06089667, -77.11206333)"
MCP2736001Y,15005538,Montgomery County Police,Property Damage Crash,02/03/2015 07:56:00 PM,Interstate (State),CAPITAL BELTWAY,RIVER RD,,N/A,,SAME DIR REAR END,CLEAR,DRY,DARK LIGHTS ON,NO CONTROLS,NONE DETECTED,,CB7E1D08-0305-4C18-A0C8-276310621865,Yes,NO APPARENT INJURY,N/A,NOT DISTRACTED,VA,574E90EE-8638-4005-90A5-B13283BAECFA,FUNCTIONAL,TWELVE OCLOCK,PASSENGER CAR,CHANGING LANES,East,55,No,No,2012,DODGE,4X4,38.982595,-77.16793667,"(38.982595, -77.16793667)"
EJ7895005C,240013518,GAITHERSBURG,Property Damage Crash,03/21/2024 01:50:00 PM,County Route,OMEGA DR,FIELDS RD,,,,Front to Rear,Clear,Dry,Daylight,Traffic Control Signal,"Not Suspect of Alcohol Use, Not Suspect of Drug Use",,979ED978-5CFC-4128-8845-7B791C5D63A2,No,No Apparent Injury,,Unknown,MD,B5134C65-AB6A-464C-8B05-648536ACADDA,Functional,Eleven O Clock,Passenger Car,Turning Left,Eastbound,35,No,No,2024,CHEVROLET,TRAX,39.11161245,-77.19282962,"(39.11161245, -77.19282962)"
MCP24660020,170527340,Montgomery County Police,Property Damage Crash,08/28/2017 02:50:00 PM,Maryland (State),NEW HAMPSHIRE AVE,ASHTON RD,,N/A,,SAME DIR REAR END,CLEAR,DRY,DAYLIGHT,NO CONTROLS,NONE DETECTED,,BD5D0B09-3FC5-48B9-ADB8-912AD51A206F,No,NO APPARENT INJURY,N/A,NOT DISTRACTED,MD,4E6B1222-CB40-4D41-A46A-24595FC7DEA5,FUNCTIONAL,SIX OCLOCK,PICKUP TRUCK,SLOWING OR STOPPING,South,30,No,No,2011,DODG,TK,39.147825,-77.01107167,"(39.147825, -77.01107167)"
MCP0251001F,180025558,Montgomery County Police,Property Damage Crash,05/24/2018 07:05:00 PM,County,MIDDLEBROOK RD,LOCBURY DR,,N/A,,STRAIGHT MOVEMENT ANGLE,CLEAR,DRY,DAYLIGHT,NO CONTROLS,NONE DETECTED,,3ED220CB-1CCC-4B9F-9B8A-F720D991FB71,Yes,NO APPARENT INJURY,N/A,LOOKED BUT DID NOT SEE,AL,05C41AE1-BC7C-4AC0-A82D-F777BDBD1BFE,DISABLING,ONE OCLOCK,PASSENGER CAR,ENTERING TRAFFIC LANE,South,40,No,No,2015,HOND,4S,39.18290667,-77.27063667,"(39.18290667, -77.27063667)"
MCP3395000D,240002325,MONTGOMERY,Injury Crash,01/15/2024 07:19:00 AM,Maryland (State) Route,EAST WEST HWY,,,,,Front to Rear,Snow,Slush,Daylight,Flashing Traffic Control Signal,"Not Suspect of Alcohol Use, Not Suspect of Drug Use",,23F2625E-01BD-46BE-9A4F-0FBDA2F34997,No,No Apparent Injury,,Not Distracted,MD,88060134-6BCF-48A2-9EA2-750EAE581E01,Disabling,Twelve O Clock,Passenger Car,Slowing or Stopping,Eastbound,35,No,No,2022,TOYOTA,CAMRY,38.99261681,-77.06085124,"(38.99261681, -77.06085124)"
MCP3020003D,190010043,Montgomery County Police,Property Damage Crash,03/04/2019 08:25:00 AM,County,BEL PRE RD,HOMECREST RD,,N/A,,STRAIGHT MOVEMENT ANGLE,CLOUDY,WET,DAYLIGHT,NO CONTROLS,NONE DETECTED,,E9A88F9D-8C9F-4926-849A-B37D5BAC301D,No,NO APPARENT INJURY,N/A,NOT DISTRACTED,MD,202B29D9-412D-49A0-9E1B-E7CFE707E085,SUPERFICIAL,TWELVE OCLOCK,SCHOOL BUS,STOPPED IN TRAFFIC LANE,North,35,No,No,2011,THOMAS,SCHOOL BUS,39.090855,-77.06236333,"(39.090855, -77.06236333)"
MCP2460000C,15064077,MONTGOMERY,Property Damage Crash,12/15/2015 03:16:00 PM,County,RANDOLPH RD,GEORGIA AVE,,N/A,,SAME DIR REAR END,CLEAR,DRY,DAYLIGHT,TRAFFIC SIGNAL,NONE DETECTED,,30391740-5BCD-4A12-8D89-47D7B8974750,Yes,NO APPARENT INJURY,N/A,NOT DISTRACTED,MD,0C6AF6B4-F310-4A0B-A47B-0A9895963F38,FUNCTIONAL,TWELVE OCLOCK,RECREATIONAL VEHICLE,SLOWING OR STOPPING,West,40,No,No,2010,THOMAS,BUS,39.05804196,-77.04986572,"(39.05804196, -77.04986572)"
DD5611003R,170542001,Rockville Police Departme,Property Damage Crash,11/10/2017 08:05:00 AM,,,,PARKING LOT AT 651 GREAT FALLS RD,,,SAME DIR REAR END,CLEAR,,DAYLIGHT,NO CONTROLS,NONE DETECTED,,E673C95D-ACBE-4AEB-8DE1-8564CED83518,Yes,NO APPARENT INJURY,N/A,NOT DISTRACTED,MD,65A9790E-AD1E-4CA4-BB71-986B6BB5B10F,SUPERFICIAL,TWELVE OCLOCK,PASSENGER CAR,MOVING CONSTANT SPEED,South,5,No,No,2013,MAZ,CX9,39.07760167,-77.16381833,"(39.07760167, -77.16381833)"
MCP1113004L,220050978,Montgomery County Police,Property Damage Crash,11/18/2022 08:38:00 AM,Maryland (State),RIDGE RD,BETHESDA CHURCH RD,,N/A,,SAME DIR REAR END,CLEAR,DRY,DAYLIGHT,TRAFFIC SIGNAL,NONE DETECTED,,79B7B086-1227-4FA6-A0D1-3CD3A56B593A,No,NO APPARENT INJURY,N/A,NOT DISTRACTED,MD,BDC27639-9E4B-4D2F-AF10-4122FCCBDB4C,FUNCTIONAL,SIX OCLOCK,(SPORT) UTILITY VEHICLE,STOPPED IN TRAFFIC LANE,South,30,No,No,2023,HYUN,PALISADE,39.28556167,-77.209855,"(39.28556167, -77.209855)"
MCP302600DV,250027162,MONTGOMERY,Property Damage Crash,06/18/2025 12:04:00 PM,,,,Parking Stall        PARKING LOT FOR 9812 FALLS ROAD,,,"Sideswipe, Same Direction",Clear,,Daylight,,"Not Suspect of Alcohol Use, Not Suspect of Drug Use",,3D62A746-E0D0-403C-8BF5-CD388BDF1E04,Yes,No Apparent Injury,"Failed to Keep in Proper Lane, Other Improper Action",Not Distracted,MD,E9120C8B-D698-4558-9319-094922DCA39D,Superficial,One O Clock,Passenger Car,Slowing or Stopping,Eastbound,0,No,No,2018,HONDA,CR-V,39.01775208,-77.21042774,"(39.01775208, -77.21042774)"
EJ7747001N,160200143,Gaithersburg Police Depar,Property Damage Crash,04/24/2016 08:05:00 AM,Maryland (State),GREAT SENECA HWY,HIGH GABLES DR,,N/A,,SINGLE VEHICLE,CLEAR,DRY,DAYLIGHT,N/A,NONE DETECTED,,F6CB218D-C95D-44C5-8EC8-065C7A6D8164,Yes,NO APPARENT INJURY,N/A,NOT DISTRACTED,MD,0C6333F4-772F-424F-9432-B1367B6DE7AC,DISABLING,ELEVEN OCLOCK,PASSENGER CAR,MOVING CONSTANT SPEED,South,50,No,No,2015,TOYOTA,COROLLA,39.11365833,-77.22276,"(39.11365833, -77.22276)"
MCP3045004L,220006281,Montgomery County Police,Injury Crash,02/13/2022 05:50:00 AM,Maryland (State),ROCKLEDGE BLVD,RAMP 8 FR MD 187B SB TO IS 270 WB,,N/A,,STRAIGHT MOVEMENT ANGLE,SNOW,WET,DARK LIGHTS ON,TRAFFIC SIGNAL,NONE DETECTED,,5BE9C42C-90F1-4A35-9691-A5CDF2C0B420,Yes,SUSPECTED MINOR INJURY,"RAIN, SNOW, WET",LOOKED BUT DID NOT SEE,DC,8D4C7CA2-4CEE-4A4F-8B72-91F1D3A4BFF0,DISABLING,TWELVE OCLOCK,PASSENGER CAR,MOVING CONSTANT SPEED,South,35,No,No,2012,HONDA,PI;OT,39.03107333,-77.13158333,"(39.03107333, -77.13158333)"
MCP3022005B,230060351,Montgomery County Police,Injury Crash,10/13/2023 04:45:00 PM,County,LEWISDALE RD,CLARKSBURG RD,,N/A,,STRAIGHT MOVEMENT ANGLE,CLEAR,DRY,DAYLIGHT,STOP SIGN,N/A,,91A49E13-E3CE-40C9-B5F6-19A8F2650AA6,No,POSSIBLE INJURY,N/A,NOT DISTRACTED,MD,7E1DC1BA-0FF3-4431-ACFF-11E92EC18941,FUNCTIONAL,TWO OCLOCK,PASSENGER CAR,MOVING CONSTANT SPEED,East,40,No,No,2001,CHEV,TK,39.28613221,-77.27177466,"(39.28613221, -77.27177466)"
MCP2399005K,220004758,Montgomery County Police,Injury Crash,02/03/2022 04:50:00 PM,,,,"PARKING LOT OF GAITHERSBURG LIBRARY
18330 MONTGOMERY VILLAGE AVE",,,SAME DIR REAR END,RAINING,,DAYLIGHT,N/A,NONE DETECTED,,823DFDFB-EA81-4A9F-A29D-8EE347C8CFA7,Yes,SUSPECTED MINOR INJURY,N/A,NOT DISTRACTED,MD,6689AA97-2CC2-44A3-8F5E-E962C231DA0C,DISABLING,SIX OCLOCK,PASSENGER CAR,OTHER,East,10,No,No,2019,HONDA,FIT,39.15843716,-77.20593845,"(39.15843716, -77.20593845)"
MCP24460011,15016670,Montgomery County Police,Injury Crash,04/10/2015 06:56:00 PM,Maryland (State),GERMANTOWN RD,CRYSTAL ROCK DR,,N/A,,STRAIGHT MOVEMENT ANGLE,CLEAR,DRY,DAYLIGHT,TRAFFIC SIGNAL,N/A,,6D47CB5A-0B21-4462-9226-55B24DF3E53A,No,SUSPECTED MINOR INJURY,N/A,NOT DISTRACTED,MD,1902B417-FE76-4D32-8188-565C48B31E73,DISABLING,TWELVE OCLOCK,(SPORT) UTILITY VEHICLE,ACCELERATING,West,40,No,No,2013,SUBARU,FORESTER,39.181042,-77.262297,"(39.181042, -77.262297)"
DD55200022,230029906,Rockville Police Departme,Injury Crash,06/22/2023 10:05:00 AM,Maryland (State),ROCKVILLE PIKE,ENT TO WOODMONT COUNTRY CLUB,,N/A,PEDESTRIAN,OTHER,RAINING,WET,DAYLIGHT,TRAFFIC SIGNAL,NONE DETECTED,NONE DETECTED,C3639890-D6D8-47CB-AC44-0547006A9A7F,No,NO APPARENT INJURY,"N/A, RAIN, SNOW",NOT DISTRACTED,MD,3C4C9B63-F2B9-4F03-88F5-3CEA09CE8372,SUPERFICIAL,TWELVE OCLOCK,PICKUP TRUCK,MOVING CONSTANT SPEED,South,35,No,No,2017,RAM,TK,39.06943262,-77.13072958,"(39.06943262, -77.13072958)"
MCP33950026,240048351,MONTGOMERY,Property Damage Crash,10/10/2024 10:24:00 AM,County Route,EDSON LA,ROCKVILLE PIKE,,,,Single Vehicle,Clear,Dry,Daylight,Pedestrian Crossing,"Not Suspect of Alcohol Use, Not Suspect of Drug Use",,600B8BBA-BCBE-4DA8-99F9-C47DA59002A6,Yes,No Apparent Injury,,Unknown,MD,CDEB7388-DD11-4FEA-BD38-FDAEAE8C6DFD,Disabling,One O Clock,Passenger Car,Turning Left,Eastbound,40,No,No,2018,TOYOTA,PRIUS C,39.040505,-77.109535,"(39.040505, -77.109535)"
MCP2852001V,190015908,Montgomery County Police,Property Damage Crash,04/05/2019 06:48:00 PM,County,SNOWDEN FARM PKWY,GRAND ELM ST,,N/A,,SAME DIRECTION SIDESWIPE,RAINING,WET,DUSK,YIELD SIGN,NONE DETECTED,,61CCBEB4-F4D0-45CC-8CED-439F09C9DC9F,No,NO APPARENT INJURY,"RAIN, SNOW, WET",NOT DISTRACTED,MD,07660662-E93C-41FB-8734-1DF2006F80C1,DISABLING,ONE OCLOCK,PASSENGER CAR,MOVING CONSTANT SPEED,West,35,No,No,2015,DODG,TK,39.23005559,-77.25288532,"(39.23005559, -77.25288532)"
MCP137800FS,17001689,Montgomery County Police,Injury Crash,01/10/2017 06:34:00 PM,Maryland (State),MUNCASTER MILL RD,OLDE MILL RUN,,N/A,,SAME DIR REAR END,CLOUDY,DRY,DARK LIGHTS ON,NO CONTROLS,NONE DETECTED,,0030F450-4312-4B40-A13E-F8CAAC8515D5,Yes,NO APPARENT INJURY,N/A,NOT DISTRACTED,MD,F866E0AB-37ED-4570-BA2E-4622D3342A69,DISABLING,TWELVE OCLOCK,PASSENGER CAR,SLOWING OR STOPPING,East,35,No,No,2007,TOYT,PRIUS,39.13989833,-77.13419667,"(39.13989833, -77.13419667)"
MCP12480006,230002107,Montgomery County Police,Property Damage Crash,01/13/2022 01:30:00 PM,Maryland (State),CONNECTICUT AVE,FRANKLIN ST,,CHEVY CHASE VIEW,,STRAIGHT MOVEMENT ANGLE,CLEAR,DRY,DAYLIGHT,STOP SIGN,NONE DETECTED,,704B07F3-5279-4892-9854-EE37C1E11CD0,Yes,NO APPARENT INJURY,N/A,LOOKED BUT DID NOT SEE,MD,08A3FBF3-650A-4B5D-BFD3-2BDE36913ABF,DISABLING,TEN OCLOCK,PASSENGER CAR,ACCELERATING,West,35,No,No,2015,TOYOTA,CAMRY,39.01806548,-77.07792713,"(39.01806548, -77.07792713)"
MCP3227001G,200033790,Montgomery County Police,Property Damage Crash,08/29/2020 03:30:00 PM,Maryland (State),NEW HAMPSHIRE AVE,OAKVIEW DR,,N/A,,SAME DIR REAR END,CLEAR,DRY,DAYLIGHT,NO CONTROLS,NONE DETECTED,,0C66C430-CD01-4829-BF52-93E7B5C9623E,No,NO APPARENT INJURY,N/A,NOT DISTRACTED,MD,89548F62-2E89-45EC-AE71-0CB1938D9C56,SUPERFICIAL,SIX OCLOCK,PASSENGER CAR,SLOWING OR STOPPING,South,45,No,No,2015,TOYOTA,RAV 4,39.01586092,-76.97761726,"(39.01586092, -76.97761726)"
MCP3311002C,240013601,MONTGOMERY,Property Damage Crash,03/21/2024 08:41:00 PM,Spur,,BURLINGTON AVE (WB/L),,,,"Sideswipe, Opposite Direction",Clear,Dry,Dark - Lighted,No Controls,"Unknown, Unknown",,BA1A95E3-BF0F-4DBF-A1DD-C9C63BA7B50A,No,,"Failed to Keep in Proper Lane, Other Improper Action",Unknown,,798F6BB8-C32F-43F2-BD27-244C2653B770,Vehicle Not at Scene,Vehicle Not at Scene,Sport Utility Vehicle,Moving Constant Speed,Westbound,35,No,No,2019,SUBARU,CROSSTREK,38.98793797,-77.02411856,"(38.98793797, -77.02411856)"