Report Number,Local Case Number,Agency Name,ACRS Report Type,Crash Date/Time,Route Type,Road Name,Cross-Street Name,Off-Road Description,Municipality,Related Non-Motorist,Collision Type,Weather,Surface Condition,Light,Traffic Control,Driver Substance Abuse,Non-Motorist Substance Abuse,Person ID,Driver At Fault,Injury Severity,Circumstance,Driver Distracted By,Drivers License State,Vehicle ID,Vehicle Damage Extent,Vehicle First Impact Location,Vehicle Body Type,Vehicle Movement,Vehicle Going Dir,Speed Limit,Driverless Vehicle,Parked Vehicle,Vehicle Year,Vehicle Make,Vehicle Model,Latitude,Longitude,Location
MCP22860023,180031944,Montgomery County Police,Property Damage Crash,06/28/2018 08:46:00 PM,Municipality,N STONESTREET AVE,WOODLAND RD,,ROCKVILLE,,SAME DIR REND LEFT TURN,CLEAR,DRY,DUSK,NO CONTROLS,NONE DETECTED,,9B0BEFF6-30F0-4175-A426-8579D76FF08B,Yes,NO APPARENT INJURY,N/A,NOT DISTRACTED,MD,EC074CBA-FD36-458A-B453-FE358D0E27A0,SUPERFICIAL,ONE OCLOCK,PASSENGER CAR,SLOWING OR STOPPING,South,25,No,No,2010,NISSAN,XTERRA,39.08731,-77.14776667,"(39.08731, -77.14776667)"
MCP2923007Y,210027538,Montgomery County Police,Property Damage Crash,07/16/2021 06:27:00 PM,Maryland (State),VEIRS MILL RD,ENT TO WHEATON PLAZA,,N/A,,SAME DIRECTION RIGHT TURN,CLEAR,DRY,DAYLIGHT,STOP SIGN,NONE DETECTED,,6E551116-919A-46FE-9BAB-26C8C6B62671,Yes,NO APPARENT INJURY,N/A,LOOKED BUT DID NOT SEE,MD,C8BC528D-D153-4C8B-9CC2-CA79788EE934,SUPERFICIAL,TWO OCLOCK,TRUCK TRACTOR,MAKING RIGHT TURN,East,25,No,No,2006,VOLVO,TRUCK TRACTOR,39.03659604,-77.05168414,"(39.03659604, -77.05168414)"
MCP29410042,210051746,Montgomery County Police,Property Damage Crash,12/19/2021 04:57:00 PM,Maryland (State),BURLINGTON AVE,GEORGIA AVE,,N/A,,HEAD ON LEFT TURN,CLEAR,DRY,DUSK,TRAFFIC SIGNAL,NONE DETECTED,,91A97736-B290-4730-B2F8-887850ED0B29,Yes,NO APPARENT INJURY,N/A,LOOKED BUT DID NOT SEE,MD,B4FC4583-0AA6-4955-AB7D-90197384294E,DISABLING,ONE OCLOCK,PASSENGER CAR,MAKING LEFT TURN,South,35,No,No,2011,TOYOTA,COROLLA,38.98740833,-77.02668,"(38.98740833, -77.02668)"
MCP137800G6,17012257,Montgomery County Police,Injury Crash,03/08/2017 05:19:00 PM,Ramp,RAMP 7 FR IS 370 WB TO MD 355 SB,FREDERICK RD,,N/A,,SAME DIRECTION SIDESWIPE,CLEAR,DRY,DAYLIGHT,NO CONTROLS,NONE DETECTED,,8909D49F-DA60-411D-B8E7-77825F5F0704,Yes,SUSPECTED MINOR INJURY,N/A,UNKNOWN,MD,095E5427-A325-43C4-AF44-6B70A8976C13,DISABLING,ELEVEN OCLOCK,PASSENGER CAR,CHANGING LANES,West,35,No,No,2016,VOLKSWAGEN,JETTA,39.12443667,-77.17969667,"(39.12443667, -77.17969667)"
DD55670011,230059814,Rockville Police Departme,Property Damage Crash,10/11/2023 09:38:00 AM,Municipality,MARYLAND AVE,E JEFFERSON ST,,N/A,,SINGLE VEHICLE,CLEAR,DRY,DAYLIGHT,TRAFFIC SIGNAL,NONE DETECTED,,88D3AAC5-079B-472D-B336-0AE5F2FEF5B0,Yes,NO APPARENT INJURY,N/A,NOT DISTRACTED,SC,C83EFB2A-7094-42CC-BB33-0512A54F211D,NO DAMAGE,FIVE OCLOCK,TRUCK TRACTOR,MAKING RIGHT TURN,East,25,No,No,2006,PETERBUILT,SEMI,39.08268459,-77.15113887,"(39.08268459, -77.15113887)"
MCP1563002K,16029613,Montgomery County Police,Injury Crash,06/12/2016 04:21:00 PM,Maryland (State),BRADLEY LA,HILLCREST PL #2,,CHEVY CHASE #4,,SAME DIR REAR END,CLEAR,DRY,DAYLIGHT,NO CONTROLS,NONE DETECTED,,C39E6E17-5271-497A-BBB6-567EA92297F7,No,SUSPECTED MINOR INJURY,"N/A, VISION OBSTRUCTION (INCL. BLINDED BY SUN)",NOT DISTRACTED,MD,D82F1A24-DCA8-466D-99DB-3D997A530381,FUNCTIONAL,SIX OCLOCK,(SPORT) UTILITY VEHICLE,STOPPED IN TRAFFIC LANE,East,25,No,No,2015,MERCEDES,GLK350,38.97696165,-77.08204485,"(38.97696165, -77.08204485)"
MCP3148003W,220013572,Montgomery County Police,Injury Crash,03/30/2022 03:00:00 PM,Maryland (State),ROCKVILLE PIKE,GROSVENOR LA,,N/A,,STRAIGHT MOVEMENT ANGLE,CLEAR,DRY,DAYLIGHT,TRAFFIC SIGNAL,NONE DETECTED,,0095A4B1-D651-4D6B-AD9E-5D94C4AD56C3,No,SUSPECTED MINOR INJURY,N/A,NOT DISTRACTED,MD,9FE162CC-6620-4C49-9C4A-BCBC2C8862C6,DISABLING,TWELVE OCLOCK,PASSENGER CAR,MOVING CONSTANT SPEED,South,45,No,No,2011,FORD,FUSION,39.02274333,-77.10299333,"(39.02274333, -77.10299333)"
MCP2864003J,200031738,Montgomery County Police,Property Damage Crash,08/14/2020 04:49:00 PM,County,SHADY GROVE RD,DARNESTOWN RD,,N/A,,STRAIGHT MOVEMENT ANGLE,CLOUDY,DRY,DAYLIGHT,NO CONTROLS,NONE DETECTED,,2F08C05B-1E73-46B1-AEFB-DE4E26E4819B,No,NO APPARENT INJURY,N/A,NOT DISTRACTED,MD,95DB0519-12B8-4BCD-A662-3F0F89B6EA5F,DISABLING,TWELVE OCLOCK,PASSENGER CAR,ACCELERATING,South,40,No,No,2014,HONDA,CRV,39.09269833,-77.19676667,"(39.09269833, -77.19676667)"
MCP2932002D,180046910,Montgomery County Police,Property Damage Crash,09/19/2018 11:40:00 PM,US (State),COLESVILLE RD,DALE DR,,N/A,,SAME DIR REAR END,CLEAR,DRY,DARK LIGHTS ON,TRAFFIC SIGNAL,NONE DETECTED,,B71EFA2C-6D3D-4537-9310-B215A5392264,No,NO APPARENT INJURY,N/A,NOT DISTRACTED,MD,523FE880-A012-4887-B405-BC6AF407137C,FUNCTIONAL,SIX OCLOCK,(SPORT) UTILITY VEHICLE,STARTING FROM LANE,North,35,No,No,2010,HONDA,CRV,39.00474667,-77.02318167,"(39.00474667, -77.02318167)"
MCP3218002D,210050397,Montgomery County Police,Property Damage Crash,12/11/2021 06:27:00 PM,Maryland (State),GEORGIA AVE,GEORGIAN WAY,,N/A,,SAME DIRECTION SIDESWIPE,RAINING,WET,DARK LIGHTS ON,NO CONTROLS,NONE DETECTED,,6B057EE6-215B-42F4-A2D3-EF0B6A14850A,Yes,NO APPARENT INJURY,"N/A, RAIN, SNOW",UNKNOWN,MD,0F52AE6C-DA8D-4027-A782-01BAAF941C0C,SUPERFICIAL,ELEVEN OCLOCK,PASSENGER CAR,MAKING RIGHT TURN,West,25,No,No,2005,TOYOTA,RAV4,39.05469817,-77.05028967,"(39.05469817, -77.05028967)"
EJ7826002X,170549087,Gaithersburg Police Depar,Property Damage Crash,12/17/2017 11:05:00 AM,County,MUDDY BRANCH RD,W DIAMOND AVE,,N/A,,SAME DIR REAR END,CLOUDY,N/A,DAYLIGHT,TRAFFIC SIGNAL,N/A,,5F4B5F44-7E02-4965-94D2-240CF069ADFB,No,NO APPARENT INJURY,N/A,NOT DISTRACTED,MD,70A4D75F-FE07-4DA9-BEA1-894725548CD5,FUNCTIONAL,SIX OCLOCK,PASSENGER CAR,STOPPED IN TRAFFIC LANE,North,45,No,No,2012,FORD,ESCAPE,39.13880333,-77.205355,"(39.13880333, -77.205355)"
MCP3112002Z,190039192,Montgomery County Police,Injury Crash,08/16/2019 05:54:00 PM,Maryland (State),WISCONSIN AVE,MIDDLETON LA,,N/A,PEDESTRIAN,OTHER,N/A,DRY,DAYLIGHT,NO CONTROLS,NONE DETECTED,NONE DETECTED,68F908D3-D838-4778-9FA2-BD0806D7E55D,Yes,NO APPARENT INJURY,N/A,OTHER CELLULAR PHONE RELATED,VA,0E55CD1A-8A5C-41B5-9111-1187A9A12B71,DISABLING,TWELVE OCLOCK,PASSENGER CAR,MOVING CONSTANT SPEED,North,25,No,No,2002,TOYOTA,AVALON,38.98683767,-77.09462283,"(38.98683767, -77.09462283)"
MCP2291001W,170523908,Montgomery County Police,Injury Crash,08/09/2017 03:19:00 PM,Maryland (State),EAST WEST HWY,16TH ST,,N/A,,HEAD ON LEFT TURN,CLEAR,DRY,DAYLIGHT,TRAFFIC SIGNAL,NONE DETECTED,,2FC2CADA-B159-44B3-A314-51FF8982AE5B,Yes,NO APPARENT INJURY,N/A,NOT DISTRACTED,MD,B4A6E797-B1B4-4C4C-A34D-3C09835CFEED,DISABLING,TWELVE OCLOCK,(SPORT) UTILITY VEHICLE,MAKING LEFT TURN,East,35,No,No,2005,HONDA,PILOT,38.99469333,-77.03686,"(38.99469333, -77.03686)"
MCP15500050,240003928,MONTGOMERY,Property Damage Crash,01/25/2024 01:20:00 PM,Maryland (State) Route,EAST WEST HWY (WB/L),,,,,Single Vehicle,Rain,Wet,Daylight,No Controls,"Not Suspect of Alcohol Use, Suspect of Drug Use",,2E50D5DE-9574-40A4-A0CC-546FDFD1D610,No,No Apparent Injury,,Not Distracted,DC,CC0B8BB3-A7B6-48F8-98E9-6638C54BE6D6,Disabling,Two O Clock,Van - Passenger (&lt;9 Seats),,Eastbound,35,No,No,2020,FORD,TRANSIT,38.99257167,-77.0553625,"(38.99257167, -77.0553625)"
MCP1251000D,15015546,Montgomery County Police,Property Damage Crash,04/04/2015 03:01:00 PM,County,GAINSBOROUGH RD,DEMOCRACY BLVD,,N/A,,SAME DIR REAR END,CLEAR,DRY,DAYLIGHT,TRAFFIC SIGNAL,NONE DETECTED,,F200C667-F0C2-407F-928A-05CD7BE460AE,No,NO APPARENT INJURY,N/A,NOT DISTRACTED,MD,DA819ECF-21E1-4AE5-8197-C8A631AB45C3,NO DAMAGE,SIX OCLOCK,TRANSIT BUS,STOPPED IN TRAFFIC LANE,South,25,No,No,2014,GILLIG,LOW FLOOR,39.02279333,-77.16789833,"(39.02279333, -77.16789833)"
MCP2048002J,200009806,Montgomery County Police,Property Damage Crash,02/27/2020 05:45:00 PM,Maryland (State),UNIVERSITY BLVD E,LANGLEY DR,,N/A,,SAME DIR REAR END,CLEAR,DRY,DARK LIGHTS ON,N/A,N/A,,EF98A0E8-4610-4C52-9F1B-5FCED4B8A0F2,Yes,NO APPARENT INJURY,N/A,NOT DISTRACTED,VA,7EFA0B0F-A3CB-489A-B856-7E26A48B6C59,FUNCTIONAL,TWELVE OCLOCK,PASSENGER CAR,SLOWING OR STOPPING,East,35,No,No,2008,GMC,SIERRA,39.00220667,-76.99578333,"(39.00220667, -76.99578333)"
MCP3007003X,190049693,Montgomery County Police,Property Damage Crash,10/16/2019 07:00:00 PM,County,BEL PRE RD,PARKER FARM WAY,,N/A,,SAME DIR REAR END,N/A,DRY,DARK LIGHTS ON,N/A,N/A,,CAABD526-C264-4AA7-9185-F323EABD1BF1,No,NO APPARENT INJURY,N/A,NOT DISTRACTED,MD,D4A55926-E811-488F-A2B0-004E7F5993B3,SUPERFICIAL,SIX OCLOCK,PASSENGER CAR,STOPPED IN TRAFFIC LANE,West,35,No,No,2009,LEXS,TK,39.0905517,-77.04700709,"(39.0905517, -77.04700709)"
MCP34020022,240040053,MONTGOMERY,Injury Crash,08/24/2024 12:35:00 PM,Maryland (State) Route,UNIVERSITY BLVD E (WB/L),LANGLEY DR LANGLEY DR (EB/L),,,,Front to Front,Clear,Dry,Daylight,No Controls,"Not Suspect of Alcohol Use, Not Suspect of Drug Use",,B11F143F-2E8E-4CB8-93AD-7A00D9E0C1CA,No,Suspected Minor Injury,,Unknown,MD,66CEBB7F-DBB9-423A-A6B9-8FF194983031,Disabling,Twelve O Clock,Passenger Car,Moving Constant Speed,,35,No,No,2021,HYUNDAI,ELANTRA,39.0015282,-76.99551973,"(39.0015282, -76.99551973)"
MCP31690041,210020855,Montgomery County Police,Injury Crash,06/02/2021 07:39:00 AM,US (State),COLUMBIA PIKE,BURNT MILLS AVE,,N/A,,SAME DIR REAR END,CLEAR,DRY,DAYLIGHT,TRAFFIC SIGNAL,N/A,,3940310F-1E03-447F-8D6C-6B08831B3BDD,No,POSSIBLE INJURY,N/A,NOT DISTRACTED,MD,0B8B4610-E1BB-438C-810B-4FFAFFA8AD5F,FUNCTIONAL,SIX OCLOCK,(SPORT) UTILITY VEHICLE,STOPPED IN TRAFFIC LANE,South,45,No,No,2019,HYUNDAI,PALLISADE,39.03647,-77.00089833,"(39.03647, -77.00089833)"
MCP32590048,240009792,MONTGOMERY,Property Damage Crash,02/28/2024 06:57:00 PM,Maryland (State) Route,RIVER RD (WB/L),,,,,Rear To Side,Rain,Wet,Dark - Lighted,Traffic Control Signal,"Not Suspect of Alcohol Use, Not Suspect of Drug Use",,1CA46F4D-8746-4B3A-ABFB-63BC3FDA858A,No,No Apparent Injury,,Not Distracted,MD,D90BA182-B989-44A1-A932-C7C9946F240F,Disabling,Twelve O Clock,Passenger Car,Moving Constant Speed,Northbound,35,No,,2009,TOYOTA,PRIUS,38.98364195,-77.13768411,"(38.98364195, -77.13768411)"
MCP29590041,180011028,Montgomery County Police,Property Damage Crash,03/04/2018 11:45:00 AM,County,RANDOLPH RD,CONNECTICUT AVE,,N/A,,SAME DIRECTION SIDESWIPE,CLEAR,DRY,DAYLIGHT,TRAFFIC SIGNAL,NONE DETECTED,,695DB6D5-C4B1-4611-B053-9158FC5879D4,Unknown,NO APPARENT INJURY,N/A,NOT DISTRACTED,MD,E9EDCC36-C723-46E9-851E-D1363021E66D,SUPERFICIAL,EIGHT OCLOCK,(SPORT) UTILITY VEHICLE,ACCELERATING,West,30,No,No,2011,NISSAN,ROGUE,39.05722968,-77.07329214,"(39.05722968, -77.07329214)"
MCP9318003D,240015255,MONTGOMERY,Property Damage Crash,04/01/2024 09:20:00 PM,Maryland (State) Route,UNIVERSITY BLVD W,BRUNETT AVE,,,,Single Vehicle,Clear,Dry,Dark - Lighted,No Controls,"Unknown, Unknown",,8B495D4F-9C76-444E-B3E8-984C5B1449F6,No,No Apparent Injury,"Failed to Keep in Proper Lane, Ran Off Roadway",Unknown,,EA74721E-F8DA-4FEC-AECE-25B2B7C0B273,Disabling,Twelve O Clock,Pickup,Moving Constant Speed,Eastbound,40,No,No,2004,TOYOTA,TUNDRA,39.02300463,-77.01655074,"(39.02300463, -77.01655074)"
DD5644003N,240025118,ROCKVILLE,Injury Crash,05/27/2024 10:04:00 PM,Maryland (State) Route,ROCKVILLE PIKE (SB/L),VEIRS MILL RD (WB/L),,,,Angle,Cloudy,Wet,Dark - Lighted,Traffic Control Signal,"Not Suspect of Alcohol Use, Not Suspect of Drug Use",,89888C00-3377-49FE-9AEA-5A41B4342143,No,No Apparent Injury,,Not Distracted,MD,336B91BF-57F8-4EC5-AB2C-6F927AAC4533,Disabling,Twelve O Clock,Passenger Car,Moving Constant Speed,Southbound,30,No,No,2017,NISSAN,MAXIMA,39.0815115,-77.1462645,"(39.0815115, -77.1462645)"
MCP32270062,240061048,MONTGOMERY,Injury Crash,12/21/2024 04:52:00 PM,County Route,MANCHESTER RD,PINEY BRANCH RD,,,,Front to Rear,Clear,Dry,Dark - Not Lighted,No Controls,"Not Suspect of Alcohol Use, Not Suspect of Drug Use",,8CCF876C-DE2C-45CF-99BF-4733DCAED18C,No,Suspected Minor Injury,,Not Distracted,MD,E113B26D-1C58-424E-B362-0321FF1C98CE,Functional,Six O Clock,Passenger Car,Turning Left,,40,No,No,2015,CADILLAC,ATS,38.99687903,-77.00518163,"(38.99687903, -77.00518163)"
MCP3325002T,240015204,MONTGOMERY,Property Damage Crash,04/01/2024 03:25:00 PM,County Route,BRIGGS CHANEY RD,OLD COLUMBIA PIKE,,,,Angle,Cloudy,Dry,Daylight,Traffic Control Signal,"Not Suspect of Alcohol Use, Not Suspect of Drug Use",,93019D0F-4426-4DEE-8445-73353E7762DC,No,No Apparent Injury,,Not Distracted,MD,EB5CAA68-2E4F-40EA-81A3-AABC73FC3CA2,Disabling,Twelve O Clock,All-Terrain Vehicle/All-Terrain Cycle (ATV/ATC),Moving Constant Speed,,35,No,,2019,DODGE,CHARGER,39.084308,-76.95121417,"(39.084308, -76.95121417)"
MCP3200009W,230065610,Montgomery County Police,Injury Crash,11/10/2023 02:19:00 PM,County,DEMOCRACY BLVD,SEVEN LOCKS RD,,N/A,,SAME DIR REAR END,CLOUDY,WET,DAYLIGHT,TRAFFIC SIGNAL,NONE DETECTED,,B4B15371-9FEE-445E-BCAA-6BBC0A457797,No,SUSPECTED MINOR INJURY,"N/A, WET",NOT DISTRACTED,MD,1320E376-D187-4724-945F-A282884B3FD1,SUPERFICIAL,SIX OCLOCK,(SPORT) UTILITY VEHICLE,STOPPED IN TRAFFIC LANE,West,30,No,No,2017,PORSCHE,CAYENNE,39.0232885,-77.1615545,"(39.0232885, -77.1615545)"
MCP1213009K,240030911,MONTGOMERY,Property Damage Crash,06/30/2024 03:05:00 PM,Maryland (State) Route,SPENCERVILLE RD (WB/L),,,,,Angle,Clear,Dry,Daylight,No Controls,"Not Suspect of Alcohol Use, Not Suspect of Drug Use",,F4A371A5-98B3-4842-940E-25CC0D670DC2,No,No Apparent Injury,,Not Distracted,MD,79AA8CC7-DEF7-441F-B0EB-0BC0A5AC4D66,Disabling,Three O Clock,Passenger Car,Moving Constant Speed,Westbound,40,No,No,2013,BMW,535I,39.120538,-76.986615,"(39.120538, -76.986615)"
MCP28090037,16033282,Montgomery County Police,Injury Crash,07/01/2016 10:41:00 AM,Maryland (State),GEORGIA AVE,RANDOLPH RD,,N/A,,SAME DIR REAR END,CLEAR,DRY,DAYLIGHT,TRAFFIC SIGNAL,N/A,,B6D1A144-0ABE-4F25-AE4D-A38868CA2945,Yes,NO APPARENT INJURY,N/A,NOT DISTRACTED,MD,53771395-66C7-45C9-82AF-039240833A2B,DISABLING,TWELVE OCLOCK,PASSENGER CAR,SLOWING OR STOPPING,South,35,No,No,2006,DODGE,SPRINTER,39.05526667,-77.04983667,"(39.05526667, -77.04983667)"
MCP12350012,180002752,Montgomery County Police,Injury Crash,01/17/2018 06:20:00 PM,US (State),COLESVILLE RD,CRESTMOOR DR,,N/A,,SAME DIR REAR END,CLOUDY,DRY,DARK LIGHTS ON,NO CONTROLS,NONE DETECTED,,4EE9A25A-4B5C-492E-ADEC-06DE58335DB6,No,NO APPARENT INJURY,N/A,NOT DISTRACTED,DC,17A02756-CE49-44F7-9A04-E2179DC614A0,SUPERFICIAL,SIX OCLOCK,PASSENGER CAR,SLOWING OR STOPPING,North,40,No,No,2010,MERCEDES,350,39.02922,-77.00722667,"(39.02922, -77.00722667)"
MCP25630007,15047402,MONTGOMERY,Injury Crash,09/18/2015 02:47:00 PM,Maryland (State),UNIVERSITY BLVD E,LANGLEY DR,,N/A,PEDESTRIAN,SINGLE VEHICLE,CLEAR,DRY,DAYLIGHT,NO CONTROLS,NONE DETECTED,UNKNOWN,F97C6550-803A-4E29-98E2-047E7A9CF85B,Unknown,NO APPARENT INJURY,N/A,UNKNOWN,MD,1D5B60AA-1B8F-4D0B-A51D-0CBEC87D7B80,FUNCTIONAL,TWELVE OCLOCK,PASSENGER CAR,UNKNOWN,West,40,No,No,2006,HONDA,ACCORD,39.00139743,-76.99550807,"(39.00139743, -76.99550807)"
MCP3444000Q,250032908,MONTGOMERY,Property Damage Crash,07/23/2025 05:51:00 PM,Maryland (State) Route,GEORGIA AVE,,,,,"Sideswipe, Same Direction",Clear,Dry,Daylight,Traffic Control Signal,"Unknown, Unknown",,A23E9CCF-3236-4269-91BF-239E29856CB7,Yes,No Apparent Injury,"Failed to Keep in Proper Lane, Operated Motor Vehicle in Inattentive, Careless, Negligent, or Erratic Manner",Unknown,MD,FE28711C-1886-430F-8ABF-DD79C83F908D,Vehicle Not at Scene,Vehicle Not at Scene,Sport Utility Vehicle,Moving Constant Speed,Northbound,30,No,No,2018,INFINITI,QX60,39.01686087,-77.04289832,"(39.01686087, -77.04289832)"
MCP3173002Z,230023195,Montgomery County Police,Injury Crash,05/18/2023 06:10:00 PM,Maryland (State),NEW HAMPSHIRE AVE,CLOVERLY ST,,N/A,,ANGLE MEETS LEFT HEAD ON,CLEAR,DRY,DAYLIGHT,NO CONTROLS,NONE DETECTED,,D5161E7E-94DE-4687-9748-D2C25C6CFF54,No,SUSPECTED MINOR INJURY,N/A,NOT DISTRACTED,MD,884E7979-C795-4E81-9A6E-05C54D6F7EA5,FUNCTIONAL,ONE OCLOCK,PASSENGER CAR,MOVING CONSTANT SPEED,North,45,No,No,2014,JEEP,GRAND CHEROKEE,39.11020517,-76.996369,"(39.11020517, -76.996369)"
MCP3313002D,240060174,MONTGOMERY,Property Damage Crash,12/17/2024 05:23:00 AM,Maryland (State) Route,VEIRS MILL RD,RANDOLPH RD (WB/L),,,,Other,Clear,Wet,Dark - Lighted,Traffic Control Signal,"Not Suspect of Alcohol Use, Not Suspect of Drug Use",,68DF8ABA-F993-4FFA-843C-779BA8671807,Yes,No Apparent Injury,"Operated Motor Vehicle in Inattentive, Careless, Negligent, or Erratic Manner, Ran Red Light",Not Distracted,MD,696C2E44-1EFF-4C15-822C-A7D49657039A,Disabling,Eleven O Clock,Passenger Car,Moving Constant Speed,Westbound,35,No,No,2001,CHEVROLET,EXPRESS,39.05597533,-77.08280111,"(39.05597533, -77.08280111)"
MCP9404002F,190048618,Montgomery County Police,Property Damage Crash,10/10/2019 08:59:00 AM,Municipality,FIRSTFIELD RD,QUINCE ORCHARD BLVD,,GAITHERSBURG,,HEAD ON,CLEAR,DRY,DAYLIGHT,NO CONTROLS,N/A,,3C5B0605-B71D-488B-8360-B8F266957DFE,No,NO APPARENT INJURY,N/A,NOT DISTRACTED,MD,32A5135C-7349-4D20-8F89-9ABA2C795084,FUNCTIONAL,NINE OCLOCK,PASSENGER CAR,MOVING CONSTANT SPEED,East,25,No,No,2019,TOYOTA,TK,39.14496687,-77.21942287,"(39.14496687, -77.21942287)"
MCP2752001W,170512719,Montgomery County Police,Injury Crash,06/09/2017 03:50:00 PM,Maryland (State),GOLDSBORO RD,RIVER RD,,N/A,,SINGLE VEHICLE,CLEAR,DRY,DAYLIGHT,YIELD SIGN,N/A,,8578C39E-F360-404E-BB3F-4F9807496C3E,Yes,POSSIBLE INJURY,N/A,NOT DISTRACTED,MD,E495078B-7F9B-4450-8D96-EB90DE8BC5CC,DISABLING,TWELVE OCLOCK,PASSENGER CAR,MAKING RIGHT TURN,South,40,No,No,2015,MERZ,4S,38.973014,-77.1222335,"(38.973014, -77.1222335)"
MCP29590027,17001566,Montgomery County Police,Injury Crash,01/10/2017 08:15:00 AM,Maryland (State),UNIVERSITY BLVD W,ARCOLA AVE,,N/A,,SAME DIR REAR END,CLEAR,DRY,DAYLIGHT,TRAFFIC SIGNAL,NONE DETECTED,,DCBA39EF-5F36-4CB5-84E7-8193CCF03864,No,SUSPECTED MINOR INJURY,N/A,NOT DISTRACTED,MD,E98B0510-BDF1-4204-A8D2-141707B93A8F,SUPERFICIAL,SIX OCLOCK,(SPORT) UTILITY VEHICLE,STOPPED IN TRAFFIC LANE,East,40,No,No,2017,TOYOTA,RAV-4,39.03558419,-77.02607587,"(39.03558419, -77.02607587)"
MCP2710001R,180008528,Montgomery County Police,Property Damage Crash,02/18/2018 05:45:00 PM,Municipality,W DEER PARK RD,SUMMIT HALL RD,,GAITHERSBURG,,SAME DIR REAR END,N/A,DRY,DUSK,N/A,NONE DETECTED,,39FB0982-E45E-4991-A430-4D5373523C31,No,NO APPARENT INJURY,N/A,NOT DISTRACTED,MD,12CC5E22-1D8F-4D04-9391-8DADA317D02D,FUNCTIONAL,SIX OCLOCK,PASSENGER CAR,STOPPED IN TRAFFIC LANE,East,25,No,No,2007,ACURA,TSX,39.12769,-77.19643167,"(39.12769, -77.19643167)"
MCP13780144,230020339,Montgomery County Police,Property Damage Crash,04/28/2023 03:32:00 PM,County,RANDOLPH RD,CONNECTICUT AVE,,N/A,,SAME DIRECTION RIGHT TURN,RAINING,WET,DAYLIGHT,NO CONTROLS,NONE DETECTED,,C0C4EC99-149C-41AE-B44A-678A609696BD,Yes,NO APPARENT INJURY,"RAIN, SNOW, WET",NOT DISTRACTED,MD,CB480FF9-96BF-49DB-956B-6E118D1310C0,SUPERFICIAL,THREE OCLOCK,(SPORT) UTILITY VEHICLE,CHANGING LANES,West,35,No,No,2022,SUBARU,CROSSTREK,39.05747482,-77.07597214,"(39.05747482, -77.07597214)"
MCP3048009J,230010516,Montgomery County Police,Property Damage Crash,03/03/2023 10:30:00 AM,Maryland (State),CONNECTICUT AVE,EVERETT ST,,CHEVY CHASE VIEW,,SAME DIRECTION SIDESWIPE,CLOUDY,DRY,DAYLIGHT,N/A,N/A,,9D83F7A2-C5F0-4A7B-8876-4AD33DC7B3B4,No,NO APPARENT INJURY,N/A,NOT DISTRACTED,MD,434E1F51-39CD-4719-8654-194BFD7006AE,SUPERFICIAL,SIX OCLOCK,PASSENGER CAR,MOVING CONSTANT SPEED,North,35,No,No,2018,FORD,VAN,39.01998283,-77.07708417,"(39.01998283, -77.07708417)"
HA2479000L,22000467,Maryland-National Capital,Property Damage Crash,04/04/2022 10:06:00 AM,,,,PARKING LOT AT NOLTE LOCAL PARK,,,OTHER,CLEAR,,DAYLIGHT,N/A,NONE DETECTED,,9687BE22-F4E4-49DF-9EC4-69A315C21174,Yes,NO APPARENT INJURY,N/A,NOT DISTRACTED,MD,49E82749-4346-47A6-8523-A24646BD1E49,SUPERFICIAL,SIX OCLOCK,PASSENGER CAR,BACKING,West,5,No,No,2012,SUBARU,IMPREZA,38.99557678,-77.0169004,"(38.99557678, -77.0169004)"
MCP2962006C,220010908,Montgomery County Police,Injury Crash,03/14/2022 07:41:00 AM,Maryland (State),GREAT SENECA HWY,CLIMBING IVY DR,,N/A,,SAME DIR REAR END,CLEAR,SLUSH,DAYLIGHT,TRAFFIC SIGNAL,NONE DETECTED,,350C4121-B4CC-42B9-96D7-6060C9D0041E,Yes,NO APPARENT INJURY,N/A,INATTENTIVE OR LOST IN THOUGHT,MD,8D496B94-D6A0-4CA2-BCBB-8CAD1E1E5E43,FUNCTIONAL,TWELVE OCLOCK,PASSENGER CAR,SLOWING OR STOPPING,North,45,No,No,2002,TOYT,4S,39.16640367,-77.27096783,"(39.16640367, -77.27096783)"
MCP9442001V,190028849,Montgomery County Police,Property Damage Crash,06/17/2019 08:00:00 AM,,,,PARKING LOT OF 19620 CLUB LAKE TERRACE,,,OTHER,CLEAR,,DAYLIGHT,NO CONTROLS,NONE DETECTED,,882DF941-8023-45EE-AAD0-323C3F1B8082,No,NO APPARENT INJURY,N/A,NOT DISTRACTED,MD,05794ADE-38DA-4C04-A940-489F18BE82D0,FUNCTIONAL,FIVE OCLOCK,PASSENGER CAR,BACKING,South,20,No,No,2016,HONDA,CIVIC,39.17836667,-77.20784,"(39.17836667, -77.20784)"