Report Number,Local Case Number,Agency Name,ACRS Report Type,Crash Date/Time,Route Type,Road Name,Cross-Street Name,Off-Road Description,Municipality,Related Non-Motorist,Collision Type,Weather,Surface Condition,Light,Traffic Control,Driver Substance Abuse,Non-Motorist Substance Abuse,Person ID,Driver At Fault,Injury Severity,Circumstance,Driver Distracted By,Drivers License State,Vehicle ID,Vehicle Damage Extent,Vehicle First Impact Location,Vehicle Body Type,Vehicle Movement,Vehicle Going Dir,Speed Limit,Driverless Vehicle,Parked Vehicle,Vehicle Year,Vehicle Make,Vehicle Model,Latitude,Longitude,Location
MCP3351000Q,230021754,Montgomery County Police,Property Damage Crash,05/06/2023 08:38:00 PM,County,HILDAROSE DR,MCKENNEY AVE,,N/A,,STRAIGHT MOVEMENT ANGLE,CLEAR,DRY,DARK LIGHTS ON,NO CONTROLS,NONE DETECTED,,2A7CCECB-2D92-403F-89CF-E1EC4C82E91C,No,NO APPARENT INJURY,N/A,NOT DISTRACTED,PA,8F319B49-9983-4F3D-A521-414AF4A7F1E5,DISABLING,ONE OCLOCK,(SPORT) UTILITY VEHICLE,MOVING CONSTANT SPEED,West,25,No,No,2016,BMW,SUV,39.0201965,-77.045928,"(39.0201965, -77.045928)"
MCP23650016,190002424,Montgomery County Police,Injury Crash,01/16/2019 07:47:00 AM,Maryland (State),SANDY SPRING RD,DINO DR,,N/A,,SAME DIR REAR END,OTHER,DRY,DAYLIGHT,N/A,NONE DETECTED,,F3E00EA4-2887-4D0E-96A4-6678EEC58288,Yes,SUSPECTED SERIOUS INJURY,N/A,NOT DISTRACTED,MD,E416A07F-EF9D-43C2-99E7-F21A30520EFC,DESTROYED,TWELVE OCLOCK,PASSENGER CAR,MOVING CONSTANT SPEED,East,40,No,No,2003,AUDI,A6,39.04942667,-76.993045,"(39.04942667, -76.993045)"
MCP2639008Q,190054460,Montgomery County Police,Property Damage Crash,11/12/2019 06:49:00 AM,,,,PARKING OT OF GLENMONT METRO STATION,,,SAME DIR REAR END,RAINING,,DARK LIGHTS ON,NO CONTROLS,NONE DETECTED,,904C843A-4EF7-408F-B101-73EEB3C7461E,No,NO APPARENT INJURY,"RAIN, SNOW, WET",NOT DISTRACTED,DC,F005539F-FAAC-4661-945E-8A3656451E06,SUPERFICIAL,SEVEN OCLOCK,TRANSIT BUS,PARKED,,15,No,Yes,2019,FORD,FLEX BUS,39.06225167,-77.05305667,"(39.06225167, -77.05305667)"
MCP3123004G,220040558,Montgomery County Police,Injury Crash,09/18/2022 11:23:00 AM,Maryland (State),W MONTGOMERY AVE,FALLSGROVE DR,,ROCKVILLE,,STRAIGHT MOVEMENT ANGLE,CLEAR,DRY,DAYLIGHT,TRAFFIC SIGNAL,N/A,,577B4CE0-9407-4B00-A8D3-19E2D5852EFF,Yes,POSSIBLE INJURY,N/A,LOOKED BUT DID NOT SEE,MD,B0D88361-6147-4B4B-8FA8-3E202681413A,FUNCTIONAL,TWELVE OCLOCK,PASSENGER CAR,MOVING CONSTANT SPEED,East,45,No,No,2018,JEEP,COMPASS,39.0997407,-77.184873,"(39.0997407, -77.184873)"
MCP3229002G,250014702,MONTGOMERY,Property Damage Crash,04/04/2025 02:00:00 PM,County Route,FRIENDSHIP BLVD,,,,,"Sideswipe, Opposite Direction",Clear,Dry,Daylight,No Controls,"Not Suspect of Alcohol Use, Not Suspect of Drug Use",,40E70C3F-836C-4FD1-A15B-8BF2BABD1AD9,No,No Apparent Injury,,Not Distracted,MD,595CAA23-5531-4972-ACF9-54F69F37C4E2,Disabling,Eleven O Clock,Single-Unit Truck,Moving Constant Speed,Northbound,30,No,No,2022,ISUZU,NPR-HD,38.96150883,-77.0886935,"(38.96150883, -77.0886935)"
MCP3111008Z,250012010,MONTGOMERY,Property Damage Crash,03/19/2025 11:35:00 AM,,,,Parking Lot Way        PARKING LOT IN FRONT OF 1939 ROSEMARY HILLS DRIVE,,,Single Vehicle,Clear,,Daylight,,"Not Suspect of Alcohol Use, Not Suspect of Drug Use",,2F6C6D68-CFBB-4C4E-9858-274E2D32D9A1,Yes,No Apparent Injury,,Unknown,MD,24A27FC0-597C-43C5-9698-31B70AB79000,Disabling,Twelve O Clock,Passenger Car,Turning Left,Eastbound,0,No,No,2010,CHEVROLET,TRAVERSE,38.99991583,-77.04306833,"(38.99991583, -77.04306833)"
MCP2974002F,190017859,Montgomery County Police,Property Damage Crash,04/16/2019 05:25:00 PM,Maryland (State),NEW HAMPSHIRE AVE,DILSTON RD,,N/A,,SAME DIRECTION SIDESWIPE,CLEAR,DRY,DAYLIGHT,N/A,NONE DETECTED,,5E5F2BDE-6F13-4B48-B02D-A1F41609C63B,No,NO APPARENT INJURY,N/A,NOT DISTRACTED,DC,12ACAA7F-3821-4DBE-BC6E-FD5699D87596,SUPERFICIAL,ONE OCLOCK,PASSENGER CAR,MOVING CONSTANT SPEED,South,40,No,No,1997,CHEVY,PICKUP,39.01202016,-76.97899002,"(39.01202016, -76.97899002)"
MCP32230013,210042870,Montgomery County Police,Property Damage Crash,10/25/2021 12:07:00 AM,US (State),COLESVILLE RD,BREWSTER AVE,,N/A,,SAME DIR REAR END,CLEAR,DRY,DARK LIGHTS ON,N/A,NONE DETECTED,,B4C6BA7C-DCEE-45BE-94B6-1366109A24B1,No,NO APPARENT INJURY,N/A,NOT DISTRACTED,MD,A325D208-2137-4900-92DA-C363C3605F4B,DISABLING,SIX OCLOCK,PASSENGER CAR,SLOWING OR STOPPING,North,35,No,No,2016,AUDI,A4,39.01138983,-77.01704583,"(39.01138983, -77.01704583)"
MCP2914001H,15029001,Montgomery County Police,Property Damage Crash,06/14/2015 06:33:00 PM,Maryland (State),NEW HAMPSHIRE AVE,OAKVIEW DR,,N/A,,STRAIGHT MOVEMENT ANGLE,CLOUDY,WET,DAYLIGHT,TRAFFIC SIGNAL,N/A,,8119D0E4-023E-4DFB-A772-D3DEB1099F0B,No,NO APPARENT INJURY,N/A,NOT DISTRACTED,MD,4F6F33B5-3A46-4926-ACA4-142856845531,DESTROYED,TWELVE OCLOCK,PASSENGER CAR,MOVING CONSTANT SPEED,North,40,No,No,2014,TOYOTA,CAMRY,39.0153242,-76.97775722,"(39.0153242, -76.97775722)"
MCP3208004J,230026876,Montgomery County Police,Property Damage Crash,06/04/2023 10:12:00 PM,Maryland (State),UNIVERSITY BLVD E,PINEY BRANCH RD,,N/A,,SAME DIR REAR END,CLEAR,DRY,DARK LIGHTS ON,TRAFFIC SIGNAL,UNKNOWN,,4F1FF5B6-004E-4D21-AF70-231D97462B3D,Yes,NO APPARENT INJURY,N/A,UNKNOWN,,8FB5B08E-8679-482B-B5EC-921AE5F36A34,UNKNOWN,TWELVE OCLOCK,(SPORT) UTILITY VEHICLE,SLOWING OR STOPPING,West,35,No,No,2022,CHEVROLET,TAHOE,38.99930288,-76.99508561,"(38.99930288, -76.99508561)"
MCP3118004C,230074374,Montgomery County Police,Property Damage Crash,12/31/2023 11:34:00 AM,Maryland (State),LAYHILL RD,BEL PRE RD,,N/A,,SAME DIR REAR END,CLEAR,DRY,DAYLIGHT,TRAFFIC SIGNAL,NONE DETECTED,,E60B01DE-619A-4DB3-8E3F-4B4E9FCE678B,Yes,NO APPARENT INJURY,N/A,NOT DISTRACTED,MD,E2EDD9A1-ABBE-46DE-B717-8B0E474D1558,SUPERFICIAL,TWELVE OCLOCK,TRANSIT BUS,SLOWING OR STOPPING,North,40,No,No,2019,GILG,BU,39.09025888,-77.04476321,"(39.09025888, -77.04476321)"
MCP137800RK,190033650,Montgomery County Police,Injury Crash,07/15/2019 06:27:00 PM,Municipality,W DEER PARK RD,MUDDY BRANCH RD,,N/A,,SAME DIR REAR END,CLEAR,DRY,DAYLIGHT,YIELD SIGN,NONE DETECTED,,732F9E57-981A-421F-BC68-8E3A7A879FCA,No,POSSIBLE INJURY,N/A,NOT DISTRACTED,MD,C8E7FA9E-8707-48E1-9CF9-2DBA2E10DEDB,FUNCTIONAL,SIX OCLOCK,(SPORT) UTILITY VEHICLE,SLOWING OR STOPPING,West,25,No,No,2017,BMW,X5,39.13523,-77.20567333,"(39.13523, -77.20567333)"
MCP3374000X,230029392,Montgomery County Police,Property Damage Crash,06/18/2023 09:45:00 PM,Maryland (State),BRADLEY LA,WISCONSIN AVE,,N/A,,SAME DIRECTION SIDESWIPE,CLEAR,DRY,DARK -- UNKNOWN LIGHTING,TRAFFIC SIGNAL,N/A,,EDFBF269-3956-446B-8418-043414090AFE,Yes,NO APPARENT INJURY,N/A,UNKNOWN,MD,6DA38D04-E1F4-4FC3-92D9-9AD14C00BF65,UNKNOWN,TWO OCLOCK,PASSENGER CAR,SLOWING OR STOPPING,West,25,No,No,2019,VOLKSWAGEN,TIGUAN,38.97718407,-77.09055353,"(38.97718407, -77.09055353)"
MCP3206000R,190048951,Montgomery County Police,Property Damage Crash,10/11/2019 09:30:00 PM,Maryland (State),UNIVERSITY BLVD E,LEXINGTON DR,,N/A,,SAME DIR REAR END,CLEAR,DRY,DARK LIGHTS ON,TRAFFIC SIGNAL,ALCOHOL CONTRIBUTED,,DD9E39F3-EDA0-44AE-BC4E-76466A1119D2,Yes,NO APPARENT INJURY,N/A,UNKNOWN,MD,6343D5BF-D4A1-4291-81AC-3EF228DE94D8,FUNCTIONAL,TWELVE OCLOCK,PASSENGER CAR,SLOWING OR STOPPING,East,35,No,No,2006,ACURA,MDX,39.019165,-77.01128833,"(39.019165, -77.01128833)"
MCP3312005R,240054321,MONTGOMERY,Property Damage Crash,11/12/2024 12:15:00 PM,County Route,,,,,,"Sideswipe, Same Direction",Clear,Dry,Daylight,No Controls,"Unknown, Unknown",,373BC07D-CA9F-44FF-82E9-576471459653,No,,,,,06C0E863-D019-4793-99AE-5B40960C08B3,Superficial,Two O Clock,,Moving Constant Speed,Northbound,35,No,No,0,,,39.08168367,-76.9537175,"(39.08168367, -76.9537175)"
MCP271700PW,190039957,Montgomery County Police,Property Damage Crash,08/21/2019 10:30:00 AM,County,WOODMONT AVE,MONTGOMERY LA,,N/A,,SAME DIRECTION SIDESWIPE,CLEAR,DRY,DAYLIGHT,TRAFFIC SIGNAL,NONE DETECTED,,E95B1EE2-AA52-400F-BBC1-BEF11E39AE3A,Yes,NO APPARENT INJURY,N/A,LOOKED BUT DID NOT SEE,DC,D4C03786-377D-4DA2-A3C7-953EA3DE891A,NO DAMAGE,THREE OCLOCK,TRANSIT BUS,MAKING LEFT TURN,South,25,No,No,2013,GILLIG,TRANSIT BUS,38.98485783,-77.09561533,"(38.98485783, -77.09561533)"
MCP1015000K,15037470,MONTGOMERY,Injury Crash,07/29/2015 09:30:00 AM,Maryland (State),GERMANTOWN RD,OBSERVATION DR,,N/A,,HEAD ON LEFT TURN,CLOUDY,DRY,DAYLIGHT,TRAFFIC SIGNAL,NONE DETECTED,,944F654E-F676-4405-AA0F-530135D50AA1,No,POSSIBLE INJURY,N/A,NOT DISTRACTED,MD,09CE9CEF-C04B-4A0C-B8D8-1433C33D2FC7,DISABLING,FOUR OCLOCK,(SPORT) UTILITY VEHICLE,MAKING LEFT TURN,East,40,No,No,2015,JEEP,WRANGLER,39.19047333,-77.24752333,"(39.19047333, -77.24752333)"
MCP3162002B,190022864,Montgomery County Police,Injury Crash,05/15/2019 06:40:00 AM,Maryland (State),UNIVERSITY BLVD E,BAYFIELD ST,,N/A,,SAME DIR REAR END,CLEAR,DRY,DAYLIGHT,N/A,NONE DETECTED,,690E51EE-533A-4B1A-A535-09F3118F90EA,No,SUSPECTED MINOR INJURY,N/A,NOT DISTRACTED,VA,6C8241BA-66B8-47C5-8C48-17CE86B121FB,FUNCTIONAL,SIX OCLOCK,PASSENGER CAR,SLOWING OR STOPPING,East,35,No,No,2008,TOYOTA,YARIS,38.996355,-76.993365,"(38.996355, -76.993365)"
DD5642003Q,220045584,Rockville Police Departme,Injury Crash,10/17/2022 05:25:00 PM,Maryland (State),VEIRS MILL RD,MEADOW HALL DR,,ROCKVILLE,,STRAIGHT MOVEMENT ANGLE,N/A,WET,DAYLIGHT,N/A,NONE DETECTED,,15527274-72B4-40C8-AB24-A97142E81EEA,No,SUSPECTED MINOR INJURY,N/A,NOT DISTRACTED,MD,C8E66C4C-CFEF-42AE-8B26-3EBED986B8C8,DISABLING,TWELVE OCLOCK,PASSENGER CAR,MOVING CONSTANT SPEED,East,40,No,No,2018,TOYOTA,COROLLA,39.07426183,-77.11385433,"(39.07426183, -77.11385433)"
MCP1568000P,170518330,Montgomery County Police,Injury Crash,07/10/2017 05:25:00 PM,County,RIVER RD,PARTNERSHIP RD,,N/A,,SINGLE VEHICLE,CLEAR,DRY,DAYLIGHT,NO CONTROLS,ALCOHOL PRESENT,,5EADC5AC-5555-4504-AED0-F21DD3B4374E,Yes,SUSPECTED SERIOUS INJURY,N/A,UNKNOWN,MD,37A55AB5-049F-443C-A0BC-BDBCD412C91C,DISABLING,ROOF TOP,(SPORT) UTILITY VEHICLE,MOVING CONSTANT SPEED,West,50,No,No,2005,MERCURY,MOUNTAINEER,39.08115677,-77.35339522,"(39.08115677, -77.35339522)"
MCP292300CM,240034253,MONTGOMERY,Injury Crash,07/20/2024 10:40:00 AM,Maryland (State) Route,GEORGIA AVE (SB/L),,,,Cyclist (non-electric),Single Vehicle,Clear,Dry,Daylight,No Controls,"Not Suspect of Alcohol Use, Not Suspect of Drug Use","Not Suspect of Alcohol Use, Not Suspect of Drug Use",01A97332-3A6B-4A5B-9B56-BCAFB31ABAFA,No,No Apparent Injury,,Not Distracted,MD,369601A0-EDBB-4EB3-9DEC-C3395CDFE575,Superficial,Three O Clock,Pickup,Moving Constant Speed,Southbound,35,No,No,2002,FORD,F-150,39.07042517,-77.0630785,"(39.07042517, -77.0630785)"
MCP10640099,190034803,Montgomery County Police,Property Damage Crash,07/22/2019 01:10:00 PM,US (State),COLESVILLE RD,FENTON ST,,N/A,,SAME DIRECTION LEFT TURN,CLOUDY,DRY,DAYLIGHT,TRAFFIC SIGNAL,N/A,,44FF8102-ED30-48DE-925C-2488C30735A5,No,NO APPARENT INJURY,N/A,UNKNOWN,XX,A7192F89-5093-47CB-B54A-80A394ECCC9A,SUPERFICIAL,TWO OCLOCK,(SPORT) UTILITY VEHICLE,MOVING CONSTANT SPEED,North,30,No,No,2019,CHEV,SUBURBAN,38.99701833,-77.02749,"(38.99701833, -77.02749)"
MCP15950020,220026017,Montgomery County Police,Property Damage Crash,06/16/2022 10:20:00 PM,,,,PARKING LOT OF 11141 AMHERST AVENUE,,,OTHER,CLEAR,,DARK LIGHTS ON,NO CONTROLS,NONE DETECTED,,3988FFC2-C9B0-45C9-AFA8-0E1BD4771188,No,NO APPARENT INJURY,N/A,NOT DISTRACTED,MD,7D4C68A1-3E8F-422D-8F37-ABD927E8F410,SUPERFICIAL,THREE OCLOCK,(SPORT) UTILITY VEHICLE,PARKED,,5,No,Yes,2011,ACURA,MDX,39.04296737,-77.04772123,"(39.04296737, -77.04772123)"
MCP3018003H,190044588,Montgomery County Police,Property Damage Crash,09/17/2019 05:27:00 PM,County,REEDIE DR,VEIRS MILL RD,,N/A,,SAME DIRECTION SIDESWIPE,CLEAR,DRY,DAYLIGHT,TRAFFIC SIGNAL,NONE DETECTED,,D037D629-64EE-4EFE-94BD-254E43328575,No,NO APPARENT INJURY,N/A,NOT DISTRACTED,MD,6346BE91-5A90-497B-87B5-0269F571C6FE,SUPERFICIAL,ELEVEN OCLOCK,(SPORT) UTILITY VEHICLE,ACCELERATING,East,20,No,No,2019,TOYT,TK,39.037655,-77.05313833,"(39.037655, -77.05313833)"
MCP1145000K,15023303,Montgomery County Police,Injury Crash,05/15/2015 06:37:00 PM,Interstate (State),EISENHOWER MEMORIAL HWY,MILE MARKER 17.0,,N/A,,SAME DIR REAR END,CLEAR,DRY,DAYLIGHT,NO CONTROLS,NONE DETECTED,,44C37727-8999-4CD4-AEF3-477932CD3F34,No,SUSPECTED SERIOUS INJURY,N/A,NOT DISTRACTED,MD,FB1E8939-5F50-44E0-A0D5-DD7FE610CF74,FUNCTIONAL,SIX OCLOCK,PASSENGER CAR,STOPPED IN TRAFFIC LANE,North,55,No,No,2008,PONT,4S,39.20407667,-77.26989167,"(39.20407667, -77.26989167)"
MCP235800CG,240011828,MONTGOMERY,Property Damage Crash,03/12/2024 07:00:00 AM,Maryland (State) Route,,,,,,Single Vehicle,Clear,Dry,Daylight,No Controls,"Not Suspect of Alcohol Use, Not Suspect of Drug Use",,B8A3E9CF-D303-4563-8352-4CEFDDB1FC81,Yes,No Apparent Injury,Other Improper Action,Not Distracted,MD,36CCEBFB-1D60-44E6-8206-8B898866EF87,Functional,Top,Other,Moving Constant Speed,,35,No,,2016,FREIGHTLINER,FREIGHTLINER,38.97840564,-77.14264409,"(38.97840564, -77.14264409)"
MCP3212001X,200033577,Montgomery County Police,Property Damage Crash,08/27/2020 08:46:00 PM,Maryland (State),GEORGIA AVE,RAMP 3 FR IS 495 EB TO MD 97 NB,,N/A,,SAME DIRECTION SIDESWIPE,CLEAR,DRY,DARK LIGHTS ON,YIELD SIGN,NONE DETECTED,,351CC61C-EAED-47F7-8C6B-9D8AF0C0D0A3,Yes,NO APPARENT INJURY,N/A,NOT DISTRACTED,NC,935AA844-E28A-411F-A434-0C77446C1EE6,FUNCTIONAL,TEN OCLOCK,PASSENGER CAR,ENTERING TRAFFIC LANE,North,35,No,No,2019,DODGE,CHALLENGER,39.01457467,-77.04217817,"(39.01457467, -77.04217817)"
MCP2783002Q,180049072,Montgomery County Police,Injury Crash,10/01/2018 05:21:00 PM,Maryland (State),UNIVERSITY BLVD W,KERWIN RD,,N/A,,SAME DIR REAR END,CLEAR,DRY,DAYLIGHT,NO CONTROLS,NONE DETECTED,,A392720C-5297-4E59-8B8E-814FB4CFD0B6,Unknown,NO APPARENT INJURY,N/A,UNKNOWN,MD,142119B0-7195-4B20-9415-C404B0E7AACD,SUPERFICIAL,TWELVE OCLOCK,PASSENGER CAR,MOVING CONSTANT SPEED,East,40,No,No,2004,DODGE,RAM,39.02776,-77.02097167,"(39.02776, -77.02097167)"
MCP23470029,190035357,Montgomery County Police,Property Damage Crash,07/25/2019 12:12:00 PM,County,GREENCASTLE RD,COLUMBIA PIKE,,N/A,,SAME DIRECTION LEFT TURN,CLEAR,DRY,DAYLIGHT,NO CONTROLS,NONE DETECTED,,51767C17-E7BB-45CE-94D2-DC62A18A3B83,Yes,NO APPARENT INJURY,N/A,LOOKED BUT DID NOT SEE,MD,78B09B00-B270-4C25-A4A2-B6AEEF886ABA,FUNCTIONAL,NINE OCLOCK,PASSENGER CAR,MAKING U TURN,North,30,No,No,1998,TOYOTA,CAMRY,39.09602667,-76.93893333,"(39.09602667, -76.93893333)"
EJ7885000P,210009750,Gaithersburg Police Depar,Property Damage Crash,03/15/2021 04:03:00 PM,Interstate (State),EISENHOWER MEMORIAL HWY,RAMP 4 FR IS 270 NB TO MD 124 EB,,N/A,,SAME DIRECTION SIDESWIPE,CLEAR,DRY,N/A,NO CONTROLS,N/A,,9B046CF0-4004-4AEA-84C0-131FED935A4C,No,NO APPARENT INJURY,N/A,NOT DISTRACTED,MD,B0773099-279C-4A61-9780-80FB49763C3B,FUNCTIONAL,TEN OCLOCK,PASSENGER CAR,MOVING CONSTANT SPEED,East,25,No,No,2004,TOYOTA,PRIUS,39.14822546,-77.21505389,"(39.14822546, -77.21505389)"
MCP2916002R,190017977,Montgomery County Police,Property Damage Crash,04/17/2019 12:46:00 PM,US (State),COLUMBIA PIKE,MUSGROVE RD,,N/A,,SAME DIR REAR END,CLEAR,DRY,DAYLIGHT,TRAFFIC SIGNAL,NONE DETECTED,,9F7DCD2F-51BE-436D-A924-0492E2213979,Yes,NO APPARENT INJURY,N/A,UNKNOWN,MD,EFB1B740-DCAA-4699-BCB0-E2FCA5F7B28C,SUPERFICIAL,TWELVE OCLOCK,PASSENGER CAR,SLOWING OR STOPPING,North,50,No,No,2012,FORD,MUSTANG,39.06680926,-76.95983009,"(39.06680926, -76.95983009)"
DM84790012,210040969,Takoma Park Police Depart,Property Damage Crash,10/13/2021 08:00:00 AM,Municipality,AUBURN AVE,ELM AVE,,TAKOMA PARK,,SAME DIR REAR END,CLEAR,DRY,DAYLIGHT,NO CONTROLS,NONE DETECTED,,B21CD94C-69CA-4C89-9571-2C9D6237787E,Yes,NO APPARENT INJURY,N/A,NOT DISTRACTED,MD,D56BA844-1235-45F4-ADD3-E3A78FDA56DD,SUPERFICIAL,SIX OCLOCK,PICKUP TRUCK,ACCELERATING,South,15,No,No,2005,FORD,F150,38.97637579,-76.99486758,"(38.97637579, -76.99486758)"
MCP308600BH,240060846,MONTGOMERY,Property Damage Crash,12/20/2024 12:30:00 PM,County Route,ROTHBURY DR,,,,,Angle,Snow,Wet,Daylight,No Controls,"Unknown, Unknown",,2B0105E0-FDF1-4D8A-B946-6C74138FA73A,Yes,No Apparent Injury,Failed to Yield Right-of-Way,Not Distracted,MD,6269DD44-8B10-4837-80B0-EC0E73BC3F29,Disabling,One O Clock,Passenger Car,Turning Left,Southbound,30,No,No,2011,CHEVROLET,CORVETTE,39.18545653,-77.1888178,"(39.18545653, -77.1888178)"
MCP2412001F,200049054,Montgomery County Police,Property Damage Crash,12/12/2020 10:06:00 PM,Maryland (State),PINEY BRANCH RD,BARRON ST,,N/A,,SAME DIR REAR END,RAINING,WET,DARK LIGHTS ON,TRAFFIC SIGNAL,ALCOHOL PRESENT,,904D3208-510B-42D6-B0C1-E356002B19B1,Yes,NO APPARENT INJURY,"N/A, WET",NOT DISTRACTED,MD,8701FBF2-C811-4954-9EA9-29E51BE13D64,DISABLING,TWELVE OCLOCK,PASSENGER CAR,MOVING CONSTANT SPEED,North,35,No,No,2005,DODGE,CARAVAN,38.99898,-76.99773,"(38.99898, -76.99773)"
MCP29020044,200002880,Montgomery County Police,Property Damage Crash,01/17/2020 03:53:00 PM,Maryland (State),RIDGE RD,CEDAR GROVE ELEMENTARY SCHOOL,,N/A,,SAME DIR REAR END,OTHER,DRY,DAYLIGHT,NO CONTROLS,N/A,,4034C4B8-00BD-4E70-B13C-B254A4634F52,No,NO APPARENT INJURY,N/A,NOT DISTRACTED,MD,F7860F3E-0A88-48BB-A86F-2A9FE053F9CD,DISABLING,SIX OCLOCK,PASSENGER CAR,SLOWING OR STOPPING,North,45,No,No,2020,FORD,EXPLORER,39.25005,-77.23320333,"(39.25005, -77.23320333)"
MCP3096003M,220040793,Montgomery County Police,Property Damage Crash,09/19/2022 04:49:00 PM,,,,PARKING LOT OF 16651 CRABBS BRANCH WAY,,,OTHER,CLEAR,,DAYLIGHT,NO CONTROLS,NONE DETECTED,,43BE0F1B-9F5C-40F4-95B6-B7CEE54145FE,Yes,NO APPARENT INJURY,N/A,NOT DISTRACTED,MD,1060FCC5-F367-421E-83E3-E63C491C8A47,NO DAMAGE,SIX OCLOCK,SCHOOL BUS,BACKING,West,15,No,No,2017,THOM,BUS,39.12850283,-77.16504633,"(39.12850283, -77.16504633)"
MCP3000001Z,170524548,Montgomery County Police,Property Damage Crash,08/12/2017 09:55:00 PM,County,FATHER HURLEY BLVD,WISTERIA DR,,N/A,,SAME DIRECTION SIDESWIPE,RAINING,WET,DARK LIGHTS ON,TRAFFIC SIGNAL,NONE DETECTED,,BBB4F25E-C7DD-4C09-9C40-AF325D084E8E,Yes,NO APPARENT INJURY,"RAIN, SNOW, WET",NOT DISTRACTED,MD,496451BD-33EA-42E6-ADFB-B148DA258028,SUPERFICIAL,ONE OCLOCK,(SPORT) UTILITY VEHICLE,PASSING,South,35,No,No,2015,FORD,EXPLORER,39.18136833,-77.27640333,"(39.18136833, -77.27640333)"
MCP29590018,16003570,Montgomery County Police,Injury Crash,01/20/2016 07:56:00 AM,Maryland (State),ASHTON RD,NEW HAMPSHIRE AVE,,N/A,,HEAD ON LEFT TURN,CLEAR,DRY,DAYLIGHT,TRAFFIC SIGNAL,NONE DETECTED,,7C038EF2-B4A8-4C52-915C-9F39BE1C4F47,No,SUSPECTED MINOR INJURY,N/A,NOT DISTRACTED,MD,7E738657-56CB-4D2F-8482-71EF663BADE7,DISABLING,TWELVE OCLOCK,(SPORT) UTILITY VEHICLE,MOVING CONSTANT SPEED,South,30,No,No,1996,JEEP,GRAND CHEROKEE,39.14923667,-77.01235167,"(39.14923667, -77.01235167)"
MCP2917007T,210020943,Montgomery County Police,Property Damage Crash,06/02/2021 03:42:00 PM,Maryland (State),LAYHILL RD,BEL PRE RD,,N/A,,SAME DIRECTION LEFT TURN,N/A,DRY,DAYLIGHT,TRAFFIC SIGNAL,NONE DETECTED,,6756BE11-F8AF-4DD3-B383-622C27F3C96A,No,NO APPARENT INJURY,N/A,NOT DISTRACTED,MD,EC23EA46-5CAE-4D53-96CA-E4CEB475E715,SUPERFICIAL,SIX OCLOCK,PASSENGER CAR,STOPPED IN TRAFFIC LANE,North,40,No,No,2003,CHEVROLET,IMPALA,39.09058841,-77.04471135,"(39.09058841, -77.04471135)"
MCP28720028,170540376,Montgomery County Police,Property Damage Crash,11/02/2017 08:00:00 AM,,,,PARKING LOT OF 7983 MUNCASTER MILL RD (EXXON),,,SINGLE VEHICLE,CLEAR,,DAYLIGHT,N/A,NONE DETECTED,,7535EF92-2358-432F-B8DD-1F73A2F7C065,Yes,NO APPARENT INJURY,N/A,LOOKED BUT DID NOT SEE,MD,C674CCEF-1D09-449B-97AB-C26F5679A27D,FUNCTIONAL,SIX OCLOCK,POLICE VEHICLE/NON EMERGENCY,BACKING,North,0,No,No,2014,DODG,CHARGER,39.1589418,-77.1596539,"(39.1589418, -77.1596539)"
MCP29050048,180052224,Montgomery County Police,Injury Crash,10/18/2018 04:31:00 PM,Maryland (State),OLD GEORGETOWN RD,GREENTREE RD,,N/A,,HEAD ON LEFT TURN,CLEAR,DRY,DAYLIGHT,TRAFFIC SIGNAL,N/A,,A570C96A-539B-48A0-B630-AFC8AF1C7C7A,Yes,POSSIBLE INJURY,N/A,UNKNOWN,MD,9869210E-8A19-457E-8190-8B0231A58AF9,DISABLING,ONE OCLOCK,PASSENGER CAR,MAKING LEFT TURN,North,40,No,No,2004,HONDA,ELEMENT,38.99995167,-77.10964,"(38.99995167, -77.10964)"
MCP3031002V,180044938,Montgomery County Police,Injury Crash,09/08/2018 05:20:00 PM,County,RANDOLPH RD,LOCKSLEY LA,,N/A,,STRAIGHT MOVEMENT ANGLE,RAINING,WET,DAYLIGHT,TRAFFIC SIGNAL,NONE DETECTED,,E4BC2F74-1650-48A0-A825-FF29858F0FC8,Yes,NO APPARENT INJURY,"N/A, WET",LOOKED BUT DID NOT SEE,MD,946F4BAC-44C5-49CB-897F-4B6F30E5B598,FUNCTIONAL,ONE OCLOCK,PASSENGER CAR,MAKING U TURN,East,30,No,No,2017,HONDA,CIVIC,39.071525,-77.01140167,"(39.071525, -77.01140167)"
DD5615005M,180028975,Rockville Police Departme,Property Damage Crash,06/12/2018 01:13:00 PM,Municipality,ARDENNES AVE,RIDGWAY AVE,,ROCKVILLE,,STRAIGHT MOVEMENT ANGLE,CLEAR,DRY,DAYLIGHT,STOP SIGN,NONE DETECTED,,9488DD87-134A-4875-9752-101F0F738339,No,NO APPARENT INJURY,N/A,NOT DISTRACTED,MD,93C8396D-F771-41E3-9983-6C0B063DB559,DISABLING,ELEVEN OCLOCK,VAN,MAKING LEFT TURN,South,25,No,No,2014,GMC,EXPRESS,39.06743,-77.11834833,"(39.06743, -77.11834833)"