Report Number,Local Case Number,Agency Name,ACRS Report Type,Crash Date/Time,Route Type,Road Name,Cross-Street Name,Off-Road Description,Municipality,Related Non-Motorist,Collision Type,Weather,Surface Condition,Light,Traffic Control,Driver Substance Abuse,Non-Motorist Substance Abuse,Person ID,Driver At Fault,Injury Severity,Circumstance,Driver Distracted By,Drivers License State,Vehicle ID,Vehicle Damage Extent,Vehicle First Impact Location,Vehicle Body Type,Vehicle Movement,Vehicle Going Dir,Speed Limit,Driverless Vehicle,Parked Vehicle,Vehicle Year,Vehicle Make,Vehicle Model,Latitude,Longitude,Location
EJ78750062,250005804,GAITHERSBURG,Injury Crash,02/08/2025 03:33:00 PM,Maryland (State) Route,,,,,,Angle,Rain,Wet,Daylight,No Controls,"Not Suspect of Alcohol Use, Not Suspect of Drug Use",,02ACA8CD-C096-49BD-B829-1A1C4736B003,No,Possible Injury,,Not Distracted,MD,ED1A384E-C7C3-4365-85FE-7E62207D7A24,Superficial,Nine O Clock,Passenger Car,,Northbound,30,No,No,2024,NISSAN,ROGUE,39.14615067,-77.20417467,"(39.14615067, -77.20417467)"
MCP2904005F,180035813,Montgomery County Police,Injury Crash,07/19/2018 07:30:00 PM,Maryland (State),NEW HAMPSHIRE AVE,RUPPERT RD,,N/A,,SAME DIRECTION LEFT TURN,N/A,DRY,DAYLIGHT,NO CONTROLS,NONE DETECTED,,B975E2EC-4381-4C9D-B2B6-B8FC26F9E0C5,No,POSSIBLE INJURY,N/A,NOT DISTRACTED,MD,B8248C36-37E2-44AE-B1CB-B302AC013763,FUNCTIONAL,ELEVEN OCLOCK,PASSENGER CAR,MOVING CONSTANT SPEED,North,40,No,No,2012,NISSAN,ALTIMA,39.03216834,-76.98467597,"(39.03216834, -76.98467597)"
MCP2437002V,170531537,Montgomery County Police,Injury Crash,09/19/2017 03:46:00 PM,County,RANDOLPH RD,SELFRIDGE RD,,N/A,,STRAIGHT MOVEMENT ANGLE,CLEAR,DRY,DAYLIGHT,TRAFFIC SIGNAL,NONE DETECTED,,4D158D23-5095-4C4E-9C7A-7F3639E552A8,No,POSSIBLE INJURY,N/A,NOT DISTRACTED,MD,884A37A4-4820-46B4-B9FA-241220FE4D48,FUNCTIONAL,ELEVEN OCLOCK,PASSENGER CAR,MAKING RIGHT TURN,East,35,No,No,2010,CHEVROLET,MALIBU,39.05521,-77.08343167,"(39.05521, -77.08343167)"
MCP271700FY,180005761,Montgomery County Police,Property Damage Crash,02/02/2018 06:15:00 PM,County,MARINELLI RD,ROCKVILLE PIKE,,N/A,,SAME DIRECTION SIDESWIPE,CLEAR,DRY,DARK LIGHTS ON,N/A,NONE DETECTED,,690B122A-51AD-47C4-83D4-0ED7F8C51B4C,Yes,NO APPARENT INJURY,N/A,UNKNOWN,MD,6B6EFEB2-0081-4F14-A25E-F13FA3286F01,SUPERFICIAL,ONE OCLOCK,TRANSIT BUS,MOVING CONSTANT SPEED,East,25,No,No,2006,NEW FLYER,TRANSIT BUS,39.04708967,-77.11216533,"(39.04708967, -77.11216533)"
MCP20080050,180024096,Montgomery County Police,Injury Crash,05/16/2018 05:04:00 PM,Maryland (State),RIVER RD,BRADLEY BLVD,,N/A,,SAME DIR REAR END,RAINING,WET,DAYLIGHT,N/A,NONE DETECTED,,11BC4737-3938-4FE5-BE96-98EC60BE09CF,No,NO APPARENT INJURY,N/A,NOT DISTRACTED,MD,D4965E42-5062-4E19-89CE-5B874189B312,SUPERFICIAL,SIX OCLOCK,PASSENGER CAR,SLOWING OR STOPPING,West,40,No,No,2007,LEXU,4S,39.00135667,-77.17900667,"(39.00135667, -77.17900667)"
MCP2662000Y,16035377,Montgomery County Police,Property Damage Crash,07/12/2016 11:15:00 PM,County,MUNCASTER RD,CYNTHIA LA,,N/A,,SAME DIR REAR END,CLEAR,DRY,DARK NO LIGHTS,NO CONTROLS,NONE DETECTED,,BC518DFA-035C-4888-871D-0EB15F01134A,No,NO APPARENT INJURY,N/A,NOT DISTRACTED,MD,3CABA850-1C13-47D6-B787-90DF4FE5F34A,FUNCTIONAL,SIX OCLOCK,PASSENGER CAR,MAKING LEFT TURN,North,35,No,No,2013,CHEVY,EQUINOX,39.14942667,-77.141625,"(39.14942667, -77.141625)"
MCP2981000Q,16041790,Montgomery County Police,Property Damage Crash,08/17/2016 06:02:00 PM,Maryland (State),RIVER RD,LITTLE FALLS PKWY,,N/A,,SAME DIR REAR END,CLEAR,DRY,DAYLIGHT,TRAFFIC SIGNAL,NONE DETECTED,,7CF99B97-8188-4BBF-8420-7F3CEBC697E1,No,NO APPARENT INJURY,N/A,NOT DISTRACTED,VA,82A84EF1-0288-4EF4-97A9-BACF352DC2F5,FUNCTIONAL,SIX OCLOCK,(SPORT) UTILITY VEHICLE,STOPPED IN TRAFFIC LANE,West,35,No,No,2002,FORD,EXPLORER,38.96212833,-77.09928,"(38.96212833, -77.09928)"
MCP0613001Z,200044510,Montgomery County Police,Property Damage Crash,11/11/2020 08:29:00 AM,Maryland (State),GEORGIA AVE,REEDIE DR,,N/A,,OTHER,RAINING,WET,DAYLIGHT,TRAFFIC SIGNAL,NONE DETECTED,,424EFA8F-D281-4B4E-A884-7A6741ABC35F,Yes,NO APPARENT INJURY,"RAIN, SNOW, WET",NOT DISTRACTED,MD,44CA3F06-E4D3-422B-BEEC-22402D71A44C,SUPERFICIAL,TWO OCLOCK,AMBULANCE/EMERGENCY,MOVING CONSTANT SPEED,South,25,No,No,2020,FREIGHT,AMBULANCE,39.038655,-77.05125667,"(39.038655, -77.05125667)"
MCP2656004Y,200046984,Montgomery County Police,Property Damage Crash,11/28/2020 05:50:00 PM,Maryland (State),CLOPPER RD,WARING STATION RD,,N/A,,SAME DIR REAR END,CLEAR,DRY,DARK LIGHTS ON,TRAFFIC SIGNAL,N/A,,67B8C2F1-9A1C-4320-894A-3774AE4A2E73,No,NO APPARENT INJURY,N/A,NOT DISTRACTED,FL,4F18CB12-580E-476A-8DAA-17882A399CCA,FUNCTIONAL,SIX OCLOCK,PASSENGER CAR,SLOWING OR STOPPING,East,35,No,No,2019,TESLA,4D,39.154135,-77.25437667,"(39.154135, -77.25437667)"
MCP33280046,250006810,MONTGOMERY,Property Damage Crash,02/15/2025 04:10:00 PM,County Route,RANDOLPH RD,,,,,Angle,Rain,Wet,Daylight,No Controls,"Not Suspect of Alcohol Use, Not Suspect of Drug Use",,4F287791-9EB0-48DE-89A2-027AE90899A8,No,No Apparent Injury,,Not Distracted,MD,A51F94F3-6481-42E6-BC0E-37C88E90CDFA,Superficial,Three O Clock,Passenger Car,Moving Constant Speed,Eastbound,35,No,No,2015,TOYOTA,PRIUS,39.05740198,-77.07803929,"(39.05740198, -77.07803929)"
MCP29290010,15046617,MONTGOMERY,Injury Crash,09/15/2015 07:15:00 AM,County,HINES RD,LAFAYETTE DR,,N/A,,SAME DIR REAR END,CLEAR,DRY,DAYLIGHT,NO CONTROLS,NONE DETECTED,,9B32E1E4-D966-4F6F-B70A-76E648A0D6AD,Yes,NO APPARENT INJURY,N/A,UNKNOWN,MD,4A38D264-1C2C-4E64-8AFA-9C0A1066844B,DISABLING,TWELVE OCLOCK,PASSENGER CAR,SLOWING OR STOPPING,East,35,No,No,2011,VOLKSWAGON,TIGUAN,39.14162,-77.07629667,"(39.14162, -77.07629667)"
MCP2799004J,180042926,Montgomery County Police,Injury Crash,08/28/2018 10:29:00 AM,County,BONIFANT RD,ANTIETAM CT,,N/A,,SAME DIR REAR END,CLEAR,DRY,DARK LIGHTS ON,NO CONTROLS,ALCOHOL PRESENT,,A6633E59-C513-48C5-840C-4210D4B43C7F,Yes,NO APPARENT INJURY,N/A,LOOKED BUT DID NOT SEE,MD,A39A85A7-B9B2-4D42-8967-A11E228BD70F,SUPERFICIAL,TWELVE OCLOCK,PASSENGER CAR,MOVING CONSTANT SPEED,West,35,No,No,2013,HYUN,4D,39.09504,-77.00451333,"(39.09504, -77.00451333)"
MCP2239000L,17009963,Montgomery County Police,Property Damage Crash,02/24/2017 10:10:00 AM,County,TUCKERMAN LA,TOULONE DR,,N/A,,HEAD ON LEFT TURN,CLEAR,DRY,DAYLIGHT,NO CONTROLS,N/A,,7E623189-11B6-42EF-9BAC-F5DC134241FB,No,NO APPARENT INJURY,N/A,NOT DISTRACTED,MD,D853FFB8-EE6A-42B2-AA33-CEEFAEF1AD2F,DISABLING,ELEVEN OCLOCK,PASSENGER CAR,MOVING CONSTANT SPEED,West,35,No,No,2009,AUDI,Q7,39.04776,-77.18306283,"(39.04776, -77.18306283)"
MCP3021001Q,170538706,Montgomery County Police,Injury Crash,10/25/2017 08:00:00 AM,Maryland (State),E RANDOLPH RD,BEGIN BRIDGE,,N/A,,SAME DIR REAR END,CLEAR,DRY,DAYLIGHT,NO CONTROLS,NONE DETECTED,,0C54D33E-B0FE-482E-A947-FFF6A9E0A0D0,No,NO APPARENT INJURY,N/A,NOT DISTRACTED,MD,C02DE43F-75C5-4F10-B389-B9209E56619D,SUPERFICIAL,SIX OCLOCK,SCHOOL BUS,SLOWING OR STOPPING,East,30,No,No,2015,FREIGHTLINER BUS,SCHOOL BUS,39.06302333,-76.964575,"(39.06302333, -76.964575)"
MCP9133000M,16001764,Montgomery County Police,Property Damage Crash,01/10/2016 12:51:00 PM,Maryland (State),FREDERICK RD,MIDDLEBROOK RD,,N/A,,SAME DIR REAR END,CLEAR,WET,DAYLIGHT,TRAFFIC SIGNAL,NONE DETECTED,,F97C02E2-F5C0-47F4-B7E2-CF29D435DF94,Yes,NO APPARENT INJURY,"N/A, WET",NOT DISTRACTED,MD,FA25F78C-D723-46DD-BF49-1B53DE7D97BA,DISABLING,TWELVE OCLOCK,PASSENGER CAR,SKIDDING,North,40,No,No,2001,MAZD,TK,39.178723,-77.237899,"(39.178723, -77.237899)"
DD56150099,200040793,Rockville Police Departme,Property Damage Crash,10/16/2020 12:00:00 PM,Municipality,E GUDE DR,NORBECK RD,,N/A,,OTHER,N/A,DRY,DAYLIGHT,TRAFFIC SIGNAL,NONE DETECTED,,F23F31F1-F69F-4A24-BC24-570EAF202783,No,NO APPARENT INJURY,N/A,NOT DISTRACTED,MD,8341032F-3344-43C2-A35B-5C6E8E8E2892,DISABLING,TWELVE OCLOCK,PASSENGER CAR,STOPPED IN TRAFFIC LANE,East,40,No,No,2011,CHEVROLET,SUBURBAN,39.09081247,-77.12969812,"(39.09081247, -77.12969812)"
MCP21920036,190005337,Montgomery County Police,Injury Crash,02/03/2019 06:07:00 AM,County,NOTLEY RD,ROYAL FOREST LA,,N/A,,HEAD ON LEFT TURN,N/A,WET,DARK LIGHTS ON,N/A,UNKNOWN,,1FA8027A-01CF-474C-9CA9-B131BA1CC2D4,Yes,POSSIBLE INJURY,N/A,UNKNOWN,MD,026EE43D-614A-4DB3-902F-036E97EAF24F,DESTROYED,TWELVE OCLOCK,PASSENGER CAR,MOVING CONSTANT SPEED,West,30,No,No,2013,HYUNDAI,SONATA,39.08889833,-77.01416,"(39.08889833, -77.01416)"
MCP3319002N,240035282,MONTGOMERY,Property Damage Crash,07/26/2024 11:21:00 AM,US (State),,,,,,Angle,Clear,Dry,Daylight,No Controls,"Not Suspect of Alcohol Use, Not Suspect of Drug Use",,93D94485-A66C-4A10-AF8C-7912AF1DF992,Yes,No Apparent Injury,,Not Distracted,FL,B148CD56-3867-4CC2-9E2E-A3D9511B3735,Superficial,Ten O Clock,Other Trucks,Backing,Northbound,30,No,No,2022,FREIGHTLINER,CASCADIA,38.99698635,-77.02744915,"(38.99698635, -77.02744915)"
MCP2877004G,170538986,Montgomery County Police,Property Damage Crash,10/26/2017 02:20:00 PM,Maryland (State),GEORGIA AVE,ARTHUR AVE,,N/A,,SAME DIR REAR END,CLEAR,DRY,DAYLIGHT,NO CONTROLS,NONE DETECTED,,956A8216-673C-4851-95A5-E8D017572E9C,No,NO APPARENT INJURY,N/A,NOT DISTRACTED,MD,F98DC6B4-1019-46B7-95F2-31B94D3C6CBF,FUNCTIONAL,SIX OCLOCK,PASSENGER CAR,STOPPED IN TRAFFIC LANE,South,35,No,No,2014,HONDA,ACCORD,39.01910667,-77.04397167,"(39.01910667, -77.04397167)"
MCP3184000M,190019971,Montgomery County Police,Property Damage Crash,04/28/2019 09:31:00 PM,County,THAYER AVE,GEORGIA AVE,,N/A,,OTHER,CLEAR,DRY,DARK -- UNKNOWN LIGHTING,N/A,N/A,,6DA34AC0-34C0-45A5-961F-00EFBEE6B8F0,No,NO APPARENT INJURY,N/A,NOT DISTRACTED,MD,FF2CF43F-FCA7-4105-9300-905897E212EA,SUPERFICIAL,NINE OCLOCK,PASSENGER CAR,PARKED,,25,No,Yes,2009,NISS,VERSA,38.99302764,-77.02464452,"(38.99302764, -77.02464452)"
MCP13820049,180030590,Montgomery County Police,Property Damage Crash,06/21/2018 08:48:00 AM,,,,PARKING LOT OF 1617 CARRIAGE HOUSE TERRACE,,,OTHER,CLEAR,,DAYLIGHT,NO CONTROLS,NONE DETECTED,,074B5576-F305-4A3E-AE2D-B1B726231ED3,Yes,NO APPARENT INJURY,N/A,LOOKED BUT DID NOT SEE,MD,182A732E-3F9B-40FC-B1C9-0AD33217B39B,FUNCTIONAL,SIX OCLOCK,PASSENGER CAR,BACKING,West,0,No,No,2012,CHRYSLER,200 4DR,39.0491,-76.97979833,"(39.0491, -76.97979833)"
MCP32210019,200034093,Montgomery County Police,Property Damage Crash,08/31/2020 08:59:00 PM,Municipality,WOOTTON PKWY,TOWER OAKS BLVD,,ROCKVILLE,,HEAD ON LEFT TURN,RAINING,WET,DARK LIGHTS ON,TRAFFIC SIGNAL,NONE DETECTED,,C007E669-B218-4776-8248-F68A6EE21065,Yes,NO APPARENT INJURY,"RAIN, SNOW, WET",UNKNOWN,MD,D5E0C1D4-C523-49EA-A7A0-DB9E36912D38,FUNCTIONAL,TWELVE OCLOCK,PASSENGER CAR,MAKING LEFT TURN,West,40,No,No,2019,SUBARU,IMPREZA,39.06664583,-77.15398383,"(39.06664583, -77.15398383)"
MCP9418000F,15013781,Montgomery County Police,Injury Crash,03/25/2015 03:01:00 PM,Maryland (State),GEORGIA AVE,CORWIN DR,,N/A,,SAME DIR REAR END,CLEAR,N/A,DAYLIGHT,N/A,N/A,,77B829F8-D54C-4C01-AD40-A6F306106E01,Unknown,SUSPECTED MINOR INJURY,N/A,NOT DISTRACTED,MD,82B24C01-AEED-4A5A-A6BC-9DF9C5B797EC,FUNCTIONAL,TWELVE OCLOCK,PASSENGER CAR,SLOWING OR STOPPING,North,35,No,No,2005,TOYOTA,COROLLA,39.00799333,-77.04020167,"(39.00799333, -77.04020167)"
MCP23700033,170513432,Montgomery County Police,Property Damage Crash,06/13/2017 03:09:00 PM,Maryland (State),UNIVERSITY BLVD E,RAMP 2 FR IS 495 WB TO MD 193 NB,,N/A,,ANGLE MEETS RIGHT TURN,CLEAR,DRY,DAYLIGHT,TRAFFIC SIGNAL,NONE DETECTED,,2D5E9774-FC71-4CE1-BB6B-77425A8EB136,No,NO APPARENT INJURY,N/A,NOT DISTRACTED,MD,2DE3EEE8-2178-4BDA-8E3F-8AE26EA2C4F7,FUNCTIONAL,THREE OCLOCK,SCHOOL BUS,MOVING CONSTANT SPEED,West,35,No,No,2012,THOMAS,BUS,39.01645833,-77.00567,"(39.01645833, -77.00567)"
MCP2759000Z,15066324,Montgomery County Police,Property Damage Crash,12/26/2015 10:38:00 PM,US (State),COLUMBIA PIKE,STEWART LA,,N/A,,HEAD ON LEFT TURN,N/A,N/A,DARK LIGHTS ON,TRAFFIC SIGNAL,UNKNOWN,,61700D38-BC56-4B88-85E8-E6FD3BE6107F,Yes,NO APPARENT INJURY,N/A,UNKNOWN,MD,209E7A3D-E470-41FF-995E-705C660CEF4A,FUNCTIONAL,SIX OCLOCK,PASSENGER CAR,MAKING LEFT TURN,South,30,No,No,2014,NISSAN,VERSA,39.04645359,-76.98692098,"(39.04645359, -76.98692098)"
MCP2358006K,190037781,Montgomery County Police,Property Damage Crash,08/08/2019 08:43:00 AM,County,PERSIMMON TREE RD,OAKLYN DR,,N/A,,STRAIGHT MOVEMENT ANGLE,CLEAR,DRY,DAYLIGHT,STOP SIGN,NONE DETECTED,,50464B26-2912-46A3-9874-8A3A40B6FC28,No,NO APPARENT INJURY,N/A,NOT DISTRACTED,MD,27A2A584-6F56-4615-8F9C-086A7DF28978,FUNCTIONAL,FOUR OCLOCK,PASSENGER CAR,MOVING CONSTANT SPEED,West,35,No,No,2017,FORD,ESCAPE,38.99776333,-77.18888,"(38.99776333, -77.18888)"
MCP24120013,190048967,Montgomery County Police,Property Damage Crash,10/11/2019 10:22:00 PM,Maryland (State),UNIVERSITY BLVD E,PINEY BRANCH RD,,N/A,,SAME DIRECTION SIDESWIPE,CLEAR,DRY,DARK LIGHTS ON,NO CONTROLS,NONE DETECTED,,FEAB7744-1EF3-4BDF-A492-BFD87A968CF1,No,NO APPARENT INJURY,N/A,NOT DISTRACTED,MD,DAD6AF9F-0679-4C6C-B997-0529119024D8,SUPERFICIAL,THREE OCLOCK,PASSENGER CAR,MOVING CONSTANT SPEED,West,35,No,No,2019,CHEVY,TRAVERSE,38.999955,-76.99535167,"(38.999955, -76.99535167)"
MCP289200GP,240041448,MONTGOMERY,Property Damage Crash,09/01/2024 05:54:00 PM,Maryland (State) Route,16TH ST,GRACE CHURCH RD,,,,Angle,Clear,Dry,Daylight,No Controls,"Not Suspect of Alcohol Use, Not Suspect of Drug Use",,F9DA9F31-82B1-461C-A090-E01033438369,No,No Apparent Injury,,Not Distracted,MD,654F68AE-500E-4EB7-A4D1-D6601E00AED2,Disabling,Nine O Clock,Passenger Car,Moving Constant Speed,,30,No,No,2022,TOYOTA,CAMRY,39.00464793,-77.03998017,"(39.00464793, -77.03998017)"
MCP1382004S,190005055,Montgomery County Police,Injury Crash,02/01/2019 09:52:00 AM,County,OLD COLUMBIA PIKE,FAIRLAND RD,,N/A,,HEAD ON LEFT TURN,SNOW,SNOW,DAYLIGHT,NO CONTROLS,NONE DETECTED,,75EACFD4-1B3F-4E70-A2BD-B9344FB1BEB1,No,NO APPARENT INJURY,"ICY OR SNOW-COVERED, RAIN, SNOW",NOT DISTRACTED,MD,D54EE512-E2B9-4791-A01B-BB94E2279C12,FUNCTIONAL,TWELVE OCLOCK,(SPORT) UTILITY VEHICLE,MOVING CONSTANT SPEED,South,35,No,No,2016,TOYT,SUV HIGHLANDER,39.07674,-76.95746,"(39.07674, -76.95746)"
MCP2800002H,16027371,Montgomery County Police,Property Damage Crash,06/01/2016 04:23:00 PM,Maryland (State),RIVER RD,GOLDSBORO RD,,N/A,,SAME DIR REAR END,CLEAR,DRY,DAYLIGHT,NO CONTROLS,NONE DETECTED,,1F7D282B-DA46-4FCB-898F-80BEB6560A21,Yes,NO APPARENT INJURY,N/A,ADJUSTING AUDIO AND OR CLIMATE CONTROLS,MD,16ED765F-9C8D-4889-A636-75A2C95D4318,FUNCTIONAL,TWELVE OCLOCK,PASSENGER CAR,MOVING CONSTANT SPEED,East,45,No,No,2008,HONDA,ACCORD,38.97381833,-77.12292,"(38.97381833, -77.12292)"
EJ7884006W,240052750,GAITHERSBURG,Property Damage Crash,11/03/2024 01:55:00 AM,Spur,,,,,,Single Vehicle,Clear,Dry,Dark - Lighted,Traffic Control Signal,"Suspect of Alcohol Use, Not Suspect of Drug Use",,0A77E8B3-7009-4951-BF61-F8BF4C2983F2,No,No Apparent Injury,"Failed to Keep in Proper Lane, Improper Turn, Operated Motor Vehicle in Inattentive, Careless, Negligent, or Erratic Manner, Operated Motor Vehicle in Reckless or Aggressive Manner, Over-Correcting/Over-Steering",Unknown,MD,991CA74D-CA80-4A1E-899B-9D6E1ADC358E,Disabling,Twelve O Clock,Passenger Car,Negotiating a Curve,Northbound,40,No,No,2004,ACURA,TSX,39.11611641,-77.20815753,"(39.11611641, -77.20815753)"
DD56030054,170549883,Rockville Police Departme,Property Damage Crash,12/21/2017 09:00:00 AM,Municipality,TOWER OAKS BLVD,PRESERVE PKWY,,ROCKVILLE,,SINGLE VEHICLE,CLEAR,DRY,DAYLIGHT,NO CONTROLS,NONE DETECTED,,8CA0BEF3-830D-49A7-A484-FA827796D488,Yes,NO APPARENT INJURY,N/A,NOT DISTRACTED,MD,29F082EF-3259-4A9E-AFE6-F55ED26A5110,DISABLING,TEN OCLOCK,PASSENGER CAR,MOVING CONSTANT SPEED,South,30,No,No,2016,HYUN,4S,39.06139928,-77.15509415,"(39.06139928, -77.15509415)"
MCP32300050,230069504,Montgomery County Police,Injury Crash,12/02/2023 04:45:00 PM,Maryland (State),NORBECK RD,COOLIDGE AVE,,N/A,,HEAD ON,CLEAR,DRY,DAWN,NO CONTROLS,NONE DETECTED,,77D764EF-F50C-4773-894E-8534C4B286C8,Yes,SUSPECTED MINOR INJURY,N/A,NOT DISTRACTED,MD,5D1658EE-741B-4BDA-85E6-63D8D397FC88,DISABLING,TWELVE OCLOCK,PASSENGER CAR,MOVING CONSTANT SPEED,East,35,No,No,2013,SUBARU,OUTBACK,39.1123045,-77.07163083,"(39.1123045, -77.07163083)"
MCP320000DS,240060017,MONTGOMERY,Property Damage Crash,12/16/2024 07:47:00 AM,County Route,FERNWOOD RD,,,,,Front to Rear,Cloudy,Wet,Daylight,No Controls,"Not Suspect of Alcohol Use, Not Suspect of Drug Use",,6A52362A-A351-416E-BD23-83FCE3A1A0D5,No,No Apparent Injury,,Not Distracted,MD,ECC6B9AB-9743-4CAE-90B8-9F756790CA96,Functional,Six O Clock,Sport Utility Vehicle,Stopped in Traffic,Northbound,35,No,No,2025,HONDA,PILOT,39.02061937,-77.13459181,"(39.02061937, -77.13459181)"
MCP2970004Z,180056913,Montgomery County Police,Injury Crash,11/13/2018 10:34:00 AM,County,ARCOLA AVE,HOYT ST,,N/A,,SAME DIR REAR END,RAINING,WET,DAYLIGHT,NO CONTROLS,NONE DETECTED,,719AF1A8-E510-49A9-B530-29B14457D971,Yes,NO APPARENT INJURY,"N/A, RAIN, SNOW",NOT DISTRACTED,MD,C2729646-0DDD-4814-B7B6-F1BF1B8B8FFF,FUNCTIONAL,TWELVE OCLOCK,PASSENGER CAR,MOVING CONSTANT SPEED,East,30,No,No,1993,MERCURY,2S,39.03720167,-77.02642667,"(39.03720167, -77.02642667)"
MCP2353008F,200039749,Montgomery County Police,Property Damage Crash,10/09/2020 08:48:00 AM,Maryland (State),RIVER RD,FALLS RD,,N/A,,SAME DIRECTION LEFT TURN,CLOUDY,DRY,DAYLIGHT,TRAFFIC SIGNAL,NONE DETECTED,,27AB1807-4ADE-4AE4-B4A4-2C356CC7FA44,Yes,NO APPARENT INJURY,N/A,UNKNOWN,MD,BD359781-2B14-4FD3-A2DB-29FD644E526A,DISABLING,NINE OCLOCK,VAN,MAKING LEFT TURN,East,30,No,No,2019,HONDA,OYDESSY,39.01801167,-77.208795,"(39.01801167, -77.208795)"
MCP271700R0,190051828,Montgomery County Police,Property Damage Crash,10/28/2019 11:30:00 AM,Maryland (State),ROCKVILLE PIKE,NICHOLSON LA,,N/A,,SAME DIR REAR END,CLEAR,DRY,DAYLIGHT,TRAFFIC SIGNAL,NONE DETECTED,,AE811F84-FA25-4D0A-8259-9A7957A49811,No,NO APPARENT INJURY,N/A,NOT DISTRACTED,MD,D5BE96C2-FEB5-409E-8BE7-CED3B2F477FB,FUNCTIONAL,SIX OCLOCK,PICKUP TRUCK,SLOWING OR STOPPING,North,35,No,No,2017,CHEVROLET,F350,39.043625,-77.11111017,"(39.043625, -77.11111017)"
DD56200040,190024504,Rockville Police Departme,Injury Crash,05/23/2019 12:20:00 PM,Municipality,REDLAND BLVD,PICCARD DR,,ROCKVILLE,,SAME DIR REAR END,CLEAR,DRY,DAYLIGHT,NO CONTROLS,NONE DETECTED,,C688EA59-F113-4E82-A2DF-E0167494C1BB,No,POSSIBLE INJURY,N/A,NOT DISTRACTED,MD,8205052C-2C56-4121-BA37-EFD752835A55,DISABLING,SIX OCLOCK,PASSENGER CAR,SLOWING OR STOPPING,West,30,No,No,2010,SUBARU,FORRESTER,39.109684,-77.17809383,"(39.109684, -77.17809383)"
MCP3263002T,220050152,Montgomery County Police,Property Damage Crash,11/13/2022 05:30:00 PM,Maryland (State),CONNECTICUT AVE,BLACKTHORN ST,,N/A,,STRAIGHT MOVEMENT ANGLE,CLEAR,DRY,DARK LIGHTS ON,NO CONTROLS,NONE DETECTED,,EF5335D0-A605-494D-9635-3E373855ADA7,No,NO APPARENT INJURY,N/A,NOT DISTRACTED,MD,B4AE7A79-E4E6-4399-A6BC-3BD8D9BCFFEC,DISABLING,TWELVE OCLOCK,PASSENGER CAR,MOVING CONSTANT SPEED,North,30,No,No,2012,TOYOTA,RAV 4,38.98774833,-77.07714333,"(38.98774833, -77.07714333)"
MCP3372001Q,230062351,Montgomery County Police,Property Damage Crash,10/24/2023 04:58:00 PM,Maryland (State),GEORGIA AVE,BEL PRE RD,,N/A,,SAME DIRECTION SIDESWIPE,CLEAR,DRY,DAYLIGHT,NO CONTROLS,NONE DETECTED,,62BD35EB-4D58-4EA7-A032-45282378DE90,No,NO APPARENT INJURY,N/A,NOT DISTRACTED,MD,6F7521AC-C44D-4018-BC36-B6A3DA35819C,FUNCTIONAL,FIVE OCLOCK,PASSENGER CAR,STOPPED IN TRAFFIC LANE,North,35,No,No,2021,VOLK,TIGUAN,39.09242901,-77.07982142,"(39.09242901, -77.07982142)"
MCP1563004R,180023950,Montgomery County Police,Property Damage Crash,05/15/2018 09:02:00 PM,,,,PARKING LOT OF 8500 16TH ST.,,,OTHER,RAINING,,DARK -- UNKNOWN LIGHTING,N/A,NONE DETECTED,,56588BD9-D64E-4D5E-BDC5-728798C9DB18,No,NO APPARENT INJURY,"RAIN, SNOW, WET",NOT DISTRACTED,FL,93B72B8A-7E54-4795-A224-E895E057C321,SUPERFICIAL,TWELVE OCLOCK,PASSENGER CAR,OTHER,East,0,No,No,2012,HONDA,CIVIC,38.9957703,-77.03660354,"(38.9957703, -77.03660354)"
MCP3080000S,180032626,Montgomery County Police,Property Damage Crash,07/02/2018 05:40:00 PM,County,WARING STATION RD,ESMOND TERR,,N/A,,STRAIGHT MOVEMENT ANGLE,CLEAR,DRY,DAYLIGHT,N/A,N/A,,773A8B03-432D-4179-AE49-182E31817857,No,NO APPARENT INJURY,N/A,NOT DISTRACTED,MD,1DD17CC8-EDF8-4E86-A23F-530FF5102B32,DISABLING,TWELVE OCLOCK,PASSENGER CAR,MOVING CONSTANT SPEED,South,35,No,No,2004,MERCEDEZ,4S,39.17166784,-77.25174621,"(39.17166784, -77.25174621)"
MCP2857003H,210034905,Montgomery County Police,Property Damage Crash,09/05/2021 11:00:00 PM,Maryland (State),MONTGOMERY VILLAGE AVE,CHRISTOPHER AVE,,N/A,,HEAD ON LEFT TURN,CLEAR,WET,DARK LIGHTS ON,TRAFFIC SIGNAL,NONE DETECTED,,20E8A4FC-9BE1-4DE3-812C-7EE19CF2DB2D,No,NO APPARENT INJURY,N/A,NOT DISTRACTED,MD,D8A43D5D-8120-4F6C-9B9F-BF533699C3F7,FUNCTIONAL,FOUR OCLOCK,PASSENGER CAR,MAKING LEFT TURN,North,35,No,No,2012,CHEVY,CAMARO,39.1595592,-77.20904,"(39.1595592, -77.20904)"