Report Number,Local Case Number,Agency Name,ACRS Report Type,Crash Date/Time,Route Type,Road Name,Cross-Street Name,Off-Road Description,Municipality,Related Non-Motorist,Collision Type,Weather,Surface Condition,Light,Traffic Control,Driver Substance Abuse,Non-Motorist Substance Abuse,Person ID,Driver At Fault,Injury Severity,Circumstance,Driver Distracted By,Drivers License State,Vehicle ID,Vehicle Damage Extent,Vehicle First Impact Location,Vehicle Body Type,Vehicle Movement,Vehicle Going Dir,Speed Limit,Driverless Vehicle,Parked Vehicle,Vehicle Year,Vehicle Make,Vehicle Model,Latitude,Longitude,Location
MCP2298012Z,230015179,Montgomery County Police,Injury Crash,03/29/2023 03:07:00 PM,Maryland (State),BARNESVILLE RD,ENT TO BOYDS POST OFFICE,,N/A,,OTHER,CLEAR,DRY,DAYLIGHT,NO CONTROLS,NONE DETECTED,,ED69E4E6-EDF0-495B-81DE-1DEE90D6BDC9,No,NO APPARENT INJURY,N/A,NOT DISTRACTED,MD,14E0D8E5-F548-477E-8586-084C13C3E455,FUNCTIONAL,TWELVE OCLOCK,PICKUP TRUCK,MOVING CONSTANT SPEED,West,30,No,No,2017,FORD,PK,39.19039833,-77.32136,"(39.19039833, -77.32136)"
MCP27840030,17004384,Montgomery County Police,Property Damage Crash,01/25/2017 05:11:00 PM,Maryland (State),LAYHILL RD,GLENALLAN AVE,,N/A,,SAME DIR REAR END,CLEAR,DRY,DAYLIGHT,NO CONTROLS,NONE DETECTED,,B38CB105-06E5-4BA3-896C-646B42DA88BE,Yes,NO APPARENT INJURY,N/A,LOOKED BUT DID NOT SEE,MD,79FF28C8-8F74-44DC-875D-C3E3E46A0B5D,FUNCTIONAL,TWELVE OCLOCK,PASSENGER CAR,MAKING RIGHT TURN,East,35,No,No,2005,TOYOTA,HIGHLANDER,39.06208833,-77.05106667,"(39.06208833, -77.05106667)"
MCP2982000V,16020518,Montgomery County Police,Injury Crash,04/26/2016 09:21:00 AM,County,SEMINARY RD,FOREST GLEN RD,,N/A,,SAME DIR REAR END,CLEAR,DRY,DAYLIGHT,TRAFFIC SIGNAL,NONE DETECTED,,5A56B25C-A1B4-409D-B516-E47978E7294B,Yes,NO APPARENT INJURY,N/A,INATTENTIVE OR LOST IN THOUGHT,MD,4943939E-6817-4FA6-A9A1-D515214DB644,FUNCTIONAL,TWELVE OCLOCK,PASSENGER CAR,MOVING CONSTANT SPEED,East,30,No,No,1997,HOND,ACCORD,39.01484833,-77.05493,"(39.01484833, -77.05493)"
MCP3123004D,220032423,Montgomery County Police,Property Damage Crash,07/28/2022 10:31:00 AM,,,,"LEVEL 1 PARKING LOT OF 5700 BOU AVE (TARGET) ROCKVILLE, MD",,,OTHER,N/A,,DAYLIGHT,N/A,N/A,,03176968-9CCC-4795-A2C1-6BBCF698761E,Yes,NO APPARENT INJURY,N/A,LOOKED BUT DID NOT SEE,MD,6ACE5D61-F218-43C6-9D85-59F75D13CF6C,SUPERFICIAL,SIX OCLOCK,(SPORT) UTILITY VEHICLE,STARTING FROM PARKED,Unknown,10,No,No,2021,TOYOTA,RAV-4,39.05678807,-77.11489874,"(39.05678807, -77.11489874)"
MCP3136001Z,190027695,Montgomery County Police,Property Damage Crash,06/10/2019 02:22:00 PM,County,FLOWER AVE,PINEY BRANCH RD,,N/A,,STRAIGHT MOVEMENT ANGLE,RAINING,WET,DAYLIGHT,N/A,NONE DETECTED,,0A9018C7-AB8A-41A1-A5D5-4BE8C57224A6,Yes,NO APPARENT INJURY,"N/A, WET",LOOKED BUT DID NOT SEE,MD,F6127BE4-514A-42CC-AFD9-CCF1CA324D9D,SUPERFICIAL,TWELVE OCLOCK,PASSENGER CAR,ENTERING TRAFFIC LANE,North,30,No,No,1991,TOYOTA,MR2,38.99862403,-77.00373938,"(38.99862403, -77.00373938)"
MCP29870047,180047850,Montgomery County Police,Injury Crash,09/25/2018 09:41:00 AM,US (State),COLESVILLE RD,CRESTMOOR DR,,N/A,,SAME DIR REAR END,RAINING,WET,DAYLIGHT,NO CONTROLS,NONE DETECTED,,D37F7A54-D71F-4188-B33F-DB80BBEB7BDC,No,POSSIBLE INJURY,"N/A, WET",NOT DISTRACTED,MD,B2015517-44C0-459E-9D16-4886D67208C7,SUPERFICIAL,SIX OCLOCK,PASSENGER CAR,SLOWING OR STOPPING,South,40,No,No,2005,CHEVROLET,MALIBU,39.02818833,-77.009395,"(39.02818833, -77.009395)"
MCP2855004M,230056511,Montgomery County Police,Injury Crash,09/23/2023 04:40:00 PM,Maryland (State),UNIVERSITY BLVD W,SUTHERLAND RD,,N/A,,SAME DIRECTION RIGHT TURN,RAINING,WET,DAYLIGHT,NO CONTROLS,NONE DETECTED,,BFD8175D-73EF-4B95-BB21-05F5B170B5EA,No,NO APPARENT INJURY,"RAIN, SNOW, WET",NOT DISTRACTED,DC,6549C0F9-AABE-4FBB-B2B7-3F162FCB2F59,FUNCTIONAL,ELEVEN OCLOCK,TRANSIT BUS,STOPPED IN TRAFFIC LANE,West,0,No,No,2013,TBU,BUS,39.02004167,-77.01289333,"(39.02004167, -77.01289333)"
MCP11740038,180057479,Montgomery County Police,Injury Crash,11/16/2018 11:55:00 AM,County,WOODMONT AVE,FAIRMONT AVE,,N/A,,SAME DIRECTION LEFT TURN,CLOUDY,DRY,DAYLIGHT,NO CONTROLS,NONE DETECTED,,E7B0C64C-292D-429A-A801-F14A4F00043E,Yes,NO APPARENT INJURY,N/A,LOOKED BUT DID NOT SEE,MD,CE0E433C-5609-4641-B87B-D2FD2E0D1BB9,FUNCTIONAL,ELEVEN OCLOCK,PASSENGER CAR,MAKING U TURN,North,25,No,No,2010,TOYOTA,COROLLA,38.98884349,-77.09621169,"(38.98884349, -77.09621169)"
MCP2116009T,190036309,Montgomery County Police,Property Damage Crash,07/30/2019 01:54:00 PM,Other Public Roadway,MONTROSE PKWY,E JEFFERSON ST,,N/A,,STRAIGHT MOVEMENT ANGLE,CLEAR,DRY,DAYLIGHT,TRAFFIC SIGNAL,NONE DETECTED,,DC64D66D-3F39-4748-9450-505FE4F6B7B4,Yes,NO APPARENT INJURY,N/A,LOOKED BUT DID NOT SEE,VA,A45AA76D-1391-4D3F-A4D7-C7BA9F5CF25C,DISABLING,TWELVE OCLOCK,PASSENGER CAR,MAKING LEFT TURN,East,40,No,No,2019,JEEP,GRCH,39.05095833,-77.12622667,"(39.05095833, -77.12622667)"
MCP2008008Z,210049574,Montgomery County Police,Injury Crash,12/06/2021 05:08:00 PM,Other Public Roadway,MONTROSE PKWY,HOYA ST,,N/A,PEDESTRIAN,OTHER,CLOUDY,DRY,DARK LIGHTS ON,TRAFFIC SIGNAL,NONE DETECTED,NONE DETECTED,B56F5A64-D0E4-4537-8AA9-077A3194C696,Yes,NO APPARENT INJURY,N/A,LOOKED BUT DID NOT SEE,MD,69E09C8A-3A5C-4962-8D87-FEB26616B4C2,SUPERFICIAL,TWELVE OCLOCK,PICKUP TRUCK,MAKING RIGHT TURN,South,35,No,No,1996,DODG,DAKOTA,39.05206667,-77.11865333,"(39.05206667, -77.11865333)"
MCP24460050,200023647,Montgomery County Police,Property Damage Crash,06/16/2020 06:09:00 PM,Maryland (State),RIDGE RD,ENT TO BUSINESS,,N/A,,SAME DIRECTION SIDESWIPE,CLEAR,DRY,DAYLIGHT,NO CONTROLS,NONE DETECTED,,E07B51C9-6CDD-4FDE-B92F-B72161382A08,No,NO APPARENT INJURY,N/A,NOT DISTRACTED,MD,CE50DF95-C901-479B-8540-6C5E4B81B093,SUPERFICIAL,TEN OCLOCK,PASSENGER CAR,MOVING CONSTANT SPEED,South,30,No,No,2017,NISS,4S,39.286661,-77.208452,"(39.286661, -77.208452)"
MCP2635005H,190028571,Montgomery County Police,Property Damage Crash,06/15/2019 02:53:00 AM,Maryland (State),NORBECK RD,BEL PRE RD,,N/A,,STRAIGHT MOVEMENT ANGLE,CLEAR,DRY,DARK LIGHTS ON,FLASHING TRAFFIC SIGNAL,N/A,,4F118305-DE9B-4C20-ACEF-AA604ED3FF09,Yes,NO APPARENT INJURY,"N/A, VISION OBSTRUCTION (INCL. BLINDED BY SUN)",LOOKED BUT DID NOT SEE,MD,8751DA2A-9864-412B-8802-6C081C36D7E8,DISABLING,FOUR OCLOCK,PASSENGER CAR,ACCELERATING,South,30,No,No,2014,LEXUS,IS250,39.09936433,-77.09971952,"(39.09936433, -77.09971952)"
MCP9442003Y,250003042,MONTGOMERY,Property Damage Crash,01/22/2025 10:04:00 AM,,,,Parking Lot Way        PARKING LOT AREA OF 9307 WEATHERVANE PLACE,,,Single Vehicle,Clear,,Daylight,,"Not Suspect of Alcohol Use, Not Suspect of Drug Use",,56271972-0BE9-404B-96D8-221F6173CDFA,No,No Apparent Injury,,Not Distracted,MD,B485F1EF-7BF3-4DE6-A2CB-87FEED0CB7C8,Superficial,Two O Clock,Bus - School,Moving Constant Speed,Eastbound,0,No,No,2019,FREIGHTLINER,B2 BUS CHASSIS,39.18258178,-77.19164553,"(39.18258178, -77.19164553)"
MCP15540053,190053710,Montgomery County Police,Injury Crash,11/07/2019 04:35:00 PM,Maryland (State),METRO ACCESS RD,CROSSOVER,,N/A,,SINGLE VEHICLE,RAINING,WET,DAYLIGHT,NO CONTROLS,NONE DETECTED,,ABA305D7-F1F1-485D-BE2D-56038E077CE0,Yes,POSSIBLE INJURY,"RAIN, SNOW, WET",UNKNOWN,MD,3B145047-6F91-4829-ACDA-F062330586F1,DISABLING,ELEVEN OCLOCK,(SPORT) UTILITY VEHICLE,SKIDDING,North,40,No,No,1998,MERZ,ML 320 SUV,39.12295101,-77.16197309,"(39.12295101, -77.16197309)"
MCP1568000B,16025303,Montgomery County Police,Injury Crash,05/21/2016 03:45:00 PM,County,CATTAIL RD,DARNESTOWN RD,,N/A,,SINGLE VEHICLE,RAINING,WET,DAYLIGHT,NO CONTROLS,NONE DETECTED,,0746CF44-10D5-4349-8B76-48F3B6B04056,Yes,NO APPARENT INJURY,"RAIN, SNOW, WET",UNKNOWN,MD,EEA7918B-69E0-4753-A888-152BC0924FF9,DISABLING,TWELVE OCLOCK,PASSENGER CAR,MAKING LEFT TURN,West,50,No,No,2015,NISS,ROGUE,39.16230833,-77.387135,"(39.16230833, -77.387135)"
MCP0617001C,170506034,Montgomery County Police,Injury Crash,05/05/2017 09:40:00 AM,County,BRIGGS CHANEY RD,BIRCH SPRINGS CT,,N/A,,SAME DIR REAR END,RAINING,WET,DAYLIGHT,NO CONTROLS,NONE DETECTED,,F5BD9A29-C2A2-43A7-A5E6-774C441CD9AE,No,NO APPARENT INJURY,"RAIN, SNOW, WET",NOT DISTRACTED,MD,CB9441B9-BADB-4F86-A89D-4BA4CDBC51E0,FUNCTIONAL,SIX OCLOCK,PASSENGER CAR,STOPPED IN TRAFFIC LANE,East,40,No,No,2005,ACURA,MDX,39.12416833,-76.988415,"(39.12416833, -76.988415)"
MCP1378012L,220049120,Montgomery County Police,Property Damage Crash,11/07/2022 02:12:00 PM,County,CRABBS BRANCH WAY,ENT TO MONT CO DEPT OF TRANS,,N/A,,OPPOSITE DIRECTION SIDESWIPE,CLEAR,DRY,DAYLIGHT,TRAFFIC SIGNAL,NONE DETECTED,,410E4AA6-0E4F-447D-A677-E307BA0C465B,Yes,NO APPARENT INJURY,N/A,NOT DISTRACTED,PA,EC462B4A-2100-4D68-A552-AF8B0A37478F,SUPERFICIAL,ELEVEN OCLOCK,(SPORT) UTILITY VEHICLE,BACKING,West,25,No,No,2012,NISSAN,MURANO,39.124285,-77.16470167,"(39.124285, -77.16470167)"
MCP1151008D,180052846,Montgomery County Police,Injury Crash,10/22/2018 08:40:00 AM,Maryland (State),FREDERICK RD,ENT TO FOX CHAPEL CENTER,,N/A,,STRAIGHT MOVEMENT ANGLE,CLEAR,DRY,DAYLIGHT,TRAFFIC SIGNAL,NONE DETECTED,,CEC7078D-FED9-4703-A225-B88B2FB1C243,Yes,SUSPECTED MINOR INJURY,N/A,INATTENTIVE OR LOST IN THOUGHT,MD,79CB7CCF-02D7-493C-BCEB-5F1DDBA9059F,FUNCTIONAL,TWELVE OCLOCK,"MEDIUM/HEAVY TRUCKS 3 AXLES (OVER 10,000LBS (4,536KG))",SLOWING OR STOPPING,North,40,No,No,2009,MACK,DUMP,39.178725,-77.23849333,"(39.178725, -77.23849333)"
MCP1575004L,17008567,Montgomery County Police,Injury Crash,02/17/2017 06:42:00 AM,Maryland (State),FIRST ST,BALTIMORE RD,,ROCKVILLE,,HEAD ON LEFT TURN,CLEAR,DRY,DAWN,TRAFFIC SIGNAL,NONE DETECTED,,DF388D6D-2BA7-4731-AE75-5C2A148316F0,Yes,POSSIBLE INJURY,N/A,NOT DISTRACTED,MD,CA573C48-95EB-4CAD-945B-A70971D4CF63,DESTROYED,TWELVE OCLOCK,PASSENGER CAR,ACCELERATING,East,40,No,No,2003,LEXUS,LS430,39.08464833,-77.13647667,"(39.08464833, -77.13647667)"
MCP1151002Y,15024390,Montgomery County Police,Property Damage Crash,05/21/2015 11:27:00 AM,County,CRYSTAL ROCK DR,MIDDLEBROOK RD,,N/A,,SAME DIR REAR END,RAINING,WET,DAYLIGHT,TRAFFIC SIGNAL,NONE DETECTED,,4B513F6B-FEC7-4E5F-8CB4-C6CD5CBC11D8,Yes,NO APPARENT INJURY,"RAIN, SNOW, WET",LOOKED BUT DID NOT SEE,MD,2D593C01-BFEF-4C64-B948-DE57F153FF6B,SUPERFICIAL,TWELVE OCLOCK,(SPORT) UTILITY VEHICLE,STARTING FROM LANE,South,30,No,No,2006,JEEP,LAREDO,39.177105,-77.26399,"(39.177105, -77.26399)"
MCP271700DL,170537177,Montgomery County Police,Property Damage Crash,10/17/2017 01:50:00 PM,Maryland (State),CONNECTICUT AVE,EAST WEST HWY,,N/A,,SAME DIRECTION SIDESWIPE,CLEAR,DRY,DAYLIGHT,TRAFFIC SIGNAL,NONE DETECTED,,DF1CDB89-0283-446D-99E3-98679BC4C31B,Yes,NO APPARENT INJURY,N/A,LOOKED BUT DID NOT SEE,MD,5E68D0BD-0ED9-42C3-8660-C6D202E9D446,SUPERFICIAL,TWO OCLOCK,FIRE VEHICLE/NON EMERGENCY,MOVING CONSTANT SPEED,South,30,No,No,2011,PIER,FIRE TRUCK,38.99088283,-77.07624333,"(38.99088283, -77.07624333)"
MCP31930050,230067254,Montgomery County Police,Injury Crash,11/19/2023 03:25:00 PM,County,GLENALLAN AVE,RANDOLPH RD,,N/A,,SAME DIR REAR END,CLEAR,DRY,DAYLIGHT,NO CONTROLS,NONE DETECTED,,68A9DB0B-4CAC-4ACF-8890-E1D70CD42E87,No,POSSIBLE INJURY,N/A,NOT DISTRACTED,MD,FD68E18D-5F1B-4C55-A8A7-158D9289D3EF,SUPERFICIAL,SIX OCLOCK,(SPORT) UTILITY VEHICLE,MOVING CONSTANT SPEED,South,25,No,No,2020,HONDA,CRV,39.06305167,-77.03545167,"(39.06305167, -77.03545167)"
DD56180007,16023317,Rockville Police Departme,Property Damage Crash,05/11/2016 07:20:00 AM,Maryland (State),E JEFFERSON ST,MARYLAND AVE,,ROCKVILLE,,OTHER,RAINING,WET,DAYLIGHT,NO CONTROLS,UNKNOWN,,8F6676DD-FE93-4612-8E38-6125B7D7C8D1,Yes,NO APPARENT INJURY,"RAIN, SNOW, WET",UNKNOWN,,BBF722D0-55ED-4713-BA65-D796ED4AFAE5,FUNCTIONAL,TWO OCLOCK,VAN,MOVING CONSTANT SPEED,West,35,No,No,2005,FORD,VAN,39.0829338,-77.15142623,"(39.0829338, -77.15142623)"
MCP29020026,170535432,Montgomery County Police,Injury Crash,10/08/2017 09:23:00 AM,County,WATKINS MILL RD,ROUNDABOUT,,N/A,,SINGLE VEHICLE,RAINING,WET,DAYLIGHT,NO CONTROLS,N/A,,6C165998-2864-49E8-81F5-AC2F20A0ACC0,Unknown,POSSIBLE INJURY,"RAIN, SNOW, WET",NOT DISTRACTED,MD,6B70214A-360E-4A51-82F6-2DFCBCCC6315,DISABLING,TWO OCLOCK,(SPORT) UTILITY VEHICLE,MOVING CONSTANT SPEED,East,35,No,No,2002,NISSAN,PATHFINDER,39.18988667,-77.22154333,"(39.18988667, -77.22154333)"
MCP1182001W,170533035,Montgomery County Police,Property Damage Crash,09/25/2017 02:27:00 PM,Maryland (State),ROCKVILLE PIKE,POOKS HILL RD,,N/A,,STRAIGHT MOVEMENT ANGLE,CLEAR,DRY,DAYLIGHT,TRAFFIC SIGNAL,NONE DETECTED,,C8AF3BA1-069C-449C-8ACF-B82D6635E54E,No,NO APPARENT INJURY,N/A,NOT DISTRACTED,FL,4A7BC5FD-D6BE-43AB-A6AD-1930BDA3129C,DISABLING,ONE OCLOCK,PASSENGER CAR,MAKING LEFT TURN,North,35,No,No,2005,PORSCHE,BOXTER,39.015055,-77.099725,"(39.015055, -77.099725)"
MCP2930003S,230061665,Montgomery County Police,Property Damage Crash,10/20/2023 04:15:00 PM,County,RANDOLPH RD,GARDEN GATE RD,,N/A,,SAME DIR REAR END,CLOUDY,WET,DAYLIGHT,N/A,N/A,,F52A53A4-1466-4FC0-AF25-011784C35C84,Yes,NO APPARENT INJURY,"N/A, WET",UNKNOWN,,34ABAED5-E3C4-48F0-83E1-221F796BEEF4,UNKNOWN,TWELVE OCLOCK,(SPORT) UTILITY VEHICLE,SLOWING OR STOPPING,East,35,No,No,2017,CHEVROLET,SUBURBAN,39.062635,-77.04151167,"(39.062635, -77.04151167)"
MCP3027001K,180018732,Montgomery County Police,Property Damage Crash,04/17/2018 02:50:00 PM,US (State),COLESVILLE RD,CRESTMOOR DR,,N/A,,SAME DIR REAR END,N/A,DRY,DAYLIGHT,NO CONTROLS,N/A,,51C10AD8-8836-425B-A809-3F6D93C5656B,Yes,NO APPARENT INJURY,N/A,INATTENTIVE OR LOST IN THOUGHT,MD,ADE1B66E-AF63-4217-9F2C-56DDF0A7B775,DISABLING,TWELVE OCLOCK,PASSENGER CAR,MOVING CONSTANT SPEED,North,35,No,No,1999,TOYT,4S,39.02889833,-77.007585,"(39.02889833, -77.007585)"
MCP2954007G,190049062,Montgomery County Police,Injury Crash,10/12/2019 04:18:00 PM,Maryland (State),UNIVERSITY BLVD E,PINEY BRANCH RD,,N/A,,SAME DIR REAR END,CLOUDY,DRY,DAYLIGHT,N/A,NONE DETECTED,,AA549739-4C32-42FC-B820-ACBA0F8DC22D,No,POSSIBLE INJURY,N/A,NOT DISTRACTED,MD,1287ADCD-827C-42AD-B235-E8B91176BD38,SUPERFICIAL,SIX OCLOCK,PASSENGER CAR,STOPPED IN TRAFFIC LANE,East,30,No,No,2016,HYUN,ACCENT,39.00002821,-76.99557359,"(39.00002821, -76.99557359)"
MCP31620038,190062322,Montgomery County Police,Injury Crash,12/27/2019 02:10:00 PM,US (State),COLESVILLE RD,ROWEN RD,,N/A,,SAME DIRECTION SIDESWIPE,N/A,DRY,DAYLIGHT,NO CONTROLS,NONE DETECTED,,F6E39471-C7F1-4594-9064-F1A7ABF8B119,Yes,POSSIBLE INJURY,N/A,NOT DISTRACTED,MD,09B0E69D-B84F-4E26-9425-520B3DE149F4,SUPERFICIAL,TWO OCLOCK,PASSENGER CAR,MOVING CONSTANT SPEED,South,35,No,No,2009,ACURA,TSX,39.00431333,-77.02361833,"(39.00431333, -77.02361833)"
MCP22490005,15039652,MONTGOMERY,Property Damage Crash,08/09/2015 05:49:00 PM,Maryland (State),CONNECTICUT AVE,VEIRS MILL RD,,N/A,,SAME DIR REAR END,CLEAR,DRY,DAYLIGHT,TRAFFIC SIGNAL,NONE DETECTED,,3A3CF091-08B2-4EC5-B8C0-F2B166E710AA,No,NO APPARENT INJURY,N/A,NOT DISTRACTED,MD,E703C6C5-D742-47EC-85DB-4BE808D7B51B,FUNCTIONAL,SIX OCLOCK,PASSENGER CAR,STOPPED IN TRAFFIC LANE,North,40,No,No,2011,JAGUAR,XF,39.05090333,-77.074715,"(39.05090333, -77.074715)"
MCP24110009,16004155,Montgomery County Police,Property Damage Crash,01/25/2016 05:30:00 PM,County,SOUTHLAWN LA,SOUTHLAWN CT,,ROCKVILLE,,SINGLE VEHICLE,N/A,SNOW,DARK -- UNKNOWN LIGHTING,NO CONTROLS,UNKNOWN,,B8529567-432E-4F0E-BAE5-6AFE573BE344,Unknown,NO APPARENT INJURY,"ICY OR SNOW-COVERED, N/A",UNKNOWN,PA,558FF22F-1BA3-4D05-81F9-390A354DF9A7,FUNCTIONAL,ROOF TOP,FIRE VEHICLE/EMERGENCY,MOVING CONSTANT SPEED,Unknown,15,No,No,2008,SPARTAN,TK,39.10219092,-77.13378668,"(39.10219092, -77.13378668)"
MCP2583000X,190024587,Montgomery County Police,Injury Crash,05/23/2019 05:52:00 PM,Maryland (State),DARNESTOWN RD,MARTINSBURG RD,,N/A,,STRAIGHT MOVEMENT ANGLE,CLOUDY,DRY,DAYLIGHT,NO CONTROLS,N/A,,B6A0CF2D-4734-4F3F-A7A4-6CE9C9001543,Yes,NO APPARENT INJURY,N/A,UNKNOWN,MD,52272BFC-8DB2-4DF4-B827-BBFF9F9F088F,DISABLING,TWELVE OCLOCK,STATION WAGON,MAKING LEFT TURN,West,35,No,No,2007,LEXUS,TK,39.19804667,-77.429,"(39.19804667, -77.429)"
DD56030025,15063145,ROCKVILLE,Property Damage Crash,12/10/2015 04:18:00 PM,Maryland (State),NORBECK RD,FIRST ST SPUR,,ROCKVILLE,,SAME DIR REND LEFT TURN,CLEAR,DRY,DAYLIGHT,NO CONTROLS,NONE DETECTED,,48F2E579-4F2B-4840-9964-7BD9C234B610,No,NO APPARENT INJURY,N/A,NOT DISTRACTED,MD,D857C9CE-3459-43F7-AE46-0C0A7F06BD48,FUNCTIONAL,SIX OCLOCK,PASSENGER CAR,MAKING LEFT TURN,East,50,No,No,2010,ACUR,TK,39.0869447,-77.13523507,"(39.0869447, -77.13523507)"
MCP1417004P,16006685,Montgomery County Police,Injury Crash,02/09/2016 09:33:00 AM,County,WATKINS MILL RD,APPLE RIDGE RD,,N/A,,HEAD ON LEFT TURN,SNOW,WET,DAYLIGHT,TRAFFIC SIGNAL,NONE DETECTED,,19C4FF11-EC57-459F-AF81-FFB3A559A966,No,SUSPECTED MINOR INJURY,"SLEET, HAIL, FREEZ. RAIN, WET",NOT DISTRACTED,MD,638DD723-8141-4EB4-806C-638BDF96B7D7,FUNCTIONAL,TWELVE OCLOCK,PASSENGER CAR,MOVING CONSTANT SPEED,North,35,No,No,1999,TOYOTA,COROLLA,39.18457667,-77.21103,"(39.18457667, -77.21103)"
MCP3276001P,220007536,Montgomery County Police,Property Damage Crash,02/21/2022 05:28:00 AM,Maryland (State),GEORGIA AVE,DENNIS AVE,,N/A,,STRAIGHT MOVEMENT ANGLE,CLEAR,DRY,DARK LIGHTS ON,FLASHING TRAFFIC SIGNAL,NONE DETECTED,,67436C54-DAA4-4CAA-AC09-4ED2E8EF5E4A,Yes,NO APPARENT INJURY,N/A,LOOKED BUT DID NOT SEE,MD,12F51153-50E2-4E2B-BBA4-E6BD2CEE2492,DISABLING,THREE OCLOCK,PASSENGER CAR,MAKING LEFT TURN,West,35,No,No,2001,MERZ,SD,39.02533833,-77.04628333,"(39.02533833, -77.04628333)"
MCP2893001W,16013915,MONTGOMERY,Property Damage Crash,03/21/2016 08:52:00 PM,County,MIDDLEBROOK RD,WARING STATION RD,,N/A,,OPPOSITE DIRECTION SIDESWIPE,CLEAR,DRY,DARK LIGHTS ON,TRAFFIC SIGNAL,NONE DETECTED,,C1F43CCE-CEEF-4763-B3D5-6B4217024927,No,NO APPARENT INJURY,N/A,NOT DISTRACTED,MD,8C264372-985F-418C-9053-DDA2ED1DB96B,FUNCTIONAL,NINE OCLOCK,PASSENGER CAR,STOPPED IN TRAFFIC LANE,West,45,No,No,2008,FORD,ESCAPE,39.17516219,-77.25361705,"(39.17516219, -77.25361705)"
MCP1020005C,200023329,Montgomery County Police,Injury Crash,06/14/2020 10:19:00 AM,County,GERMANTOWN RD,FREDERICK RD,,N/A,,SAME DIR REAR END,CLEAR,DRY,DAYLIGHT,TRAFFIC SIGNAL,NONE DETECTED,,C82D5B43-E6D6-4C6C-B95A-2F46B8400718,Yes,NO APPARENT INJURY,N/A,NOT DISTRACTED,AK,4B0957EC-022C-49FB-B317-B1F476C88C99,SUPERFICIAL,TWELVE OCLOCK,STATION WAGON,STARTING FROM LANE,South,40,No,No,2002,BMW,4S,39.19236167,-77.24242333,"(39.19236167, -77.24242333)"
DM84940013,210032121,Takoma Park Police Depart,Property Damage Crash,08/18/2021 09:28:00 AM,Maryland (State),NEW HAMPSHIRE AVE,GLENSIDE DR,,TAKOMA PARK,,SAME DIR REAR END,CLOUDY,DRY,DAYLIGHT,N/A,N/A,,53C17F62-9B44-4C77-A6BA-60A2567CBD88,Yes,NO APPARENT INJURY,N/A,UNKNOWN,MD,B1911106-78C5-438E-9570-E4919873009C,FUNCTIONAL,TWELVE OCLOCK,VAN,MOVING CONSTANT SPEED,North,30,No,No,1995,GMC,VANDURA 3500,38.98173633,-76.9887295,"(38.98173633, -76.9887295)"
MCP2353008F,200039749,Montgomery County Police,Property Damage Crash,10/09/2020 08:48:00 AM,Maryland (State),RIVER RD,FALLS RD,,N/A,,SAME DIRECTION LEFT TURN,CLOUDY,DRY,DAYLIGHT,TRAFFIC SIGNAL,NONE DETECTED,,12701E7B-5A8F-42AC-82DA-C8CFA23727F6,No,NO APPARENT INJURY,N/A,UNKNOWN,NV,6547D1DF-4409-485D-ADC3-DB5EB292C25F,DISABLING,ONE OCLOCK,PASSENGER CAR,STARTING FROM LANE,East,30,No,No,2012,FORD,MUSTANG,39.01801167,-77.208795,"(39.01801167, -77.208795)"
MCP27520011,15030300,Montgomery County Police,Property Damage Crash,06/21/2015 12:45:00 AM,County,SORREL AVE,CUL DE SAC,,N/A,,OTHER,RAINING,WET,DARK NO LIGHTS,NO CONTROLS,NONE DETECTED,,874CD8C8-52B0-4A2C-AA3B-C83443309CC6,Yes,NO APPARENT INJURY,"RAIN, SNOW, WET",LOOKED BUT DID NOT SEE,MD,F7E9CD78-798D-4080-849F-A73B9178B20B,NO DAMAGE,SIX OCLOCK,POLICE VEHICLE/EMERGENCY,BACKING,North,25,No,No,2013,FORD,EXPLORER,39.01769994,-77.18899727,"(39.01769994, -77.18899727)"
MCP0617004L,220045802,Montgomery County Police,Injury Crash,10/19/2022 07:11:00 AM,Maryland (State),NEW HAMPSHIRE AVE,NORWOOD RD,,N/A,,STRAIGHT MOVEMENT ANGLE,CLEAR,DRY,DAWN,TRAFFIC SIGNAL,NONE DETECTED,,88D6B8E7-8E26-4F0D-8A68-E0A930EBD36A,No,POSSIBLE INJURY,N/A,NOT DISTRACTED,MD,FC69A537-5E79-451C-AB9D-C7EE9D2B80FA,DISABLING,TWELVE OCLOCK,(SPORT) UTILITY VEHICLE,MOVING CONSTANT SPEED,South,45,No,No,2016,MAZD,TK,39.19585,-77.12794167,"(39.19585, -77.12794167)"
MCP3258002D,220033308,Montgomery County Police,Property Damage Crash,08/03/2022 12:33:00 PM,,,,PARKING LOT OF 11246 GEORGIA AVE SILVER SPRING,,,OTHER,CLEAR,,DAYLIGHT,N/A,UNKNOWN,,971489CE-CAF3-43FB-89B6-FCF770D96209,Yes,NO APPARENT INJURY,N/A,UNKNOWN,,18F9E401-85E8-4CDC-8D17-D566437EE71A,UNKNOWN,SIX OCLOCK,VAN,BACKING,Unknown,5,No,No,2006,CHEVY,VAN,39.03983167,-77.05158333,"(39.03983167, -77.05158333)"
MCP21080010,200009092,Montgomery County Police,Property Damage Crash,02/23/2020 06:15:00 AM,County,RIFFLE FORD RD,WOODSBORO DR,,N/A,,SINGLE VEHICLE,N/A,DRY,DAWN,NO CONTROLS,NONE DETECTED,,79A2AA89-1C0B-463F-BF78-6A6D9BB214C6,No,NO APPARENT INJURY,N/A,NOT DISTRACTED,MD,8F7FC471-BD32-4E12-A301-002680A871E7,SUPERFICIAL,ONE OCLOCK,POLICE VEHICLE/NON EMERGENCY,MOVING CONSTANT SPEED,North,40,No,No,2014,DODG,CHARGER,39.12258893,-77.26855152,"(39.12258893, -77.26855152)"
MCP30060060,200049607,Montgomery County Police,Injury Crash,12/17/2020 10:45:00 AM,Maryland (State),CONNECTICUT AVE,ADAMS DR,,N/A,,SAME DIR REAR END,WINTRY MIX,WET,DAYLIGHT,TRAFFIC SIGNAL,NONE DETECTED,,414937BB-2CDF-40C2-8F31-29121BEFF1E8,No,POSSIBLE INJURY,"N/A, WET",NOT DISTRACTED,MD,884102A0-71CA-4DD3-B4E8-B998E2EA0A3F,DISABLING,SIX OCLOCK,PASSENGER CAR,STOPPED IN TRAFFIC LANE,South,40,No,No,2003,JAGUAR,XTYPE,39.04849167,-77.07555333,"(39.04849167, -77.07555333)"