Report Number,Local Case Number,Agency Name,ACRS Report Type,Crash Date/Time,Route Type,Road Name,Cross-Street Name,Off-Road Description,Municipality,Related Non-Motorist,Collision Type,Weather,Surface Condition,Light,Traffic Control,Driver Substance Abuse,Non-Motorist Substance Abuse,Person ID,Driver At Fault,Injury Severity,Circumstance,Driver Distracted By,Drivers License State,Vehicle ID,Vehicle Damage Extent,Vehicle First Impact Location,Vehicle Body Type,Vehicle Movement,Vehicle Going Dir,Speed Limit,Driverless Vehicle,Parked Vehicle,Vehicle Year,Vehicle Make,Vehicle Model,Latitude,Longitude,Location
MCP28910038,17001404,Montgomery County Police,Property Damage Crash,01/09/2017 09:55:00 AM,Interstate (State),CAPITAL BELTWAY,EXIT #31,,N/A,,SAME DIR REAR END,CLEAR,DRY,DAYLIGHT,N/A,UNKNOWN,,70731F26-1F13-4817-95CF-5FD914D005F1,Yes,NO APPARENT INJURY,N/A,UNKNOWN,,BFB3A028-3B8E-41B3-9660-7EBF60405A8C,FUNCTIONAL,TWELVE OCLOCK,PASSENGER CAR,MOVING CONSTANT SPEED,West,55,No,No,1999,VOLVO,4S,39.01355667,-77.04038,"(39.01355667, -77.04038)"
MCP25520061,230026457,Montgomery County Police,Injury Crash,06/02/2023 08:31:00 AM,County,QUINCE ORCHARD RD,DARNESTOWN RD,,N/A,,SAME DIR REAR END,CLEAR,DRY,DAYLIGHT,TRAFFIC SIGNAL,N/A,,00345E60-DA0C-4546-809A-5A534CC8EE6F,No,POSSIBLE INJURY,N/A,NOT DISTRACTED,MD,BBD0BA93-EDDC-467C-B294-BB8E27AA776A,SUPERFICIAL,SIX OCLOCK,PASSENGER CAR,MAKING RIGHT TURN,South,35,No,No,2021,FORD,TRANSIT CONNECT,39.11819667,-77.253005,"(39.11819667, -77.253005)"
MCP31230075,240027835,MONTGOMERY,Injury Crash,06/11/2024 05:28:00 PM,County Route,BRIGGS CHANEY RD,AUTOMOBILE BLVD,,,,Angle,Clear,Dry,Daylight,Traffic Control Signal,"Not Suspect of Alcohol Use, Not Suspect of Drug Use",,6561A52C-2892-4FFC-937C-33FB80C55D3A,No,Suspected Minor Injury,,Not Distracted,MD,FEA59B78-77F6-4F5C-A0AE-B269C1F8853C,Disabling,Twelve O Clock,Passenger Car,Moving Constant Speed,,35,No,No,2017,HYUNDAI,ACCENT,39.08107867,-76.94643917,"(39.08107867, -76.94643917)"
MCP3071001D,190022335,Montgomery County Police,Property Damage Crash,05/12/2019 03:12:00 AM,County,GERMANTOWN RD,WATKINS MILL RD (AHEAD),,N/A,,SINGLE VEHICLE,RAINING,WET,DARK LIGHTS ON,YIELD SIGN,NONE DETECTED,,3ED6A3BB-0CEC-4C3E-837F-2325A6FD7A8D,Yes,NO APPARENT INJURY,"RAIN, SNOW, WET",LOOKED BUT DID NOT SEE,NC,CB0E3243-0DCD-4AF8-BEA9-B3AB4E7F3CDF,DISABLING,TWELVE OCLOCK,PASSENGER CAR,MOVING CONSTANT SPEED,North,35,No,No,2006,NISS,4D,39.19069167,-77.22528667,"(39.19069167, -77.22528667)"
HA2386001M,23001895,Maryland-National Capital,Property Damage Crash,10/02/2023 07:55:00 AM,County,GRIDLEY LA,LESTER ST,,N/A,,OTHER,CLEAR,DRY,DAYLIGHT,NO CONTROLS,N/A,,17950322-9178-4385-BA10-7B8BD263BAE3,Yes,NO APPARENT INJURY,N/A,NOT DISTRACTED,MD,2BA238D3-51A0-4F9B-8FAE-DEB917E90E33,NO DAMAGE,NON-COLLISION,"MEDIUM/HEAVY TRUCKS 3 AXLES (OVER 10,000LBS (4,536KG))",MAKING LEFT TURN,South,5,No,No,2018,FORD,TK,39.0296245,-77.031713,"(39.0296245, -77.031713)"
MCP291400F8,230063461,Montgomery County Police,Property Damage Crash,10/30/2023 05:34:00 PM,US (State),COLESVILLE RD,CRESTMOOR DR,,N/A,,OTHER,RAINING,WET,DARK NO LIGHTS,NO CONTROLS,N/A,,73AB276C-BC73-4FD7-9B81-589D797F544A,Yes,NO APPARENT INJURY,N/A,NOT DISTRACTED,MD,CA63ED2E-2002-4FB3-BE25-6CE757BC9FF5,FUNCTIONAL,TWELVE OCLOCK,PASSENGER CAR,MAKING LEFT TURN,South,35,No,No,2014,JEEP,WRANGLER,39.02800244,-77.00910496,"(39.02800244, -77.00910496)"
MCP13780043,15003592,Montgomery County Police,Injury Crash,01/22/2015 05:12:00 PM,Maryland (State),W DIAMOND AVE,RAMP 7 FR MD 117 WB TO RAMP 6 (TO IS270),,N/A,,SAME DIR REAR END,CLOUDY,DRY,DUSK,NO CONTROLS,NONE DETECTED,,765CF039-45B8-419D-93FA-A73B0C54421D,No,SUSPECTED MINOR INJURY,N/A,NOT DISTRACTED,MD,6C8F3247-2B38-49AB-9F99-A4965DB870A0,DISABLING,SIX OCLOCK,(SPORT) UTILITY VEHICLE,STOPPED IN TRAFFIC LANE,West,35,No,No,2014,NISSAN,ROGUE,39.14058833,-77.21298667,"(39.14058833, -77.21298667)"
MCP1379004M,170510902,Montgomery County Police,Property Damage Crash,05/31/2017 01:56:00 PM,County,E RANDOLPH RD,NEW HAMPSHIRE AVE,,N/A,,SAME DIR REAR END,CLEAR,DRY,DAYLIGHT,N/A,NONE DETECTED,,3DCB9549-000F-4501-B067-FB2EA7703FA6,No,NO APPARENT INJURY,N/A,NOT DISTRACTED,MD,420EE0B1-003E-4126-8729-34A06F4705E8,FUNCTIONAL,SEVEN OCLOCK,PASSENGER CAR,STOPPED IN TRAFFIC LANE,East,40,No,No,2008,LEXS,4S,39.07548,-77.00233333,"(39.07548, -77.00233333)"
EJ78560076,190034309,Gaithersburg Police Depar,Property Damage Crash,07/19/2019 12:53:00 PM,Maryland (State),W DIAMOND AVE,BUREAU DR,,GAITHERSBURG,,SAME DIR REAR END,CLEAR,DRY,DAYLIGHT,TRAFFIC SIGNAL,UNKNOWN,,BD2B89BC-05D2-4365-94C0-BE6DE3351680,Yes,NO APPARENT INJURY,N/A,UNKNOWN,,FB674523-E7CD-4418-9797-4F02534C60E9,FUNCTIONAL,TWELVE OCLOCK,,MOVING CONSTANT SPEED,North,35,No,No,0,UNKNOWN,UNKNOWN,39.14147667,-77.217145,"(39.14147667, -77.217145)"
MCP3298000L,210036860,Montgomery County Police,Injury Crash,09/18/2021 04:51:00 PM,,,,PARKING LOT ENTRENCE/EXIT OF 619 N FREDERICK AVE.,,PEDESTRIAN,OTHER,CLEAR,,DAYLIGHT,NO CONTROLS,UNKNOWN,NONE DETECTED,5BA1D4FD-0251-40FF-8857-4AD528B06704,Yes,NO APPARENT INJURY,N/A,LOOKED BUT DID NOT SEE,MD,37FC90EC-B84B-4F97-86A0-95F889BFDBE3,UNKNOWN,TWELVE OCLOCK,PASSENGER CAR,MAKING RIGHT TURN,West,35,No,No,2021,MERCEDES,C,39.12868842,-77.18557007,"(39.12868842, -77.18557007)"
MCP3398000H,240007003,MONTGOMERY,Injury Crash,02/12/2024 01:51:00 PM,County Route,MUNCASTER RD,MEREDITH DR,,,,Angle,Clear,Dry,Daylight,Stop Sign,"Not Suspect of Alcohol Use, Not Suspect of Drug Use",,A0AF442C-39EA-426F-974A-1EF129362BA7,No,Possible Injury,,Unknown,MD,0E9DAA50-BFD6-4E81-84E6-85A094FC19E4,Disabling,Twelve O Clock,Passenger Car,Turning Left,,35,No,No,2010,MAZDA,MAZDA3,39.18122493,-77.1148746,"(39.18122493, -77.1148746)"
MCP2203002R,180018476,Montgomery County Police,Injury Crash,04/16/2018 07:20:00 AM,Maryland (State),GEORGIA AVE,ARCOLA AVE,,N/A,,ANGLE MEETS LEFT TURN,RAINING,WET,DAYLIGHT,TRAFFIC SIGNAL,N/A,,997C8286-EFD8-4A08-8AF1-CB8322E67E30,No,POSSIBLE INJURY,N/A,NOT DISTRACTED,MD,80088E2A-4D84-41F3-BD17-65A5A34AABE6,DISABLING,ONE OCLOCK,PASSENGER CAR,MOVING CONSTANT SPEED,North,35,No,No,2011,TOYOTA,CAMRY,39.04704167,-77.05187,"(39.04704167, -77.05187)"
DD5628003C,200045221,Rockville Police Departme,Property Damage Crash,11/16/2020 11:50:00 AM,Municipality,MONROE PL,MONROE PL (AHEAD),,N/A,,SAME DIRECTION SIDESWIPE,CLEAR,DRY,DAYLIGHT,TRAFFIC SIGNAL,NONE DETECTED,,6E9EDD35-4D64-4EAC-A078-FE1A9BF1E246,Yes,NO APPARENT INJURY,N/A,LOOKED BUT DID NOT SEE,MD,9CB61723-E63C-4CBE-BA25-21D3E50C3F8E,SUPERFICIAL,FOUR OCLOCK,TRANSIT BUS,ACCELERATING,East,25,No,No,2011,FORD,E350,39.08349869,-77.14717616,"(39.08349869, -77.14717616)"
MCP3276001M,220004950,Montgomery County Police,Property Damage Crash,02/04/2022 09:54:00 PM,Maryland (State),GEORGIA AVE,FOREST GLEN RD,,N/A,,SAME DIR REAR END,CLEAR,DRY,DARK LIGHTS ON,TRAFFIC SIGNAL,UNKNOWN,,856DE2F0-332C-4CAA-968D-330B33015487,Yes,NO APPARENT INJURY,N/A,UNKNOWN,,C8CB6BF8-6A38-41FC-9072-03EB96C5B65F,UNKNOWN,TWELVE OCLOCK,PASSENGER CAR,SLOWING OR STOPPING,North,35,No,No,2011,TOYOTA,AVALON,39.01548096,-77.04258685,"(39.01548096, -77.04258685)"
MCP28710085,220046660,Montgomery County Police,Property Damage Crash,10/24/2022 03:25:00 PM,County,PARKLAWN DR,BOILING BROOK PKWY,,N/A,,OTHER,CLEAR,DRY,DAYLIGHT,TRAFFIC SIGNAL,NONE DETECTED,,DD594A72-D3CE-4139-9AB9-4746CBCA82B4,Yes,NO APPARENT INJURY,N/A,NOT DISTRACTED,MD,26EFB260-BACB-4280-891A-9F9E39F3A6CE,NO DAMAGE,TWO OCLOCK,(SPORT) UTILITY VEHICLE,STARTING FROM LANE,South,30,No,No,2019,MAZD,CX5,39.04917667,-77.102415,"(39.04917667, -77.102415)"
MCP2043001G,180027250,Montgomery County Police,Property Damage Crash,06/03/2018 12:49:00 AM,Maryland (State),W DIAMOND AVE,WATER ST,,GAITHERSBURG,,SINGLE VEHICLE,RAINING,WET,DARK LIGHTS ON,NO CONTROLS,ALCOHOL CONTRIBUTED,,64CF36CE-5A26-495A-A844-71E8B62D4C7B,Yes,NO APPARENT INJURY,"RAIN, SNOW, WET",UNKNOWN,NY,FCAE442B-BF74-4C0E-8750-CF21FC120232,DISABLING,UNDERSIDE,PASSENGER CAR,MOVING CONSTANT SPEED,East,35,No,No,2006,NISSAN,MAXIMA,39.14061833,-77.201985,"(39.14061833, -77.201985)"
MCP3188000G,190018902,Montgomery County Police,Property Damage Crash,04/22/2019 07:24:00 PM,,,,PARKING LOT OF LOEHMANN'S PLAZA,,,OTHER,CLEAR,,DUSK,NO CONTROLS,N/A,,83E4FE37-6605-467E-9D32-7DCAC10B838A,Yes,NO APPARENT INJURY,N/A,NOT DISTRACTED,MD,D27DA516-5A34-4BB4-8709-149C5BE6D6D3,SUPERFICIAL,SIX OCLOCK,VAN,STARTING FROM PARKED,Unknown,15,No,No,2016,HONDA,ODYSSEY,39.05285918,-77.10526335,"(39.05285918, -77.10526335)"
MCP2656002C,170536821,Montgomery County Police,Property Damage Crash,10/15/2017 05:30:00 PM,County,WEXHALL DR,MONMOUTH DR,,N/A,,OTHER,CLEAR,DRY,DAYLIGHT,N/A,NONE DETECTED,,5F4010F0-8CAE-441F-B0B8-5B8D82577AB4,Yes,NO APPARENT INJURY,N/A,NOT DISTRACTED,MD,EF5AFD37-11CB-47A0-815A-E69DFA67D642,FUNCTIONAL,EIGHT OCLOCK,PASSENGER CAR,MAKING U TURN,East,25,No,No,2008,HONDA,ACCORD,39.095365,-76.932205,"(39.095365, -76.932205)"
MCP27890011,15030829,Montgomery County Police,Property Damage Crash,06/24/2015 04:07:00 PM,Maryland (State),GEORGIA AVE,GRACE CHURCH RD,,N/A,,HEAD ON LEFT TURN,CLEAR,DRY,DAYLIGHT,NO CONTROLS,N/A,,62F8A896-8E53-42EA-B275-21F7C0045399,Yes,NO APPARENT INJURY,N/A,NOT DISTRACTED,MD,9DD86856-901E-4BE1-8B93-20FD9DB243BA,FUNCTIONAL,TWELVE OCLOCK,VAN,MAKING LEFT TURN,South,35,No,No,2012,NISSAN,TK,39.00529667,-77.03772833,"(39.00529667, -77.03772833)"
EJ7851000J,15011919,Gaithersburg Police Depar,Injury Crash,03/15/2015 12:51:00 PM,Municipality,ROSEMONT DR,OUT CORP LMTS GAITHERSBURG,,N/A,,SAME DIR REAR END,CLOUDY,DRY,DAYLIGHT,STOP SIGN,NONE DETECTED,,AA9C8469-8184-485B-BD9A-4541DF8C2C57,Yes,POSSIBLE INJURY,N/A,NOT DISTRACTED,MD,D79D985B-06AF-4AAE-8259-A8B29FE284E2,DISABLING,TWELVE OCLOCK,PASSENGER CAR,ACCELERATING,North,5,No,No,1999,OLDSMOBILE,4D,39.14698833,-77.20893,"(39.14698833, -77.20893)"
MCP2569000S,170544748,Montgomery County Police,Property Damage Crash,11/25/2017 12:19:00 AM,,,,COUNTY PARKING GARAGE LOCATED AT 4935 ST ELMO AVE,,,HEAD ON,N/A,,DARK LIGHTS ON,NO CONTROLS,NONE DETECTED,,DBDFD426-F086-4972-96DB-871E89561FD2,Yes,NO APPARENT INJURY,N/A,NOT DISTRACTED,MD,3AD90FCC-1925-4407-9D31-2CBF1B2C3BDD,SUPERFICIAL,TWELVE OCLOCK,POLICE VEHICLE/NON EMERGENCY,MAKING LEFT TURN,North,15,No,No,2016,FORD,EMERGENCY VEHICLE,38.98843333,-77.09869333,"(38.98843333, -77.09869333)"
MCP2812002V,170551380,Montgomery County Police,Property Damage Crash,12/30/2017 05:28:00 PM,Maryland (State),16TH ST,COLESVILLE RD,,N/A,,SAME DIR REAR END,CLEAR,DRY,DARK LIGHTS ON,NO CONTROLS,N/A,,BCAEA816-6567-4EAA-BA08-A7626042470F,No,NO APPARENT INJURY,N/A,NOT DISTRACTED,MD,C7D2A356-CE0A-460C-BD6D-190BF81BA25C,FUNCTIONAL,SIX OCLOCK,PASSENGER CAR,SLOWING OR STOPPING,South,35,No,No,2016,CHRYSLER,200,38.99279,-77.03639833,"(38.99279, -77.03639833)"
MCP3280005G,240027524,MONTGOMERY,Property Damage Crash,06/10/2024 07:40:00 AM,County Route,BRIGGS CHANEY RD (WB/L),,,,,"Sideswipe, Same Direction",Clear,Dry,Daylight,No Controls,"Not Suspect of Alcohol Use, Not Suspect of Drug Use",,3DFF011A-160D-48ED-ABC0-877B988DC420,No,No Apparent Injury,,Not Distracted,MD,65771F2B-3F86-4E65-B876-223C18123299,Functional,Two O Clock,Passenger Car,Moving Constant Speed,Westbound,40,No,No,2011,HONDA,CIVIC,39.08459176,-76.95169348,"(39.08459176, -76.95169348)"
MCP2837002X,190017216,Montgomery County Police,Property Damage Crash,04/13/2019 06:32:00 AM,Maryland (State),DARNESTOWN RD,BELLINGHAM DR,,N/A,,SINGLE VEHICLE,FOGGY,WET,DAWN,NO CONTROLS,NONE DETECTED,,99FDBBB4-48BC-4267-8425-790412EED6CD,Yes,NO APPARENT INJURY,"N/A, WET",UNKNOWN,MD,E8B08EC6-9DEE-426E-BB8A-CF70DB5758A3,DISABLING,TWELVE OCLOCK,PASSENGER CAR,MOVING CONSTANT SPEED,East,40,No,No,2005,NISSAN,ALTIMA,39.12337833,-77.32468333,"(39.12337833, -77.32468333)"
MCP33720028,240012125,MONTGOMERY,Property Damage Crash,03/13/2024 03:39:00 PM,County Route,BEL PRE RD,,,,,Front to Rear,Clear,Dry,Daylight,No Controls,"Unknown, Unknown",,0E10CA7F-ACB9-4890-8BF0-F70237679FE4,No,No Apparent Injury,"Followed Too Closely, Too Fast For Conditions",Unknown,,F43FEE4C-1AA9-493F-9603-3DF16D89A5C8,Vehicle Not at Scene,Vehicle Not at Scene,Passenger Car,Slowing or Stopping,Eastbound,35,No,No,2017,FORD,ESCAPE,39.09131985,-77.06731411,"(39.09131985, -77.06731411)"
MCP2898001B,16022470,Montgomery County Police,Injury Crash,05/06/2016 03:21:00 PM,Maryland (State),WOODFIELD RD,GOSHEN SCHOOL RD,,N/A,,SAME DIR REAR END,RAINING,WET,DAYLIGHT,NO CONTROLS,N/A,,E20EBAB0-AAF0-41E0-8A7E-E2A31AB4191D,No,NO APPARENT INJURY,"RAIN, SNOW, WET",NOT DISTRACTED,MD,AEFAB10C-0760-4838-83E2-D0014B60DF8C,DISABLING,TWELVE OCLOCK,PICKUP TRUCK,SLOWING OR STOPPING,North,40,No,No,1997,FORD,F150,39.18437,-77.263545,"(39.18437, -77.263545)"
MCP913000J1,240023620,MONTGOMERY,Property Damage Crash,05/19/2024 01:10:00 PM,Ramp,RAMP 4 FR MD 650 NB TO IS 495 EB,NEW HAMPSHIRE AVE,,,,Front to Rear,Cloudy,Dry,Daylight,No Controls,"Not Suspect of Alcohol Use, Not Suspect of Drug Use",,7FE0D0CA-C5E6-4019-8D08-193B003AE747,No,No Apparent Injury,,Not Distracted,MD,88564317-33A1-4344-9369-2C1342E04F54,Functional,Six O Clock,Sport Utility Vehicle,Stopped in Traffic,,40,No,No,2009,NISSAN,ROGUE,39.016074,-76.97745466,"(39.016074, -76.97745466)"
MCP3068002J,190031576,Montgomery County Police,Injury Crash,07/02/2019 06:00:00 PM,County,MACARTHUR BLVD,MARYLAND AVE,,N/A,,SINGLE VEHICLE,CLEAR,WET,DAYLIGHT,N/A,N/A,,8F96E320-AFE0-459C-A070-C8E3B77FBAED,Yes,SUSPECTED MINOR INJURY,"N/A, WET",NOT DISTRACTED,MD,703ED630-4B5F-4599-A329-06C8DA826951,DISABLING,THREE OCLOCK,PASSENGER CAR,NEGOTIATING A CURVE,North,35,No,No,2007,VOLVO,TK,38.954845,-77.128625,"(38.954845, -77.128625)"
MCP3255006T,250015313,MONTGOMERY,Property Damage Crash,04/08/2025 04:45:00 PM,,,,Parking Lot Way        PARKING LOT OF ALDI,,,Front to Rear,Clear,,Daylight,,"Not Suspect of Alcohol Use, Not Suspect of Drug Use",,B1E980DE-A032-4293-A137-C18CDA1DC190,No,No Apparent Injury,,Not Distracted,MD,CD6EA8A8-5E34-4A15-B16C-5834EC4A34C7,Superficial,Six O Clock,Passenger Car,Stopped in Traffic,Not On Roadway,0,No,No,2016,FORD,TRANSIT,39.17167669,-77.20503928,"(39.17167669, -77.20503928)"
MCP25520037,190031588,Montgomery County Police,Injury Crash,07/02/2019 07:02:00 PM,Maryland (State),VEIRS MILL RD,TWINBROOK PKWY,,N/A,,STRAIGHT MOVEMENT ANGLE,RAINING,WET,DAYLIGHT,TRAFFIC SIGNAL,NONE DETECTED,,F2561FD3-0BFC-4C4A-BFDC-1AF2031347C0,No,NO APPARENT INJURY,"RAIN, SNOW, WET",NOT DISTRACTED,MD,A5269A13-31E0-457C-8DBA-F808235A7747,DISABLING,TWELVE OCLOCK,PASSENGER CAR,STOPPED IN TRAFFIC LANE,South,30,No,No,2008,HONDA,CIVIC,39.07380833,-77.112025,"(39.07380833, -77.112025)"
MCP3118003C,210027895,Montgomery County Police,Property Damage Crash,07/19/2021 02:30:00 PM,Maryland (State),GEORGIA AVE,WENDY LA,,N/A,,ANGLE MEETS LEFT TURN,CLEAR,DRY,DAYLIGHT,N/A,NONE DETECTED,,696FCC76-0646-4CBF-9CAA-5D048612336B,No,NO APPARENT INJURY,N/A,NOT DISTRACTED,MD,9AD0862A-24C2-4C05-8869-C235BBC1BBD7,DESTROYED,TWELVE OCLOCK,PASSENGER CAR,STOPPED IN TRAFFIC LANE,West,10,No,No,2017,TOYT,4S,39.07978667,-77.07366833,"(39.07978667, -77.07366833)"
DD5567000P,210039939,Rockville Police Departme,Property Damage Crash,10/07/2021 04:00:00 AM,Municipality,FLEET ST,MONROE ST,,ROCKVILLE,,SINGLE VEHICLE,CLEAR,DRY,DARK LIGHTS ON,N/A,NONE DETECTED,,9DFB4873-EFE1-45AB-9109-9E7B241533A5,No,NO APPARENT INJURY,N/A,NOT DISTRACTED,MD,5B4E809B-8D2C-440D-9704-759112450FA4,FUNCTIONAL,ONE OCLOCK,POLICE VEHICLE/NON EMERGENCY,MOVING CONSTANT SPEED,West,25,No,No,2013,DODGE,CHARGER,39.08029167,-77.14876167,"(39.08029167, -77.14876167)"
MCP3144002W,240059986,MONTGOMERY,Property Damage Crash,12/15/2024 09:41:00 PM,Maryland (State) Route,CONNECTICUT AVE,RAMP 3 FR IS 495 EB TO MD 185 NB,,,,Front to Rear,Rain,Wet,Dark - Lighted,Traffic Control Signal,"Not Suspect of Alcohol Use, Not Suspect of Drug Use",,1F6EBDF5-221C-4A1A-BBE1-3EB4368B7B9C,No,No Apparent Injury,,Not Distracted,MD,7CD431F8-1A96-456F-A20E-5E1CBB1271BD,Disabling,Six O Clock,Passenger Car,Stopped in Traffic,Northbound,35,No,No,2017,ACURA,TLX,39.0048119,-77.07762292,"(39.0048119, -77.07762292)"
MCP2436009Z,200020890,Montgomery County Police,Property Damage Crash,05/26/2020 01:55:00 PM,Maryland (State),UNIVERSITY BLVD E,E WAYNE AVE,,N/A,,SAME DIR REAR END,CLEAR,DRY,DAYLIGHT,TRAFFIC SIGNAL,NONE DETECTED,,02434320-3EF3-460E-83CE-EE9BECF36190,No,NO APPARENT INJURY,N/A,NOT DISTRACTED,MD,7985097F-02E6-4C24-A474-F8435EE39F4B,FUNCTIONAL,SIX OCLOCK,PASSENGER CAR,STARTING FROM LANE,East,35,No,No,2017,FORD,FOCUS,39.00634167,-76.99772667,"(39.00634167, -76.99772667)"
MCP2516001B,170547545,Montgomery County Police,Property Damage Crash,12/09/2017 09:15:00 AM,,,,PARKING LOT OF 22700 SWEET SHRUB DR.,,,OTHER,SNOW,,DAYLIGHT,NO CONTROLS,N/A,,75DC0DB7-00C2-4F5C-8A79-7901A1AF9E8E,Yes,NO APPARENT INJURY,"RAIN, SNOW, WET",UNKNOWN,XX,9801E03B-E2EF-40DC-A625-97E74B6235BD,SUPERFICIAL,ONE OCLOCK,PICKUP TRUCK,PARKING,East,10,No,No,0,CADILLAC,PICKUP,39.22984167,-77.25061,"(39.22984167, -77.25061)"
DM8494002F,220046425,Takoma Park Police Depart,Injury Crash,10/22/2022 07:36:00 PM,Maryland (State),ETHAN ALLEN AVE,ELM AVE,,TAKOMA PARK,,STRAIGHT MOVEMENT ANGLE,CLEAR,DRY,DARK LIGHTS ON,STOP SIGN,N/A,,9FFCEB64-4B3C-45EE-89E0-3D377454BDD8,No,NO APPARENT INJURY,N/A,NOT DISTRACTED,MD,4850C4D1-329B-4E86-A46F-DE3CF7DE59E8,DISABLING,ONE OCLOCK,PASSENGER CAR,PASSING,West,25,No,No,2009,HONDA,ACCORD,38.9761695,-76.99672783,"(38.9761695, -76.99672783)"
MCP263900FV,230016271,Montgomery County Police,Injury Crash,04/05/2023 02:24:00 PM,Maryland (State),WOODFIELD RD,MAGRUDER KNOLLS CT,,N/A,,SAME DIR REAR END,CLEAR,DRY,DAYLIGHT,NO CONTROLS,NONE DETECTED,,804C4EF9-12B1-444A-8E53-1B18DC15324C,Yes,POSSIBLE INJURY,N/A,DISTRACTED BY OUTSIDE PERSON OBJECT OR EVENT,MD,70F3FC44-D779-4C0F-AD70-4EF0B4E00512,DISABLING,TWELVE OCLOCK,MOPED,MOVING CONSTANT SPEED,North,30,No,No,2005,VESPA,SCOOTER,39.2447905,-77.18808617,"(39.2447905, -77.18808617)"
MCP3240003L,240035505,MONTGOMERY,Property Damage Crash,07/27/2024 10:07:00 PM,Maryland (State) Route,GERMANTOWN RD (SB/L),,,,,Front to Rear,Clear,Dry,Dark - Lighted,No Controls,"Not Suspect of Alcohol Use, Not Suspect of Drug Use",,8D38320A-F728-41FC-8596-24552BD75751,Yes,No Apparent Injury,"Failed to Keep in Proper Lane, Too Fast For Conditions",Unknown,MD,31E4A66C-2887-467C-B726-ED4A198FA40E,Functional,Eleven O Clock,Passenger Car,Changing Lanes,Northbound,40,No,No,2018,CHEVROLET,CAMARO,39.18348523,-77.25539548,"(39.18348523, -77.25539548)"
MCP3277002Q,230019601,Montgomery County Police,Property Damage Crash,04/24/2023 05:11:00 PM,County,MONTGOMERY VILLAGE AVE,MIDCOUNTY HWY,,N/A,,SAME DIR REAR END,CLEAR,DRY,DAYLIGHT,NO CONTROLS,NONE DETECTED,,3F049578-8909-46B4-B9D8-DB2A58B6780A,No,NO APPARENT INJURY,"BACKUP DUE TO REGULAR CONGESTION, N/A",NOT DISTRACTED,MD,7CEB5E8A-80F2-4874-87B4-7CFE344B6A2B,FUNCTIONAL,SIX OCLOCK,PASSENGER CAR,STOPPED IN TRAFFIC LANE,North,35,No,No,2015,HOND,SU,39.15944067,-77.20242333,"(39.15944067, -77.20242333)"
HA24920010,24000545,MCPARK,Property Damage Crash,03/27/2024 11:00:00 AM,Maryland (State) Route,CONNECTICUT AVE,,,,,"Sideswipe, Same Direction",Rain,Wet,Daylight,No Controls,"Unknown, Unknown",,2750F94D-4041-492A-966E-F032777E5AC6,No,,,,,7E725D6D-3F35-476E-9FFC-00F31957823F,Superficial,Eight O Clock,Single-Unit Truck,Moving Constant Speed,Northbound,35,No,No,0,,,39.08045925,-77.08028669,"(39.08045925, -77.08028669)"
MCP2351002M,180053804,Montgomery County Police,Injury Crash,10/27/2018 12:00:00 PM,County,TWINBROOK PKWY,HALPINE RD,,N/A,,STRAIGHT MOVEMENT ANGLE,RAINING,WET,DAYLIGHT,NO CONTROLS,NONE DETECTED,,09E1165C-F65F-459E-88A6-CE7A8A0B8EEE,No,POSSIBLE INJURY,"RAIN, SNOW, WET",NOT DISTRACTED,MD,A7F0D78A-AB86-4484-9BB5-FFE50D713F1A,DISABLING,THREE OCLOCK,PASSENGER CAR,MOVING CONSTANT SPEED,North,35,No,No,2012,HONDA,4DR,39.06689,-77.11462333,"(39.06689, -77.11462333)"
MCP2615003P,200029685,Montgomery County Police,Property Damage Crash,08/01/2020 10:41:00 AM,County,BROADBIRCH DR,TECH RD,,N/A,,HEAD ON,RAINING,WET,DAYLIGHT,STOP SIGN,NONE DETECTED,,008A7265-B934-48DE-856F-7986BA4BD29B,Yes,NO APPARENT INJURY,"RAIN, SNOW, WET",NOT DISTRACTED,XX,BB7545BB-F06A-4E8C-BF47-D7201A76FE10,SUPERFICIAL,TWELVE OCLOCK,PICKUP TRUCK,MAKING LEFT TURN,East,35,No,No,2001,DODGE,TRUCK,39.05586181,-76.96633206,"(39.05586181, -76.96633206)"
MCP33720038,240060085,MONTGOMERY,Property Damage Crash,12/16/2024 02:15:00 PM,County Route,RANDOLPH RD,,,,,Single Vehicle,Rain,Wet,Daylight,No Controls,"Not Suspect of Alcohol Use, Not Suspect of Drug Use",,BBF976D6-E024-4F96-BB15-E10A8702803A,No,No Apparent Injury,,Unknown,MD,9F362EE5-5FA9-4EA0-B7C4-248AD96EB930,Disabling,Three O Clock,Passenger Car,Moving Constant Speed,Eastbound,35,No,No,2016,BMW,M4,39.05664988,-77.08175033,"(39.05664988, -77.08175033)"