Report Number,Local Case Number,Agency Name,ACRS Report Type,Crash Date/Time,Route Type,Road Name,Cross-Street Name,Off-Road Description,Municipality,Related Non-Motorist,Collision Type,Weather,Surface Condition,Light,Traffic Control,Driver Substance Abuse,Non-Motorist Substance Abuse,Person ID,Driver At Fault,Injury Severity,Circumstance,Driver Distracted By,Drivers License State,Vehicle ID,Vehicle Damage Extent,Vehicle First Impact Location,Vehicle Body Type,Vehicle Movement,Vehicle Going Dir,Speed Limit,Driverless Vehicle,Parked Vehicle,Vehicle Year,Vehicle Make,Vehicle Model,Latitude,Longitude,Location
MCP23580095,220003540,Montgomery County Police,Property Damage Crash,01/27/2022 09:00:00 AM,County,WILMETT RD,EWING DR,,N/A,,HEAD ON,CLEAR,DRY,DAYLIGHT,NO CONTROLS,NONE DETECTED,,E61212D1-3843-49CD-AFDA-222994901E02,No,NO APPARENT INJURY,N/A,NOT DISTRACTED,MD,D868803F-FF9B-4DB8-B984-877FB9BEA9CB,DISABLING,TWELVE OCLOCK,PASSENGER CAR,MOVING CONSTANT SPEED,East,25,No,No,2011,TOYOTA,RAV 4,39.00806,-77.12353,"(39.00806, -77.12353)"
MCP2552004Y,220026476,Montgomery County Police,Injury Crash,06/19/2022 07:54:00 PM,Municipality,W GUDE DR,W GUDE DR,,N/A,,SAME DIR REAR END,CLEAR,DRY,DAYLIGHT,N/A,N/A,,9AF8E0FA-BA04-45D0-89B8-5D01773E781B,Yes,NO APPARENT INJURY,N/A,OTHER CELLULAR PHONE RELATED,MD,DFA883A7-205D-42E8-AE39-195100983750,DISABLING,TWELVE OCLOCK,PASSENGER CAR,MOVING CONSTANT SPEED,East,40,No,No,2019,NISSAN,SENTRA,39.10675521,-77.16369968,"(39.10675521, -77.16369968)"
MCP289200H0,250005141,MONTGOMERY,Injury Crash,02/04/2025 03:34:00 PM,Maryland (State) Route,GEORGIA AVE,HIGHLAND DR,,,,Angle,Clear,Dry,Daylight,No Controls,"Not Suspect of Alcohol Use, Not Suspect of Drug Use",,A45498AC-45FF-4EAD-894E-2BB54C0170EB,Yes,No Apparent Injury,,Not Distracted,MD,20C51821-B8D2-4640-8B30-4E0A610E5758,Functional,Twelve O Clock,Passenger Car,Moving Constant Speed,,30,No,No,2016,FORD,F-250,39.00423983,-77.03683255,"(39.00423983, -77.03683255)"
MCP23950029,220053931,Montgomery County Police,Property Damage Crash,12/06/2022 06:40:00 PM,County,RIVER RD,SENECA RD (AHEAD),,N/A,OTHER,SINGLE VEHICLE,RAINING,WET,DARK LIGHTS ON,NO CONTROLS,NONE DETECTED,N/A,BEC93250-AF89-493D-99C3-9CD3FE151B78,Yes,NO APPARENT INJURY,"RAIN, SNOW, WET",UNKNOWN,ON,032F48B8-CB2A-4A7B-837E-76AD6525FBF7,DISABLING,TWELVE OCLOCK,PASSENGER CAR,ACCELERATING,West,40,No,No,2019,MITSUBISHI,MIRAGE,39.078879,-77.32789483,"(39.078879, -77.32789483)"
MCP3226003R,230013021,Montgomery County Police,Property Damage Crash,03/17/2023 03:47:00 PM,County,RANDOLPH RD,GLENMONT CIR #1,,N/A,,SAME DIR REAR END,CLEAR,DRY,DAYLIGHT,TRAFFIC SIGNAL,UNKNOWN,,BEE04A37-FA64-4B82-B2C1-0A74389EBEEB,No,NO APPARENT INJURY,N/A,NOT DISTRACTED,MD,08C523F5-95CC-4FE1-9557-3D8583074A88,FUNCTIONAL,SIX OCLOCK,VAN,SLOWING OR STOPPING,West,40,No,No,2019,HONDA,ODY,39.05951583,-77.04721983,"(39.05951583, -77.04721983)"
MCP2981000V,16045569,Montgomery County Police,Property Damage Crash,09/06/2016 04:10:00 PM,Maryland (State),MASSACHUSETTS AVE,WYNNWOOD RD,,N/A,,SAME DIR REAR END,CLEAR,DRY,DAYLIGHT,NO CONTROLS,NONE DETECTED,,2148568B-DC1B-45A0-9868-439DDD10155D,No,NO APPARENT INJURY,N/A,NOT DISTRACTED,MD,4DAD42DA-5B2F-455D-B54B-FB12CC8F3D81,DISABLING,SIX OCLOCK,PASSENGER CAR,SLOWING OR STOPPING,East,30,No,No,2014,TOYT,GRAY,38.96682167,-77.12562833,"(38.96682167, -77.12562833)"
MCP25360040,220010637,Montgomery County Police,Property Damage Crash,03/12/2022 12:45:00 AM,County,BAUER DR,NORBECK RD,,N/A,,STRAIGHT MOVEMENT ANGLE,CLEAR,DRY,DARK LIGHTS ON,FLASHING TRAFFIC SIGNAL,NONE DETECTED,,B1D3E09D-2458-4567-880B-BF74AABC6A14,No,NO APPARENT INJURY,N/A,NOT DISTRACTED,MD,7D492721-20D0-40C1-9CA9-C8F06419395B,DISABLING,TWELVE OCLOCK,PASSENGER CAR,MOVING CONSTANT SPEED,East,35,No,No,2004,TOYT,SD,39.096305,-77.10976833,"(39.096305, -77.10976833)"
MCP2782000M,15012826,Montgomery County Police,Property Damage Crash,03/20/2015 07:05:00 AM,County,HEWITT AVE,GEORGIA AVE,,N/A,,STRAIGHT MOVEMENT ANGLE,WINTRY MIX,WET,DARK LIGHTS ON,STOP SIGN,NONE DETECTED,,3333BC98-0BDC-4248-9FFB-4D72DB55B16E,No,NO APPARENT INJURY,"N/A, WET",NOT DISTRACTED,MD,58C23B93-B08D-4AD9-B2E5-E0F1E08654C8,FUNCTIONAL,THREE OCLOCK,OTHER BUS,MOVING CONSTANT SPEED,East,30,No,No,2007,GILL,BUS,39.07862667,-77.0695,"(39.07862667, -77.0695)"
MCP12200030,15054706,MONTGOMERY,Injury Crash,10/28/2015 09:22:00 AM,Maryland (State),PINEY BRANCH RD,SLIGO CREEK PKWY,,N/A,,SAME DIR REAR END,RAINING,WET,DAYLIGHT,TRAFFIC SIGNAL,NONE DETECTED,,E1D9D12F-BF2E-4EAE-BEFD-CAC4CA633F10,Yes,NO APPARENT INJURY,"RAIN, SNOW, WET",UNKNOWN,MD,E7F77D81-A275-434D-A5BC-29E05CDB93E0,FUNCTIONAL,TWELVE OCLOCK,PASSENGER CAR,SLOWING OR STOPPING,South,30,No,No,2001,HYUNDAI,ELANTRA,38.99580167,-77.00574333,"(38.99580167, -77.00574333)"
MCP2945000F,15025908,Montgomery County Police,Injury Crash,05/29/2015 11:03:00 AM,Maryland (State),UNIVERSITY BLVD W,VALLEY VIEW AVE,,N/A,,SAME DIR REAR END,CLEAR,DRY,DAYLIGHT,TRAFFIC SIGNAL,NONE DETECTED,,F3A1E169-4BFE-4BFF-963A-7F0B38E0C093,No,SUSPECTED MINOR INJURY,N/A,NOT DISTRACTED,MD,98681665-A8B4-4C47-83D5-4B38D81F3750,SUPERFICIAL,SIX OCLOCK,OTHER,STOPPED IN TRAFFIC LANE,East,40,No,No,2012,FORD,TCG,39.03736132,-77.0599401,"(39.03736132, -77.0599401)"
MCP3106002G,190061003,Montgomery County Police,Property Damage Crash,12/18/2019 05:50:00 PM,Maryland (State),KNOWLES AVE,SUMMIT AVE,,N/A,,SAME DIR REAR END,CLEAR,DRY,DARK LIGHTS ON,TRAFFIC SIGNAL,N/A,,312A1820-20C6-4DC7-BFE5-ACBCDF5DBE1B,Yes,NO APPARENT INJURY,"BACKUP DUE TO REGULAR CONGESTION, N/A",UNKNOWN,DC,6891ECEA-D6E9-4A16-8CFE-CF0B9C21D182,DISABLING,TWELVE OCLOCK,PASSENGER CAR,MOVING CONSTANT SPEED,East,35,No,No,2014,VOLKSWAGEN,JETTA,39.028605,-77.08152167,"(39.028605, -77.08152167)"
MCP2788002K,210034682,Montgomery County Police,Injury Crash,09/04/2021 03:15:00 AM,Maryland (State),UNIVERSITY BLVD W,REEDIE DR,,N/A,,SINGLE VEHICLE,CLEAR,DRY,DARK LIGHTS ON,NO CONTROLS,ALCOHOL PRESENT,,364863AF-B7C3-4F16-86CC-8DAA2C8A4767,Yes,SUSPECTED SERIOUS INJURY,N/A,NOT DISTRACTED,MD,2243A3AC-51FB-4C62-A889-11E43A4F6402,DESTROYED,TWELVE OCLOCK,PASSENGER CAR,MOVING CONSTANT SPEED,West,35,No,No,2010,CHEVY,MALIBU,39.04037696,-77.05257412,"(39.04037696, -77.05257412)"
MCP2891006G,180035941,Montgomery County Police,Property Damage Crash,07/20/2018 12:40:00 PM,County,SECOND AVE,GLENROSS RD,,N/A,,SAME DIRECTION SIDESWIPE,CLEAR,DRY,DAYLIGHT,N/A,NONE DETECTED,,A9B5D96F-6CCD-4F00-8A01-7B614CB895B0,No,NO APPARENT INJURY,N/A,NOT DISTRACTED,MD,25214512-1C88-4776-9B1D-AC8DA489C036,SUPERFICIAL,THREE OCLOCK,PASSENGER CAR,STOPPED IN TRAFFIC LANE,North,35,No,No,2003,PORSCHE,2S,39.00591059,-77.04290338,"(39.00591059, -77.04290338)"
MCP2682003Z,220042247,Montgomery County Police,Injury Crash,09/28/2022 09:01:00 AM,County,WIGHTMAN RD,GOSHEN RD,,N/A,,SAME DIR REAR END,CLEAR,DRY,DAYLIGHT,NO CONTROLS,NONE DETECTED,,5DE1E694-93E0-4030-A1A2-5AE2894C310F,No,POSSIBLE INJURY,N/A,NOT DISTRACTED,MD,A5EC84F4-5F3D-4521-9AD8-05E4C311141E,DISABLING,SIX OCLOCK,PASSENGER CAR,SLOWING OR STOPPING,North,35,No,No,2008,TOTY,4S,39.18849333,-77.188865,"(39.18849333, -77.188865)"
DD56570027,240034932,ROCKVILLE,Property Damage Crash,07/24/2024 12:25:00 PM,Maryland (State) Route,FREDERICK RD,,,,,Unknown,Cloudy,Dry,Daylight,Lane Use Control Signal,"Not Suspect of Alcohol Use, Not Suspect of Drug Use",,461EF1F7-A28A-4D64-9C5F-D836BBF9CD0C,Yes,No Apparent Injury,,Not Distracted,MD,5DCAA595-493C-4344-A4D5-9BBC38DB4E8D,Disabling,Twelve O Clock,Sport Utility Vehicle,Moving Constant Speed,Northbound,35,No,No,2012,HONDA,CR-V,39.120013,-77.1733205,"(39.120013, -77.1733205)"
DD5574000M,16051227,Rockville Police Departme,Property Damage Crash,10/05/2016 05:16:00 PM,Maryland (State),NORBECK RD,E GUDE DR,,ROCKVILLE,,SAME DIR REAR END,CLEAR,DRY,DAYLIGHT,N/A,NONE DETECTED,,F25F9D35-DEE1-4219-B374-FD5A504242DD,Yes,NO APPARENT INJURY,N/A,UNKNOWN,MD,958F10AE-7E1D-4A60-8E61-003770E66A00,FUNCTIONAL,TWELVE OCLOCK,PICKUP TRUCK,MOVING CONSTANT SPEED,East,50,No,No,2011,FORD,PICK UP,39.09048802,-77.1280615,"(39.09048802, -77.1280615)"
MCP289200BD,210042710,Montgomery County Police,Property Damage Crash,10/23/2021 08:51:00 PM,Maryland (State),UNIVERSITY BLVD E,E SCHUYLER RD,,N/A,,SAME DIR REAR END,CLEAR,DRY,DARK LIGHTS ON,NO CONTROLS,NONE DETECTED,,3DE236F9-36DE-4691-A13B-49CCE37C9489,No,NO APPARENT INJURY,N/A,OTHER DISTRACTION,MD,57A1672E-C165-41A6-9960-E07F79A44728,SUPERFICIAL,SIX OCLOCK,PASSENGER CAR,SLOWING OR STOPPING,West,35,No,No,2011,MERZ,4S,39.00830833,-76.99852333,"(39.00830833, -76.99852333)"
MCP3111000K,180043140,Montgomery County Police,Injury Crash,08/09/2018 05:21:00 AM,Maryland (State),OLD GEORGETOWN RD,EXECUTIVE BLVD,,N/A,,STRAIGHT MOVEMENT ANGLE,CLEAR,DRY,DARK LIGHTS ON,FLASHING TRAFFIC SIGNAL,NONE DETECTED,,65F416AE-40EE-46A2-80AA-7D2C28D7CD3A,No,NO APPARENT INJURY,N/A,NOT DISTRACTED,MD,B5F8BD5E-29DB-401D-81E9-356216F7F3BD,DISABLING,TWELVE OCLOCK,POLICE VEHICLE/EMERGENCY,MOVING CONSTANT SPEED,South,40,No,No,2014,INFI,CP,39.04802333,-77.119315,"(39.04802333, -77.119315)"
MCP3384000W,240037818,MONTGOMERY,Injury Crash,08/10/2024 10:15:00 PM,County Route,ARROWHEAD RD,SHADOW OAK DR,,,,Front to Front,Clear,Dry,Dark - Lighted,Traffic Control Signal,"Not Suspect of Alcohol Use, Not Suspect of Drug Use",,2431218C-0215-466A-B771-A60943FE51D9,No,Suspected Minor Injury,,Not Distracted,MD,D502E497-9105-418A-92A3-7A8202F2D3A8,Disabling,Eleven O Clock,Passenger Car,Moving Constant Speed,Eastbound,25,No,No,2006,HONDA,ACCORD,39.18808017,-77.197224,"(39.18808017, -77.197224)"
MCP2847001Q,17015230,Montgomery County Police,Injury Crash,03/25/2017 03:36:00 AM,Maryland (State),VEIRS MILL RD,PARKLAND DR,,N/A,,SAME DIR REND RIGHT TURN,CLEAR,DRY,DARK LIGHTS ON,TRAFFIC SIGNAL,ALCOHOL CONTRIBUTED,,EA9C0E3A-CD8E-4E5A-9A94-B987F38905D4,Yes,POSSIBLE INJURY,N/A,NOT DISTRACTED,MD,0DF68B3B-A293-4014-96FF-0C1E846EF473,DISABLING,TWELVE OCLOCK,PASSENGER CAR,MOVING CONSTANT SPEED,West,45,No,No,1999,TOYT,COROLLA,39.06127833,-77.091165,"(39.06127833, -77.091165)"
MCP24360022,16050728,Montgomery County Police,Injury Crash,10/03/2016 10:25:00 AM,US (State),COLESVILLE RD,UNIVERSITY BLVD E,,N/A,,SAME DIR REAR END,CLEAR,DRY,DAYLIGHT,TRAFFIC SIGNAL,NONE DETECTED,,A49D74F8-8CCE-4FD4-B765-B0C4A22F079A,No,NO APPARENT INJURY,N/A,NOT DISTRACTED,MD,28B5DEEB-75E8-4D09-B112-2A1BFD0E2145,FUNCTIONAL,SIX OCLOCK,(SPORT) UTILITY VEHICLE,SLOWING OR STOPPING,North,40,No,No,2011,SUBARU,FORESTER,39.020065,-77.01262333,"(39.020065, -77.01262333)"
MCP2989001Z,220053391,Montgomery County Police,Property Damage Crash,12/03/2022 12:30:00 PM,,,,PARKING LOT OF VEIP STATION LOCATED AT 15910 CHIEFTAIN AVE,,,SAME DIR REAR END,CLEAR,,DAYLIGHT,NO CONTROLS,NONE DETECTED,,7F5E73D0-AD6C-4E86-973A-28B1022DDC49,No,NO APPARENT INJURY,N/A,NOT DISTRACTED,MD,8393DC79-F987-42B5-B156-E9EF6AB5C395,FUNCTIONAL,SIX OCLOCK,PASSENGER CAR,PARKED,,5,No,Yes,2019,SUBU,CROSSTREX,39.11829833,-77.16250833,"(39.11829833, -77.16250833)"
MCP1580003W,15037477,MONTGOMERY,Property Damage Crash,07/29/2015 09:45:00 AM,Interstate (State),EISENHOWER MEMORIAL HWY,RAMP 6 FR MD 117 EB TO IS 270 SB,,N/A,,SAME DIR REAR END,CLEAR,DRY,DAYLIGHT,NO CONTROLS,NONE DETECTED,,8FCD2AAB-3872-4559-92F1-F2DED3352067,No,NO APPARENT INJURY,N/A,UNKNOWN,MD,7C063E8E-2BB7-45EF-AD3B-ECD6FDB8CBBF,SUPERFICIAL,SIX OCLOCK,(SPORT) UTILITY VEHICLE,SLOWING OR STOPPING,South,40,No,No,2014,JEEP,LAREDO,39.13865,-77.21244333,"(39.13865, -77.21244333)"
MCP2472001W,16036661,Montgomery County Police,Property Damage Crash,07/20/2016 07:40:00 AM,Maryland (State),UNIVERSITY BLVD W,ENT TO BUSINESS,,N/A,,STRAIGHT MOVEMENT ANGLE,CLEAR,DRY,DAYLIGHT,NO CONTROLS,NONE DETECTED,,4D46C063-DA1D-4ABF-BEB3-14ADA0C4EF7D,Yes,NO APPARENT INJURY,N/A,LOOKED BUT DID NOT SEE,MD,BC06C56A-0A99-495E-AC66-B7E530E79390,SUPERFICIAL,TWELVE OCLOCK,PASSENGER CAR,MAKING RIGHT TURN,South,35,No,No,2000,MERCEDES,ML320,39.03305333,-77.07382,"(39.03305333, -77.07382)"
MCP29890008,15059231,MONTGOMERY,Injury Crash,11/20/2015 05:06:00 AM,County,MONTCLAIR DR,LAURIE DR,,N/A,,HEAD ON,CLEAR,DRY,DARK LIGHTS ON,STOP SIGN,N/A,,1A1A1F96-1E6A-41F1-A24E-6D9E198A8728,Yes,SUSPECTED MINOR INJURY,N/A,NOT DISTRACTED,MD,A92B1420-09A0-4D4A-BAB7-16F6B4247BBB,DISABLING,TWELVE OCLOCK,PASSENGER CAR,MAKING RIGHT TURN,West,25,No,No,2006,TOYT,CAMERY,39.06091,-76.98493667,"(39.06091, -76.98493667)"
MCP22740013,16058860,Montgomery County Police,Property Damage Crash,11/15/2016 03:03:00 PM,County,MONTGOMERY VILLAGE AVE,CENTERWAY RD,,N/A,,SINGLE VEHICLE,CLOUDY,DRY,DAYLIGHT,TRAFFIC SIGNAL,NONE DETECTED,,F5BAA49B-3F79-49C2-A572-E79395A0B2F4,Yes,NO APPARENT INJURY,N/A,UNKNOWN,MD,9115F38C-84ED-4356-BCCA-287AF6335550,DISABLING,ELEVEN OCLOCK,PASSENGER CAR,MAKING U TURN,South,35,No,No,2004,INFINITI,G35,39.17286,-77.20356167,"(39.17286, -77.20356167)"
MCP25630011,190055536,Montgomery County Police,Fatal Crash,11/17/2019 09:51:00 PM,County,COMUS RD,BARLEY FIELD LA,,N/A,,SINGLE VEHICLE,CLEAR,DRY,DARK NO LIGHTS,NO CONTROLS,ALCOHOL PRESENT,,107FE646-CDC4-4659-8571-5630248C2051,Yes,FATAL INJURY,N/A,UNKNOWN,MD,A1C5B10A-3ADA-4A3A-99FA-88B50C45023A,DESTROYED,ELEVEN OCLOCK,PICKUP TRUCK,UNKNOWN,East,40,No,No,2007,DODG,RAM 2500,39.2509868,-77.3743183,"(39.2509868, -77.3743183)"
MCP26760015,15025338,Montgomery County Police,Property Damage Crash,05/26/2015 05:09:00 PM,County,ARCOLA AVE,LAMBERTON DR,,N/A,,HEAD ON LEFT TURN,CLEAR,DRY,DAYLIGHT,TRAFFIC SIGNAL,N/A,,8714E3F1-3044-47C1-B963-0E916A3BA955,No,NO APPARENT INJURY,N/A,NOT DISTRACTED,MD,52D3F3B8-CA79-4BC7-9630-C7AB4B1FB9EA,DISABLING,TWO OCLOCK,PASSENGER CAR,MAKING LEFT TURN,East,25,No,No,1999,MERC,SABLE,39.04119667,-77.0288,"(39.04119667, -77.0288)"
MCP15650038,190002231,Montgomery County Police,Property Damage Crash,01/15/2019 09:16:00 AM,,,,PARKING LOT OF 4510 FAROE PL,,,SINGLE VEHICLE,CLEAR,,DAYLIGHT,NO CONTROLS,NONE DETECTED,,02C01AD9-5546-49CD-8270-CBFFFDDB5EC0,Yes,NO APPARENT INJURY,N/A,UNKNOWN,MD,1ACD8B43-83AD-42D7-9466-FB2F231FB1C9,SUPERFICIAL,THREE OCLOCK,SCHOOL BUS,MAKING RIGHT TURN,Unknown,0,No,No,2017,THOMAS,BUS,39.069035,-77.08935833,"(39.069035, -77.08935833)"
MCP2800004H,210026490,Montgomery County Police,Property Damage Crash,07/10/2021 02:10:00 AM,Maryland (State),OLD GEORGETOWN RD,ENT TO BUSINESS,,N/A,,SINGLE VEHICLE,CLEAR,DRY,DARK LIGHTS ON,NO CONTROLS,ALCOHOL CONTRIBUTED,,21707C35-1056-4E41-B9F0-29A751296181,Yes,NO APPARENT INJURY,"N/A, ROAD UNDER CONSTRUCTION/MAINTENANCE",OTHER DISTRACTION,MD,55526419-A166-4AA8-BF6C-52F0B02D256F,FUNCTIONAL,TWELVE OCLOCK,PASSENGER CAR,MOVING CONSTANT SPEED,South,40,No,No,2012,HONDA,ACCORD,39.048935,-77.11834,"(39.048935, -77.11834)"
MCP31060018,190004448,Montgomery County Police,Injury Crash,01/28/2019 04:32:00 PM,Maryland (State),CONNECTICUT AVE,RAMP 3 FR IS 495 EB TO MD 185 NB,,N/A,,SAME DIR REAR END,CLEAR,DRY,DUSK,NO CONTROLS,N/A,,A22E5599-63DC-4D52-ACF0-5EFE1383C9AD,Yes,NO APPARENT INJURY,N/A,UNKNOWN,MD,DFABA7D9-8706-4814-B9A0-6E43ECC9835C,FUNCTIONAL,TWELVE OCLOCK,PICKUP TRUCK,ACCELERATING,North,35,No,No,2019,DODGE,RAM,39.00233167,-77.077255,"(39.00233167, -77.077255)"
MCP31930028,210015312,Montgomery County Police,Property Damage Crash,04/24/2021 04:00:00 PM,County,WINDHAM LA,GEORGIA AVE,,N/A,,HEAD ON LEFT TURN,CLOUDY,DRY,DAYLIGHT,TRAFFIC SIGNAL,NONE DETECTED,,246FC089-2854-4116-97E2-A0498D3ECBBB,No,NO APPARENT INJURY,N/A,NOT DISTRACTED,MD,E5BCDC06-406E-449E-B305-018C8DF1ADD8,FUNCTIONAL,TWELVE OCLOCK,PASSENGER CAR,STOPPED IN TRAFFIC LANE,West,25,No,No,2011,BMW,SD,39.03191467,-77.0477865,"(39.03191467, -77.0477865)"
MCP2411000F,16018103,Montgomery County Police,Injury Crash,04/13/2016 04:29:00 PM,County,E GUDE DR,FREDERICK RD,,N/A,,SAME DIRECTION RIGHT TURN,CLEAR,DRY,DAYLIGHT,TRAFFIC SIGNAL,N/A,,5A27F3F0-B91F-4009-932B-9FD159A1A776,Yes,NO APPARENT INJURY,N/A,INATTENTIVE OR LOST IN THOUGHT,MD,0D531279-913F-40B6-A062-8E25E1A4ACE7,DISABLING,ONE OCLOCK,PASSENGER CAR,CHANGING LANES,West,40,No,No,2013,HYUNDAI,ELANTRA,39.106705,-77.15767167,"(39.106705, -77.15767167)"
DD5574000K,16038539,Rockville Police Departme,Property Damage Crash,07/29/2016 12:45:00 PM,Municipality,VINSON ST,S WASHINGTON ST,,ROCKVILLE,OTHER CONVEYANCE,STRAIGHT MOVEMENT ANGLE,CLEAR,DRY,DAYLIGHT,NO CONTROLS,N/A,N/A,C1F275D5-A021-4D64-9752-1F6A0FFF8025,Yes,NO APPARENT INJURY,N/A,LOOKED BUT DID NOT SEE,MD,1380AD4A-DD67-454C-8C49-7D95C0EAFD2B,SUPERFICIAL,TWELVE OCLOCK,PASSENGER CAR,STARTING FROM LANE,West,25,No,No,2013,TOYOTA,CAMRY,39.08208333,-77.15273333,"(39.08208333, -77.15273333)"
MCP2974000Y,16019748,Montgomery County Police,Injury Crash,04/22/2016 01:30:00 AM,Maryland (State),NEW HAMPSHIRE AVE,ANDREW DR,,N/A,,SINGLE VEHICLE,CLEAR,DRY,DARK LIGHTS ON,NO CONTROLS,NONE DETECTED,,32F48E5E-B40B-46F3-8A21-96924C4064E5,Yes,POSSIBLE INJURY,N/A,OTHER DISTRACTION,MD,348BA4C5-E11A-4E3E-B750-8136891ABC12,DISABLING,TWELVE OCLOCK,PASSENGER CAR,MOVING CONSTANT SPEED,North,40,No,No,2014,SUBARU,4S,39.06753973,-77.00195745,"(39.06753973, -77.00195745)"
MCP2813001T,16003700,Montgomery County Police,Injury Crash,01/20/2016 07:15:00 PM,Maryland (State),GEORGIA AVE,PRICE AVE,,N/A,,SAME DIR REAR END,SNOW,SNOW,DARK LIGHTS ON,NO CONTROLS,N/A,,61AAD968-B4AE-414A-8668-F596C182A92B,Yes,NO APPARENT INJURY,"ICY OR SNOW-COVERED, RAIN, SNOW",LOOKED BUT DID NOT SEE,MD,25E61066-581C-4DC9-8CC9-B74CA1CB64E1,SUPERFICIAL,TWELVE OCLOCK,PASSENGER CAR,SLOWING OR STOPPING,North,35,No,No,2012,FORD,FOCUS,39.04079833,-77.05101167,"(39.04079833, -77.05101167)"
MCP2667004Y,180034411,Montgomery County Police,Property Damage Crash,07/12/2018 08:00:00 AM,County,WATKINS MILL RD,STEDWICK RD,,N/A,,STRAIGHT MOVEMENT ANGLE,CLEAR,N/A,DAYLIGHT,N/A,NONE DETECTED,,7247BD41-AB2A-44C6-9A3C-0AA06DF5B867,Yes,NO APPARENT INJURY,N/A,LOOKED BUT DID NOT SEE,MD,5A482F41-BD46-4E38-918C-497EDFADEAC9,FUNCTIONAL,ELEVEN OCLOCK,PASSENGER CAR,MAKING U TURN,South,35,No,No,2006,ACURA,4S,39.17605567,-77.20976167,"(39.17605567, -77.20976167)"
MCP1378011D,220025425,Montgomery County Police,Property Damage Crash,06/13/2022 04:07:00 PM,US (State),COLUMBIA PIKE,MUSGROVE RD,,N/A,,SAME DIR REAR END,CLOUDY,DRY,DAYLIGHT,TRAFFIC SIGNAL,NONE DETECTED,,C07FFC36-881F-4783-ABBB-6D396365363C,Yes,NO APPARENT INJURY,N/A,NOT DISTRACTED,VA,DB4705C5-BB65-4F85-8743-DF36C61A90F8,SUPERFICIAL,TWELVE OCLOCK,"CARGO VAN/LIGHT TRUCK 2 AXLES (OVER 10,000LBS (4,536 KG))",SLOWING OR STOPPING,South,50,No,No,2016,FREIGHTLINER,TRUCK,39.06785105,-76.95948097,"(39.06785105, -76.95948097)"
MCP27700017,16046458,Montgomery County Police,Property Damage Crash,09/10/2016 05:43:00 PM,,,,PARKING LOT OF 9116 GAITHER ROAD,,,SAME DIRECTION SIDESWIPE,CLEAR,,DAYLIGHT,NO CONTROLS,NONE DETECTED,,81252384-0661-412E-A883-B5BD94A53E66,Yes,NO APPARENT INJURY,N/A,NOT DISTRACTED,MD,A36095A7-48D7-4385-9B17-2BD142D62983,SUPERFICIAL,ELEVEN OCLOCK,PASSENGER CAR,BACKING,South,5,No,No,2011,ACURA,MDX,39.117365,-77.188195,"(39.117365, -77.188195)"
MCP1227000M,170505550,Montgomery County Police,Injury Crash,05/02/2017 06:12:00 PM,County,MIDDLEBROOK RD,GREAT SENECA HWY,,N/A,,SAME DIR REAR END,CLEAR,DRY,DAYLIGHT,TRAFFIC SIGNAL,NONE DETECTED,,C31BA98F-11A0-4D28-9D92-936049FB78AC,No,SUSPECTED SERIOUS INJURY,N/A,NOT DISTRACTED,MD,C53FD750-1F95-42E5-B082-0DCE9D937E80,DESTROYED,SIX OCLOCK,PASSENGER CAR,STOPPED IN TRAFFIC LANE,West,40,No,No,2007,DODGE,CHARGER,39.17503327,-77.25969091,"(39.17503327, -77.25969091)"
MCP3079003N,210027382,Montgomery County Police,Injury Crash,07/15/2021 03:54:00 PM,County,FOREST BROOK RD,WARING STATION RD,,N/A,,HEAD ON LEFT TURN,CLEAR,DRY,DAYLIGHT,NO CONTROLS,NONE DETECTED,,1FC61F8D-670D-49E8-B191-DC3188FE2D3B,Yes,POSSIBLE INJURY,N/A,NOT DISTRACTED,MD,DFF2B023-83C9-47E3-BEC7-DF9D408EB5D6,DESTROYED,FIVE OCLOCK,PASSENGER CAR,MOVING CONSTANT SPEED,West,25,No,No,2003,BUIC,PARK AVENUE ULTRA,39.16415906,-77.25073607,"(39.16415906, -77.25073607)"
MCP3303000F,210030627,Montgomery County Police,Property Damage Crash,08/06/2021 11:26:00 PM,,,,"MCDONALDS PARKING LOT LOCATED AT 12982 MIDDLEBROOK ROAD, GERMANTOWN, MD 20874",,,OTHER,CLEAR,,DARK LIGHTS ON,N/A,UNKNOWN,,853A8075-868C-4171-8A16-221D4733F828,Yes,NO APPARENT INJURY,N/A,UNKNOWN,MD,7BF23E9A-5119-4F44-89DA-0B6BC49FC3E0,UNKNOWN,UNKNOWN,PASSENGER CAR,BACKING,Unknown,15,No,No,2013,SCION,FRS,39.18100707,-77.26956208,"(39.18100707, -77.26956208)"
MCP2680002C,180010844,Montgomery County Police,Injury Crash,03/02/2018 08:38:00 PM,Maryland (State),EAST WEST HWY,W FALKLAND LA,,N/A,PEDESTRIAN,SAME DIRECTION SIDESWIPE,SEVERE WINDS,DRY,DARK LIGHTS ON,NO CONTROLS,NONE DETECTED,NONE DETECTED,37ACDEE7-0F4E-48A6-B56D-C5B005125AA5,No,NO APPARENT INJURY,"N/A, SEVERE CROSSWINDS",NOT DISTRACTED,MD,AC2E9535-F8D0-463C-932E-55368D076F83,NO DAMAGE,TWO OCLOCK,TRANSIT BUS,STARTING FROM LANE,West,30,No,No,2009,GILLIAN,BUS,38.99265167,-77.031735,"(38.99265167, -77.031735)"