Report Number,Local Case Number,Agency Name,ACRS Report Type,Crash Date/Time,Route Type,Road Name,Cross-Street Name,Off-Road Description,Municipality,Related Non-Motorist,Collision Type,Weather,Surface Condition,Light,Traffic Control,Driver Substance Abuse,Non-Motorist Substance Abuse,Person ID,Driver At Fault,Injury Severity,Circumstance,Driver Distracted By,Drivers License State,Vehicle ID,Vehicle Damage Extent,Vehicle First Impact Location,Vehicle Body Type,Vehicle Movement,Vehicle Going Dir,Speed Limit,Driverless Vehicle,Parked Vehicle,Vehicle Year,Vehicle Make,Vehicle Model,Latitude,Longitude,Location
MCP26870038,180040436,Montgomery County Police,Property Damage Crash,08/14/2018 05:13:00 PM,County,ARLINGTON RD,HAMPDEN LA,,N/A,,SAME DIRECTION SIDESWIPE,CLEAR,DRY,DAYLIGHT,WARNING SIGN,NONE DETECTED,,10D64E16-BD2F-41AC-BC61-A9FF84BF0E3D,No,NO APPARENT INJURY,N/A,NOT DISTRACTED,MD,D4CAA490-64EF-4663-86B5-E840277D7357,SUPERFICIAL,ONE OCLOCK,PASSENGER CAR,MOVING CONSTANT SPEED,North,25,No,No,2012,CHEVY,SILVERADO,38.98301,-77.09849,"(38.98301, -77.09849)"
DD56280054,210049862,Rockville Police Departme,Property Damage Crash,12/08/2021 03:00:00 PM,,,,PARKING LOT OF 250 ROCKVILLE PK (ROCKVILLE METRO STATION).,,,SAME DIRECTION SIDESWIPE,CLOUDY,,N/A,NO CONTROLS,NONE DETECTED,,2466693D-9164-4AD5-84BC-5FC3D6016813,Yes,NO APPARENT INJURY,N/A,LOOKED BUT DID NOT SEE,MD,53B6FF01-F6CF-4359-9F4F-DAABE684D8CB,SUPERFICIAL,FIVE OCLOCK,TRANSIT BUS,NEGOTIATING A CURVE,North,5,No,No,2014,GILL,BUS,39.08439022,-77.14699058,"(39.08439022, -77.14699058)"
MCP27390019,17004839,Montgomery County Police,Property Damage Crash,01/27/2017 10:16:00 PM,US (State),COLESVILLE RD,MD 193 (NBL),,N/A,,SAME DIR REAR END,CLEAR,DRY,DARK LIGHTS ON,TRAFFIC SIGNAL,NONE DETECTED,,04A6E114-64B7-4065-B605-6C9FE5E4F7DF,No,NO APPARENT INJURY,N/A,NOT DISTRACTED,MD,56202162-B749-4B94-A13F-FEDBD79351A5,FUNCTIONAL,SIX OCLOCK,PASSENGER CAR,ACCELERATING,South,40,No,No,2004,LEXUS,4S,39.02087833,-77.01233833,"(39.02087833, -77.01233833)"
MCP2986002M,180024666,Montgomery County Police,Property Damage Crash,05/19/2018 11:17:00 PM,County,AVENEL RD,STATESIDE DR,,N/A,,SAME DIR REAR END,RAINING,WET,DARK LIGHTS ON,STOP SIGN,UNKNOWN,,576629FC-2229-4C6B-9C70-A705987B31E6,Yes,NO APPARENT INJURY,"RAIN, SNOW, WET",UNKNOWN,,D0086DCD-D90A-4B81-A88D-C6ADC0292285,FUNCTIONAL,TWELVE OCLOCK,,ACCELERATING,East,25,No,No,0,UNKNOWN,UNKNOWN,39.01062833,-76.98007667,"(39.01062833, -76.98007667)"
MCP1378017Y,240011723,MONTGOMERY,Injury Crash,03/11/2024 02:04:00 PM,County Route,THAYER AVE,,,,Cyclist (non-electric),Single Vehicle,Clear,Dry,Daylight,No Controls,"Not Suspect of Alcohol Use, Not Suspect of Drug Use","Not Suspect of Alcohol Use, Not Suspect of Drug Use",F1585706-A68A-4D2E-A5C3-78BFDCA3B173,Yes,No Apparent Injury,Failed to Yield Right-of-Way,Not Distracted,MD,0B7A0CC2-6205-46DD-BD43-44442890CFC4,Superficial,Twelve O Clock,Passenger Car,Making U-Turn,Eastbound,30,No,No,2023,TESLA,MODEL 3,38.99298247,-77.02617465,"(38.99298247, -77.02617465)"
MCP3243001Q,230054628,Montgomery County Police,Property Damage Crash,09/13/2023 02:25:00 PM,Maryland (State),ROCKVILLE PIKE,ENT TO SHOPPING CENTER,,N/A,,SAME DIR REAR END,CLEAR,DRY,DAYLIGHT,NO CONTROLS,NONE DETECTED,,DDAB8303-D63E-456E-9A88-CCA7E44CF086,Yes,NO APPARENT INJURY,N/A,NOT DISTRACTED,MD,26809D5E-42AD-4631-8E95-A8727B019E42,FUNCTIONAL,TWELVE OCLOCK,(SPORT) UTILITY VEHICLE,SLOWING OR STOPPING,South,35,No,No,2006,TOYT,TK,39.04676317,-77.112752,"(39.04676317, -77.112752)"
MCP30050037,170539649,Montgomery County Police,Injury Crash,10/29/2017 01:40:00 PM,,,,PARKING LOT OF 12389 GEORGIA AVE,,PEDESTRIAN,ANGLE MEETS LEFT TURN,CLOUDY,,DAYLIGHT,NO CONTROLS,NONE DETECTED,NONE DETECTED,42D47915-5747-48F6-8025-995955BCCC42,Yes,NO APPARENT INJURY,N/A,LOOKED BUT DID NOT SEE,MD,DE1A0C98-DAB9-451E-96BB-89C2EC26AD6E,SUPERFICIAL,TEN OCLOCK,PICKUP TRUCK,MAKING LEFT TURN,North,5,No,No,2013,FORD,F250,39.06081197,-77.04990059,"(39.06081197, -77.04990059)"
HA2412000D,17000808,Maryland-National Capital,Injury Crash,06/28/2017 05:49:00 PM,Maryland (State),PINEY BRANCH RD,SPUR FR SLIGO CREEK PKWY,,N/A,,SAME DIR REAR END,CLEAR,DRY,DAYLIGHT,TRAFFIC SIGNAL,NONE DETECTED,,6E91E9CD-2082-4887-AEE8-E61314F1DBE2,No,NO APPARENT INJURY,N/A,NOT DISTRACTED,US,937D087D-9503-420A-A696-208F5451BA75,FUNCTIONAL,SIX OCLOCK,PASSENGER CAR,SLOWING OR STOPPING,North,30,No,No,2000,TOYOTA,CAMRY,38.99153323,-77.01010466,"(38.99153323, -77.01010466)"
MCP3408000P,240057731,MONTGOMERY,Injury Crash,12/03/2024 08:09:00 AM,Maryland (State) Route,GEORGIA AVE (SB/L),,,,Pedestrian,Single Vehicle,Clear,Dry,Daylight,No Controls,"Not Suspect of Alcohol Use, Not Suspect of Drug Use","Not Suspect of Alcohol Use, Not Suspect of Drug Use",28B012CB-C2FB-4D21-B2FC-EED26BA45BF5,No,No Apparent Injury,,Not Distracted,MD,D25D329F-8772-4E55-BCBC-FED7BF124BA3,Superficial,Twelve O Clock,Passenger Car,Moving Constant Speed,Southbound,30,No,No,2015,MERCEDES-BENZ,C-CLASS,38.99679445,-77.02913113,"(38.99679445, -77.02913113)"
MCP2867000Y,15011431,Montgomery County Police,Injury Crash,03/12/2015 01:21:00 PM,US (State),COLESVILLE RD,UNIVERSITY BLVD E,,N/A,,STRAIGHT MOVEMENT ANGLE,CLEAR,DRY,N/A,TRAFFIC SIGNAL,NONE DETECTED,,752F4460-E398-4185-AEF5-CA1987ACD5F9,Yes,NO APPARENT INJURY,N/A,NOT DISTRACTED,MD,F855FB12-64F3-4CCF-8B1E-96CE1FE7E84A,FUNCTIONAL,TWELVE OCLOCK,PICKUP TRUCK,SLOWING OR STOPPING,South,40,No,No,2013,DODGE,RAM,39.0204668,-77.0129867,"(39.0204668, -77.0129867)"
EJ7907000K,240046917,GAITHERSBURG,Injury Crash,10/01/2024 06:48:00 PM,County Route,N SUMMIT AVE,,,,,Angle,Rain,Wet,Dark - Lighted,No Controls,"Not Suspect of Alcohol Use, Not Suspect of Drug Use",,4BCBC23C-3D35-421C-AEB6-326404F5A216,No,No Apparent Injury,,Not Distracted,MD,03F0127A-A65E-4FCB-8A82-1EAD47995E7C,Disabling,Eleven O Clock,Passenger Car,Moving Constant Speed,Southbound,35,No,No,2016,FORD,MUSTANG,39.14900294,-77.19311181,"(39.14900294, -77.19311181)"
MCP3279000Q,210022484,Montgomery County Police,Injury Crash,06/12/2021 04:36:00 PM,,,,"PARKING LOT OF KOREAN KORNER LOCATED AT 12207 VEIRS MILL RD, SILVER SPRING, MD 20906.",,,STRAIGHT MOVEMENT ANGLE,CLEAR,,DAYLIGHT,N/A,NONE DETECTED,,A7455E8F-0AC2-4BBA-AEDD-CB481342C082,No,SUSPECTED MINOR INJURY,N/A,NOT DISTRACTED,MD,59B80CF9-8061-4D2A-AE71-A1FCCE2D78DE,SUPERFICIAL,THREE OCLOCK,PASSENGER CAR,STOPPED IN TRAFFIC LANE,West,0,No,No,2003,JEEP,LIBERTY,39.05690353,-77.08284432,"(39.05690353, -77.08284432)"
MCP27080028,170528679,Montgomery County Police,Injury Crash,09/04/2017 08:07:00 PM,Maryland (State),PINEY BRANCH RD,ARLISS ST,,N/A,,STRAIGHT MOVEMENT ANGLE,CLEAR,DRY,DARK LIGHTS ON,TRAFFIC SIGNAL,NONE DETECTED,,35270719-9CA2-4943-BF4D-B42564380444,Yes,NO APPARENT INJURY,N/A,UNKNOWN,MD,40E356D1-2DB6-4332-B06C-329B497AF990,FUNCTIONAL,TWELVE OCLOCK,PASSENGER CAR,MOVING CONSTANT SPEED,South,35,No,No,2014,CHRYSLER,200,38.99851167,-77.00065167,"(38.99851167, -77.00065167)"
MCP2363001B,180025528,Montgomery County Police,Property Damage Crash,05/24/2018 04:27:00 PM,County,HENDERSON AVE,GEORGIA AVE,,N/A,,OTHER,CLEAR,DRY,DAYLIGHT,N/A,NONE DETECTED,,68CF5A21-7E65-4EE2-9437-4145B42D5DA2,Yes,NO APPARENT INJURY,N/A,NOT DISTRACTED,MD,62F3EDF0-192A-42A8-B736-7D116EBB86DB,NO DAMAGE,THREE OCLOCK,FIRE VEHICLE/NON EMERGENCY,BACKING,South,25,No,No,2008,SPAR,TK,39.05058333,-77.05139333,"(39.05058333, -77.05139333)"
MCP9432002C,190046423,Montgomery County Police,Property Damage Crash,09/27/2019 07:30:00 PM,,,,PARKING LOT OF 22705 CLARKSBURG ROAD,,,STRAIGHT MOVEMENT ANGLE,CLEAR,,DARK LIGHTS ON,NO CONTROLS,NONE DETECTED,,8877CF82-3627-474D-9B54-5E26DA69F813,No,NO APPARENT INJURY,"DEBRIS OR OBSTRUCTION, N/A",NOT DISTRACTED,MD,DE5D7D74-4D6F-40E6-89C6-82B5FDCC161C,FUNCTIONAL,TWELVE OCLOCK,PASSENGER CAR,MOVING CONSTANT SPEED,North,30,No,No,2014,HONDA,CIVIC,39.22645167,-77.288065,"(39.22645167, -77.288065)"
MCP2635003Y,170509482,Montgomery County Police,Property Damage Crash,05/23/2017 07:54:00 PM,County,NORBECK RD,NORWOOD RD,,N/A,,SAME DIR REAR END,RAINING,WET,DUSK,TRAFFIC SIGNAL,N/A,,216CB327-BDEE-4524-A0B6-1DA580FC0241,No,NO APPARENT INJURY,"N/A, WET",NOT DISTRACTED,MD,73300670-68C6-4155-A488-0498327C3756,FUNCTIONAL,SIX OCLOCK,(SPORT) UTILITY VEHICLE,STOPPED IN TRAFFIC LANE,West,40,No,No,2016,TOYOTA,RAV4,39.11901123,-77.02117145,"(39.11901123, -77.02117145)"
MCP32560018,220013963,Montgomery County Police,Property Damage Crash,04/01/2022 04:00:00 PM,County,COLUMBIA BLVD,GEORGIA AVE,,N/A,,SAME DIRECTION SIDESWIPE,CLEAR,DRY,DAYLIGHT,TRAFFIC SIGNAL,NONE DETECTED,,DDFDBCDB-43B6-40EA-A295-1DCEA5F837F6,No,NO APPARENT INJURY,N/A,NOT DISTRACTED,MD,5C58D10E-46DA-4895-8332-8DBE2FAD12D0,SUPERFICIAL,FOUR OCLOCK,(SPORT) UTILITY VEHICLE,ACCELERATING,West,30,No,No,2020,HYUNDAI,TUCSON,39.00872214,-77.04023035,"(39.00872214, -77.04023035)"
MCP137800J7,170533454,Montgomery County Police,Property Damage Crash,09/27/2017 04:42:00 PM,County,SHADY GROVE RD,EPSILON DR,,N/A,,SAME DIR REAR END,CLEAR,DRY,DAYLIGHT,TRAFFIC SIGNAL,NONE DETECTED,,96CD5A39-D4F9-4BDA-917C-DE9CA110B465,No,NO APPARENT INJURY,N/A,NOT DISTRACTED,MD,023515DB-89D3-4D60-AE81-501AFBB87BA9,SUPERFICIAL,SIX OCLOCK,SCHOOL BUS,STOPPED IN TRAFFIC LANE,South,45,No,No,2015,THOMAS BUILT,BUS,39.13843,-77.15343833,"(39.13843, -77.15343833)"
MCP3264002M,220018345,Montgomery County Police,Property Damage Crash,04/30/2022 09:04:00 AM,US (State),COLESVILLE RD,FENTON ST,,N/A,,SAME DIRECTION SIDESWIPE,CLEAR,DRY,DAYLIGHT,TRAFFIC SIGNAL,NONE DETECTED,,7E1B5509-C91C-4D70-A6C9-0DCB9D855A7C,Yes,NO APPARENT INJURY,N/A,LOOKED BUT DID NOT SEE,MD,BBA123C2-C0AF-4176-A7CD-BC0423A64B30,DISABLING,ELEVEN OCLOCK,PASSENGER CAR,CHANGING LANES,North,35,No,No,2012,HYUNDAI,TUCSON,38.99743167,-77.02715,"(38.99743167, -77.02715)"
MCP27380056,240021801,MONTGOMERY,Property Damage Crash,05/08/2024 10:58:00 PM,Local Route,MICHELSON RD,NEW HAMPSHIRE AVE NORTHWEST DR,,,,"Sideswipe, Same Direction",Clear,Dry,Dark - Lighted,Traffic Control Signal,"Unknown, Unknown",,27F8E57F-63E9-4966-8530-F2BB65BC21A0,No,,,,,3DB97F6D-A5C7-484F-9FA0-77B4B6E7D534,Functional,One O Clock,Pickup,Changing Lanes,Northbound,45,No,No,2014,TOYOTA,TUNDRA,39.03682291,-76.98910189,"(39.03682291, -76.98910189)"
MCP22600020,180009993,Montgomery County Police,Injury Crash,02/26/2018 07:34:00 AM,Municipality,W EDMONSTON DR,WOOTTON PKWY,,ROCKVILLE,PEDESTRIAN,OTHER,N/A,DRY,DARK LIGHTS ON,OTHER,N/A,N/A,D516BD22-17C6-4D6E-98A9-74D0E5007767,Yes,NO APPARENT INJURY,N/A,UNKNOWN,MD,5DB6BF15-7B9A-471E-B670-2B4C4F40450A,SUPERFICIAL,TWELVE OCLOCK,PASSENGER CAR,MOVING CONSTANT SPEED,West,25,No,No,2014,TOYOTA,PRIUS,39.0736,-77.13734167,"(39.0736, -77.13734167)"
MCP2946002R,180037557,Montgomery County Police,Injury Crash,07/29/2018 09:22:00 AM,County,MIDDLEBROOK RD,WARING STATION RD,,N/A,,HEAD ON LEFT TURN,CLEAR,DRY,DAYLIGHT,TRAFFIC SIGNAL,NONE DETECTED,,9B66E244-2872-48AD-8F1D-9EC71592C951,Yes,NO APPARENT INJURY,N/A,LOOKED BUT DID NOT SEE,MD,F8D75D8F-B04D-4A7E-AA87-50EF9DC73EF0,FUNCTIONAL,SIX OCLOCK,PASSENGER CAR,MAKING LEFT TURN,West,40,No,No,2015,HONDA,ACCORD,39.17478667,-77.25387,"(39.17478667, -77.25387)"
MCP93210011,16041733,Montgomery County Police,Injury Crash,08/17/2016 12:48:00 PM,Maryland (State),GEORGIA AVE,PLYERS MILL RD,,N/A,,SAME DIR REAR END,CLEAR,DRY,DAYLIGHT,NO CONTROLS,NONE DETECTED,,C1BB9865-D8E2-497D-BE0F-DD5B77D5FE8D,Yes,NO APPARENT INJURY,N/A,UNKNOWN,MD,6A42CD98-DAE6-422A-A3D3-48BC80980B2F,FUNCTIONAL,TWELVE OCLOCK,(SPORT) UTILITY VEHICLE,SLOWING OR STOPPING,North,35,No,No,2010,HONDA,CRV,39.030325,-77.04774,"(39.030325, -77.04774)"
MCP9301002S,190023096,Montgomery County Police,Property Damage Crash,05/16/2019 09:00:00 AM,,,,PARKING LOT OF 6420 ROCKLEDGE DR,,,OTHER,N/A,,DAYLIGHT,N/A,N/A,,9B5FC633-122A-4A1A-8927-E97103BE1FD2,Yes,NO APPARENT INJURY,N/A,NOT DISTRACTED,,01DE8D4B-7EAE-4A79-B1F5-0DD493DAD685,SUPERFICIAL,SEVEN OCLOCK,PASSENGER CAR,BACKING,Unknown,10,No,No,2017,VOLKSWAGON,4S,39.02312388,-77.13249173,"(39.02312388, -77.13249173)"
MCP3387000N,240009429,MONTGOMERY,Property Damage Crash,02/26/2024 09:03:00 PM,Maryland (State) Route,NEW HAMPSHIRE AVE,OAKVIEW DR,,,,Angle,Clear,Dry,Dark - Lighted,Traffic Control Signal,"Not Suspect of Alcohol Use, Not Suspect of Drug Use",,4A839CA0-E645-4C34-ABC1-66B253376F4E,No,No Apparent Injury,,Not Distracted,MD,CB52B8F2-750D-472B-A6F4-E6C720AD73D4,Disabling,Top,Passenger Car,Moving Constant Speed,Northbound,40,No,,2022,MERCEDES-BENZ,S-CLASS,39.01539833,-76.97769167,"(39.01539833, -76.97769167)"
MCP3417000P,240052457,MONTGOMERY,Property Damage Crash,11/01/2024 11:17:00 AM,Maryland (State) Route,RIVER RD,,,,,Front to Rear,Clear,Dry,Daylight,No Controls,"Not Suspect of Alcohol Use, Not Suspect of Drug Use",,D25A398B-83B4-4693-AB63-9F30E6298F04,Yes,No Apparent Injury,,Not Distracted,MD,B914407B-3FA5-4652-9DBD-1AD403517875,Disabling,Twelve O Clock,Pickup,Moving Constant Speed,Eastbound,35,No,No,2015,GMC,SIERRA,38.99043317,-77.15410567,"(38.99043317, -77.15410567)"
MCP20390010,15015327,Montgomery County Police,Injury Crash,04/03/2015 08:09:00 AM,County,HEWITT AVE,GEORGIA AVE,,N/A,,HEAD ON,RAINING,WET,DAYLIGHT,NO CONTROLS,N/A,,E35B50A9-3311-4EC0-B875-40E5AED31B8B,Yes,NO APPARENT INJURY,"N/A, WET",LOOKED BUT DID NOT SEE,MD,50D56AF1-92EF-45DD-A177-A6BB6BD0DB72,DISABLING,TWELVE OCLOCK,PASSENGER CAR,MAKING LEFT TURN,East,25,No,No,2009,TOYOTA,CAMRY,39.07951167,-77.06653333,"(39.07951167, -77.06653333)"
MCP2436007W,190034112,Montgomery County Police,Property Damage Crash,07/18/2019 01:05:00 PM,,,,"SIDE PARKING LOT OF 8640 GREENWOOD AVENUE, SILVER SPRING, MD 20901",,,OTHER,N/A,,DAYLIGHT,N/A,NONE DETECTED,,C175EA44-9857-4E1F-BF21-FAF31AF4B472,Yes,NO APPARENT INJURY,N/A,UNKNOWN,MD,A54F4872-7784-4328-9BD5-BB165896B25C,SUPERFICIAL,TEN OCLOCK,POLICE VEHICLE/NON EMERGENCY,BACKING,Unknown,0,No,No,2013,FORD,EXPLORER,38.99805353,-77.00234918,"(38.99805353, -77.00234918)"
MCP23940026,16040645,Montgomery County Police,Property Damage Crash,08/10/2016 11:48:00 PM,Maryland (State),FALLS RD,RAMP 3 FR MD 189 EB TO IS 270 NB,,N/A,,STRAIGHT MOVEMENT ANGLE,CLEAR,DRY,DARK LIGHTS ON,TRAFFIC SIGNAL,NONE DETECTED,,A2B8B3DD-D740-4255-8234-12926736CAB9,Yes,NO APPARENT INJURY,N/A,NOT DISTRACTED,MD,B7CE23DB-91AE-48F5-B7A2-8E6890D47FEA,DISABLING,TWELVE OCLOCK,PASSENGER CAR,STARTING FROM LANE,East,35,No,No,2006,ACUR,TK,39.073675,-77.16466667,"(39.073675, -77.16466667)"
MCP229800MV,190015851,Montgomery County Police,Injury Crash,04/05/2019 02:18:00 PM,Maryland (State),FREDERICK RD,ENT TO MILESTONE SHOPPING CENTER,,N/A,,STRAIGHT MOVEMENT ANGLE,RAINING,WET,DAYLIGHT,TRAFFIC SIGNAL,NONE DETECTED,,8AB47C41-483E-4E2A-9BAE-F714BF19A284,No,POSSIBLE INJURY,"RAIN, SNOW, WET",NOT DISTRACTED,MD,EC07DA96-45AC-4B5F-A6B2-784F8A92172D,DISABLING,TWELVE OCLOCK,PASSENGER CAR,STARTING FROM LANE,East,45,No,No,2010,FORD,FOCUS,39.20230517,-77.24580517,"(39.20230517, -77.24580517)"
MCP3069000B,170534126,Montgomery County Police,Property Damage Crash,10/01/2017 04:57:00 AM,Maryland (State),OLD GEORGETOWN RD,WOODMONT AVE,,N/A,,SINGLE VEHICLE,CLEAR,DRY,DARK LIGHTS ON,TRAFFIC SIGNAL,ALCOHOL CONTRIBUTED,,717D679B-B08B-4449-B237-605CD864E805,Yes,NO APPARENT INJURY,N/A,UNKNOWN,NY,64BA61BC-6A07-4DFC-82FB-5E9700B27A77,DISABLING,UNDERSIDE,PASSENGER CAR,MOVING CONSTANT SPEED,South,25,No,No,2007,HONDA,CIVIC,38.98616697,-77.09663272,"(38.98616697, -77.09663272)"
MCP3019000V,170506557,Montgomery County Police,Injury Crash,05/08/2017 11:09:00 AM,Maryland (State),ROCKVILLE PIKE,BELLEVUE DR,,N/A,,HEAD ON LEFT TURN,CLEAR,DRY,DAYLIGHT,TRAFFIC SIGNAL,NONE DETECTED,,3D25D948-C8FE-44F1-A2CA-7B2B68A9A7C3,No,NO APPARENT INJURY,N/A,NOT DISTRACTED,WA,1E15D3BC-94EB-4862-A976-B3E18C389528,DISABLING,ELEVEN OCLOCK,PASSENGER CAR,MOVING CONSTANT SPEED,North,45,No,No,2006,TOYOTA,SIENNA,39.01292754,-77.09853172,"(39.01292754, -77.09853172)"
MCP25040016,16009297,Montgomery County Police,Property Damage Crash,02/24/2016 07:10:00 PM,County,TUCKERMAN LA,ANGUS PL,,N/A,,STRAIGHT MOVEMENT ANGLE,RAINING,WET,DARK LIGHTS ON,TRAFFIC SIGNAL,NONE DETECTED,,92E7792C-D588-4951-A823-623692E630A6,No,NO APPARENT INJURY,"RAIN, SNOW, WET",NOT DISTRACTED,FL,55F4EFD3-5A51-4B70-98E8-CE0B015E73E8,FUNCTIONAL,TWELVE OCLOCK,(SPORT) UTILITY VEHICLE,MOVING CONSTANT SPEED,West,35,No,No,2013,FORD,EDGE,39.04002167,-77.15716167,"(39.04002167, -77.15716167)"
EJ78520022,180036332,Gaithersburg Police Depar,Injury Crash,07/22/2018 09:25:00 PM,County,MUDDY BRANCH RD,W DEER PARK RD,,GAITHERSBURG,,HEAD ON LEFT TURN,RAINING,WET,DARK LIGHTS ON,TRAFFIC SIGNAL,N/A,,FDC32DE0-7E12-4A33-B213-25DB8696D2F5,Yes,NO APPARENT INJURY,"RAIN, SNOW, WET",UNKNOWN,MD,8F8181AE-46F2-47DD-BB1A-67D489F11B0F,FUNCTIONAL,TWO OCLOCK,PASSENGER CAR,MAKING LEFT TURN,South,40,No,No,2001,TOYOTA,CAMRY,39.13475833,-77.20572667,"(39.13475833, -77.20572667)"
MCP29160031,240041048,MONTGOMERY,Property Damage Crash,08/30/2024 09:30:00 AM,Private Route,,QUEEN MARY DR,,,,"Sideswipe, Opposite Direction",Cloudy,Wet,Daylight,No Controls,"Not Suspect of Alcohol Use, Not Suspect of Drug Use",,45758A8E-D28A-4BCC-B2F6-E239CB2490D6,No,No Apparent Injury,Over-Correcting/Over-Steering,Not Distracted,MD,58E6F1DA-36D8-4532-88E8-451FDDC21ACC,Superficial,Four O Clock,Bus - School,Turning Left,Eastbound,15,No,No,2020,THOMAS BUILT,SCHOOL BUS,39.14858172,-77.06800511,"(39.14858172, -77.06800511)"
MCP2963001J,180009692,Montgomery County Police,Property Damage Crash,02/25/2018 01:54:00 AM,US (State),GEORGIA AVE,WASH DC LINE,,N/A,,SAME DIR REAR END,N/A,WET,DARK LIGHTS ON,NO CONTROLS,NONE DETECTED,,3351A7D9-0A41-4D34-BEC3-FA4C15F6D737,No,NO APPARENT INJURY,N/A,NOT DISTRACTED,VA,07876D33-8662-4828-83A4-009508D3F0F9,SUPERFICIAL,SIX OCLOCK,PASSENGER CAR,SLOWING OR STOPPING,South,35,No,No,2016,HONDA,4DR,38.98502167,-77.02670167,"(38.98502167, -77.02670167)"
MCP209400B2,180011928,Montgomery County Police,Injury Crash,03/09/2018 11:01:00 AM,Maryland (State),RIVER RD,WILSON LA,,N/A,,SAME DIR REAR END,CLEAR,DRY,DAYLIGHT,TRAFFIC SIGNAL,NONE DETECTED,,3E10C1BA-6D40-4FDF-B4B6-07A4ECFE0945,Yes,NO APPARENT INJURY,N/A,NOT DISTRACTED,MD,1BF4050F-DA96-431A-96A2-58E43995456D,FUNCTIONAL,TWELVE OCLOCK,"MEDIUM/HEAVY TRUCKS 3 AXLES (OVER 10,000LBS (4,536KG))",SLOWING OR STOPPING,West,45,No,No,2008,INTERNATINAL,7600,38.982596,-77.13661483,"(38.982596, -77.13661483)"
MCP2603003W,220009771,Montgomery County Police,Property Damage Crash,03/07/2022 10:17:00 AM,Maryland (State),MIDCOUNTY HWY,MONTGOMERY VILLAGE AVE,,N/A,,SAME DIR REAR END,N/A,DRY,DAYLIGHT,N/A,N/A,,FF1B697E-83ED-40BA-B3F2-EE7D4DFF0D0B,No,NO APPARENT INJURY,N/A,NOT DISTRACTED,MD,9440FB02-CAF0-4076-9122-272AE74CC6B3,DISABLING,SEVEN OCLOCK,PASSENGER CAR,SLOWING OR STOPPING,North,45,No,No,2007,SUZI,TK,39.15973833,-77.20009833,"(39.15973833, -77.20009833)"
MCP23510062,250006185,MONTGOMERY,Property Damage Crash,02/11/2025 11:25:00 AM,County Route,TUCKERMAN LA,,,,,"Sideswipe, Same Direction",Cloudy,Dry,Daylight,No Controls,"Not Suspect of Alcohol Use, Not Suspect of Drug Use",,9267E831-2BFA-411C-863A-FD4DE158CD0A,No,No Apparent Injury,,Not Distracted,MD,4B2025D1-FA23-4967-A55D-473D5E8210D1,Disabling,Two O Clock,Bus - School,Moving Constant Speed,Westbound,35,No,No,2019,FREIGHTLINER,B2 BUS CHASSIS,39.04083029,-77.17426517,"(39.04083029, -77.17426517)"
EJ7829006C,190055169,Gaithersburg Police Depar,Injury Crash,11/15/2019 05:30:00 PM,Maryland (State),W DIAMOND AVE,RAMP 7 FR MD 117 WB TO RAMP 6 (TO IS270),,N/A,,SAME DIRECTION SIDESWIPE,CLEAR,DRY,DARK LIGHTS ON,NO CONTROLS,NONE DETECTED,,B16CD287-1F1D-4AA2-B84D-30F4854F8F68,No,POSSIBLE INJURY,N/A,NOT DISTRACTED,MD,2258FD05-963E-4539-93AA-DBE0CC4C1644,SUPERFICIAL,TEN OCLOCK,PASSENGER CAR,MOVING CONSTANT SPEED,East,35,No,No,2006,SUBU,SUV,39.14055193,-77.21258268,"(39.14055193, -77.21258268)"
DM8499000M,210041310,Takoma Park Police Depart,Property Damage Crash,10/15/2021 09:47:00 AM,Maryland (State),CARROLL AVE,LEE AVE,,TAKOMA PARK,PEDESTRIAN,SAME DIR REAR END,CLEAR,DRY,DAYLIGHT,N/A,N/A,NONE DETECTED,B7DDDBD0-99A6-42CF-AD48-08858B0B99C2,No,NO APPARENT INJURY,N/A,NOT DISTRACTED,MD,800D65A8-9D99-4F57-8D8F-2768F1DB30DE,FUNCTIONAL,SIX OCLOCK,PASSENGER CAR,SLOWING OR STOPPING,North,25,No,No,2015,HONDA,CIVIC,38.97889493,-77.00540601,"(38.97889493, -77.00540601)"
MCP2598002R,190017926,Montgomery County Police,Property Damage Crash,04/17/2019 07:17:00 AM,County,BRIGGS CHANEY RD,ROBEY RD,,N/A,,STRAIGHT MOVEMENT ANGLE,CLEAR,DRY,DAYLIGHT,STOP SIGN,NONE DETECTED,,47F01A65-690F-4DF7-8130-78B16421526A,No,NO APPARENT INJURY,N/A,NOT DISTRACTED,MD,3D9E8B04-ACDB-4D06-8250-FB136EB198D0,SUPERFICIAL,SEVEN OCLOCK,TRANSIT BUS,MOVING CONSTANT SPEED,East,35,No,No,2014,NABI,BU,39.07924167,-76.94512833,"(39.07924167, -76.94512833)"
MCP28460033,170514518,Montgomery County Police,Property Damage Crash,06/19/2017 12:16:00 PM,County,GAIL ST,VEIRS MILL SERV RD,,N/A,,OTHER,CLEAR,DRY,DAYLIGHT,NO CONTROLS,NONE DETECTED,,B5AAEDE9-3015-4DBC-B2B9-B3201D2DC89B,Yes,NO APPARENT INJURY,N/A,LOOKED BUT DID NOT SEE,MD,D173BD5F-77B1-4F08-93D1-6C2C4CD02560,FUNCTIONAL,EIGHT OCLOCK,PASSENGER CAR,BACKING,East,15,No,No,2002,TOYT,4S,39.0492678,-77.07073867,"(39.0492678, -77.07073867)"