Report Number,Local Case Number,Agency Name,ACRS Report Type,Crash Date/Time,Route Type,Road Name,Cross-Street Name,Off-Road Description,Municipality,Related Non-Motorist,Collision Type,Weather,Surface Condition,Light,Traffic Control,Driver Substance Abuse,Non-Motorist Substance Abuse,Person ID,Driver At Fault,Injury Severity,Circumstance,Driver Distracted By,Drivers License State,Vehicle ID,Vehicle Damage Extent,Vehicle First Impact Location,Vehicle Body Type,Vehicle Movement,Vehicle Going Dir,Speed Limit,Driverless Vehicle,Parked Vehicle,Vehicle Year,Vehicle Make,Vehicle Model,Latitude,Longitude,Location
MCP30750023,190006593,Montgomery County Police,Injury Crash,02/10/2019 09:43:00 PM,County,GERMANTOWN RD,SHAKESPEARE BLVD,,N/A,,OTHER,SNOW,WET,DARK LIGHTS ON,STOP SIGN,NONE DETECTED,,C97E625B-8FD4-4A02-A6B9-646FA7BF9D03,Yes,NO APPARENT INJURY,"RAIN, SNOW, WET",LOOKED BUT DID NOT SEE,MD,D92ACB56-EAD5-405F-A3AD-4108DCB31EA2,SUPERFICIAL,TWELVE OCLOCK,"CARGO VAN/LIGHT TRUCK 2 AXLES (OVER 10,000LBS (4,536 KG))",MAKING LEFT TURN,East,35,No,No,2016,FORD,E350,39.19294667,-77.23881333,"(39.19294667, -77.23881333)"
MCP31610021,190058896,Montgomery County Police,Injury Crash,12/06/2019 06:13:00 PM,Maryland (State),CONNECTICUT AVE,PERRY AVE,,KENSINGTON,,SAME DIR REAR END,CLEAR,DRY,DARK LIGHTS ON,TRAFFIC SIGNAL,NONE DETECTED,,DCF6775C-B423-4B4F-8B0C-9F7BCCA64767,Yes,POSSIBLE INJURY,N/A,UNKNOWN,MD,5B0CE031-ABCD-4BFC-B4EC-0305B1AC9201,DISABLING,TWELVE OCLOCK,PASSENGER CAR,UNKNOWN,South,35,No,No,1992,TOYOTA,COROLLA,39.03330667,-77.07506833,"(39.03330667, -77.07506833)"
MCP3044005Z,220049139,Montgomery County Police,Injury Crash,11/07/2022 04:05:00 PM,Maryland (State),CHERRY HILL RD,PROSPERITY DR,,N/A,,SAME DIR REAR END,CLEAR,DRY,DAYLIGHT,TRAFFIC SIGNAL,NONE DETECTED,,38166652-9C42-4692-9B9D-B4E5F348FDD8,No,POSSIBLE INJURY,N/A,NOT DISTRACTED,MD,72259DD5-45EF-44FF-AC64-A25CDF3BC21B,FUNCTIONAL,SIX OCLOCK,PASSENGER CAR,SLOWING OR STOPPING,North,15,No,No,2016,FORD,EDGE,39.06166333,-76.96065333,"(39.06166333, -76.96065333)"
DD5606004R,180005849,Rockville Police Departme,Property Damage Crash,02/03/2018 04:27:00 AM,Municipality,HIGHWOOD RD,HENRY RD,,ROCKVILLE,,SINGLE VEHICLE,CLEAR,DRY,DARK NO LIGHTS,NO CONTROLS,ALCOHOL PRESENT,,2B11B746-2005-40BF-9D53-512B3E1B5B30,Yes,NO APPARENT INJURY,N/A,NOT DISTRACTED,MD,4B27848E-D6F3-4C70-9EB7-4CA4F7B65364,DISABLING,TWELVE OCLOCK,PASSENGER CAR,UNKNOWN,South,25,No,No,2010,TOYT,4S,39.07271137,-77.12846518,"(39.07271137, -77.12846518)"
MCP29660036,170526228,Montgomery County Police,Injury Crash,08/22/2017 03:30:00 PM,County,WELLER RD,ATHERTON DR,,N/A,,STRAIGHT MOVEMENT ANGLE,OTHER,DRY,N/A,NO CONTROLS,N/A,,B00DC9E5-3D39-41C7-8C4E-4E181B8B60E3,No,POSSIBLE INJURY,N/A,NOT DISTRACTED,MD,AF086C35-22DC-4DD8-98B6-A9457152FC2A,FUNCTIONAL,TEN OCLOCK,PASSENGER CAR,MOVING CONSTANT SPEED,East,35,No,No,2004,MAZD,4S,39.06249667,-77.07541,"(39.06249667, -77.07541)"
DD5612001W,180000381,Rockville Police Departme,Property Damage Crash,01/03/2018 10:34:00 AM,Maryland (State),HUNGERFORD DR,FREDERICK AVE #2,,ROCKVILLE,,SAME DIRECTION SIDESWIPE,CLEAR,DRY,DAYLIGHT,TRAFFIC SIGNAL,NONE DETECTED,,9E44CDCC-2565-4712-9097-F19017CC0ED1,Yes,NO APPARENT INJURY,N/A,NOT DISTRACTED,PA,312BC5D9-5514-48A6-B6C1-823939E88B21,SUPERFICIAL,TWO OCLOCK,"OTHER LIGHT TRUCKS (10,000LBS (4,536KG) OR LESS)",MAKING LEFT TURN,West,35,No,No,2014,HINO,TK,39.09410817,-77.15329438,"(39.09410817, -77.15329438)"
MCP1382004F,180044999,Montgomery County Police,Property Damage Crash,09/09/2018 08:52:00 AM,Maryland (State),GEORGIA AVE,RAMP 7 FR RAMP 2 (FR IS 495) TO MD 97 SB,,N/A,,STRAIGHT MOVEMENT ANGLE,RAINING,WET,DAYLIGHT,TRAFFIC SIGNAL,NONE DETECTED,,2F74972C-541F-455C-944E-21ED5DA0F53C,No,NO APPARENT INJURY,N/A,NOT DISTRACTED,MD,47AD9CAD-FB84-430A-B36D-4C19DAE026FB,FUNCTIONAL,EIGHT OCLOCK,PASSENGER CAR,MAKING LEFT TURN,West,35,No,No,2006,TOYOTA,COROLLA,39.01371167,-77.04195833,"(39.01371167, -77.04195833)"
MCP30510060,220051091,Montgomery County Police,Property Damage Crash,11/18/2022 06:50:00 PM,County,NICHOLSON LA,WOODGLEN DR,,N/A,,SAME DIRECTION SIDESWIPE,CLEAR,DRY,DARK LIGHTS ON,TRAFFIC SIGNAL,NONE DETECTED,,642F0633-3D90-4ECA-A9CA-89D1FAFAC54E,No,NO APPARENT INJURY,N/A,NOT DISTRACTED,MD,E4C392BF-C67F-4A52-8187-217E711C0A55,SUPERFICIAL,FOUR OCLOCK,"MEDIUM/HEAVY TRUCKS 3 AXLES (OVER 10,000LBS (4,536KG))",MOVING CONSTANT SPEED,East,35,No,No,2020,FREIGHTLINER,SPCO,39.044495,-77.11315167,"(39.044495, -77.11315167)"
MCP29290013,15060590,MONTGOMERY,Property Damage Crash,11/27/2015 11:33:00 AM,Maryland (State),GEORGIA AVE,INTERCOUNTY CONNECTOR,,N/A,,SAME DIR REAR END,CLEAR,DRY,DAYLIGHT,TRAFFIC SIGNAL,NONE DETECTED,,03764872-94A8-4254-8A00-C1C7C99FD453,No,NO APPARENT INJURY,N/A,NOT DISTRACTED,MD,8E299254-AE1C-4314-9291-54D4F4EBBBA8,FUNCTIONAL,SIX OCLOCK,PASSENGER CAR,STOPPED IN TRAFFIC LANE,South,50,No,No,2014,FORD,ESCAPE,39.15168167,-77.05061667,"(39.15168167, -77.05061667)"
HA23880007,16000554,Maryland-National Capital,Property Damage Crash,05/13/2016 08:31:00 AM,,,,ASHTON VILLAGE CENTER PARKING LOT AT ROUTE 108 AND NEW HAMPSHIRE AVE,,,OTHER,RAINING,,DAYLIGHT,N/A,NONE DETECTED,,FA20A0FF-32F8-4960-8D65-61151DCB18AB,Yes,NO APPARENT INJURY,"N/A, RAIN, SNOW",UNKNOWN,MD,4094422A-E62A-4CF4-BA50-B0271572C00D,SUPERFICIAL,ELEVEN OCLOCK,PASSENGER CAR,MAKING RIGHT TURN,North,10,No,No,2000,BMW,323I,39.14982346,-77.01334476,"(39.14982346, -77.01334476)"
MCP13090034,190062160,Montgomery County Police,Property Damage Crash,12/26/2019 02:09:00 PM,Maryland (State),FREDERICK RD,BRINK RD,,N/A,,OPPOSITE DIRECTION SIDESWIPE,CLEAR,DRY,DAYLIGHT,NO CONTROLS,NONE DETECTED,,387E393B-3D09-45C7-BFFF-9A3E9310183C,No,NO APPARENT INJURY,"N/A, ROAD UNDER CONSTRUCTION/MAINTENANCE",NOT DISTRACTED,MD,0A6D0DC5-58AA-41EE-988A-CBD6D9D06C21,DISABLING,EIGHT OCLOCK,PASSENGER CAR,MOVING CONSTANT SPEED,North,30,No,No,2015,MERZ,4S,39.21353167,-77.24897233,"(39.21353167, -77.24897233)"
MCP28660047,170541508,Montgomery County Police,Property Damage Crash,11/07/2017 03:37:00 PM,County,STRATFORD RD,DE RUSSEY PKWY,,N/A,,STRAIGHT MOVEMENT ANGLE,RAINING,WET,DAYLIGHT,STOP SIGN,NONE DETECTED,,388AC789-91BF-45ED-8F54-1EFE6B846264,Yes,NO APPARENT INJURY,"RAIN, SNOW, WET",UNKNOWN,MD,5D078BB6-7C3D-4779-B048-D8B33800559F,DISABLING,ONE OCLOCK,PASSENGER CAR,ACCELERATING,West,25,No,No,2015,ACURA,MDX,38.97227833,-77.09250833,"(38.97227833, -77.09250833)"
MCP1563006T,210033270,Montgomery County Police,Property Damage Crash,08/26/2021 07:38:00 AM,Maryland (State),CONNECTICUT AVE,BRADLEY LA,,CHEVY CHASE VILLAGE,,SAME DIR REAR END,CLOUDY,DRY,DAYLIGHT,NO CONTROLS,NONE DETECTED,,987103BE-036B-4DA9-9FA6-34CE5CB62605,No,NO APPARENT INJURY,N/A,NOT DISTRACTED,MD,83FC12CC-1C33-44F6-A6B1-CF76D8D7FF24,SUPERFICIAL,SIX OCLOCK,PASSENGER CAR,SLOWING OR STOPPING,North,30,No,No,2013,HONDA,CIVIC,38.97733833,-77.07707167,"(38.97733833, -77.07707167)"
MCP2848009F,200021013,Montgomery County Police,Property Damage Crash,05/27/2020 11:19:00 AM,County,FOREST GLEN RD,SEMINARY RD,,N/A,,SAME DIRECTION LEFT TURN,CLEAR,DRY,DAYLIGHT,TRAFFIC SIGNAL,NONE DETECTED,,A395FC62-A8B4-4148-A60E-478B281445C1,No,NO APPARENT INJURY,N/A,NOT DISTRACTED,MD,2E07D880-7AB8-490A-A69E-3CE23F4C6ECF,FUNCTIONAL,TWELVE OCLOCK,PASSENGER CAR,MAKING LEFT TURN,South,35,No,No,2016,CHEVROLET,SONIC,39.0149342,-77.0552055,"(39.0149342, -77.0552055)"
MCP29690092,200017347,Montgomery County Police,Property Damage Crash,04/27/2020 12:29:00 PM,County,BROOM DR,WICKHAM RD,,N/A,,HEAD ON,CLEAR,DRY,DAYLIGHT,NO CONTROLS,NONE DETECTED,,345E4086-35D1-417B-B49B-46AAC100BA11,Yes,NO APPARENT INJURY,N/A,UNKNOWN,MD,85C6E875-5826-471B-AE5C-8FCD1AF5D0F9,DISABLING,TWELVE OCLOCK,PASSENGER CAR,MOVING CONSTANT SPEED,West,30,No,No,2007,TOYOTA,SOLARA,39.15670167,-77.09524167,"(39.15670167, -77.09524167)"
MCP3105005M,240053912,MONTGOMERY,Property Damage Crash,11/10/2024 01:33:00 AM,County Route,CENTURY BLVD,AIRCRAFT DR,,,,Angle,Clear,Dry,Dark - Lighted,Flashing Traffic Control Signal,"Suspect of Alcohol Use, Not Suspect of Drug Use",,E4C39C39-1126-4A95-AAED-3C623DA7E33C,No,No Apparent Injury,Disregarded Other Traffic Sign,Unknown,MD,D6A75803-9286-4174-9276-5C99E95939BF,Functional,Nine O Clock,Passenger Car,Moving Constant Speed,Southbound,20,No,No,2014,TOYOTA,COROLLA,39.1840116,-77.26175649,"(39.1840116, -77.26175649)"
MCP2875007Y,230071586,Montgomery County Police,Property Damage Crash,12/13/2023 08:41:00 PM,Maryland (State),RIDGE RD,KAKAE DR,,N/A,,SAME DIR REAR END,CLEAR,DRY,DARK LIGHTS ON,NO CONTROLS,NONE DETECTED,,10763C21-3F23-4118-A841-5A0EAB03C16A,No,NO APPARENT INJURY,N/A,NOT DISTRACTED,MD,ED425292-E789-4DA2-931E-5948D5EBFE6F,DESTROYED,SIX OCLOCK,PASSENGER CAR,ACCELERATING,North,40,No,No,2004,TOYOTA,CAMRY,39.25580167,-77.22655,"(39.25580167, -77.22655)"
MCP0036005R,17008366,Montgomery County Police,Injury Crash,02/16/2017 06:50:00 AM,Maryland (State),DICKERSON RD,MOUTH OF MONOCACY RD,,N/A,,STRAIGHT MOVEMENT ANGLE,CLEAR,DRY,DAWN,NO CONTROLS,NONE DETECTED,,02ABB231-9C05-44D3-89B4-0F77FC1EC5F5,No,POSSIBLE INJURY,N/A,NOT DISTRACTED,MD,EE8FD609-A87D-4603-BECB-3410EAF4F005,DISABLING,TWELVE OCLOCK,PASSENGER CAR,MOVING CONSTANT SPEED,West,30,No,No,1996,HONDA,SW,39.22451667,-77.42626,"(39.22451667, -77.42626)"
MCP271700F9,170547913,Montgomery County Police,Property Damage Crash,12/11/2017 03:00:00 PM,Maryland (State),ROCKVILLE PIKE,OLD GEORGETOWN RD,,N/A,,SAME DIRECTION SIDESWIPE,CLEAR,DRY,DAYLIGHT,TRAFFIC SIGNAL,NONE DETECTED,,1A8C8092-6DB1-40DB-B45B-4460332F59C0,Yes,NO APPARENT INJURY,N/A,LOOKED BUT DID NOT SEE,MD,4F32185B-E147-49EF-AB1F-11B08716CA7A,SUPERFICIAL,EIGHT OCLOCK,SCHOOL BUS,MAKING LEFT TURN,East,35,No,No,2012,THOMAS BUILT,SCHOOL BUS,39.04978117,-77.1142555,"(39.04978117, -77.1142555)"
MCP1443000V,240003207,MONTGOMERY,Property Damage Crash,01/21/2024 03:32:00 PM,Municipality Route,WATKINS MILL RD (SB/L),,,,,Rear To Side,Clear,Dry,Daylight,Stop Sign,"Not Suspect of Alcohol Use, Not Suspect of Drug Use",,D94724F3-DB61-43BE-B81A-32C59FCAF49E,No,No Apparent Injury,,Not Distracted,MD,FC14D7B8-1986-4DB2-8A37-EA235B9403A8,Disabling,Twelve O Clock,Sport Utility Vehicle,Turning Left,Southbound,35,No,No,2015,NISSAN,ROGUE,39.16198855,-77.21452467,"(39.16198855, -77.21452467)"
MCP2897000W,16034073,Montgomery County Police,Property Damage Crash,07/05/2016 08:08:00 PM,County,LITTLE SENECA PKWY,FREDERICK RD,,N/A,,SAME DIR REAR END,N/A,DRY,DARK NO LIGHTS,NO CONTROLS,NONE DETECTED,,F7E42295-8A70-43C2-BDE9-B0423112002B,Yes,NO APPARENT INJURY,N/A,DISTRACTED BY OUTSIDE PERSON OBJECT OR EVENT,MD,669FC036-3C7C-4996-8256-DEC40E1A8040,FUNCTIONAL,TWELVE OCLOCK,PASSENGER CAR,MOVING CONSTANT SPEED,East,40,No,No,2013,AUDI,4S,39.23197333,-77.24802333,"(39.23197333, -77.24802333)"
DD5641000F,200009915,Rockville Police Departme,Injury Crash,02/28/2020 01:45:00 PM,Maryland (State),HUNGERFORD DR,COLLEGE PKWY,,ROCKVILLE,,STRAIGHT MOVEMENT ANGLE,N/A,DRY,DAYLIGHT,TRAFFIC SIGNAL,NONE DETECTED,,F9D2986B-447B-4805-92C0-EF0FB301A725,Yes,SUSPECTED MINOR INJURY,N/A,NOT DISTRACTED,MD,545297C2-60F3-4771-B113-C88755787461,DISABLING,TWELVE OCLOCK,PASSENGER CAR,MOVING CONSTANT SPEED,South,40,No,No,2012,NISSAN,SENTRA,39.103265,-77.155805,"(39.103265, -77.155805)"
MCP3160003N,220031261,Montgomery County Police,Property Damage Crash,07/20/2022 03:00:00 PM,Maryland (State),WISCONSIN AVE,SOMERSET TERRACE,,N/A,,SAME DIRECTION SIDESWIPE,CLEAR,DRY,DAYLIGHT,NO CONTROLS,NONE DETECTED,,E4232EEF-4F86-4739-8397-ABAB759EBD20,No,NO APPARENT INJURY,N/A,NOT DISTRACTED,MD,CF9ED49B-1C5C-4B5D-B94D-A785DCC162FF,DISABLING,ONE OCLOCK,PASSENGER CAR,MOVING CONSTANT SPEED,North,30,No,No,2013,TOYOTA,PRIUS,38.994555,-77.10861333,"(38.994555, -77.10861333)"
HA2372000Z,19000065,Maryland-National Capital,Property Damage Crash,01/08/2019 02:09:00 PM,Government,SLIGO CREEK PKWY,COLESVILLE RD,,N/A,,SAME DIR REAR END,N/A,DRY,DAYLIGHT,TRAFFIC SIGNAL,NONE DETECTED,,3BD82B7F-04FD-45BF-994E-644F11811114,Yes,NO APPARENT INJURY,N/A,NOT DISTRACTED,MD,00C89B11-DC6F-4834-90AB-33973E3E0A8F,FUNCTIONAL,TWELVE OCLOCK,PASSENGER CAR,ACCELERATING,South,25,No,No,2000,TOYT,4S,39.00776082,-77.02023795,"(39.00776082, -77.02023795)"
MCP34260011,250005506,MONTGOMERY,Property Damage Crash,02/06/2025 06:06:00 PM,Maryland (State) Route,RIVER RD,,,,,Front to Rear,Clear,Dry,Dark - Lighted,Traffic Control Signal,"Not Suspect of Alcohol Use, Not Suspect of Drug Use",,3F734D6D-8097-4BC3-8AB7-EAE00A9A1876,No,No Apparent Injury,,Not Distracted,MD,8B678600-1785-4297-98AD-8DAE65370C27,Functional,Six O Clock,Passenger Car,Stopped in Traffic,Northbound,30,No,No,2017,TOYOTA,RAV4,38.96017676,-77.09655585,"(38.96017676, -77.09655585)"
MCP2583001X,210046740,Montgomery County Police,Property Damage Crash,11/17/2021 08:40:00 PM,Maryland (State),RIVER RD,SPRINGRIDGE RD,,N/A,,SINGLE VEHICLE,CLEAR,DRY,DARK LIGHTS ON,N/A,ALCOHOL CONTRIBUTED,,2A485869-6879-497F-AD36-29C9378A7B5D,Yes,NO APPARENT INJURY,N/A,UNKNOWN,TX,BFBA22DB-4289-4C55-84A4-4AFF606930B7,DESTROYED,ONE OCLOCK,PASSENGER CAR,OTHER,West,50,No,No,2019,TESLA,MODEL 3,39.048045,-77.26598,"(39.048045, -77.26598)"
DD5635000B,190001397,Rockville Police Departme,Injury Crash,01/09/2019 11:24:00 AM,Municipality,FLEET ST,MONROE ST,,ROCKVILLE,,STRAIGHT MOVEMENT ANGLE,CLEAR,DRY,DAYLIGHT,TRAFFIC SIGNAL,NONE DETECTED,,CC283FB9-8042-428C-ABDB-BD609040BCC6,Yes,NO APPARENT INJURY,N/A,NOT DISTRACTED,MD,8DF7EE72-AF95-45FF-9876-3BE4140EE463,DESTROYED,TWELVE OCLOCK,PASSENGER CAR,MOVING CONSTANT SPEED,West,25,No,No,2014,BMW,TK,39.080787,-77.14995967,"(39.080787, -77.14995967)"
MCP2753002J,170511337,Montgomery County Police,Property Damage Crash,06/02/2017 02:17:00 PM,County,RANDOLPH RD,ATHERTON DR,,N/A,,OTHER,CLEAR,DRY,DAYLIGHT,NO CONTROLS,NONE DETECTED,,9158216E-7177-4BD8-8C4A-C59EA68A93D0,Yes,NO APPARENT INJURY,N/A,NOT DISTRACTED,MD,DA3E4DC7-E932-413C-8759-1C8E9EC88596,FUNCTIONAL,SEVEN OCLOCK,SCHOOL BUS,MOVING CONSTANT SPEED,West,40,No,No,2014,THOM,BUS,39.05755833,-77.07675,"(39.05755833, -77.07675)"
MCP2591000F,15029808,Montgomery County Police,Property Damage Crash,06/18/2015 07:52:00 PM,County,MEADOWCROFT LA,DOOLITTLE ST,,N/A,,HEAD ON LEFT TURN,CLEAR,N/A,DAYLIGHT,N/A,N/A,,AE9FFD73-8ADD-411B-853C-9E0B29FBED27,Yes,NO APPARENT INJURY,N/A,UNKNOWN,MD,88A030CC-0ABA-4EDB-9EA0-3F49CC7A01A7,FUNCTIONAL,TWELVE OCLOCK,PASSENGER CAR,SLOWING OR STOPPING,North,25,No,No,2013,JEEP,WRANGLER,39.18441833,-77.20174,"(39.18441833, -77.20174)"
MCP2798006P,250015997,MONTGOMERY,Property Damage Crash,04/12/2025 06:00:00 PM,Maryland (State) Route,GERMANTOWN RD,CRYSTAL ROCK DR (SB/L),,,,"Sideswipe, Same Direction",Rain,Wet,Daylight,Traffic Control Signal,"Unknown, Unknown",,DC1984E2-B913-444B-8C04-71C464F0F76F,No,,,,,4CEC89F7-0BB5-463F-B8D9-8B685156B703,Vehicle Not at Scene,Vehicle Not at Scene,Passenger Car,,,40,No,No,2013,CHEVROLET,IMPALA,39.18095332,-77.26244478,"(39.18095332, -77.26244478)"
MCP3055000Y,180004014,Montgomery County Police,Property Damage Crash,01/24/2018 09:20:00 AM,County,CONNECTICUT AVE,GRAND PRE RD,,N/A,,OTHER,CLOUDY,DRY,DAYLIGHT,N/A,N/A,,52CE39F7-19BF-4A37-A09D-199B543387EE,No,NO APPARENT INJURY,N/A,NOT DISTRACTED,MD,FD35A53E-2243-467D-829B-9B77B96A4D36,SUPERFICIAL,TWO OCLOCK,PASSENGER CAR,MOVING CONSTANT SPEED,North,40,No,No,2002,CHRY,PT CRUISER,39.08675317,-77.07384065,"(39.08675317, -77.07384065)"
MCP3143001G,190036268,Montgomery County Police,Property Damage Crash,07/30/2019 10:00:00 AM,County,NICHOLSON CT,NICHOLSON LA,,N/A,,SAME DIRECTION SIDESWIPE,CLEAR,DRY,DAYLIGHT,NO CONTROLS,NONE DETECTED,,7C724FF6-4A82-4751-A9A8-E9B10DDF48AC,No,NO APPARENT INJURY,N/A,NOT DISTRACTED,MD,CE21CDA2-43E9-4E4A-B342-605D0CCD25B9,FUNCTIONAL,TEN OCLOCK,TRANSIT BUS,MOVING CONSTANT SPEED,North,35,No,No,2014,METRO,BUS,39.254215,-77.18547667,"(39.254215, -77.18547667)"
MCP1575008Y,190031326,Montgomery County Police,Property Damage Crash,07/01/2019 01:45:00 PM,County,NEEDWOOD RD,REDLAND RD,,N/A,,OTHER,CLEAR,DRY,DAYLIGHT,TRAFFIC SIGNAL,NONE DETECTED,,2680645B-355F-4008-A7D5-2E10D06332A6,Yes,NO APPARENT INJURY,N/A,NOT DISTRACTED,MD,9A8BD424-169A-47B2-AF44-497A6ED87183,SUPERFICIAL,SIX OCLOCK,"CARGO VAN/LIGHT TRUCK 2 AXLES (OVER 10,000LBS (4,536 KG))",BACKING,West,30,No,No,2014,HINO,TOW TK,39.124355,-77.15496833,"(39.124355, -77.15496833)"
MCP2291004M,200033353,Montgomery County Police,Property Damage Crash,08/26/2020 01:58:00 PM,Maryland (State),CONNECTICUT AVE,SPUR TO JONES BRIDGE RD,,N/A,,SAME DIRECTION SIDESWIPE,CLEAR,DRY,DAYLIGHT,NO CONTROLS,NONE DETECTED,,492B25A2-CCDC-4C34-A0C8-98D7984E8332,No,NO APPARENT INJURY,N/A,NOT DISTRACTED,MD,198D08D7-C48D-4B7F-A0F3-5493399E3D1F,SUPERFICIAL,THREE OCLOCK,TRANSIT BUS,MAKING RIGHT TURN,West,35,No,No,2014,NABI,TBU,39.00001303,-77.0767966,"(39.00001303, -77.0767966)"
MCP31920042,230047509,Montgomery County Police,Property Damage Crash,08/02/2023 06:26:00 PM,Maryland (State),GEORGIA AVE,ARCOLA AVE,,N/A,,SAME DIR REAR END,CLEAR,DRY,DAYLIGHT,TRAFFIC SIGNAL,UNKNOWN,,65142CE6-90D5-49D2-9BFF-8C6B73C83C67,Yes,NO APPARENT INJURY,N/A,UNKNOWN,,4BA0B54A-9B89-41A6-961E-0DFE018608B9,SUPERFICIAL,TWELVE OCLOCK,PASSENGER CAR,MOVING CONSTANT SPEED,North,35,No,No,2008,INFI,2D,39.0478,-77.0518,"(39.0478, -77.0518)"
MCP3268004K,240051607,MONTGOMERY,Property Damage Crash,10/28/2024 10:27:00 AM,County Route,TOURMALINE CT,E RANDOLPH RD E RANDOLPH RD (WB/L) WITHAN DR,,,,Rear To Side,Clear,Dry,Daylight,Stop Sign,"Not Suspect of Alcohol Use, Not Suspect of Drug Use",,753E8866-9937-4792-B794-B4CE0678D1B1,No,No Apparent Injury,,Not Distracted,MD,228B80F3-0736-457E-ADB3-7556C83B8A78,Superficial,Eleven O Clock,Pickup,Moving Constant Speed,,30,No,No,2004,FORD,F-150,39.06578007,-76.97363241,"(39.06578007, -76.97363241)"
MCP2651002K,190000759,Montgomery County Police,Injury Crash,01/05/2019 09:09:00 AM,Maryland (State),UNIVERSITY BLVD W,ROYALTON RD,,N/A,,STRAIGHT MOVEMENT ANGLE,RAINING,WET,DAYLIGHT,N/A,N/A,,7603BE42-624B-4A8A-8D07-F96AD717FD26,Yes,POSSIBLE INJURY,"RAIN, SNOW, WET",NOT DISTRACTED,MD,2B3FD7DD-3A01-4E07-A953-5BD4CFAB04C5,DISABLING,TWELVE OCLOCK,PASSENGER CAR,MOVING CONSTANT SPEED,East,35,No,No,2018,TOYOTA,COA,39.02411667,-77.01796833,"(39.02411667, -77.01796833)"
MCP3353001D,230046200,Montgomery County Police,Property Damage Crash,07/25/2023 01:10:00 PM,County,SHADY GROVE RD,DARNESTOWN RD,,N/A,,STRAIGHT MOVEMENT ANGLE,CLEAR,DRY,DAYLIGHT,TRAFFIC SIGNAL,N/A,,EDA6FDE8-E909-47BE-B4B8-9D582E9283A1,Yes,NO APPARENT INJURY,N/A,LOOKED BUT DID NOT SEE,MD,004B7E55-0E0A-47AF-940C-D6C95C0AAAAA,DISABLING,ONE OCLOCK,PASSENGER CAR,MAKING LEFT TURN,East,40,No,No,2020,NISSAN,TK,39.0931506,-77.19653287,"(39.0931506, -77.19653287)"
MCP32700007,200031587,Montgomery County Police,Property Damage Crash,08/13/2020 07:53:00 PM,,,,PARKING LOT IN FRONT OF 3509 SHEFFIELD MANOR,,,OTHER,CLEAR,,DAYLIGHT,N/A,N/A,,0975AC64-35D8-4D64-9226-A56CC649DE28,No,NO APPARENT INJURY,N/A,NOT DISTRACTED,MD,8D211E8B-EF08-480A-9F1A-19815001C932,SUPERFICIAL,THREE OCLOCK,PASSENGER CAR,PARKED,,5,No,Yes,2007,BMW,4S,39.08005467,-76.93388581,"(39.08005467, -76.93388581)"
MCP2353003M,17010839,Montgomery County Police,Property Damage Crash,03/01/2017 07:03:00 AM,County,PINEY MEETINGHOUSE RD,RIVER RD,,N/A,,SAME DIR REAR END,CLOUDY,WET,DAYLIGHT,TRAFFIC SIGNAL,NONE DETECTED,,E08980B9-9E7B-4EED-9515-A8DF08AB9F1A,No,NO APPARENT INJURY,"N/A, WET",NOT DISTRACTED,MD,C2917225-8358-4414-B002-263319827472,FUNCTIONAL,SIX OCLOCK,(SPORT) UTILITY VEHICLE,STOPPED IN TRAFFIC LANE,South,25,No,No,2015,CHEVROLET,EQUINOX,39.03251667,-77.23303167,"(39.03251667, -77.23303167)"
MCP1419001F,190020564,Montgomery County Police,Property Damage Crash,05/02/2019 08:35:00 AM,Maryland (State),KEY WEST AVE,CROSSOVER,,N/A,,SAME DIR REAR END,CLOUDY,DRY,DAYLIGHT,NO CONTROLS,NONE DETECTED,,086B9E12-E8E2-42D3-A99D-3ABF39B97F06,Yes,NO APPARENT INJURY,N/A,UNKNOWN,MD,86147AB9-C944-429E-BB09-B7C738261EAC,DISABLING,TWELVE OCLOCK,PASSENGER CAR,ACCELERATING,East,40,No,No,2010,HONDA,INSIGHT,39.10394167,-77.19257667,"(39.10394167, -77.19257667)"
MCP3312006G,250021949,MONTGOMERY,Injury Crash,05/18/2025 01:25:00 PM,US (State),COLUMBIA PIKE,,,,,Front to Rear,Clear,Dry,Daylight,No Controls,"Not Suspect of Alcohol Use, Not Suspect of Drug Use",,8A60FB6C-13D8-479E-9264-93984571B45D,No,No Apparent Injury,"Followed Too Closely, Too Fast For Conditions",Unknown,MD,0C110230-7601-4853-93A3-33125775928F,Disabling,Twelve O Clock,Passenger Car,Slowing or Stopping,Northbound,50,No,No,2012,FORD,FUSION,39.13159382,-76.9191614,"(39.13159382, -76.9191614)"
MCP29170035,180057390,Montgomery County Police,Injury Crash,11/15/2018 07:10:00 PM,Maryland (State),CONNECTICUT AVE,DEAN RD,,N/A,,HEAD ON LEFT TURN,RAINING,WET,DARK NO LIGHTS,NO CONTROLS,NONE DETECTED,,C6158DF0-3FE7-44FA-9C70-0AC855BAB242,No,SUSPECTED SERIOUS INJURY,"RAIN, SNOW, WET",NOT DISTRACTED,NJ,F09C5605-3A8A-44B3-B6F9-C04E2856E32C,DESTROYED,TWELVE OCLOCK,PASSENGER CAR,MOVING CONSTANT SPEED,North,45,No,No,2005,NISSAN,QUEST,39.06894731,-77.07546791,"(39.06894731, -77.07546791)"