Report Number,Local Case Number,Agency Name,ACRS Report Type,Crash Date/Time,Route Type,Road Name,Cross-Street Name,Off-Road Description,Municipality,Related Non-Motorist,Collision Type,Weather,Surface Condition,Light,Traffic Control,Driver Substance Abuse,Non-Motorist Substance Abuse,Person ID,Driver At Fault,Injury Severity,Circumstance,Driver Distracted By,Drivers License State,Vehicle ID,Vehicle Damage Extent,Vehicle First Impact Location,Vehicle Body Type,Vehicle Movement,Vehicle Going Dir,Speed Limit,Driverless Vehicle,Parked Vehicle,Vehicle Year,Vehicle Make,Vehicle Model,Latitude,Longitude,Location
MCP137800D1,16050808,Montgomery County Police,Injury Crash,10/03/2016 06:32:00 PM,Maryland (State),QUINCE ORCHARD RD,SPUR TO MD 355,,N/A,,SAME DIR REAR END,CLEAR,DRY,DUSK,NO CONTROLS,NONE DETECTED,,52FB4674-6E74-4D42-B734-B9EDF00C6D7E,No,NO APPARENT INJURY,N/A,NOT DISTRACTED,FL,EAED759C-2274-4F0A-BCDD-EA8E5CC83EF5,FUNCTIONAL,SIX OCLOCK,VAN,SLOWING OR STOPPING,North,35,No,No,2016,CHRYSLER,TOWN AND COUNTRY,39.1512046,-77.21366018,"(39.1512046, -77.21366018)"
MCP9442000L,16053542,Montgomery County Police,Injury Crash,10/18/2016 11:35:00 AM,Maryland (State),MONTGOMERY VILLAGE AVE,LOST KNIFE RD,,N/A,,SAME DIR REAR END,CLEAR,DRY,DAYLIGHT,TRAFFIC SIGNAL,NONE DETECTED,,B11E9CB8-9207-4BCC-81F2-BD34629A4076,No,SUSPECTED MINOR INJURY,N/A,NOT DISTRACTED,MD,B4B78E40-5307-406C-8EC1-B7AAE02066C9,DISABLING,SIX OCLOCK,PASSENGER CAR,SLOWING OR STOPPING,North,35,No,No,2013,FORD,ESCAPE,39.15775,-77.20455167,"(39.15775, -77.20455167)"
MCP2891001Z,16009248,Montgomery County Police,Property Damage Crash,02/24/2016 02:22:00 PM,Maryland (State),GEORGIA AVE,ARTHUR AVE,,N/A,,SAME DIRECTION SIDESWIPE,RAINING,WET,DAYLIGHT,N/A,NONE DETECTED,,EC77B68D-2313-43E0-AEC3-DE760720A0B7,No,NO APPARENT INJURY,"RAIN, SNOW, WET",NOT DISTRACTED,DC,C55E01A1-86BB-4C02-A8AE-93D1681EF5EA,DISABLING,ELEVEN OCLOCK,PASSENGER CAR,MOVING CONSTANT SPEED,South,35,No,No,2012,FORD,E350,39.01849,-77.04405333,"(39.01849, -77.04405333)"
MCP3073004R,200015545,Montgomery County Police,Property Damage Crash,04/09/2020 12:30:00 AM,County,DAUPHINE ST,PALMIRA LA,,N/A,,SAME DIRECTION SIDESWIPE,N/A,N/A,DARK LIGHTS ON,N/A,UNKNOWN,,2CA0B5B0-6F64-4FFB-9EFB-96FE67FBA374,Yes,NO APPARENT INJURY,N/A,UNKNOWN,MD,09CB7283-CB73-4D34-9238-6AD10B4B55CF,SUPERFICIAL,SEVEN OCLOCK,PASSENGER CAR,BACKING,North,25,No,No,2003,GMC,YUKON,39.075555,-77.07814667,"(39.075555, -77.07814667)"
MCP1064003Q,15062438,MONTGOMERY,Property Damage Crash,12/07/2015 09:11:00 AM,Maryland (State),NEW HAMPSHIRE AVE,POWDER MILL RD,,N/A,,SAME DIRECTION LEFT TURN,CLEAR,DRY,DAYLIGHT,TRAFFIC SIGNAL,N/A,,88055EC6-431A-496B-A4A5-DC8AA3EEBBF5,Yes,NO APPARENT INJURY,N/A,UNKNOWN,MD,6ED1C1C8-8892-4FC8-8CD2-0E8561799F06,SUPERFICIAL,ELEVEN OCLOCK,PASSENGER CAR,MAKING LEFT TURN,West,40,No,No,2013,HYUN,4S ACCENT,39.02214,-76.97763,"(39.02214, -76.97763)"
MCP23390049,19002380,Montgomery County Police,Property Damage Crash,05/16/2019 07:19:00 PM,Maryland (State),ROCKVILLE PIKE,BOU AVE,,N/A,,STRAIGHT MOVEMENT ANGLE,CLEAR,DRY,DUSK,TRAFFIC SIGNAL,NONE DETECTED,,D19B6D91-C0F1-46F4-9C81-FEBF630815A0,No,NO APPARENT INJURY,N/A,NOT DISTRACTED,MD,CC6AC871-E1EE-4FE5-B72D-8AE2126F7616,DISABLING,ELEVEN OCLOCK,PASSENGER CAR,MOVING CONSTANT SPEED,East,25,No,No,2017,HONDA,CRV,39.05627333,-77.11936833,"(39.05627333, -77.11936833)"
MCP20080066,190033010,Montgomery County Police,Injury Crash,07/11/2019 06:37:00 PM,Maryland (State),RIVER RD,FENWAY DR,,N/A,,SAME DIR REAR END,RAINING,WET,DAYLIGHT,NO CONTROLS,NONE DETECTED,,E9086563-7C07-499B-BFFE-37B828AA0900,Yes,POSSIBLE INJURY,"RAIN, SNOW, WET",NOT DISTRACTED,DC,169D9065-CFAC-489D-8462-751A3EFC7715,DISABLING,TWELVE OCLOCK,PASSENGER CAR,MOVING CONSTANT SPEED,East,35,No,No,2002,MAZD,PROTEGE,38.998945,-77.17392833,"(38.998945, -77.17392833)"
MCP3178000V,190028761,Montgomery County Police,Property Damage Crash,06/16/2019 12:57:00 PM,Maryland (State),NEW HAMPSHIRE AVE,NOTLEY RD,,N/A,PEDESTRIAN,SINGLE VEHICLE,CLEAR,DRY,DAYLIGHT,STOP SIGN,NONE DETECTED,NONE DETECTED,D6018DB8-DC99-47AE-BD22-CF7C65750930,Yes,NO APPARENT INJURY,N/A,OTHER DISTRACTION,MD,55061F9B-1018-4A02-99B3-93DB61111033,NO DAMAGE,ONE OCLOCK,PASSENGER CAR,MAKING RIGHT TURN,East,35,No,No,2016,TOYT,RAV 4,39.08078667,-77.001345,"(39.08078667, -77.001345)"
MCP30630017,180057152,Montgomery County Police,Property Damage Crash,11/14/2018 04:14:00 PM,County,CHERRY HILL RD,BROADBIRCH DR,,N/A,,HEAD ON LEFT TURN,CLEAR,N/A,DAYLIGHT,TRAFFIC SIGNAL,N/A,,86A0A138-65CA-4194-B22D-8C50499B16FC,No,NO APPARENT INJURY,N/A,NOT DISTRACTED,MD,7E06C028-C5B7-4D8E-8FB4-3FF802D701A2,DISABLING,TWELVE OCLOCK,PASSENGER CAR,MOVING CONSTANT SPEED,East,30,No,No,2008,TOYT,TK,39.05607833,-76.95460833,"(39.05607833, -76.95460833)"
MCP3126005P,240036339,MONTGOMERY,Injury Crash,08/01/2024 07:59:00 PM,County Route,MIDDLEBROOK RD (WB/L),,,,,"Sideswipe, Same Direction",Clear,Dry,Daylight,No Controls,"Unknown, Unknown",,6FCE2530-8417-4209-B62D-60F1659455CE,No,,"Operated Motor Vehicle in Inattentive, Careless, Negligent, or Erratic Manner, Operated Motor Vehicle in Reckless or Aggressive Manner",Unknown,,747951EA-AF91-4E7B-81B5-E009E2FD24D1,Vehicle Not at Scene,Vehicle Not at Scene,Passenger Car,Moving Constant Speed,Westbound,40,No,No,0,,,39.17403983,-77.25104783,"(39.17403983, -77.25104783)"
MCP2372002H,190053212,Montgomery County Police,Injury Crash,11/05/2019 08:25:00 AM,Municipality,MARYLAND AVE,FLEET ST,,ROCKVILLE,,SAME DIR REAR END,CLEAR,DRY,DAYLIGHT,TRAFFIC SIGNAL,NONE DETECTED,,FA3C3C0D-F10B-4ED1-8326-8D7708FD98DF,No,POSSIBLE INJURY,N/A,NOT DISTRACTED,MD,EA8B0F3C-2803-4E21-8754-252F29230BEE,NO DAMAGE,SIX OCLOCK,PASSENGER CAR,SLOWING OR STOPPING,East,25,No,No,1999,HOND,ACCORD,39.08092667,-77.151995,"(39.08092667, -77.151995)"
MCP2291002P,180014376,Montgomery County Police,Property Damage Crash,03/23/2018 02:18:00 PM,Maryland (State),ROCKVILLE PIKE,POOKS HILL RD,,N/A,,SAME DIR REAR END,CLEAR,DRY,DAYLIGHT,NO CONTROLS,NONE DETECTED,,31BCD4E9-A3B0-4093-82A9-DA8F7E17C568,No,NO APPARENT INJURY,N/A,NOT DISTRACTED,MD,157038CE-BC9D-4EED-AE86-96D44080AA27,SUPERFICIAL,SIX OCLOCK,PICKUP TRUCK,N/A,North,35,No,No,2016,DODGE,RAM 4X4,39.01578167,-77.09993167,"(39.01578167, -77.09993167)"
MCP2564000K,15049985,MONTGOMERY,Injury Crash,10/02/2015 03:46:00 PM,County,WATKINS MILL RD,COLTFIELD CT,,N/A,,SAME DIR REAR END,RAINING,WET,DAYLIGHT,NO CONTROLS,NONE DETECTED,,85FA7497-1410-4571-9C13-AA6827C20600,No,SUSPECTED MINOR INJURY,N/A,NOT DISTRACTED,MD,B02191C7-3C16-4895-8FA9-E1CEAA0F7DBC,FUNCTIONAL,SIX OCLOCK,PASSENGER CAR,SLOWING OR STOPPING,North,35,No,No,1995,TOYOTA,CAMRY,39.16811167,-77.21041,"(39.16811167, -77.21041)"
MCP2871009V,240014631,MONTGOMERY,Property Damage Crash,03/28/2024 02:16:00 PM,Local Route,GRAND PARK AVE,GRAND PARK AVE OLD GEORGETOWN RD (SB/L),,,,"Sideswipe, Opposite Direction",Cloudy,Dry,Daylight,Traffic Control Signal,"Not Suspect of Alcohol Use, Not Suspect of Drug Use",,495025B4-C220-411B-9043-D0936CF11E81,No,No Apparent Injury,,Not Distracted,MD,D07A36BF-1DA5-41DF-B5CB-8C7751BE39DF,Disabling,Four O Clock,Sport Utility Vehicle,Turning Left,,35,No,,2013,LEXUS,RX,39.04905833,-77.11699667,"(39.04905833, -77.11699667)"
DD5502004D,180028470,Rockville Police Departme,Property Damage Crash,06/09/2018 09:55:00 AM,Municipality,SOUTHLAWN LA,E GUDE DR,,N/A,,OTHER,CLEAR,DRY,DAYLIGHT,TRAFFIC SIGNAL,NONE DETECTED,,DE2F709F-5194-470B-8D1D-7DE85E13EE69,No,NO APPARENT INJURY,N/A,NOT DISTRACTED,MD,8E1F14B3-385C-431A-85E6-387395BEA607,DISABLING,TWELVE OCLOCK,PASSENGER CAR,MOVING CONSTANT SPEED,East,25,No,No,2015,AUDI,4S,39.09771,-77.136495,"(39.09771, -77.136495)"
EJ7809001X,200007305,Gaithersburg Police Depar,Property Damage Crash,02/13/2020 12:20:00 PM,,,,"438 ALLIED PL. GAITHERSBURG, MD. 20877 - PARKING GARAGE",,,OTHER,N/A,,DAYLIGHT,NO CONTROLS,NONE DETECTED,,FEBD42AE-EA04-46BE-BC70-1047D3B5600D,Yes,NO APPARENT INJURY,N/A,UNKNOWN,MD,1163FD48-A828-4B41-B2EA-C535FE9385A7,FUNCTIONAL,SIX OCLOCK,PASSENGER CAR,BACKING,South,15,No,No,2009,FORD,4S,39.15156793,-77.1910681,"(39.15156793, -77.1910681)"
MCP2195004W,220013016,Montgomery County Police,Property Damage Crash,03/26/2022 11:10:00 AM,County,REDLAND RD,FREDERICK RD,,N/A,,SAME DIR REAR END,CLEAR,DRY,DAYLIGHT,TRAFFIC SIGNAL,NONE DETECTED,,C649EC46-1104-4A71-ACB4-1449B8562641,Yes,NO APPARENT INJURY,N/A,INATTENTIVE OR LOST IN THOUGHT,MD,D7316EB1-F56E-4D13-9D92-827DBFC3B36C,SUPERFICIAL,TWELVE OCLOCK,VAN,STARTING FROM LANE,West,30,No,No,2016,TOYOTA,SIENNA,39.11597,-77.16585,"(39.11597, -77.16585)"
MCP3304001C,240005869,MONTGOMERY,Property Damage Crash,02/05/2024 11:45:00 PM,,,,Parking Stall        SIDEWALK IN FRONT OF 10512 WEYMOUTH ST.,,,Single Vehicle,Clear,,Dark - Lighted,,"Suspect of Alcohol Use, Not Suspect of Drug Use",,08A810CB-D8F4-4222-8388-CE7D703268E8,Yes,No Apparent Injury,"Failed to Keep in Proper Lane, Ran Off Roadway",Unknown,MD,798D2AF9-B060-4CF1-B52E-7981DF4D1E5B,Functional,Eleven O Clock,Pickup,,Not On Roadway,0,No,,2024,CHEVROLET,SILVERADO LD,39.03010431,-77.09610174,"(39.03010431, -77.09610174)"
MCP30400027,180024518,Montgomery County Police,Property Damage Crash,05/18/2018 10:00:00 PM,,,,PARKING LOT OF 1410 ELM GROVE CIRCLE,,,SAME DIR REAR END,RAINING,,DARK NO LIGHTS,N/A,ALCOHOL CONTRIBUTED,,521E2E55-E6B6-4A99-8DC6-68BD6D160D07,Yes,NO APPARENT INJURY,"RAIN, SNOW, WET",OTHER DISTRACTION,MD,4CAD2CF2-9352-4045-8C16-FB9C48C9D383,NO DAMAGE,TWELVE OCLOCK,PASSENGER CAR,SLOWING OR STOPPING,North,30,No,No,2000,TOYOTA,VAN,39.0947306,-76.98587894,"(39.0947306, -76.98587894)"
DD56030037,16052822,Rockville Police Departme,Property Damage Crash,10/14/2016 11:19:00 AM,Maryland (State),E JEFFERSON ST,MONROE ST,,ROCKVILLE,,OTHER,CLEAR,DRY,DAYLIGHT,TRAFFIC SIGNAL,NONE DETECTED,,2189BFD2-AFCF-4B88-9AA7-92C3CBE1C401,Yes,NO APPARENT INJURY,N/A,LOOKED BUT DID NOT SEE,MD,D0130352-F959-46F8-8592-B9270FD9F4A7,SUPERFICIAL,FOUR OCLOCK,TRANSIT BUS,MAKING LEFT TURN,East,30,No,No,2005,ORIO,BUS,39.08198127,-77.14925766,"(39.08198127, -77.14925766)"
MCP3221003D,240054415,MONTGOMERY,Property Damage Crash,11/12/2024 08:22:00 PM,,,,Driveway        ENTRANCE OF MCDC,,,Single Vehicle,Clear,,Dark - Lighted,,"Not Suspect of Alcohol Use, Not Suspect of Drug Use",,ADECF972-84D9-4433-A7AA-D53D48BF80B4,Yes,No Apparent Injury,Improper Backing,Unknown,MD,A82FCFE8-5FBA-49B1-A6AC-8043E568F72E,Superficial,Six O Clock,Van - Passenger (&lt;9 Seats),Backing,Not On Roadway,0,No,No,2017,FORD,F-350,39.06902333,-77.16087435,"(39.06902333, -77.16087435)"
MCP23390099,240017091,MONTGOMERY,Property Damage Crash,04/12/2024 08:22:00 PM,Municipality Route,,ROCKVILLE PIKE,,,,Front to Rear,Clear,Dry,Dark - Lighted,Traffic Control Signal,"Suspect of Alcohol Use, Not Suspect of Drug Use",,39A74400-01B7-45C7-AA6F-B5398CC7B4A3,No,No Apparent Injury,,Unknown,MD,D5A87886-B9F6-46F0-B5CE-6004F1B7CF18,Disabling,Eleven O Clock,Passenger Car,Turning Left,Northbound,35,No,No,2022,TOYOTA,COROLLA,39.06438124,-77.1260289,"(39.06438124, -77.1260289)"
MCP2617002M,16052845,Montgomery County Police,Injury Crash,10/14/2016 01:49:00 PM,Maryland (State),RIVER RD,SEVEN LOCKS RD,,N/A,,SAME DIR REAR END,CLEAR,DRY,DAYLIGHT,TRAFFIC SIGNAL,NONE DETECTED,,29327BCE-217A-4EDE-A3A7-4DF56200CBD2,No,POSSIBLE INJURY,"DEBRIS OR OBSTRUCTION, N/A",NOT DISTRACTED,DC,E3AAD81B-2597-4C59-9ADC-1462A4CFD803,SUPERFICIAL,SIX OCLOCK,PASSENGER CAR,SLOWING OR STOPPING,East,40,No,No,2012,HONDA,ACCORD,38.99211167,-77.161205,"(38.99211167, -77.161205)"
MCP23140025,230018913,Montgomery County Police,Property Damage Crash,04/20/2023 04:44:00 PM,County,TRAVILAH RD,STONEBRIDGE VIEW DR,,N/A,,STRAIGHT MOVEMENT ANGLE,CLEAR,DRY,DAYLIGHT,STOP SIGN,NONE DETECTED,,3DF34490-2CC2-4110-BB90-845988D3F97F,No,NO APPARENT INJURY,N/A,NOT DISTRACTED,MD,727E0743-A1B3-4315-B028-27C17AD24376,DISABLING,TWO OCLOCK,PASSENGER CAR,MOVING CONSTANT SPEED,South,30,No,No,2023,TESLA,MODEL 3,39.089253,-77.214225,"(39.089253, -77.214225)"
MCP26740020,200046069,Montgomery County Police,Property Damage Crash,11/21/2020 08:20:00 PM,Maryland (State),FREDERICK RD,SHAKESPEARE BLVD,,N/A,,HEAD ON LEFT TURN,CLEAR,DRY,DARK LIGHTS ON,TRAFFIC SIGNAL,NONE DETECTED,,ACFFB430-8473-4016-9973-02342C44D4C3,No,NO APPARENT INJURY,N/A,NOT DISTRACTED,MD,8DA1593A-BBAD-43D9-BA0C-37BC5A01A26E,DISABLING,TWELVE OCLOCK,(SPORT) UTILITY VEHICLE,MOVING CONSTANT SPEED,North,40,No,No,2017,SUBA,TK,39.1985325,-77.24480333,"(39.1985325, -77.24480333)"
MCP2678003V,220052299,Montgomery County Police,Injury Crash,11/27/2022 11:35:00 AM,Maryland (State),SPENCERVILLE RD,STABLER LA,,N/A,,HEAD ON LEFT TURN,RAINING,WET,DAYLIGHT,STOP SIGN,NONE DETECTED,,5ECDC0E5-FDDB-4FE2-BC27-E9B561457766,No,POSSIBLE INJURY,"RAIN, SNOW, WET",NOT DISTRACTED,MD,7F2294D3-EE5F-4AD4-AC2B-8189446EA604,DISABLING,TWELVE OCLOCK,(SPORT) UTILITY VEHICLE,MOVING CONSTANT SPEED,West,35,No,No,2013,TOYOTA,RAV4,39.12005181,-76.98526033,"(39.12005181, -76.98526033)"
MCP2656004T,200030282,Montgomery County Police,Injury Crash,08/04/2020 05:30:00 PM,County,WISTERIA DR,GREAT SENECA HWY,,N/A,,SAME DIR REAR END,CLEAR,DRY,DAYLIGHT,N/A,N/A,,9B175DC9-1ABE-4FC7-9774-52279195860B,No,NO APPARENT INJURY,N/A,NOT DISTRACTED,MD,4AB97F09-F5DD-4D44-9EB5-05B30749CF18,FUNCTIONAL,TWELVE OCLOCK,(SPORT) UTILITY VEHICLE,SLOWING OR STOPPING,East,35,No,No,2020,MITSUBISI,OUTLANDER,39.17333333,-77.265065,"(39.17333333, -77.265065)"
EJ7833001J,15064121,GAITHERSBURG,Injury Crash,12/15/2015 08:18:00 PM,Maryland (State),MIDCOUNTY HWY,SPUR TO SAYBROOKE OAKS BLVD,,N/A,,STRAIGHT MOVEMENT ANGLE,CLOUDY,DRY,DARK LIGHTS ON,TRAFFIC SIGNAL,NONE DETECTED,,3F592F03-B69F-4DC3-AC0B-933DA9063798,Yes,NO APPARENT INJURY,N/A,UNKNOWN,MD,A632CAB5-AD24-4592-8214-3279459ECE4D,DISABLING,TWELVE OCLOCK,PASSENGER CAR,MAKING LEFT TURN,South,50,No,No,1996,TOYOTA,TACOMA,39.15091833,-77.17426667,"(39.15091833, -77.17426667)"
MCP2212001Q,16023109,Montgomery County Police,Property Damage Crash,05/10/2016 05:49:00 AM,US (State),COLUMBIA PIKE,TECH RD,,N/A,,SAME DIR REAR END,CLEAR,DRY,DAWN,TRAFFIC SIGNAL,NONE DETECTED,,2F585BD6-22DC-4E44-8B30-5918ABF9FE09,No,NO APPARENT INJURY,N/A,NOT DISTRACTED,MD,0FA53B1C-87AF-4D49-AFBB-7CD322505C6A,FUNCTIONAL,SIX OCLOCK,PASSENGER CAR,STOPPED IN TRAFFIC LANE,South,50,No,No,2008,HYUN,SANTE FE,39.05893333,-76.96718833,"(39.05893333, -76.96718833)"
MCP285900F9,230067955,Montgomery County Police,Injury Crash,11/23/2023 12:40:00 PM,Maryland (State),CLOPPER RD,W WATKINS MILL RD,,GAITHERSBURG,,HEAD ON LEFT TURN,CLEAR,DRY,DAYLIGHT,TRAFFIC SIGNAL,NONE DETECTED,,5571B9FC-32B7-4941-984A-9FDEBCB8BC93,No,NO APPARENT INJURY,N/A,NOT DISTRACTED,MD,C4F6B0E5-6359-4FCE-8056-3B361E285CDF,DISABLING,TWELVE OCLOCK,PASSENGER CAR,MOVING CONSTANT SPEED,North,30,No,No,2017,CHEV,SILVERADO1500,39.14769667,-77.23300767,"(39.14769667, -77.23300767)"
DD55670070,250002843,ROCKVILLE,Property Damage Crash,01/21/2025 07:00:00 AM,Interstate (State),EISENHOWER MEMORIAL HWY (SB/L),,,,,Front to Rear,Clear,Dry,Daylight,No Controls,"Not Suspect of Alcohol Use, Not Suspect of Drug Use",,2ADB12BE-1101-43C9-878E-815E7A13C30D,No,No Apparent Injury,,Not Distracted,MD,EA83442D-92EB-4EED-9F2F-76A11A9727B1,Disabling,Six O Clock,Passenger Car,Slowing or Stopping,Southbound,55,No,No,2017,TOYOTA,COROLLA,39.07054827,-77.16067468,"(39.07054827, -77.16067468)"
MCP27360036,15063401,MONTGOMERY,Property Damage Crash,12/11/2015 07:56:00 PM,County,RANDOLPH RD,HUNTERS LA,,N/A,,OPPOSITE DIRECTION SIDESWIPE,N/A,DRY,DARK LIGHTS ON,NO CONTROLS,UNKNOWN,,62D28AE9-9160-473A-A4DE-0EC2C83A3DF8,Yes,NO APPARENT INJURY,N/A,UNKNOWN,MD,713FDC8B-27E6-42F7-8209-3A652B61DFFE,FUNCTIONAL,TEN OCLOCK,UNKNOWN,MOVING CONSTANT SPEED,West,35,No,No,2015,UNKNOWN,UNKNOWN,39.05385667,-77.09734667,"(39.05385667, -77.09734667)"
MCP2637003F,190052565,Montgomery County Police,Property Damage Crash,11/01/2019 08:08:00 AM,Maryland (State),DARNESTOWN RD,MUDDY BRANCH RD,,N/A,,SAME DIR REAR END,CLEAR,DRY,DAYLIGHT,N/A,NONE DETECTED,,67228267-4867-4864-BB1E-9ABA5E155AF4,Yes,NO APPARENT INJURY,"N/A, VISION OBSTRUCTION (INCL. BLINDED BY SUN)",OTHER DISTRACTION,MD,29F59085-817A-471B-AA62-C1F7E020F75D,DISABLING,TWELVE OCLOCK,PASSENGER CAR,MOVING CONSTANT SPEED,East,40,No,No,2016,TOYT,VN,39.10244667,-77.22018667,"(39.10244667, -77.22018667)"
MCP3244000L,200035567,Montgomery County Police,Injury Crash,09/10/2020 07:47:00 PM,County,BRIGGS CHANEY RD,OLD COLUMBIA PIKE,,N/A,,STRAIGHT MOVEMENT ANGLE,RAINING,WET,DARK LIGHTS ON,TRAFFIC SIGNAL,NONE DETECTED,,F79CF0C1-F8FD-42BB-A473-06D2F8D598B5,Yes,NO APPARENT INJURY,"RAIN, SNOW, WET",NOT DISTRACTED,MD,8FFEBF9F-6251-4B45-814B-26BD29D1D7AF,DISABLING,TWELVE OCLOCK,PASSENGER CAR,MAKING LEFT TURN,South,35,No,No,2002,HONDA,CRV,39.084143,-76.95115433,"(39.084143, -76.95115433)"
MCP30480060,190052186,Montgomery County Police,Property Damage Crash,10/30/2019 08:34:00 AM,Maryland (State),CONNECTICUT AVE,SAUL RD,,N/A,,HEAD ON LEFT TURN,CLEAR,DRY,DAYLIGHT,TRAFFIC SIGNAL,N/A,,5B70743B-F5BD-4557-BC15-9792737B632E,No,NO APPARENT INJURY,N/A,NOT DISTRACTED,MD,0B93A11A-5FB1-48D8-BB76-8B129F5CFF32,DISABLING,TWELVE OCLOCK,PASSENGER CAR,MOVING CONSTANT SPEED,South,35,No,No,2016,TOYT,RAV4,39.015335,-77.07888833,"(39.015335, -77.07888833)"
MCP27170029,15039915,MONTGOMERY,Injury Crash,08/11/2015 08:54:00 AM,Interstate (State),CAPITAL BELTWAY,MACARTHUR BLVD,,N/A,,OTHER,CLEAR,DRY,DAYLIGHT,NO CONTROLS,NONE DETECTED,,B3016AE1-FF29-46E6-A65E-F506AA33CDB9,No,SUSPECTED MINOR INJURY,N/A,NOT DISTRACTED,VA,8CF9A06A-8DB6-4240-9FC1-E4A19C6599D9,DISABLING,FIVE OCLOCK,PASSENGER CAR,MOVING CONSTANT SPEED,East,55,No,No,2014,VOLKSWAGON,BEETLE,38.97609833,-77.17816667,"(38.97609833, -77.17816667)"
MCP11190025,16011253,MONTGOMERY,Injury Crash,03/07/2016 08:04:00 AM,County,LONDON LA,HEATHFIELD RD,,N/A,,HEAD ON,CLEAR,DRY,DAYLIGHT,NO CONTROLS,NONE DETECTED,,7F5B72A8-3CF5-495B-ACA6-AFCA482E5EFE,Unknown,NO APPARENT INJURY,N/A,UNKNOWN,MD,64E275C3-ECF0-45CA-B278-14C5F3BD9F30,DISABLING,TWELVE OCLOCK,PASSENGER CAR,SLOWING OR STOPPING,South,25,No,No,2010,NISSAN,ALTIMA,39.08755667,-77.08043333,"(39.08755667, -77.08043333)"
MCP3201001L,200040764,Montgomery County Police,Injury Crash,10/16/2020 08:47:00 AM,County,WISTERIA DR,GREAT SENECA HWY,,N/A,,STRAIGHT MOVEMENT ANGLE,CLOUDY,DRY,DAYLIGHT,TRAFFIC SIGNAL,N/A,,AE5B948C-43D7-4EE1-99E8-B573F55742CB,Yes,NO APPARENT INJURY,N/A,LOOKED BUT DID NOT SEE,MD,7EDD1A50-C5DA-4F1E-A097-42D0E00116B0,DISABLING,TWELVE OCLOCK,PASSENGER CAR,MOVING CONSTANT SPEED,North,50,No,No,2016,HONDA,CIVIC,39.170879,-77.26264633,"(39.170879, -77.26264633)"
MCP3235000J,200010476,Montgomery County Police,Property Damage Crash,03/02/2020 07:30:00 PM,County,11TH AVE,CHICKASAW DR,,N/A,,STRAIGHT MOVEMENT ANGLE,RAINING,WET,DARK LIGHTS ON,STOP SIGN,NONE DETECTED,,063CA27B-D7C8-4FA7-849E-CDC92D7C114A,Yes,NO APPARENT INJURY,"N/A, WET",NOT DISTRACTED,MD,7EECCA06-503D-485C-B018-E51EEAD2A111,DISABLING,ELEVEN OCLOCK,PASSENGER CAR,MAKING U TURN,North,30,No,No,2008,HONDA,ELANTRA,38.99692667,-76.99041667,"(38.99692667, -76.99041667)"
MCP0704000D,15006446,Montgomery County Police,Property Damage Crash,02/08/2015 05:54:00 PM,County,CORDELL AVE,WISCONSIN AVE,,N/A,,SAME DIRECTION SIDESWIPE,CLEAR,DRY,DARK LIGHTS ON,TRAFFIC SIGNAL,NONE DETECTED,,3B861A5A-D00A-4008-9E2D-DEED483BD0E8,No,NO APPARENT INJURY,N/A,NOT DISTRACTED,MD,5EF943E0-F220-49D1-B738-BA5C1494D77D,FUNCTIONAL,NINE OCLOCK,(SPORT) UTILITY VEHICLE,MAKING LEFT TURN,East,25,No,No,2012,FORD,ESCAPE,38.99098833,-77.09557,"(38.99098833, -77.09557)"
MCP28120041,180049705,Montgomery County Police,Property Damage Crash,10/04/2018 09:11:00 PM,Maryland (State),GEORGIA AVE,RAMP 1 FR MD 97 NB TO IS 495 WB,,N/A,,STRAIGHT MOVEMENT ANGLE,CLEAR,DRY,DARK LIGHTS ON,TRAFFIC SIGNAL,N/A,,F6408E9C-1F91-46B8-8BD3-9AAA51FEABF4,No,NO APPARENT INJURY,N/A,NOT DISTRACTED,MD,A61D1474-2D6B-4F31-978A-41EABF2B61CF,DISABLING,TEN OCLOCK,PASSENGER CAR,MOVING CONSTANT SPEED,East,35,No,No,2015,TOYOTA,PRIUS,39.013775,-77.04196167,"(39.013775, -77.04196167)"
MCP3319002Q,240040051,MONTGOMERY,Injury Crash,08/24/2024 12:05:00 PM,County Route,BLAIR MILL RD,,,,,Angle,Clear,Dry,Daylight,No Controls,"Not Suspect of Alcohol Use, Not Suspect of Drug Use",,ED40FD80-07ED-4E3F-A22D-F589DB47D02B,Yes,No Apparent Injury,,Not Distracted,VT,9A337B6C-2A71-4E7C-B53B-1B465DD1C7E7,Superficial,Twelve O Clock,Passenger Car,Entering Traffic Lane,Southbound,25,No,No,2019,HONDA,FIT,38.99014019,-77.03005964,"(38.99014019, -77.03005964)"
MCP3138003V,220000103,Montgomery County Police,Property Damage Crash,01/01/2022 07:40:00 PM,Maryland (State),GEORGIA AVE,OLD BALTIMORE RD,,N/A,,SAME DIR REAR END,FOGGY,WET,DARK LIGHTS ON,TRAFFIC SIGNAL,NONE DETECTED,,22E21795-2F1F-4EE0-85AC-736CE90BE943,No,NO APPARENT INJURY,"N/A, WET",NOT DISTRACTED,MD,B1576D85-9C83-49B2-B65B-67E8AE93ED06,SUPERFICIAL,TWELVE OCLOCK,PASSENGER CAR,MOVING CONSTANT SPEED,South,45,No,No,1995,TOYOTA,CAMRY,39.13701434,-77.06911866,"(39.13701434, -77.06911866)"