Report Number,Local Case Number,Agency Name,ACRS Report Type,Crash Date/Time,Route Type,Road Name,Cross-Street Name,Off-Road Description,Municipality,Related Non-Motorist,Collision Type,Weather,Surface Condition,Light,Traffic Control,Driver Substance Abuse,Non-Motorist Substance Abuse,Person ID,Driver At Fault,Injury Severity,Circumstance,Driver Distracted By,Drivers License State,Vehicle ID,Vehicle Damage Extent,Vehicle First Impact Location,Vehicle Body Type,Vehicle Movement,Vehicle Going Dir,Speed Limit,Driverless Vehicle,Parked Vehicle,Vehicle Year,Vehicle Make,Vehicle Model,Latitude,Longitude,Location
MCP3301002J,240031903,MONTGOMERY,Property Damage Crash,07/06/2024 10:13:00 PM,US (State),COLUMBIA PIKE,GREENCASTLE RD (NB/L),,,,Rear To Side,Clear,Dry,Dark - Lighted,Traffic Control Signal,"Not Suspect of Alcohol Use, Not Suspect of Drug Use",,0DD62FC0-384E-4C45-8768-9A06958B7FC5,Yes,No Apparent Injury,,Unknown,MD,D7587926-C5BF-411A-941A-CD8C1509AD0B,Disabling,Twelve O Clock,Passenger Car,Moving Constant Speed,Southbound,55,No,No,2018,NISSAN,ROGUE,39.09558385,-76.93782773,"(39.09558385, -76.93782773)"
MCP2556000S,16034831,Montgomery County Police,Property Damage Crash,07/09/2016 06:50:00 PM,Maryland (State),FREDERICK RD,S WESTLAND DR,,GAITHERSBURG,,SAME DIR REAR END,CLEAR,DRY,DAYLIGHT,NO CONTROLS,NONE DETECTED,,9F831724-49E0-44DB-BEAF-5C94737E6FE2,No,NO APPARENT INJURY,N/A,NOT DISTRACTED,MD,85CE99E1-E659-478B-B3C7-0F55AE98F3F9,SUPERFICIAL,SIX OCLOCK,PASSENGER CAR,STOPPED IN TRAFFIC LANE,North,45,No,No,2002,TOYT,4RUNNER,39.12585724,-77.18244195,"(39.12585724, -77.18244195)"
EJ7889005D,250006606,GAITHERSBURG,Property Damage Crash,02/14/2025 05:10:00 AM,Maryland (State) Route,GREAT SENECA HWY,,,,,Other,Clear,Dry,Dark - Unknown Lighting,Flashing Traffic Control Signal,"Not Suspect of Alcohol Use, Not Suspect of Drug Use",,5617E00D-2B84-4941-88F8-16CA21404BB5,No,No Apparent Injury,,Not Distracted,DC,1483ACAF-2A64-4455-96D0-B2B29CD2E875,Disabling,Nine O Clock,Passenger Car,Turning Left,Eastbound,25,No,No,2017,SUBARU,WRX,39.12365155,-77.23141791,"(39.12365155, -77.23141791)"
MCP3184002X,230013389,Montgomery County Police,Property Damage Crash,03/20/2023 12:48:00 AM,Maryland (State),NEW HAMPSHIRE AVE,FOX ST,,N/A,,STRAIGHT MOVEMENT ANGLE,CLEAR,DRY,DARK LIGHTS ON,STOP SIGN,NONE DETECTED,,4CEAB850-8D78-452B-97FA-9CF638F1BD2F,Yes,NO APPARENT INJURY,N/A,LOOKED BUT DID NOT SEE,MD,4CD18858-3812-412D-A35C-E9A5128CC6B5,DISABLING,ELEVEN OCLOCK,(SPORT) UTILITY VEHICLE,MAKING LEFT TURN,West,25,No,No,2009,FORD,ESCAPE,39.00858,-76.97985833,"(39.00858, -76.97985833)"
MCP289200FM,230066787,Montgomery County Police,Property Damage Crash,11/16/2023 07:13:00 PM,Maryland (State),GEORGIA AVE,FOREST GLEN RD,,N/A,,SAME DIRECTION SIDESWIPE,CLEAR,DRY,DARK LIGHTS ON,N/A,UNKNOWN,,0D15AA8C-74F6-4E39-9098-C6BBFF8EAAD9,Yes,NO APPARENT INJURY,N/A,UNKNOWN,,92F31BD5-1E68-4616-AA28-F613639B5BEE,SUPERFICIAL,TWO OCLOCK,UNKNOWN,MOVING CONSTANT SPEED,North,30,No,No,0,UNKNOWN,UNKNOWN,39.01621167,-77.04279,"(39.01621167, -77.04279)"
MCP3212001R,200026094,Montgomery County Police,Property Damage Crash,07/05/2020 05:22:00 PM,County,GARWOOD ST,FRANKLIN AVE,,N/A,,STRAIGHT MOVEMENT ANGLE,CLEAR,DRY,DAYLIGHT,STOP SIGN,NONE DETECTED,,38D1C12F-F28E-4334-9E6B-2B0748401C60,No,NO APPARENT INJURY,N/A,NOT DISTRACTED,MD,5BBA44F5-3ED1-45E7-9F26-EF89A0FF3573,DISABLING,NINE OCLOCK,PASSENGER CAR,MOVING CONSTANT SPEED,South,30,No,No,2020,NISSAN,ROUGE,39.01165367,-77.0036995,"(39.01165367, -77.0036995)"
MCP2939002F,180015679,Montgomery County Police,Property Damage Crash,03/31/2018 05:01:00 PM,Maryland (State),CLOPPER RD,WARING STATION RD,,N/A,,SAME DIR REAR END,CLEAR,DRY,DAYLIGHT,NO CONTROLS,NONE DETECTED,,440DAD10-293F-4B46-9431-0A5565E3D2D7,No,NO APPARENT INJURY,N/A,NOT DISTRACTED,MD,86E232B9-EA24-4BA3-A4D6-1C352A6CE4F5,FUNCTIONAL,ELEVEN OCLOCK,PASSENGER CAR,MOVING CONSTANT SPEED,West,40,No,No,2015,FORD,FIESTA,39.153975,-77.25029833,"(39.153975, -77.25029833)"
MCP2102003S,230009920,Montgomery County Police,Injury Crash,02/28/2023 08:57:00 AM,Maryland (State),FREDERICK RD,COLLINS DR,,N/A,,SINGLE VEHICLE,CLEAR,DRY,DAYLIGHT,NO CONTROLS,NONE DETECTED,,227E2438-0DEF-4439-B38E-8C0739EFC01E,Yes,SUSPECTED SERIOUS INJURY,N/A,NOT DISTRACTED,MD,E107B3B5-E741-44A0-A585-CB35198BBE4A,DISABLING,TWELVE OCLOCK,PASSENGER CAR,CHANGING LANES,North,45,No,No,2007,HONDA,CIVIC 4S,39.19415,-77.24353167,"(39.19415, -77.24353167)"
MCP2607003L,180048141,Montgomery County Police,Property Damage Crash,09/26/2018 05:35:00 PM,Municipality,PARK AVE,LEE ST,,GAITHERSBURG,,OTHER,CLOUDY,DRY,DAYLIGHT,NO CONTROLS,NONE DETECTED,,710C43C1-71FA-4089-BF52-51BDCA3F964A,No,NO APPARENT INJURY,N/A,NOT DISTRACTED,MD,152DD6A3-E4B3-41E2-8C72-230189C6EFD8,SUPERFICIAL,ONE OCLOCK,PASSENGER CAR,MOVING CONSTANT SPEED,North,15,No,No,2008,BUICK,ENCLAVE,39.14564667,-77.19491,"(39.14564667, -77.19491)"
MCP913000FV,230021334,Montgomery County Police,Injury Crash,05/04/2023 01:02:00 PM,Maryland (State),UNIVERSITY BLVD E,RAMP 2 FR IS 495 WB TO MD 193 NB,,N/A,,STRAIGHT MOVEMENT ANGLE,CLEAR,DRY,DAYLIGHT,TRAFFIC SIGNAL,NONE DETECTED,,3CFC3E08-0EFC-453B-A856-F656619E23C9,Yes,NO APPARENT INJURY,N/A,UNKNOWN,MD,881A3D6B-C0C1-4CE9-9559-6DA180089371,DISABLING,TWELVE OCLOCK,PASSENGER CAR,MOVING CONSTANT SPEED,West,35,No,No,2011,TOYOTA,CAMRY,39.01594733,-77.00543633,"(39.01594733, -77.00543633)"
MCP3104000Y,180051008,Montgomery County Police,Injury Crash,10/12/2018 04:17:00 AM,US (State),COLUMBIA PIKE,DUSTIN RD,,N/A,,SINGLE VEHICLE,N/A,DRY,DARK LIGHTS ON,NO CONTROLS,NONE DETECTED,,A1A00A27-DBD4-436E-A652-506BCD116E6B,Yes,POSSIBLE INJURY,N/A,UNKNOWN,MD,3C1680BF-40A8-4819-957C-46534F72146E,DISABLING,TWELVE OCLOCK,PASSENGER CAR,MOVING CONSTANT SPEED,South,55,No,No,2014,FORD,SEL,39.12852,-76.92159,"(39.12852, -76.92159)"
MCP3330001J,230065055,Montgomery County Police,Injury Crash,11/08/2023 08:01:00 AM,County,ARCOLA AVE,HERMITAGE AVE,,N/A,,OTHER,CLEAR,DRY,DAYLIGHT,STOP SIGN,NONE DETECTED,,AC3DAC02-D9FC-4ABC-9818-E84884B0F341,Yes,POSSIBLE INJURY,N/A,UNKNOWN,MD,A2BB5D4F-B330-4032-842F-55F8555CBB63,DISABLING,ELEVEN OCLOCK,PASSENGER CAR,MAKING LEFT TURN,South,30,No,No,2020,TOYOTA,CAMRY,39.04716467,-77.0507785,"(39.04716467, -77.0507785)"
MCP229800NX,190030701,Montgomery County Police,Property Damage Crash,06/27/2019 04:59:00 PM,Maryland (State),FREDERICK RD,WIMS RD,,N/A,,OTHER,CLOUDY,DRY,DAYLIGHT,NO CONTROLS,NONE DETECTED,,339643B4-16CE-40AB-A7E5-7E7D543E0D75,Yes,NO APPARENT INJURY,N/A,NOT DISTRACTED,MD,576FAC0D-AD59-4B58-8EAD-D307AA0429DF,SUPERFICIAL,SIX OCLOCK,PASSENGER CAR,STOPPED IN TRAFFIC LANE,North,40,No,No,2001,MERZ,TK,39.22628683,-77.26387117,"(39.22628683, -77.26387117)"
MCP2939003M,190022092,Montgomery County Police,Property Damage Crash,05/10/2019 03:26:00 PM,Maryland (State),GERMANTOWN RD,RICHTER FARM RD,,N/A,,SAME DIR REAR END,CLOUDY,WET,DAYLIGHT,TRAFFIC SIGNAL,N/A,,B47E8172-A608-4545-85E3-CB92DC34B4C4,No,NO APPARENT INJURY,"N/A, WET",NOT DISTRACTED,MD,207988BB-CD63-4599-A0F4-F0BC65E6700A,SUPERFICIAL,SIX OCLOCK,SCHOOL BUS,STOPPED IN TRAFFIC LANE,South,40,No,No,2011,THOM,BU,39.15454833,-77.28698833,"(39.15454833, -77.28698833)"
DM8378000P,17014070,Takoma Park Police Depart,Injury Crash,03/19/2017 02:00:00 PM,Maryland (State),NEW HAMPSHIRE AVE,KIRKLYNN AVE,,TAKOMA PARK,,SAME DIRECTION RIGHT TURN,CLEAR,DRY,DAYLIGHT,NO CONTROLS,NONE DETECTED,,63BC98A7-DEFC-48A0-9D52-F8AA9F1D4C23,Yes,POSSIBLE INJURY,N/A,UNKNOWN,DC,0823629C-DE73-40CB-B181-7D46CDD8C70E,FUNCTIONAL,ONE OCLOCK,(SPORT) UTILITY VEHICLE,MOVING CONSTANT SPEED,South,35,No,No,2013,FORD,ESCAPE,38.98804167,-76.98838333,"(38.98804167, -76.98838333)"
EJ7851007B,210048631,Gaithersburg Police Depar,Injury Crash,11/30/2021 05:30:00 PM,Maryland (State),QUINCE ORCHARD RD,SPUR TO MD 355,,N/A,,SAME DIRECTION SIDESWIPE,CLEAR,DRY,DARK LIGHTS ON,NO CONTROLS,NONE DETECTED,,2E4CA8A1-14D9-452A-9E8B-DB95209FB552,Yes,NO APPARENT INJURY,N/A,LOOKED BUT DID NOT SEE,MD,AF04BF10-DCA5-406A-B290-A264A2464011,FUNCTIONAL,ELEVEN OCLOCK,PASSENGER CAR,CHANGING LANES,East,35,No,No,2008,HONDA,SD,39.15117829,-77.21390304,"(39.15117829, -77.21390304)"
MCP22980178,250026155,MONTGOMERY,Property Damage Crash,06/12/2025 08:45:00 AM,Maryland (State) Route,LAYHILL RD (SB/L),BEL PRE RD,,,,Front to Rear,Clear,Dry,Daylight,Traffic Control Signal,"Not Suspect of Alcohol Use, Not Suspect of Drug Use",,0C323FD2-8803-4BF4-8149-6D8D79E2A7F1,No,No Apparent Injury,,Not Distracted,MD,A683A44C-3A72-4F29-87CD-FAD66A418921,Superficial,Six O Clock,Bus - School,Stopped in Traffic,Eastbound,35,No,No,2024,FREIGHTLINER,B2 106 ELECTRIC CONVENTIONAL CHASSIS,39.09060308,-77.04508348,"(39.09060308, -77.04508348)"
DD5649000N,210029436,Rockville Police Departme,Property Damage Crash,07/29/2021 03:09:00 PM,,,,PARKING LOT OF 1074 ROCKVILLE PIKE,,,OTHER,N/A,,DAYLIGHT,NO CONTROLS,N/A,,3C099C7A-E432-4585-9648-D9A59B28FD5B,Yes,NO APPARENT INJURY,N/A,NOT DISTRACTED,MD,A4ED04D5-F3DC-4D2C-8F05-473F37B3BE51,FUNCTIONAL,SIX OCLOCK,PASSENGER CAR,PARKING,West,0,No,No,2016,CHEVY,TRUCK,39.07258084,-77.13306698,"(39.07258084, -77.13306698)"
MCP2969004M,180013521,Montgomery County Police,Property Damage Crash,03/18/2018 01:25:00 PM,Maryland (State),GEORGIA AVE,EMORY LA,,N/A,,SAME DIR REAR END,CLEAR,DRY,DAYLIGHT,TRAFFIC SIGNAL,NONE DETECTED,,F7ABD3B6-750F-49A0-9BE1-56500A7A0CD5,Yes,NO APPARENT INJURY,N/A,NOT DISTRACTED,MD,AE95B28A-AF43-4539-960B-C80DCD0A46D7,DISABLING,TWELVE OCLOCK,PASSENGER CAR,SLOWING OR STOPPING,South,40,No,No,2001,FORD,TAURUS,39.12597833,-77.07249333,"(39.12597833, -77.07249333)"
DD5520001N,220056616,Rockville Police Departme,Property Damage Crash,12/21/2022 01:00:00 PM,,,,PARKING LOT OF 1902 VEIRS MILL RD,,,OTHER,CLEAR,,DAYLIGHT,NO CONTROLS,NONE DETECTED,,9EC4A322-5549-46C6-8782-88153149649F,No,NO APPARENT INJURY,N/A,NOT DISTRACTED,MD,E59BA053-18A8-4C21-A749-959D0D35132E,FUNCTIONAL,SIX OCLOCK,PASSENGER CAR,PARKED,,0,No,Yes,2018,MAZD,SD,39.07604399,-77.1173695,"(39.07604399, -77.1173695)"
MCP2770001P,17010971,Montgomery County Police,Injury Crash,03/01/2017 07:00:00 PM,County,CENTRAL AVE,S FREDERICK RD,,N/A,,ANGLE MEETS LEFT HEAD ON,CLEAR,DRY,DUSK,STOP SIGN,NONE DETECTED,,90E58ACA-274A-4132-B717-DE3E751D125C,Yes,NO APPARENT INJURY,N/A,LOOKED BUT DID NOT SEE,MD,4A8DF94E-AE9F-433F-B41F-463186AC93C6,DISABLING,TWELVE OCLOCK,PASSENGER CAR,MAKING LEFT TURN,East,35,No,No,2014,FORD,TK,39.130245,-77.18715167,"(39.130245, -77.18715167)"
MCP2785000F,15024656,Montgomery County Police,Injury Crash,05/22/2015 04:21:00 PM,County,TECH RD,OLD COLUMBIA PIKE,,N/A,,STRAIGHT MOVEMENT ANGLE,CLEAR,DRY,DAYLIGHT,STOP SIGN,N/A,,BECB0EAC-BC14-478A-B6FA-C8FD6709AEA3,No,POSSIBLE INJURY,N/A,NOT DISTRACTED,MD,3F3BCF4D-A9AC-4EBD-927A-0B26363796E0,DISABLING,ELEVEN OCLOCK,PASSENGER CAR,MOVING CONSTANT SPEED,East,25,No,No,2007,ACURA,TL,39.05734833,-76.96812333,"(39.05734833, -76.96812333)"
MCP2503000Q,16017055,Montgomery County Police,Injury Crash,04/07/2016 10:03:00 PM,Maryland (State),W MONTGOMERY AVE,HURLEY AVE,,ROCKVILLE,,STRAIGHT MOVEMENT ANGLE,CLOUDY,WET,DARK LIGHTS ON,TRAFFIC SIGNAL,NONE DETECTED,,5D4367C5-4F10-40F9-A810-58C2C324999A,Yes,NO APPARENT INJURY,"N/A, WET",NOT DISTRACTED,MD,397A6F53-AE51-4278-99BA-82DB81385B86,SUPERFICIAL,FIVE OCLOCK,POLICE VEHICLE/NON EMERGENCY,ACCELERATING,East,35,No,No,2011,CHEVY,CAPRICE,39.090565,-77.17867,"(39.090565, -77.17867)"
MCP26490008,15032727,MONTGOMERY,Property Damage Crash,07/04/2015 10:26:00 PM,County,KINGSVIEW RD,HOPKINS RD,,N/A,,SAME DIR REAR END,CLOUDY,DRY,DARK LIGHTS ON,NO CONTROLS,NONE DETECTED,,393EEB88-6F6E-4F41-8778-EC9D32162352,Yes,NO APPARENT INJURY,N/A,UNKNOWN,MD,EEE2DEBC-7E76-446E-B656-E03024225020,SUPERFICIAL,TWELVE OCLOCK,PASSENGER CAR,SLOWING OR STOPPING,North,30,No,No,2009,ACURA,TSX,39.16708833,-77.28557333,"(39.16708833, -77.28557333)"
MCP2991006L,220017242,Montgomery County Police,Property Damage Crash,04/23/2022 10:00:00 AM,County,RANDOLPH RD,GEORGIA AVE,,N/A,,SAME DIR REND RIGHT TURN,N/A,DRY,DAYLIGHT,NO CONTROLS,NONE DETECTED,,12FA890D-D96D-47C2-94D4-A447A9AB75D0,No,NO APPARENT INJURY,N/A,NOT DISTRACTED,MD,5A08025A-08B7-4F98-AACC-E9AEFCC8E72D,DISABLING,SIX OCLOCK,PASSENGER CAR,MAKING RIGHT TURN,West,35,No,No,2014,HONDA,ACCORD,39.05892833,-77.04858333,"(39.05892833, -77.04858333)"
MCP2964001P,16039298,Montgomery County Police,Property Damage Crash,08/03/2016 04:31:00 PM,,,,PARKING LOT OF 20510 FREDERICK ROAD 20876,,,OTHER,CLEAR,,DAYLIGHT,NO CONTROLS,NONE DETECTED,,E1FFBAA9-A8DF-475A-826E-59EF35518BFC,No,NO APPARENT INJURY,N/A,NOT DISTRACTED,MD,DF3E8070-DCDC-4B1F-B0C4-4CC25099ABD6,SUPERFICIAL,THREE OCLOCK,PASSENGER CAR,STOPPED IN TRAFFIC LANE,South,15,No,No,2000,HONDA,CIVIC,39.19249828,-77.24328786,"(39.19249828, -77.24328786)"
MCP2240000Q,15045962,MONTGOMERY,Injury Crash,09/11/2015 03:23:00 PM,Municipality,WATKINS MILL RD,FREDERICK RD,,N/A,,STRAIGHT MOVEMENT ANGLE,CLEAR,DRY,DAYLIGHT,TRAFFIC SIGNAL,NONE DETECTED,,3777BC55-882A-4D42-8E7B-59ECE0144623,Yes,SUSPECTED MINOR INJURY,N/A,OTHER DISTRACTION,MD,0EB22E72-D8D3-4230-A47E-B2A6FB9F7DA0,DISABLING,ELEVEN OCLOCK,PASSENGER CAR,STARTING FROM LANE,West,45,No,No,2004,TOYOTA,ECHO,39.15938271,-77.21923113,"(39.15938271, -77.21923113)"
MCP3000004C,230023783,Montgomery County Police,Property Damage Crash,05/17/2023 10:51:00 PM,Maryland (State),CLOPPER RD,WARING STATION RD,,N/A,,OPPOSITE DIRECTION SIDESWIPE,CLEAR,DRY,DARK NO LIGHTS,NO CONTROLS,UNKNOWN,,98B3455B-3B70-43F0-AA47-7C7C3AAEBC35,Yes,NO APPARENT INJURY,N/A,UNKNOWN,,3CF4F40E-B639-4D40-AB43-F8DDD801BF38,UNKNOWN,UNKNOWN,,PASSING,North,45,No,No,0,UNKNOWN,UNKNOWN,39.155182,-77.2590815,"(39.155182, -77.2590815)"
MCP3079002J,190038218,Montgomery County Police,Property Damage Crash,08/10/2019 09:03:00 PM,Maryland (State),GREAT SENECA HWY,MATENY RD,,N/A,,SAME DIRECTION SIDESWIPE,CLEAR,DRY,DARK LIGHTS ON,YIELD SIGN,NONE DETECTED,,48FE8BC7-1FDD-456E-ABA5-394149379AC1,No,NO APPARENT INJURY,N/A,NOT DISTRACTED,MD,26CFEBE0-4CD7-492C-A5AB-D3F24C077628,SUPERFICIAL,FOUR OCLOCK,FIRE VEHICLE/NON EMERGENCY,MOVING CONSTANT SPEED,South,45,No,No,2008,CHEVY,TRUCK,39.147774,-77.275993,"(39.147774, -77.275993)"
EJ7870001G,190026454,Gaithersburg Police Depar,Property Damage Crash,06/03/2019 03:18:00 PM,Municipality,ODENDHAL AVE,FREDERICK RD,,N/A,,SAME DIRECTION SIDESWIPE,CLEAR,DRY,DAYLIGHT,N/A,NONE DETECTED,,B76FAEA6-6408-4F89-BE68-5EEF2ADBADC7,No,NO APPARENT INJURY,N/A,NOT DISTRACTED,MD,ECE5FDDD-28D0-44A1-B4ED-FDFEF35B9707,SUPERFICIAL,ELEVEN OCLOCK,TRANSIT BUS,MOVING CONSTANT SPEED,West,30,No,No,2017,GILG,BU,39.14894167,-77.20634833,"(39.14894167, -77.20634833)"
MCP3119001W,190048679,Montgomery County Police,Injury Crash,10/10/2019 02:01:00 PM,County,SNOUFFERS SCHOOL RD,WOODFIELD RD,,N/A,,HEAD ON LEFT TURN,CLEAR,DRY,DAYLIGHT,TRAFFIC SIGNAL,NONE DETECTED,,CD374388-2368-4400-869E-8D773C3E3A4F,No,POSSIBLE INJURY,N/A,NOT DISTRACTED,MD,47E53A7E-1C85-4207-B55F-7EA78C101BEB,DISABLING,ONE OCLOCK,PASSENGER CAR,MOVING CONSTANT SPEED,South,35,No,No,2019,SUBA,4S,39.15889233,-77.16051983,"(39.15889233, -77.16051983)"
MCP2845007F,200047139,Montgomery County Police,Injury Crash,11/30/2020 08:20:00 AM,US (State),COLUMBIA PIKE,ENT TO BURNT MILLS SHOPPING CENTER,,N/A,,STRAIGHT MOVEMENT ANGLE,RAINING,WET,DAYLIGHT,TRAFFIC SIGNAL,NONE DETECTED,,A2BE32AA-C861-4D89-BAE6-5A8BF92B23FE,Yes,NO APPARENT INJURY,"N/A, RAIN, SNOW",UNKNOWN,MD,383A6FF3-90BC-41A2-9A6E-19EBB11DCAC4,DISABLING,EIGHT OCLOCK,(SPORT) UTILITY VEHICLE,MAKING LEFT TURN,West,40,No,No,2019,SUBARU,FORESTER,39.03082617,-77.00515283,"(39.03082617, -77.00515283)"
MCP3044001G,170516929,Montgomery County Police,Property Damage Crash,07/02/2017 08:50:00 AM,County,SLIGO AVE,GEORGIA AVE,,N/A,,STRAIGHT MOVEMENT ANGLE,CLEAR,DRY,DAYLIGHT,TRAFFIC SIGNAL,NONE DETECTED,,E197E48A-5157-4352-8DAD-EC5AB049ECF5,Yes,NO APPARENT INJURY,N/A,UNKNOWN,MD,D3103092-EC27-497C-B1CF-8B5A0A2D284D,FUNCTIONAL,TWELVE OCLOCK,PASSENGER CAR,ENTERING TRAFFIC LANE,East,40,No,No,2002,CHEV,4S,38.99062667,-77.026825,"(38.99062667, -77.026825)"
MCP3053007K,240039009,MONTGOMERY,Injury Crash,08/18/2024 02:08:00 PM,Other Public Roadway,GLENMONT CIR #1,RAMP 4 FR MD 97 NB TO RANDOLPH RD EB,,,,Other,Clear,Dry,Daylight,Traffic Control Signal,"Not Suspect of Alcohol Use, Not Suspect of Drug Use",,630B41B5-DEE4-4E48-99BD-73746D0E8389,No,Possible Injury,,Not Distracted,MD,6CC0BD97-F7E9-42E7-AE96-282D0FE3C0C7,Disabling,Twelve O Clock,Passenger Car,Moving Constant Speed,Westbound,30,No,No,1998,HONDA,CIVIC,39.05901833,-77.04756667,"(39.05901833, -77.04756667)"
MCP2931007B,240045363,MONTGOMERY,Injury Crash,09/23/2024 01:00:00 PM,County Route,E GUDE DR (WB/L),,,,,Front to Rear,Clear,Dry,Daylight,Traffic Control Signal,"Not Suspect of Alcohol Use, Not Suspect of Drug Use",,FEB5B3C5-5710-4043-A6D9-E113ADCFAC3E,No,No Apparent Injury,,Not Distracted,MD,9CADF7F3-CD0D-43D5-B416-99421677FA67,Disabling,Twelve O Clock,Passenger Car,Stopped in Traffic,Westbound,40,No,No,2010,LEXUS,ES,39.10645,-77.15184,"(39.10645, -77.15184)"
MCP21590006,16067038,Montgomery County Police,Property Damage Crash,12/29/2016 09:06:00 PM,Maryland (State),COLESVILLE RD,SECOND AVE,,N/A,,STRAIGHT MOVEMENT ANGLE,CLEAR,DRY,DARK LIGHTS ON,TRAFFIC SIGNAL,NONE DETECTED,,0CA0ADAF-FFF7-46A7-99DC-05E500E50AB1,No,NO APPARENT INJURY,N/A,NOT DISTRACTED,MD,EC0A78D3-EB27-45A6-A689-160E8B6E448A,FUNCTIONAL,ONE OCLOCK,TRANSIT BUS,ACCELERATING,North,15,No,No,2009,NEW FLYER,BUS,38.99425165,-77.03097761,"(38.99425165, -77.03097761)"
MCP29360059,220017545,Montgomery County Police,Injury Crash,04/25/2022 02:20:00 PM,Other Public Roadway,MONTROSE PKWY,E JEFFERSON ST,,N/A,,SAME DIR REAR END,CLEAR,DRY,DAYLIGHT,TRAFFIC SIGNAL,NONE DETECTED,,8907EB1E-30A7-4833-8C7A-20873A8F528A,No,POSSIBLE INJURY,N/A,NOT DISTRACTED,IT,7BA7EBE1-C17B-484C-94B9-EBAD6C2ABD61,FUNCTIONAL,SIX OCLOCK,PASSENGER CAR,STOPPED IN TRAFFIC LANE,East,35,No,No,2018,KIA,FORTE,39.0507581,-77.12640887,"(39.0507581, -77.12640887)"
MCP21950005,15014765,Montgomery County Police,Injury Crash,03/31/2015 11:49:00 AM,County,MONTROSE RD,SEVEN LOCKS RD,,N/A,,ANGLE MEETS LEFT TURN,CLEAR,DRY,DAYLIGHT,TRAFFIC SIGNAL,NONE DETECTED,,2F51365C-33DF-45B3-A43E-39BF9F9CB751,No,NO APPARENT INJURY,N/A,NOT DISTRACTED,MA,8076234C-5748-4AB1-9272-A28A4C5E846C,FUNCTIONAL,ELEVEN OCLOCK,PASSENGER CAR,MOVING CONSTANT SPEED,North,35,No,No,2010,HONDA,CIVIC,39.0595082,-77.16138124,"(39.0595082, -77.16138124)"
MCP2347003G,220016932,Montgomery County Police,Property Damage Crash,04/21/2022 11:15:00 AM,US (State),COLUMBIA PIKE,BLACKBURN RD,,N/A,,STRAIGHT MOVEMENT ANGLE,CLEAR,DRY,DAYLIGHT,TRAFFIC SIGNAL,NONE DETECTED,,A7949301-4D49-400F-A5B5-C9893D242B4C,No,NO APPARENT INJURY,N/A,NOT DISTRACTED,MD,F665A97F-F3F3-4357-AC82-C12520A3D5C7,DISABLING,THREE OCLOCK,PASSENGER CAR,STARTING FROM LANE,East,40,No,No,2016,TOYOTA,SIENNA,39.10428798,-76.93330496,"(39.10428798, -76.93330496)"
MCP2991002M,180021092,Montgomery County Police,Property Damage Crash,04/30/2018 02:06:00 PM,,,,PARKING LOT OF 18101 VILLAGE CENTER DR OLNEY MD 20832,,,STRAIGHT MOVEMENT ANGLE,CLEAR,,N/A,STOP SIGN,NONE DETECTED,,D618BB87-A617-4795-AF49-4F453F4DEED9,No,NO APPARENT INJURY,N/A,NOT DISTRACTED,MD,3EA53AAD-DE5A-47C9-AEDD-F740958D3635,SUPERFICIAL,TEN OCLOCK,PASSENGER CAR,MOVING CONSTANT SPEED,South,10,No,No,2013,LEXUS,RX450H,39.15270333,-77.06345833,"(39.15270333, -77.06345833)"
MCP2799004L,180061322,Montgomery County Police,Injury Crash,12/13/2018 12:00:00 AM,County,CHERRY HILL RD,BROADBIRCH DR,,N/A,PEDESTRIAN,SINGLE VEHICLE,CLEAR,DRY,DARK LIGHTS ON,NO CONTROLS,ILLEGAL DRUG CONTRIBUTED,NONE DETECTED,C5593FD1-1906-4D37-B9AD-8C1CA83359B7,Yes,NO APPARENT INJURY,N/A,NOT DISTRACTED,MD,9E144CF6-FA2B-4A1C-AA9F-59B5A887FB7F,NO DAMAGE,FOUR OCLOCK,ALL TERRAIN VEHICLE (ATV),ACCELERATING,East,40,No,No,1998,LEXUS,4D,39.09495667,-76.92988833,"(39.09495667, -76.92988833)"
MCP3030004F,210038117,Montgomery County Police,Injury Crash,09/26/2021 05:32:00 PM,County,FALLS RD,BRICKYARD RD,,N/A,BICYCLIST,STRAIGHT MOVEMENT ANGLE,CLEAR,DRY,DAYLIGHT,STOP SIGN,N/A,N/A,58643E3C-1ED2-435D-9B02-64F928A84801,Yes,NO APPARENT INJURY,N/A,LOOKED BUT DID NOT SEE,MD,4B850250-6C83-4E14-A242-296B35D0E674,SUPERFICIAL,NINE OCLOCK,PASSENGER CAR,STARTING FROM LANE,West,35,No,No,2012,TOYT,4S,39.00242883,-77.2261555,"(39.00242883, -77.2261555)"
MCP28850040,240046747,MONTGOMERY,Property Damage Crash,09/30/2024 09:20:00 PM,County Route,CENTERHILL ST,VEIRS MILL RD (WB/L),,,,Angle,Rain,Wet,Dark - Lighted,Stop Sign,"Not Suspect of Alcohol Use, Not Suspect of Drug Use",,9E33C053-1C14-4FF6-AD92-76166FA699A3,No,No Apparent Injury,,Not Distracted,MD,75B11A69-84B5-412D-9917-5EE1A95A9F41,Functional,Eleven O Clock,Pickup,Entering Traffic Lane,Southbound,35,No,No,2020,JEEP,GLADIATOR,39.05043617,-77.07269136,"(39.05043617, -77.07269136)"
MCP2923002S,170505190,Montgomery County Police,Injury Crash,05/01/2017 08:22:00 AM,Maryland (State),UNIVERSITY BLVD W,DENNIS AVE,,N/A,,STRAIGHT MOVEMENT ANGLE,N/A,DRY,DAYLIGHT,N/A,NONE DETECTED,,A0F1331D-1A66-40BD-8260-6C306E8A0CA5,Yes,SUSPECTED SERIOUS INJURY,N/A,NOT DISTRACTED,MD,C7AD2E6D-3B09-4037-A2E5-135B449FB055,DESTROYED,TWELVE OCLOCK,PASSENGER CAR,MOVING CONSTANT SPEED,West,40,No,No,2006,TOYOTA,AVALON,39.026285,-77.02005167,"(39.026285, -77.02005167)"