Report Number,Local Case Number,Agency Name,ACRS Report Type,Crash Date/Time,Route Type,Road Name,Cross-Street Name,Off-Road Description,Municipality,Related Non-Motorist,Collision Type,Weather,Surface Condition,Light,Traffic Control,Driver Substance Abuse,Non-Motorist Substance Abuse,Person ID,Driver At Fault,Injury Severity,Circumstance,Driver Distracted By,Drivers License State,Vehicle ID,Vehicle Damage Extent,Vehicle First Impact Location,Vehicle Body Type,Vehicle Movement,Vehicle Going Dir,Speed Limit,Driverless Vehicle,Parked Vehicle,Vehicle Year,Vehicle Make,Vehicle Model,Latitude,Longitude,Location
MCP2588003C,170540601,Montgomery County Police,Injury Crash,11/03/2017 06:33:00 AM,County,BAUER DR,BURNSIDE DR,,N/A,,STRAIGHT MOVEMENT ANGLE,CLEAR,DRY,DARK NO LIGHTS,STOP SIGN,NONE DETECTED,,AC5BB8AD-945C-4717-876A-4508F397492C,Yes,POSSIBLE INJURY,N/A,LOOKED BUT DID NOT SEE,MD,395A3729-A33B-4F18-9F46-BCEB287841D1,DISABLING,TWELVE OCLOCK,PASSENGER CAR,STARTING FROM LANE,East,20,No,No,2009,DODGE,CALIBER,39.093515,-77.10908333,"(39.093515, -77.10908333)"
MCP3060002G,190028810,Montgomery County Police,Injury Crash,06/16/2019 09:57:00 PM,Maryland (State),OLD GEORGETOWN RD,DEMOCRACY BLVD,,N/A,,STRAIGHT MOVEMENT ANGLE,CLEAR,DRY,DARK LIGHTS ON,TRAFFIC SIGNAL,N/A,,E041CBAF-EA61-439F-8962-4632700A966C,Yes,NO APPARENT INJURY,N/A,UNKNOWN,MD,7E7F87D9-DDB5-4BD6-A8A6-7A33CB4B7772,FUNCTIONAL,TWELVE OCLOCK,PASSENGER CAR,MAKING LEFT TURN,East,35,No,No,2017,TOYO,PRIUS,39.02519333,-77.12542,"(39.02519333, -77.12542)"
MCP1119001G,15052095,MONTGOMERY,Injury Crash,10/14/2015 08:05:00 AM,Maryland (State),NORBECK RD,CARROLTON RD,,N/A,,OTHER,CLEAR,DRY,DAYLIGHT,STOP SIGN,NONE DETECTED,,DE725F02-1EE2-435C-ACAC-E690B7FAC208,Yes,NO APPARENT INJURY,N/A,NOT DISTRACTED,MD,93E05A98-045F-4F58-9405-1CA6963BA667,FUNCTIONAL,ONE OCLOCK,PASSENGER CAR,MAKING LEFT TURN,North,45,No,No,2007,TOYOTA,MATRIX,39.10373,-77.08847833,"(39.10373, -77.08847833)"
MCP2347001K,180002884,Montgomery County Police,Property Damage Crash,01/18/2018 01:23:00 PM,US (State),COLUMBIA PIKE,STEWART LA,,N/A,,SAME DIR REAR END,CLEAR,DRY,DAYLIGHT,TRAFFIC SIGNAL,NONE DETECTED,,3B0DD933-CDF1-40E7-8DC4-1F20DE049352,No,NO APPARENT INJURY,N/A,NOT DISTRACTED,MD,88A19CB4-5238-410D-BD95-535469767B7B,DISABLING,SIX OCLOCK,PASSENGER CAR,STOPPED IN TRAFFIC LANE,North,40,No,No,2017,FORD,FUSION,39.04664,-76.98704667,"(39.04664, -76.98704667)"
MCP3053001S,180017995,Montgomery County Police,Injury Crash,04/13/2018 08:21:00 AM,County,HATHAWAY DR,HOLDRIDGE RD,,N/A,,STRAIGHT MOVEMENT ANGLE,CLEAR,DRY,DAYLIGHT,STOP SIGN,N/A,,106F3B24-9BB3-40B1-A55A-82EFC1676480,No,NO APPARENT INJURY,N/A,NOT DISTRACTED,MD,3C083602-F1DA-4C65-B441-8211B02E5323,DISABLING,ELEVEN OCLOCK,PASSENGER CAR,MOVING CONSTANT SPEED,North,25,No,No,2012,CHRYSLER,300,39.06613,-77.06271,"(39.06613, -77.06271)"
MCP30310030,190017380,Montgomery County Police,Property Damage Crash,04/14/2019 02:50:00 AM,County,WELLER RD,BLUHILL RD,,N/A,,SAME DIRECTION RIGHT TURN,CLEAR,DRY,DARK LIGHTS ON,NO CONTROLS,UNKNOWN,,0F1F1DF6-CDC5-499E-9ACF-199BD2536719,Yes,NO APPARENT INJURY,N/A,UNKNOWN,,A4D13C91-4E77-4C1F-80D0-E1E6CAB230B6,DISABLING,TWELVE OCLOCK,PASSENGER CAR,UNKNOWN,West,35,No,No,2015,JEEP,WRANGLER,39.06466667,-77.06726667,"(39.06466667, -77.06726667)"
MCP2845001N,16015516,MONTGOMERY,Property Damage Crash,03/30/2016 10:43:00 AM,US (State),COLUMBIA PIKE,OAK LEAF DR,,N/A,,STRAIGHT MOVEMENT ANGLE,CLEAR,DRY,DAYLIGHT,STOP SIGN,NONE DETECTED,,DD45234D-5264-43E9-B9F4-5B4101C54BDB,Yes,NO APPARENT INJURY,N/A,LOOKED BUT DID NOT SEE,MD,C2001FBC-E744-43B6-9010-D89890A6A514,DISABLING,ONE OCLOCK,PASSENGER CAR,MAKING LEFT TURN,West,45,No,No,2010,TOYOTA,SIENNA`,39.04091833,-76.995855,"(39.04091833, -76.995855)"
MCP23190001,200028594,Montgomery County Police,Property Damage Crash,07/23/2020 12:38:00 PM,Maryland (State),WOODFIELD RD,FLOWER HILL WAY,,N/A,,STRAIGHT MOVEMENT ANGLE,CLEAR,DRY,DAYLIGHT,TRAFFIC SIGNAL,NONE DETECTED,,FC0FFFA9-0A2C-4D3B-9EDE-78AA938301D3,No,NO APPARENT INJURY,N/A,NOT DISTRACTED,MD,C873EF15-8D0D-4AEF-AFE0-54AFA0E353B5,DISABLING,FOUR OCLOCK,PASSENGER CAR,MOVING CONSTANT SPEED,South,25,No,No,1999,HONDA,CIVIC,39.15626778,-77.1654766,"(39.15626778, -77.1654766)"
MCP3228000N,200014381,Montgomery County Police,Property Damage Crash,03/29/2020 10:40:00 AM,,,,"NATIONAL DR. / OLD COLUMBIA PIKE

(BURTONSVILLE CROSSING SHOPPING CENTER)",,,OTHER,FOGGY,,DAYLIGHT,N/A,UNKNOWN,,1E5FF624-5E7B-4F76-820F-98D23A490E47,Yes,NO APPARENT INJURY,"N/A, WET",OTHER CELLULAR PHONE RELATED,MD,23274067-9378-4E15-AB21-C2D8DF651662,DISABLING,TWELVE OCLOCK,PASSENGER CAR,MOVING CONSTANT SPEED,Unknown,25,No,No,2006,TOYOTA,MATRIX,39.11264269,-76.93271952,"(39.11264269, -76.93271952)"
MCP1393001G,170541130,Montgomery County Police,Property Damage Crash,11/05/2017 04:04:00 PM,Maryland (State),FREDERICK RD,WEST OLD BALTIMORE RD,,N/A,,OPPOSITE DIRECTION SIDESWIPE,RAINING,WET,DAYLIGHT,OTHER,NONE DETECTED,,271249F8-A2BA-4CC0-8FCF-A32F83E8299B,No,NO APPARENT INJURY,"RAIN, SNOW, WET",NOT DISTRACTED,MD,16408F54-FCC5-4FC0-A689-23E9078C0B2F,FUNCTIONAL,TEN OCLOCK,VAN,MOVING CONSTANT SPEED,South,35,No,No,2007,CHRYSLER,TOWN & COUNTRY,39.21185667,-77.24838667,"(39.21185667, -77.24838667)"
MCP2528000S,240021525,MONTGOMERY,Property Damage Crash,05/07/2024 04:42:00 PM,Maryland (State) Route,GREAT SENECA HWY,,,,,Front to Rear,Clear,Dry,Daylight,Traffic Control Signal,"Not Suspect of Alcohol Use, Not Suspect of Drug Use",,D6835476-9A28-4E64-9086-D15EEB50B08D,Yes,No Apparent Injury,,Unknown,MD,0CDC8FCF-7CAC-44E5-A696-5DC595732BD0,Disabling,Twelve O Clock,Sport Utility Vehicle,Slowing or Stopping,Northbound,45,No,No,2007,RANGE,UNKNOWN,39.14766592,-77.27567069,"(39.14766592, -77.27567069)"
MCP2047002J,180037280,Montgomery County Police,Injury Crash,07/27/2018 02:38:00 PM,Maryland (State),HUNGERFORD DR,MANNAKEE ST,,ROCKVILLE,,SAME DIR REAR END,CLEAR,DRY,DAYLIGHT,TRAFFIC SIGNAL,N/A,,A77A08AE-8C60-46D2-A7F8-9179228B2F50,No,NO APPARENT INJURY,N/A,NOT DISTRACTED,MD,40D31DD3-2934-40C8-9FC2-9DE97C95BADC,SUPERFICIAL,SIX OCLOCK,PASSENGER CAR,STOPPED IN TRAFFIC LANE,North,35,No,No,2015,HONDA,ACCORD,39.09657077,-77.15330243,"(39.09657077, -77.15330243)"
MCP3407000S,250003300,MONTGOMERY,Injury Crash,01/23/2025 07:17:00 PM,County Route,OXBRIDGE DR,,,,,Angle,Clear,Dry,Dark - Lighted,No Controls,"Not Suspect of Alcohol Use, Not Suspect of Drug Use",,413DB43A-B159-447A-B5E7-36F162495246,No,No Apparent Injury,,Not Distracted,MD,2B72781A-37F2-4B34-9CD2-89631082F149,Disabling,Twelve O Clock,Passenger Car,Moving Constant Speed,Southbound,35,No,No,2006,KIA,SEDONA,39.18995491,-77.24163084,"(39.18995491, -77.24163084)"
MCP0113000Y,16042561,Montgomery County Police,Property Damage Crash,08/22/2016 09:58:00 AM,County,MEREDITH AVE,EDGEWOOD RD,,N/A,,STRAIGHT MOVEMENT ANGLE,CLEAR,DRY,DAYLIGHT,STOP SIGN,NONE DETECTED,,3A4EB9C0-C18F-446D-981C-452A80BAB873,Yes,NO APPARENT INJURY,N/A,LOOKED BUT DID NOT SEE,MD,ACB115CB-CA6F-4271-A6F6-9A04C262E4E9,DISABLING,TWELVE OCLOCK,PASSENGER CAR,MOVING CONSTANT SPEED,South,25,No,No,2011,NISSAN,VERSA,39.024885,-77.06678,"(39.024885, -77.06678)"
EJ78560050,180026401,Gaithersburg Police Depar,Property Damage Crash,05/29/2018 04:17:00 PM,Maryland (State),S FREDERICK RD,ROSEMONT DR,,GAITHERSBURG,,SAME DIRECTION RIGHT TURN,CLEAR,DRY,DAYLIGHT,NO CONTROLS,N/A,,A86EAAF1-D358-42F8-8E84-9F06FBC508C4,Yes,NO APPARENT INJURY,N/A,UNKNOWN,MD,D7597136-B238-4805-8296-A62629A296B4,FUNCTIONAL,SIX OCLOCK,(SPORT) UTILITY VEHICLE,MAKING RIGHT TURN,South,35,No,No,2010,CHEVROLET,TAHOE,39.12838333,-77.18572833,"(39.12838333, -77.18572833)"
EJ7876006Z,240033142,GAITHERSBURG,Property Damage Crash,07/13/2024 11:45:00 PM,Maryland (State) Route,QUINCE ORCHARD RD,,,,,Front to Rear,Clear,Dry,Dark - Lighted,Traffic Control Signal,"Suspect of Alcohol Use, Not Suspect of Drug Use",,44C11521-A984-4E63-85BC-8620DB03420D,Yes,No Apparent Injury,Followed Too Closely,Unknown,MD,1A322E52-A1D6-448F-8170-19D16F86406D,Disabling,Twelve O Clock,Passenger Car,Moving Constant Speed,Northbound,35,No,No,2009,HYUNDAI,ACCENT,39.14223017,-77.22095233,"(39.14223017, -77.22095233)"
DM85260001,250030770,TAKOMA,Property Damage Crash,07/10/2025 05:31:00 PM,Maryland (State) Route,NEW HAMPSHIRE AVE,,,,,"Sideswipe, Same Direction",Clear,Dry,Daylight,No Controls,"Not Suspect of Alcohol Use, Not Suspect of Drug Use",,D0279F4F-66D3-4869-8FFC-02100D7BB523,No,No Apparent Injury,,Not Distracted,MD,066AB1E0-DB46-4A8A-9E4B-03DE5D2955C6,Superficial,Eight O Clock,Passenger Car,Stopped in Traffic,Northbound,35,No,No,2013,LEXUS,ES,38.98687317,-76.98794417,"(38.98687317, -76.98794417)"
MCP2940003Z,190029314,Montgomery County Police,Property Damage Crash,06/19/2019 01:50:00 PM,County,DEMOCRACY BLVD,RAMP 7 FR DEMOCRACY BLVD WB TO RAMP 6,,N/A,,OTHER,CLEAR,DRY,DAYLIGHT,TRAFFIC SIGNAL,NONE DETECTED,,21621D60-8047-44D9-878D-0C3052EE43C8,Yes,NO APPARENT INJURY,N/A,NOT DISTRACTED,VA,6399D3F4-EA74-42C7-947E-0C1411237EB7,DISABLING,ONE OCLOCK,PASSENGER CAR,MOVING CONSTANT SPEED,East,35,No,No,2019,TESLA,MODEL 3,39.021535,-77.143815,"(39.021535, -77.143815)"
MCP2976003P,200021364,Montgomery County Police,Property Damage Crash,05/30/2020 12:59:00 AM,County,STEWART LA,OLD COLUMBIA PIKE,,N/A,,SINGLE VEHICLE,N/A,DRY,DARK LIGHTS ON,STOP SIGN,COMBINED SUBSTANCE PRESENT,,01142534-FF6D-48A0-BDAF-A94BE1479900,Yes,NO APPARENT INJURY,N/A,NOT DISTRACTED,DC,2DFB11AA-07B2-4032-8BB6-0EA369D22839,DISABLING,TWELVE OCLOCK,PASSENGER CAR,MOVING CONSTANT SPEED,West,35,No,No,2015,HONDA,4D,39.044635,-76.95954,"(39.044635, -76.95954)"
MCP2785003Q,180025800,Montgomery County Police,Injury Crash,05/25/2018 10:52:00 PM,Maryland (State),SANDY SPRING RD,MCKNEW RD,,N/A,,SAME DIR REAR END,CLEAR,DRY,DARK -- UNKNOWN LIGHTING,TRAFFIC SIGNAL,N/A,,A5E76F79-BB31-4714-8ECA-B34923CC6F12,No,NO APPARENT INJURY,N/A,NOT DISTRACTED,MD,93C02D4C-9669-47EC-91F4-B72024A79969,FUNCTIONAL,SIX OCLOCK,PASSENGER CAR,STOPPED IN TRAFFIC LANE,West,45,No,No,2012,ACUR,TSX,39.10629667,-76.91827,"(39.10629667, -76.91827)"
MCP91130068,200026076,Montgomery County Police,Injury Crash,07/05/2020 02:37:00 PM,County,KAYSON ST,GEORGIA AVE,,N/A,,OTHER,CLEAR,DRY,DAYLIGHT,STOP SIGN,NONE DETECTED,,6D3068FF-3690-45B6-99C9-DDB71272F654,No,NO APPARENT INJURY,N/A,NOT DISTRACTED,MD,C958613A-104E-4965-9231-FC711FC8EFEF,FUNCTIONAL,NINE OCLOCK,PASSENGER CAR,STOPPED IN TRAFFIC LANE,East,25,No,No,2010,HONDA,ACCORD,39.07075667,-77.06360333,"(39.07075667, -77.06360333)"
MCP34500007,240053332,MONTGOMERY,Property Damage Crash,11/06/2024 04:33:00 PM,Local Route,AVONSHIRE DR,OLD COLUMBIA PIKE,,,,Angle,Clear,Dry,Daylight,No Controls,"Not Suspect of Alcohol Use, Not Suspect of Drug Use",,498DB60B-A577-4B39-9710-0E66A8D8FB88,No,No Apparent Injury,,Not Distracted,MD,A28B0DA2-2E4E-4D9A-8BFF-ED5FBD9782A3,Functional,Eleven O Clock,Van - Passenger (&lt;9 Seats),Moving Constant Speed,Northbound,35,No,No,2017,TOYOTA,SIENNA,39.08362018,-76.95168998,"(39.08362018, -76.95168998)"
MCP2964000M,15033869,MONTGOMERY,Injury Crash,07/10/2015 04:48:00 PM,Maryland (State),RIDGE RD,BROWN CHURCH RD,,N/A,,SAME DIR REAR END,CLOUDY,N/A,DAYLIGHT,NO CONTROLS,NONE DETECTED,,BDF2DD0C-5596-4C78-B412-233312B508FD,No,NO APPARENT INJURY,N/A,NOT DISTRACTED,MD,CDAD93C8-2B99-40CB-8514-A08E604B3A2C,SUPERFICIAL,SIX OCLOCK,PASSENGER CAR,STOPPED IN TRAFFIC LANE,North,50,No,No,1994,DODGE,RAM,39.32914397,-77.19148636,"(39.32914397, -77.19148636)"
MCP271700RL,200005018,Montgomery County Police,Property Damage Crash,01/30/2020 06:28:00 PM,County,BEL PRE RD,GEORGIA AVE,,N/A,,SAME DIRECTION SIDESWIPE,CLEAR,DRY,DARK LIGHTS ON,TRAFFIC SIGNAL,NONE DETECTED,,5A3AAEA4-ED98-4F0A-96E9-9D8045BA10F7,Yes,NO APPARENT INJURY,N/A,LOOKED BUT DID NOT SEE,MD,9C18C937-B8AA-49A8-8F7B-45731D039F58,SUPERFICIAL,TEN OCLOCK,PASSENGER CAR,CHANGING LANES,West,35,No,No,1995,TOYOTA,CAMRY,39.09332283,-77.07898467,"(39.09332283, -77.07898467)"
MCP32530012,210018385,Montgomery County Police,Property Damage Crash,05/16/2021 01:35:00 AM,County,CENTERWAY RD,GOSHEN RD,,N/A,,SAME DIR REAR END,CLEAR,N/A,DARK NO LIGHTS,TRAFFIC SIGNAL,NONE DETECTED,,86B8718F-2AE7-4380-9312-580F3C68512E,No,NO APPARENT INJURY,N/A,NOT DISTRACTED,MD,49486B10-7D76-4AB7-98AF-8AD32723DEC3,FUNCTIONAL,SIX OCLOCK,PASSENGER CAR,STOPPED IN TRAFFIC LANE,East,35,No,No,2011,HYUN,SD,39.16935102,-77.19067925,"(39.16935102, -77.19067925)"
MCP34010014,240031870,MONTGOMERY,Property Damage Crash,07/06/2024 04:09:00 PM,Ramp,RAMP 4 FR MD 193 NB TO IS 495 EB,UNIVERSITY BLVD E (WB/L),,,,"Sideswipe, Opposite Direction",Clear,Dry,Daylight,No Controls,"Not Suspect of Alcohol Use, Not Suspect of Drug Use",,EF14E3D3-E9EB-413A-A7B9-AE7AD2EC2A73,No,No Apparent Injury,,Not Distracted,MD,1C943777-3043-49AF-8602-32F5BDF47317,Disabling,Eleven O Clock,Passenger Car,Moving Constant Speed,Westbound,35,No,No,2016,MERCEDES-BENZ,C-CLASS,39.01430927,-77.00419101,"(39.01430927, -77.00419101)"
MCP3271000S,200049297,Montgomery County Police,Property Damage Crash,12/14/2020 07:40:00 PM,Maryland (State),GOLDSBORO RD,MASSACHUSETTS AVE,,N/A,,SINGLE VEHICLE,CLEAR,WET,DARK NO LIGHTS,NO CONTROLS,NONE DETECTED,,7A5592D7-5210-4503-A82A-449DEEC2A9F7,Yes,NO APPARENT INJURY,N/A,NOT DISTRACTED,MD,5A2E95EC-0BEB-4D1F-94B8-29E880BFCF12,DISABLING,TWO OCLOCK,PASSENGER CAR,MOVING CONSTANT SPEED,South,50,No,No,2012,MITS,EVOLUTION,38.96992437,-77.1355587,"(38.96992437, -77.1355587)"
MCP2239002F,220053220,Montgomery County Police,Property Damage Crash,12/02/2022 01:16:00 PM,County,SHADY GROVE RD,RAMP 6 FR SHADY GROVE RD EB TO IS 270 SB,,N/A,,OTHER,CLEAR,DRY,DAYLIGHT,TRAFFIC SIGNAL,N/A,,9730B38C-D2C4-4664-BDE0-08DCB852DCF5,No,NO APPARENT INJURY,N/A,NOT DISTRACTED,MD,C021060E-8321-4F5B-B4E1-3FF1CA5DED47,DISABLING,TWELVE OCLOCK,PASSENGER CAR,ACCELERATING,West,35,No,No,2022,DODGE,PK,39.12065283,-77.18018983,"(39.12065283, -77.18018983)"
DD5611001J,16040699,Rockville Police Departme,Property Damage Crash,08/11/2016 11:21:00 AM,,,,"2100 VEIRS MILL RD
TWINBROOK MARKETPLACE",,,OTHER,CLEAR,,DAYLIGHT,NO CONTROLS,UNKNOWN,,88EE5B0F-840F-4F33-8A5E-50AEA65E2C5A,Unknown,NO APPARENT INJURY,N/A,UNKNOWN,,B8E5709C-10FC-4FF8-897F-F2F8942AF4DB,UNKNOWN,UNKNOWN,PASSENGER CAR,BACKING,North,5,No,No,2002,MERZ,TK,39.07517267,-77.1174535,"(39.07517267, -77.1174535)"
MCP2937001P,16017835,Montgomery County Police,Property Damage Crash,04/12/2016 10:26:00 AM,Maryland (State),NEW HAMPSHIRE AVE,COLUMBIA PIKE,,N/A,,SAME DIR REAR END,CLEAR,DRY,DAYLIGHT,NO CONTROLS,NONE DETECTED,,B61AA2F6-548B-4118-AE07-515A29D63EF5,No,NO APPARENT INJURY,N/A,NOT DISTRACTED,MD,2EAA229E-10F2-4BEA-82A8-24AE5979590C,FUNCTIONAL,SIX OCLOCK,PASSENGER CAR,STOPPED IN TRAFFIC LANE,South,40,No,No,2008,FORD,FOCUS,39.04338616,-76.99193001,"(39.04338616, -76.99193001)"
MCP26330027,210048210,Montgomery County Police,Injury Crash,11/27/2021 06:50:00 PM,County,MUDDY BRANCH RD,W DEER PARK RD,,GAITHERSBURG,,STRAIGHT MOVEMENT ANGLE,CLEAR,DRY,DARK LIGHTS ON,TRAFFIC SIGNAL,NONE DETECTED,,00057AC4-E3FC-4E1C-AB78-1CA4A98A07ED,No,SUSPECTED MINOR INJURY,N/A,UNKNOWN,MD,7FAC608D-FAFC-484F-8595-1DC981C828AA,DESTROYED,TWELVE OCLOCK,PASSENGER CAR,MOVING CONSTANT SPEED,North,35,No,No,2006,GMC,UT,39.13466667,-77.20577167,"(39.13466667, -77.20577167)"
MCP28000041,200004379,Montgomery County Police,Injury Crash,01/27/2020 05:08:00 AM,Maryland (State),OLD GEORGETOWN RD,TILDEN LA,,N/A,,STRAIGHT MOVEMENT ANGLE,CLEAR,DRY,DARK LIGHTS ON,TRAFFIC SIGNAL,NONE DETECTED,,A84A8F6C-89E6-4111-9687-63B348BCD7AA,Yes,SUSPECTED MINOR INJURY,N/A,LOOKED BUT DID NOT SEE,VA,5DF24671-6871-4A98-A8A2-1691D210EB6C,FUNCTIONAL,FOUR OCLOCK,PASSENGER CAR,MOVING CONSTANT SPEED,West,40,No,No,2014,HONDA,CIVIC,39.04467833,-77.12032167,"(39.04467833, -77.12032167)"
EJ7884003V,220005355,Gaithersburg Police Depar,Property Damage Crash,02/07/2022 05:56:00 PM,Maryland (State),DARNESTOWN RD,ENT TO POTOMAC VALLEY SHOPPING CTR,,N/A,,SAME DIRECTION SIDESWIPE,RAINING,WET,DARK NO LIGHTS,TRAFFIC SIGNAL,NONE DETECTED,,81DA704C-00EA-4E2D-8C41-B09B3A1B3A6C,No,NO APPARENT INJURY,N/A,NOT DISTRACTED,MD,3285BE96-598B-4CE3-870A-2A45E73C9980,DISABLING,ELEVEN OCLOCK,PASSENGER CAR,MOVING CONSTANT SPEED,West,30,No,No,2014,HYUNDAI,ELANTRA,39.11787102,-77.25220895,"(39.11787102, -77.25220895)"
MCP2846008R,230012518,Montgomery County Police,Property Damage Crash,03/14/2023 08:11:00 PM,Maryland (State),VEIRS MILL RD,GEORGIA AVE,,N/A,,SAME DIRECTION SIDESWIPE,CLEAR,DRY,DARK LIGHTS ON,NO CONTROLS,UNKNOWN,,2B0762DF-3C7A-4C31-8F0A-91B293DDB85F,Yes,NO APPARENT INJURY,N/A,LOOKED BUT DID NOT SEE,,80584053-6998-444A-B969-9772082D6794,UNKNOWN,THREE OCLOCK,PASSENGER CAR,MOVING CONSTANT SPEED,East,35,No,No,2009,TOYT,CAMRY,39.03791833,-77.05677167,"(39.03791833, -77.05677167)"
MCP28050024,16058538,Montgomery County Police,Property Damage Crash,11/13/2016 04:45:00 PM,Maryland (State),MONTGOMERY VILLAGE AVE,RUSSELL AVE,,GAITHERSBURG,,HEAD ON,CLEAR,DRY,N/A,NO CONTROLS,NONE DETECTED,,E0D79BF3-D00D-4676-BB11-F8C3559B1E9D,Yes,NO APPARENT INJURY,N/A,NOT DISTRACTED,MD,2DC35EC9-EB15-474D-AB5A-F4DF7A5B16BD,SUPERFICIAL,TWELVE OCLOCK,PASSENGER CAR,SLOWING OR STOPPING,South,35,No,No,2010,TOYOTA,PRIUS,39.15516667,-77.20892,"(39.15516667, -77.20892)"
MCP261700B5,220022170,Montgomery County Police,Property Damage Crash,05/24/2022 03:00:00 PM,Maryland (State),NORBECK RD,ENT TO APTS,,N/A,,OTHER,CLOUDY,DRY,DAYLIGHT,NO CONTROLS,NONE DETECTED,,68B470FB-4095-4B25-A55D-D9B8F1C5984F,No,NO APPARENT INJURY,N/A,NOT DISTRACTED,MD,C166857E-EAE8-4519-A9B0-18F4B931940F,DISABLING,ELEVEN OCLOCK,PASSENGER CAR,MOVING CONSTANT SPEED,East,35,No,No,2018,HONDA,FIT,39.09588203,-77.10968562,"(39.09588203, -77.10968562)"
MCP3312005W,240061992,MONTGOMERY,Injury Crash,12/29/2024 08:10:00 AM,US (State),COLUMBIA PIKE (SB/L),,,,,Front to Rear,Rain,Wet,Daylight,No Controls,"Unknown, Unknown",,E04E783A-8FA1-4329-82BA-2A2FC0A7C1D6,No,,,,,7911DE8B-EFE5-4580-81CC-E535C2CB9BCA,Superficial,Twelve O Clock,Passenger Car,Accelerating,Southbound,50,No,No,0,,,39.12904983,-76.92131249,"(39.12904983, -76.92131249)"
MCP29730023,16045718,Montgomery County Police,Property Damage Crash,09/07/2016 08:40:00 AM,County,OAKVALE ST,CHADWICK LA,,N/A,,STRAIGHT MOVEMENT ANGLE,CLEAR,DRY,DAYLIGHT,STOP SIGN,NONE DETECTED,,6FED8E0B-FB69-4304-B1D3-12A673D3AF1C,No,NO APPARENT INJURY,N/A,NOT DISTRACTED,MD,DACF5A51-260F-4135-A13E-A968934E24EF,FUNCTIONAL,EIGHT OCLOCK,PASSENGER CAR,SLOWING OR STOPPING,West,25,No,No,2014,HOND,TK,39.08785345,-77.08778411,"(39.08785345, -77.08778411)"
MCP3322002L,240017270,MONTGOMERY,Injury Crash,04/14/2024 02:11:00 AM,Maryland (State) Route,NORBECK RD (WB/L),,,,,Front to Rear,Clear,Dry,Dark - Not Lighted,No Controls,"Not Suspect of Alcohol Use, Not Suspect of Drug Use",,B55365B2-5906-4E67-8DC0-513F68AE1671,No,No Apparent Injury,,Unknown,MD,CE735126-5039-43DC-A8C1-9CB1FE2C9232,Disabling,Twelve O Clock,Passenger Car,Moving Constant Speed,Westbound,45,No,No,2022,HONDA,ACCORD,39.09657402,-77.10763722,"(39.09657402, -77.10763722)"
MCP94190020,190022680,Montgomery County Police,Property Damage Crash,05/14/2019 09:50:00 AM,Maryland (State),METRO ACCESS RD,SHADY GROVE RD,,N/A,,SAME DIRECTION SIDESWIPE,CLEAR,DRY,DAYLIGHT,NO CONTROLS,NONE DETECTED,,87B33DCE-7FEE-47D1-BF49-FDB73F26A261,Yes,NO APPARENT INJURY,N/A,LOOKED BUT DID NOT SEE,MD,9B4865DD-E9F0-4493-87E1-E929373955DF,SUPERFICIAL,ONE OCLOCK,(SPORT) UTILITY VEHICLE,ENTERING TRAFFIC LANE,South,30,No,No,2016,CHEVY,EQUINOX,39.129215,-77.16481,"(39.129215, -77.16481)"
MCP0730000J,15003106,Montgomery County Police,Property Damage Crash,01/18/2015 05:32:00 PM,Maryland (State),WOODFIELD RD,AUGUSTA FARM LANE,,N/A,,SINGLE VEHICLE,CLEAR,DRY,DARK NO LIGHTS,NO CONTROLS,N/A,,85D75880-597C-4C70-85E5-E87359483A55,No,NO APPARENT INJURY,"ANIMAL, N/A",NOT DISTRACTED,MD,40F13345-2F5D-415C-9F05-F52D0EE6800C,SUPERFICIAL,TWELVE OCLOCK,POLICE VEHICLE/NON EMERGENCY,MOVING CONSTANT SPEED,North,40,No,No,2006,CHEVY,TRAILBLAZER,39.22031834,-77.17507124,"(39.22031834, -77.17507124)"
MCP32000098,230055235,Montgomery County Police,Property Damage Crash,09/16/2023 02:58:00 PM,Maryland (State),OLD GEORGETOWN RD,RAMP 7 FR RAMP 2 (FR IS495) TO MD 187 SB,,N/A,,SAME DIR BOTH LEFT TURN,CLEAR,DRY,DAYLIGHT,TRAFFIC SIGNAL,UNKNOWN,,94008EF6-084F-4124-B05E-730553B7FABD,Yes,NO APPARENT INJURY,N/A,UNKNOWN,,625927B8-DB97-4EC0-ABE2-378CC63B31A1,FUNCTIONAL,UNKNOWN,,CHANGING LANES,West,35,No,No,0,UNKNOWN,UNKNOWN,39.01508849,-77.11847344,"(39.01508849, -77.11847344)"
MCP1202003Y,190028611,Montgomery County Police,Property Damage Crash,06/15/2019 12:23:00 PM,Maryland (State),RIVER RD,OGDEN RD,,N/A,,SINGLE VEHICLE,CLEAR,DRY,DAYLIGHT,NO CONTROLS,NONE DETECTED,,D18C460F-D1D9-481C-B37F-5B580B207284,No,NO APPARENT INJURY,"ANIMAL, N/A",NOT DISTRACTED,VA,6B9B885B-31DC-458B-BBDA-4817B5DC5F94,DISABLING,TWELVE OCLOCK,PASSENGER CAR,MOVING CONSTANT SPEED,West,35,No,No,2016,FIAT,SW,38.9703,-77.114,"(38.9703, -77.114)"