Report Number,Local Case Number,Agency Name,ACRS Report Type,Crash Date/Time,Route Type,Road Name,Cross-Street Name,Off-Road Description,Municipality,Related Non-Motorist,Collision Type,Weather,Surface Condition,Light,Traffic Control,Driver Substance Abuse,Non-Motorist Substance Abuse,Person ID,Driver At Fault,Injury Severity,Circumstance,Driver Distracted By,Drivers License State,Vehicle ID,Vehicle Damage Extent,Vehicle First Impact Location,Vehicle Body Type,Vehicle Movement,Vehicle Going Dir,Speed Limit,Driverless Vehicle,Parked Vehicle,Vehicle Year,Vehicle Make,Vehicle Model,Latitude,Longitude,Location
MCP3000000T,16026808,Montgomery County Police,Property Damage Crash,05/29/2016 05:49:00 PM,Maryland (State),GREAT SENECA HWY,MATENY RD,,N/A,,HEAD ON LEFT TURN,RAINING,WET,DAYLIGHT,NO CONTROLS,NONE DETECTED,,2EB3835A-803A-43E6-A4FA-0467A4B77C79,Yes,NO APPARENT INJURY,"N/A, RAIN, SNOW",LOOKED BUT DID NOT SEE,MD,023615C6-D2D6-447E-824A-50D8E3ED6B59,DISABLING,TWELVE OCLOCK,PASSENGER CAR,MAKING LEFT TURN,South,50,No,No,2015,FORD,FOCUS,39.16457333,-77.27321,"(39.16457333, -77.27321)"
MCP3410000C,240047264,MONTGOMERY,Property Damage Crash,10/03/2024 06:30:00 PM,County Route,NORBECK RD,,,,,Single Vehicle,Clear,Dry,Daylight,No Controls,"Not Suspect of Alcohol Use, Not Suspect of Drug Use",,62A5BBA6-3256-45D2-883F-EFE88F00A996,Yes,No Apparent Injury,Ran Off Roadway,"Other Action (looking away from task, etc.)",MD,3289662C-D79D-4DD4-8C6D-6F9295153C8E,Disabling,Twelve O Clock,Passenger Car,Moving Constant Speed,Eastbound,40,No,No,2008,HONDA,UNKNOWN,39.12114477,-77.01021228,"(39.12114477, -77.01021228)"
MCP285900FW,240003313,MONTGOMERY,Injury Crash,01/22/2024 11:45:00 AM,Maryland (State) Route,W DIAMOND AVE,RAMP 7 FR MD 117 WB TO RAMP 6 (TO IS270),,,,Angle,Clear,Dry,Daylight,No Controls,"Not Suspect of Alcohol Use, Not Suspect of Drug Use",,88F4D5D7-0E15-43C2-B399-0A5D02741D93,No,Possible Injury,,Not Distracted,MD,B39D5E67-60D3-4019-B221-0811F4CAB307,Disabling,Eleven O Clock,Sport Utility Vehicle,Moving Constant Speed,Eastbound,35,No,No,2011,GMC,ACADIA,39.14066816,-77.21421759,"(39.14066816, -77.21421759)"
MCP23110017,15060893,MONTGOMERY,Injury Crash,11/28/2015 11:33:00 PM,County,MUDDY BRANCH RD,WEST SIDE DR,,GAITHERSBURG,,SAME DIR REAR END,RAINING,WET,DARK LIGHTS ON,TRAFFIC SIGNAL,N/A,,0F2D2AE9-62DF-4371-965D-81DB7EA4A7CE,No,NO APPARENT INJURY,"N/A, WET",NOT DISTRACTED,MD,5176D40F-305B-4316-852B-C776ABE1A900,FUNCTIONAL,SIX OCLOCK,PASSENGER CAR,STOPPED IN TRAFFIC LANE,South,35,No,No,2004,CHRY,SU,39.128405,-77.20638333,"(39.128405, -77.20638333)"
MCP30640032,200026325,Montgomery County Police,Property Damage Crash,07/07/2020 11:05:00 AM,Maryland (State),UNIVERSITY BLVD W,FERN ST,,N/A,,SAME DIRECTION RIGHT TURN,CLOUDY,DRY,DAYLIGHT,N/A,NONE DETECTED,,65733A04-D9CC-447D-9A7E-C6D9410978E7,No,NO APPARENT INJURY,N/A,NOT DISTRACTED,MD,9588E011-6481-4600-AB77-2A420B220BD7,FUNCTIONAL,ELEVEN OCLOCK,PASSENGER CAR,MOVING CONSTANT SPEED,East,35,No,No,2012,CHEVROLET,IMPALA,39.04134833,-77.04918,"(39.04134833, -77.04918)"
MCP30630013,180048878,Montgomery County Police,Property Damage Crash,09/30/2018 04:53:00 PM,,,,"13826 OLD COLUMBIA PIKE SILVER SPRING, MD 20904",,,N/A,CLEAR,,DAYLIGHT,N/A,N/A,,E9A0B735-75A2-4A32-8806-747E42EB2A79,Yes,NO APPARENT INJURY,N/A,LOOKED BUT DID NOT SEE,MD,6DDE122F-E469-4A5E-AB3F-CCE35489F2F6,SUPERFICIAL,SEVEN OCLOCK,PASSENGER CAR,SLOWING OR STOPPING,West,0,No,No,2004,PONTIAC,G6,39.08387333,-76.952015,"(39.08387333, -76.952015)"
MCP3138002Q,200050706,Montgomery County Police,Property Damage Crash,12/24/2020 09:54:00 PM,County,BRIGGS CHANEY RD,FIRESIDE DR,,N/A,,SINGLE VEHICLE,RAINING,WET,DARK LIGHTS ON,N/A,UNKNOWN,,E85EC8CE-C284-447A-9CC2-6580ED493337,Yes,NO APPARENT INJURY,"RAIN, SNOW, WET",UNKNOWN,,C309FDC8-B1D3-4A78-82A3-4DFD2D063978,DESTROYED,NON-COLLISION,PASSENGER CAR,MOVING CONSTANT SPEED,West,30,No,No,2004,TOYOTA,CAMRY,39.10108667,-76.97903167,"(39.10108667, -76.97903167)"
DD56010016,15043166,ROCKVILLE,Property Damage Crash,08/28/2015 08:47:00 AM,,,,East side parking lot / bus turn-around of Rockville Metro (250 Rockville Pike),,,SAME DIRECTION SIDESWIPE,CLEAR,,DAYLIGHT,NO CONTROLS,N/A,,02392BB9-4DC8-41F0-B5C1-300439FEEB7E,Yes,NO APPARENT INJURY,N/A,UNKNOWN,MD,CAEB749A-A1D5-4630-B6F0-10CEB7C8AAB1,FUNCTIONAL,FOUR OCLOCK,TRANSIT BUS,MOVING CONSTANT SPEED,West,15,No,No,2014,GILL,BUS,39.08543333,-77.14631,"(39.08543333, -77.14631)"
MCP1417007C,170508474,Montgomery County Police,Property Damage Crash,05/18/2017 12:35:00 PM,Maryland (State),FREDERICK RD,MONTGOMERY VILLAGE AVE,,N/A,,SAME DIR REAR END,N/A,DRY,DAYLIGHT,TRAFFIC SIGNAL,NONE DETECTED,,50BB3663-1DCB-49BB-9BBD-8E9AE3185DF3,No,NO APPARENT INJURY,N/A,NOT DISTRACTED,MD,C6E44E31-4CF3-409D-98A5-DB4A3C4B9182,FUNCTIONAL,SIX OCLOCK,(SPORT) UTILITY VEHICLE,SLOWING OR STOPPING,South,40,No,No,2011,NISSAN,MURANO,39.15254827,-77.21251488,"(39.15254827, -77.21251488)"
MCP295400DD,230022659,Montgomery County Police,Injury Crash,05/11/2023 05:11:00 PM,Maryland (State),PINEY BRANCH RD,GARLAND AVE,,N/A,,STRAIGHT MOVEMENT ANGLE,CLEAR,DRY,DAYLIGHT,NO CONTROLS,NONE DETECTED,,ED58FF76-FCCD-4740-9CC9-BE91A0696FBB,Yes,NO APPARENT INJURY,N/A,NOT DISTRACTED,MD,5265A05E-9A8B-418B-984C-5BF62D8C3D53,SUPERFICIAL,TWELVE OCLOCK,PASSENGER CAR,MOVING CONSTANT SPEED,North,30,No,No,2005,FORD,ECONO VAN,38.99862988,-76.9987401,"(38.99862988, -76.9987401)"
MCP3009007K,240003268,MONTGOMERY,Property Damage Crash,01/22/2024 07:50:00 AM,County Route,MIDDLEBROOK RD,,,,,Front to Rear,Clear,Dry,Daylight,No Controls,"Not Suspect of Alcohol Use, Not Suspect of Drug Use",,778AB51A-6E47-48DD-901E-F702D06BBA90,Yes,No Apparent Injury,,Not Distracted,MD,66F900D8-E2ED-4FDD-BF88-76AEA80886AC,Disabling,Twelve O Clock,Sport Utility Vehicle,Moving Constant Speed,Eastbound,40,No,No,2023,CADILLAC,XT6,39.17489795,-77.25324794,"(39.17489795, -77.25324794)"
MCP3280004H,240002661,MONTGOMERY,Property Damage Crash,01/17/2024 02:00:00 PM,,,,"Parking Stall        PARKING LOT OF 11215 NEW HAMPSHIRE AVE, SILVER SPRING, MD 20904",,,Other,Clear,,Daylight,,"Not Suspect of Alcohol Use, Not Suspect of Drug Use",,F04181E1-7483-45BD-89D2-CD87704276E7,No,No Apparent Injury,Other Improper Action,Not Distracted,MD,1E38EC2B-DC48-4084-AD5E-26AE694E9277,Superficial,Eleven O Clock,Passenger Car,Turning Left,Not On Roadway,0,No,No,2014,HONDA,CIVIC,39.04117763,-76.98948424,"(39.04117763, -76.98948424)"
EJ7879000R,200025934,Gaithersburg Police Depar,Property Damage Crash,07/04/2020 08:50:00 AM,County,GOSHEN RD,WILLOW CREEK DR,,N/A,,SAME DIR REAR END,CLEAR,DRY,DAYLIGHT,NO CONTROLS,NONE DETECTED,,B843201F-0846-43C8-AA7D-C365FD35F7B1,Yes,NO APPARENT INJURY,"ANIMAL, N/A",UNKNOWN,MD,09C07260-69CE-404C-BA93-922C24A3CF4B,DISABLING,TWELVE OCLOCK,PASSENGER CAR,MOVING CONSTANT SPEED,South,35,No,No,2001,FORD,2S,39.15438362,-77.19228705,"(39.15438362, -77.19228705)"
MCP3012000W,16028732,Montgomery County Police,Injury Crash,06/08/2016 07:56:00 AM,County,RANDOLPH RD,HAWKESBURY LA,,N/A,,SAME DIR REAR END,CLEAR,DRY,DAYLIGHT,NO CONTROLS,NONE DETECTED,,B7D73555-34F1-48E3-8C30-7CA40F61C049,Yes,NO APPARENT INJURY,N/A,NOT DISTRACTED,MD,F7E8A191-8431-43D6-AED4-C20D6BC57C9E,NO DAMAGE,TWELVE OCLOCK,PASSENGER CAR,STARTING FROM PARKED,West,45,No,No,2004,TOYOTA,CAROLLA,39.0660976,-77.02241063,"(39.0660976, -77.02241063)"
MCP2813003H,17052834,Montgomery County Police,Injury Crash,09/02/2017 03:30:00 PM,Maryland (State),CONNECTICUT AVE,VEIRS MILL RD,,N/A,,SAME DIRECTION SIDESWIPE,RAINING,WET,DAYLIGHT,YIELD SIGN,N/A,,ECE2053F-5273-40A3-BBFF-F9B2004EA0B8,No,POSSIBLE INJURY,"RAIN, SNOW, WET",LOOKED BUT DID NOT SEE,MD,AF8E20DD-6485-4D1E-AC5A-8061AEF1266F,DISABLING,ELEVEN OCLOCK,PASSENGER CAR,ENTERING TRAFFIC LANE,South,40,No,No,2014,HONDA,CIVIC,39.05002667,-77.07535667,"(39.05002667, -77.07535667)"
MCP2231005W,210008465,Montgomery County Police,Property Damage Crash,03/06/2021 01:08:00 PM,Maryland (State),QUINCE ORCHARD RD,SPUR TO MD 117,,N/A,,SAME DIR REAR END,CLEAR,DRY,DAYLIGHT,YIELD SIGN,NONE DETECTED,,0B5B9858-5006-43D8-91F1-D367B6909471,Yes,NO APPARENT INJURY,N/A,NOT DISTRACTED,MD,6BE9B46F-CB1D-4790-A72B-1587FEC16213,DISABLING,TWELVE OCLOCK,PASSENGER CAR,STARTING FROM LANE,North,35,No,No,2008,KIA,SEDONA,39.142465,-77.22070333,"(39.142465, -77.22070333)"
MCP137800FC,16061906,Montgomery County Police,Injury Crash,12/02/2016 02:33:00 PM,Municipality,RUSSELL AVE,CHRISTOPHER AVE,,GAITHERSBURG,,STRAIGHT MOVEMENT ANGLE,CLOUDY,DRY,DAYLIGHT,TRAFFIC SIGNAL,NONE DETECTED,,114B45CF-826D-48FE-90EC-E1C724AB18C7,No,NO APPARENT INJURY,N/A,NOT DISTRACTED,MD,4A7CFA9D-162D-4F86-AA1E-F43F554F4F82,DISABLING,ONE OCLOCK,PASSENGER CAR,MOVING CONSTANT SPEED,South,25,No,No,2006,FORD,FOCUS,39.15771472,-77.21357301,"(39.15771472, -77.21357301)"
MCP9386006C,180064671,Montgomery County Police,Property Damage Crash,12/27/2018 06:30:00 AM,Maryland (State),OLD GEORGETOWN RD,CEDAR LA,,N/A,,SAME DIRECTION SIDESWIPE,CLEAR,DRY,DAWN,TRAFFIC SIGNAL,NONE DETECTED,,19169C4C-C5A5-41B4-9351-C02EB6659602,No,NO APPARENT INJURY,N/A,NOT DISTRACTED,MD,E52B95E7-6BBA-4A7C-B707-F9704CF8CE74,DISABLING,NINE OCLOCK,PASSENGER CAR,MAKING LEFT TURN,East,40,No,No,2018,ACUR,TK,39.004635,-77.11091833,"(39.004635, -77.11091833)"
MCP27530013,16027739,Montgomery County Police,Injury Crash,06/03/2016 09:33:00 AM,Maryland (State),LAYHILL RD,HATHAWAY DR,,N/A,,STRAIGHT MOVEMENT ANGLE,RAINING,WET,DAYLIGHT,STOP SIGN,NONE DETECTED,,6AC0F735-AA1A-4919-9BE4-6F89895F3AE1,No,SUSPECTED MINOR INJURY,"N/A, WET",NOT DISTRACTED,MD,44D5DC79-832D-487C-9AC2-2225BC8DBC4E,SUPERFICIAL,TWELVE OCLOCK,PICKUP TRUCK,MOVING CONSTANT SPEED,South,40,No,No,1998,FORD,TK,39.07483333,-77.04564167,"(39.07483333, -77.04564167)"
MCP32220016,210041401,Montgomery County Police,Property Damage Crash,10/15/2021 05:00:00 PM,Maryland (State),GOLDSBORO RD,RIVER RD,,N/A,,SAME DIRECTION RIGHT TURN,CLEAR,DRY,DAYLIGHT,NO CONTROLS,NONE DETECTED,,4DF74B99-47E4-4FE9-ADF0-F3C2ADB76374,Yes,NO APPARENT INJURY,N/A,LOOKED BUT DID NOT SEE,MD,1AFD35B6-A271-45B5-A414-AE0A885DB522,SUPERFICIAL,SIX OCLOCK,PASSENGER CAR,ACCELERATING,East,35,No,No,2015,CHEVY,CRUZE,38.97280067,-77.12140683,"(38.97280067, -77.12140683)"
MCP27450013,15039862,MONTGOMERY,Property Damage Crash,08/10/2015 09:03:00 PM,Maryland (State),W DIAMOND AVE,QUINCE ORCHARD RD,,N/A,,SINGLE VEHICLE,CLOUDY,N/A,DARK LIGHTS ON,TRAFFIC SIGNAL,NONE DETECTED,,7658E5B2-8A81-49BD-896F-ED6F9EFA1D37,Yes,NO APPARENT INJURY,"N/A, WET",NOT DISTRACTED,VA,CF549D55-182E-4A53-AE47-5BFBDEBBB9C2,DISABLING,TWELVE OCLOCK,PASSENGER CAR,MAKING LEFT TURN,East,35,No,No,1999,LEXUS,ES300,39.14256333,-77.22057167,"(39.14256333, -77.22057167)"
MCP2039001R,16032689,Montgomery County Police,Injury Crash,06/28/2016 11:11:00 AM,Maryland (State),NORBECK RD,BALTIMORE RD,,N/A,,STRAIGHT MOVEMENT ANGLE,CLOUDY,DRY,DAYLIGHT,TRAFFIC SIGNAL,N/A,,15CFDBCE-6661-4BA0-9D1D-A11432AFCFCE,No,POSSIBLE INJURY,N/A,NOT DISTRACTED,MD,EA990647-BC1F-4030-ADE6-81E724ECA9D5,DESTROYED,TWELVE OCLOCK,PASSENGER CAR,MOVING CONSTANT SPEED,East,45,No,No,2014,HONDA,CIVIC,39.18180667,-77.25177,"(39.18180667, -77.25177)"
MCP9130005D,180027614,Montgomery County Police,Injury Crash,06/05/2018 09:25:00 AM,Municipality,CARROLL AVE,MERRIMAC DR,,TAKOMA PARK,,STRAIGHT MOVEMENT ANGLE,CLEAR,DRY,DAYLIGHT,STOP SIGN,NONE DETECTED,,15217399-DC50-4BD4-BBFF-4DE1294F8868,No,POSSIBLE INJURY,N/A,NOT DISTRACTED,MD,26288185-9174-4E9A-8F95-634E5C85B20E,DISABLING,ONE OCLOCK,PASSENGER CAR,MOVING CONSTANT SPEED,North,30,No,No,1996,HONDA,ACCORD,38.99247167,-76.99294833,"(38.99247167, -76.99294833)"
MCP2622001F,170531901,Montgomery County Police,Injury Crash,09/21/2017 10:06:00 AM,US (State),COLUMBIA PIKE,BLACKBURN RD,,N/A,,SAME DIR REAR END,CLEAR,DRY,DAYLIGHT,TRAFFIC SIGNAL,NONE DETECTED,,066B67BC-AA6E-4E81-A30B-A3F25C928587,No,NO APPARENT INJURY,N/A,NOT DISTRACTED,MD,B55CBC84-EED6-4D5F-9A58-766BB1158AFE,DISABLING,SIX OCLOCK,PASSENGER CAR,STOPPED IN TRAFFIC LANE,North,55,No,No,2009,NISSAN,VERSA,39.10390333,-76.93325,"(39.10390333, -76.93325)"
MCP3138004R,220041349,Montgomery County Police,Property Damage Crash,09/22/2022 04:58:00 PM,Maryland (State),GEORGIA AVE,BATCHELLORS FOREST RD,,N/A,,SAME DIR REAR END,CLEAR,DRY,DAYLIGHT,N/A,NONE DETECTED,,E8AC776B-C499-4B72-9884-E3A61C359E54,Yes,NO APPARENT INJURY,N/A,TALKING OR LISTENING TO CELLULAR PHONE,MD,7FE81470-02B7-4B24-9112-72C60C4D8C61,SUPERFICIAL,TWELVE OCLOCK,POLICE VEHICLE/NON EMERGENCY,STARTING FROM LANE,North,45,No,No,2016,FORD,4S,39.12405333,-77.07287833,"(39.12405333, -77.07287833)"
MCP1099001R,18000397,Montgomery County Police,Property Damage Crash,01/03/2018 12:06:00 PM,County,MIDCOUNTY HWY,SPUR TO SHADY GROVE RD,,N/A,,SAME DIR REAR END,CLEAR,DRY,DAYLIGHT,TRAFFIC SIGNAL,N/A,,4BA61587-966F-45CB-ACFA-6D1456A6B85D,Yes,NO APPARENT INJURY,N/A,LOOKED BUT DID NOT SEE,MD,9C4B9BDA-2639-46BB-8A9F-B648B0D6932C,SUPERFICIAL,TWELVE OCLOCK,PASSENGER CAR,SLOWING OR STOPPING,South,45,No,No,2013,HYUN,4S,39.14100333,-77.15216667,"(39.14100333, -77.15216667)"
MCP9133000N,16015348,MONTGOMERY,Property Damage Crash,03/29/2016 12:03:00 PM,,,,PARKING LOT OF 19859 CENTURY BLVD,,,OTHER,CLEAR,,DAYLIGHT,NO CONTROLS,NONE DETECTED,,72B6BDE8-C87A-421E-9D20-72C172A4AC06,Yes,NO APPARENT INJURY,N/A,LOOKED BUT DID NOT SEE,MD,3F7D1812-6447-4AA8-A536-ACD6B08ED8AB,SUPERFICIAL,ONE OCLOCK,PASSENGER CAR,PARKING,South,5,No,No,2006,NISSAN,ALTIMA,39.18426167,-77.26329833,"(39.18426167, -77.26329833)"
MCP28610017,15046060,MONTGOMERY,Property Damage Crash,09/11/2015 10:41:00 PM,,,,parking lot of 4905 del ray ave,,,OTHER,CLEAR,,DARK NO LIGHTS,NO CONTROLS,NONE DETECTED,,9E825A8F-BF2D-4D8C-875B-328E70B7C988,Yes,NO APPARENT INJURY,N/A,LOOKED BUT DID NOT SEE,MD,B0CEDF51-0987-4883-BE85-7555B446DE65,FUNCTIONAL,SIX OCLOCK,POLICE VEHICLE/NON EMERGENCY,BACKING,East,25,No,No,2009,CHEVY,4D,38.98980833,-77.09881333,"(38.98980833, -77.09881333)"
MCP3255001L,210011905,Montgomery County Police,Injury Crash,03/30/2021 05:30:00 PM,County,STEWARTOWN RD,MONTGOMERY VILLAGE AVE,,N/A,BICYCLIST,OTHER,CLEAR,DRY,DAYLIGHT,STOP SIGN,N/A,N/A,2D655460-6A0A-4ADB-B8CC-37241DE83F66,Yes,NO APPARENT INJURY,N/A,LOOKED BUT DID NOT SEE,MD,C5B4821E-73E3-4784-867D-90E9D0ACDF9D,SUPERFICIAL,ONE OCLOCK,PASSENGER CAR,MAKING RIGHT TURN,West,35,No,No,2014,CHEV,SUV,39.17921667,-77.20104333,"(39.17921667, -77.20104333)"
MCP29740034,200024042,Montgomery County Police,Injury Crash,06/19/2020 05:37:00 PM,County,BRIGGS CHANEY RD,ROBEY RD,,N/A,,SAME DIR REAR END,CLEAR,WET,DAYLIGHT,NO CONTROLS,NONE DETECTED,,A65524F7-2840-47BA-9701-B44A83BF28E7,No,POSSIBLE INJURY,"N/A, WET",NOT DISTRACTED,MD,C883E378-C83B-4F48-881C-B48937CE8BAD,FUNCTIONAL,SIX OCLOCK,PASSENGER CAR,STOPPED IN TRAFFIC LANE,East,35,No,No,2011,NISSAN,ROGUE,39.09467,-76.94758,"(39.09467, -76.94758)"
MCP30480021,170540395,Montgomery County Police,Property Damage Crash,11/02/2017 09:07:00 AM,County,WESTLAKE TERR,ROCKLEDGE DR,,N/A,,SAME DIR REAR END,CLEAR,DRY,DAYLIGHT,TRAFFIC SIGNAL,NONE DETECTED,,6723B2E8-D1A3-4107-8704-07C24AAC17A0,No,NO APPARENT INJURY,N/A,NOT DISTRACTED,MD,4403D2DA-FD04-4180-A297-07E5FB4C126D,NO DAMAGE,SIX OCLOCK,TRANSIT BUS,MOVING CONSTANT SPEED,East,30,No,No,2006,FORD,NEW FLYER,39.02639333,-77.14008167,"(39.02639333, -77.14008167)"
MCP20080050,180024096,Montgomery County Police,Injury Crash,05/16/2018 05:04:00 PM,Maryland (State),RIVER RD,BRADLEY BLVD,,N/A,,SAME DIR REAR END,RAINING,WET,DAYLIGHT,N/A,NONE DETECTED,,92E0D958-7977-4E11-9C6F-6E6068E71625,No,NO APPARENT INJURY,N/A,NOT DISTRACTED,MD,DC8C6EA3-0FE9-4302-8213-9C0DE0151AA7,SUPERFICIAL,SIX OCLOCK,(SPORT) UTILITY VEHICLE,SLOWING OR STOPPING,West,40,No,No,2015,INFI,TK,39.00135667,-77.17900667,"(39.00135667, -77.17900667)"
DM84970018,220011312,Takoma Park Police Depart,Property Damage Crash,03/16/2022 01:45:00 PM,Maryland (State),NEW HAMPSHIRE AVE,PRINCE GEORGES CO/L,,N/A,,SAME DIRECTION SIDESWIPE,CLEAR,DRY,DAYLIGHT,NO CONTROLS,UNKNOWN,,8C7C0FA4-99F8-403C-A57F-C4471C3F65E1,Yes,NO APPARENT INJURY,N/A,UNKNOWN,,C1D69783-313B-4183-B7C8-8AD28BE9534D,UNKNOWN,UNKNOWN,(SPORT) UTILITY VEHICLE,ACCELERATING,North,35,No,No,2021,CHEVROLET,BLAZER,38.98843727,-76.9876675,"(38.98843727, -76.9876675)"
MCP2564000S,15062198,MONTGOMERY,Property Damage Crash,12/05/2015 06:37:00 PM,County,MONTGOMERY VILLAGE AVE,CENTERWAY RD,,N/A,,HEAD ON LEFT TURN,CLEAR,DRY,DARK LIGHTS ON,TRAFFIC SIGNAL,NONE DETECTED,,31311E50-D5FA-4CE2-9DD6-C3C325AAF52A,No,NO APPARENT INJURY,N/A,NOT DISTRACTED,MD,0E4251B1-9886-4191-A09A-ED09B31038B7,DISABLING,TWELVE OCLOCK,PASSENGER CAR,STARTING FROM LANE,North,35,No,No,2002,VW,S40,39.17255886,-77.20352948,"(39.17255886, -77.20352948)"
DD5508002R,16058052,Rockville Police Departme,Property Damage Crash,11/10/2016 06:06:00 PM,Maryland (State),W MONTGOMERY AVE,FOREST AVE,,ROCKVILLE,,SAME DIR REAR END,CLEAR,DRY,DARK LIGHTS ON,N/A,NONE DETECTED,,B6368E1C-71FB-4662-B567-64F290A12B14,No,NO APPARENT INJURY,N/A,NOT DISTRACTED,MD,AB0CF022-05CD-4DE2-B5A7-C9313FA7D562,FUNCTIONAL,SIX OCLOCK,PASSENGER CAR,SLOWING OR STOPPING,West,30,No,No,2015,FORD,TK,39.08445167,-77.159505,"(39.08445167, -77.159505)"
MCP31970038,220054086,Montgomery County Police,Property Damage Crash,12/07/2022 02:05:00 PM,County,BRIGGS CHANEY RD,NEW HAMPSHIRE AVE,,N/A,,HEAD ON LEFT TURN,CLEAR,WET,DAYLIGHT,TRAFFIC SIGNAL,UNKNOWN,,BE6844A2-F044-42F2-9F58-B8FDB3E4AD0E,No,NO APPARENT INJURY,"N/A, WET",NOT DISTRACTED,MD,4E0F278F-0915-4583-B845-6DB8E5F621D5,FUNCTIONAL,ELEVEN OCLOCK,PASSENGER CAR,MAKING LEFT TURN,South,35,No,No,2016,HONDA,ODYSSEY,39.10847733,-76.99786327,"(39.10847733, -76.99786327)"
MCP1580009Z,190001748,Montgomery County Police,Property Damage Crash,01/11/2019 12:00:00 PM,,,,PARKING LOT AREA BEHIND 45 W WATKINS MILL RD,,,SINGLE VEHICLE,CLEAR,,DAYLIGHT,N/A,NONE DETECTED,,160AFD13-2F45-427E-9D90-0C13FBCA0127,Yes,NO APPARENT INJURY,N/A,NOT DISTRACTED,MD,C34D1809-47AC-4D04-8EDC-18249EA5A615,SUPERFICIAL,SIX OCLOCK,POLICE VEHICLE/NON EMERGENCY,BACKING,West,5,No,No,2017,FORD,TAURUS INTERCEPTOR,39.14948833,-77.23391667,"(39.14948833, -77.23391667)"
MCP2603005M,230063559,Montgomery County Police,Property Damage Crash,10/31/2023 10:24:00 AM,County,MONTGOMERY VILLAGE AVE,WALKERS CHOICE RD,,N/A,,SAME DIR REAR END,N/A,DRY,DAYLIGHT,N/A,N/A,,C35E9378-BC03-4A4C-AAD8-C304F9E83779,Yes,NO APPARENT INJURY,N/A,NOT DISTRACTED,MD,CBCE9E53-9CB9-4185-B62D-7C43647D7898,FUNCTIONAL,TWELVE OCLOCK,PASSENGER CAR,MOVING CONSTANT SPEED,South,35,No,No,2012,HOND,CP,39.16314,-77.203145,"(39.16314, -77.203145)"
MCP2782004J,230010547,Montgomery County Police,Property Damage Crash,03/03/2023 12:55:00 PM,Maryland (State),NORBECK RD,WOODS CENTER RD,,N/A,,SAME DIR REAR END,RAINING,WET,DAYLIGHT,NO CONTROLS,NONE DETECTED,,90963C7B-890E-4E3B-94AC-85B2211A2DA6,No,NO APPARENT INJURY,"RAIN, SNOW, WET",NOT DISTRACTED,MD,7E4E9E40-9B76-4584-B684-F664DD5D4EE6,FUNCTIONAL,SIX OCLOCK,(SPORT) UTILITY VEHICLE,SLOWING OR STOPPING,West,40,No,No,2023,TOYOTA,RAV4,39.27156,-77.21551,"(39.27156, -77.21551)"
MCP29780035,190046890,Montgomery County Police,Property Damage Crash,09/30/2019 04:40:00 PM,Maryland (State),RIVER RD,MANOR STONE DR,,N/A,,HEAD ON LEFT TURN,CLOUDY,DRY,DUSK,N/A,NONE DETECTED,,695CDF2F-7F38-4B10-98D8-71716E5CA95B,No,NO APPARENT INJURY,N/A,NOT DISTRACTED,MD,49F41A4B-67F6-44E7-AA27-0E9841FCBCC7,DESTROYED,TEN OCLOCK,PASSENGER CAR,MOVING CONSTANT SPEED,East,50,No,No,2009,SUBARU,OUTBACK,39.07277333,-77.32035833,"(39.07277333, -77.32035833)"
MCP3299002L,230015780,Montgomery County Police,Injury Crash,04/02/2023 01:18:00 PM,,,,"PARKING LOT OF 17901 BENTLEY ROAD, OLNEY,MARYLAND 20860",,,OTHER,CLEAR,,DAYLIGHT,NO CONTROLS,NONE DETECTED,,768A384D-FEDF-4065-A62F-FE07E59B177C,Yes,POSSIBLE INJURY,N/A,INATTENTIVE OR LOST IN THOUGHT,MD,8B6F86C8-CABB-47BC-B6CF-84264B583DF8,DISABLING,SIX OCLOCK,PASSENGER CAR,BACKING,East,5,No,No,2002,HONDA,ACCORD,39.15037,-77.02182667,"(39.15037, -77.02182667)"
MCP2278002R,190034931,Montgomery County Police,Property Damage Crash,07/23/2019 09:09:00 AM,Maryland (State),CONNECTICUT AVE,LELAND ST,,CHEVY CHASE #5,,STRAIGHT MOVEMENT ANGLE,RAINING,WET,DAYLIGHT,STOP SIGN,NONE DETECTED,,7982D5E6-D962-4D51-B97B-25D12BE01E06,Yes,NO APPARENT INJURY,"RAIN, SNOW, WET",UNKNOWN,MD,D9837823-4CA3-43FC-80D7-DC724DDC9F44,FUNCTIONAL,ELEVEN OCLOCK,PASSENGER CAR,MAKING LEFT TURN,East,30,No,No,2018,TOYOTA,RAV4,38.98557333,-77.077165,"(38.98557333, -77.077165)"
EJ7906000K,240010151,GAITHERSBURG,Property Damage Crash,03/01/2024 08:07:00 PM,Municipality Route,ORCHARD RIDGE DR,KENTLANDS BLVD (NB/L),,,,Other,Rain,Wet,Dark - Not Lighted,Traffic Control Signal,"Unknown, Unknown",,91F35A4C-DA08-405E-8083-B690BC2D54C8,No,,,,,51E9F5E8-484F-4498-9045-47E16728A3CA,Vehicle Not at Scene,Vehicle Not at Scene,,Turning Left,,25,No,No,0,,,39.12411199,-77.2321689,"(39.12411199, -77.2321689)"