Report Number,Local Case Number,Agency Name,ACRS Report Type,Crash Date/Time,Route Type,Road Name,Cross-Street Name,Off-Road Description,Municipality,Related Non-Motorist,Collision Type,Weather,Surface Condition,Light,Traffic Control,Driver Substance Abuse,Non-Motorist Substance Abuse,Person ID,Driver At Fault,Injury Severity,Circumstance,Driver Distracted By,Drivers License State,Vehicle ID,Vehicle Damage Extent,Vehicle First Impact Location,Vehicle Body Type,Vehicle Movement,Vehicle Going Dir,Speed Limit,Driverless Vehicle,Parked Vehicle,Vehicle Year,Vehicle Make,Vehicle Model,Latitude,Longitude,Location
MCP2330001R,180048792,Montgomery County Police,Property Damage Crash,09/30/2018 01:44:00 AM,Maryland (State),VEIRS MILL RD,CONNECTICUT AVE,,N/A,,OTHER,CLEAR,DRY,DARK LIGHTS ON,TRAFFIC SIGNAL,NONE DETECTED,,BEB450B8-D30F-48F5-84C2-96506FCE004D,No,NO APPARENT INJURY,N/A,NOT DISTRACTED,MD,12E00D7C-29C1-4154-B795-69813F9A6EB9,DISABLING,TWELVE OCLOCK,PASSENGER CAR,STARTING FROM LANE,North,40,No,No,2003,VOLVO,XC80,39.05149164,-77.07475152,"(39.05149164, -77.07475152)"
MCP31170020,190039459,Montgomery County Police,Property Damage Crash,08/18/2019 03:06:00 PM,Maryland (State),DARNESTOWN RD,QUINCE ORCHARD RD,,N/A,,OTHER,CLEAR,DRY,DAYLIGHT,TRAFFIC SIGNAL,NONE DETECTED,,48ECA4DA-A749-4B63-9743-55EE697A0AE2,Yes,NO APPARENT INJURY,N/A,NOT DISTRACTED,MD,A0A0D8F0-2DD0-4E0D-9516-3F8FE83B355C,DISABLING,TWELVE OCLOCK,PASSENGER CAR,ACCELERATING,East,35,No,No,2006,LEXUS,IS350,39.11853667,-77.25386667,"(39.11853667, -77.25386667)"
MCP2203001Z,170529151,Montgomery County Police,Injury Crash,09/07/2017 11:47:00 AM,Maryland (State),UNIVERSITY BLVD W,AMHERST AVE,,N/A,,ANGLE MEETS RIGHT TURN,CLEAR,DRY,DAYLIGHT,TRAFFIC SIGNAL,NONE DETECTED,,2631EF17-4FBF-4F0E-8CB4-CA91CDD83E03,No,POSSIBLE INJURY,N/A,NOT DISTRACTED,MD,56997C17-9F7D-43A9-B650-586597C888D1,DISABLING,ELEVEN OCLOCK,PASSENGER CAR,MAKING RIGHT TURN,North,25,No,No,2014,HONDA,ACCORD,39.04140667,-77.048865,"(39.04140667, -77.048865)"
EJ7856008M,200033493,Gaithersburg Police Depar,Property Damage Crash,08/27/2020 11:55:00 AM,Maryland (State),W DIAMOND AVE,BUREAU DR,,GAITHERSBURG,,HEAD ON LEFT TURN,CLEAR,DRY,DAYLIGHT,TRAFFIC SIGNAL,N/A,,07D02CD2-FFC6-4E33-8DF7-AEBFA647A835,Yes,NO APPARENT INJURY,N/A,NOT DISTRACTED,OH,BD0CDA20-8F50-4192-91F9-0F93597E11A0,DISABLING,TWELVE OCLOCK,PASSENGER CAR,MAKING LEFT TURN,North,35,No,No,2008,KIA,SPECTRA,39.14156558,-77.21755958,"(39.14156558, -77.21755958)"
MCP2871007V,220023819,Montgomery County Police,Property Damage Crash,06/03/2022 04:25:00 PM,Maryland (State),ROCKVILLE PIKE,GROSVENOR LA,,N/A,,SAME DIRECTION SIDESWIPE,CLEAR,DRY,DAYLIGHT,TRAFFIC SIGNAL,NONE DETECTED,,D2231846-10FA-4B89-9793-F3CC2FB748F9,No,NO APPARENT INJURY,N/A,NOT DISTRACTED,MD,D42AA56D-C841-45CA-B7B9-4FEDEC5C174A,FUNCTIONAL,ONE OCLOCK,PASSENGER CAR,MOVING CONSTANT SPEED,North,35,No,No,2011,MAZDA,MAZDA3,39.022635,-77.102955,"(39.022635, -77.102955)"
EJ7868000H,170536801,Gaithersburg Police Depar,Property Damage Crash,10/15/2017 03:15:00 PM,Maryland (State),MONTGOMERY VILLAGE AVE,FREDERICK RD,,N/A,,HEAD ON LEFT TURN,CLEAR,DRY,DAYLIGHT,TRAFFIC SIGNAL,NONE DETECTED,,24AFA4AD-F51C-4E96-91BB-F1D5F33847A7,Yes,NO APPARENT INJURY,N/A,UNKNOWN,MD,1A2CC2C7-F9CB-4CD4-9645-BE1422AB9D67,DISABLING,ONE OCLOCK,PASSENGER CAR,MAKING LEFT TURN,South,40,No,No,2014,HONDA,2S,39.15256699,-77.21191138,"(39.15256699, -77.21191138)"
MCP30200022,180020793,Montgomery County Police,Property Damage Crash,04/28/2018 12:01:00 AM,,,,MAIN BUILDING OF SILVER SPRING ASSEMBLY LOCATED AT 12805 GEORGIA AVE,,,SINGLE VEHICLE,UNKNOWN,,DARK -- UNKNOWN LIGHTING,NO CONTROLS,UNKNOWN,,4E5C8FC9-219D-41D5-B617-25123276779A,Yes,NO APPARENT INJURY,N/A,UNKNOWN,,94EC7734-2F67-4435-8295-9DBCABF159CB,UNKNOWN,TWELVE OCLOCK,,UNKNOWN,South,15,No,No,0,UNKNOWN,UNKNOWN,39.06582583,-77.05740407,"(39.06582583, -77.05740407)"
MCP29910090,230069788,Montgomery County Police,Property Damage Crash,12/04/2023 01:00:00 PM,Maryland (State),SPENCERVILLE RD,THOMPSON RD,,N/A,,N/A,CLEAR,DRY,DAYLIGHT,NO CONTROLS,NONE DETECTED,,AC96D811-127E-4F02-A666-9E1077C33615,No,NO APPARENT INJURY,N/A,NOT DISTRACTED,MD,0EE6AAF3-6EB4-4AB8-A9F0-1D59FD27D53D,FUNCTIONAL,SIX OCLOCK,PASSENGER CAR,MAKING LEFT TURN,East,0,No,No,2020,ACUR,MDX,39.1168295,-76.96823024,"(39.1168295, -76.96823024)"
MCP3065000Q,170531293,Montgomery County Police,Property Damage Crash,09/18/2017 01:34:00 PM,Maryland (State),NEW HAMPSHIRE AVE,OAKVIEW DR,,N/A,,OTHER,CLEAR,DRY,DAYLIGHT,N/A,UNKNOWN,,F33A52EB-8B4A-469B-9ACA-FAA58C868C76,Yes,NO APPARENT INJURY,N/A,NOT DISTRACTED,XX,05111E04-A3B6-4BEC-992F-33A11A24577B,UNKNOWN,EIGHT OCLOCK,PASSENGER CAR,MOVING CONSTANT SPEED,South,40,No,No,2005,TOYOTA,CAMRY,39.012305,-76.97847833,"(39.012305, -76.97847833)"
MCP3220002P,220024460,Montgomery County Police,Injury Crash,06/07/2022 04:49:00 PM,County,SNOUFFERS SCHOOL RD,WOODFIELD RD,,N/A,,STRAIGHT MOVEMENT ANGLE,RAINING,WET,DAYLIGHT,TRAFFIC SIGNAL,NONE DETECTED,,A6E6240F-8B4F-4F23-A9EB-BA8A57BA23D3,Yes,POSSIBLE INJURY,"N/A, RAIN, SNOW",LOOKED BUT DID NOT SEE,MD,4F477BA2-D869-4CA7-ADE0-A52E8DBBBE9F,DISABLING,ONE OCLOCK,PASSENGER CAR,MAKING LEFT TURN,South,35,No,No,2016,MERCEDES,CLA250,39.15905594,-77.16030279,"(39.15905594, -77.16030279)"
MCP2385000F,15027479,Montgomery County Police,Property Damage Crash,06/06/2015 09:39:00 PM,County,RIDGE RD,OBSERVATION DR,,N/A,,SAME DIR REAR END,CLEAR,DRY,DARK LIGHTS ON,TRAFFIC SIGNAL,NONE DETECTED,,B83A3DDC-F965-4C00-8656-0C6F08494E8B,No,NO APPARENT INJURY,N/A,NOT DISTRACTED,VA,723AD348-3600-4742-8497-D285668EC086,FUNCTIONAL,SIX OCLOCK,(SPORT) UTILITY VEHICLE,SLOWING OR STOPPING,North,45,No,No,2014,LEXUS,RX350,39.20145167,-77.253895,"(39.20145167, -77.253895)"
MCP3414000W,240049683,MONTGOMERY,Property Damage Crash,10/17/2024 02:53:00 PM,US (State),COLESVILLE RD (SB/L),,,,,Front to Rear,Clear,Dry,Daylight,Traffic Control Signal,"Not Suspect of Alcohol Use, Not Suspect of Drug Use",,52F1512E-0A00-45CA-A0FD-D72F8E99C72E,No,No Apparent Injury,,Not Distracted,MD,971CF61F-6969-49CF-A2AF-8056DE0B1669,Superficial,Six O Clock,Bus - School,Stopped in Traffic,Southbound,35,No,No,2019,THOMAS BUILT,SCHOOL BUS,39.00888882,-77.01832927,"(39.00888882, -77.01832927)"
MCP2311003G,180011374,Montgomery County Police,Property Damage Crash,03/06/2018 01:09:00 PM,Maryland (State),QUINCE ORCHARD RD,ENT TO NIST,,N/A,,SAME DIR REAR END,CLEAR,DRY,DAYLIGHT,N/A,N/A,,D6E50987-3615-42A7-B8F7-E086999E4D96,No,NO APPARENT INJURY,N/A,NOT DISTRACTED,DC,FC97E8BF-9A1D-458A-867C-91BD9E0B44E7,FUNCTIONAL,SIX OCLOCK,PASSENGER CAR,SLOWING OR STOPPING,North,35,No,No,2015,MINI,COOPER,39.13627167,-77.22291333,"(39.13627167, -77.22291333)"
MCP2617006Y,190005670,Montgomery County Police,Property Damage Crash,02/05/2019 10:50:00 AM,,,,13426 NEW HAMPSHIRE RD IN PARKING LOT.  STRUCK A BUILDING,,,SINGLE VEHICLE,N/A,,DAYLIGHT,NO CONTROLS,NONE DETECTED,,52F650D6-4CF5-4FAF-860A-49479C24309A,Yes,NO APPARENT INJURY,N/A,UNKNOWN,MD,54AEADC5-093D-4B73-9998-3D195F71B29B,DISABLING,ONE OCLOCK,PASSENGER CAR,PARKING,Unknown,0,No,No,2009,INFI,4S,39.07702667,-77.00243167,"(39.07702667, -77.00243167)"
MCP2881004F,220016158,Montgomery County Police,Property Damage Crash,04/16/2022 02:00:00 PM,County,WAYFARER RD,WATKINS MEADOW DR,,N/A,,OPPOSITE DIRECTION SIDESWIPE,CLEAR,DRY,DAYLIGHT,NO CONTROLS,NONE DETECTED,,1BDDA8B9-480C-4539-9449-440B1B06595A,No,NO APPARENT INJURY,N/A,NOT DISTRACTED,MD,6E3A99DF-8E4D-43CC-A9CD-4E410A4736E3,DISABLING,ELEVEN OCLOCK,PICKUP TRUCK,MAKING RIGHT TURN,North,30,No,No,2000,FORD,TK,39.19499333,-77.22449,"(39.19499333, -77.22449)"
MCP15500029,16042770,Montgomery County Police,Property Damage Crash,08/24/2016 10:20:00 AM,Maryland (State),ROCKVILLE PIKE,CEDAR LA,,N/A,,SAME DIRECTION SIDESWIPE,CLEAR,DRY,DAYLIGHT,NO CONTROLS,NONE DETECTED,,A28F8782-6C6B-4B46-A303-17A65E419C6B,No,NO APPARENT INJURY,N/A,NOT DISTRACTED,MD,4C391CDC-9BE0-4680-BE98-D2B0EF8FDEC6,SUPERFICIAL,TEN OCLOCK,SCHOOL BUS,MOVING CONSTANT SPEED,South,35,No,No,2005,NFLY,BUS,39.00724167,-77.09757167,"(39.00724167, -77.09757167)"
MCP27690010,170548805,Montgomery County Police,Property Damage Crash,12/15/2017 03:30:00 PM,Maryland (State),QUINCE ORCHARD RD,EISENHOWER MEMORIAL HWY,,N/A,,SAME DIR REAR END,SNOW,WET,DAYLIGHT,N/A,UNKNOWN,,91923DF5-169D-48DE-8201-C01D4615066D,Yes,NO APPARENT INJURY,"RAIN, SNOW, WET",UNKNOWN,,24FA0F99-3D0B-4110-8CBB-6887CCD4667F,UNKNOWN,TWELVE OCLOCK,PASSENGER CAR,ACCELERATING,North,35,No,No,2008,CHEV,4D,39.14846726,-77.21734285,"(39.14846726, -77.21734285)"
DM8338000J,16048715,Takoma Park Police Depart,Property Damage Crash,09/03/2016 02:00:00 PM,Maryland (State),PHILADELPHIA AVE,HOLLY AVE,,TAKOMA PARK,,OTHER,UNKNOWN,N/A,DAYLIGHT,STOP SIGN,UNKNOWN,,9173BBDF-E805-4740-8F2B-3E56280375BC,Yes,NO APPARENT INJURY,N/A,UNKNOWN,,67A0C8CD-B6E3-42CF-B078-AB1ABC9CAB48,UNKNOWN,UNKNOWN,,MOVING CONSTANT SPEED,West,25,No,No,0,UNKNOWN,UNKNOWN,38.98225146,-77.01358616,"(38.98225146, -77.01358616)"
MCP3163001L,190009738,Montgomery County Police,Injury Crash,03/01/2019 05:47:00 PM,County,MACARTHUR BLVD,SANGAMORE RD,,N/A,,STRAIGHT MOVEMENT ANGLE,RAINING,WET,DARK LIGHTS ON,TRAFFIC SIGNAL,NONE DETECTED,,574B926F-A4DE-4101-B59D-392F8155C245,Yes,SUSPECTED MINOR INJURY,"N/A, WET",LOOKED BUT DID NOT SEE,MD,4EE18F8C-3443-4A98-B1A1-9AF7AD1AC025,DISABLING,TWELVE OCLOCK,PASSENGER CAR,MAKING LEFT TURN,South,35,No,No,1999,HOND,4S,38.944595,-77.11696833,"(38.944595, -77.11696833)"
MCP3054000Y,170545428,Montgomery County Police,Injury Crash,11/28/2017 05:29:00 PM,County,REDLAND RD,SOMERVILLE DR,,N/A,PEDESTRIAN,SINGLE VEHICLE,CLEAR,DRY,DARK LIGHTS ON,TRAFFIC SIGNAL,NONE DETECTED,NONE DETECTED,63529B7E-1163-4F0D-B900-1C852B5C584B,Unknown,NO APPARENT INJURY,N/A,UNKNOWN,MD,94F3BD2C-EDC7-462D-8D34-25BABBBAA041,NO DAMAGE,TWELVE OCLOCK,PASSENGER CAR,MAKING RIGHT TURN,South,30,No,No,2013,CADILLAC,SRX,39.11684333,-77.16529667,"(39.11684333, -77.16529667)"
MCP2348000W,15013392,Montgomery County Police,Property Damage Crash,03/23/2015 04:13:00 PM,Maryland (State),VEIRS MILL RD,CENTERHILL ST,,N/A,,SAME DIR REAR END,CLEAR,DRY,DAYLIGHT,NO CONTROLS,NONE DETECTED,,F78C633F-B820-446E-8920-4E3E0E307C1E,No,NO APPARENT INJURY,N/A,NOT DISTRACTED,MD,2BE831B9-844B-437B-8053-2CFF89AC20EC,SUPERFICIAL,SIX OCLOCK,PICKUP TRUCK,STOPPED IN TRAFFIC LANE,West,40,No,No,2014,FORD,TK,39.05059,-77.07300333,"(39.05059, -77.07300333)"
MCP28620011,15053594,MONTGOMERY,Property Damage Crash,10/22/2015 12:08:00 PM,Municipality,EDISON PARK DR,ROAD END,,N/A,,SINGLE VEHICLE,CLEAR,DRY,DAYLIGHT,N/A,NONE DETECTED,,076777D1-30C7-4DE7-B3F0-FD1974ACA35B,Yes,NO APPARENT INJURY,N/A,LOOKED BUT DID NOT SEE,MD,8AAEA1A2-A3BE-47C1-BFDC-E8B4F577DF59,DISABLING,TWELVE OCLOCK,PICKUP TRUCK,SLOWING OR STOPPING,East,15,No,No,2014,TOYT,TUNDRA,39.11458667,-77.23328667,"(39.11458667, -77.23328667)"
EJ7836001Y,190047347,Gaithersburg Police Depar,Property Damage Crash,10/02/2019 10:16:00 PM,County,MUDDY BRANCH RD,KING JAMES WAY,,N/A,,OTHER,CLEAR,DRY,DARK LIGHTS ON,N/A,NONE DETECTED,,01C376F4-7F08-48E1-BFEA-B4F4A7FDB5C3,Yes,NO APPARENT INJURY,N/A,UNKNOWN,MD,150C4CEC-1484-4FCE-AA58-B9CBE521777D,SUPERFICIAL,SIX OCLOCK,PASSENGER CAR,SLOWING OR STOPPING,North,45,No,No,2010,HOND,CP,39.13738667,-77.20543667,"(39.13738667, -77.20543667)"
MCP2059001G,15006867,Montgomery County Police,Property Damage Crash,02/11/2015 06:53:00 AM,Maryland (State),CONNECTICUT AVE,MONTROSE DR,,N/A,,SAME DIRECTION SIDESWIPE,CLOUDY,DRY,DAWN,NO CONTROLS,NONE DETECTED,,A7745FAD-5CC1-4D75-8303-94EB77DC59B7,No,NO APPARENT INJURY,N/A,NOT DISTRACTED,FL,C48366C0-8566-4ED0-8B9E-0AC0DEC7DA24,SUPERFICIAL,TEN OCLOCK,PASSENGER CAR,STOPPED IN TRAFFIC LANE,South,35,No,No,2013,KIA,SPORTAGE,39.00156,-77.077305,"(39.00156, -77.077305)"
MCP2952001T,16021600,Montgomery County Police,Property Damage Crash,05/02/2016 12:23:00 PM,County,KENNETT ST,13TH ST,,N/A,,SINGLE VEHICLE,CLEAR,DRY,DAYLIGHT,NO CONTROLS,NONE DETECTED,,CBB2C6FA-34F8-48B9-A320-ABE08F23012A,Yes,NO APPARENT INJURY,N/A,OTHER DISTRACTION,MD,7E61F2F9-74EC-4767-A01E-3D8ADAA336C7,DISABLING,TWELVE OCLOCK,PASSENGER CAR,MAKING LEFT TURN,East,30,No,No,2013,SUBARU,FORESTER,38.98777,-77.02826167,"(38.98777, -77.02826167)"
MCP2107006G,250015753,MONTGOMERY,Injury Crash,04/11/2025 08:47:00 AM,County Route,WATKINS RD,WOODFIELD RD,,,,"Sideswipe, Same Direction",Cloudy,Wet,Daylight,Stop Sign,"Not Suspect of Alcohol Use, Not Suspect of Drug Use",,EE18E4F0-E8CA-4586-AC21-CFD5833BAE65,Yes,Possible Injury,Failed to Yield Right-of-Way,Not Distracted,MD,8A4208D3-F9E4-41EE-8887-C4DCD0A20453,Disabling,Ten O Clock,Passenger Car,Accelerating,Southbound,50,No,No,2024,HONDA,HR-V,39.2387033,-77.1821002,"(39.2387033, -77.1821002)"
MCP30990010,180046488,Montgomery County Police,Property Damage Crash,09/17/2018 04:01:00 PM,County,MATENY RD,GREAT SENECA HWY,,N/A,,SAME DIRECTION SIDESWIPE,RAINING,WET,DAYLIGHT,N/A,NONE DETECTED,,1DB03796-C26C-4587-9EA0-5BDD8D5BB225,Yes,NO APPARENT INJURY,"N/A, WET",UNKNOWN,MD,DA05D6BF-8943-42FE-BCF0-87D4FDC63298,SUPERFICIAL,ONE OCLOCK,PASSENGER CAR,MOVING CONSTANT SPEED,West,30,No,No,2010,CHEVY,4D,39.16421833,-77.272495,"(39.16421833, -77.272495)"
MCP3119002X,210030073,Montgomery County Police,Property Damage Crash,08/03/2021 10:00:00 AM,County,GAME PRESERVE RD,GATLIN DR,,N/A,,SAME DIR REAR END,CLEAR,DRY,DAYLIGHT,NO CONTROLS,NONE DETECTED,,9A60A92D-A852-42A9-B92A-50438F19FB5D,No,NO APPARENT INJURY,N/A,NOT DISTRACTED,MD,CDE7CD2C-F43C-4AF0-9F1F-3FC0EF28E8EC,SUPERFICIAL,SIX OCLOCK,PASSENGER CAR,SLOWING OR STOPPING,North,25,No,No,2020,GENS,G70,39.17000183,-77.2220275,"(39.17000183, -77.2220275)"
MCP20480016,17011344,Montgomery County Police,Injury Crash,03/03/2017 06:10:00 PM,County,OLD COLUMBIA PIKE,OLD COLUMBIA PIKE,,N/A,,HEAD ON LEFT TURN,CLOUDY,DRY,DARK LIGHTS ON,NO CONTROLS,NONE DETECTED,,7B99EACC-AEC3-46F5-A665-18780CEEE45C,Yes,POSSIBLE INJURY,N/A,LOOKED BUT DID NOT SEE,MD,36511142-A3F9-4DB2-AEEA-1ADB39412FCD,DISABLING,TWO OCLOCK,PASSENGER CAR,MAKING LEFT TURN,East,35,No,No,2006,SUZI,TK,39.10901,-76.93576,"(39.10901, -76.93576)"
MCP3409000T,250033607,MONTGOMERY,Property Damage Crash,07/28/2025 03:23:00 PM,Maryland (State) Route,GREAT SENECA HWY (SB/L),,,,,Single Vehicle,Clear,Dry,Daylight,No Controls,"Not Suspect of Alcohol Use, Not Suspect of Drug Use",,7E1C832E-A712-444D-A975-899275360E8D,No,No Apparent Injury,,Unknown,MD,2F61ED8E-2161-40B7-AEA2-6340C7A34046,Disabling,One O Clock,Passenger Car,Moving Constant Speed,Southbound,45,No,No,2013,MINI,HARDTOP,39.13657317,-77.25152883,"(39.13657317, -77.25152883)"
MCP9312000M,17510615,Montgomery County Police,Property Damage Crash,05/30/2017 05:30:00 AM,Maryland (State),MONTGOMERY VILLAGE AVE,LOST KNIFE RD,,N/A,,STRAIGHT MOVEMENT ANGLE,CLEAR,DRY,DAWN,FLASHING TRAFFIC SIGNAL,NONE DETECTED,,FF2B0C07-5EAF-429A-866F-8DC242E57E65,No,NO APPARENT INJURY,N/A,NOT DISTRACTED,MD,8309D2C0-A27E-47AE-A16A-DAF4141809A2,DISABLING,THREE OCLOCK,PASSENGER CAR,MOVING CONSTANT SPEED,North,35,No,No,1997,HOND,ACORD,39.15804333,-77.20419735,"(39.15804333, -77.20419735)"
MCP137800SH,190048147,Montgomery County Police,Property Damage Crash,10/07/2019 03:18:00 PM,Maryland (State),MUNCASTER MILL RD,LISA DR,,N/A,,SAME DIR REAR END,CLOUDY,DRY,DAYLIGHT,OTHER,NONE DETECTED,,B04880EA-B919-4F78-BC67-DA4D2B2DD186,Yes,NO APPARENT INJURY,N/A,NOT DISTRACTED,MD,106F58B6-DF84-4C26-9F12-435EC0623738,DISABLING,TWELVE OCLOCK,PASSENGER CAR,SLOWING OR STOPPING,West,35,No,No,2015,TOYT,PRIUS,39.143375,-77.1407,"(39.143375, -77.1407)"
EJ7809000N,15051947,GAITHERSBURG,Property Damage Crash,10/13/2015 01:30:00 PM,Maryland (State),FREDERICK RD,ODENDHAL AVE,,GAITHERSBURG,,SAME DIR REAR END,CLEAR,DRY,DAYLIGHT,NO CONTROLS,MEDICATION CONTRIBUTED,,DDA88386-C2D7-4FE6-ABCB-7C8CFA40BCEC,Yes,NO APPARENT INJURY,N/A,UNKNOWN,MD,205E0331-9B88-446E-8BB6-B6FD41584AE2,DISABLING,TWELVE OCLOCK,PASSENGER CAR,MOVING CONSTANT SPEED,North,30,No,No,2001,HYUNDAI,GLS,39.14778499,-77.20620632,"(39.14778499, -77.20620632)"
MCP1022003T,15062803,MONTGOMERY,Injury Crash,12/09/2015 07:56:00 AM,Maryland (State),RIDGE RD,BLOOM DR,,N/A,,SAME DIR REAR END,FOGGY,DRY,DAYLIGHT,NO CONTROLS,NONE DETECTED,,3029405D-EE5D-4680-9E33-B32F85A7648D,No,NO APPARENT INJURY,N/A,NOT DISTRACTED,MD,35A457AD-C29C-4BA2-BC8D-0E514778F685,SUPERFICIAL,SIX OCLOCK,PICKUP TRUCK,STOPPED IN TRAFFIC LANE,South,40,No,No,2007,CHEV,TK,39.26646167,-77.21813,"(39.26646167, -77.21813)"
MCP003600CM,190061367,Montgomery County Police,Injury Crash,12/20/2019 04:40:00 PM,Other Public Roadway,WOODFIELD RD EXT,ENT TO POST OFFICE,,N/A,,HEAD ON,CLEAR,DRY,DUSK,NO CONTROLS,NONE DETECTED,,0A085C73-13EB-4905-AE5C-5829B1269D21,Yes,SUSPECTED MINOR INJURY,N/A,UNKNOWN,MD,69D0EF14-631C-4DF8-AF60-1F05F4CEF40D,DISABLING,TWELVE OCLOCK,PASSENGER CAR,MOVING CONSTANT SPEED,North,35,No,No,2012,CADILLAC,4S,39.2919185,-77.20028817,"(39.2919185, -77.20028817)"
DD5648003B,240035760,ROCKVILLE,Property Damage Crash,07/29/2024 04:10:00 PM,Other Public Roadway,ELMCROFT BLVD (EB/L),KING FARM BLVD,,,,Angle,Clear,Dry,Daylight,Stop Sign,"Not Suspect of Alcohol Use, Not Suspect of Drug Use",,9065EA95-AAA6-4E3B-ABC6-1B4C5806622E,Yes,No Apparent Injury,,Not Distracted,MD,F336F34F-2167-40CE-B62E-560ED9F5F6AF,Functional,One O Clock,Passenger Car,Accelerating,,20,No,No,2017,MAZDA,CX-7,39.11635156,-77.1700205,"(39.11635156, -77.1700205)"
MCP2799002L,17050073,Montgomery County Police,Injury Crash,04/02/2017 06:36:00 PM,Maryland (State),OLNEY SANDY SPRING RD,VILLAGE CENTER DR,,N/A,,STRAIGHT MOVEMENT ANGLE,CLEAR,DRY,DAYLIGHT,TRAFFIC SIGNAL,NONE DETECTED,,FBAD9831-1145-4127-884E-5D11D7CC1F18,No,SUSPECTED MINOR INJURY,N/A,NOT DISTRACTED,MD,BB976A53-4EFB-4E84-92C2-98DD6CAF638F,DISABLING,TWELVE OCLOCK,MOTORCYCLE,MOVING CONSTANT SPEED,East,30,No,No,2008,HARLEY DAVIDSON,SIX GUIDE,39.152,-77.06444833,"(39.152, -77.06444833)"
MCP1152000W,190049783,Montgomery County Police,Property Damage Crash,10/17/2019 11:32:00 AM,Maryland (State),OLD GEORGETOWN RD,ARLINGTON RD,,N/A,,HEAD ON LEFT TURN,CLEAR,DRY,DAYLIGHT,FLASHING TRAFFIC SIGNAL,NONE DETECTED,,F79E4AB9-32A1-4E60-8543-FC729D74EC96,Yes,NO APPARENT INJURY,N/A,NOT DISTRACTED,MD,97D4BC3A-3E3E-4650-A566-7D9682059236,SUPERFICIAL,ONE OCLOCK,PICKUP TRUCK,MAKING LEFT TURN,North,30,No,No,2019,DODGE,RAM,38.98731667,-77.09911,"(38.98731667, -77.09911)"
MCP9419001S,180043414,Montgomery County Police,Injury Crash,08/31/2018 09:55:00 AM,County,SEVEN LOCKS RD,MONTROSE RD,,N/A,PEDESTRIAN,OTHER,CLEAR,DRY,DAYLIGHT,TRAFFIC SIGNAL,NONE DETECTED,NONE DETECTED,36ED60DC-4730-48BF-AA23-550D71F0BADC,No,NO APPARENT INJURY,N/A,NOT DISTRACTED,MD,90CD1DF3-97E2-429B-90F8-30D2E30D0634,NO DAMAGE,EIGHT OCLOCK,(SPORT) UTILITY VEHICLE,STARTING FROM LANE,North,35,No,No,2016,JEEP,TK,39.05682167,-77.16154333,"(39.05682167, -77.16154333)"
MCP28640021,16048361,Montgomery County Police,Injury Crash,09/20/2016 04:22:00 PM,County,RANDOLPH RD,GALENA RD,,N/A,,SAME DIR REAR END,CLEAR,DRY,DAYLIGHT,STOP SIGN,NONE DETECTED,,BE8F6920-AB78-4681-A795-B3A08B632375,Yes,POSSIBLE INJURY,N/A,UNKNOWN,MD,74E68057-0BFC-48C8-B9D3-9A9DBCEBAA27,FUNCTIONAL,TWELVE OCLOCK,PASSENGER CAR,MOVING CONSTANT SPEED,West,35,No,No,2016,JEEP,CHEROKEE,39.05357667,-77.09580667,"(39.05357667, -77.09580667)"
MCP2420005S,240046331,MONTGOMERY,Property Damage Crash,09/28/2024 11:10:00 AM,County Route,,OLNEY SANDY SPRING RD,,,,Angle,Cloudy,Dry,Daylight,Lane Use Control Signal,"Not Suspect of Alcohol Use, Not Suspect of Drug Use",,3EF11CD8-8E35-441D-BC4E-49762078C5DD,No,No Apparent Injury,,Not Distracted,MD,AA5AEBF4-6653-4608-AFC7-4C26C606F102,Disabling,Twelve O Clock,Passenger Car,Moving Constant Speed,Northbound,30,No,No,2011,BMW,328CI,39.1507105,-77.0620125,"(39.1507105, -77.0620125)"
MCP3254001Y,220020677,Montgomery County Police,Injury Crash,05/15/2022 12:32:00 PM,County,MATENY RD,GREAT SENECA HWY,,N/A,BICYCLIST,OTHER,CLEAR,DRY,DAYLIGHT,TRAFFIC SIGNAL,NONE DETECTED,NONE DETECTED,9D239950-7B7A-48F2-8C59-6F6B385336D6,Yes,NO APPARENT INJURY,N/A,BY OTHER OCCUPANTS,MD,882C6653-4CE0-4E22-85A7-D79340BDB978,SUPERFICIAL,TWELVE OCLOCK,(SPORT) UTILITY VEHICLE,MAKING RIGHT TURN,West,35,No,No,2014,BMW,X5,39.14622307,-77.27464274,"(39.14622307, -77.27464274)"
MCP297700BK,230002222,Montgomery County Police,Injury Crash,01/14/2023 10:52:00 AM,County,LOCKWOOD DR,WHITE OAK SHOPPIING CENTER,,N/A,,HEAD ON LEFT TURN,CLOUDY,DRY,DAYLIGHT,TRAFFIC SIGNAL,NONE DETECTED,,CF2D8E27-200C-4C91-8CBB-0A545E5A951F,No,POSSIBLE INJURY,N/A,NOT DISTRACTED,MD,5D51692F-16EC-42A4-B5E9-7E2BF97A4B12,DISABLING,TWELVE OCLOCK,PASSENGER CAR,MOVING CONSTANT SPEED,West,30,No,No,2022,HOND,CIVIC,39.04036833,-76.9896,"(39.04036833, -76.9896)"
MCP2942003K,180052625,Montgomery County Police,Property Damage Crash,10/20/2018 07:12:00 PM,County,WILLARD AVE,THE HILLS PLAZA,,FRIENDSHIP HEIGHTS,,STRAIGHT MOVEMENT ANGLE,CLEAR,DRY,DARK LIGHTS ON,STOP SIGN,UNKNOWN,,FF51448C-5077-43D4-9552-D3D6F8498BC4,Yes,NO APPARENT INJURY,N/A,UNKNOWN,,470B0AD5-D255-44CF-9572-57886F803A4B,UNKNOWN,TWELVE OCLOCK,PICKUP TRUCK,MAKING LEFT TURN,South,25,No,No,2018,GRAY,TITAN,38.9619,-77.08807,"(38.9619, -77.08807)"