Report Number,Local Case Number,Agency Name,ACRS Report Type,Crash Date/Time,Route Type,Road Name,Cross-Street Name,Off-Road Description,Municipality,Related Non-Motorist,Collision Type,Weather,Surface Condition,Light,Traffic Control,Driver Substance Abuse,Non-Motorist Substance Abuse,Person ID,Driver At Fault,Injury Severity,Circumstance,Driver Distracted By,Drivers License State,Vehicle ID,Vehicle Damage Extent,Vehicle First Impact Location,Vehicle Body Type,Vehicle Movement,Vehicle Going Dir,Speed Limit,Driverless Vehicle,Parked Vehicle,Vehicle Year,Vehicle Make,Vehicle Model,Latitude,Longitude,Location
MCP1334004S,17009576,Montgomery County Police,Property Damage Crash,02/22/2017 03:41:00 PM,County,WATKINS MILL RD,SMOOTHSTONE WAY,,N/A,,OTHER,CLEAR,DRY,DAYLIGHT,N/A,NONE DETECTED,,8ED9C3DB-DE1F-4CC7-8A49-9BAD2D2CAE49,Yes,NO APPARENT INJURY,N/A,NOT DISTRACTED,MD,A775AE5B-6030-410A-9FAC-75031DD4127A,SUPERFICIAL,FOUR OCLOCK,SCHOOL BUS,MAKING RIGHT TURN,North,35,No,No,2008,THOMAS,BUS,39.16805895,-77.21058905,"(39.16805895, -77.21058905)"
MCP295200CY,220036579,Montgomery County Police,Property Damage Crash,08/24/2022 01:13:00 PM,County,SECOND AVE,SPRING ST,,N/A,,SAME DIRECTION SIDESWIPE,CLEAR,DRY,DAYLIGHT,NO CONTROLS,NONE DETECTED,,4C9900F0-28CE-4B56-8FC1-94AA9337D62B,Yes,NO APPARENT INJURY,N/A,NOT DISTRACTED,DC,EE06CF49-80BE-4FFF-A982-15539EB3C244,FUNCTIONAL,TWO OCLOCK,TRANSIT BUS,SLOWING OR STOPPING,South,25,No,No,2012,GILLIG,BUS,38.99766306,-77.03424262,"(38.99766306, -77.03424262)"
MCP2351004B,210041966,Montgomery County Police,Property Damage Crash,10/19/2021 11:43:00 AM,County,RANDOLPH RD,PARKLAWN DR,,N/A,,SAME DIRECTION LEFT TURN,CLEAR,DRY,DAYLIGHT,TRAFFIC SIGNAL,NONE DETECTED,,F2048C68-C027-44D9-AD54-E2D6DF16B2FC,No,NO APPARENT INJURY,N/A,NOT DISTRACTED,MD,1239BF9A-6096-4237-B31F-11C0A0C59459,SUPERFICIAL,ELEVEN OCLOCK,TRANSIT BUS,MAKING LEFT TURN,South,35,No,No,2013,NEW FLYER,TBU,39.053525,-77.10611167,"(39.053525, -77.10611167)"
MCP2897000Y,16041125,Montgomery County Police,Property Damage Crash,08/13/2016 05:50:00 PM,Maryland (State),RIDGE RD,HAWKES RD,,N/A,,SAME DIR REAR END,CLEAR,DRY,DAYLIGHT,NO CONTROLS,NONE DETECTED,,A5D8E5F8-4732-4EBB-9FFF-34CAA0D374D2,Yes,NO APPARENT INJURY,N/A,UNKNOWN,MD,28BA75FA-B770-4CE6-91F1-16DCE086AA85,DISABLING,TWELVE OCLOCK,(SPORT) UTILITY VEHICLE,MOVING CONSTANT SPEED,North,30,No,No,2007,JEEP,LAREDO,39.24648667,-77.23413833,"(39.24648667, -77.23413833)"
MCP271700PF,190035601,Montgomery County Police,Property Damage Crash,07/26/2019 02:30:00 PM,Maryland (State),16TH ST,EAST WEST HWY,,N/A,,SAME DIRECTION SIDESWIPE,CLEAR,DRY,DAYLIGHT,NO CONTROLS,NONE DETECTED,,1BF6886E-63EF-4098-ADF1-EA177461CE4D,No,NO APPARENT INJURY,N/A,NOT DISTRACTED,MD,6D0E745B-442F-4712-8453-C27B65636A81,SUPERFICIAL,EIGHT OCLOCK,TRANSIT BUS,MOVING CONSTANT SPEED,South,35,No,No,2009,GILLIG,TRANSIT BUS,38.9954455,-77.03641683,"(38.9954455, -77.03641683)"
MCP120500B2,230066639,Montgomery County Police,Property Damage Crash,11/16/2023 08:52:00 AM,County,WOODMONT AVE,MONTGOMERY LA,,N/A,,OTHER,CLEAR,DRY,DAYLIGHT,TRAFFIC SIGNAL,NONE DETECTED,,734B3ACB-F547-4DE2-A91D-C356B0505761,Yes,NO APPARENT INJURY,N/A,NOT DISTRACTED,MD,3E5B3795-13A9-4388-8354-ECD78DD36C22,SUPERFICIAL,SEVEN OCLOCK,TRANSIT BUS,MAKING LEFT TURN,South,25,No,No,2016,GILL,BUS,38.98318667,-77.09574833,"(38.98318667, -77.09574833)"
MCP22460010,16021674,Montgomery County Police,Property Damage Crash,05/02/2016 05:35:00 PM,US (State),COLESVILLE RD,SPRING ST,,N/A,,SAME DIRECTION LEFT TURN,CLEAR,DRY,DAYLIGHT,NO CONTROLS,NONE DETECTED,,A61F6522-547B-4307-9E6A-00906D55476E,Yes,NO APPARENT INJURY,N/A,NOT DISTRACTED,NC,3243A347-07F6-4868-A224-0CC0C5C86E91,DISABLING,ELEVEN OCLOCK,PASSENGER CAR,MAKING LEFT TURN,North,40,No,No,2006,ACURA,MDX,39.00445333,-77.02344,"(39.00445333, -77.02344)"
MCP263900CV,210037426,Montgomery County Police,Property Damage Crash,09/22/2021 11:35:00 AM,Maryland (State),WOODFIELD RD,WARFIELD RD,,N/A,,SAME DIR REAR END,RAINING,WET,DAYLIGHT,TRAFFIC SIGNAL,NONE DETECTED,,F26C34A5-D093-4716-A09D-C11A92B3F341,No,NO APPARENT INJURY,"RAIN, SNOW, WET",NOT DISTRACTED,MD,6C9B4859-4756-4B35-B2C7-9827B7B97E4C,FUNCTIONAL,SIX OCLOCK,PASSENGER CAR,STOPPED IN TRAFFIC LANE,West,30,No,No,2000,SUBARU,LEGACY,39.19516,-77.152855,"(39.19516, -77.152855)"
MCP1260000Z,230014616,Montgomery County Police,Property Damage Crash,03/26/2023 01:45:00 PM,County,FATHER HURLEY BLVD,CRYSTAL ROCK DR,,N/A,,SAME DIRECTION SIDESWIPE,CLEAR,DRY,DAYLIGHT,TRAFFIC SIGNAL,UNKNOWN,,D3E9982E-BF29-4405-A40A-BEC74A9C587B,Yes,NO APPARENT INJURY,N/A,UNKNOWN,MD,A1BF81D3-F132-4E61-814B-CFC1DE3A9BBE,UNKNOWN,UNKNOWN,(SPORT) UTILITY VEHICLE,CHANGING LANES,North,30,No,No,2020,JEEP,GLADIATOR,39.19351934,-77.27020222,"(39.19351934, -77.27020222)"
MCP25460021,16055782,Montgomery County Police,Property Damage Crash,10/29/2016 05:22:00 PM,County,RANDOLPH RD,SELFRIDGE RD,,N/A,,SAME DIRECTION LEFT TURN,CLEAR,DRY,DAYLIGHT,TRAFFIC SIGNAL,NONE DETECTED,,2BF0CA6C-8B20-4267-914A-32E54809E6F3,No,NO APPARENT INJURY,N/A,NOT DISTRACTED,MD,B992C2CC-FC1C-4EF6-A0B9-E331AC586F8B,FUNCTIONAL,ONE OCLOCK,PICKUP TRUCK,MAKING LEFT TURN,West,40,No,No,2013,FORD,F250,39.05493,-77.08285167,"(39.05493, -77.08285167)"
MCP30350028,190028503,Montgomery County Police,Injury Crash,06/14/2019 07:14:00 PM,Maryland (State),MUNCASTER MILL RD,MILLCREST DR,,N/A,,SAME DIR REAR END,N/A,DRY,DAYLIGHT,NO CONTROLS,NONE DETECTED,,EC51CC87-00AA-427D-AB78-EFF1BB763B8B,No,POSSIBLE INJURY,N/A,NOT DISTRACTED,MD,30EE0EC6-FA0B-41BB-A547-5B168DD42B3C,SUPERFICIAL,FIVE OCLOCK,PASSENGER CAR,ACCELERATING,East,35,No,No,2013,BMW,X5,39.1460375,-77.14569967,"(39.1460375, -77.14569967)"
MCP30000016,16048130,Montgomery County Police,Property Damage Crash,09/19/2016 03:39:00 PM,Maryland (State),GERMANTOWN RD,AIRCRAFT DR,,N/A,,SAME DIR REAR END,RAINING,WET,DAYLIGHT,TRAFFIC SIGNAL,NONE DETECTED,,6E2A6397-AF19-4CEB-82E0-46488C656722,Yes,NO APPARENT INJURY,"RAIN, SNOW, WET",NOT DISTRACTED,VA,BF58A4EA-4C25-4152-912E-8A5CE05DCBFA,SUPERFICIAL,TWELVE OCLOCK,OTHER,SLOWING OR STOPPING,East,40,No,No,1999,TOYOTA,CAMRY,39.18176833,-77.260105,"(39.18176833, -77.260105)"
MCP3288002K,230062976,Montgomery County Police,Property Damage Crash,10/27/2023 10:30:00 PM,County,GOSHEN RD,SNOUFFERS SCHOOL RD,,N/A,,HEAD ON LEFT TURN,CLEAR,DRY,DARK LIGHTS ON,TRAFFIC SIGNAL,NONE DETECTED,,DC95A4BE-35B4-4673-98FB-E7EE576BD709,Yes,NO APPARENT INJURY,N/A,NOT DISTRACTED,MD,A5965527-B3E2-4F44-AF71-DD75E10F0AF8,DISABLING,TWELVE OCLOCK,PASSENGER CAR,MAKING LEFT TURN,West,35,No,No,2005,HONDA,ACCORD,39.187575,-77.18652167,"(39.187575, -77.18652167)"
MCP2937002W,190001165,Montgomery County Police,Property Damage Crash,01/08/2019 01:00:00 AM,US (State),COLUMBIA PIKE,RAMP 5 FR US 29 SB TO BRIGGS CHANEY RD,,N/A,,OTHER,RAINING,WET,DARK LIGHTS ON,NO CONTROLS,NONE DETECTED,,D243F032-9007-4AEB-BA15-0349B8A729BA,Yes,NO APPARENT INJURY,"RAIN, SNOW, WET",NOT DISTRACTED,MD,1F0755C9-3956-4285-AD65-327CE2403618,DISABLING,THREE OCLOCK,PASSENGER CAR,MOVING CONSTANT SPEED,West,35,No,No,1998,TOYOTA,COROLLA,39.08519167,-76.94701833,"(39.08519167, -76.94701833)"
MCP3328002W,230065694,Montgomery County Police,Injury Crash,11/10/2023 08:56:00 PM,County,RANDOLPH RD,HEURICH RD,,N/A,,OTHER,CLEAR,WET,DARK LIGHTS ON,TRAFFIC SIGNAL,NONE DETECTED,,349C1B61-8ABB-498A-BEDF-772DE808EAA2,No,POSSIBLE INJURY,"N/A, WET",NOT DISTRACTED,MD,0476FEF0-7B78-4A56-8041-49CA8B98970A,DISABLING,FIVE OCLOCK,PASSENGER CAR,MAKING LEFT TURN,East,35,No,No,2011,HONDA,CIVIC,39.0623921,-77.04184838,"(39.0623921, -77.04184838)"
MCP30580043,210016919,Montgomery County Police,Property Damage Crash,05/05/2021 05:37:00 PM,County,PARKLAWN DR,RANDOLPH RD,,N/A,,HEAD ON LEFT TURN,CLOUDY,DRY,DAYLIGHT,YIELD SIGN,NONE DETECTED,,AC871831-4ABB-4AE1-A2A3-EB4AC5595D28,No,NO APPARENT INJURY,N/A,NOT DISTRACTED,MD,2EAC9D49-DDC7-48BB-8569-087ACCBF0E59,DISABLING,ONE OCLOCK,PASSENGER CAR,MOVING CONSTANT SPEED,South,30,No,No,2012,TOYOTA,RAV 4,39.05241,-77.10646167,"(39.05241, -77.10646167)"
MCP3019004Q,220019589,Montgomery County Police,Property Damage Crash,05/08/2022 08:15:00 PM,County,EXECUTIVE BLVD,WOODGLEN DR,,N/A,,OTHER,CLEAR,DRY,DUSK,NO CONTROLS,ALCOHOL CONTRIBUTED,,0727356B-0CC5-45A1-8C70-8ABBDAD3DF00,Yes,NO APPARENT INJURY,N/A,UNKNOWN,MD,C394CA31-EAE4-47F0-AD71-883E24E6B656,FUNCTIONAL,SIX OCLOCK,PASSENGER CAR,BACKING,West,25,No,No,2018,KIA,SOUL,39.0423793,-77.11284485,"(39.0423793, -77.11284485)"
MCP33000018,210050620,Montgomery County Police,Property Damage Crash,12/13/2021 11:48:00 AM,Maryland (State),VEIRS MILL RD,ENT TO WHEATON PLAZA,,N/A,,SAME DIR BOTH LEFT TURN,CLEAR,DRY,DAYLIGHT,TRAFFIC SIGNAL,NONE DETECTED,,149A0C49-73BB-4A99-B410-0A95AA2826F7,No,NO APPARENT INJURY,N/A,NOT DISTRACTED,DC,C15CD3CA-5081-4E47-A12F-F70BE5844F16,SUPERFICIAL,SEVEN OCLOCK,PASSENGER CAR,MAKING LEFT TURN,North,25,No,No,2006,JAGUAR,XTYPE,39.03696811,-77.05104641,"(39.03696811, -77.05104641)"
DM8421000F,15046324,TAKOMA,Injury Crash,09/13/2015 01:22:00 PM,Maryland (State),CARROLL AVE,JEFFERSON AVE,,TAKOMA PARK,,OTHER,CLEAR,DRY,DAYLIGHT,N/A,NONE DETECTED,,7C89B88A-FFDE-4820-BB9C-4388291A9DDD,No,SUSPECTED MINOR INJURY,N/A,NOT DISTRACTED,MD,E0DBA002-8AD4-4C64-9B57-A42B7ABD32B4,DISABLING,ROOF TOP,PASSENGER CAR,MOVING CONSTANT SPEED,North,25,No,No,2008,HONDA,CIVIC,38.98339667,-77.00028167,"(38.98339667, -77.00028167)"
MCP2855005J,250010893,MONTGOMERY,Property Damage Crash,03/12/2025 03:18:00 PM,County Route,OAKVIEW DR,NEW HAMPSHIRE AVE (SB/L),,,,"Sideswipe, Same Direction",Clear,Dry,Daylight,Traffic Control Signal,"Not Suspect of Alcohol Use, Not Suspect of Drug Use",,24EFF204-FB3B-41E9-B4D8-056FDF28F07A,No,No Apparent Injury,,Not Distracted,MD,C9D3B333-7C74-446D-8797-C975C06CCDCB,Superficial,Three O Clock,Sport Utility Vehicle,Moving Constant Speed,,35,No,No,2019,TOYOTA,HIGHLANDER,39.01543246,-76.97812883,"(39.01543246, -76.97812883)"
MCP2874002S,170537476,Montgomery County Police,Property Damage Crash,10/18/2017 10:00:00 PM,Maryland (State),UNIVERSITY BLVD W,NICHOLAS DR,,N/A,,SAME DIRECTION SIDESWIPE,N/A,DRY,DARK LIGHTS ON,OTHER,NONE DETECTED,,AC8D8FF2-6A2E-45A6-8498-9C86B9562A65,No,NO APPARENT INJURY,"N/A, ROAD UNDER CONSTRUCTION/MAINTENANCE",NOT DISTRACTED,MD,DCE9612F-73E0-411B-BF76-873F511D6704,SUPERFICIAL,NINE OCLOCK,OTHER,MOVING CONSTANT SPEED,West,35,No,No,2009,HONDA,ACCORD,39.03784466,-77.04016685,"(39.03784466, -77.04016685)"
MCP26940032,240006409,MONTGOMERY,Property Damage Crash,01/31/2024 12:00:00 PM,,,,Parking Stall        PARKING LOT OF 10901 GEORGIA AVE (BEST BUY),,,Unknown,Clear,,Daylight,,"Unknown, Unknown",,C0A254A9-058E-45B0-AEE1-B2A6693DA053,No,,,,,DE66A3BC-D9F4-431F-A895-8493E9550636,Vehicle Not at Scene,Vehicle Not at Scene,Unknown,,Unknown,0,No,No,0,,,39.03419697,-77.04847857,"(39.03419697, -77.04847857)"
DD5610002B,17000439,Rockville Police Departme,Property Damage Crash,01/03/2017 06:17:00 PM,Maryland (State),ROCKVILLE PIKE,TALBOTT ST,,ROCKVILLE,,STRAIGHT MOVEMENT ANGLE,N/A,WET,DARK LIGHTS ON,NO CONTROLS,N/A,,81B8E8D5-96AB-4B07-B248-171BCA604A08,No,NO APPARENT INJURY,"N/A, WET",NOT DISTRACTED,MD,86A4C180-B4DF-47E0-BAD1-051E76048832,DISABLING,TWELVE OCLOCK,PASSENGER CAR,MOVING CONSTANT SPEED,North,40,No,No,2014,CHEV,4S,39.07113433,-77.132,"(39.07113433, -77.132)"
MCP2800005M,220045169,Montgomery County Police,Property Damage Crash,10/14/2022 11:45:00 PM,Maryland (State),ROCKVILLE PIKE,CROSSOVER,,N/A,,STRAIGHT MOVEMENT ANGLE,CLEAR,DRY,DARK LIGHTS ON,TRAFFIC SIGNAL,NONE DETECTED,,E0F95F79-72A0-4D35-86CB-FE77D9A870E2,No,NO APPARENT INJURY,N/A,NOT DISTRACTED,MD,951D20F4-4F8D-4F27-93D7-61A3C8B902AC,FUNCTIONAL,ELEVEN OCLOCK,PASSENGER CAR,STARTING FROM LANE,West,35,No,No,2020,HYUN,TK,39.02273333,-77.10302,"(39.02273333, -77.10302)"
MCP13660058,16052645,Montgomery County Police,Injury Crash,10/13/2016 12:25:00 PM,Maryland (State),FREDERICK RD,ENT TO SHADY GROVE METRO STATION,,N/A,,HEAD ON LEFT TURN,CLEAR,DRY,DAYLIGHT,TRAFFIC SIGNAL,NONE DETECTED,,462E02D7-8908-4E1B-AA70-6FC86C108778,Yes,SUSPECTED SERIOUS INJURY,N/A,LOOKED BUT DID NOT SEE,NJ,1A2A0B5C-92E5-4044-A5D5-EBB604396ADD,DISABLING,THREE OCLOCK,PASSENGER CAR,MAKING LEFT TURN,East,40,No,No,2007,HONDA,ACCORD,39.117455,-77.16903833,"(39.117455, -77.16903833)"
MCP3320003D,250016928,MONTGOMERY,Property Damage Crash,04/18/2025 06:30:00 PM,Ramp,RAMP 2 FR IS 495 WB TO MD 97 NB,,,,,Front to Rear,Clear,Dry,Daylight,Yield Sign,"Not Suspect of Alcohol Use, Not Suspect of Drug Use",,C70AC68A-66C4-4F03-AD27-25CC645D99A8,No,No Apparent Injury,,Not Distracted,MD,1F54E908-B8CF-4174-99D9-4695BDB689B2,Functional,Six O Clock,Passenger Car,Stopped in Traffic,,25,No,No,2016,LEXUS,GS,39.01436376,-77.04210987,"(39.01436376, -77.04210987)"
MCP31910014,190039690,Montgomery County Police,Property Damage Crash,08/19/2019 08:30:00 PM,,,,PARKING LOT 14819 SOUTHLAWN LN (PRIVATE PROPERTY),,,SINGLE VEHICLE,CLEAR,,DARK LIGHTS ON,NO CONTROLS,NONE DETECTED,,80B98994-C15A-4836-90D7-58E2D90372D0,Yes,NO APPARENT INJURY,N/A,NOT DISTRACTED,GA,A271DD80-87F2-4CBB-BE00-D9155C625714,NO DAMAGE,SIX OCLOCK,TRUCK TRACTOR,BACKING,West,25,No,No,2016,VOLV,TT,39.098335,-77.136445,"(39.098335, -77.136445)"
MCP1438004V,170523472,Montgomery County Police,Injury Crash,08/07/2017 12:15:00 PM,Maryland (State),MONTGOMERY VILLAGE AVE,FREDERICK RD,,N/A,,SAME DIR REAR END,RAINING,WET,DAYLIGHT,TRAFFIC SIGNAL,NONE DETECTED,,AE24375B-84F2-4C55-97D7-D8B961D5BC73,Yes,NO APPARENT INJURY,"RAIN, SNOW, WET",NOT DISTRACTED,MD,9C82528F-282E-4562-BDF4-430C57091ACE,NO DAMAGE,TWELVE OCLOCK,PASSENGER CAR,SLOWING OR STOPPING,West,35,No,No,2000,DODG,TK,39.15323333,-77.211385,"(39.15323333, -77.211385)"
MCP2251000N,15003685,Montgomery County Police,Injury Crash,01/23/2015 08:42:00 AM,County,RANDOLPH RD,GLENALLAN AVE,,N/A,,SAME DIR REAR END,CLEAR,WET,DAYLIGHT,NO CONTROLS,NONE DETECTED,,8A1BEDED-49E6-46CA-B951-D77913847207,Yes,NO APPARENT INJURY,"N/A, WET",NOT DISTRACTED,DC,32E4C540-55D6-47EB-A15E-5881C7372138,SUPERFICIAL,TWELVE OCLOCK,PASSENGER CAR,MOVING CONSTANT SPEED,West,40,No,No,2009,MITSUBISHI,GALANT,39.05730667,-77.07290167,"(39.05730667, -77.07290167)"
MCP3390000G,240007786,MONTGOMERY,Injury Crash,02/17/2024 12:48:00 AM,County Route,CLARKSBURG RD,,,,,Single Vehicle,Snow,Snow,Dark - Not Lighted,No Controls,"Not Suspect of Alcohol Use, Not Suspect of Drug Use",,BE5D0EF6-C391-4B6B-BA25-F531E51C23E8,Yes,Possible Injury,,Not Distracted,MD,3A4813AB-D521-46B3-95A4-082103FA2349,Disabling,One O Clock,Passenger Car,Moving Constant Speed,Northbound,35,No,No,2022,TESLA,MODEL 3,39.25630772,-77.27558315,"(39.25630772, -77.27558315)"
MCP27830055,230072068,Montgomery County Police,Property Damage Crash,12/16/2023 03:03:00 PM,County,NORBECK RD,FIRESTONE DR,,N/A,,SAME DIR REAR END,CLEAR,DRY,DAYLIGHT,NO CONTROLS,NONE DETECTED,,CF36DAD3-6849-43E5-ADC5-71142BC3182E,No,NO APPARENT INJURY,"ANIMAL, N/A",UNKNOWN,MD,6BC3EDAC-C0AC-46BA-B127-1854ED7C09FD,FUNCTIONAL,SIX OCLOCK,PASSENGER CAR,SLOWING OR STOPPING,East,35,No,No,2016,HONDA,CIVIC,39.12092433,-77.01462783,"(39.12092433, -77.01462783)"
MCP27230077,230008576,Montgomery County Police,Property Damage Crash,02/20/2023 06:40:00 PM,Maryland (State),GEORGIA AVE,GLENALLAN AVE,,N/A,,SAME DIRECTION SIDESWIPE,CLEAR,DRY,DARK LIGHTS ON,NO CONTROLS,NONE DETECTED,,1BD7D4A9-29FC-4FA6-9C10-1C656638A9E8,No,NO APPARENT INJURY,N/A,NOT DISTRACTED,MD,ECC2D3AA-2216-406E-A7C5-AAF06513A509,DISABLING,NINE OCLOCK,PASSENGER CAR,MOVING CONSTANT SPEED,South,35,No,No,1993,HONDA,ACCORD,39.06341333,-77.05495,"(39.06341333, -77.05495)"
MCP2531000F,15066626,MONTGOMERY,Property Damage Crash,12/28/2015 08:10:00 PM,County,SAM EIG HWY,RAMP 1 FR IS 270 NB TO IS 370 WB,,N/A,,SINGLE VEHICLE,RAINING,WET,DARK -- UNKNOWN LIGHTING,NO CONTROLS,N/A,,98CD07B6-164B-480E-BC24-4CA8A9B209FE,Yes,NO APPARENT INJURY,"SLEET, HAIL, FREEZ. RAIN, WET",NOT DISTRACTED,MD,280D4AE9-C3FE-4E33-9342-FBC6C8ACE82F,DISABLING,TWELVE OCLOCK,(SPORT) UTILITY VEHICLE,CHANGING LANES,West,50,No,No,2004,TOYOTA,4RUNNER,39.119075,-77.20475833,"(39.119075, -77.20475833)"
MCP2969003G,170516400,Montgomery County Police,Property Damage Crash,06/29/2017 11:37:00 AM,,,,"13490 NEW HAMPSHIRE AVE, COLESVILLE, MD 20904
PARKING LOT AT THE EXIT ONTO MIDLAND RD AND NEW HAM",,,SAME DIR REAR END,CLEAR,,DAYLIGHT,TRAFFIC SIGNAL,NONE DETECTED,,A11BEF11-6EC7-4A92-897D-9E0AB67E6B08,Yes,NO APPARENT INJURY,N/A,UNKNOWN,MD,8CA8DF37-A3AA-4AC8-ACBD-EB83CD3E2EF9,NO DAMAGE,TWELVE OCLOCK,"MEDIUM/HEAVY TRUCKS 3 AXLES (OVER 10,000LBS (4,536KG))",SLOWING OR STOPPING,East,15,No,No,2014,MACK,TRK,39.07743288,-77.00185955,"(39.07743288, -77.00185955)"
MCP3091001V,190029167,Montgomery County Police,Property Damage Crash,06/18/2019 05:58:00 PM,County,PINEY MEETINGHOUSE RD,DEERCREST LA,,N/A,,ANGLE MEETS LEFT TURN,CLOUDY,DRY,DAYLIGHT,STOP SIGN,N/A,,3FD42701-3C73-4E40-8FF1-C0C7B634D08D,Yes,NO APPARENT INJURY,N/A,UNKNOWN,MD,9D6CA3CE-7D4D-4618-9F38-7EB6BA5521B5,SUPERFICIAL,ONE OCLOCK,"CARGO VAN/LIGHT TRUCK 2 AXLES (OVER 10,000LBS (4,536 KG))",ACCELERATING,North,30,No,No,2005,CHEVY,TK,39.04536833,-77.23359167,"(39.04536833, -77.23359167)"
MCP27670029,16066251,Montgomery County Police,Property Damage Crash,12/24/2016 11:42:00 PM,Maryland (State),CONNECTICUT AVE,ASPEN HILL RD,,N/A,,STRAIGHT MOVEMENT ANGLE,CLEAR,DRY,DARK LIGHTS ON,TRAFFIC SIGNAL,NONE DETECTED,,117CF161-61EA-4661-BC5F-C22641A1B794,No,NO APPARENT INJURY,N/A,NOT DISTRACTED,MD,76918CE7-D570-4344-9312-E7CEDC7C1A5F,DESTROYED,FOUR OCLOCK,PASSENGER CAR,MAKING LEFT TURN,North,45,No,No,2010,HONDA,CIVIC,39.08025167,-77.08077667,"(39.08025167, -77.08077667)"
MCP29420011,15039141,MONTGOMERY,Property Damage Crash,08/06/2015 01:45:00 PM,Maryland (State),WISCONSIN AVE,BRADLEY LA,,N/A,,SAME DIRECTION SIDESWIPE,CLOUDY,DRY,DAYLIGHT,N/A,NONE DETECTED,,FBB49838-7B40-4373-BEE9-88AF3054A8B9,No,NO APPARENT INJURY,N/A,NOT DISTRACTED,MD,E1201097-EBFF-41AD-B9EF-1C6C49A57EF5,SUPERFICIAL,ONE OCLOCK,PASSENGER CAR,ACCELERATING,South,30,No,No,2012,TESLA,MODEL S,38.97901131,-77.09183693,"(38.97901131, -77.09183693)"
MCP30860008,170528691,Montgomery County Police,Property Damage Crash,09/04/2017 09:30:00 PM,Interstate (State),EISENHOWER MEMORIAL HWY,MUDDY BRANCH RD,,N/A,,SAME DIR REAR END,CLEAR,DRY,DARK LIGHTS ON,N/A,NONE DETECTED,,83E66012-9909-4100-83BB-1DC5C37E6D1C,No,NO APPARENT INJURY,N/A,NOT DISTRACTED,MD,C02A98B8-24EA-4F3B-BD63-BA4546636842,DISABLING,TWELVE OCLOCK,PASSENGER CAR,MOVING CONSTANT SPEED,South,55,No,No,1998,NISS,4S,39.67337039,-77.50305176,"(39.67337039, -77.50305176)"
MCP1020002Z,180008831,Montgomery County Police,Property Damage Crash,02/20/2018 03:56:00 PM,Maryland (State),FREDERICK RD,STRINGTOWN RD,,N/A,,SAME DIR REAR END,CLEAR,DRY,DAYLIGHT,TRAFFIC SIGNAL,NONE DETECTED,,0FB9B2C9-9D86-4869-8072-9620B3B3FC69,No,NO APPARENT INJURY,N/A,NOT DISTRACTED,MD,F769A7C8-4E42-4190-9073-3B5179251E15,SUPERFICIAL,SIX OCLOCK,PICKUP TRUCK,STOPPED IN TRAFFIC LANE,North,40,No,No,2004,DODG,TK,39.2380475,-77.2764,"(39.2380475, -77.2764)"
MCP2369000L,16000246,Montgomery County Police,Property Damage Crash,01/02/2016 12:08:00 PM,,,,PARKING LOT OF 2150 INDUSTRIAL PARKWAY,,,HEAD ON,CLEAR,,DAYLIGHT,N/A,NONE DETECTED,,6A51B3A7-B9F0-436A-AAFF-84FD55D9F19A,Yes,NO APPARENT INJURY,N/A,NOT DISTRACTED,MD,1C9A4A00-CD72-48C1-9AF7-A573B2E2E81C,DISABLING,TWELVE OCLOCK,PASSENGER CAR,MAKING LEFT TURN,East,25,No,No,2006,LEXUS,LS430,39.05388674,-76.96859479,"(39.05388674, -76.96859479)"
MCP2290000Z,170539964,Montgomery County Police,Injury Crash,10/31/2017 12:01:00 PM,,,,PARKING LOT IFO GIANT (12051 ROCKVILLE PIKE),,,STRAIGHT MOVEMENT ANGLE,CLEAR,,DAYLIGHT,STOP SIGN,NONE DETECTED,,13EB3C2D-107C-44D5-8935-49BDF0FC1C7A,Yes,NO APPARENT INJURY,N/A,LOOKED BUT DID NOT SEE,MD,6E8BC858-199C-435D-8DD2-85BB20859284,FUNCTIONAL,TWELVE OCLOCK,PASSENGER CAR,ACCELERATING,North,25,No,No,2007,TOYOTA,CAMRY,39.05453,-77.11490633,"(39.05453, -77.11490633)"
MCP2475001V,170508891,Montgomery County Police,Injury Crash,05/20/2017 03:31:00 PM,,,,IN PARKING LOT OF 8750 ARLISS ST.,,PEDESTRIAN,OTHER,N/A,,DAYLIGHT,N/A,UNKNOWN,N/A,C684CB7A-CB91-49B9-B86F-716F36995C8B,Yes,NO APPARENT INJURY,N/A,UNKNOWN,,C54456C1-8B0F-4513-8192-FFBAA8769312,UNKNOWN,SIX OCLOCK,,BACKING,East,5,No,No,0,UNKNOWN,UNKNOWN,38.99927545,-77.00235844,"(38.99927545, -77.00235844)"
MCP2736001T,15005079,Montgomery County Police,Property Damage Crash,01/31/2015 08:25:00 PM,County,CEDAR LA,BARDON RD,,N/A,,SAME DIRECTION SIDESWIPE,N/A,DRY,UNKNOWN,N/A,UNKNOWN,,CE12AE8A-5D64-4196-9F1A-351C43E6B94E,Yes,NO APPARENT INJURY,N/A,UNKNOWN,,1B1C55AD-97C6-407D-999F-54D1CEC573D1,UNKNOWN,ONE OCLOCK,UNKNOWN,UNKNOWN,East,30,No,No,0,UNKNOWN,UNKNOWN,39.00574,-77.10087,"(39.00574, -77.10087)"
MCP3075004Q,240037942,MONTGOMERY,Property Damage Crash,08/11/2024 07:45:00 PM,,,,Parking Stall        IN FRONT OF 13259 COUNTRY RIDGE DR IN PARKING SPACE,,,"Sideswipe, Same Direction",Clear,,Daylight,,"Suspect of Alcohol Use, Not Suspect of Drug Use",,071AEADB-48E0-4236-852D-E2F8AC0481C7,No,No Apparent Injury,"Operated Motor Vehicle in Inattentive, Careless, Negligent, or Erratic Manner",Unknown,MD,E01F51B3-316B-452E-8759-368DC4A10313,Functional,One O Clock,Passenger Car,Slowing or Stopping,Not On Roadway,0,No,No,2024,HYUNDAI,SANTA CRUZ,39.18497333,-77.27238167,"(39.18497333, -77.27238167)"