Report Number,Local Case Number,Agency Name,ACRS Report Type,Crash Date/Time,Route Type,Road Name,Cross-Street Name,Off-Road Description,Municipality,Related Non-Motorist,Collision Type,Weather,Surface Condition,Light,Traffic Control,Driver Substance Abuse,Non-Motorist Substance Abuse,Person ID,Driver At Fault,Injury Severity,Circumstance,Driver Distracted By,Drivers License State,Vehicle ID,Vehicle Damage Extent,Vehicle First Impact Location,Vehicle Body Type,Vehicle Movement,Vehicle Going Dir,Speed Limit,Driverless Vehicle,Parked Vehicle,Vehicle Year,Vehicle Make,Vehicle Model,Latitude,Longitude,Location
MCP1433001Q,180033570,Montgomery County Police,Property Damage Crash,07/07/2018 04:20:00 PM,County,GAITHER RD,SHADY GROVE RD,,N/A,,SAME DIR REND RIGHT TURN,CLEAR,DRY,DAYLIGHT,NO CONTROLS,NONE DETECTED,,AE5CFE7F-E940-48F4-A64C-2C89580108FB,Yes,NO APPARENT INJURY,N/A,LOOKED BUT DID NOT SEE,MD,30306F6D-B15F-423A-A04E-F57521B807C2,DISABLING,TWELVE OCLOCK,(SPORT) UTILITY VEHICLE,SLOWING OR STOPPING,East,35,No,No,2004,SATU,VUE,39.11656,-77.18221667,"(39.11656, -77.18221667)"
MCP3060001G,180032027,Montgomery County Police,Property Damage Crash,06/29/2018 09:22:00 AM,Municipality,TOWER OAKS BLVD,MONTROSE RD,,N/A,,SAME DIRECTION SIDESWIPE,CLEAR,DRY,DAYLIGHT,TRAFFIC SIGNAL,N/A,,479D2039-D5D8-4646-BBB7-4D0C8F24907A,Unknown,NO APPARENT INJURY,N/A,NOT DISTRACTED,MD,AEA421CA-C3CF-46AD-B7D0-90DF23F893AC,SUPERFICIAL,TWO OCLOCK,PASSENGER CAR,MAKING RIGHT TURN,South,35,No,No,2009,HOND,TK,39.05579,-77.15000167,"(39.05579, -77.15000167)"
DD5652005K,250026785,ROCKVILLE,Injury Crash,06/16/2025 08:53:00 AM,Municipality Route,SERVICE DR (MD 355),FREDERICK AVE #2,,,,Front to Rear,Rain,Wet,Daylight,Traffic Control Signal,"Not Suspect of Alcohol Use, Not Suspect of Drug Use",,04DD2BFB-2A8B-4450-8013-97B00C508582,No,No Apparent Injury,,Not Distracted,MD,EF9BECE2-30D7-46C9-A023-3D282A82C482,Superficial,Six O Clock,Passenger Car,Moving Constant Speed,Northbound,35,No,No,2021,SUBARU,OUTBACK,39.09411434,-77.15327097,"(39.09411434, -77.15327097)"
DM8478000H,200033572,Takoma Park Police Depart,Property Damage Crash,08/27/2020 08:09:00 PM,Maryland (State),PHILADELPHIA AVE,PINEY BRANCH RD,,N/A,,OTHER,N/A,DRY,DARK LIGHTS ON,TRAFFIC SIGNAL,NONE DETECTED,,D20F780D-B4B6-4A35-953E-C3EDE43804D0,Unknown,NO APPARENT INJURY,N/A,NOT DISTRACTED,MD,B108AFA8-026D-418B-9C5E-7FD813F54AAC,DISABLING,ONE OCLOCK,PASSENGER CAR,ACCELERATING,North,35,No,No,2008,TOYOTA,AVALON,38.9832784,-77.01545717,"(38.9832784, -77.01545717)"
DD5502004T,190006814,Rockville Police Departme,Injury Crash,02/12/2019 11:35:00 AM,Maryland (State),VEIRS MILL RD,JEFFERSON PLAZA,,ROCKVILLE,,HEAD ON,RAINING,WET,DAYLIGHT,NO CONTROLS,NONE DETECTED,,B9865EEC-9054-4941-91C8-1B02B7C07137,No,NO APPARENT INJURY,"N/A, WET",NOT DISTRACTED,MD,91F2948E-C7E7-481B-BE24-333F7035F66E,DISABLING,TWELVE OCLOCK,POLICE VEHICLE/EMERGENCY,CHANGING LANES,East,30,No,No,2007,MAZD,4S,39.08145333,-77.14697,"(39.08145333, -77.14697)"
EJ7851004B,190032985,Gaithersburg Police Depar,Property Damage Crash,07/11/2019 04:49:00 PM,County,MUDDY BRANCH RD,GREAT SENECA HWY,,N/A,,SAME DIR REAR END,RAINING,WET,DAYLIGHT,TRAFFIC SIGNAL,UNKNOWN,,DCCBD387-7DFF-4022-9545-69AF6F1674DF,Yes,NO APPARENT INJURY,"N/A, WET",UNKNOWN,,8AC3A06E-334E-41C4-A3A2-38209B035322,FUNCTIONAL,TWELVE OCLOCK,,SLOWING OR STOPPING,South,40,No,No,0,UNKNOWN,UNKNOWN,39.11197131,-77.21674236,"(39.11197131, -77.21674236)"
MCP229800R4,200012226,Montgomery County Police,Property Damage Crash,03/12/2020 03:26:00 PM,Maryland (State),RIDGE RD,OAK DR,,N/A,,SINGLE VEHICLE,CLEAR,DRY,DAYLIGHT,TRAFFIC SIGNAL,NONE DETECTED,,0CC4D86B-23CB-4CFD-9022-CE596C3BD661,Yes,NO APPARENT INJURY,N/A,LOOKED BUT DID NOT SEE,MD,56DF84C9-5504-40B3-B455-DA5BD11A2692,DISABLING,TWELVE OCLOCK,PICKUP TRUCK,MOVING CONSTANT SPEED,North,30,No,No,1999,FORD,TK,39.27527336,-77.21458438,"(39.27527336, -77.21458438)"
MCP31260019,190026023,Montgomery County Police,Property Damage Crash,05/31/2019 05:33:00 PM,County,AIRCRAFT DR,CENTURY BLVD,,N/A,,HEAD ON LEFT TURN,CLEAR,DRY,DAYLIGHT,TRAFFIC SIGNAL,NONE DETECTED,,16AFEE0C-90F5-414D-B245-7CBD30AAF11C,No,NO APPARENT INJURY,N/A,NOT DISTRACTED,MD,50BBC041-24D9-4248-9145-2FD6DEF82A1C,DISABLING,ELEVEN OCLOCK,PASSENGER CAR,MOVING CONSTANT SPEED,North,35,No,No,2002,HONDA,CRV,39.18381167,-77.26149167,"(39.18381167, -77.26149167)"
MCP3322003S,250032184,MONTGOMERY,Property Damage Crash,07/18/2025 07:25:00 PM,Maryland (State) Route,NORBECK RD,,,,,Front to Rear,Rain,Wet,Daylight,No Controls,"Unknown, Unknown",,FC1E0703-7DCC-4C95-87B8-E5D284861107,No,,,,,BCC47D8D-6DEC-4B15-99B6-A19AB5D91271,Functional,Twelve O Clock,Passenger Car,Moving Constant Speed,Eastbound,35,No,No,2000,HONDA,ACCORD,39.1093508,-77.07743473,"(39.1093508, -77.07743473)"
MCP3019003Y,210034864,Montgomery County Police,Property Damage Crash,09/05/2021 03:00:00 PM,County,EXECUTIVE BLVD,WOODGLEN DR,,N/A,,OTHER,RAINING,WET,DAYLIGHT,NO CONTROLS,UNKNOWN,,5D3DA23D-A5CC-4CA0-82E7-8A4C4524800F,Yes,NO APPARENT INJURY,N/A,UNKNOWN,,CB910B18-D615-446E-965D-832CCDB9A591,UNKNOWN,ONE OCLOCK,(SPORT) UTILITY VEHICLE,PARKING,West,25,No,No,2017,CADILLAC,UNKNOWN,39.04347167,-77.11265167,"(39.04347167, -77.11265167)"
MCP3105003G,200037180,Montgomery County Police,Property Damage Crash,09/22/2020 11:29:00 AM,County,RIDGE RD,RAMP 4 FR IS 270 NB TO RIDGE RD EB,,N/A,,STRAIGHT MOVEMENT ANGLE,CLEAR,DRY,DAYLIGHT,TRAFFIC SIGNAL,NONE DETECTED,,30A71AAC-CA01-4C77-9048-75660A2DC870,No,NO APPARENT INJURY,N/A,NOT DISTRACTED,MD,4FCFB016-316B-4776-BC47-CA8EF51D0DC2,FUNCTIONAL,NINE OCLOCK,"OTHER LIGHT TRUCKS (10,000LBS (4,536KG) OR LESS)",STARTING FROM LANE,North,45,No,No,2019,FORD,F550,39.198878,-77.2608225,"(39.198878, -77.2608225)"
DD55950019,15019292,Rockville Police Departme,Injury Crash,04/24/2015 01:36:00 PM,Municipality,W GUDE DR,RESEARCH BLVD,,ROCKVILLE,,HEAD ON LEFT TURN,CLEAR,DRY,DAYLIGHT,TRAFFIC SIGNAL,NONE DETECTED,,321927AD-D5B6-48D5-B574-DA9EACB8B6C5,No,SUSPECTED MINOR INJURY,N/A,NOT DISTRACTED,MD,03B09FFE-FC96-416A-AD67-8E20558DFF9A,FUNCTIONAL,EIGHT OCLOCK,PASSENGER CAR,MOVING CONSTANT SPEED,West,35,No,No,2000,TOYOTA,CAMRY,39.10008446,-77.18196988,"(39.10008446, -77.18196988)"
MCP1438000N,15033241,MONTGOMERY,Property Damage Crash,07/07/2015 04:45:00 PM,Municipality,E DIAMOND AVE,CHESTNUT ST,,GAITHERSBURG,,SAME DIR REAR END,CLEAR,DRY,DAYLIGHT,NO CONTROLS,NONE DETECTED,,B686120C-A9F4-4825-ABF6-2BD1DCF0AFDF,No,NO APPARENT INJURY,N/A,NOT DISTRACTED,MD,71A19433-4559-404C-AEC7-4CE6BB5C2E51,SUPERFICIAL,SIX OCLOCK,PASSENGER CAR,STOPPED IN TRAFFIC LANE,East,25,No,No,2009,HYUN,4S,39.14188,-77.20115167,"(39.14188, -77.20115167)"
MCP2504005W,200027361,Montgomery County Police,Injury Crash,07/14/2020 05:25:00 PM,County,MONTROSE RD,SEVEN LOCKS RD,,N/A,,SAME DIRECTION SIDESWIPE,CLEAR,DRY,DAYLIGHT,NO CONTROLS,NONE DETECTED,,D5A42958-4045-443D-AAC9-504B63314726,No,POSSIBLE INJURY,N/A,NOT DISTRACTED,MD,720E698B-0EF2-497E-B357-8EC01F4FD2ED,FUNCTIONAL,TWO OCLOCK,PASSENGER CAR,MOVING CONSTANT SPEED,East,45,No,No,2013,CHEVROLET,MALIBU,39.057055,-77.15993667,"(39.057055, -77.15993667)"
MCP2989000H,16033894,Montgomery County Police,Property Damage Crash,07/04/2016 11:14:00 PM,Maryland (State),NEW HAMPSHIRE AVE,OAKVIEW DR,,N/A,,SAME DIR REAR END,RAINING,WET,DARK LIGHTS ON,TRAFFIC SIGNAL,NONE DETECTED,,7BA2B35D-A001-47BC-B998-A4CCE8E9DC3E,No,NO APPARENT INJURY,"RAIN, SNOW, WET",NOT DISTRACTED,MD,36629066-B3A3-4E52-87FA-08A58E9906CB,SUPERFICIAL,SIX OCLOCK,PASSENGER CAR,STOPPED IN TRAFFIC LANE,North,40,No,No,2004,JEEP,TK,39.01501833,-76.977945,"(39.01501833, -76.977945)"
MCP2512001W,16019473,Montgomery County Police,Property Damage Crash,04/20/2016 09:35:00 AM,County,AIRPARK RD,MUNCASTER MILL RD,,N/A,,SAME DIRECTION SIDESWIPE,CLEAR,DRY,DAYLIGHT,OTHER,UNKNOWN,,74DAB518-A4F1-4780-A0CA-CCDAA23D6522,Yes,NO APPARENT INJURY,"N/A, ROAD UNDER CONSTRUCTION/MAINTENANCE",NOT DISTRACTED,,6749C545-26C1-4333-8E9A-EDD7AF3C5A3A,SUPERFICIAL,TWO OCLOCK,PASSENGER CAR,CHANGING LANES,South,50,No,No,2005,MERCEDES,E320,39.15185356,-77.14316368,"(39.15185356, -77.14316368)"
MCP3064003X,210040329,Montgomery County Police,Property Damage Crash,10/09/2021 10:10:00 AM,County,ARCOLA AVE,GEORGIA AVE,,N/A,,STRAIGHT MOVEMENT ANGLE,N/A,DRY,DAYLIGHT,N/A,NONE DETECTED,,6F54216A-4E11-4939-8E4F-2D18DC541440,No,NO APPARENT INJURY,N/A,NOT DISTRACTED,MD,7C74A9E2-83A2-4312-9A0C-675EF3B1757F,SUPERFICIAL,TWELVE OCLOCK,PASSENGER CAR,MOVING CONSTANT SPEED,West,35,No,No,2005,DODG,TK,39.04690333,-77.050375,"(39.04690333, -77.050375)"
MCP3061001Q,210026614,Montgomery County Police,Property Damage Crash,07/11/2021 02:07:00 AM,Maryland (State),CLOPPER RD,ENT TO CHURCH OF CHRIST,,N/A,,SINGLE VEHICLE,CLEAR,DRY,DARK LIGHTS ON,NO CONTROLS,NONE DETECTED,,D7172281-5DB8-4639-90B8-68235E0B4BE8,Yes,NO APPARENT INJURY,N/A,UNKNOWN,MD,FEAA726A-7736-4F54-86EA-19CA370BAD0F,DISABLING,ONE OCLOCK,PASSENGER CAR,MOVING CONSTANT SPEED,West,30,No,No,2018,MERCEDES,CLA 250,39.16062667,-77.27867167,"(39.16062667, -77.27867167)"
MCP2951001X,16058900,Montgomery County Police,Property Damage Crash,11/15/2016 05:35:00 PM,Maryland (State),LAYHILL RD,BEL PRE RD,,N/A,,HEAD ON LEFT TURN,CLEAR,DRY,DARK LIGHTS ON,TRAFFIC SIGNAL,NONE DETECTED,,56E4EC50-45F2-4E15-8FED-7DBD6C0AE1D0,Yes,NO APPARENT INJURY,N/A,NOT DISTRACTED,XX,F851C242-480E-4A26-9477-FFD000D454A9,DISABLING,ONE OCLOCK,PASSENGER CAR,MOVING CONSTANT SPEED,East,35,No,No,2003,FORD,FOCUS,39.09112,-77.04469833,"(39.09112, -77.04469833)"
MCP30270013,170535302,Montgomery County Police,Property Damage Crash,10/07/2017 10:50:00 AM,Maryland (State),GEORGIA AVE,16TH ST,,N/A,,SAME DIR REAR END,CLEAR,DRY,DAYLIGHT,TRAFFIC SIGNAL,N/A,,C9DEB561-28FD-4567-9F3C-3C3BDA03468C,No,NO APPARENT INJURY,N/A,NOT DISTRACTED,MD,D09E2BEA-8EC0-437C-BACD-CFF530EE5B3D,SUPERFICIAL,SIX OCLOCK,PASSENGER CAR,STOPPED IN TRAFFIC LANE,North,35,No,No,2011,TOYOTA,COROLLA,39.00670167,-77.03878167,"(39.00670167, -77.03878167)"
MCP13780187,240019175,MONTGOMERY,Injury Crash,04/24/2024 04:23:00 PM,Maryland (State) Route,RIDGE RD (SB/L),,,,,Front to Rear,Cloudy,Dry,Daylight,No Controls,"Not Suspect of Alcohol Use, Not Suspect of Drug Use",,8C9FE99D-765F-420C-A861-014C7B554330,Yes,No Apparent Injury,Failed to Yield Right-of-Way,Not Distracted,MD,3E8F86FC-6373-44A9-A168-BF28DDD28B3C,Functional,Five O Clock,Pickup,Making U-Turn,Westbound,40,No,No,2017,TOYOTA,TACOMA,39.25471683,-77.22750569,"(39.25471683, -77.22750569)"
MCP3034003B,190002427,Montgomery County Police,Property Damage Crash,01/16/2019 08:04:00 AM,Maryland (State),PHILADELPHIA AVE,CHICAGO AVE,,TAKOMA PARK,,SAME DIR REAR END,N/A,DRY,DAYLIGHT,YIELD SIGN,NONE DETECTED,,D93B09B7-6EB6-4C2B-83FD-5304ACCB2651,No,NO APPARENT INJURY,N/A,NOT DISTRACTED,MD,5E0666F7-9596-48EB-8938-824D4BCB4028,FUNCTIONAL,FIVE OCLOCK,PASSENGER CAR,STOPPED IN TRAFFIC LANE,West,35,No,No,2016,HONDA,CR-V,38.98683833,-77.02132167,"(38.98683833, -77.02132167)"
MCP28750013,15038343,MONTGOMERY,Property Damage Crash,08/02/2015 06:58:00 PM,,,,"Parking lot infront of 13100 Wonderland Way, Germantown, MD 20874",,,OTHER,CLEAR,,DAYLIGHT,NO CONTROLS,NONE DETECTED,,27077453-6E6C-4935-AE97-D898898191F8,No,NO APPARENT INJURY,N/A,NOT DISTRACTED,MD,6ACE2F77-6961-400C-BA7C-504F8D1B2D7B,SUPERFICIAL,ELEVEN OCLOCK,PASSENGER CAR,BACKING,East,25,No,No,2013,TOYOTA,COROLLA,39.15534333,-77.27250333,"(39.15534333, -77.27250333)"
MCP3457000B,250017472,MONTGOMERY,Property Damage Crash,04/22/2025 03:27:00 PM,US (State),,DALE DR,,,,Angle,Clear,Dry,Daylight,Lane Use Control Signal,"Not Suspect of Alcohol Use, Not Suspect of Drug Use",,8FB8CC3D-C689-45E7-BF89-DB7BB18C991F,Yes,No Apparent Injury,,Not Distracted,MD,9D0265EE-A1CF-4484-B560-261116FDD07B,Disabling,Two O Clock,Sport Utility Vehicle,Turning Left,Southbound,35,No,No,2014,HONDA,CR-V,39.00531902,-77.0228607,"(39.00531902, -77.0228607)"
DD5625004L,200047846,Rockville Police Departme,Injury Crash,12/04/2020 05:50:00 PM,Maryland (State),ROCKVILLE PIKE,CROSSOVER,,N/A,,STRAIGHT MOVEMENT ANGLE,CLEAR,WET,DARK LIGHTS ON,NO CONTROLS,NONE DETECTED,,1F7A10A0-F251-4935-B158-2E8077325B05,Yes,POSSIBLE INJURY,"SLEET, HAIL, FREEZ. RAIN, WET",LOOKED BUT DID NOT SEE,MD,48FDAB62-7265-4A5E-8BC2-90366A7BB60A,DISABLING,TWELVE OCLOCK,PASSENGER CAR,ENTERING TRAFFIC LANE,Unknown,40,No,No,2021,CHEVY,UT,39.07352301,-77.1344596,"(39.07352301, -77.1344596)"
MCP9311002C,190028419,Montgomery County Police,Injury Crash,06/14/2019 12:08:00 PM,,,,PARKING LOT OF 9545 RIVER ROAD,,,OTHER,CLEAR,,DAYLIGHT,NO CONTROLS,NONE DETECTED,,8CA5F01E-FD6D-4C38-A90D-2B1AD7EFAEE6,Unknown,POSSIBLE INJURY,N/A,OTHER DISTRACTION,VA,C2393F94-6114-460D-99CC-EE37A5470A12,SUPERFICIAL,TWELVE OCLOCK,PASSENGER CAR,SLOWING OR STOPPING,Unknown,10,No,No,2007,CHRYSLER,TOWN AND COUNTRY,39.01226167,-77.19999833,"(39.01226167, -77.19999833)"
MCP1438001L,16000152,Montgomery County Police,Property Damage Crash,01/01/2016 06:48:00 PM,Municipality,FIRSTFIELD RD,CLOPPER RD,,N/A,,SAME DIR REAR END,CLEAR,DRY,DARK LIGHTS ON,TRAFFIC SIGNAL,MEDICATION PRESENT,,2E80C98E-5B96-4B88-B294-F0E9CD6C8A65,Yes,NO APPARENT INJURY,N/A,BY MOVING OBJECT IN VEHICLE,MD,48ADE417-1A32-4C37-8A51-931AE1D4D236,NO DAMAGE,TWELVE OCLOCK,(SPORT) UTILITY VEHICLE,STARTING FROM LANE,North,35,No,No,2011,NISS,SU,39.14322,-77.22405,"(39.14322, -77.22405)"
MCP1350000J,15057902,MONTGOMERY,Injury Crash,11/13/2015 09:49:00 AM,Interstate (State),EISENHOWER MEMORIAL HWY,RAMP 4 FR IS 270 NB TO MD 124 EB,,N/A,,SAME DIR REAR END,CLEAR,DRY,DAYLIGHT,TRAFFIC SIGNAL,NONE DETECTED,,8B845C8C-6FD7-4211-ADBF-66408362D6C7,No,SUSPECTED MINOR INJURY,N/A,NOT DISTRACTED,MD,C16B8E79-90ED-457B-B8FF-C0C369DBDF80,SUPERFICIAL,SIX OCLOCK,VAN,STOPPED IN TRAFFIC LANE,East,35,No,No,2006,FORD,TK,39.14770833,-77.21515667,"(39.14770833, -77.21515667)"
MCP28160043,240047008,MONTGOMERY,Property Damage Crash,10/02/2024 11:51:00 AM,Maryland (State) Route,HUNGERFORD DR (SB/L),,,,,Front to Rear,Rain,Wet,Daylight,Other Signal,"Not Suspect of Alcohol Use, Not Suspect of Drug Use",,B166E77E-13CA-4095-AD51-DE6CBBBE9758,No,No Apparent Injury,,Not Distracted,MD,DAE04F6F-8AB0-4377-AE19-4F1E51E846E8,Functional,Six O Clock,Passenger Car,Stopped in Traffic,Southbound,35,No,No,2004,TOYOTA,COROLLA,39.08904333,-77.15150167,"(39.08904333, -77.15150167)"
MCP9429001D,250021003,MONTGOMERY,Property Damage Crash,05/12/2025 08:31:00 PM,,,,Parking Aisle        8715  1ST AVE ARRIVE PATS PARKING LOT,,,Single Vehicle,Clear,,Dark - Lighted,,"Not Suspect of Alcohol Use, Not Suspect of Drug Use",,0C9025E8-1706-4491-B9A7-65A80DB2D018,Yes,No Apparent Injury,,Not Distracted,MD,A5F2AC8D-0FEB-4263-920F-BD07BD7C0C3D,Functional,Twelve O Clock,Passenger Car,Moving Constant Speed,Eastbound,0,No,No,2017,KIA,FORTE,38.99819837,-77.03167485,"(38.99819837, -77.03167485)"
DD5653001R,220020500,Rockville Police Departme,Property Damage Crash,05/14/2022 03:10:00 AM,Maryland (State),HUNGERFORD DR,N WASHINGTON ST,,ROCKVILLE,,SINGLE VEHICLE,CLOUDY,N/A,DARK LIGHTS ON,TRAFFIC SIGNAL,N/A,,AF6272F4-7EAF-4541-9689-55B8CBF5F116,Yes,NO APPARENT INJURY,N/A,UNKNOWN,MD,6692A011-D22E-40D6-AE59-E99E01CB7EFF,DISABLING,ELEVEN OCLOCK,PASSENGER CAR,MAKING LEFT TURN,North,35,No,No,2021,KIA,K5,39.09196708,-77.15330643,"(39.09196708, -77.15330643)"
MCP01060007,210035021,Montgomery County Police,Injury Crash,09/06/2021 09:15:00 PM,Maryland (State),GERMANTOWN RD,CRYSTAL ROCK DR,,N/A,,SAME DIRECTION SIDESWIPE,CLEAR,DRY,DARK LIGHTS ON,N/A,NONE DETECTED,,8AB41432-40A6-46EF-8687-A7FA62598399,No,SUSPECTED MINOR INJURY,N/A,NOT DISTRACTED,MD,6A00751D-D7E1-4078-B50C-6E84ED45DED6,DISABLING,TWO OCLOCK,PASSENGER CAR,MOVING CONSTANT SPEED,South,40,No,No,2007,TOYOTA,CAMRY,39.18461,-77.26327,"(39.18461, -77.26327)"
MCP3008003R,230033812,Montgomery County Police,Injury Crash,07/16/2023 02:15:00 AM,US (State),COLUMBIA PIKE,LOCKWOOD DR,,N/A,,SAME DIR REAR END,RAINING,WET,DARK LIGHTS ON,TRAFFIC SIGNAL,NONE DETECTED,,66DEEA37-A494-4E18-88CA-30425E1925E4,No,NO APPARENT INJURY,"N/A, WET",NOT DISTRACTED,MD,5EDA5732-3CB4-42C9-A68E-3796409635BF,DISABLING,SIX OCLOCK,PASSENGER CAR,STOPPED IN TRAFFIC LANE,North,40,No,No,2018,TOYOTA,RAV4,39.03361333,-77.00245333,"(39.03361333, -77.00245333)"
MCP3275002M,240033141,MONTGOMERY,Property Damage Crash,07/13/2024 11:21:00 PM,US (State),COLUMBIA PIKE,,,,,Rear To Rear,Clear,Dry,Dark - Lighted,No Controls,"Not Suspect of Alcohol Use, Not Suspect of Drug Use",,CA150194-8B7F-4A11-883D-FC37EB3C9C1C,Yes,No Apparent Injury,,Not Distracted,MD,C18A0326-6241-472D-A36C-573BAEA7DCE3,Disabling,Twelve O Clock,Passenger Car,Moving Constant Speed,Northbound,45,No,No,2017,TOYOTA,CAMRY,39.05345681,-76.97526644,"(39.05345681, -76.97526644)"
HA24500006,19000996,Maryland-National Capital,Property Damage Crash,05/01/2019 01:32:00 AM,Government,BEACH DR,GARRETT PARK RD,,N/A,,HEAD ON,RAINING,WET,DARK NO LIGHTS,NO CONTROLS,NONE DETECTED,,85F15D13-5DD8-463E-BF88-FBC79A8B712C,Yes,NO APPARENT INJURY,"ANIMAL, WET",DISTRACTED BY OUTSIDE PERSON OBJECT OR EVENT,MD,B86EF12B-0639-401E-9BDB-860662B4C25F,DISABLING,TWELVE OCLOCK,PASSENGER CAR,MOVING CONSTANT SPEED,South,25,No,No,2016,FORD,FUSION,39.03974472,-77.08799837,"(39.03974472, -77.08799837)"
MCP3208006V,250016467,MONTGOMERY,Injury Crash,04/15/2025 09:45:00 PM,Maryland (State) Route,GEORGIA AVE,,,,,"Sideswipe, Same Direction",Clear,Dry,Dark - Lighted,No Controls,"Not Suspect of Alcohol Use, Not Suspect of Drug Use",,67236166-1742-40DD-9B6A-DCEB502773EC,No,Suspected Minor Injury,,Not Distracted,MD,40992408-D9EF-4171-9603-688527392A58,Functional,Eleven O Clock,Sport Utility Vehicle,Moving Constant Speed,Northbound,30,No,No,2023,TOYOTA,HIGHLANDER,38.99931495,-77.03156048,"(38.99931495, -77.03156048)"
MCP2436001H,16020303,Montgomery County Police,Injury Crash,04/25/2016 09:29:00 AM,,,,PARKING LOT OF 2131 INDUSTRIAL PARKWAY (WHITE OAK MVA),,PEDESTRIAN,OTHER,CLEAR,,DAYLIGHT,NO CONTROLS,NONE DETECTED,NONE DETECTED,532659CD-73BD-4033-9C67-DBF8C98E8A89,Unknown,NO APPARENT INJURY,N/A,UNKNOWN,MD,F2C8E1F0-9B4B-4CB1-9AB3-11C21F1418D5,NO DAMAGE,ELEVEN OCLOCK,PASSENGER CAR,PARKING,Unknown,0,No,No,2014,NISSAN,ALTIMA,39.055835,-76.970855,"(39.055835, -76.970855)"
DD5595007T,190039229,Rockville Police Departme,Property Damage Crash,08/16/2019 08:45:00 PM,Municipality,CHAPMAN AVE,TWINBROOK PKWY,,ROCKVILLE,,SAME DIR REAR END,CLEAR,DRY,DARK LIGHTS ON,TRAFFIC SIGNAL,NONE DETECTED,,CC0AC0A2-170D-47AB-8D5A-C220C4FD1CA1,No,NO APPARENT INJURY,N/A,NOT DISTRACTED,MD,26F58C66-F790-4177-97F3-3C29E87C2E49,SUPERFICIAL,SIX OCLOCK,PASSENGER CAR,MAKING RIGHT TURN,East,25,No,No,2015,NISSAN,4S,39.05857984,-77.11883676,"(39.05857984, -77.11883676)"
MCP2598000Y,16038047,Montgomery County Police,Property Damage Crash,07/27/2016 05:05:00 PM,County,SPRING ST,WOODLAND DR,,N/A,,SAME DIRECTION SIDESWIPE,CLEAR,DRY,DAYLIGHT,NO CONTROLS,NONE DETECTED,,CCA43F8B-A63C-42AF-B334-A3CFA3B64A28,No,NO APPARENT INJURY,N/A,NOT DISTRACTED,MD,CB57C684-2702-4083-9CAF-E50DF1F99AEC,SUPERFICIAL,ONE OCLOCK,PASSENGER CAR,MOVING CONSTANT SPEED,West,25,No,No,2015,KIA,FORTE,39.000405,-77.03129167,"(39.000405, -77.03129167)"
MCP31230058,230014931,Montgomery County Police,Property Damage Crash,03/28/2023 09:34:00 AM,County,GAINSBOROUGH RD,GEORGETOWNE DR,,N/A,,SAME DIRECTION LEFT TURN,CLEAR,DRY,DAYLIGHT,NO CONTROLS,N/A,,44AEAFEB-F608-41BD-89B9-5DD45777DF4E,Yes,NO APPARENT INJURY,N/A,LOOKED BUT DID NOT SEE,MD,C8450C3F-D133-46A8-8742-87E13FF6A9FC,FUNCTIONAL,TWELVE OCLOCK,PASSENGER CAR,STARTING FROM PARKED,South,25,No,No,2014,MERCEDES BENZ,CLA 250,39.04356315,-77.17210528,"(39.04356315, -77.17210528)"
MCP2722004J,230005673,Montgomery County Police,Injury Crash,02/03/2023 08:47:00 PM,Maryland (State),GEORGIA AVE,HEWITT AVE,,N/A,,HEAD ON LEFT TURN,N/A,DRY,DARK LIGHTS ON,TRAFFIC SIGNAL,NONE DETECTED,,02FE6C6B-CC3A-45DC-9B1E-C7DE9D6F782E,No,POSSIBLE INJURY,N/A,NOT DISTRACTED,MD,32E19E33-5B53-4451-ABAE-1B25AE56A374,DISABLING,ELEVEN OCLOCK,PASSENGER CAR,MOVING CONSTANT SPEED,North,35,No,No,2016,KIA,SORENTO,39.07769517,-77.070673,"(39.07769517, -77.070673)"
MCP3163002W,200036325,Montgomery County Police,Property Damage Crash,09/16/2020 03:09:00 PM,Maryland (State),MASSACHUSETTS AVE,GOLDSBORO RD,,N/A,,HEAD ON,N/A,DRY,DAYLIGHT,TRAFFIC SIGNAL,N/A,,C78077AE-C887-485B-A67F-6525C58C9C5A,No,NO APPARENT INJURY,N/A,NOT DISTRACTED,MD,EBBE6840-368B-46B6-8BA3-78E4C3C9F7CF,FUNCTIONAL,TWELVE OCLOCK,PASSENGER CAR,STOPPED IN TRAFFIC LANE,West,35,No,No,2011,CHEV,VN,38.96976134,-77.1312283,"(38.96976134, -77.1312283)"
EJ7914000H,250023817,GAITHERSBURG,Injury Crash,05/29/2025 11:30:00 AM,Maryland (State) Route,QUINCE ORCHARD RD,,,,,Angle,Clear,Dry,Daylight,No Controls,"Not Suspect of Alcohol Use, Not Suspect of Drug Use",,FA366595-63AA-4242-9931-640C53EF1DB0,No,Suspected Serious Injury,,Not Distracted,MD,ABEA085F-5756-4235-BEDF-A3F42591225C,Disabling,Twelve O Clock,Passenger Car,Moving Constant Speed,Northbound,35,No,No,2012,NISSAN,ALTIMA,39.14544208,-77.21990438,"(39.14544208, -77.21990438)"