Report Number,Local Case Number,Agency Name,ACRS Report Type,Crash Date/Time,Route Type,Road Name,Cross-Street Name,Off-Road Description,Municipality,Related Non-Motorist,Collision Type,Weather,Surface Condition,Light,Traffic Control,Driver Substance Abuse,Non-Motorist Substance Abuse,Person ID,Driver At Fault,Injury Severity,Circumstance,Driver Distracted By,Drivers License State,Vehicle ID,Vehicle Damage Extent,Vehicle First Impact Location,Vehicle Body Type,Vehicle Movement,Vehicle Going Dir,Speed Limit,Driverless Vehicle,Parked Vehicle,Vehicle Year,Vehicle Make,Vehicle Model,Latitude,Longitude,Location
EJ7856004V,180017056,Gaithersburg Police Depar,Property Damage Crash,04/08/2018 04:11:00 PM,Maryland (State),MONTGOMERY VILLAGE AVE,RUSSELL AVE,,GAITHERSBURG,,SAME DIR REAR END,CLEAR,DRY,DAYLIGHT,N/A,N/A,,075A9C64-85B4-4DB3-88D6-E0C0A5E7A0D9,Yes,NO APPARENT INJURY,N/A,UNKNOWN,MD,EF38590D-8FF7-43B8-9F1E-46D4803AAB7A,DISABLING,TWELVE OCLOCK,(SPORT) UTILITY VEHICLE,MOVING CONSTANT SPEED,East,35,No,No,2013,LEXUS,RX350,39.154495,-77.20910167,"(39.154495, -77.20910167)"
MCP3105000L,180016931,Montgomery County Police,Injury Crash,04/07/2018 04:56:00 PM,Maryland (State),RIDGE RD,SWEEPSTAKES RD,,N/A,,SAME DIRECTION SIDESWIPE,CLEAR,DRY,DAYLIGHT,NO CONTROLS,NONE DETECTED,,1768CCC1-31C2-4501-A037-70783D3D20BB,No,SUSPECTED MINOR INJURY,N/A,NOT DISTRACTED,MD,517873D1-60E7-41F8-B721-4E61DC1053C5,DISABLING,THREE OCLOCK,PASSENGER CAR,MOVING CONSTANT SPEED,North,40,No,No,2016,KIA,SORENTO,39.26324421,-77.21981049,"(39.26324421, -77.21981049)"
MCP3431000M,240059630,MONTGOMERY,Injury Crash,12/13/2024 02:38:00 PM,Bicycle Route,,,,,,Angle,Cloudy,Dry,Daylight,Stop Sign,"Not Suspect of Alcohol Use, Not Suspect of Drug Use",,90380BF4-6E61-4D75-BC8A-35539BFFE936,No,No Apparent Injury,,Not Distracted,MD,55379ECB-4E49-4F53-BE84-091741169C71,Disabling,One O Clock,Passenger Car,Moving Constant Speed,Eastbound,35,No,No,1999,BUICK,CENTURY,39.16976,-77.29698833,"(39.16976, -77.29698833)"
MCP2665001T,16056935,Montgomery County Police,Injury Crash,11/04/2016 05:59:00 PM,County,EDSON LA,WOODGLEN DR,,N/A,BICYCLIST,STRAIGHT MOVEMENT ANGLE,CLEAR,DRY,DUSK,STOP SIGN,N/A,N/A,12F22A00-E939-4DDD-A963-E9E2B4F6E320,Yes,NO APPARENT INJURY,N/A,LOOKED BUT DID NOT SEE,MD,C85A03BA-63EF-4875-B82A-E265CD081547,FUNCTIONAL,TWELVE OCLOCK,PASSENGER CAR,STARTING FROM LANE,East,30,No,No,2012,HONDA,FIT,39.04021333,-77.11300833,"(39.04021333, -77.11300833)"
MCP25630024,250018328,MONTGOMERY,Injury Crash,04/27/2025 04:26:00 PM,County Route,WEISMAN RD,GEORGIA AVE (SB/L),,,,Angle,Clear,Dry,Daylight,No Controls,"Not Suspect of Alcohol Use, Not Suspect of Drug Use",,56BC394E-B6AE-43CE-BBEF-FEFBB46F12C0,No,No Apparent Injury,,Unknown,MD,EE9AD24E-DC37-41D2-8DBD-5F500B65A086,Disabling,Three O Clock,Sport Utility Vehicle,Turning Left,Westbound,35,No,No,2017,MAZDA,CX-5,39.05259333,-77.05099167,"(39.05259333, -77.05099167)"
MCP29810029,180057179,Montgomery County Police,Property Damage Crash,11/14/2018 05:44:00 PM,County,GOOD HOPE RD,WINDMILL LA,,N/A,,STRAIGHT MOVEMENT ANGLE,CLEAR,DRY,DARK LIGHTS ON,STOP SIGN,NONE DETECTED,,FE305C2B-CBB1-419F-9099-4708FF93B822,Unknown,NO APPARENT INJURY,N/A,UNKNOWN,MD,0674B413-E487-4555-9811-A8AD0990F207,DISABLING,TWELVE OCLOCK,(SPORT) UTILITY VEHICLE,ACCELERATING,North,30,No,No,2014,JEEP,TK,39.09903833,-76.98419,"(39.09903833, -76.98419)"
MCP3163005S,230054653,Montgomery County Police,Property Damage Crash,09/13/2023 03:00:00 PM,Maryland (State),PLYERS MILL RD,CONNECTICUT AVE,,N/A,,SAME DIRECTION SIDESWIPE,CLEAR,DRY,DAYLIGHT,TRAFFIC SIGNAL,N/A,,89394058-6CD5-4FFA-A3BF-0D5B86A2D707,Yes,NO APPARENT INJURY,N/A,LOOKED BUT DID NOT SEE,,A8D3FD75-64E2-4752-B9C3-7130BC997535,SUPERFICIAL,ONE OCLOCK,PASSENGER CAR,ACCELERATING,West,35,No,No,2022,JEEP,GLADIATOR,39.04263267,-77.11340933,"(39.04263267, -77.11340933)"
MCP3294000L,210044930,Montgomery County Police,Property Damage Crash,11/06/2021 05:30:00 AM,County,CHERRY LAUREL LA,CORIANDER DR,,N/A,,SAME DIR REAR END,CLEAR,DRY,DAWN,NO CONTROLS,NONE DETECTED,,B91B1024-69B6-48AD-B371-174A1F4DEA56,Yes,NO APPARENT INJURY,N/A,OTHER DISTRACTION,MD,9EC3E3DE-1186-4FF3-9C3D-50B1C8EA8680,FUNCTIONAL,TWELVE OCLOCK,PASSENGER CAR,MOVING CONSTANT SPEED,South,45,No,No,2012,TOYOTA,COROLLA,39.15949333,-77.165465,"(39.15949333, -77.165465)"
MCP2600001Z,16046759,Montgomery County Police,Property Damage Crash,09/12/2016 03:40:00 PM,,,,PARKING LOT OF 110 UNIVERSITY BOULEVARD WEST,,,OTHER,CLEAR,,DAYLIGHT,NO CONTROLS,NONE DETECTED,,C39BDBCE-5295-4E55-A261-68E223BEB799,No,NO APPARENT INJURY,N/A,NOT DISTRACTED,MD,1DBD5179-5F3C-4A4E-B5BC-0FF7B237F6B2,SUPERFICIAL,SIX OCLOCK,PASSENGER CAR,PARKED,,0,No,Yes,2002,MITSUBISHI,DIAMANTE,39.02038333,-77.01130667,"(39.02038333, -77.01130667)"
MCP3008000K,16045200,Montgomery County Police,Injury Crash,09/04/2016 12:46:00 AM,Maryland (State),PINEY BRANCH RD,BARRON ST,,N/A,,SAME DIRECTION SIDESWIPE,CLEAR,DRY,DARK LIGHTS ON,TRAFFIC SIGNAL,NONE DETECTED,,A5BDC255-70CB-4101-B228-51A6BBFD6D03,No,SUSPECTED MINOR INJURY,N/A,NOT DISTRACTED,MD,1CFAAFCF-6C14-4B84-97CC-8E5F223BD3B8,FUNCTIONAL,ELEVEN OCLOCK,PASSENGER CAR,MOVING CONSTANT SPEED,North,30,No,No,2005,TOYOTA,COROLLA,38.99908667,-76.99718167,"(38.99908667, -76.99718167)"
MCP29650027,170519412,Montgomery County Police,Property Damage Crash,07/22/2017 01:03:00 PM,County,MORNINGSIDE LA,MORNINGSIDE CT,,N/A,,ANGLE MEETS LEFT HEAD ON,CLEAR,DRY,DAYLIGHT,NO CONTROLS,UNKNOWN,,1C9A99F5-3753-4934-912A-596BE549BE1D,Yes,NO APPARENT INJURY,N/A,UNKNOWN,,DB861EA1-7EDA-4F4E-8AA8-A3F373C164FE,SUPERFICIAL,UNKNOWN,PASSENGER CAR,MOVING CONSTANT SPEED,West,25,No,No,2015,TOYOTA,4S,39.06950869,-76.9849281,"(39.06950869, -76.9849281)"
MCP2789004K,180022155,Montgomery County Police,Injury Crash,05/05/2018 08:40:00 PM,US (State),GEORGIA AVE,SILVER SPRING AVE,,N/A,,HEAD ON LEFT TURN,CLEAR,DRY,DARK LIGHTS ON,TRAFFIC SIGNAL,ILLEGAL DRUG PRESENT,,E513BD3E-AE97-4789-9427-AC4E7A1AD199,Yes,NO APPARENT INJURY,N/A,LOOKED BUT DID NOT SEE,MD,B37AD2A8-38EE-44DD-BD41-8D821618520C,SUPERFICIAL,TWO OCLOCK,PASSENGER CAR,MAKING LEFT TURN,South,35,No,No,2017,VW,JETTA,38.99153833,-77.02644333,"(38.99153833, -77.02644333)"
MCP27360052,170536113,Montgomery County Police,Injury Crash,10/11/2017 07:45:00 PM,Maryland (State),ROCKVILLE PIKE,TUCKERMAN LA,,N/A,,SAME DIR REAR END,RAINING,WET,DARK LIGHTS ON,TRAFFIC SIGNAL,NONE DETECTED,,28AA2F55-9C68-4CF7-A2B7-D0B507FC5EEA,No,POSSIBLE INJURY,"RAIN, SNOW, WET",NOT DISTRACTED,MD,E7CD0B04-E490-4CF5-9111-814FADD87FB3,FUNCTIONAL,SIX OCLOCK,(SPORT) UTILITY VEHICLE,SLOWING OR STOPPING,South,35,No,No,2003,HONDA,CRV,39.03151667,-77.10560283,"(39.03151667, -77.10560283)"
MCP28690040,190055707,Montgomery County Police,Injury Crash,11/18/2019 06:10:00 PM,County,ARCOLA AVE,GEORGIA AVE,,N/A,,STRAIGHT MOVEMENT ANGLE,N/A,DRY,DARK LIGHTS ON,STOP SIGN,N/A,,DCC7E437-5453-437B-97B0-5E6CD6AF099A,Yes,NO APPARENT INJURY,N/A,NOT DISTRACTED,MD,604D0813-61FC-41AE-8328-8C656A8429DB,SUPERFICIAL,ELEVEN OCLOCK,PASSENGER CAR,MAKING RIGHT TURN,West,35,No,No,2014,TOYT,COROLLA,39.04715227,-77.05059428,"(39.04715227, -77.05059428)"
DD56370015,200007703,Rockville Police Departme,Property Damage Crash,02/15/2020 03:30:00 PM,Maryland (State),W MONTGOMERY AVE,HURLEY AVE,,ROCKVILLE,,SAME DIR REAR END,CLEAR,DRY,DAYLIGHT,TRAFFIC SIGNAL,N/A,,1B8AF682-C22E-4BF3-A1FB-AE48693A3FFD,No,NO APPARENT INJURY,N/A,NOT DISTRACTED,MD,06EC0517-8A01-4F2D-A7AA-90D17C40958A,SUPERFICIAL,SIX OCLOCK,PASSENGER CAR,SLOWING OR STOPPING,West,45,No,No,1998,HONDA,4D,39.0889695,-77.177447,"(39.0889695, -77.177447)"
MCP157500BW,200039739,Montgomery County Police,Property Damage Crash,10/09/2020 07:45:00 AM,County,MONTROSE RD,RAMP 6 FR MONTROSE RD EB TO IS 270 SB,,N/A,,SAME DIR REAR END,CLEAR,DRY,DAYLIGHT,NO CONTROLS,NONE DETECTED,,750371B7-3E3A-41A7-96D2-D724EAAB37FA,No,NO APPARENT INJURY,"N/A, VISION OBSTRUCTION (INCL. BLINDED BY SUN)",NOT DISTRACTED,MD,52625807-19D8-4261-BAFB-8C6258E8D8BD,DISABLING,EIGHT OCLOCK,PICKUP TRUCK,MOVING CONSTANT SPEED,West,40,No,No,2018,TOYT,TUNDRA,39.05659167,-77.15617167,"(39.05659167, -77.15617167)"
MCP3395000Y,240018445,MONTGOMERY,Injury Crash,04/20/2024 11:05:00 AM,Maryland (State) Route,CONNECTICUT AVE (SB/L),,,,,Front to Rear,Clear,Dry,Daylight,No Controls,"Not Suspect of Alcohol Use, Not Suspect of Drug Use",,DA24D13A-874C-461D-B103-A542296D3C74,No,No Apparent Injury,,Not Distracted,MD,BA2D5731-B953-4144-A8A7-D6757453D35A,Superficial,Six O Clock,Passenger Car,Slowing or Stopping,Southbound,35,No,No,2014,FORD,FOCUS,39.01402833,-77.07953333,"(39.01402833, -77.07953333)"
DM8476004T,230017969,Takoma Park Police Depart,Injury Crash,04/15/2023 11:35:00 AM,Maryland (State),NEW HAMPSHIRE AVE,KIRKLYNN AVE,,TAKOMA PARK,,STRAIGHT MOVEMENT ANGLE,CLEAR,DRY,DAYLIGHT,TRAFFIC SIGNAL,N/A,,78B5D8E4-F7F1-4F26-95E9-F1D550605911,Yes,NO APPARENT INJURY,N/A,LOOKED BUT DID NOT SEE,MD,0B581ADF-0709-426D-BD12-8F84083131A6,FUNCTIONAL,THREE OCLOCK,PICKUP TRUCK,ACCELERATING,West,35,No,No,1994,GMC,SUBURBAN,38.98760429,-76.98798473,"(38.98760429, -76.98798473)"
DD56140043,180050239,Rockville Police Departme,Property Damage Crash,10/08/2018 05:26:00 AM,Maryland (State),NORBECK RD,E GUDE DR,,ROCKVILLE,,STRAIGHT MOVEMENT ANGLE,CLEAR,DRY,DARK LIGHTS ON,TRAFFIC SIGNAL,NONE DETECTED,,33079E26-4831-48EF-8662-0F59317FF4C6,Yes,NO APPARENT INJURY,N/A,UNKNOWN,MD,3E6BCC4B-FB46-4FEE-8D76-53D101B9386D,DESTROYED,ELEVEN OCLOCK,(SPORT) UTILITY VEHICLE,MAKING LEFT TURN,South,40,No,No,2008,SUZUKI,XL7,39.09003933,-77.12917417,"(39.09003933, -77.12917417)"
MCP2939001T,170526118,Montgomery County Police,Injury Crash,08/21/2017 09:38:00 PM,Maryland (State),FREDERICK RD,SHAKESPEARE BLVD,,N/A,,SAME DIR REAR END,CLEAR,DRY,DARK LIGHTS ON,NO CONTROLS,NONE DETECTED,,7BF140E4-4B5C-412E-AA6D-15FEFCFFFBEE,No,SUSPECTED MINOR INJURY,N/A,NOT DISTRACTED,NC,FA1A6804-39BB-4082-A896-5778D4A7756C,DISABLING,SIX OCLOCK,PASSENGER CAR,SLOWING OR STOPPING,North,45,No,No,2010,FORD,VN,39.19904833,-77.24493,"(39.19904833, -77.24493)"
EJ78460059,200027576,Gaithersburg Police Depar,Property Damage Crash,07/16/2020 07:15:00 AM,Municipality,N SUMMIT AVE,E DIAMOND AVE,,GAITHERSBURG,,SAME DIR REAR END,CLEAR,DRY,DAYLIGHT,TRAFFIC SIGNAL,NONE DETECTED,,B959760B-E531-4A42-B132-BF53AA7CCD4E,No,NO APPARENT INJURY,N/A,NOT DISTRACTED,MD,89609B83-C5BE-42A2-AE9D-CE0E9D2AADA0,DISABLING,SIX OCLOCK,PASSENGER CAR,SLOWING OR STOPPING,South,35,No,No,2000,BMW,4S,39.14230998,-77.19339052,"(39.14230998, -77.19339052)"
MCP2623002M,17015201,Montgomery County Police,Property Damage Crash,03/25/2017 01:22:00 AM,Maryland (State),NEW HAMPSHIRE AVE,SHERBROOK DR,,N/A,,SINGLE VEHICLE,CLEAR,DRY,DARK NO LIGHTS,NO CONTROLS,NONE DETECTED,,DF6841AA-CE90-4482-B9C5-E5E012F96B42,Yes,NO APPARENT INJURY,N/A,OTHER DISTRACTION,MD,44366675-A620-482F-AE92-AFEBFF372259,DISABLING,TWELVE OCLOCK,PASSENGER CAR,MOVING CONSTANT SPEED,South,40,No,No,1997,HONDA,CIVIC,39.05359167,-76.99459833,"(39.05359167, -76.99459833)"
MCP27990050,190018419,Montgomery County Police,Property Damage Crash,04/19/2019 09:51:00 PM,County,WESTMINSTER DR,CUL DE SAC,,N/A,,SINGLE VEHICLE,RAINING,WET,DARK LIGHTS ON,NO CONTROLS,NONE DETECTED,,B77B3B89-AE09-48CD-8B0F-22046ADAFFF4,Yes,NO APPARENT INJURY,"RAIN, SNOW, WET",LOOKED BUT DID NOT SEE,MD,F4E44347-2C79-424F-AFD2-24FABCE71984,DISABLING,ROOF TOP,PASSENGER CAR,MAKING RIGHT TURN,South,30,No,No,2017,TOYT,4D,39.12393333,-77.05189833,"(39.12393333, -77.05189833)"
MCP1064009F,190044726,Montgomery County Police,Injury Crash,09/18/2019 02:39:00 PM,Maryland (State),GEORGIA AVE,FOREST GLEN RD,,N/A,,OTHER,CLOUDY,DRY,DAYLIGHT,TRAFFIC SIGNAL,N/A,,4D57268C-7A44-48EF-BBD7-2B717547405D,Yes,NO APPARENT INJURY,N/A,UNKNOWN,MD,7CE88869-7D4B-43CB-8535-C840DDA84A87,SUPERFICIAL,NINE OCLOCK,(SPORT) UTILITY VEHICLE,CHANGING LANES,North,35,No,No,2015,FORD,ESCAPE,39.01446667,-77.04213833,"(39.01446667, -77.04213833)"
MCP2339007Y,230006879,Montgomery County Police,Property Damage Crash,02/10/2023 05:48:00 PM,Maryland (State),VEIRS MILL RD,MEADOW HALL DR,,ROCKVILLE,,STRAIGHT MOVEMENT ANGLE,CLEAR,DRY,DARK LIGHTS ON,NO CONTROLS,NONE DETECTED,,E0574A11-DFCF-419B-A3CA-F35EB9C03C65,Yes,NO APPARENT INJURY,N/A,UNKNOWN,MD,547EF808-5CCA-44A8-82C6-820111F69279,FUNCTIONAL,TWELVE OCLOCK,PASSENGER CAR,MAKING LEFT TURN,West,40,No,No,2006,PONTIAC,GRAND PRIX,39.07402333,-77.113068,"(39.07402333, -77.113068)"
MCP3195004K,240012246,MONTGOMERY,Property Damage Crash,03/14/2024 12:23:00 PM,Local Route,CSX TRACK 2 RAIL,,,,,Front to Rear,Clear,Dry,Daylight,No Controls,"Not Suspect of Alcohol Use, Not Suspect of Drug Use",,CDCB0F82-E128-42F9-9BD7-B6EFE846D0EF,No,No Apparent Injury,,Not Distracted,MD,00994A57-8778-49A9-8BBA-3F158DFBA6EC,Superficial,Six O Clock,Passenger Car,Slowing or Stopping,Northbound,35,No,,2024,NISSAN,KICKS,39.07605434,-77.13603103,"(39.07605434, -77.13603103)"
EJ7885003J,230057341,Gaithersburg Police Depar,Property Damage Crash,09/28/2023 04:50:00 PM,Municipality,S SUMMIT AVE,OLDE TOWNE AVE,,GAITHERSBURG,,SAME DIR REAR END,CLEAR,DRY,DAYLIGHT,N/A,NONE DETECTED,,48F182DE-E09D-4757-8EBD-120AEBB17B51,Yes,NO APPARENT INJURY,N/A,LOOKED BUT DID NOT SEE,MD,DD3B2E73-4934-4619-BF9E-724B05825CED,FUNCTIONAL,TWELVE OCLOCK,PASSENGER CAR,MOVING CONSTANT SPEED,North,25,No,No,2011,NISSAN,XTERRA,39.14121333,-77.1933765,"(39.14121333, -77.1933765)"
MCP2603003J,210013378,Montgomery County Police,Property Damage Crash,04/10/2021 11:49:00 AM,County,LOST KNIFE RD,CONTOUR RD,,N/A,,ANGLE MEETS LEFT TURN,CLOUDY,DRY,DAYLIGHT,TRAFFIC SIGNAL,N/A,,1F3CA2FF-E82F-4325-B53A-8F42E3BB3F06,No,NO APPARENT INJURY,N/A,NOT DISTRACTED,MD,E4821C3F-12BC-4A47-96BC-EA59A2EC05D2,DISABLING,NINE OCLOCK,PASSENGER CAR,MOVING CONSTANT SPEED,North,35,No,No,2012,VW,JETTA,39.15496667,-77.20082333,"(39.15496667, -77.20082333)"
MCP20720061,220047356,Montgomery County Police,Injury Crash,10/28/2022 11:25:00 AM,Maryland (State),FREDERICK RD,GERMANTOWN RD,,N/A,,SAME DIR REAR END,CLEAR,DRY,DAYLIGHT,TRAFFIC SIGNAL,N/A,,80417D5D-BFA6-49C2-9BD5-273E03B228D5,Yes,POSSIBLE INJURY,N/A,NOT DISTRACTED,MD,BB8305FC-56E2-4A85-80FF-D1C2FF1AF13C,DISABLING,ELEVEN OCLOCK,PASSENGER CAR,MOVING CONSTANT SPEED,South,30,No,No,2011,HYUN,TK,39.192795,-77.24307667,"(39.192795, -77.24307667)"
MCP9428001M,170532965,Montgomery County Police,Injury Crash,09/25/2017 08:30:00 AM,County,MIDDLEBROOK RD,CRYSTAL ROCK DR,,N/A,,STRAIGHT MOVEMENT ANGLE,N/A,DRY,DAYLIGHT,TRAFFIC SIGNAL,NONE DETECTED,,C5B08D1C-CFF4-4726-A8BE-73C3661475E6,Yes,POSSIBLE INJURY,N/A,NOT DISTRACTED,MD,D1AE53F9-72F5-45C7-BE5F-4DFDCC07EF46,DISABLING,TWELVE OCLOCK,PICKUP TRUCK,MOVING CONSTANT SPEED,West,40,No,No,2008,GMC,SIERRA,39.17688279,-77.26438142,"(39.17688279, -77.26438142)"
MCP2937000Z,15047283,MONTGOMERY,Property Damage Crash,09/18/2015 08:53:00 AM,Maryland (State),UNIVERSITY BLVD E,COLESVILLE RD,,N/A,,SAME DIRECTION LEFT TURN,CLEAR,DRY,DAYLIGHT,N/A,NONE DETECTED,,93A5CC7A-0622-4305-9C17-E906837F02E9,Yes,NO APPARENT INJURY,N/A,NOT DISTRACTED,MD,033BA946-5F5A-4EB7-AC0D-06E0B3F37A23,DISABLING,EIGHT OCLOCK,PASSENGER CAR,STARTING FROM LANE,West,30,No,No,2006,ACURA,TL,39.02066833,-77.01205833,"(39.02066833, -77.01205833)"
MCP3073003J,190020842,Montgomery County Police,Property Damage Crash,05/03/2019 03:25:00 PM,County,BEL PRE RD,ARCTIC AVE,,N/A,,STRAIGHT MOVEMENT ANGLE,N/A,DRY,DAYLIGHT,STOP SIGN,N/A,,00726399-22D7-4329-8F41-CD288D5293D0,Yes,NO APPARENT INJURY,N/A,INATTENTIVE OR LOST IN THOUGHT,MD,CB689F71-1DAD-4DE7-B8B7-F16DEA8003E8,DISABLING,TWELVE OCLOCK,PASSENGER CAR,MOVING CONSTANT SPEED,East,25,No,No,2007,TOYOTA,PRIUS,39.09488667,-77.09141167,"(39.09488667, -77.09141167)"
MCP2087002V,190010392,Montgomery County Police,Property Damage Crash,03/06/2019 07:40:00 AM,Maryland (State),GEORGIA AVE,BLUERIDGE AVE,,N/A,,SAME DIRECTION SIDESWIPE,CLEAR,DRY,DAYLIGHT,TRAFFIC SIGNAL,NONE DETECTED,,A570E0CE-6D62-4637-933F-B582C392BD4E,No,NO APPARENT INJURY,N/A,NOT DISTRACTED,MD,06E6CA78-E44C-4D55-B6D8-46FD5A9E00B1,SUPERFICIAL,TEN OCLOCK,SCHOOL BUS,SLOWING OR STOPPING,South,35,No,No,2015,FREIGHT LINER,BUS,39.04315333,-77.0524,"(39.04315333, -77.0524)"
MCP3312005Y,250000454,MONTGOMERY,Property Damage Crash,01/04/2025 09:05:00 AM,County Route,E RANDOLPH RD,TAMARACK RD TAMARACK RD (NB/L),,,,Angle,Clear,Dry,Daylight,Traffic Control Signal,"Not Suspect of Alcohol Use, Not Suspect of Drug Use",,D113F57F-4638-4348-8444-C055B7231ACA,No,No Apparent Injury,,Not Distracted,DC,CED7B6B8-D5D0-4894-B977-4721A4727645,Disabling,Ten O Clock,Passenger Car,Turning Left,Westbound,35,No,No,2014,MERCEDES-BENZ,E-CLASS,39.06770467,-76.9856065,"(39.06770467, -76.9856065)"
MCP3123003H,220008235,Montgomery County Police,Injury Crash,02/25/2022 12:00:00 PM,County,SHADY GROVE RD,RAMP 6 FR SHADY GROVE RD EB TO MD200A SB,,N/A,,STRAIGHT MOVEMENT ANGLE,OTHER,WET,DAYLIGHT,TRAFFIC SIGNAL,N/A,,E7554B10-5C9D-466D-B94D-B82ABA2F50DF,No,POSSIBLE INJURY,"RAIN, SNOW, VISION OBSTRUCTION (INCL. BLINDED BY SUN), WET",NOT DISTRACTED,MD,71BA0871-1C7F-4C32-B81B-C8EA3F6792FD,DISABLING,FOUR OCLOCK,PASSENGER CAR,MAKING LEFT TURN,South,40,No,No,2012,FORD,ESCAPE,39.13088592,-77.16116257,"(39.13088592, -77.16116257)"
MCP12050067,200008694,Montgomery County Police,Injury Crash,02/21/2020 01:18:00 PM,Maryland (State),16TH ST,EAST WEST HWY,,N/A,,STRAIGHT MOVEMENT ANGLE,CLEAR,DRY,DAYLIGHT,TRAFFIC SIGNAL,NONE DETECTED,,559693E5-D4A3-4626-AA83-A6306D5A4464,No,SUSPECTED MINOR INJURY,N/A,NOT DISTRACTED,NJ,9D37BADB-FEF6-4C4C-8528-598C558250AE,DISABLING,TWELVE OCLOCK,PASSENGER CAR,MAKING LEFT TURN,South,35,No,No,2017,HYUNDAI,ELANTRA,38.99482667,-77.03614333,"(38.99482667, -77.03614333)"
MCP01130014,17001285,Montgomery County Police,Injury Crash,01/08/2017 12:01:00 PM,Government,BEACH DR,CROSSOVER TO GV 48 - NO NAME,,N/A,,SAME DIR REAR END,CLEAR,ICE,DAYLIGHT,NO CONTROLS,NONE DETECTED,,637E4A5A-B632-441D-9738-B215343FC062,Yes,NO APPARENT INJURY,"ICY OR SNOW-COVERED, N/A",NOT DISTRACTED,MD,84CCA5F2-CD4B-43B7-A305-1A2DC09F76F7,FUNCTIONAL,TWELVE OCLOCK,PASSENGER CAR,MOVING CONSTANT SPEED,North,25,No,No,2004,TOYOTA,SIENNA,39.022565,-77.10269667,"(39.022565, -77.10269667)"
EJ78760019,190051410,Gaithersburg Police Depar,Property Damage Crash,10/02/2019 05:00:00 PM,Maryland (State),QUINCE ORCHARD RD,RAMP 2 FR MD 124 WB TO IS 270 NB,,N/A,,SAME DIRECTION SIDESWIPE,CLEAR,DRY,DAYLIGHT,NO CONTROLS,NONE DETECTED,,1824B38B-A138-43AD-A39C-A237634A0CA9,Yes,NO APPARENT INJURY,N/A,LOOKED BUT DID NOT SEE,MD,F6BCDA00-A5A1-488D-9F06-C8147838B3CA,SUPERFICIAL,SEVEN OCLOCK,PASSENGER CAR,MOVING CONSTANT SPEED,West,35,No,No,2004,TOYOTA,CAROLLA,39.15128985,-77.21403972,"(39.15128985, -77.21403972)"
MCP2239000C,15064236,MONTGOMERY,Injury Crash,12/16/2015 01:04:00 PM,County,SEVEN LOCKS RD,TUCKERMAN LA,,N/A,,STRAIGHT MOVEMENT ANGLE,N/A,DRY,DAYLIGHT,TRAFFIC SIGNAL,N/A,,28711D86-23FD-4D1F-8250-EB3C279A0415,Yes,NO APPARENT INJURY,N/A,NOT DISTRACTED,MD,A0429955-D5A0-4A9E-889F-6C3A82A4B411,DISABLING,ONE OCLOCK,PASSENGER CAR,ACCELERATING,North,40,No,No,2010,AUDI,R8,39.061606,-77.16183,"(39.061606, -77.16183)"
MCP31220048,210025213,Montgomery County Police,Injury Crash,07/01/2021 09:45:00 AM,Maryland (State),LAYHILL RD,NORBECK RD,,N/A,,STRAIGHT MOVEMENT ANGLE,CLEAR,DRY,DAYLIGHT,TRAFFIC SIGNAL,NONE DETECTED,,4433455E-4A74-4F2A-A96E-7C6F2839A1C5,No,SUSPECTED MINOR INJURY,N/A,NOT DISTRACTED,MD,64EB2374-CE99-4753-A794-C4578C146963,DESTROYED,ELEVEN OCLOCK,PASSENGER CAR,MOVING CONSTANT SPEED,South,35,No,No,2007,HONDA,ODYSSEY,39.12053667,-77.034055,"(39.12053667, -77.034055)"
EJ78760065,230052253,Gaithersburg Police Depar,Property Damage Crash,08/30/2023 03:45:00 PM,Maryland (State),MONTGOMERY VILLAGE AVE,SPUR FR MD 124 TO MD 124,,N/A,,SAME DIR REAR END,CLEAR,DRY,DAYLIGHT,NO CONTROLS,NONE DETECTED,,F71B4C1A-96E8-4137-8C62-9A1CA79F7753,Yes,NO APPARENT INJURY,N/A,LOOKED BUT DID NOT SEE,MD,D98D643C-F026-46F0-A848-CC5C7F91B1AF,DISABLING,TWELVE OCLOCK,PASSENGER CAR,SLOWING OR STOPPING,North,35,No,No,2009,TOYOTA,COROLLA,39.1584699,-77.20376025,"(39.1584699, -77.20376025)"
MCP29060028,190029538,Montgomery County Police,Property Damage Crash,06/20/2019 05:15:00 PM,,,,IN PARKING LOT OF 10121 WASHINGTONIAN BLVD,,,STRAIGHT MOVEMENT ANGLE,CLEAR,,DAYLIGHT,N/A,N/A,,205901D4-0642-44C3-85AC-A5873956CEC6,No,NO APPARENT INJURY,N/A,NOT DISTRACTED,MD,02631881-DD9C-4975-B9B5-2E6F6FF1010F,SUPERFICIAL,FIVE OCLOCK,PASSENGER CAR,BACKING,South,25,No,No,2012,HYUNDAI,ELANTRA,39.119375,-77.20488167,"(39.119375, -77.20488167)"
MCP242500CH,180038957,Montgomery County Police,Property Damage Crash,08/06/2018 10:16:00 AM,Maryland (State),GEORGIA AVE,LOCUST GROVE RD,,N/A,,SAME DIRECTION SIDESWIPE,CLEAR,DRY,DAYLIGHT,NO CONTROLS,NONE DETECTED,,A65855E5-0565-4FD3-AEC9-240F06048EB1,Unknown,NO APPARENT INJURY,N/A,NOT DISTRACTED,MD,EC385046-C9B2-4F01-AC53-6B1D5556B781,SUPERFICIAL,EIGHT OCLOCK,TRANSIT BUS,MOVING CONSTANT SPEED,South,35,No,No,2017,FORD,VAN,39.01079333,-77.04154167,"(39.01079333, -77.04154167)"