Report Number,Local Case Number,Agency Name,ACRS Report Type,Crash Date/Time,Route Type,Road Name,Cross-Street Name,Off-Road Description,Municipality,Related Non-Motorist,Collision Type,Weather,Surface Condition,Light,Traffic Control,Driver Substance Abuse,Non-Motorist Substance Abuse,Person ID,Driver At Fault,Injury Severity,Circumstance,Driver Distracted By,Drivers License State,Vehicle ID,Vehicle Damage Extent,Vehicle First Impact Location,Vehicle Body Type,Vehicle Movement,Vehicle Going Dir,Speed Limit,Driverless Vehicle,Parked Vehicle,Vehicle Year,Vehicle Make,Vehicle Model,Latitude,Longitude,Location
MCP29170029,170548768,Montgomery County Police,Injury Crash,12/15/2017 02:30:00 PM,Maryland (State),LAYHILL RD,BEL PRE RD,,N/A,,STRAIGHT MOVEMENT ANGLE,SNOW,SNOW,DAYLIGHT,STOP SIGN,NONE DETECTED,,C0F74011-E7DC-491E-9CAD-33B0BAB0A225,No,POSSIBLE INJURY,"ICY OR SNOW-COVERED, RAIN, SNOW",NOT DISTRACTED,MD,F79711FC-DCB1-48C6-8CE1-BBC979A7737C,SUPERFICIAL,TWELVE OCLOCK,PASSENGER CAR,MOVING CONSTANT SPEED,South,45,No,No,2012,INFI,TK,39.092545,-77.04519833,"(39.092545, -77.04519833)"
MCP3284000V,210023567,Montgomery County Police,Injury Crash,06/20/2021 01:51:00 AM,Maryland (State),16TH ST,COLESVILLE RD,,N/A,,SINGLE VEHICLE,RAINING,WET,DARK LIGHTS ON,TRAFFIC SIGNAL,NONE DETECTED,,FDA2E524-1628-4665-9E40-CAFEC1BA8534,Yes,POSSIBLE INJURY,"RAIN, SNOW, WET",OTHER DISTRACTION,DC,D3235078-FF98-44EF-B7DD-EEC64FC6DAFA,DESTROYED,TWELVE OCLOCK,PASSENGER CAR,MOVING CONSTANT SPEED,North,35,No,No,2014,CHEVY,IMPALA,38.992632,-77.03641933,"(38.992632, -77.03641933)"
MCP29740022,190000814,Montgomery County Police,Property Damage Crash,01/05/2019 04:24:00 PM,Maryland (State),NEW HAMPSHIRE AVE,OAKVIEW DR,,N/A,,SAME DIR REAR END,N/A,WET,DAYLIGHT,N/A,NONE DETECTED,,4E4D4297-5303-413E-8C18-8A1FBFA17817,Yes,NO APPARENT INJURY,"N/A, WET",NOT DISTRACTED,MD,DCE88C82-0B9B-4DFB-B99D-9F2BE27FE12D,DISABLING,TWELVE OCLOCK,PASSENGER CAR,SLOWING OR STOPPING,North,40,No,No,2007,TOYOTA,COROLLA,39.01544,-76.97769,"(39.01544, -76.97769)"
MCP243600G0,220035183,Montgomery County Police,Property Damage Crash,08/15/2022 03:53:00 PM,Maryland (State),OLD GEORGETOWN RD,RAMP 1 FR MD 187 NB TO RAMP 8 (TO IS495),,N/A,,STRAIGHT MOVEMENT ANGLE,CLEAR,DRY,DAYLIGHT,TRAFFIC SIGNAL,NONE DETECTED,,79DDB959-C152-48F8-9A07-7ECA59AAE1A7,No,NO APPARENT INJURY,N/A,NOT DISTRACTED,MD,3AFB5143-3F80-464E-82B1-3C0E89D37FA3,SUPERFICIAL,ONE OCLOCK,PASSENGER CAR,MOVING CONSTANT SPEED,South,40,No,No,2005,NISSAN,ALTIMA,39.01437535,-77.11812162,"(39.01437535, -77.11812162)"
MCP2617000T,15017545,Montgomery County Police,Property Damage Crash,04/15/2015 02:57:00 PM,Maryland (State),CONNECTICUT AVE,ASPEN HILL RD,,N/A,,UNKNOWN,CLEAR,DRY,DAYLIGHT,TRAFFIC SIGNAL,NONE DETECTED,,58454A04-45C3-4A76-8589-961C73395D4E,No,NO APPARENT INJURY,N/A,UNKNOWN,MD,B09BD670-583A-44ED-BC2E-DF5E5325BF76,NO DAMAGE,TEN OCLOCK,TRANSIT BUS,SLOWING OR STOPPING,North,45,No,No,2014,INTL,TR,39.07977167,-77.08052833,"(39.07977167, -77.08052833)"
MCP3407000G,240052091,MONTGOMERY,Property Damage Crash,10/30/2024 04:52:00 PM,Maryland (State) Route,,STRINGTOWN RD,,,,Angle,Clear,Dry,Daylight,Traffic Control Signal,"Not Suspect of Alcohol Use, Not Suspect of Drug Use",,4595024A-FE08-4976-9054-B81C050C4730,Yes,No Apparent Injury,,Not Distracted,MD,63F609E1-4206-4B46-9FDC-638D71C5E99E,Disabling,Twelve O Clock,Sport Utility Vehicle,Moving Constant Speed,Northbound,40,No,No,2019,TOYOTA,HIGHLANDER,39.23745248,-77.27784475,"(39.23745248, -77.27784475)"
MCP3091003Q,220031689,Montgomery County Police,Property Damage Crash,07/23/2022 07:30:00 AM,Maryland (State),ROCKVILLE PIKE,HALPINE RD,,ROCKVILLE,,STRAIGHT MOVEMENT ANGLE,CLEAR,DRY,DAYLIGHT,TRAFFIC SIGNAL,N/A,,5BC5C9FD-DFCE-434B-A921-2BA4F6676F3F,No,NO APPARENT INJURY,N/A,NOT DISTRACTED,MD,259DB0E9-C34C-46BC-B190-D09EA8F76E67,SUPERFICIAL,FIVE OCLOCK,TRANSIT BUS,MOVING CONSTANT SPEED,East,25,No,No,2011,TRI,BUS,39.06191217,-77.1243865,"(39.06191217, -77.1243865)"
MCP2437001S,16027630,Montgomery County Police,Injury Crash,06/02/2016 04:39:00 PM,Maryland (State),VEIRS MILL RD,TURKEY BRANCH PKWY,,N/A,,SAME DIR REAR END,CLEAR,DRY,DAYLIGHT,NO CONTROLS,NONE DETECTED,,900E37A8-4D08-49E1-875B-F5486D772B8F,Yes,NO APPARENT INJURY,N/A,NOT DISTRACTED,MD,2554451E-76E9-4D85-AE3F-4F599CD96E29,SUPERFICIAL,TWELVE OCLOCK,PASSENGER CAR,MOVING CONSTANT SPEED,West,45,No,No,2015,AUDI,Q5,39.05989833,-77.08902667,"(39.05989833, -77.08902667)"
MCP158000CR,200010701,Montgomery County Police,Property Damage Crash,03/04/2020 07:52:00 AM,Maryland (State),MUNCASTER MILL RD,MAGRUDER HIGH SCHOOL,,N/A,,STRAIGHT MOVEMENT ANGLE,CLEAR,DRY,DAYLIGHT,TRAFFIC SIGNAL,NONE DETECTED,,B82C73AC-0B47-4E59-8DB0-666BE879CD54,No,NO APPARENT INJURY,N/A,NOT DISTRACTED,MD,AD21C232-0479-4D0B-8F1C-D24F3A5422A3,DISABLING,TEN OCLOCK,PASSENGER CAR,MAKING LEFT TURN,South,35,No,No,2018,HYUND,SONATA,39.13165,-77.12043,"(39.13165, -77.12043)"
MCP2656001F,16052679,Montgomery County Police,Property Damage Crash,10/13/2016 04:29:00 PM,US (State),COLUMBIA PIKE,GREENCASTLE RD,,N/A,,SAME DIR REAR END,CLEAR,DRY,N/A,NO CONTROLS,NONE DETECTED,,5B924461-2A43-4975-BEEA-7D0894CAF055,No,NO APPARENT INJURY,N/A,NOT DISTRACTED,MD,8A806C15-C5FA-4477-8717-0CE67B2088F8,SUPERFICIAL,SIX OCLOCK,PASSENGER CAR,SLOWING OR STOPPING,South,50,No,No,2014,GMC,ACADIA,39.087635,-76.93861,"(39.087635, -76.93861)"
MCP3187000S,190038072,Montgomery County Police,Injury Crash,08/09/2019 09:50:00 PM,Maryland (State),GEORGIA AVE,WINDHAM LA,,N/A,,SAME DIR REAR END,CLEAR,DRY,DARK LIGHTS ON,TRAFFIC SIGNAL,NONE DETECTED,,200B7385-8576-4F35-8831-478C9204FDD7,No,NO APPARENT INJURY,N/A,NOT DISTRACTED,MD,AA8A386B-D6A9-4AFD-890C-F3311D69DD95,DISABLING,SIX OCLOCK,PASSENGER CAR,STOPPED IN TRAFFIC LANE,North,35,No,No,2015,HONDA,CIVIC,39.03124667,-77.04803833,"(39.03124667, -77.04803833)"
MCP29470012,15055360,MONTGOMERY,Property Damage Crash,10/31/2015 07:33:00 AM,Maryland (State),CONNECTICUT AVE,ASPEN HILL RD,,N/A,,STRAIGHT MOVEMENT ANGLE,CLEAR,N/A,DAWN,TRAFFIC SIGNAL,MEDICATION PRESENT,,AA30663C-2821-4C2C-BD12-288A7F141988,Yes,NO APPARENT INJURY,N/A,LOOKED BUT DID NOT SEE,DC,425DFB37-E517-4FB8-A20B-12F335EF22D2,FUNCTIONAL,TWELVE OCLOCK,PASSENGER CAR,MAKING LEFT TURN,North,45,No,No,2002,SATURN,P3P,39.07984167,-77.08086,"(39.07984167, -77.08086)"
MCP3225000Y,200038020,Montgomery County Police,Property Damage Crash,09/27/2020 03:20:00 PM,Maryland (State),CONNECTICUT AVE,BRIGHTVIEW ST,,N/A,,SAME DIR REAR END,CLEAR,DRY,DAYLIGHT,NO CONTROLS,NONE DETECTED,,CB4089C3-0552-4C09-94BD-9804EF9803C0,Yes,NO APPARENT INJURY,N/A,UNKNOWN,MD,B6E579F2-E1DD-4566-B0C4-A3FEA09B2ADB,FUNCTIONAL,TWELVE OCLOCK,PASSENGER CAR,MOVING CONSTANT SPEED,North,40,No,No,2002,JEEP,GRAND CHEROKEE,39.05363598,-77.07423899,"(39.05363598, -77.07423899)"
MCP3078001V,180040340,Montgomery County Police,Injury Crash,08/14/2018 07:44:00 AM,Maryland (State),UNIVERSITY BLVD W,KERWIN RD,,N/A,,SAME DIRECTION SIDESWIPE,CLEAR,DRY,DAYLIGHT,NO CONTROLS,NONE DETECTED,,7157682D-E83E-4FE0-ABE3-4B8DF4BF5B24,Yes,NO APPARENT INJURY,N/A,LOOKED BUT DID NOT SEE,MD,97B02A13-69E7-4512-A14E-21CAC21506C7,FUNCTIONAL,ONE OCLOCK,"MEDIUM/HEAVY TRUCKS 3 AXLES (OVER 10,000LBS (4,536KG))",MOVING CONSTANT SPEED,West,35,No,No,2017,PETE,TK,39.027415,-77.020385,"(39.027415, -77.020385)"
MCP33170037,250006098,MONTGOMERY,Injury Crash,02/10/2025 08:19:00 PM,Maryland (State) Route,,,,,,Single Vehicle,Clear,Dry,Dark - Lighted,Flashing Traffic Control Signal,"Not Suspect of Alcohol Use, Not Suspect of Drug Use",,0EB77F89-ECF7-466B-AD68-438427E078C0,No,Suspected Minor Injury,,Not Distracted,MD,84B63AD1-9B9E-4282-A55F-872609C38C86,Disabling,Twelve O Clock,Passenger Car,Turning Right,Eastbound,40,No,No,2011,HYUNDAI,SONATA,39.11589002,-76.96184005,"(39.11589002, -76.96184005)"
DM8388000M,15059399,TAKOMA,Property Damage Crash,11/20/2015 08:29:00 PM,Maryland (State),NEW HAMPSHIRE AVE,ALLEY #4,,TAKOMA PARK,,HEAD ON LEFT TURN,CLEAR,DRY,DARK LIGHTS ON,TRAFFIC SIGNAL,NONE DETECTED,,A2919365-B82B-4FB9-ADA8-6A748A47F6FD,Yes,NO APPARENT INJURY,N/A,LOOKED BUT DID NOT SEE,MD,0016B42D-C2F8-40B9-9B59-508EB1452D6F,SUPERFICIAL,TWELVE OCLOCK,VAN,MAKING LEFT TURN,East,35,No,No,2004,CHEVY,EXPRESS,38.98766167,-76.987695,"(38.98766167, -76.987695)"
DD55270021,180064225,Rockville Police Departme,Injury Crash,12/23/2018 05:48:00 PM,Municipality,PARK RD,S STONESTREET AVE,,ROCKVILLE,,ANGLE MEETS RIGHT TURN,CLEAR,DRY,DARK LIGHTS ON,YIELD SIGN,NONE DETECTED,,63EC179C-61DC-45EA-9215-9DD8D71547F2,Yes,NO APPARENT INJURY,N/A,NOT DISTRACTED,MD,878F9F1A-5BD6-4EFB-80D8-CC0EC9E5CB91,FUNCTIONAL,NINE OCLOCK,PASSENGER CAR,ENTERING TRAFFIC LANE,West,25,No,No,2007,TOYOTA,4DR,39.08458167,-77.15293,"(39.08458167, -77.15293)"
MCP93210011,16041733,Montgomery County Police,Injury Crash,08/17/2016 12:48:00 PM,Maryland (State),GEORGIA AVE,PLYERS MILL RD,,N/A,,SAME DIR REAR END,CLEAR,DRY,DAYLIGHT,NO CONTROLS,NONE DETECTED,,FC7E2D5A-E960-4CC4-A8B1-7980484E6A8A,No,NO APPARENT INJURY,N/A,NOT DISTRACTED,MD,8E410396-D2DB-4E33-BBA9-25780C06EFB1,SUPERFICIAL,SIX OCLOCK,PASSENGER CAR,STOPPED IN TRAFFIC LANE,North,35,No,No,2010,LEXS,4S,39.030325,-77.04774,"(39.030325, -77.04774)"
MCP2162000Y,15015053,Montgomery County Police,Injury Crash,04/01/2015 06:51:00 PM,County,ARCOLA AVE,GEORGIA AVE,,N/A,BICYCLIST,SAME DIR REAR END,CLEAR,DRY,DAYLIGHT,N/A,N/A,N/A,F87A8183-33B0-4368-8220-0E84ADD966BF,Yes,NO APPARENT INJURY,"N/A, VISION OBSTRUCTION (INCL. BLINDED BY SUN)",LOOKED BUT DID NOT SEE,MD,07E4D0AF-471E-43EB-8296-93B88E7E24C0,FUNCTIONAL,TWELVE OCLOCK,PASSENGER CAR,MOVING CONSTANT SPEED,West,35,No,No,2009,TOYOTA,COROLLA,39.04718167,-77.05067833,"(39.04718167, -77.05067833)"
MCP2330001Q,180045811,Montgomery County Police,Injury Crash,09/13/2018 07:08:00 PM,Maryland (State),GEORGIA AVE,PRICE AVE,,N/A,,SAME DIR REAR END,CLEAR,DRY,DARK LIGHTS ON,OTHER,NONE DETECTED,,C32C6DE2-BB89-4982-8738-8870D156028B,Yes,NO APPARENT INJURY,N/A,LOOKED BUT DID NOT SEE,MD,A9EE9B40-4B11-4DC7-B6F5-E9BFF9078366,FUNCTIONAL,TWELVE OCLOCK,PASSENGER CAR,MOVING CONSTANT SPEED,South,35,No,No,2001,TOYOTA,CAMRY,39.04027,-77.05148333,"(39.04027, -77.05148333)"
MCP2203002R,180018476,Montgomery County Police,Injury Crash,04/16/2018 07:20:00 AM,Maryland (State),GEORGIA AVE,ARCOLA AVE,,N/A,,ANGLE MEETS LEFT TURN,RAINING,WET,DAYLIGHT,TRAFFIC SIGNAL,NONE DETECTED,,FAC10A32-7455-4448-8C03-89444C910E7A,No,NO APPARENT INJURY,N/A,NOT DISTRACTED,MD,8FEF9198-9579-4E62-81D5-8A2B2ADBBDFE,FUNCTIONAL,TWELVE OCLOCK,PASSENGER CAR,STOPPED IN TRAFFIC LANE,West,35,No,No,2005,TOYOTA,CAMRY,39.04704167,-77.05187,"(39.04704167, -77.05187)"
MCP32300021,210012725,Montgomery County Police,Property Damage Crash,04/05/2021 07:30:00 PM,Maryland (State),GEORGIA AVE,BEL PRE RD,,N/A,,SINGLE VEHICLE,CLEAR,DRY,DUSK,NO CONTROLS,NONE DETECTED,,6A0BB671-9214-448A-AE87-0CA161928C17,No,NO APPARENT INJURY,N/A,NOT DISTRACTED,MD,77DA94EF-10BF-4D29-87FB-EAC054AAC63C,SUPERFICIAL,TWELVE OCLOCK,POLICE VEHICLE/NON EMERGENCY,SLOWING OR STOPPING,South,45,No,No,2021,CHEVY,TAHOE,39.09335,-77.07973667,"(39.09335, -77.07973667)"
MCP33760017,230070835,Montgomery County Police,Injury Crash,12/09/2023 10:31:00 PM,Maryland (State),CONNECTICUT AVE,VEIRS MILL RD,,N/A,,SAME DIR REAR END,CLEAR,DRY,DARK LIGHTS ON,NO CONTROLS,NONE DETECTED,,03D62CC5-FA27-4C82-AF7B-DDF77675404B,No,SUSPECTED MINOR INJURY,N/A,NOT DISTRACTED,DC,81FCCA11-DD4D-4D31-A419-941668D7A584,DESTROYED,SIX OCLOCK,PASSENGER CAR,MOVING CONSTANT SPEED,South,40,No,No,2020,BUICK,495,39.04948233,-77.07520233,"(39.04948233, -77.07520233)"
MCP15650030,180041450,Montgomery County Police,Injury Crash,08/20/2018 05:45:00 PM,Maryland (State),GEORGIA AVE,PARKER AVE,,N/A,,SAME DIR REAR END,CLEAR,DRY,DAYLIGHT,NO CONTROLS,NONE DETECTED,,197E8563-3233-46AA-B36A-992CC89B4C76,Yes,NO APPARENT INJURY,N/A,UNKNOWN,MD,CED3C292-06E4-4DAB-9287-1D35C87573B5,DISABLING,TWELVE OCLOCK,(SPORT) UTILITY VEHICLE,SKIDDING,North,35,No,No,2011,HONDA,PILOT,39.04929,-77.05177667,"(39.04929, -77.05177667)"
DD5650001H,220021080,Rockville Police Departme,Injury Crash,05/17/2022 09:23:00 PM,Maryland (State),ROCKVILLE PIKE,HALPINE RD,,ROCKVILLE,,STRAIGHT MOVEMENT ANGLE,CLEAR,DRY,DARK LIGHTS ON,TRAFFIC SIGNAL,NONE DETECTED,,155D973B-CD9E-4ECB-96DB-1440DFD179DB,No,NO APPARENT INJURY,N/A,NOT DISTRACTED,MD,B232B406-981E-4956-AA98-CC84F04FF891,DISABLING,TWELVE OCLOCK,PASSENGER CAR,MOVING CONSTANT SPEED,East,30,No,No,2015,JEEP,TK,39.061905,-77.12407467,"(39.061905, -77.12407467)"
DD56340009,180050919,Rockville Police Departme,Injury Crash,10/11/2018 03:15:00 PM,Municipality,W GUDE DR,GAITHER RD,,ROCKVILLE,,OPPOSITE DIRECTION SIDESWIPE,RAINING,WET,DAYLIGHT,NO CONTROLS,NONE DETECTED,,4A1C573A-612D-405F-8402-2F1F57C9DEC9,No,NO APPARENT INJURY,"RAIN, SNOW, WET",NOT DISTRACTED,MD,9E10D59A-82DD-4DE5-BE55-01753E5CBE30,FUNCTIONAL,NINE OCLOCK,PASSENGER CAR,SLOWING OR STOPPING,East,40,No,No,2004,GMC,TK,39.10492217,-77.17162567,"(39.10492217, -77.17162567)"
MCP22700027,230057477,Montgomery County Police,Property Damage Crash,09/29/2023 12:45:00 PM,,,,PRIVATE DRIVEWAY OF 10701 ROCKVILLE PIKE - STRATHMORE MANSION,,,SAME DIR REAR END,CLEAR,,DAYLIGHT,NO CONTROLS,NONE DETECTED,,A149E07D-CE2D-43D5-ACED-0C93221F491D,Yes,NO APPARENT INJURY,N/A,INATTENTIVE OR LOST IN THOUGHT,MD,0A2E787D-5048-47F2-B4CA-61E773F89D6E,DISABLING,ONE OCLOCK,PASSENGER CAR,MAKING RIGHT TURN,South,10,No,No,2019,MAZD,TK,39.03196667,-77.10514167,"(39.03196667, -77.10514167)"
MCP3093003V,220034754,Montgomery County Police,Injury Crash,08/12/2022 06:02:00 PM,County,RUGBY AVE,AUBURN AVE,,N/A,,OTHER,CLEAR,N/A,DAYLIGHT,N/A,N/A,,DC194A52-1D4E-449F-B56B-29472DF472A0,Yes,NO APPARENT INJURY,N/A,UNKNOWN,MD,68EAA870-237C-47F1-BA38-904FE95756DF,DISABLING,ELEVEN OCLOCK,(SPORT) UTILITY VEHICLE,STARTING FROM PARKED,West,25,No,No,2021,TOYT,RAV 4,38.99203667,-77.098015,"(38.99203667, -77.098015)"
MCP2930004W,240046905,MONTGOMERY,Injury Crash,10/01/2024 05:53:00 PM,Maryland (State) Route,GEORGIA AVE (SB/L),RALPH RD,,,,Other,Rain,Wet,Other,No Controls,"Not Suspect of Alcohol Use, Not Suspect of Drug Use",,A28516FA-7571-4290-8EE6-2338C0B7EA5A,Yes,No Apparent Injury,,Unknown,MD,3636B647-E907-4AA5-AA10-6DFB239A9CAE,Disabling,Twelve O Clock,Sport Utility Vehicle,Accelerating,,35,No,No,1998,TOYOTA,4-RUNNER,39.07819669,-77.07193935,"(39.07819669, -77.07193935)"
DD5630000D,180038844,Rockville Police Departme,Injury Crash,08/05/2018 11:30:00 AM,,,,775 ROCKVILLE PIKE - IHOP PARKING LOT,,,STRAIGHT MOVEMENT ANGLE,CLEAR,,DAYLIGHT,NO CONTROLS,NONE DETECTED,,9C622982-91A6-4543-AA79-BE5FC7775085,No,SUSPECTED MINOR INJURY,N/A,NOT DISTRACTED,MD,2023A5CD-A6D8-439F-A7AB-6780F960BB06,DISABLING,TWELVE OCLOCK,PASSENGER CAR,MOVING CONSTANT SPEED,East,5,No,No,2012,MAZDA,3,39.07788667,-77.14094667,"(39.07788667, -77.14094667)"
MCP2730001Y,200045655,Montgomery County Police,Property Damage Crash,11/19/2020 07:10:00 AM,County,BOWMAN MILL RD,GERMANTOWN RD,,N/A,,OTHER,CLEAR,DRY,DAYLIGHT,TRAFFIC SIGNAL,UNKNOWN,,B4D98D0C-15E4-4D56-BAA4-88B117DF3D3B,Yes,NO APPARENT INJURY,N/A,UNKNOWN,MD,A8A79CF8-1D57-41E1-8FF6-66F22F1DB69E,UNKNOWN,UNKNOWN,PASSENGER CAR,MAKING RIGHT TURN,North,25,No,No,2006,HONDA,CIVIC,39.17535975,-77.27208257,"(39.17535975, -77.27208257)"
EJ7895003N,230005855,Gaithersburg Police Depar,Injury Crash,02/05/2023 10:05:00 AM,Maryland (State),FREDERICK RD,CHRISTOPHER AVE,,GAITHERSBURG,,STRAIGHT MOVEMENT ANGLE,N/A,DRY,DAYLIGHT,TRAFFIC SIGNAL,NONE DETECTED,,6F4284DC-C646-4DE4-B50E-48C0400FF9A5,No,NO APPARENT INJURY,N/A,NOT DISTRACTED,MD,E9E78149-3F59-4DE8-ADFD-CF5B6296D586,DISABLING,TWELVE OCLOCK,PASSENGER CAR,MOVING CONSTANT SPEED,North,40,No,No,2010,FORD,FUSION,39.1556949,-77.21572087,"(39.1556949, -77.21572087)"
DD5529000M,15008374,Rockville Police Departme,Property Damage Crash,02/20/2015 03:41:00 PM,Municipality,HALPINE RD,CHAPMAN AVE,,ROCKVILLE,,OTHER,CLEAR,DRY,DAYLIGHT,STOP SIGN,NONE DETECTED,,DF9018D0-33D4-4594-80D9-D1A0E71F703A,No,NO APPARENT INJURY,N/A,NOT DISTRACTED,WV,BB769906-F9B6-411C-974B-D45A7696934A,SUPERFICIAL,THREE OCLOCK,PICKUP TRUCK,MOVING CONSTANT SPEED,South,25,No,No,2005,CHEV,PICK UP,39.081105,-77.151865,"(39.081105, -77.151865)"
MCP2559000B,15000078,Montgomery County Police,Injury Crash,01/01/2015 07:35:00 AM,County,SAM EIG HWY,FIELDS RD,,N/A,,STRAIGHT MOVEMENT ANGLE,CLEAR,DRY,DAWN,TRAFFIC SIGNAL,NONE DETECTED,,2E5B489D-E574-4BD4-9761-EFA07F05E742,No,NO APPARENT INJURY,N/A,NOT DISTRACTED,MD,0DDCF6E5-E93A-49F0-A651-2EF687F9C6A2,SUPERFICIAL,FOUR OCLOCK,PASSENGER CAR,MAKING LEFT TURN,South,55,No,No,2011,FORD,FUSION,39.11606167,-77.20774167,"(39.11606167, -77.20774167)"
MCP3168001T,200008363,Montgomery County Police,Property Damage Crash,02/19/2020 06:53:00 PM,Municipality,FALLSGROVE DR,ENT TO APARTMENTS,,N/A,,SAME DIRECTION SIDESWIPE,CLEAR,N/A,DARK LIGHTS ON,NO CONTROLS,NONE DETECTED,,8AE8A30F-9C37-4098-8499-A3A027B1772F,No,NO APPARENT INJURY,N/A,NOT DISTRACTED,MD,47DE0810-9753-4B38-88F4-AEE9071941EF,DISABLING,SIX OCLOCK,(SPORT) UTILITY VEHICLE,PARKING,North,25,No,No,2018,SUBA,FORESTER,39.09943167,-77.18838667,"(39.09943167, -77.18838667)"
MCP2969007K,190053805,Montgomery County Police,Injury Crash,11/08/2019 07:14:00 AM,County,GLENALLAN AVE,LAYHILL RD,,N/A,,SAME DIR REAR END,CLEAR,DRY,DAYLIGHT,NO CONTROLS,NONE DETECTED,,9CCF49DF-4E7B-471E-B6BA-8C1FFA7A602E,No,NO APPARENT INJURY,"N/A, VISION OBSTRUCTION (INCL. BLINDED BY SUN)",NOT DISTRACTED,MD,D1C47B03-C661-4C8F-B3AF-CCCE0B01B6D7,SUPERFICIAL,SIX OCLOCK,PASSENGER CAR,STOPPED IN TRAFFIC LANE,East,25,No,No,2001,CHRY,TOWN & COUNTRY,39.06350833,-77.05123167,"(39.06350833, -77.05123167)"
DD5637001C,200011817,Rockville Police Departme,Property Damage Crash,03/10/2020 03:54:00 PM,Maryland (State),FREDERICK RD,KING FARM BLVD,,ROCKVILLE,,SAME DIR REAR END,CLEAR,DRY,DAYLIGHT,TRAFFIC SIGNAL,NONE DETECTED,,90CE91DB-C4E4-41A3-8A2D-F4751830A07B,No,NO APPARENT INJURY,N/A,NOT DISTRACTED,MD,A6F85CE9-32D4-4B44-B043-AE1BFB2E9D6D,SUPERFICIAL,SIX OCLOCK,VAN,SLOWING OR STOPPING,North,35,No,No,2011,CHEVY,EXPRESS,39.11677783,-77.1681,"(39.11677783, -77.1681)"
MCP0036004B,16029814,Montgomery County Police,Injury Crash,06/13/2016 04:44:00 PM,Maryland (State),LAYTONSVILLE RD,HAWKINS CREAMERY RD,,N/A,,SAME DIR REAR END,CLEAR,DRY,DAYLIGHT,NO CONTROLS,NONE DETECTED,,A0EB10CF-90CE-4242-A7B5-19B7E8014E8D,Yes,NO APPARENT INJURY,N/A,LOOKED BUT DID NOT SEE,MD,5E3CD8C9-6711-44E7-A7D7-8673D13D4D73,FUNCTIONAL,TWELVE OCLOCK,(SPORT) UTILITY VEHICLE,MOVING CONSTANT SPEED,West,40,No,No,2004,CADILLAC,TK,39.246335,-77.14364167,"(39.246335, -77.14364167)"
MCP2656006K,230008302,Montgomery County Police,Injury Crash,02/18/2023 05:40:00 PM,,SHILOH CHURCH RD,COMUS RD,,N/A,,SINGLE VEHICLE,N/A,N/A,DARK NO LIGHTS,N/A,N/A,,D972D3BE-1ACF-4009-92BE-EF0429952D38,Yes,POSSIBLE INJURY,N/A,LOOKED BUT DID NOT SEE,MD,E1A9A456-FE2A-40DF-B21E-0A9131E458F4,FUNCTIONAL,TWELVE OCLOCK,MOTORCYCLE,MOVING CONSTANT SPEED,North,40,No,No,2001,YAMAHA,MOTORCYCLE,39.23706833,-77.30940667,"(39.23706833, -77.30940667)"
MCP2549004S,15048604,MONTGOMERY,Injury Crash,09/25/2015 10:00:00 AM,Maryland (State),RIVER RD,PERSIMMON TREE RD,,N/A,,SAME DIR REAR END,CLOUDY,DRY,DAYLIGHT,NO CONTROLS,NONE DETECTED,,91C4D0E4-7466-443B-9EA4-1EB96360BEEA,No,NO APPARENT INJURY,N/A,NOT DISTRACTED,DC,F8CFD9C3-6E74-437E-AFBD-01FB4909ABFE,FUNCTIONAL,SIX OCLOCK,(SPORT) UTILITY VEHICLE,SLOWING OR STOPPING,East,35,No,No,2016,ACURA,MDX,39.011055,-77.19850333,"(39.011055, -77.19850333)"
MCP3076001L,180023793,Montgomery County Police,Injury Crash,05/15/2018 06:38:00 AM,County,BRUNSWICK AVE,DENNIS AVE,,N/A,,OTHER,CLEAR,WET,DAYLIGHT,STOP SIGN,NONE DETECTED,,EB4B444D-F724-42FC-9890-1244599D9909,No,POSSIBLE INJURY,"RAIN, SNOW, WET",NOT DISTRACTED,MD,6E2E0784-2DE5-4590-8193-E3BA0C4D1F7F,SUPERFICIAL,THREE OCLOCK,MOTORCYCLE,MOVING CONSTANT SPEED,South,25,No,No,2008,YAMA,MC,39.024965,-77.05505367,"(39.024965, -77.05505367)"
DM84940022,220023169,Takoma Park Police Depart,Property Damage Crash,05/30/2022 10:35:00 PM,Maryland (State),NEW HAMPSHIRE AVE,ETHAN ALLEN AVE,,N/A,,STRAIGHT MOVEMENT ANGLE,CLEAR,DRY,DARK LIGHTS ON,TRAFFIC SIGNAL,N/A,,49284E5D-BF99-4FE8-9BFD-F28E66FC594B,No,NO APPARENT INJURY,N/A,NOT DISTRACTED,MD,1008155F-E064-4643-B2C2-0D16F2CC7A20,SUPERFICIAL,FOUR OCLOCK,PASSENGER CAR,STARTING FROM LANE,West,25,No,No,2017,HYUNDAI,SD,38.975292,-76.9941538,"(38.975292, -76.9941538)"
MCP2756001S,17000881,Montgomery County Police,Property Damage Crash,01/05/2017 09:00:00 PM,Maryland (State),GEORGIA AVE,VEIRS MILL RD,,N/A,,SAME DIRECTION SIDESWIPE,CLEAR,DRY,DUSK,TRAFFIC SIGNAL,NONE DETECTED,,722E3B99-FCCA-4BB2-86ED-5CB3AA848E16,Yes,NO APPARENT INJURY,N/A,UNKNOWN,MD,81744B04-A97D-40AF-B8A7-280A3CFFFEBA,FUNCTIONAL,EIGHT OCLOCK,PASSENGER CAR,CHANGING LANES,North,35,No,No,2013,CHEVY,MALIBU,39.035862,-77.049757,"(39.035862, -77.049757)"