Report Number,Local Case Number,Agency Name,ACRS Report Type,Crash Date/Time,Route Type,Road Name,Cross-Street Name,Off-Road Description,Municipality,Related Non-Motorist,Collision Type,Weather,Surface Condition,Light,Traffic Control,Driver Substance Abuse,Non-Motorist Substance Abuse,Person ID,Driver At Fault,Injury Severity,Circumstance,Driver Distracted By,Drivers License State,Vehicle ID,Vehicle Damage Extent,Vehicle First Impact Location,Vehicle Body Type,Vehicle Movement,Vehicle Going Dir,Speed Limit,Driverless Vehicle,Parked Vehicle,Vehicle Year,Vehicle Make,Vehicle Model,Latitude,Longitude,Location
MCP2726000S,15054710,MONTGOMERY,Injury Crash,10/28/2015 09:56:00 AM,County,MONTROSE RD,TOWER OAKS BLVD,,ROCKVILLE,,HEAD ON LEFT TURN,RAINING,WET,DAYLIGHT,TRAFFIC SIGNAL,N/A,,690047E2-0FA3-4BD3-A6EC-B079A04A7833,No,NO APPARENT INJURY,"RAIN, SNOW, WET",NOT DISTRACTED,MD,F035F60D-C1CE-444A-A1E3-425F00F22FD0,SUPERFICIAL,SEVEN OCLOCK,PASSENGER CAR,STOPPED IN TRAFFIC LANE,South,35,No,No,2012,NISS,4S,39.05587167,-77.14945,"(39.05587167, -77.14945)"
MCP20460076,170528960,Montgomery County Police,Property Damage Crash,09/06/2017 09:46:00 AM,Maryland (State),GEORGIA AVE,EVANS PKWY,,N/A,,SAME DIRECTION SIDESWIPE,CLOUDY,DRY,DAYLIGHT,NO CONTROLS,NONE DETECTED,,1C7C12B5-3DDC-4465-B46C-2698EA2F08C1,Yes,NO APPARENT INJURY,N/A,NOT DISTRACTED,MD,85A20E18-80F7-4E6C-8B8D-A3AD812BC26D,SUPERFICIAL,TWO OCLOCK,OTHER,MOVING CONSTANT SPEED,North,35,No,No,2014,CHEV,TK,39.02671868,-77.04648614,"(39.02671868, -77.04648614)"
MCP3023000T,170516781,Montgomery County Police,Injury Crash,07/01/2017 10:15:00 AM,Maryland (State),NORBECK RD,WINTERGATE DR,,N/A,BICYCLIST,SAME DIRECTION SIDESWIPE,CLEAR,DRY,DAYLIGHT,TRAFFIC SIGNAL,NONE DETECTED,NONE DETECTED,C6B0CB29-3327-4214-B387-CB4BD745429A,Yes,NO APPARENT INJURY,N/A,UNKNOWN,MD,22C5CF2B-9861-460F-B2D2-64844638C1C7,SUPERFICIAL,TWELVE OCLOCK,PASSENGER CAR,RIGHT TURN ON RED,West,25,No,No,2014,SUBA,SW,39.112255,-77.05907,"(39.112255, -77.05907)"
MCP28300027,16031540,Montgomery County Police,Property Damage Crash,06/22/2016 11:57:00 AM,,,,"18101 PRINCE PHILIP DR, OLNEY, MD 20832",,,OTHER,CLEAR,,DAYLIGHT,NO CONTROLS,NONE DETECTED,,6A8D2AD3-42AC-4433-8971-08D03FDFD387,Yes,NO APPARENT INJURY,N/A,INATTENTIVE OR LOST IN THOUGHT,MD,AB0CBA3C-4D06-41A3-84E3-95580B0C2B31,SUPERFICIAL,SIX OCLOCK,(SPORT) UTILITY VEHICLE,ACCELERATING,Unknown,0,No,No,2010,HOND,SU,39.14990167,-77.05790667,"(39.14990167, -77.05790667)"
MCP31630040,210050208,Montgomery County Police,Property Damage Crash,12/10/2021 04:00:00 PM,County,SOUTHPORT DR,HURST ST,,N/A,,SAME DIRECTION SIDESWIPE,CLEAR,DRY,DAYLIGHT,N/A,N/A,,45B1B60E-C328-452D-BF95-EE54B2ADDBE3,Yes,NO APPARENT INJURY,N/A,LOOKED BUT DID NOT SEE,MD,B8C36E46-5D64-4AB8-987C-A89D704DA32C,NO DAMAGE,FIVE OCLOCK,"MEDIUM/HEAVY TRUCKS 3 AXLES (OVER 10,000LBS (4,536KG))",SLOWING OR STOPPING,East,35,No,No,2008,STLG,TRUCK,39.02176472,-77.11942457,"(39.02176472, -77.11942457)"
MCP2358006S,190045551,Montgomery County Police,Property Damage Crash,09/23/2019 11:15:00 AM,Maryland (State),BRADLEY BLVD,BURNING TREE RD,,N/A,,STRAIGHT MOVEMENT ANGLE,CLEAR,DRY,DAYLIGHT,STOP SIGN,NONE DETECTED,,2EEFF1F3-BD3C-44A3-854A-7ACB20D1B5DF,No,NO APPARENT INJURY,N/A,NOT DISTRACTED,FL,0D0E200B-738F-4138-808B-64993B718BBB,DISABLING,TWELVE OCLOCK,PASSENGER CAR,MOVING CONSTANT SPEED,North,35,No,No,2015,FORD,FLEX,39.003645,-77.13733667,"(39.003645, -77.13733667)"
MCP21980083,200033669,Montgomery County Police,Property Damage Crash,08/28/2020 03:54:00 PM,Maryland (State),WOODFIELD RD,SNOUFFERS SCHOOL RD,,N/A,,HEAD ON LEFT TURN,CLEAR,DRY,DAYLIGHT,TRAFFIC SIGNAL,N/A,,6F968D31-B983-4BBE-8406-059078353468,Yes,NO APPARENT INJURY,N/A,NOT DISTRACTED,MD,9ED28E1D-E04D-400D-9BF1-23BA661308B4,DISABLING,FOUR OCLOCK,PASSENGER CAR,ACCELERATING,North,40,No,No,2015,SUBARU,SUV,39.15891116,-77.15995925,"(39.15891116, -77.15995925)"
MCP137800Z5,210044168,Montgomery County Police,Injury Crash,11/01/2021 05:47:00 PM,County,ROCK SPRING DR,ROCKLEDGE DR,,N/A,,STRAIGHT MOVEMENT ANGLE,CLEAR,DRY,DAYLIGHT,TRAFFIC SIGNAL,NONE DETECTED,,606C1262-46B8-4804-BAF7-54F4F85E5FE5,Yes,NO APPARENT INJURY,N/A,NOT DISTRACTED,VA,41057C7C-7C99-49DA-8B8D-489274A5E642,DISABLING,TWELVE OCLOCK,PASSENGER CAR,ACCELERATING,East,30,No,No,2009,NISSAN,SENTRA,39.02692833,-77.13252333,"(39.02692833, -77.13252333)"
MCP3280002D,220031715,Montgomery County Police,Property Damage Crash,07/23/2022 12:21:00 PM,County,E RANDOLPH RD,FAIRLAND RD,,N/A,,HEAD ON LEFT TURN,CLEAR,DRY,DAYLIGHT,TRAFFIC SIGNAL,NONE DETECTED,,67E6227E-4ACD-4A2A-832C-B4DDB781E800,Unknown,NO APPARENT INJURY,N/A,UNKNOWN,MD,4C0FB919-61C3-4F76-8CD6-1783CF33ED0E,DESTROYED,TWELVE OCLOCK,PASSENGER CAR,SLOWING OR STOPPING,West,40,No,No,2013,FORD,EDGE,39.075725,-76.994065,"(39.075725, -76.994065)"
MCP2082000Y,170513143,Montgomery County Police,Property Damage Crash,06/12/2017 01:43:00 AM,County,ENNALLS AVE,ALLEY,,N/A,,OTHER,CLEAR,DRY,DARK LIGHTS ON,NO CONTROLS,NONE DETECTED,,1DB96F0B-6632-486A-B351-F361941DB309,No,NO APPARENT INJURY,N/A,NOT DISTRACTED,MD,6007E680-2011-4EC8-BC5B-C25AB84CCCBF,SUPERFICIAL,TWELVE OCLOCK,POLICE VEHICLE/EMERGENCY,STOPPED IN TRAFFIC LANE,West,25,No,No,2016,FORD,TAURUS,39.07879333,-77.07951667,"(39.07879333, -77.07951667)"
MCP3071001V,200047019,Montgomery County Police,Injury Crash,11/29/2020 12:00:00 AM,County,MIDDLEBROOK RD,OBSERVATION DR,,N/A,,HEAD ON LEFT TURN,CLEAR,DRY,DARK LIGHTS ON,STOP SIGN,NONE DETECTED,,04F1F5E5-5B25-4D75-817F-47EEED392EBF,No,SUSPECTED MINOR INJURY,N/A,NOT DISTRACTED,MD,5CAECB42-2D56-4C5C-B488-A6BF440B234A,DISABLING,ELEVEN OCLOCK,PASSENGER CAR,MOVING CONSTANT SPEED,East,40,No,No,2020,TOYT,4D,39.17932,-77.24041167,"(39.17932, -77.24041167)"
MCP2894001N,15064692,Montgomery County Police,Injury Crash,12/18/2015 12:34:00 PM,County,OLD GEORGETOWN RD,NEBEL ST,,N/A,,STRAIGHT MOVEMENT ANGLE,N/A,DRY,DAYLIGHT,STOP SIGN,NONE DETECTED,,C94EEF21-B7FA-4458-9318-3589860278DF,Yes,POSSIBLE INJURY,N/A,UNKNOWN,MD,00B3C864-86A2-43B6-9AEE-8DC66A343938,FUNCTIONAL,TWELVE OCLOCK,PASSENGER CAR,STARTING FROM LANE,East,35,No,No,2005,NISSAN,4 DOOR,39.05053833,-77.10911833,"(39.05053833, -77.10911833)"
MCP31900016,190032871,Montgomery County Police,Injury Crash,07/11/2019 07:40:00 AM,County,RANDOLPH RD,LINDELL ST,,N/A,,STRAIGHT MOVEMENT ANGLE,CLEAR,DRY,DAYLIGHT,STOP SIGN,NONE DETECTED,,FC35FB37-A583-4840-8868-0C647097F939,No,SUSPECTED SERIOUS INJURY,N/A,NOT DISTRACTED,MD,30712B62-3144-4642-8CB2-76D5DEAA74A9,DISABLING,TWELVE OCLOCK,PASSENGER CAR,MOVING CONSTANT SPEED,East,35,No,No,2012,NISSAN,ALTIMA,39.059155,-77.06211333,"(39.059155, -77.06211333)"
MCP2969006X,190040371,Montgomery County Police,Injury Crash,08/23/2019 02:30:00 PM,County,E RANDOLPH RD,LAURIE DR,,N/A,,HEAD ON,CLEAR,WET,DAYLIGHT,NO CONTROLS,NONE DETECTED,,B54225B5-3566-4DBC-B9D5-615A2B1BCAB3,Yes,POSSIBLE INJURY,"RAIN, SNOW, V EXHAUST SYSTEM|R OTHER ROAD, WET",NOT DISTRACTED,MD,6EC0B519-889B-4395-9837-97B4BFB647B3,DESTROYED,ONE OCLOCK,PASSENGER CAR,MOVING CONSTANT SPEED,East,40,No,No,2008,HONDA,CIVIC,39.06530333,-76.97886833,"(39.06530333, -76.97886833)"
MCP15500063,250020740,MONTGOMERY,Property Damage Crash,05/11/2025 10:44:00 AM,County Route,TUCKERMAN LA (EB/L),OLD GEORGETOWN RD (SB/L),,,,Angle,Clear,Dry,Daylight,Traffic Control Signal,"Not Suspect of Alcohol Use, Not Suspect of Drug Use",,C138C048-9BD7-449E-B495-322F3DA0B383,Yes,No Apparent Injury,,Not Distracted,MD,96A9F3B0-8ED9-4BC1-A709-627D13008B7F,Functional,Twelve O Clock,Passenger Car,Moving Constant Speed,,35,No,No,2017,SUBARU,OUTBACK,39.03437836,-77.12497334,"(39.03437836, -77.12497334)"
DD5651003G,230032036,Rockville Police Departme,Injury Crash,07/05/2023 02:08:00 PM,Municipality,N WASHINGTON ST,W MONTGOMERY AVE,,ROCKVILLE,,STRAIGHT MOVEMENT ANGLE,CLEAR,DRY,DAYLIGHT,TRAFFIC SIGNAL,NONE DETECTED,,D0A24D8A-3394-4661-8D84-D4A2A44F7ACE,Yes,NO APPARENT INJURY,N/A,NOT DISTRACTED,XX,2DA33486-116F-47D8-9742-ED9D0ACBEBA4,DESTROYED,TWELVE OCLOCK,PASSENGER CAR,MOVING CONSTANT SPEED,South,30,No,No,2016,TOYOTA,COROLLA,39.08417439,-77.15291075,"(39.08417439, -77.15291075)"
MCP2859004F,170530650,Montgomery County Police,Injury Crash,09/14/2017 10:00:00 AM,County,MUDDY BRANCH RD,HARMONY HALL RD,,N/A,,SAME DIR REAR END,CLEAR,DRY,DARK LIGHTS ON,NO CONTROLS,NONE DETECTED,,2DF46E8C-3067-4D7D-B2BE-D5B8E63F6C0C,Yes,NO APPARENT INJURY,N/A,UNKNOWN,MD,D5A34E89-E6AF-419A-B680-39C7E51A854B,SUPERFICIAL,TWELVE OCLOCK,PASSENGER CAR,MOVING CONSTANT SPEED,North,30,No,No,2011,HOND,CIVIC,39.13671567,-77.205492,"(39.13671567, -77.205492)"
MCP26440007,16045577,Montgomery County Police,Injury Crash,09/06/2016 04:25:00 PM,Maryland (State),DARNESTOWN RD,MUDDY BRANCH RD,,N/A,,SAME DIR REAR END,CLEAR,DRY,DAYLIGHT,TRAFFIC SIGNAL,UNKNOWN,,6BD51FC7-E046-4FDF-8172-2A1427A32E98,Yes,NO APPARENT INJURY,N/A,UNKNOWN,,AA6A7333-5EF2-4D1D-BD15-0FE53B978738,UNKNOWN,UNKNOWN,,UNKNOWN,West,40,No,No,0,UNKNOWN,UNKNOWN,39.10231667,-77.21946333,"(39.10231667, -77.21946333)"
EJ78290018,15017597,Gaithersburg Police Depar,Property Damage Crash,04/15/2015 06:39:00 PM,Maryland (State),W DIAMOND AVE,PERRY PKWY,,GAITHERSBURG,,SAME DIR REAR END,CLEAR,DRY,DAYLIGHT,TRAFFIC SIGNAL,NONE DETECTED,,FC60CA9B-A607-4889-B07F-3B2F46006B14,Yes,NO APPARENT INJURY,N/A,NOT DISTRACTED,MD,28F5736F-0487-4F40-B526-0B76F487C94B,SUPERFICIAL,TWELVE OCLOCK,MOTORCYCLE,ACCELERATING,East,35,No,No,2007,YAMAHA,R6,39.14009333,-77.20405,"(39.14009333, -77.20405)"
DD5520000T,200003332,Rockville Police Departme,Injury Crash,01/21/2020 07:55:00 AM,Maryland (State),E JEFFERSON ST,MONROE ST,,ROCKVILLE,,STRAIGHT MOVEMENT ANGLE,CLEAR,DRY,DAYLIGHT,TRAFFIC SIGNAL,NONE DETECTED,,F9E0CF66-0379-4DDB-B0B8-9156CC89CF65,No,NO APPARENT INJURY,N/A,NOT DISTRACTED,MD,1A6275BA-578F-4893-BCCE-2A111B4EA5AE,SUPERFICIAL,TWELVE OCLOCK,PASSENGER CAR,STARTING FROM PARKED,South,30,No,No,2019,TOYOTA,4 RUNNER,39.077875,-77.17024167,"(39.077875, -77.17024167)"
MCP2942002C,17004794,Montgomery County Police,Property Damage Crash,01/27/2017 06:49:00 PM,Maryland (State),CONNECTICUT AVE,JONES BRIDGE RD,,N/A,,SAME DIR REAR END,CLEAR,DRY,DARK LIGHTS ON,NO CONTROLS,NONE DETECTED,,1E920E59-E0BB-4D9A-81BA-3151392A0C79,No,NO APPARENT INJURY,N/A,NOT DISTRACTED,MD,D0F2B5A9-7E03-4C20-9D39-E5964D6A69FB,FUNCTIONAL,SIX OCLOCK,(SPORT) UTILITY VEHICLE,STOPPED IN TRAFFIC LANE,North,35,No,No,2015,TOYOTA,HIGHLANDER,39.00292567,-77.07732783,"(39.00292567, -77.07732783)"
DD5522001L,15013037,Rockville Police Departme,Injury Crash,03/21/2015 04:03:00 PM,Municipality,CHAPMAN AVE,TWINBROOK PKWY,,ROCKVILLE,,HEAD ON LEFT TURN,CLEAR,DRY,DAYLIGHT,NO CONTROLS,NONE DETECTED,,FE3BFCF8-9D40-4141-9999-548F9C6EF282,No,NO APPARENT INJURY,N/A,NOT DISTRACTED,MD,AA701998-7351-4FA2-92DE-EC6E53FF9F49,FUNCTIONAL,TWELVE OCLOCK,PASSENGER CAR,MOVING CONSTANT SPEED,North,30,No,No,2001,CHRSLER,SEBRING,39.05817833,-77.11853833,"(39.05817833, -77.11853833)"
MCP2516005H,240047506,MONTGOMERY,Injury Crash,10/03/2024 07:00:00 PM,County Route,SCENERY DR,,,,,"Sideswipe, Same Direction",Cloudy,Wet,Dusk,No Controls,"Unknown, Unknown",,97991757-6031-4058-9614-630C1D39BA06,Yes,,,,,4FED02A0-3EA0-4986-909C-21520A75A495,Superficial,Four O Clock,,Moving Constant Speed,Westbound,35,No,No,0,,,39.17710398,-77.23423947,"(39.17710398, -77.23423947)"
MCP2765002W,16048409,Montgomery County Police,Property Damage Crash,09/20/2016 07:00:00 PM,Maryland (State),DARNESTOWN RD,SENECA RD,,N/A,,SAME DIRECTION RIGHT TURN,CLEAR,DRY,DAYLIGHT,TRAFFIC SIGNAL,NONE DETECTED,,1C3A5C72-B93C-4070-9A97-8F0995EB1A88,Yes,NO APPARENT INJURY,N/A,LOOKED BUT DID NOT SEE,PA,43CCE248-911F-4252-90C2-CB9D8AC3CECB,FUNCTIONAL,TWO OCLOCK,PASSENGER CAR,CHANGING LANES,West,35,No,No,1996,PONT,GRAND AM,39.10344167,-77.29145,"(39.10344167, -77.29145)"
MCP3118004C,230074374,Montgomery County Police,Property Damage Crash,12/31/2023 11:34:00 AM,Maryland (State),LAYHILL RD,BEL PRE RD,,N/A,,SAME DIR REAR END,CLEAR,DRY,DAYLIGHT,TRAFFIC SIGNAL,NONE DETECTED,,CA9B632E-1D11-4EB1-BD47-7C0B2EB3BB5C,No,NO APPARENT INJURY,N/A,NOT DISTRACTED,MD,22819732-91A9-480A-9117-86DF77FE45A2,SUPERFICIAL,SIX OCLOCK,PASSENGER CAR,STOPPED IN TRAFFIC LANE,North,40,No,No,2015,TOYT,HB,39.09025888,-77.04476321,"(39.09025888, -77.04476321)"
MCP29640025,170517510,Montgomery County Police,Injury Crash,07/05/2017 08:11:00 PM,County,FATHER HURLEY BLVD,TRIMFIELD LA,,N/A,BICYCLIST,STRAIGHT MOVEMENT ANGLE,RAINING,WET,DAWN,TRAFFIC SIGNAL,NONE DETECTED,NONE DETECTED,F7BC4185-6AB1-484E-9968-D70D6CE93E4D,No,NO APPARENT INJURY,"RAIN, SNOW, WET",LOOKED BUT DID NOT SEE,MD,070984F6-574E-49FA-838F-C9DAB2D97327,SUPERFICIAL,THREE OCLOCK,VAN,MAKING RIGHT TURN,North,35,No,No,2007,FORD,ECONOLINE,39.18630738,-77.2735633,"(39.18630738, -77.2735633)"
MCP2116006Q,170522950,Montgomery County Police,Property Damage Crash,08/04/2017 12:43:00 PM,Maryland (State),DARNESTOWN RD,SENECA RD,,N/A,,STRAIGHT MOVEMENT ANGLE,CLEAR,DRY,DAYLIGHT,N/A,NONE DETECTED,,C3E8EA3D-03AB-4DEA-8A9D-8458F93356FB,No,NO APPARENT INJURY,N/A,NOT DISTRACTED,MD,F3EF90A0-6277-4139-8963-18762675994D,FUNCTIONAL,TWELVE OCLOCK,PASSENGER CAR,SLOWING OR STOPPING,East,30,No,No,2008,LEXU,TK,39.10284167,-77.29049833,"(39.10284167, -77.29049833)"
MCP3320002W,240060528,MONTGOMERY,Property Damage Crash,12/18/2024 06:40:00 PM,County Route,SEMINARY RD,,,,,Front to Rear,Rain,Wet,Dark - Not Lighted,Traffic Control Signal,"Not Suspect of Alcohol Use, Not Suspect of Drug Use",,84897DD6-8951-4B6E-9709-09C14F96C514,Yes,No Apparent Injury,,Not Distracted,VA,93D53AC7-0A09-4523-92AD-A4DB2E33976C,Disabling,Twelve O Clock,Passenger Car,Slowing or Stopping,Eastbound,30,No,No,2018,TOYOTA,COROLLA,39.0142025,-77.05426183,"(39.0142025, -77.05426183)"
MCP2846001L,16010622,MONTGOMERY,Property Damage Crash,03/03/2016 12:10:00 PM,County,BUCKNELL DR,ELKIN ST,,N/A,,SAME DIRECTION SIDESWIPE,CLEAR,DRY,DAYLIGHT,NO CONTROLS,NONE DETECTED,,3666DEA7-BF9C-404C-8993-EE1046DC76EF,No,NO APPARENT INJURY,N/A,NOT DISTRACTED,MD,C49F4572-5637-4627-89C8-3E7CC1F5B264,SUPERFICIAL,ONE OCLOCK,SCHOOL BUS,MOVING CONSTANT SPEED,South,25,No,No,2016,THOMAS,PUSH MSDE12,39.044805,-77.04593667,"(39.044805, -77.04593667)"
MCP26410034,230024192,Montgomery County Police,Injury Crash,05/20/2023 11:10:00 AM,Maryland (State),MAIN ST,WOODFIELD RD,,N/A,,STRAIGHT MOVEMENT ANGLE,CLEAR,DRY,DAYLIGHT,N/A,NONE DETECTED,,74DF6F46-E73D-421E-8256-4630B32E6BF5,No,SUSPECTED MINOR INJURY,N/A,NOT DISTRACTED,MD,7AD1E7A6-5AA4-4C2D-99F6-55CFFCB4C754,DISABLING,ONE OCLOCK,PASSENGER CAR,MOVING CONSTANT SPEED,South,35,No,No,2018,HONDA,CIVIC,39.289325,-77.20090167,"(39.289325, -77.20090167)"
MCP2921000M,15038325,MONTGOMERY,Injury Crash,08/02/2015 04:07:00 PM,Maryland (State),RIDGE RD,FREDERICK RD,,N/A,PEDESTRIAN,SINGLE VEHICLE,CLEAR,N/A,DAYLIGHT,TRAFFIC SIGNAL,NONE DETECTED,NONE DETECTED,349177B7-AE84-4457-B65C-07920148AADE,No,NO APPARENT INJURY,N/A,NOT DISTRACTED,MD,0860775C-4114-45E7-BD20-820836C0F7A0,SUPERFICIAL,TWELVE OCLOCK,PASSENGER CAR,ACCELERATING,South,40,No,No,2003,HONDA,SW,39.20468667,-77.24554667,"(39.20468667, -77.24554667)"
MCP2871006M,200009935,Montgomery County Police,Injury Crash,02/28/2020 03:36:00 PM,Other Public Roadway,MONTROSE PKWY,E JEFFERSON ST,,N/A,,STRAIGHT MOVEMENT ANGLE,CLEAR,DRY,DAYLIGHT,TRAFFIC SIGNAL,NONE DETECTED,,0D615984-CE1D-41AE-ADF8-1DA4491A288F,No,NO APPARENT INJURY,N/A,NOT DISTRACTED,MD,02C48CB8-1991-4BD6-849D-87201DA2BFD7,DISABLING,ELEVEN OCLOCK,PASSENGER CAR,MOVING CONSTANT SPEED,West,40,No,No,2013,KIA,4S,39.051065,-77.12628,"(39.051065, -77.12628)"
MCP2420002M,170530802,Montgomery County Police,Injury Crash,09/15/2017 05:30:00 PM,County,CASHELL RD,MORNINGWOOD DR,,N/A,,STRAIGHT MOVEMENT ANGLE,CLEAR,DRY,DAYLIGHT,N/A,NONE DETECTED,,83E3E85E-C790-43E6-AE27-64672D587B3C,No,NO APPARENT INJURY,N/A,NOT DISTRACTED,MD,B479F54A-D3CF-4CBA-8E90-AB63BC36507D,SUPERFICIAL,TWELVE OCLOCK,PASSENGER CAR,STOPPED IN TRAFFIC LANE,West,30,No,No,2010,DODG,SW,39.15137333,-77.09314167,"(39.15137333, -77.09314167)"
MCP3352000Z,230034084,Montgomery County Police,Property Damage Crash,07/17/2023 07:51:00 PM,Municipality,WASHINGTONIAN BLVD,RIO BLVD,,GAITHERSBURG,,STRAIGHT MOVEMENT ANGLE,CLEAR,DRY,DAYLIGHT,N/A,N/A,,AFFFBD8F-C01C-4C2C-B12C-CDC0B26C248A,Yes,NO APPARENT INJURY,N/A,UNKNOWN,,3E1EC599-DB20-49CE-8FE8-43537A9EC5B4,UNKNOWN,TWELVE OCLOCK,PICKUP TRUCK,MOVING CONSTANT SPEED,North,15,No,No,2014,DODGE,RAM,39.11751167,-77.20218333,"(39.11751167, -77.20218333)"
MCP2526000M,15063869,MONTGOMERY,Property Damage Crash,12/14/2015 04:08:00 PM,Maryland (State),WHITES FERRY RD,SUGARLAND RD,,N/A,,STRAIGHT MOVEMENT ANGLE,CLOUDY,WET,DAYLIGHT,STOP SIGN,N/A,,E94BEFAF-3F06-42DB-B4BE-9C6ED55DFB01,No,NO APPARENT INJURY,"N/A, WET",NOT DISTRACTED,MD,B1E05248-EB4C-4973-B19D-398DF9553F91,DISABLING,SIX OCLOCK,PASSENGER CAR,MOVING CONSTANT SPEED,East,30,No,No,2015,TOYOTA,CAMRY,39.12835931,-77.34678492,"(39.12835931, -77.34678492)"
DD56200010,170503297,Rockville Police Departme,Injury Crash,04/21/2017 09:11:00 AM,Maryland (State),ROCKVILLE PIKE,ENT TO ROCKVILLE METRO PLAZA,,N/A,,SAME DIR REAR END,CLEAR,DRY,DAYLIGHT,TRAFFIC SIGNAL,NONE DETECTED,,730CE98E-847C-49AE-89CB-7E4911B21AE8,No,NO APPARENT INJURY,N/A,NOT DISTRACTED,MD,D3DBA5CE-9B38-4DFD-B79A-9CDFCF916968,FUNCTIONAL,SIX OCLOCK,PASSENGER CAR,SLOWING OR STOPPING,North,40,No,No,2015,HONDA,ODYSSEY,39.08510115,-77.14801043,"(39.08510115, -77.14801043)"
MCP2401001Q,230019346,Montgomery County Police,Injury Crash,04/23/2023 03:05:00 AM,Interstate (State),EISENHOWER MEMORIAL HWY,W MONTGOMERY AVE,,N/A,PEDESTRIAN,SAME DIR REAR END,CLEAR,DRY,DARK LIGHTS ON,N/A,NONE DETECTED,N/A,6FEF0508-727C-44E7-9504-E6B1D123AED5,Yes,NO APPARENT INJURY,N/A,UNKNOWN,MD,BE826212-20E6-4EE5-A915-1B0AC9453B25,DISABLING,TWELVE OCLOCK,PASSENGER CAR,MOVING CONSTANT SPEED,North,55,No,No,2015,MAZDA,CX9,39.08079833,-77.17058167,"(39.08079833, -77.17058167)"
MCP33340014,230014660,Montgomery County Police,Property Damage Crash,03/26/2023 06:50:00 PM,County,WAYNE AVE,FENTON ST,,N/A,,SAME DIRECTION SIDESWIPE,CLEAR,DRY,DAYLIGHT,TRAFFIC SIGNAL,NONE DETECTED,,CAEDAF32-7062-4532-A1BC-E18094E62348,Yes,NO APPARENT INJURY,N/A,INATTENTIVE OR LOST IN THOUGHT,MD,C918E1A2-8DEE-4454-8726-8C9A63608233,DISABLING,TEN OCLOCK,PASSENGER CAR,STOPPED IN TRAFFIC LANE,East,35,No,No,2012,TOYOTA,4S,38.99587,-77.02468,"(38.99587, -77.02468)"
EJ7894003H,230057687,Gaithersburg Police Depar,Property Damage Crash,09/30/2023 01:02:00 PM,Maryland (State),GREAT SENECA HWY,HIGH GABLES DR,,N/A,,STRAIGHT MOVEMENT ANGLE,CLEAR,DRY,DAYLIGHT,NO CONTROLS,NONE DETECTED,,42A5C568-4BDB-4209-B178-5510CB7EAE01,No,NO APPARENT INJURY,N/A,NOT DISTRACTED,MD,2412A514-13AF-4DCD-ADC1-EE4A237E2EB1,FUNCTIONAL,SEVEN OCLOCK,PASSENGER CAR,MOVING CONSTANT SPEED,South,55,No,No,2016,NISSAN,TK,39.11562308,-77.22335431,"(39.11562308, -77.22335431)"
MCP31130014,180051646,Montgomery County Police,Property Damage Crash,10/15/2018 03:50:00 PM,County,BRIGGS CHANEY RD,CASTLE BLVD,,N/A,,SAME DIR REAR END,RAINING,WET,DAYLIGHT,TRAFFIC SIGNAL,N/A,,81726AC1-65AA-4B10-83D0-B28562B2EF2B,No,NO APPARENT INJURY,"RAIN, SNOW, WET",NOT DISTRACTED,MD,EA7CAA8B-951C-4E8F-B0BC-44712A7FC542,SUPERFICIAL,SIX OCLOCK,PASSENGER CAR,STOPPED IN TRAFFIC LANE,East,30,No,No,2014,TOYOTA,COROLLA,39.08121126,-76.94653141,"(39.08121126, -76.94653141)"
MCP25360007,15007665,Montgomery County Police,Property Damage Crash,02/15/2015 11:25:00 AM,County,CADDINGTON AVE,PLAYFORD LA,,N/A,,SINGLE VEHICLE,CLEAR,ICE,DARK LIGHTS ON,NO CONTROLS,N/A,,AB52D787-4128-40BB-B5F4-FDC7ADF855CE,Yes,NO APPARENT INJURY,"ICY OR SNOW-COVERED, RAIN, SNOW",NOT DISTRACTED,MD,A8F65FFA-142B-4DB2-9C29-19D09FF48CB7,DISABLING,TWELVE OCLOCK,PASSENGER CAR,MOVING CONSTANT SPEED,East,30,No,No,2001,NISSAN,EXTERRA,39.03698631,-77.01600552,"(39.03698631, -77.01600552)"
EJ78890057,240057400,GAITHERSBURG,Property Damage Crash,11/30/2024 11:00:00 PM,,,,Parking Lot Way        THE PARKING LOT OF 415 MUDDY BRANCH RD GAITHERSBURG MD 20878,,,Other,Clear,,Dark - Not Lighted,,"Not Suspect of Alcohol Use, Not Suspect of Drug Use",,BEA79CDF-B36F-491C-8A26-8A7021DDB577,No,No Apparent Injury,,Not Distracted,MD,E1689980-0D20-4B77-B487-4896F638804F,Functional,Twelve O Clock,Passenger Car,Accelerating,Not On Roadway,0,No,No,2014,TOYOTA,CAMRY,39.12618063,-77.21138154,"(39.12618063, -77.21138154)"
MCP25590016,16037976,Montgomery County Police,Injury Crash,07/27/2016 09:48:00 AM,Maryland (State),MONTGOMERY VILLAGE AVE,LOST KNIFE RD,,N/A,,SAME DIR REAR END,CLOUDY,DRY,DAYLIGHT,N/A,UNKNOWN,,E5ABFEA4-708F-4661-A885-A29DD3C4BE5A,Yes,POSSIBLE INJURY,N/A,UNKNOWN,MD,04D287B8-11CD-4E83-A3BC-AA3107F59533,UNKNOWN,TWELVE OCLOCK,PASSENGER CAR,SLOWING OR STOPPING,South,35,No,No,2000,TOYOTA,COROLLA,39.15896167,-77.20331,"(39.15896167, -77.20331)"
MCP241100D7,240020756,MONTGOMERY,Injury Crash,05/03/2024 01:03:00 PM,Municipality Route,TWINBROOK PKWY (NB/L),,,,,Angle,Clear,Dry,Daylight,No Controls,"Not Suspect of Alcohol Use, Not Suspect of Drug Use",,A32D61BD-7824-4872-AAC1-64742D650898,Yes,Possible Injury,,Not Distracted,MD,4531A1ED-1156-4721-8E1C-E08EC887AB7D,Disabling,Three O Clock,Passenger Car,Turning Left,Westbound,25,No,No,2013,HONDA,FIT,39.05868388,-77.11974783,"(39.05868388, -77.11974783)"