Report Number,Local Case Number,Agency Name,ACRS Report Type,Crash Date/Time,Route Type,Road Name,Cross-Street Name,Off-Road Description,Municipality,Related Non-Motorist,Collision Type,Weather,Surface Condition,Light,Traffic Control,Driver Substance Abuse,Non-Motorist Substance Abuse,Person ID,Driver At Fault,Injury Severity,Circumstance,Driver Distracted By,Drivers License State,Vehicle ID,Vehicle Damage Extent,Vehicle First Impact Location,Vehicle Body Type,Vehicle Movement,Vehicle Going Dir,Speed Limit,Driverless Vehicle,Parked Vehicle,Vehicle Year,Vehicle Make,Vehicle Model,Latitude,Longitude,Location
MCP29480049,210028835,Montgomery County Police,Injury Crash,07/25/2021 06:00:00 PM,County,ELMONT ST,GRANDVIEW AVE,,N/A,,SAME DIRECTION SIDESWIPE,CLEAR,DRY,DAYLIGHT,NO CONTROLS,N/A,,5DADF04B-C4EB-4278-809B-FE4BF6EB7C47,No,SUSPECTED MINOR INJURY,N/A,NOT DISTRACTED,MD,AB95FAF1-D1BC-46FB-8D4A-091407513CFE,SUPERFICIAL,SEVEN OCLOCK,PASSENGER CAR,PARKED,,15,No,Yes,2013,TOYOTA,COROLLA,39.044135,-77.05447333,"(39.044135, -77.05447333)"
MCP94190003,15010006,Montgomery County Police,Property Damage Crash,02/22/2015 01:00:00 PM,,,,Parking garage of Target 5700 Bou Ave,,,OTHER,CLEAR,,DAYLIGHT,N/A,N/A,,4FA4504B-12A5-4443-B0F0-5F7EE6B2B438,No,NO APPARENT INJURY,N/A,NOT DISTRACTED,MD,7A46BCAD-1BAD-4C1E-99DB-6645C76204D8,SUPERFICIAL,EIGHT OCLOCK,(SPORT) UTILITY VEHICLE,SLOWING OR STOPPING,North,0,No,No,2009,HONDA,CRV,39.0562341,-77.11452842,"(39.0562341, -77.11452842)"
MCP2395002H,240028358,MONTGOMERY,Property Damage Crash,06/14/2024 03:19:00 PM,Crossover,,,,,,Angle,Cloudy,Dry,Daylight,Traffic Control Signal,"Not Suspect of Alcohol Use, Not Suspect of Drug Use",,7EA01CB9-EFE2-477E-AA8D-7284DA1607F7,No,No Apparent Injury,Failed to Yield Right-of-Way,Unknown,MD,BF2ADA13-B25C-4F4D-8654-9E3D77F7EE59,Disabling,One O Clock,Passenger Car,Making U-Turn,Eastbound,40,No,No,2006,TOYOTA,AVALON,39.11739079,-77.25099495,"(39.11739079, -77.25099495)"
MCP3136000T,180054062,Montgomery County Police,Property Damage Crash,10/28/2018 10:04:00 PM,Maryland (State),NEW HAMPSHIRE AVE,OAKVIEW DR,,N/A,,SAME DIR REAR END,CLEAR,WET,DARK LIGHTS ON,TRAFFIC SIGNAL,NONE DETECTED,,7B137D52-1AAB-415B-8292-52539C017233,No,NO APPARENT INJURY,N/A,NOT DISTRACTED,MD,5E818BD3-EA09-4142-9452-30D06D9BD820,SUPERFICIAL,SIX OCLOCK,PASSENGER CAR,STOPPED IN TRAFFIC LANE,South,40,No,No,2004,NISSAN,SENTRA,39.0153575,-76.9779249,"(39.0153575, -76.9779249)"
MCP2639005Z,190009140,Montgomery County Police,Injury Crash,02/26/2019 01:05:00 PM,Maryland (State),GEORGIA AVE,BEL PRE RD,,N/A,,SAME DIR REAR END,CLEAR,DRY,DAYLIGHT,NO CONTROLS,NONE DETECTED,,BF8890A0-1C46-402D-B87B-E9142899787C,Yes,POSSIBLE INJURY,N/A,NOT DISTRACTED,MD,0F9603BF-146A-479D-9F1A-67AF02069681,DISABLING,TWELVE OCLOCK,PASSENGER CAR,MOVING CONSTANT SPEED,South,50,No,No,2016,NISSAN,PATHFINDER,39.09770833,-77.07848333,"(39.09770833, -77.07848333)"
MCP28660072,210023525,Montgomery County Police,Property Damage Crash,06/19/2021 05:45:00 PM,Maryland (State),BRADLEY BLVD,CAPITAL CRESCENT TRAIL,,N/A,,ANGLE MEETS LEFT TURN,CLEAR,DRY,DAYLIGHT,TRAFFIC SIGNAL,NONE DETECTED,,84C7FDFD-3667-4DB1-B58A-88DE365E8DEE,No,NO APPARENT INJURY,N/A,NOT DISTRACTED,DC,7E2C3747-F5E4-43A2-953C-8AB7DD35E83D,FUNCTIONAL,TWELVE OCLOCK,PASSENGER CAR,STOPPED IN TRAFFIC LANE,North,25,No,No,2020,CHEVROLET,BOLT,38.97775753,-77.09875193,"(38.97775753, -77.09875193)"
DD5604003C,200026293,Rockville Police Departme,Property Damage Crash,07/07/2020 07:16:00 AM,Maryland (State),VEIRS MILL RD,DODGE ST,,N/A,,SAME DIR REAR END,CLEAR,DRY,DAYLIGHT,TRAFFIC SIGNAL,NONE DETECTED,,1420C930-E7F9-4BC7-AB58-93EE7B4A2AD1,No,NO APPARENT INJURY,N/A,NOT DISTRACTED,MD,71BFF864-2FE3-474F-8C7D-3CB215BB1560,SUPERFICIAL,SIX OCLOCK,PASSENGER CAR,STOPPED IN TRAFFIC LANE,West,30,No,No,2002,SUZU,TK,39.08135333,-77.14471167,"(39.08135333, -77.14471167)"
MCP0617001D,170507363,Montgomery County Police,Injury Crash,05/12/2017 10:33:00 AM,County,RANDOLPH RD,GLENALLAN AVE,,N/A,,SAME DIRECTION LEFT TURN,CLOUDY,DRY,DAYLIGHT,TRAFFIC SIGNAL,N/A,,C61E7436-A16C-499D-BDAA-941B07511258,Yes,POSSIBLE INJURY,N/A,NOT DISTRACTED,MD,D24B2309-EF00-43A4-AC8E-9FF05C8F9BBA,SUPERFICIAL,SIX OCLOCK,PASSENGER CAR,CHANGING LANES,West,40,No,No,2007,LEXUS,ES350,39.060725,-77.04473,"(39.060725, -77.04473)"
DD5666000G,240002208,ROCKVILLE,Property Damage Crash,01/14/2024 09:57:00 AM,Municipality Route,W EDMONSTON DR,ROCKVILLE PIKE (SB/L),,,,"Sideswipe, Opposite Direction",Clear,Dry,Daylight,Traffic Control Signal,"Not Suspect of Alcohol Use, Not Suspect of Drug Use",,991FC6BE-4A72-4CF0-9A8D-43D656B43A62,No,No Apparent Injury,,Not Distracted,MD,70816460-A2D2-4618-9887-A3332EC28124,Disabling,Twelve O Clock,Passenger Car,Accelerating,Southbound,45,No,No,2009,BMW,335I,39.07444238,-77.13581303,"(39.07444238, -77.13581303)"
MCP3374002Q,250008264,MONTGOMERY,Property Damage Crash,02/25/2025 08:15:00 AM,County Route,,GOLDSBORO RD OXFORD RD,,,,Angle,Clear,Dry,Daylight,No Controls,"Not Suspect of Alcohol Use, Not Suspect of Drug Use",,F668B1D9-E764-4879-8716-00369A3FFAE0,No,No Apparent Injury,,Not Distracted,MD,C31AABA0-C39E-414B-A014-6E6335064EB0,Disabling,One O Clock,Passenger Car,Moving Constant Speed,,35,No,No,2022,HONDA,CR-V,38.9690135,-77.14002,"(38.9690135, -77.14002)"
MCP22900035,210043943,Montgomery County Police,Injury Crash,10/31/2021 10:29:00 AM,County,INDIANOLA DR,R/R #CSX 140 503 D,,N/A,,SINGLE VEHICLE,CLEAR,DRY,DAYLIGHT,NO CONTROLS,UNKNOWN,,BE59B813-2D69-4E96-BA39-6C94F55118F3,Yes,SUSPECTED SERIOUS INJURY,N/A,NOT DISTRACTED,MD,42FFB201-AC17-401F-9C00-9E23CE6AD6BF,DISABLING,TWELVE OCLOCK,MOTORCYCLE,MOVING CONSTANT SPEED,East,35,No,No,2006,SUZUKI,MOTORCYCLE,39.11444746,-77.15978417,"(39.11444746, -77.15978417)"
MCP28530085,210029129,Montgomery County Police,Property Damage Crash,07/27/2021 04:48:00 PM,County,DENNIS AVE,SLIGO CREEK PKWY,,N/A,,STRAIGHT MOVEMENT ANGLE,CLEAR,DRY,DAYLIGHT,STOP SIGN,N/A,,540D14DE-F703-429F-806D-14BB010997E9,Yes,NO APPARENT INJURY,N/A,NOT DISTRACTED,MD,275E74CC-593E-4205-8910-91AA76459607,DISABLING,TWO OCLOCK,PASSENGER CAR,ACCELERATING,North,25,No,No,2013,HYUNDAI,SONATA,39.02410167,-77.029935,"(39.02410167, -77.029935)"
MCP2960001N,170503292,Montgomery County Police,Property Damage Crash,04/21/2017 09:00:00 AM,County,OLD BALTIMORE RD,COVERED WAGON WAY,,N/A,,OTHER,RAINING,WET,DAYLIGHT,NO CONTROLS,N/A,,38F69225-F4EB-49F7-A315-5762056B2CB4,No,NO APPARENT INJURY,"N/A, WET",NOT DISTRACTED,MD,62286665-EC0C-415D-B1AB-2A3398B864A6,SUPERFICIAL,TWELVE OCLOCK,"CARGO VAN/LIGHT TRUCK 2 AXLES (OVER 10,000LBS (4,536 KG))",MOVING CONSTANT SPEED,South,30,No,No,2016,FORD,TK,39.14035333,-77.06087167,"(39.14035333, -77.06087167)"
EJ7863002G,190034222,Gaithersburg Police Depar,Injury Crash,07/18/2019 09:37:00 PM,,,,"PARKING LOT IN FRONT OF 1014 WEST SIDE DRIVE GAITHERSBURG, MD.",,BICYCLIST,OTHER,CLEAR,,DARK LIGHTS ON,N/A,NONE DETECTED,NONE DETECTED,5398B37F-D1CB-440A-977C-AA265EB2F970,No,NO APPARENT INJURY,N/A,NOT DISTRACTED,MD,6846BA84-FC0D-4756-8B76-03E57C662809,SUPERFICIAL,TWELVE OCLOCK,POLICE VEHICLE/EMERGENCY,SLOWING OR STOPPING,East,15,No,No,2010,TOYT,4S,39.12534167,-77.20220667,"(39.12534167, -77.20220667)"
MCP2437004R,220013889,Montgomery County Police,Injury Crash,04/01/2022 01:50:00 PM,County,GREAT SENECA HWY,KEY WEST AVE,,N/A,,SINGLE VEHICLE,CLEAR,DRY,DAYLIGHT,TRAFFIC SIGNAL,NONE DETECTED,,B123904F-7610-4221-A1C9-E822BF782E41,Yes,POSSIBLE INJURY,N/A,NOT DISTRACTED,MD,A56393B6-B7B0-4B5B-9EA8-0B6DB9215379,DISABLING,TWELVE OCLOCK,PASSENGER CAR,MAKING LEFT TURN,South,50,No,No,2017,ACURA,TLX,39.10365583,-77.20640867,"(39.10365583, -77.20640867)"
MCP31110096,250018856,MONTGOMERY,Injury Crash,04/30/2025 11:52:00 AM,County Route,ARLINGTON RD,,,,Pedestrian,Single Vehicle,Clear,Dry,Daylight,Traffic Control Signal,"Not Suspect of Alcohol Use, Not Suspect of Drug Use","Not Suspect of Alcohol Use, Not Suspect of Drug Use, Not Suspect of Alcohol Use, Not Suspect of Drug Use",34BFCC4D-7D95-434C-A129-16BF2C097CD3,Yes,No Apparent Injury,,Not Distracted,MI,8C0293CE-6E19-4157-80C8-B6CD49EB1216,No Damage,Non-Collision,Passenger Car,Turning Right,,25,No,No,2020,HONDA,CR-V,38.97946486,-77.09862167,"(38.97946486, -77.09862167)"
MCP3351000Z,230030767,Montgomery County Police,Injury Crash,06/27/2023 03:49:00 PM,Maryland (State),GEORGIA AVE,GRACE CHURCH RD,,N/A,,SAME DIR REAR END,RAINING,WET,DAYLIGHT,TRAFFIC SIGNAL,UNKNOWN,,19AFA496-DDC3-4F7D-BA0F-318966537DEC,Yes,NO APPARENT INJURY,"N/A, WET",UNKNOWN,,BE2DCCEA-FAC0-4CB7-B224-6DF2BA70D8FD,UNKNOWN,TWELVE OCLOCK,PASSENGER CAR,UNKNOWN,North,30,No,No,2013,TOYOTA,UT,39.00636817,-77.038725,"(39.00636817, -77.038725)"
MCP16040008,15004777,Montgomery County Police,Property Damage Crash,01/30/2015 07:26:00 AM,County,SHADY GROVE RD,FREDERICK RD,,N/A,,SAME DIRECTION LEFT TURN,CLEAR,DRY,DAYLIGHT,N/A,NONE DETECTED,,39A6F7C1-E76D-4FC9-A884-E2F2E09FE338,No,NO APPARENT INJURY,N/A,NOT DISTRACTED,MD,ECC402B2-3C28-434A-A03D-597D006AA72C,SUPERFICIAL,FOUR OCLOCK,PASSENGER CAR,MOVING CONSTANT SPEED,West,35,No,No,2009,DODGE,CAL,39.12197028,-77.17833281,"(39.12197028, -77.17833281)"
MCP30480016,170517104,Montgomery County Police,Property Damage Crash,07/03/2017 01:19:00 PM,Maryland (State),CONNECTICUT AVE,RAMP 4 FR MD 185 NB TO IS 495 EB,,N/A,,SAME DIRECTION SIDESWIPE,CLEAR,DRY,DAYLIGHT,N/A,NONE DETECTED,,287E5AFE-FA17-4DAB-BFCC-43D03AB1B13D,No,NO APPARENT INJURY,N/A,NOT DISTRACTED,VA,B9E00D9D-51CB-4F79-B66F-840D22B5D45E,FUNCTIONAL,FOUR OCLOCK,PASSENGER CAR,MOVING CONSTANT SPEED,North,35,No,No,2014,CHEVROLET,CRUZ,39.00488667,-77.07761,"(39.00488667, -77.07761)"
MCP2982002S,190031381,Montgomery County Police,Property Damage Crash,07/01/2019 05:34:00 PM,Maryland (State),GEORGIA AVE,BALLARD ST,,N/A,,SAME DIR REAR END,N/A,DRY,DAYLIGHT,N/A,NONE DETECTED,,E5FDA6AF-0EA0-45F1-B912-5A9A5AC46DBE,No,NO APPARENT INJURY,N/A,NOT DISTRACTED,MD,9ED557D2-3052-4EF8-8B63-28B539964E44,SUPERFICIAL,TWELVE OCLOCK,PASSENGER CAR,PASSING,North,30,No,No,2015,TOYOTA,COROLLA,39.00047,-77.03278333,"(39.00047, -77.03278333)"
MCP3038004S,200044815,Montgomery County Police,Injury Crash,11/13/2020 03:33:00 PM,Interstate (State),EISENHOWER MEMORIAL HWY,RAMP 6 FR IS 270 EB TO MD 355 SB,,N/A,,SINGLE VEHICLE,CLEAR,DRY,DAYLIGHT,NO CONTROLS,NONE DETECTED,,52E59D3F-F37D-46E1-9158-5D934E301804,Yes,POSSIBLE INJURY,N/A,LOOKED BUT DID NOT SEE,MD,A395A807-B057-4052-9B55-D7A5A16C33EB,FUNCTIONAL,ONE OCLOCK,PASSENGER CAR,CHANGING LANES,South,55,No,No,2009,NISSAN,SENTRA,39.02656833,-77.11055167,"(39.02656833, -77.11055167)"
EJ78760074,250013652,GAITHERSBURG,Property Damage Crash,03/29/2025 12:01:00 AM,Ramp,RAMP 2 FR MD 124 WB TO IS 270 NB,,,,,Front to Rear,Clear,Dry,Dark - Not Lighted,Yield Sign,"Not Suspect of Alcohol Use, Not Suspect of Drug Use",,992D2F6B-92B8-46C6-BF8E-57F2B00E5499,Yes,No Apparent Injury,,Not Distracted,MD,65B0DAA2-1032-4C30-AF46-EEF2B404510A,Disabling,Twelve O Clock,Passenger Car,Moving Constant Speed,Northbound,50,No,No,2007,TOYOTA,TUNDRA,39.15034767,-77.21758933,"(39.15034767, -77.21758933)"
MCP93810019,15027888,Montgomery County Police,Property Damage Crash,06/09/2015 10:15:00 AM,,,,parking lot of 11580 Old Georgetown Road,,,UNKNOWN,CLEAR,,DAYLIGHT,NO CONTROLS,N/A,,0DF8A9A6-36CB-40D1-9976-9092FECBEBB0,Yes,NO APPARENT INJURY,N/A,UNKNOWN,,9F6AC766-6E41-4D78-B56F-B0BF309237FF,UNKNOWN,UNKNOWN,UNKNOWN,UNKNOWN,Unknown,10,No,No,99,99,99,39.04951047,-77.11430311,"(39.04951047, -77.11430311)"
MCP2703000P,16022473,Montgomery County Police,Property Damage Crash,05/06/2016 03:50:00 PM,,,,PARKING LOT OF 11620 LOCKWOOD DRIVE,,,STRAIGHT MOVEMENT ANGLE,RAINING,,DAYLIGHT,N/A,N/A,,AE62799E-AFAA-49E0-B0F6-242AE086E229,Yes,NO APPARENT INJURY,N/A,LOOKED BUT DID NOT SEE,DC,82E1F1C7-76E1-44E0-B76A-6A7EAC403453,NO DAMAGE,SIX OCLOCK,OTHER,BACKING,North,15,No,No,2015,INTL,TK,39.042355,-76.98308667,"(39.042355, -76.98308667)"
MCP2637005B,240007430,MONTGOMERY,Property Damage Crash,02/15/2024 07:59:00 AM,Maryland (State) Route,DARNESTOWN RD (WB/L),MUDDY BRANCH RD,,,,Front to Rear,Clear,Dry,Daylight,Traffic Control Signal,"Not Suspect of Alcohol Use, Not Suspect of Drug Use",,B4484AF1-4A17-474A-94FD-7B04CE2F4F33,No,No Apparent Injury,,Not Distracted,MD,5F05E330-B57B-4575-BB0C-1890D0D13F76,Functional,Five O Clock,Passenger Car,Stopped in Traffic,Westbound,40,No,No,2021,ACURA,RDX,39.10273999,-77.22062326,"(39.10273999, -77.22062326)"
MCP1205008J,220047527,Montgomery County Police,Injury Crash,10/29/2022 12:30:00 PM,County,GRUBB RD,COLSTON DR,,N/A,,SAME DIRECTION LEFT TURN,CLEAR,DRY,DAYLIGHT,NO CONTROLS,NONE DETECTED,,871E45FB-2F87-4C6E-8220-776676BFB43E,No,SUSPECTED MINOR INJURY,N/A,NOT DISTRACTED,VA,FCF26513-C6B1-44ED-85E9-BF769B4B0D11,DISABLING,THREE OCLOCK,PASSENGER CAR,MOVING CONSTANT SPEED,South,25,No,No,2022,GENESIS,GV80,38.99297271,-77.05086711,"(38.99297271, -77.05086711)"
MCP1563009T,240050294,MONTGOMERY,Property Damage Crash,10/21/2024 08:55:00 AM,Maryland (State) Route,CONNECTICUT AVE (SB/L),,,,,"Sideswipe, Same Direction",Clear,Dry,Daylight,No Controls,"Not Suspect of Alcohol Use, Not Suspect of Drug Use",,5B493692-D89A-4C96-942F-E21CA6EF586D,No,No Apparent Injury,,Not Distracted,MD,DEE3D81F-A856-4268-BA35-03ED836870F8,Functional,Two O Clock,Passenger Car,Moving Constant Speed,Southbound,30,No,No,2021,VOLKSWAGEN,ATLAS,38.97999117,-77.07723817,"(38.97999117, -77.07723817)"
MCP2991001D,16060414,Montgomery County Police,Injury Crash,11/24/2016 07:37:00 AM,Maryland (State),GEORGIA AVE,NORBECK RD,,N/A,,STRAIGHT MOVEMENT ANGLE,CLEAR,DRY,DAYLIGHT,TRAFFIC SIGNAL,NONE DETECTED,,D638711C-5F54-40B3-8FD2-68885585007D,Yes,POSSIBLE INJURY,N/A,LOOKED BUT DID NOT SEE,MD,9E50AC6A-77B1-44E6-AA88-CE6BB1AF9DEC,DISABLING,TWELVE OCLOCK,PASSENGER CAR,MOVING CONSTANT SPEED,South,45,No,No,2016,INFINITI,Q50,39.1093799,-77.07602262,"(39.1093799, -77.07602262)"
MCP14380015,15054758,MONTGOMERY,Injury Crash,10/28/2015 12:57:00 PM,County,SNOUFFERS SCHOOL RD,CENTERWAY RD,,N/A,,HEAD ON,RAINING,WET,DAYLIGHT,TRAFFIC SIGNAL,NONE DETECTED,,AB804F08-3A9C-4F12-A946-FFC25D950BC7,No,POSSIBLE INJURY,"RAIN, SNOW, WET",NOT DISTRACTED,MD,F5C1A8C1-3E07-40BE-8AFB-45C9C2DD0A82,DISABLING,TWELVE OCLOCK,PICKUP TRUCK,MAKING RIGHT TURN,South,40,No,No,2014,FORD,TK,39.17003667,-77.17681,"(39.17003667, -77.17681)"
MCP3288002P,240000150,MONTGOMERY,Property Damage Crash,01/02/2024 04:49:00 AM,Municipality Route,PARKVIEW AVE,RAMP 8 FR IS 270 SB TO WATKINS MILL RD W WATKINS MILL RD (SB/L),,,,Rear To Side,Clear,Dry,Dark - Lighted,Flashing Traffic Control Signal,"Not Suspect of Alcohol Use, Not Suspect of Drug Use",,6CB99AD4-446C-4D1D-A52C-9EF5BA3D4AF5,No,No Apparent Injury,,Not Distracted,MD,4A4918E4-072A-433D-A6D0-2AF0466AD3A2,Disabling,Five O Clock,Passenger Car,Moving Constant Speed,Westbound,35,No,No,2014,DODGE,CHARGER,39.15559516,-77.22735472,"(39.15559516, -77.22735472)"
MCP2291002C,170548165,Montgomery County Police,Injury Crash,12/12/2017 04:06:00 PM,Maryland (State),CONNECTICUT AVE,RAMP 4 FR MD 185 NB TO IS 495 EB,,N/A,,SAME DIR REAR END,CLEAR,DRY,DAYLIGHT,NO CONTROLS,NONE DETECTED,,953E327C-B5BF-4CDD-8978-640EE7F25493,No,POSSIBLE INJURY,N/A,NOT DISTRACTED,MD,94F3ADEA-9B54-425E-BC97-A5BF1BEB373A,FUNCTIONAL,SIX OCLOCK,PASSENGER CAR,SLOWING OR STOPPING,North,35,No,No,2007,MAZDA,4D,39.004065,-77.0774,"(39.004065, -77.0774)"
MCP2212000W,15001039,Montgomery County Police,Injury Crash,01/07/2015 12:18:00 PM,Other Public Roadway,TECH RD,OLD COLUMBIA PIKE,,N/A,,STRAIGHT MOVEMENT ANGLE,CLEAR,SNOW,DAYLIGHT,NO CONTROLS,NONE DETECTED,,5C946EFA-681F-448A-9A56-72E9BE2D20D1,Yes,POSSIBLE INJURY,N/A,NOT DISTRACTED,MD,D1DABB7D-D3EE-42A8-881B-2AF814DE500C,DISABLING,FOUR OCLOCK,PASSENGER CAR,MOVING CONSTANT SPEED,South,30,No,No,2008,NISS,ALTIMA,39.057385,-76.96821833,"(39.057385, -76.96821833)"
EJ78260028,170512243,Gaithersburg Police Depar,Injury Crash,06/07/2017 07:49:00 AM,Maryland (State),QUINCE ORCHARD RD,ENT TO PARK & RIDE,,N/A,,HEAD ON LEFT TURN,CLOUDY,DRY,DAYLIGHT,TRAFFIC SIGNAL,N/A,,A20FB549-C3CD-4E01-AD3E-A532C60C982C,No,POSSIBLE INJURY,N/A,NOT DISTRACTED,MD,5B545E2B-CF52-4136-AC75-6EF85B364EAD,DISABLING,TWELVE OCLOCK,PASSENGER CAR,MOVING CONSTANT SPEED,North,35,No,No,2006,MERC,MARINER,39.14766,-77.218675,"(39.14766, -77.218675)"
MCP3121001F,180053499,Montgomery County Police,Property Damage Crash,10/25/2018 04:23:00 PM,County,ODENDHAL AVE,CONTOUR RD,,N/A,,STRAIGHT MOVEMENT ANGLE,CLOUDY,DRY,DAYLIGHT,TRAFFIC SIGNAL,NONE DETECTED,,C43CFD90-6FB9-48EE-9EAB-AD712FA2E5D1,No,NO APPARENT INJURY,N/A,NOT DISTRACTED,MD,E90B3570-7780-4727-8072-0EF5C96F40B9,DISABLING,TWELVE OCLOCK,PASSENGER CAR,MOVING CONSTANT SPEED,West,30,No,No,2006,HONDA,ODYSSEY,39.152415,-77.19587833,"(39.152415, -77.19587833)"
MCP2305000Z,16005763,Montgomery County Police,Property Damage Crash,02/04/2016 04:57:00 AM,Maryland (State),OLD GEORGETOWN RD,WYNGATE DR,,N/A,,SAME DIR REAR END,CLEAR,WET,DARK LIGHTS ON,NO CONTROLS,N/A,,6306A8BA-2B20-462C-A680-54352C63BEAA,Yes,NO APPARENT INJURY,"N/A, WET",NOT DISTRACTED,DC,7356090F-77E0-4527-BF62-E172EDA2F73B,DISABLING,TWELVE OCLOCK,PASSENGER CAR,MOVING CONSTANT SPEED,South,40,No,No,2004,VOLKS,JETTA,39.01189167,-77.116375,"(39.01189167, -77.116375)"
MCP2951001Y,16061494,Montgomery County Police,Property Damage Crash,11/30/2016 04:42:00 PM,,,,APARTMENT PARKING LOT 3347 HEWITT AVE SILVER SPRING MG 20906,,,N/A,N/A,,DAYLIGHT,NO CONTROLS,NONE DETECTED,,AD43770A-ABF8-4947-B036-D501C762C44A,Yes,NO APPARENT INJURY,N/A,INATTENTIVE OR LOST IN THOUGHT,XX,9E25030E-660C-4585-AC82-314554F09353,SUPERFICIAL,TWELVE OCLOCK,PASSENGER CAR,PARKING,East,10,No,No,2012,NISSAN,ARMADA,39.07976333,-77.06764167,"(39.07976333, -77.06764167)"
MCP30140028,190034535,Montgomery County Police,Injury Crash,07/20/2019 04:04:00 PM,,,,"2285 BEL PRE ROAD SILVER SPRING, MD 20906",,,SINGLE VEHICLE,CLEAR,,DAYLIGHT,N/A,NONE DETECTED,,2F23CCC2-4A45-4009-A667-5589B9BADC4D,Yes,SUSPECTED MINOR INJURY,N/A,UNKNOWN,MD,22BAD0E4-257F-47F6-AA4D-7F04FECE907D,DISABLING,TWELVE OCLOCK,PASSENGER CAR,SLOWING OR STOPPING,North,5,No,No,2016,NISSAN,ROGUE,39.09071183,-77.04819783,"(39.09071183, -77.04819783)"
MCP3195000Z,20000173,Montgomery County Police,Injury Crash,01/10/2020 08:03:00 PM,US (State),COLUMBIA PIKE,INDUSTRIAL PKWY,,N/A,,STRAIGHT MOVEMENT ANGLE,CLEAR,DRY,DARK LIGHTS ON,TRAFFIC SIGNAL,N/A,,53E957D7-4F7F-4E68-AF2E-0EEA797FA2D8,Yes,SUSPECTED MINOR INJURY,N/A,LOOKED BUT DID NOT SEE,MD,CE1DB176-884B-4F66-A56C-0941D48E9E2D,DISABLING,TWELVE OCLOCK,PASSENGER CAR,MOVING CONSTANT SPEED,North,45,No,No,2016,FORD,FUSION,39.056121,-76.97106317,"(39.056121, -76.97106317)"
MCP2686001Y,170513101,Montgomery County Police,Property Damage Crash,06/11/2017 05:34:00 PM,County,WATERS LANDING DR,FATHER HURLEY BLVD,,N/A,,SINGLE VEHICLE,CLEAR,DRY,DAYLIGHT,N/A,ALCOHOL PRESENT,,09629E6B-127A-4700-AD3F-4DE8C5E842FC,Yes,NO APPARENT INJURY,N/A,ADJUSTING AUDIO AND OR CLIMATE CONTROLS,MD,214E24F9-F635-4ABF-8EBB-B3C44D9B418A,DESTROYED,TWELVE OCLOCK,PASSENGER CAR,MOVING CONSTANT SPEED,West,30,No,No,1999,TOYOTA,COROLLA,39.19182167,-77.2725,"(39.19182167, -77.2725)"
MCP2212001L,16006491,Montgomery County Police,Property Damage Crash,02/08/2016 07:58:00 AM,US (State),COLUMBIA PIKE,BLACKBURN RD,,N/A,,SAME DIR REAR END,CLEAR,DRY,DAYLIGHT,NO CONTROLS,NONE DETECTED,,B3CC2F97-B56B-4925-A88C-132E57E94B93,Yes,NO APPARENT INJURY,N/A,NOT DISTRACTED,VA,6958418D-94C2-4D76-9C5B-D1FCF9D21011,DISABLING,TWELVE OCLOCK,PASSENGER CAR,MOVING CONSTANT SPEED,South,50,No,No,2003,TOYOTA,CAMRY,39.10413333,-76.93332,"(39.10413333, -76.93332)"
MCP3034001C,170546291,Montgomery County Police,Injury Crash,12/02/2017 09:42:00 PM,US (State),COLUMBIA PIKE,INDUSTRIAL PKWY,,N/A,,OTHER,CLEAR,DRY,DARK NO LIGHTS,NO CONTROLS,NONE DETECTED,,1DB99769-0278-48B7-95B0-4A13CC0BF161,No,SUSPECTED MINOR INJURY,N/A,NOT DISTRACTED,MD,B3EB50B3-7695-4786-B11B-3A57E65A07AB,DISABLING,TWELVE OCLOCK,PASSENGER CAR,MOVING CONSTANT SPEED,North,50,No,No,2013,FORD,FUSION,39.05410167,-76.97441667,"(39.05410167, -76.97441667)"
MCP32640009,200033063,Montgomery County Police,Property Damage Crash,08/24/2020 02:08:00 PM,Maryland (State),16TH ST,EAST WEST HWY,,N/A,,STRAIGHT MOVEMENT ANGLE,CLEAR,DRY,DAYLIGHT,TRAFFIC SIGNAL,NONE DETECTED,,992A0C3C-493B-494B-BBA3-06AE384512BD,Yes,NO APPARENT INJURY,N/A,LOOKED BUT DID NOT SEE,MD,B502AA04-B5B8-4BE5-BFB4-C5A0E0A586AB,DISABLING,THREE OCLOCK,PASSENGER CAR,MAKING LEFT TURN,North,35,No,No,2011,VOLKSWAGON,PASSAT,38.99446072,-77.03618858,"(38.99446072, -77.03618858)"
MCP2962005D,200037984,Montgomery County Police,Injury Crash,09/27/2020 11:09:00 AM,Maryland (State),GERMANTOWN RD,CRYSTAL ROCK DR,,N/A,,SAME DIR REAR END,CLEAR,DRY,DAYLIGHT,NO CONTROLS,NONE DETECTED,,54D2009E-4EDF-48DC-B5A8-1C269FD296ED,No,NO APPARENT INJURY,N/A,NOT DISTRACTED,MD,B962A84C-D07F-4ACA-A2AD-0886DF7EC9C7,FUNCTIONAL,SIX OCLOCK,VAN,STOPPED IN TRAFFIC LANE,South,45,No,No,2008,FORD,E250,39.18103091,-77.26274355,"(39.18103091, -77.26274355)"