Report Number,Local Case Number,Agency Name,ACRS Report Type,Crash Date/Time,Route Type,Road Name,Cross-Street Name,Off-Road Description,Municipality,Related Non-Motorist,Collision Type,Weather,Surface Condition,Light,Traffic Control,Driver Substance Abuse,Non-Motorist Substance Abuse,Person ID,Driver At Fault,Injury Severity,Circumstance,Driver Distracted By,Drivers License State,Vehicle ID,Vehicle Damage Extent,Vehicle First Impact Location,Vehicle Body Type,Vehicle Movement,Vehicle Going Dir,Speed Limit,Driverless Vehicle,Parked Vehicle,Vehicle Year,Vehicle Make,Vehicle Model,Latitude,Longitude,Location
MCP3030002W,190050990,Montgomery County Police,Injury Crash,10/23/2019 07:24:00 PM,Maryland (State),OLD GEORGETOWN RD,ROCKVILLE PIKE,,N/A,,OTHER,CLEAR,DRY,DARK LIGHTS ON,TRAFFIC SIGNAL,N/A,,503710FC-8F79-4D4D-91AB-73F38356CC45,No,POSSIBLE INJURY,N/A,NOT DISTRACTED,MD,287B7B49-4FBD-4C0A-B315-5339D09BEAC6,FUNCTIONAL,NINE OCLOCK,PASSENGER CAR,MAKING LEFT TURN,North,35,No,No,2015,MINI,4S,39.04961833,-77.113515,"(39.04961833, -77.113515)"
MCP2339006R,220000922,Montgomery County Police,Property Damage Crash,01/08/2022 02:56:00 PM,Maryland (State),CONNECTICUT AVE,VEIRS MILL RD,,N/A,,ANGLE MEETS RIGHT TURN,CLEAR,DRY,DAYLIGHT,YIELD SIGN,NONE DETECTED,,E10AAC45-FC38-417A-86A4-11D4F100D8F5,No,NO APPARENT INJURY,N/A,NOT DISTRACTED,MD,6C6E7FDF-56EE-4F8E-A63A-E1432533E72E,FUNCTIONAL,THREE OCLOCK,PASSENGER CAR,MOVING CONSTANT SPEED,West,40,No,No,2009,HONDA,CIVIC,39.05173167,-77.07485057,"(39.05173167, -77.07485057)"
MCP2737003F,180063463,Montgomery County Police,Property Damage Crash,12/19/2018 09:10:00 PM,County,QUEEN ELIZABETH DR,HERITAGE HILLS DR,,N/A,,SAME DIR REAR END,CLEAR,DRY,DARK LIGHTS ON,STOP SIGN,NONE DETECTED,,0F01CFEC-4FD6-4DCF-8506-2566BB9B6EF7,Yes,NO APPARENT INJURY,N/A,UNKNOWN,MD,A3BB4E7A-0BF7-4F0C-83F4-2BBF00FF7BF4,FUNCTIONAL,TWELVE OCLOCK,PASSENGER CAR,SLOWING OR STOPPING,West,35,No,No,2005,DODGE,CHARGER,39.16182833,-77.07131333,"(39.16182833, -77.07131333)"
MCP2962003B,180063731,Montgomery County Police,Injury Crash,12/21/2018 08:48:00 AM,Maryland (State),CLOPPER RD,KINGSVIEW VILLAGE AVE,,N/A,,SAME DIR REAR END,RAINING,WET,DAYLIGHT,NO CONTROLS,NONE DETECTED,,2577B81D-8446-4DE1-9EBF-291B0B93CF9C,No,POSSIBLE INJURY,"RAIN, SNOW, WET",NOT DISTRACTED,MD,ED2D1584-829E-48D4-A8C6-E59534F979AE,SUPERFICIAL,SIX OCLOCK,OTHER,SLOWING OR STOPPING,East,30,No,No,2006,HONDA,CRV,39.160225,-77.27813,"(39.160225, -77.27813)"
MCP9106000G,15017952,Montgomery County Police,Injury Crash,04/17/2015 12:12:00 PM,County,MIDDLEBROOK RD,RIDGECREST DR,,N/A,,SAME DIRECTION RIGHT TURN,CLEAR,DRY,DAYLIGHT,N/A,NONE DETECTED,,2A77E509-CF9C-4633-A298-961A2FFF4AD3,No,SUSPECTED MINOR INJURY,N/A,NOT DISTRACTED,MD,ABC6B187-9D74-480A-961F-BB1607E383AB,DISABLING,ELEVEN OCLOCK,PASSENGER CAR,MOVING CONSTANT SPEED,West,30,No,No,2000,MERZ,4S,39.17538167,-77.25638333,"(39.17538167, -77.25638333)"
MCP24960022,200047321,Montgomery County Police,Property Damage Crash,12/01/2020 10:45:00 AM,County,MONTGOMERY ST,BROOKVILLE RD,,N/A,,OTHER,CLEAR,DRY,DAYLIGHT,NO CONTROLS,UNKNOWN,,EFA51A6F-0AD1-4F10-A543-F9AFE2DB63BC,Yes,NO APPARENT INJURY,N/A,UNKNOWN,MD,DCAD03AB-3D07-4B08-B07A-84C2F7974991,SUPERFICIAL,ELEVEN OCLOCK,"CARGO VAN/LIGHT TRUCK 2 AXLES (OVER 10,000LBS (4,536 KG))",BACKING,West,30,No,No,2018,MACK,TK,39.00765093,-77.04832029,"(39.00765093, -77.04832029)"
MCP31820021,220042880,Montgomery County Police,Property Damage Crash,10/01/2022 09:03:00 PM,County,RANDOLPH RD,SPRING TREE DR,,N/A,,OTHER,RAINING,WET,DARK LIGHTS ON,NO CONTROLS,NONE DETECTED,,B4AC0677-D25C-4E6C-9845-9BA08C7CD609,No,NO APPARENT INJURY,"RAIN, SNOW, WET",NOT DISTRACTED,MD,4A63C665-3714-4916-87C2-D985EF8494DC,DISABLING,TWELVE OCLOCK,PASSENGER CAR,MOVING CONSTANT SPEED,East,40,No,No,2021,LEXUS,RX350,39.06591344,-77.02257149,"(39.06591344, -77.02257149)"
MCP3109003C,190052060,Montgomery County Police,Property Damage Crash,10/28/2019 01:50:00 PM,US (State),COLESVILLE RD,SPRING ST,,N/A,,SAME DIRECTION SIDESWIPE,CLEAR,DRY,DAYLIGHT,TRAFFIC SIGNAL,UNKNOWN,,2143BEEC-A7F2-42C2-BBC9-D621B6AD20AC,Yes,NO APPARENT INJURY,N/A,UNKNOWN,MD,0AF3EF95-5CC2-42C0-A54A-C64EE0518087,UNKNOWN,TEN OCLOCK,PASSENGER CAR,CHANGING LANES,North,35,No,No,2011,CHEVROLET,LT,38.99852667,-77.02652,"(38.99852667, -77.02652)"
DD5602000W,190018516,Rockville Police Departme,Property Damage Crash,04/20/2019 02:15:00 PM,Maryland (State),E JEFFERSON ST,MONROE ST,,ROCKVILLE,,HEAD ON LEFT TURN,CLEAR,DRY,DAYLIGHT,TRAFFIC SIGNAL,NONE DETECTED,,BCC52086-1B15-4213-A8A5-D5CCFA0EF920,Yes,NO APPARENT INJURY,N/A,NOT DISTRACTED,HI,10C81152-EF62-48C3-8FFC-591A95BCD11C,SUPERFICIAL,ONE OCLOCK,PASSENGER CAR,MAKING LEFT TURN,West,35,No,No,2015,MISTUBISHI,LANCER,39.08184667,-77.14977167,"(39.08184667, -77.14977167)"
MCP1366007V,180037258,Montgomery County Police,Fatal Crash,07/27/2018 01:35:00 PM,County,SHADY GROVE RD,CRABBS BRANCH WAY,,N/A,,HEAD ON LEFT TURN,CLEAR,DRY,DAYLIGHT,TRAFFIC SIGNAL,NONE DETECTED,,E434D12F-2C74-46E2-871E-732041B599B2,Yes,NO APPARENT INJURY,N/A,LOOKED BUT DID NOT SEE,MD,8E6DD5C5-7D6E-4A8A-8D75-2DA8999C668D,FUNCTIONAL,TWELVE OCLOCK,(SPORT) UTILITY VEHICLE,MAKING LEFT TURN,West,40,No,No,2002,CHEVROLET,TRAILBLAZER,39.12871667,-77.16780667,"(39.12871667, -77.16780667)"
MCP2446001B,15046571,MONTGOMERY,Injury Crash,09/14/2015 09:07:00 PM,Maryland (State),GERMANTOWN RD,CLOPPER RD,,N/A,,SAME DIR REAR END,CLEAR,DRY,DARK LIGHTS ON,TRAFFIC SIGNAL,NONE DETECTED,,195B64C3-3C38-4348-95FC-DAB0AAC5275E,No,SUSPECTED MINOR INJURY,N/A,NOT DISTRACTED,MD,08CD487C-E8E9-47A6-826A-D29CD7CEF6B0,FUNCTIONAL,SIX OCLOCK,PASSENGER CAR,SLOWING OR STOPPING,South,40,No,No,2002,HONDA,CIVIC,39.18434667,-77.263365,"(39.18434667, -77.263365)"
MCP3094001C,200023694,Montgomery County Police,Injury Crash,06/17/2020 03:35:00 AM,County,CHRISTOPHER AVE,MONTGOMERY VILLAGE AVE,,N/A,,STRAIGHT MOVEMENT ANGLE,N/A,DRY,DARK LIGHTS ON,TRAFFIC SIGNAL,NONE DETECTED,,C13366C1-9F15-4CD6-AFB8-ADB1739CB45E,No,POSSIBLE INJURY,N/A,NOT DISTRACTED,MD,FECB7E13-5154-4467-B1AC-8A250EE0C4E2,DISABLING,TWELVE OCLOCK,PASSENGER CAR,MOVING CONSTANT SPEED,East,35,No,No,2015,NISSAN,VERSA,39.15778617,-77.20458983,"(39.15778617, -77.20458983)"
MCP2298005J,15033250,MONTGOMERY,Injury Crash,07/07/2015 05:25:00 PM,Maryland (State),FREDERICK RD,LITTLE BENNETT DR,,N/A,,SAME DIRECTION SIDESWIPE,CLEAR,DRY,DAYLIGHT,NO CONTROLS,NONE DETECTED,,C1FAEEDE-73B0-497D-8C7D-689496C6189F,No,NO APPARENT INJURY,N/A,NOT DISTRACTED,MD,7100B50C-86F5-4038-8891-52ECD803D141,FUNCTIONAL,TWO OCLOCK,PICKUP TRUCK,MOVING CONSTANT SPEED,North,35,No,No,2007,FORD,F150,39.26721473,-77.30564117,"(39.26721473, -77.30564117)"
MCP32760017,210033250,Montgomery County Police,Injury Crash,08/25/2021 11:52:00 PM,Maryland (State),GEORGIA AVE,WHITE OAK DR,,N/A,,STRAIGHT MOVEMENT ANGLE,CLEAR,DRY,DARK LIGHTS ON,NO CONTROLS,NONE DETECTED,,FAC97ABC-243E-4BC6-8C38-82354D380012,No,SUSPECTED MINOR INJURY,N/A,NOT DISTRACTED,MD,070168A7-6154-431F-BC56-E173828087D6,DISABLING,TWO OCLOCK,PASSENGER CAR,MOVING CONSTANT SPEED,South,35,No,No,2017,FORD,EDGE,39.01019667,-77.04100667,"(39.01019667, -77.04100667)"
MCP29280014,16018205,Montgomery County Police,Property Damage Crash,04/14/2016 05:30:00 AM,Maryland (State),GEORGIA AVE,COLESVILLE RD,,N/A,,STRAIGHT MOVEMENT ANGLE,CLEAR,DRY,DARK LIGHTS ON,TRAFFIC SIGNAL,NONE DETECTED,,47A2EC46-5CB6-4FDF-BE4C-535A6B3004F4,No,NO APPARENT INJURY,N/A,NOT DISTRACTED,MD,B89E6A40-0DCF-40CD-9B70-118BC2CAD692,DISABLING,TEN OCLOCK,PASSENGER CAR,ACCELERATING,North,30,No,No,2001,HONDA,ACCORD,38.99609028,-77.02815056,"(38.99609028, -77.02815056)"
MCP2704001J,210033536,Montgomery County Police,Injury Crash,08/27/2021 11:02:00 PM,Maryland (State),VEIRS MILL RD,GEORGIA AVE,,N/A,,HEAD ON LEFT TURN,CLEAR,DRY,DARK LIGHTS ON,TRAFFIC SIGNAL,ALCOHOL PRESENT,,046D8530-A35B-4F28-A597-6A42E3D3C30D,Yes,NO APPARENT INJURY,N/A,NOT DISTRACTED,MD,2A333882-8A3C-4CBD-B905-D0DA36B6FBD8,DESTROYED,TWELVE OCLOCK,PASSENGER CAR,MOVING CONSTANT SPEED,North,35,No,No,2003,HOND,CIVIC,39.03602491,-77.04985262,"(39.03602491, -77.04985262)"
MCP2785000M,15045933,MONTGOMERY,Property Damage Crash,09/11/2015 01:24:00 PM,Other Public Roadway,CALVERTON BLVD,CHERRY HILL RD,,N/A,,SAME DIR REAR END,CLEAR,DRY,DAYLIGHT,N/A,N/A,,540765D0-D8BD-4AC2-BC80-954432F20E94,No,NO APPARENT INJURY,N/A,NOT DISTRACTED,MD,8E694EE1-D927-4FB7-B6C5-D94B411BB871,FUNCTIONAL,SIX OCLOCK,(SPORT) UTILITY VEHICLE,STOPPED IN TRAFFIC LANE,West,30,No,No,2010,TOYT,RAV4,39.11137833,-76.91356333,"(39.11137833, -76.91356333)"
MCP2904001B,15047609,MONTGOMERY,Property Damage Crash,09/19/2015 11:21:00 PM,Maryland (State),NEW HAMPSHIRE AVE,OAKVIEW DR,,N/A,,SAME DIR REAR END,CLEAR,DRY,DARK NO LIGHTS,TRAFFIC SIGNAL,ALCOHOL PRESENT,,4DA862A8-28F9-4E22-9F7C-1AE87F3BD29C,Yes,NO APPARENT INJURY,N/A,UNKNOWN,MD,A11D1897-6EED-4249-9BE4-97C6A982146E,DISABLING,TWELVE OCLOCK,PASSENGER CAR,SLOWING OR STOPPING,North,40,No,No,2001,HONDA,ACCORD,39.01491573,-76.97787523,"(39.01491573, -76.97787523)"
MCP2503000V,170522891,Montgomery County Police,Property Damage Crash,08/04/2017 02:42:00 AM,Maryland (State),DARNESTOWN RD,BLACK ROCK RD,,N/A,,SINGLE VEHICLE,CLEAR,WET,DARK NO LIGHTS,N/A,N/A,,49CF712B-A1E6-4993-B5AC-0D64690B8320,Yes,NO APPARENT INJURY,N/A,NOT DISTRACTED,MD,F017483C-CA9B-44F6-A0D0-C8A1842AAB99,FUNCTIONAL,TWELVE OCLOCK,PASSENGER CAR,MOVING CONSTANT SPEED,East,45,No,No,2006,VOLK,JETTA,39.12002833,-77.31929,"(39.12002833, -77.31929)"
MCP2892004N,180018100,Montgomery County Police,Property Damage Crash,04/13/2018 05:37:00 PM,Maryland (State),PINEY BRANCH RD,MISSISSIPPI AVE,,TAKOMA PARK,,HEAD ON LEFT TURN,CLEAR,DRY,DAYLIGHT,STOP SIGN,NONE DETECTED,,4DCDDDDD-F504-4F71-8AD5-3CA147CF0BC5,Unknown,NO APPARENT INJURY,N/A,LOOKED BUT DID NOT SEE,MD,8F9ECDC3-A1C8-404F-AC48-583192CA051B,DISABLING,ONE OCLOCK,PASSENGER CAR,MAKING LEFT TURN,South,25,No,No,2006,ACUR,4S,38.98879,-77.01137833,"(38.98879, -77.01137833)"
MCP29950019,16067372,Montgomery County Police,Property Damage Crash,12/31/2016 08:41:00 PM,County,ADRIAN ST,PARKLAND DR,,N/A,,SAME DIRECTION SIDESWIPE,N/A,N/A,DUSK,NO CONTROLS,UNKNOWN,,AD254FAE-E017-4DFB-855B-D63B9312D1F0,Yes,NO APPARENT INJURY,N/A,UNKNOWN,,AB8ABC18-9C32-4FC7-8120-5430652D38D5,N/A,TWELVE OCLOCK,PASSENGER CAR,MOVING CONSTANT SPEED,North,15,No,No,2013,HONDA,CIVIC,39.06235626,-77.09190398,"(39.06235626, -77.09190398)"
MCP2686002C,180002107,Montgomery County Police,Property Damage Crash,01/13/2018 07:59:00 PM,Maryland (State),CLOPPER RD,END BRIDGE,,N/A,,SAME DIR REAR END,CLEAR,DRY,DARK NO LIGHTS,N/A,N/A,,19C57B23-B9B9-4278-921B-481D17AFC927,No,NO APPARENT INJURY,N/A,NOT DISTRACTED,MD,20803A74-EA63-459A-9CD1-7CD1B2C26597,FUNCTIONAL,SIX OCLOCK,PASSENGER CAR,SLOWING OR STOPPING,East,45,No,No,2016,JEEP,GRAND CHEROKEE,39.15390667,-77.24996667,"(39.15390667, -77.24996667)"
MCP3211003M,230010297,Montgomery County Police,Property Damage Crash,03/02/2023 06:44:00 AM,County,E JEFFERSON ST,MONTROSE PKWY,,N/A,,SAME DIRECTION LEFT TURN,FOGGY,WET,DARK LIGHTS ON,YIELD SIGN,NONE DETECTED,,13195AE4-9B6E-405F-82D7-C2C6111BD1CA,No,NO APPARENT INJURY,N/A,NOT DISTRACTED,MD,17CABBCB-9D84-40A7-914C-8FCD9849D314,FUNCTIONAL,FIVE OCLOCK,PASSENGER CAR,MOVING CONSTANT SPEED,South,35,No,No,2022,DODGE,CHARGER,39.05033472,-77.12641898,"(39.05033472, -77.12641898)"
MCP2900002D,170523298,Montgomery County Police,Injury Crash,08/06/2017 05:31:00 AM,,,,"I-270 NB IN-BETWEEN EXIT 8 AND EXIT 9, MAIN LANES.",,,SAME DIR REAR END,CLEAR,,DARK LIGHTS ON,N/A,N/A,,6A2683D5-E0E6-4DF0-83A6-595473C6A9DE,No,NO APPARENT INJURY,N/A,NOT DISTRACTED,MD,DF54668D-ECB3-489D-9258-C9D1D1458B90,DISABLING,SIX OCLOCK,PASSENGER CAR,MOVING CONSTANT SPEED,North,55,No,No,2003,FORD,ESCAPE,39.12120667,-77.19785,"(39.12120667, -77.19785)"
MCP3285001F,210050744,Montgomery County Police,Injury Crash,12/13/2021 11:41:00 PM,Maryland (State),GERMANTOWN RD,CRYSTAL ROCK DR,,N/A,,STRAIGHT MOVEMENT ANGLE,CLEAR,DRY,DARK LIGHTS ON,TRAFFIC SIGNAL,NONE DETECTED,,2BC9E5EC-E0E3-4755-B2B2-974FA25C4F3D,Yes,NO APPARENT INJURY,N/A,UNKNOWN,MD,2C34B5F5-8533-45A7-8417-F9A4AEC83174,DISABLING,TWELVE OCLOCK,PASSENGER CAR,MOVING CONSTANT SPEED,North,45,No,No,2017,TOYOTA,COROLLA,39.18109667,-77.26212333,"(39.18109667, -77.26212333)"
MCP3388000P,240008563,MONTGOMERY,Property Damage Crash,02/21/2024 06:30:00 PM,US (State),GEORGIA AVE,,,,,Other,Clear,Dry,Dark - Lighted,Traffic Control Signal,"Unknown, Unknown",,44428EFB-A914-4A03-A716-FE80B521BF3D,No,,,,,56D67989-22FD-4445-9CE7-393A1B793A69,Vehicle Not at Scene,Vehicle Not at Scene,Van - Passenger (&lt;9 Seats),Moving Constant Speed,Northbound,30,No,No,2018,FORD,TRANSIT,38.99432115,-77.02678907,"(38.99432115, -77.02678907)"
DM83880011,16043496,Takoma Park Police Depart,Injury Crash,08/26/2016 06:40:00 PM,Maryland (State),NEW HAMPSHIRE AVE,MERWOOD DR,,TAKOMA PARK,,SAME DIR REAR END,CLEAR,DRY,DAYLIGHT,TRAFFIC SIGNAL,NONE DETECTED,,7F23FA4B-D07E-4670-A227-E8E3A3D54593,Yes,NO APPARENT INJURY,N/A,ADJUSTING AUDIO AND OR CLIMATE CONTROLS,MD,31343156-413B-4E78-8763-DEECC76F4563,SUPERFICIAL,TWELVE OCLOCK,PASSENGER CAR,MOVING CONSTANT SPEED,North,35,No,No,2003,FORD,WINDSTAR,38.98324079,-76.98832512,"(38.98324079, -76.98832512)"
MCP10940005,15036661,MONTGOMERY,Property Damage Crash,07/24/2015 11:36:00 PM,Ramp,RAMP 2 FR RP 7 (FR IS370 WB) TO MD355 NB,RAMP 7 FR IS 370 WB TO MD 355 SB,,N/A,,SINGLE VEHICLE,CLEAR,N/A,DARK LIGHTS ON,N/A,NONE DETECTED,,41B82708-D69E-466A-B149-7E80D41F15F2,Yes,NO APPARENT INJURY,N/A,TALKING OR LISTENING TO CELLULAR PHONE,MD,6A81549B-AD1E-4409-8EB0-6AC5D3A35F9B,DISABLING,TWO OCLOCK,PICKUP TRUCK,MOVING CONSTANT SPEED,West,25,No,No,1997,FORD,MOUNTAINEER,39.12485667,-77.18003833,"(39.12485667, -77.18003833)"
DD5652003R,230057509,Rockville Police Departme,Property Damage Crash,09/29/2023 03:20:00 PM,Municipality,ROLLINS AVE,E JEFFERSON ST,,ROCKVILLE,,STRAIGHT MOVEMENT ANGLE,CLEAR,DRY,DAYLIGHT,NO CONTROLS,NONE DETECTED,,BA442C85-F6C3-4354-844C-514BCF5302B8,Yes,NO APPARENT INJURY,N/A,NOT DISTRACTED,MD,C413E1CF-4022-46E5-AA72-533CFF890068,DISABLING,ONE OCLOCK,PASSENGER CAR,MAKING LEFT TURN,West,30,No,No,2010,FORD,4S,39.05864729,-77.12435501,"(39.05864729, -77.12435501)"
MCP1174005Y,230010326,Montgomery County Police,Property Damage Crash,03/02/2023 10:29:00 AM,Maryland (State),WISCONSIN AVE,CHELTENHAM DR,,N/A,,SAME DIR REAR END,CLEAR,DRY,DAYLIGHT,NO CONTROLS,NONE DETECTED,,888BFB3E-BB33-47A3-B566-2AA81906B0F1,No,NO APPARENT INJURY,N/A,NOT DISTRACTED,MD,97AD8BEB-CE34-4FA5-97A2-B5BD37061A65,SUPERFICIAL,SIX OCLOCK,PASSENGER CAR,STOPPED IN TRAFFIC LANE,North,25,No,No,2014,BMW,328I,38.98812606,-77.09488451,"(38.98812606, -77.09488451)"
MCP2527000F,16027623,Montgomery County Police,Property Damage Crash,06/02/2016 04:41:00 PM,Maryland (State),MUNCASTER MILL RD,MILLER FALL RD,,N/A,,SAME DIRECTION SIDESWIPE,CLEAR,DRY,DAYLIGHT,NO CONTROLS,UNKNOWN,,D9D87A69-E40D-4B07-8624-48F07AC301EC,Yes,NO APPARENT INJURY,N/A,NOT DISTRACTED,,321659AB-7FDF-40E5-821E-20EC5B655978,SUPERFICIAL,EIGHT OCLOCK,,ACCELERATING,East,30,No,No,0,UNKNOWN,UNKNOWN,39.14974167,-77.232055,"(39.14974167, -77.232055)"
MCP23480020,16051949,Montgomery County Police,Property Damage Crash,10/09/2016 04:04:00 PM,Maryland (State),UNIVERSITY BLVD W,DENNIS AVE,,N/A,,SAME DIRECTION SIDESWIPE,CLEAR,DRY,DAYLIGHT,NO CONTROLS,NONE DETECTED,,2A199DC6-94D1-410E-AD29-E6FA4235D0A2,No,NO APPARENT INJURY,N/A,NOT DISTRACTED,MD,C1404149-B34F-4D46-8A4A-1FFF420A0A31,SUPERFICIAL,ONE OCLOCK,PASSENGER CAR,MOVING CONSTANT SPEED,West,40,No,No,2013,INFINITI,2H,39.02579333,-77.02001833,"(39.02579333, -77.02001833)"
MCP3058001Q,180033193,Montgomery County Police,Property Damage Crash,07/05/2018 06:20:00 AM,Maryland (State),DARNESTOWN RD,DUFIEF DR,,N/A,,SAME DIR REAR END,CLEAR,DRY,DAYLIGHT,NO CONTROLS,NONE DETECTED,,9D7924C9-A56A-4E55-9D89-D24271A298B6,No,NO APPARENT INJURY,"ANIMAL, N/A",DISTRACTED BY OUTSIDE PERSON OBJECT OR EVENT,MD,43848602-FAE5-47A0-8688-C2648C3779F0,SUPERFICIAL,SIX OCLOCK,PASSENGER CAR,SLOWING OR STOPPING,West,40,No,No,2012,MAZDA,TK,39.10594333,-77.23241,"(39.10594333, -77.23241)"
MCP3232003X,230034219,Montgomery County Police,Injury Crash,07/18/2023 03:34:00 PM,County,NORWOOD RD,JOHNSON RD,,N/A,,HEAD ON LEFT TURN,CLEAR,DRY,DAYLIGHT,NO CONTROLS,NONE DETECTED,,DF569CD7-330C-4A28-A49C-94B1B89633D6,Yes,POSSIBLE INJURY,N/A,OTHER DISTRACTION,MD,6D3180DA-24FE-494D-BC48-1B5AC5DA1A58,DISABLING,TWO OCLOCK,(SPORT) UTILITY VEHICLE,MOVING CONSTANT SPEED,East,35,No,No,2019,MERCEDES,GLE350,39.11412167,-77.01493767,"(39.11412167, -77.01493767)"
MCP2653000V,16014967,MONTGOMERY,Property Damage Crash,03/27/2016 12:54:00 AM,County,CURRAN RD,E MELBOURNE AVE,,N/A,,HEAD ON,CLEAR,DRY,DARK LIGHTS ON,NO CONTROLS,N/A,,D5F9701B-4CA5-422F-8F19-3F0910580DD4,Yes,NO APPARENT INJURY,N/A,UNKNOWN,MD,7E7FBCE7-FD54-4AD4-912D-545A9A66E843,SUPERFICIAL,TWELVE OCLOCK,PASSENGER CAR,MOVING CONSTANT SPEED,South,25,No,No,2006,FORD,E350,39.01118105,-76.99939728,"(39.01118105, -76.99939728)"
EJ78720019,200005408,Gaithersburg Police Depar,Property Damage Crash,02/01/2020 11:20:00 PM,Maryland (State),QUINCE ORCHARD RD,RAMP 8 FR IS 270 SB TO MD 124 WB,,N/A,,SAME DIRECTION SIDESWIPE,RAINING,WET,DARK LIGHTS ON,N/A,NONE DETECTED,,C7CF447C-59CC-4F67-ADA7-DF00AC6D59B2,No,NO APPARENT INJURY,"RAIN, SNOW, WET",NOT DISTRACTED,MD,65311144-7CB7-41EA-B716-FE37DBC7DB9C,DISABLING,ONE OCLOCK,PASSENGER CAR,SLOWING OR STOPPING,South,10,No,No,2013,NISS,SW,39.14842333,-77.21845,"(39.14842333, -77.21845)"
MCP3389000S,250000466,MONTGOMERY,Injury Crash,01/01/2025 09:29:00 AM,Maryland (State) Route,COLESVILLE RD (WB/L),EAST WEST HWY,,,,Angle,Clear,Dry,Daylight,Traffic Control Signal,"Not Suspect of Alcohol Use, Not Suspect of Drug Use",,4D7EB6BD-5742-4A58-BA72-7E99CACB3EEF,Yes,Suspected Minor Injury,,Not Distracted,MD,D6B07296-657D-4326-89C1-2F6EABFDB69E,Disabling,Eleven O Clock,Passenger Car,Turning Right,Southbound,30,No,No,2005,ACURA,TSX,38.99367101,-77.03232188,"(38.99367101, -77.03232188)"
DD5603009H,220038871,Rockville Police Departme,Property Damage Crash,09/07/2022 01:15:00 PM,,,,2208 VEIRS MILL ROAD (PARKING LOT),,,OTHER,RAINING,,DAYLIGHT,NO CONTROLS,UNKNOWN,,2ACF7118-88E7-443F-8D61-DAED3F6073E0,Yes,NO APPARENT INJURY,N/A,UNKNOWN,,D736B907-1936-4F38-BDBE-B304F45E4299,FUNCTIONAL,FIVE OCLOCK,PASSENGER CAR,BACKING,West,15,No,No,2002,CHEV,TK,39.234375,-77.28137333,"(39.234375, -77.28137333)"
MCP26620024,200010177,Montgomery County Police,Property Damage Crash,02/29/2020 10:07:00 PM,Maryland (State),MUNCASTER MILL RD,OLDE MILL RUN,,N/A,,SAME DIR REAR END,CLEAR,DRY,DARK LIGHTS ON,NO CONTROLS,NONE DETECTED,,322F361C-70C8-4328-AFE5-1E9D6E9DB2A5,Yes,NO APPARENT INJURY,N/A,UNKNOWN,MD,FCE7190F-FB80-4086-992E-92C32F5660E5,DISABLING,TWELVE OCLOCK,PASSENGER CAR,SLOWING OR STOPPING,West,35,No,No,2006,HOND,CRV,39.14012033,-77.1344185,"(39.14012033, -77.1344185)"
EJ7873006C,220051445,Gaithersburg Police Depar,Injury Crash,11/19/2022 06:55:00 PM,,,,"IN THE PARKING LOT OF 366 N SUMMIT AVE GAITHERSBURG, MD 20877",,PEDESTRIAN,OTHER,UNKNOWN,,DARK LIGHTS ON,NO CONTROLS,UNKNOWN,NONE DETECTED,8A927A7F-444F-4EA3-8777-254FB21DB69A,No,NO APPARENT INJURY,N/A,UNKNOWN,VA,BA3840D9-0690-4219-B83B-5075624B32C8,NO DAMAGE,TWO OCLOCK,PASSENGER CAR,STARTING FROM LANE,West,5,No,No,2017,HONDA,CIVIC,39.14848487,-77.19115591,"(39.14848487, -77.19115591)"
MCP26230021,15035175,MONTGOMERY,Property Damage Crash,07/17/2015 01:05:00 PM,Maryland (State),PINEY BRANCH RD,MISSISSIPPI AVE,,N/A,,STRAIGHT MOVEMENT ANGLE,CLEAR,DRY,DAYLIGHT,STOP SIGN,NONE DETECTED,,DD6BB783-EB6A-4300-8D08-19BCE4C69989,Yes,NO APPARENT INJURY,N/A,LOOKED BUT DID NOT SEE,MD,D8917A74-58C7-421A-9B67-A83497EE3A2B,DISABLING,EIGHT OCLOCK,PASSENGER CAR,MAKING LEFT TURN,East,30,No,No,2003,TOYOTA,RAV4,38.98914833,-77.01162333,"(38.98914833, -77.01162333)"
MCP9422000S,170534360,Montgomery County Police,Property Damage Crash,10/02/2017 04:29:00 PM,US (State),COLUMBIA PIKE,STEWART LA,,N/A,,SAME DIRECTION SIDESWIPE,CLEAR,DRY,DAYLIGHT,NO CONTROLS,NONE DETECTED,,2911CA74-7BE0-41A0-8262-F5C7698ED7DB,No,NO APPARENT INJURY,N/A,NOT DISTRACTED,MD,4D0B11E1-9821-408B-BF63-851E8271FB0D,FUNCTIONAL,SEVEN OCLOCK,SCHOOL BUS,MOVING CONSTANT SPEED,North,50,No,No,2013,THOMPSON,BUS,39.04572833,-76.98777,"(39.04572833, -76.98777)"
MCP3027001T,180064175,Montgomery County Police,Injury Crash,12/23/2018 01:36:00 PM,Maryland (State),WOODFIELD RD,FLOWER HILL WAY,,N/A,,SAME DIR REAR END,CLEAR,DRY,DAYLIGHT,TRAFFIC SIGNAL,N/A,,667E5CA5-CF70-43CD-A672-06EE8DBB1FB5,Yes,NO APPARENT INJURY,N/A,INATTENTIVE OR LOST IN THOUGHT,MD,3C7C8C9B-BC00-41C2-BEE9-F22EBD8F665D,SUPERFICIAL,TWELVE OCLOCK,PASSENGER CAR,SLOWING OR STOPPING,West,35,No,No,2005,FORD,TK,39.15691,-77.16607,"(39.15691, -77.16607)"