Report Number,Local Case Number,Agency Name,ACRS Report Type,Crash Date/Time,Route Type,Road Name,Cross-Street Name,Off-Road Description,Municipality,Related Non-Motorist,Collision Type,Weather,Surface Condition,Light,Traffic Control,Driver Substance Abuse,Non-Motorist Substance Abuse,Person ID,Driver At Fault,Injury Severity,Circumstance,Driver Distracted By,Drivers License State,Vehicle ID,Vehicle Damage Extent,Vehicle First Impact Location,Vehicle Body Type,Vehicle Movement,Vehicle Going Dir,Speed Limit,Driverless Vehicle,Parked Vehicle,Vehicle Year,Vehicle Make,Vehicle Model,Latitude,Longitude,Location
MCP31290064,230004855,Montgomery County Police,Injury Crash,01/30/2023 12:44:00 PM,Maryland (State),GEORGIA AVE,CROSSOVER,,N/A,,STRAIGHT MOVEMENT ANGLE,CLEAR,DRY,DAYLIGHT,NO CONTROLS,NONE DETECTED,,D5BA9926-AC2F-445D-B766-292FBD18E69B,Yes,NO APPARENT INJURY,N/A,LOOKED BUT DID NOT SEE,MD,A5963549-00BE-4E14-A774-85CA9971F6A6,FUNCTIONAL,NINE OCLOCK,PASSENGER CAR,STARTING FROM LANE,East,45,No,No,2019,FORD,EDGE,39.085225,-77.07862967,"(39.085225, -77.07862967)"
MCP2663000H,180000933,Montgomery County Police,Property Damage Crash,01/06/2018 11:03:00 PM,Maryland (State),EAST WEST HWY,ROSEMARY HILLS RD,,N/A,,SINGLE VEHICLE,CLEAR,DRY,DARK LIGHTS ON,NO CONTROLS,NONE DETECTED,,AB360F18-7D60-49BB-ADFD-0E7470CD8508,Yes,NO APPARENT INJURY,N/A,NOT DISTRACTED,MD,30D8B718-E0EA-428F-8FD4-92D8D7E8E65D,DISABLING,NINE OCLOCK,PASSENGER CAR,MOVING CONSTANT SPEED,East,35,No,No,2004,TOYT,4S,38.99495333,-77.04317833,"(38.99495333, -77.04317833)"
EJ79060019,240048099,GAITHERSBURG,Injury Crash,10/08/2024 04:36:00 PM,Maryland (State) Route,FREDERICK RD (SB/L),,,,,Front to Rear,Clear,Dry,Daylight,No Controls,"Not Suspect of Alcohol Use, Not Suspect of Drug Use",,68098591-212A-4C7F-BCAC-C784C4097C39,No,No Apparent Injury,,Not Distracted,,DF48549A-4127-45FE-8252-09F462668771,Disabling,Six O Clock,Passenger Car,Stopped in Traffic,Eastbound,35,No,No,2017,HYUNDAI,ELANTRA,39.124481,-77.18070367,"(39.124481, -77.18070367)"
MCP3268004T,240059914,MONTGOMERY,Injury Crash,12/15/2024 12:49:00 PM,County Route,RIDING STABLE RD,SANDY SPRING RD (WB/L),,,,Angle,Clear,Dry,Daylight,Stop Sign,"Not Suspect of Alcohol Use, Not Suspect of Drug Use",,DB47B52E-694F-452B-B5B3-D69CA3204EEF,No,No Apparent Injury,,Not Distracted,MD,EBFD6207-EBB8-4D1C-9890-C96E98989FCA,Disabling,One O Clock,Passenger Car,Moving Constant Speed,,35,No,No,2012,HONDA,ACCORD,39.1055948,-76.9106955,"(39.1055948, -76.9106955)"
MCP2422000K,15009927,Montgomery County Police,Injury Crash,03/02/2015 08:08:00 PM,Maryland (State),UNIVERSITY BLVD W,AMHERST AVE,,N/A,,SAME DIR REAR END,CLEAR,DRY,DARK LIGHTS ON,N/A,NONE DETECTED,,B90AA492-922C-42FE-BA8A-7ED4FE6467B7,Yes,NO APPARENT INJURY,N/A,NOT DISTRACTED,MD,9F0E5F48-9BDA-4567-81A4-ED97AEA48DB2,DISABLING,TWELVE OCLOCK,N/A,SLOWING OR STOPPING,East,40,No,No,2008,TOYOTA,VAN,39.04101833,-77.04718833,"(39.04101833, -77.04718833)"
MCP3048006T,210011878,Montgomery County Police,Property Damage Crash,03/30/2021 01:35:00 PM,Maryland (State),CONNECTICUT AVE,MANOR RD,,N/A,,ANGLE MEETS RIGHT TURN,CLEAR,DRY,DAYLIGHT,TRAFFIC SIGNAL,N/A,,7BE56356-B910-4D3F-B264-BFD2C95ADF22,No,NO APPARENT INJURY,N/A,NOT DISTRACTED,MD,69890A56-8D7C-4391-807C-1C917A5AABF1,FUNCTIONAL,TWELVE OCLOCK,PASSENGER CAR,MOVING CONSTANT SPEED,South,30,No,No,2004,MITS,TK,38.99561667,-77.077625,"(38.99561667, -77.077625)"
MCP2991004S,200041959,Montgomery County Police,Property Damage Crash,10/24/2020 10:00:00 AM,Maryland (State),NEW HAMPSHIRE AVE,BONIFANT RD,,N/A,,SAME DIR REAR END,CLEAR,DRY,DAYLIGHT,NO CONTROLS,NONE DETECTED,,B00EA350-08F5-4BB2-9310-BACA4B40DE34,No,NO APPARENT INJURY,N/A,NOT DISTRACTED,MD,25CDD29D-8C55-4678-8A41-E3D868437257,DISABLING,SIX OCLOCK,PASSENGER CAR,MOVING CONSTANT SPEED,South,40,No,No,1992,DODGE,CARAVAN,39.09860567,-77.00320833,"(39.09860567, -77.00320833)"
MCP3184000D,190016917,Montgomery County Police,Property Damage Crash,04/11/2019 04:15:00 PM,US (State),GEORGIA AVE,SLIGO AVE,,N/A,,SAME DIRECTION SIDESWIPE,CLEAR,DRY,DAYLIGHT,N/A,N/A,,720919EF-F3D8-40B8-864F-E4DEB55626E8,No,NO APPARENT INJURY,N/A,NOT DISTRACTED,MD,FB406C90-A48D-429E-A913-1979BF14BC9F,SUPERFICIAL,TWO OCLOCK,PASSENGER CAR,MAKING RIGHT TURN,West,30,No,No,2018,AUDI,4S,38.99026106,-77.02650605,"(38.99026106, -77.02650605)"
MCP2861002H,17009214,Montgomery County Police,Property Damage Crash,02/20/2017 04:07:00 PM,Maryland (State),RIVER RD,DURHAM DR,,N/A,,SAME DIR REAR END,CLEAR,DRY,DAYLIGHT,NO CONTROLS,NONE DETECTED,,8327AF37-798A-4866-9B95-652A17350518,Yes,NO APPARENT INJURY,N/A,INATTENTIVE OR LOST IN THOUGHT,MD,6D3F4E2C-0881-43AC-976B-A5DCA6DF3D04,DISABLING,TWELVE OCLOCK,PASSENGER CAR,MOVING CONSTANT SPEED,West,40,No,No,2007,FORD,FOCUS,39.00492167,-77.18743667,"(39.00492167, -77.18743667)"
MCP28000034,180025217,Montgomery County Police,Property Damage Crash,05/23/2018 12:12:00 AM,Maryland (State),WISCONSIN AVE,WOODMONT AVE,,N/A,,SAME DIR REAR END,CLEAR,DRY,DARK LIGHTS ON,TRAFFIC SIGNAL,ALCOHOL PRESENT,,27010D80-D5C9-4243-AB8E-8981A84E05FF,Yes,NO APPARENT INJURY,"N/A, TRAFFIC CONTROL DEVICE INOPERATIVE",LOOKED BUT DID NOT SEE,MD,84AD202D-24E2-4ADD-B9A4-0FE26C1A15FD,FUNCTIONAL,TWELVE OCLOCK,PASSENGER CAR,MOVING CONSTANT SPEED,North,35,No,No,2018,CHEVROLET,2S,38.994695,-77.09633333,"(38.994695, -77.09633333)"
MCP2861004P,200037717,Montgomery County Police,Property Damage Crash,09/25/2020 03:20:00 PM,Maryland (State),RIVER RD,OGDEN RD,,N/A,,STRAIGHT MOVEMENT ANGLE,CLEAR,DRY,DAYLIGHT,NO CONTROLS,NONE DETECTED,,40291D48-58EC-4804-8895-5B8E75232DD3,No,NO APPARENT INJURY,N/A,NOT DISTRACTED,MD,CEF8D87C-DCB1-47D3-A552-A7750AC33776,NO DAMAGE,TWELVE OCLOCK,PASSENGER CAR,MOVING CONSTANT SPEED,South,35,No,No,2008,TOYT,PRIUS,38.97049667,-77.11632167,"(38.97049667, -77.11632167)"
MCP2330000G,15026186,Montgomery County Police,Property Damage Crash,05/30/2015 09:13:00 PM,Maryland (State),UNIVERSITY BLVD W,EISNER ST,,N/A,,OTHER,CLEAR,DRY,DARK NO LIGHTS,NO CONTROLS,UNKNOWN,,D4451523-1F0C-43B0-A9D9-EEF20D98A709,Yes,NO APPARENT INJURY,N/A,UNKNOWN,MD,030614F2-766E-414D-8A3D-A4A33EBF4683,FUNCTIONAL,NINE OCLOCK,PASSENGER CAR,ACCELERATING,South,40,No,No,0,ACURA,LEGEND,39.26699833,-77.20629333,"(39.26699833, -77.20629333)"
MCP2898005W,250011941,MONTGOMERY,Property Damage Crash,03/18/2025 08:44:00 PM,Maryland (State) Route,FREDERICK RD (SB/L),GUNNERS BRANCH RD,,,,Angle,Clear,Dry,Dark - Lighted,Traffic Control Signal,"Not Suspect of Alcohol Use, Not Suspect of Drug Use",,6B4730F4-FF42-4286-BE16-0B6F9296DD0D,No,No Apparent Injury,,Not Distracted,MD,B905B55E-7220-4E8A-999D-978074C6F1EB,Disabling,Twelve O Clock,Passenger Car,Moving Constant Speed,,45,No,No,2017,VOLKSWAGEN,JETTA,39.17842609,-77.23862027,"(39.17842609, -77.23862027)"
MCP27530011,16021753,Montgomery County Police,Property Damage Crash,05/03/2016 05:22:00 AM,Maryland (State),NORBECK RD,BAUER DR,,N/A,,STRAIGHT MOVEMENT ANGLE,FOGGY,WET,DARK LIGHTS ON,FLASHING TRAFFIC SIGNAL,NONE DETECTED,,A4D822D0-9A54-49E8-8C2B-69F02216ACAE,Yes,NO APPARENT INJURY,"SMOG, SMOKE, WET",LOOKED BUT DID NOT SEE,MD,1C695DD8-DF98-4DBF-937F-2CC61F4878F6,FUNCTIONAL,TWELVE OCLOCK,PASSENGER CAR,ACCELERATING,South,40,No,No,2009,VOLK,4D,39.09474,-77.07832833,"(39.09474, -77.07832833)"
MCP2746000X,15038913,MONTGOMERY,Property Damage Crash,08/05/2015 05:58:00 PM,Maryland (State),GEORGIA AVE,ROSSMOOR BLVD,,N/A,,SAME DIR REAR END,CLEAR,DRY,DAYLIGHT,NO CONTROLS,NONE DETECTED,,9CD67A43-3F76-4FCB-B9FA-0163F6B8A69E,Yes,NO APPARENT INJURY,N/A,NOT DISTRACTED,MD,A0553E08-8825-4CD6-A838-50AE74B6E980,DISABLING,TWELVE OCLOCK,PASSENGER CAR,SLOWING OR STOPPING,North,45,No,No,2002,TOYOTA,COROLLA,39.10528333,-77.07641667,"(39.10528333, -77.07641667)"
MCP1205007H,210046325,Montgomery County Police,Injury Crash,11/15/2021 01:53:00 PM,Maryland (State),ROCKVILLE PIKE,GROSVENOR LA,,N/A,,STRAIGHT MOVEMENT ANGLE,CLEAR,DRY,DAYLIGHT,TRAFFIC SIGNAL,NONE DETECTED,,EAC41510-BBB9-4DC6-B865-E047BDDC65DD,Yes,NO APPARENT INJURY,N/A,NOT DISTRACTED,MD,E315C7AE-D740-4A0A-B724-9CD408F91C82,DISABLING,TWELVE OCLOCK,"MEDIUM/HEAVY TRUCKS 3 AXLES (OVER 10,000LBS (4,536KG))",MOVING CONSTANT SPEED,North,35,No,No,2018,FREIGHTLINER,TRUCK,39.02246787,-77.10278324,"(39.02246787, -77.10278324)"
MCP2799002G,17009218,Montgomery County Police,Injury Crash,02/20/2017 04:24:00 PM,Maryland (State),NEW HAMPSHIRE AVE,ASHTON RD,,N/A,,STRAIGHT MOVEMENT ANGLE,CLEAR,DRY,DAYLIGHT,TRAFFIC SIGNAL,NONE DETECTED,,14A65E8B-4BFF-40BB-8865-CAA420E3E022,Yes,NO APPARENT INJURY,"N/A, VISION OBSTRUCTION (INCL. BLINDED BY SUN)",LOOKED BUT DID NOT SEE,MD,B49169C5-10BB-429E-A817-3B352F05F84C,DISABLING,TWELVE OCLOCK,PASSENGER CAR,MOVING CONSTANT SPEED,North,30,No,No,2000,GMC,YUKON,39.14948,-77.012345,"(39.14948, -77.012345)"
EJ7876002B,200017868,Gaithersburg Police Depar,Property Damage Crash,05/01/2020 09:15:00 PM,Maryland (State),FREDERICK RD,ODENDHAL AVE,,GAITHERSBURG,,SAME DIRECTION SIDESWIPE,CLEAR,DRY,DARK LIGHTS ON,NO CONTROLS,ALCOHOL CONTRIBUTED,,D287CCD7-EE25-45DB-8B0D-9B27CD5EC696,Yes,NO APPARENT INJURY,N/A,LOOKED BUT DID NOT SEE,MD,8A31A9C8-66F6-43FC-8739-283C4011495A,SUPERFICIAL,FIVE OCLOCK,PASSENGER CAR,ACCELERATING,South,35,No,No,2018,NISSAN,MURANO,39.14893102,-77.20775337,"(39.14893102, -77.20775337)"
MCP2799003T,180010826,Montgomery County Police,Property Damage Crash,03/02/2018 07:00:00 PM,Maryland (State),NEW HAMPSHIRE AVE,SPENCERVILLE RD,,N/A,,STRAIGHT MOVEMENT ANGLE,CLEAR,DRY,DARK NO LIGHTS,TRAFFIC SIGNAL,NONE DETECTED,,9739802C-DCEB-4063-8EF5-5871B025BF98,Yes,NO APPARENT INJURY,"N/A, TRAFFIC CONTROL DEVICE INOPERATIVE",LOOKED BUT DID NOT SEE,MD,8352EAD8-7BE6-4DD0-ADD2-DF2390904680,DISABLING,TWELVE OCLOCK,PASSENGER CAR,MOVING CONSTANT SPEED,North,45,No,No,2003,FORD,F250,39.121165,-76.98854167,"(39.121165, -76.98854167)"
MCP2969008T,200006630,Montgomery County Police,Injury Crash,02/09/2020 01:17:00 PM,Maryland (State),DAMASCUS RD,HOWARD CHAPEL RD,,N/A,,STRAIGHT MOVEMENT ANGLE,CLEAR,DRY,DAYLIGHT,STOP SIGN,NONE DETECTED,,A472F35D-7422-49B8-B38E-72E376CF4D53,Yes,NO APPARENT INJURY,N/A,NOT DISTRACTED,MD,49B0AD70-13DB-4DD8-8DA7-5399B4BEEAAF,DISABLING,TWELVE OCLOCK,PASSENGER CAR,STARTING FROM LANE,South,25,No,No,2003,TOYOTA,TACOMA,39.22724167,-77.07591333,"(39.22724167, -77.07591333)"
MCP2970003N,180000366,Montgomery County Police,Property Damage Crash,01/03/2018 08:14:00 AM,Maryland (State),UNIVERSITY BLVD W,ARCOLA AVE,,N/A,,SAME DIR REAR END,CLEAR,ICE,DAYLIGHT,TRAFFIC SIGNAL,N/A,,508E2AE4-CF7F-4D56-9A4D-AB27825F86FB,No,NO APPARENT INJURY,"N/A, VISION OBSTRUCTION (INCL. BLINDED BY SUN)",NOT DISTRACTED,MD,9FB5E17A-7FB1-46BB-B8D1-F8033E9A5CC6,FUNCTIONAL,SIX OCLOCK,PASSENGER CAR,SLOWING OR STOPPING,East,35,No,No,2003,FORD,SW,39.03518,-77.02550167,"(39.03518, -77.02550167)"
MCP3040007F,250005757,MONTGOMERY,Property Damage Crash,02/08/2025 09:00:00 AM,County Route,ARCTIC AVE,,,,,Angle,Clear,Dry,Daylight,Traffic Control Signal,"Not Suspect of Alcohol Use, Not Suspect of Drug Use",,904C7AA2-BF87-4759-A81D-DA006497F74C,Yes,No Apparent Injury,Failed to Yield Right-of-Way,Not Distracted,MD,58A8F98E-A1BD-4B8A-B61B-0007A99BD8E1,Disabling,One O Clock,Passenger Car,Turning Left,Eastbound,30,No,No,2010,TOYOTA,HIGHLANDER,39.07133083,-77.09907467,"(39.07133083, -77.09907467)"
MCP1020002V,180002930,Montgomery County Police,Injury Crash,01/18/2018 04:44:00 PM,Maryland (State),RIDGE RD,MORNING STAR DR,,N/A,,SAME DIR REAR END,CLEAR,DRY,DAYLIGHT,NO CONTROLS,NONE DETECTED,,9D7B7088-AC51-46CB-A718-9019A38D7162,Yes,NO APPARENT INJURY,N/A,INATTENTIVE OR LOST IN THOUGHT,MD,DB1CA685-5EAF-4317-9551-45F4AA7D6088,SUPERFICIAL,TWELVE OCLOCK,(SPORT) UTILITY VEHICLE,MOVING CONSTANT SPEED,North,40,No,No,2016,KIA,SOUL,39.21902517,-77.23851533,"(39.21902517, -77.23851533)"
MCP2964000N,15036166,MONTGOMERY,Injury Crash,07/22/2015 06:28:00 PM,Maryland (State),GREAT SENECA HWY,MATENY RD,,N/A,,SAME DIR REAR END,CLEAR,DRY,DAYLIGHT,N/A,NONE DETECTED,,5B2CEBCA-5880-41EF-A25A-CEA99E1E13ED,No,NO APPARENT INJURY,N/A,NOT DISTRACTED,MD,D2D08668-9AEE-4E30-8E34-50E5524A0E59,FUNCTIONAL,SIX OCLOCK,PASSENGER CAR,SLOWING OR STOPPING,North,50,No,No,2006,TOYOTA,SIENNA,39.14662167,-77.27502167,"(39.14662167, -77.27502167)"
EJ78560057,180036502,Gaithersburg Police Depar,Injury Crash,07/23/2018 06:49:00 PM,Maryland (State),CLOPPER RD,FIRSTFIELD RD,,GAITHERSBURG,,HEAD ON LEFT TURN,RAINING,WET,DUSK,TRAFFIC SIGNAL,N/A,,BC4ADC2E-4E07-44F6-AF94-F562469CABB8,Yes,POSSIBLE INJURY,"RAIN, SNOW, WET",UNKNOWN,MD,8DEF7FEC-6980-4349-BAA4-00DB1B1FC1A4,DESTROYED,TWELVE OCLOCK,PASSENGER CAR,MAKING LEFT TURN,South,25,No,No,2013,SCION,TC,39.14366833,-77.223775,"(39.14366833, -77.223775)"
EJ7747001Q,16023329,Gaithersburg Police Depar,Property Damage Crash,05/11/2016 09:42:00 AM,Maryland (State),W DIAMOND AVE,MEEM AVE,,GAITHERSBURG,,OPPOSITE DIRECTION SIDESWIPE,RAINING,WET,DAYLIGHT,OTHER,NONE DETECTED,,E73D6C9D-6A94-4725-83CC-B182E968BC83,Yes,NO APPARENT INJURY,"RAIN, SNOW, WET",NOT DISTRACTED,MD,DAC90B95-4244-4CC1-87F9-AFFF624F40B0,DISABLING,TWELVE OCLOCK,PASSENGER CAR,SLOWING OR STOPPING,West,25,No,No,2003,SATURN,L200,39.14079667,-77.20208,"(39.14079667, -77.20208)"
MCP2372006N,240038853,MONTGOMERY,Property Damage Crash,08/17/2024 08:39:00 AM,Maryland (State) Route,,,,,,"Sideswipe, Same Direction",Clear,Dry,Daylight,No Controls,"Not Suspect of Alcohol Use, Not Suspect of Drug Use",,EAA60FA7-8076-4DEB-9C63-312424874E3F,Yes,No Apparent Injury,,Unknown,MD,227C3296-BD86-49F9-B1DA-C5EAC4E2C289,Superficial,Two O Clock,Van - Passenger (&lt;9 Seats),Overtaking/Passing,Westbound,40,No,No,2023,DODGE,RAM,39.01414829,-77.20306281,"(39.01414829, -77.20306281)"
MCP3227004L,230031314,Montgomery County Police,Property Damage Crash,06/30/2023 06:43:00 PM,US (State),COLESVILLE RD,UNIVERSITY BLVD E,,N/A,,SAME DIR REAR END,CLOUDY,WET,DAYLIGHT,TRAFFIC SIGNAL,NONE DETECTED,,11335FB5-169D-4014-8E24-AEDB9265C5E6,No,NO APPARENT INJURY,N/A,NOT DISTRACTED,MD,01447E16-37CD-4475-9D37-14AA7CA6C928,FUNCTIONAL,SIX OCLOCK,PASSENGER CAR,SLOWING OR STOPPING,North,40,No,No,2022,HONDA,CR-V,39.02042983,-77.01239933,"(39.02042983, -77.01239933)"
DM8388000V,16019785,Takoma Park Police Depart,Property Damage Crash,04/22/2016 09:00:00 AM,Maryland (State),NEW HAMPSHIRE AVE,ALLEY #4,,TAKOMA PARK,,SAME DIR REAR END,CLEAR,DRY,DAYLIGHT,NO CONTROLS,NONE DETECTED,,7248C64A-F2D4-41C0-8473-E6D2C9DD1300,No,NO APPARENT INJURY,N/A,NOT DISTRACTED,DC,E5A1C476-FE35-4631-93CA-FEE08C0E7F0C,FUNCTIONAL,FIVE OCLOCK,(SPORT) UTILITY VEHICLE,MOVING CONSTANT SPEED,North,35,No,No,2016,BMW,X6,38.98799667,-76.98764667,"(38.98799667, -76.98764667)"
MCP2810002K,230049302,Montgomery County Police,Injury Crash,08/13/2023 07:40:00 PM,County,SNOUFFERS SCHOOL RD,NO NAME,,N/A,,STRAIGHT MOVEMENT ANGLE,CLEAR,DRY,DAYLIGHT,N/A,NONE DETECTED,,41BB9E1C-683F-4FD8-BE7D-85EFBD02B142,Yes,NO APPARENT INJURY,N/A,LOOKED BUT DID NOT SEE,MD,ADA2D2AB-6D19-4016-BF8A-7248A61D97BA,FUNCTIONAL,TEN OCLOCK,PASSENGER CAR,MAKING U TURN,East,45,No,No,2002,TOYT,4S,39.1646215,-77.16787383,"(39.1646215, -77.16787383)"
MCP30230045,210028651,Montgomery County Police,Injury Crash,07/24/2021 08:30:00 AM,Maryland (State),VEIRS MILL RD,PARKLAND DR,,N/A,,SAME DIR REAR END,CLEAR,DRY,DAYLIGHT,NO CONTROLS,NONE DETECTED,,1422072A-ACD8-47B4-AE4A-F42F62168E77,No,NO APPARENT INJURY,N/A,NOT DISTRACTED,MD,C5116557-8177-4ECA-AFD8-A4083553B974,FUNCTIONAL,SIX OCLOCK,VAN,STOPPED IN TRAFFIC LANE,West,35,No,No,2002,FORD,ECO,39.06091233,-77.09076,"(39.06091233, -77.09076)"
EJ787300BF,250020010,GAITHERSBURG,Injury Crash,05/07/2025 12:09:00 AM,Other Public Roadway,W WATKINS MILL RD (SB/L),FOREST PRESERVE DR,,,,Rear To Side,Rain,Wet,Dark - Lighted,Traffic Control Signal,"Not Suspect of Alcohol Use, Not Suspect of Drug Use",,A2E39D89-735D-4662-8555-E4AEBDB25432,Yes,Suspected Minor Injury,Failed to Yield Right-of-Way,Unknown,MD,0DCA1B6A-1914-41AA-BBC8-0E8F8D15EA00,Disabling,Twelve O Clock,Passenger Car,Turning Left,Northbound,35,No,No,2020,HONDA,CIVIC,39.15346221,-77.23096407,"(39.15346221, -77.23096407)"
MCP28120017,15031560,Montgomery County Police,Injury Crash,06/28/2015 12:13:00 PM,US (State),COLESVILLE RD,SPRING ST,,N/A,PEDESTRIAN,SINGLE VEHICLE,CLEAR,DRY,DAYLIGHT,N/A,N/A,N/A,9C97A889-E00F-4D1D-9917-EFB75CC8FFAD,Yes,NO APPARENT INJURY,N/A,NOT DISTRACTED,MD,D97D2D82-4696-4AB1-AFCE-D442B6B89773,NO DAMAGE,TWELVE OCLOCK,PASSENGER CAR,SLOWING OR STOPPING,North,35,No,No,2005,CHEV,2S,38.99976333,-77.02590333,"(38.99976333, -77.02590333)"
MCP3211003T,240053629,MONTGOMERY,Property Damage Crash,11/08/2024 09:01:00 AM,County Route,PUBLIC HOUSE RD,,,,Cyclist (non-electric),Single Vehicle,Clear,Dry,Daylight,Stop Sign,"Not Suspect of Alcohol Use, Not Suspect of Drug Use","Not Suspect of Alcohol Use, Not Suspect of Drug Use",BA664352-5E71-4D74-A3C6-45257D53642E,No,No Apparent Injury,,Not Distracted,MD,E9825F89-44DE-4449-A90C-11F3CD083579,Superficial,One O Clock,Passenger Car,Slowing or Stopping,Southbound,10,No,No,2022,BMW,X5,39.24209941,-77.27860896,"(39.24209941, -77.27860896)"
MCP2923004C,180037892,Montgomery County Police,Property Damage Crash,07/31/2018 10:43:00 AM,Maryland (State),UNIVERSITY BLVD W,GEORGIA AVE,,N/A,,OTHER,CLOUDY,DRY,DAYLIGHT,NO CONTROLS,N/A,,A88BAF75-F616-4496-9BF4-015A8BC7C697,Yes,NO APPARENT INJURY,N/A,NOT DISTRACTED,MD,EE141AEC-321C-4F36-96CE-AD8E4D8A7DC7,SUPERFICIAL,TWO OCLOCK,PASSENGER CAR,MOVING CONSTANT SPEED,West,30,No,No,2015,KIA,4S,39.04152667,-77.052045,"(39.04152667, -77.052045)"
EJ7833004Q,180047508,Gaithersburg Police Depar,Property Damage Crash,09/22/2018 08:30:00 PM,,,,"PARKING LOT OF 138 DUVALL LANE GAITHERSBURG, MD 20878",,,STRAIGHT MOVEMENT ANGLE,RAINING,,DARK LIGHTS ON,NO CONTROLS,UNKNOWN,,64281310-232B-461B-9CBC-A64BDAA8BB43,Yes,NO APPARENT INJURY,"RAIN, SNOW, WET",UNKNOWN,,EE07CD88-5FF6-49D2-8FB2-BB3F75CF4C3B,SUPERFICIAL,SIX OCLOCK,PASSENGER CAR,BACKING,Unknown,10,No,No,2002,MITS,LANCER,39.12713167,-77.200285,"(39.12713167, -77.200285)"
MCP32960024,230065172,Montgomery County Police,Property Damage Crash,11/08/2023 03:29:00 PM,US (State),COLUMBIA PIKE,GREENCASTLE RD,,N/A,,SAME DIR REAR END,CLEAR,DRY,DAYLIGHT,NO CONTROLS,NONE DETECTED,,BD17CC87-59C4-4A4D-9924-501ABA219005,Yes,NO APPARENT INJURY,N/A,UNKNOWN,MD,BBCEB1D4-D239-4154-A7B5-B84A6790BDBC,DISABLING,TWELVE OCLOCK,PASSENGER CAR,MOVING CONSTANT SPEED,North,50,No,No,2020,KIA,4H,39.09200033,-76.94068833,"(39.09200033, -76.94068833)"
MCP27800088,240050417,MONTGOMERY,Property Damage Crash,10/21/2024 04:26:00 PM,,,,"Parking Lot Way        PARKING LOT OF 20908 FREDERICK ROAD GERMANTOWN, MARYLAND 20876",,,Rear To Rear,Clear,,Daylight,,"Unknown, Unknown",,B5530071-88D8-426E-89AD-C2503AF80856,Yes,No Apparent Injury,,Not Distracted,MD,76B486A3-33F9-463F-BF5A-A762E385ADF3,Superficial,Six O Clock,Passenger Car,Backing,Not On Roadway,0,No,No,2018,FORD,FOCUS,39.19936335,-77.24890644,"(39.19936335, -77.24890644)"
MCP3160003C,220010593,Montgomery County Police,Property Damage Crash,03/11/2022 06:30:00 PM,Maryland (State),WISCONSIN AVE,WISCONSIN CIR,,N/A,,SAME DIRECTION SIDESWIPE,CLEAR,DRY,DARK LIGHTS ON,OTHER,NONE DETECTED,,0788115A-9DA4-4582-B17F-BB4A93F072FD,Yes,NO APPARENT INJURY,N/A,NOT DISTRACTED,MD,78809B7C-1303-4522-9DFD-96F8BC7FF099,SUPERFICIAL,FIVE OCLOCK,TRANSIT BUS,PARKED,,25,No,Yes,2009,GILL,BUS,38.96203833,-77.085475,"(38.96203833, -77.085475)"
HA2485000R,22002051,Maryland-National Capital,Injury Crash,11/23/2022 02:05:00 PM,Other Public Roadway,MEADOWBROOK LA,MEADOWBROOK LA (BACK),,N/A,,SAME DIR REAR END,N/A,DRY,DAYLIGHT,NO CONTROLS,NONE DETECTED,,D06E7742-9CC7-45A6-9D69-33D470FEA0DB,Unknown,SUSPECTED MINOR INJURY,N/A,NOT DISTRACTED,MD,171DED64-A3C8-48E8-8789-E336FB09B126,FUNCTIONAL,SIX OCLOCK,PASSENGER CAR,PARKED,,25,No,Yes,2011,HONDA,ACCORD,38.9886148,-77.0582882,"(38.9886148, -77.0582882)"
MCP1580003N,15034214,MONTGOMERY,Property Damage Crash,07/12/2015 02:14:00 PM,,,,LAKEFOREST MALL ( 701 RUSSELL AVE PARKING LOT ROADS ).   NEAR EXIT ONTO LOST KNIFE RD,,,OTHER,CLEAR,,DAYLIGHT,STOP SIGN,NONE DETECTED,,8ABEC781-36B4-4E3A-8CDE-2AB9669F8672,No,NO APPARENT INJURY,N/A,UNKNOWN,MD,1F21BBEC-160F-4971-A19C-726B9FFB8177,SUPERFICIAL,THREE OCLOCK,TRANSIT BUS,MAKING RIGHT TURN,North,15,No,No,2014,GILL,RIDE ON BUS,39.15328,-77.20016333,"(39.15328, -77.20016333)"
MCP3071001P,200028831,Montgomery County Police,Property Damage Crash,07/25/2020 01:34:00 AM,County,HICKORY FOREST WAY,TULIP POPLAR TERR,,N/A,,OTHER,CLEAR,DRY,DARK LIGHTS ON,NO CONTROLS,NONE DETECTED,,C7ED03DF-E249-4377-8EAA-85767F8A2263,Yes,NO APPARENT INJURY,N/A,LOOKED BUT DID NOT SEE,MD,E5D24C82-3A43-4382-81B7-C6FFA1884BEC,DISABLING,TWELVE OCLOCK,PASSENGER CAR,ACCELERATING,West,20,No,No,2020,HONDA,4D,39.20374333,-77.236745,"(39.20374333, -77.236745)"
MCP24750040,190028312,Montgomery County Police,Injury Crash,06/13/2019 07:01:00 PM,Maryland (State),NEW HAMPSHIRE AVE,POWDER MILL RD,,N/A,,SAME DIR REAR END,N/A,WET,DAYLIGHT,TRAFFIC SIGNAL,ILLEGAL DRUG PRESENT,,A623F3E6-DE36-43EA-B6DD-7F4CD87A82AA,Yes,POSSIBLE INJURY,N/A,UNKNOWN,MD,F2A88F9A-6B95-40D5-ABE2-FE89D39AF192,DESTROYED,TWELVE OCLOCK,(SPORT) UTILITY VEHICLE,MOVING CONSTANT SPEED,South,40,No,No,2001,SUZUKI,GRAND VITARA,39.02232096,-76.97729488,"(39.02232096, -76.97729488)"