Report Number,Local Case Number,Agency Name,ACRS Report Type,Crash Date/Time,Route Type,Road Name,Cross-Street Name,Off-Road Description,Municipality,Related Non-Motorist,Collision Type,Weather,Surface Condition,Light,Traffic Control,Driver Substance Abuse,Non-Motorist Substance Abuse,Person ID,Driver At Fault,Injury Severity,Circumstance,Driver Distracted By,Drivers License State,Vehicle ID,Vehicle Damage Extent,Vehicle First Impact Location,Vehicle Body Type,Vehicle Movement,Vehicle Going Dir,Speed Limit,Driverless Vehicle,Parked Vehicle,Vehicle Year,Vehicle Make,Vehicle Model,Latitude,Longitude,Location
MCP34230017,250004629,MONTGOMERY,Property Damage Crash,02/01/2025 06:40:00 AM,County Route,,,,,,Front to Rear,Clear,Wet,Dark - Not Lighted,No Controls,"Unknown, Unknown",,DDD3D1EC-C7EC-41E6-A391-591683C7E7DB,No,,,,,761D6A7A-F3BC-4681-BEBB-BDAFBD22A00A,Functional,Twelve O Clock,Passenger Car,,Westbound,25,No,No,2003,FORD,RANGER,39.0414335,-76.98384617,"(39.0414335, -76.98384617)"
DM8352000W,240044326,TAKOMA,Property Damage Crash,09/17/2024 04:44:00 PM,Maryland (State) Route,,,,,,Front to Rear,Rain,Wet,Daylight,No Controls,"Unknown, Unknown",,21663548-06B7-4B0D-A5E5-405685895E13,No,,,Not Distracted,,91460D10-98D5-4B40-8633-0ABD33C0EB47,Disabling,One O Clock,Passenger Car,Moving Constant Speed,Eastbound,25,No,No,2015,HYUNDAI,ELANTRA,38.98401095,-77.01740462,"(38.98401095, -77.01740462)"
MCP20160068,220023749,Montgomery County Police,Property Damage Crash,06/03/2022 10:48:00 AM,Maryland (State),ROCKVILLE PIKE,TEMPLETON PL,,ROCKVILLE,,SAME DIRECTION SIDESWIPE,CLEAR,N/A,DAYLIGHT,N/A,N/A,,0D0F7C20-8845-48F5-A686-C64420E4D1A3,Yes,NO APPARENT INJURY,N/A,NOT DISTRACTED,,7BE494D7-29EC-4A3D-8728-749548FE8821,FUNCTIONAL,ONE OCLOCK,,MOVING CONSTANT SPEED,North,40,No,No,0,UNKNOWN,UNKNOWN,39.06997,-77.13079167,"(39.06997, -77.13079167)"
MCP2754000N,16023874,Montgomery County Police,Property Damage Crash,05/13/2016 06:26:00 PM,Maryland (State),UNIVERSITY BLVD W,BRUNETT AVE,,N/A,,STRAIGHT MOVEMENT ANGLE,CLEAR,DRY,DAYLIGHT,NO CONTROLS,N/A,,FF475D53-8D84-446A-94E5-A61098BEB546,No,NO APPARENT INJURY,N/A,NOT DISTRACTED,MD,E96025D0-2D0D-46CC-A602-DA033CB594B6,DISABLING,ELEVEN OCLOCK,PASSENGER CAR,MOVING CONSTANT SPEED,West,40,No,No,2002,CHEV,VN,39.02295129,-77.01686382,"(39.02295129, -77.01686382)"
MCP3020004N,190062916,Montgomery County Police,Property Damage Crash,12/31/2019 02:00:00 PM,Maryland (State),NORBECK RD,MUNCASTER MILL RD,,N/A,,SAME DIR REAR END,CLEAR,DRY,DAYLIGHT,TRAFFIC SIGNAL,NONE DETECTED,,0B4BF7F3-E595-438A-A743-487724C3768C,Yes,NO APPARENT INJURY,N/A,NOT DISTRACTED,MD,B1C6D7DC-2DC2-4217-97A7-5089008685CE,FUNCTIONAL,SIX OCLOCK,PASSENGER CAR,CHANGING LANES,East,45,No,No,2015,TOYOTA,RAV4,39.10831071,-77.08125349,"(39.10831071, -77.08125349)"
EJ7839001T,16067027,Gaithersburg Police Depar,Injury Crash,12/29/2016 08:06:00 PM,County,MUDDY BRANCH RD,W DIAMOND AVE,,N/A,,HEAD ON LEFT TURN,CLEAR,DRY,DARK LIGHTS ON,TRAFFIC SIGNAL,NONE DETECTED,,99C583BF-F588-43BA-948B-D312CDE0AA9D,No,NO APPARENT INJURY,N/A,NOT DISTRACTED,MD,96017AC9-F3EF-4864-B6FE-E470DC8AED9A,DISABLING,ELEVEN OCLOCK,(SPORT) UTILITY VEHICLE,MOVING CONSTANT SPEED,South,30,No,No,2004,TOYOTA,HIGHLANDER,39.14016333,-77.20499,"(39.14016333, -77.20499)"
MCP30400080,250022174,MONTGOMERY,Property Damage Crash,05/19/2025 03:45:00 PM,County Route,MORNINGWOOD DR,,,,,Single Vehicle,Clear,Dry,Daylight,No Controls,"Not Suspect of Alcohol Use, Not Suspect of Drug Use",,B66C2EC0-6B4A-499C-8292-0B878B2E8BF8,Yes,No Apparent Injury,Other Improper Action,Not Distracted,MD,ACE06DFB-DD71-46DA-8C82-67738168C561,Superficial,Twelve O Clock,Bus - School,Accelerating,Eastbound,30,No,No,2023,FREIGHTLINER,B2 106 ELECTRIC CONVENTIONAL CHASSIS,39.15241497,-77.07988937,"(39.15241497, -77.07988937)"
EJ78790013,200035683,Gaithersburg Police Depar,Property Damage Crash,09/11/2020 06:30:00 PM,,,,PARKING LOT OF DUVALL LANE,,,STRAIGHT MOVEMENT ANGLE,CLEAR,,DAYLIGHT,NO CONTROLS,UNKNOWN,,D25EAC05-E943-4BB6-9AB8-8A31CC7287D0,Yes,NO APPARENT INJURY,N/A,NOT DISTRACTED,,B91A33A3-10AB-4FB7-90A5-990BC2F870C5,UNKNOWN,UNKNOWN,PASSENGER CAR,ACCELERATING,Unknown,15,No,No,2012,CHRYSLER,TOWN AND COUNTRY,39.12931953,-77.20289317,"(39.12931953, -77.20289317)"
MCP2702000R,15018193,Montgomery County Police,Property Damage Crash,04/18/2015 03:54:00 PM,County,FENTON ST,WAYNE AVE,,N/A,,SAME DIRECTION SIDESWIPE,CLEAR,DRY,DAYLIGHT,TRAFFIC SIGNAL,NONE DETECTED,,8A898703-8965-41A6-8FFB-C62AE5A52F3A,Yes,NO APPARENT INJURY,N/A,NOT DISTRACTED,MD,71C8CC5F-D2BA-4EBF-A17A-8C51744188C6,SUPERFICIAL,FOUR OCLOCK,PASSENGER CAR,STARTING FROM LANE,West,35,No,No,2010,DODGE,AVENGER,38.994915,-77.02420167,"(38.994915, -77.02420167)"
MCP24360016,16005059,Montgomery County Police,Property Damage Crash,01/31/2016 09:52:00 AM,County,RUATAN ST,11TH AVE,,N/A,,STRAIGHT MOVEMENT ANGLE,CLEAR,WET,DAYLIGHT,STOP SIGN,NONE DETECTED,,C0C14AC9-4ECF-4E64-97E9-C05130F6DC21,Yes,NO APPARENT INJURY,"N/A, V EXHAUST SYSTEM|R OTHER ROAD",UNKNOWN,MD,C22F5BF3-F02A-45BD-98AC-9D9D2154668F,SUPERFICIAL,SEVEN OCLOCK,PICKUP TRUCK,MAKING LEFT TURN,East,25,No,No,2005,TOYOTA,TACOMA,38.99704333,-76.990485,"(38.99704333, -76.990485)"
MCP27990068,210035166,Montgomery County Police,Property Damage Crash,09/07/2021 06:20:00 PM,Maryland (State),NEW HAMPSHIRE AVE,STONEGATE DR,,N/A,,STRAIGHT MOVEMENT ANGLE,CLEAR,DRY,DAYLIGHT,NO CONTROLS,NONE DETECTED,,9D67DC06-C900-4917-8C70-6AB51E9A96BD,No,NO APPARENT INJURY,N/A,NOT DISTRACTED,MD,76BDE5BB-0A93-437B-B386-9F2D98338AD5,FUNCTIONAL,TWELVE OCLOCK,PASSENGER CAR,MOVING CONSTANT SPEED,South,45,No,No,2011,TOYT,TK,39.10003833,-77.00376833,"(39.10003833, -77.00376833)"
MCP304800BR,230063380,Montgomery County Police,Property Damage Crash,10/30/2023 12:00:00 PM,Maryland (State),ROCKVILLE PIKE,POOKS HILL RD,,N/A,,OPPOSITE DIR BOTH LEFT TURN,CLEAR,DRY,DAYLIGHT,TRAFFIC SIGNAL,N/A,,E8D8E6E7-076E-40C0-B215-07FC4A659C74,No,NO APPARENT INJURY,N/A,NOT DISTRACTED,MD,0C3D2A74-5B8C-42AD-9E05-3612305F4253,FUNCTIONAL,FOUR OCLOCK,PASSENGER CAR,MAKING LEFT TURN,North,25,No,No,2015,TOYOTA,RAV4,39.01473467,-77.09977217,"(39.01473467, -77.09977217)"
MCP22490007,16031054,Montgomery County Police,Injury Crash,06/19/2016 05:56:00 PM,Maryland (State),GEORGIA AVE,ARCOLA AVE,,N/A,,SINGLE VEHICLE,CLEAR,DRY,DAYLIGHT,TRAFFIC SIGNAL,NONE DETECTED,,6621DEA7-34B1-4E25-A2A8-769D2965FF25,No,SUSPECTED MINOR INJURY,N/A,UNKNOWN,MD,5E1A1DE7-DD1E-4730-9906-04C68335C15A,FUNCTIONAL,TWO OCLOCK,MOTORCYCLE,CHANGING LANES,North,35,No,No,2003,HONDA,RESPOL,39.04731167,-77.05196167,"(39.04731167, -77.05196167)"
MCP2874000R,15042849,MONTGOMERY,Property Damage Crash,08/26/2015 04:38:00 PM,Maryland (State),GEORGIA AVE,UNIVERSITY BLVD W,,N/A,,SAME DIRECTION RIGHT TURN,CLEAR,DRY,DAYLIGHT,TRAFFIC SIGNAL,NONE DETECTED,,34F4CFA1-EB58-44D9-ABD7-8E7FCBDA6593,No,NO APPARENT INJURY,N/A,NOT DISTRACTED,MD,BC6BDD42-0CA4-4653-82DB-C23098ED0072,FUNCTIONAL,FOUR OCLOCK,PASSENGER CAR,MAKING RIGHT TURN,South,35,No,No,2012,HONDA,ACCORD,39.04157667,-77.05322667,"(39.04157667, -77.05322667)"
MCP9301002G,180027445,Montgomery County Police,Property Damage Crash,06/04/2018 01:30:00 PM,Interstate (State),EISENHOWER MEMORIAL HWY,RAMP 6 FR MD 117 EB TO IS 270 SB,,N/A,,SAME DIR REAR END,N/A,DRY,DAYLIGHT,NO CONTROLS,N/A,,6CCD82F7-D766-4BC8-94F2-10B58CAA8EF0,No,NO APPARENT INJURY,N/A,NOT DISTRACTED,MD,98DEF709-BEAD-40D4-9BDC-EF80DD0FD600,SUPERFICIAL,SIX OCLOCK,PASSENGER CAR,SLOWING OR STOPPING,East,15,No,No,2007,HONDA,4D,39.13832833,-77.2121,"(39.13832833, -77.2121)"
MCP2108000T,190042261,Montgomery County Police,Property Damage Crash,09/03/2019 10:20:00 PM,County,SHADY GROVE RD,FREDERICK RD,,N/A,,SINGLE VEHICLE,CLEAR,DRY,DARK LIGHTS ON,TRAFFIC SIGNAL,ALCOHOL PRESENT,,B236DAEB-2068-488D-9C24-26E527F8B8A8,Yes,NO APPARENT INJURY,N/A,NOT DISTRACTED,MD,9303D9B0-EFDA-466D-9622-511D2C0DDA8A,DISABLING,TWELVE OCLOCK,PASSENGER CAR,MOVING CONSTANT SPEED,East,40,No,No,2015,HOND,CIVIC,39.12279833,-77.177185,"(39.12279833, -77.177185)"
MCP3294002P,240057244,MONTGOMERY,Property Damage Crash,11/29/2024 07:00:00 PM,County Route,MONTGOMERY VILLAGE AVE (SB/L),,,,,"Sideswipe, Same Direction",Clear,Dry,Dark - Lighted,No Controls,"Not Suspect of Alcohol Use, Not Suspect of Drug Use",,76EC439B-640F-403F-9F19-1A801861BD16,No,No Apparent Injury,,Not Distracted,MT,D4E5085A-0855-402C-82DF-0244899D0B40,Disabling,Nine O Clock,Sport Utility Vehicle,Moving Constant Speed,Northbound,35,No,No,2023,JEEP,GRAND CHEROKEE,39.16582233,-77.204961,"(39.16582233, -77.204961)"
MCP26350029,15030878,Montgomery County Police,Property Damage Crash,06/24/2015 06:59:00 PM,,,,18100 Village Center Dr,,,OTHER,CLEAR,,DAYLIGHT,NO CONTROLS,N/A,,A28E5A9B-0E35-4CDA-9BB3-7CEAD8D9BA4E,Yes,NO APPARENT INJURY,N/A,UNKNOWN,MD,302DA937-A725-4F4D-8D33-EBAED3BF9C3C,SUPERFICIAL,SIX OCLOCK,OTHER,BACKING,Unknown,5,No,No,2010,HONDA,ODYSSEY,39.15267167,-77.06169833,"(39.15267167, -77.06169833)"
MCP2546001Z,16053220,Montgomery County Police,Injury Crash,10/16/2016 04:16:00 PM,County,RANDOLPH RD,DEWEY RD,,N/A,BICYCLIST,SINGLE VEHICLE,N/A,DRY,DAYLIGHT,TRAFFIC SIGNAL,NONE DETECTED,N/A,DEDCADF9-4904-4927-A713-EC615581D76B,Yes,NO APPARENT INJURY,N/A,NOT DISTRACTED,WA,637D9499-BAA7-436D-AAC0-039CB2F97871,SUPERFICIAL,TWELVE OCLOCK,PASSENGER CAR,STARTING FROM LANE,East,45,No,No,2014,MERZ,C63,39.05328167,-77.08922333,"(39.05328167, -77.08922333)"
MCP2582003L,200036678,Montgomery County Police,Property Damage Crash,09/18/2020 09:16:00 PM,Maryland (State),ASHTON RD,NEW HAMPSHIRE AVE,,N/A,,SINGLE VEHICLE,CLEAR,DRY,DARK LIGHTS ON,NO CONTROLS,NONE DETECTED,,26E46F3A-0CD2-4F08-BF38-8D05CC00D70A,Yes,NO APPARENT INJURY,N/A,UNKNOWN,MD,D148F188-3018-4A8D-B0CA-05D5957BD4B9,DISABLING,UNDERSIDE,PASSENGER CAR,MOVING CONSTANT SPEED,East,35,No,No,2013,FIAT,500,39.1494915,-77.012086,"(39.1494915, -77.012086)"
MCP2844006P,230048806,Montgomery County Police,Property Damage Crash,08/10/2023 07:00:00 PM,Maryland (State),NEW HAMPSHIRE AVE,HAWLINGS RD,,N/A,,OTHER,CLEAR,DRY,DAYLIGHT,NO CONTROLS,NONE DETECTED,,F6453C22-CB58-4EE3-BCC5-02FF2E3FF6D6,No,NO APPARENT INJURY,N/A,NOT DISTRACTED,XX,55D26214-9EFE-4850-9140-E517FCBE759F,DISABLING,TWELVE OCLOCK,PASSENGER CAR,MOVING CONSTANT SPEED,North,30,No,No,2013,HONDA,ACCORD,39.20026,-77.02541933,"(39.20026, -77.02541933)"
DD5583002G,170506792,Rockville Police Departme,Property Damage Crash,05/09/2017 10:59:00 AM,Maryland (State),ROCKVILLE PIKE,CHURCH ST,,ROCKVILLE,,SAME DIRECTION RIGHT TURN,CLEAR,DRY,DAYLIGHT,N/A,NONE DETECTED,,377E0A89-82B1-4F4F-A0EA-D7ABFFC2EED9,No,NO APPARENT INJURY,N/A,NOT DISTRACTED,MD,0EBBFEAF-49FD-4FED-B15E-6B9DFDAA23E7,DISABLING,EIGHT OCLOCK,PASSENGER CAR,STARTING FROM LANE,North,40,No,No,2017,TOYOTA,CAMERY,39.08404247,-77.14718364,"(39.08404247, -77.14718364)"
MCP93110038,210023462,Montgomery County Police,Property Damage Crash,06/19/2021 08:15:00 AM,County,SEVEN LOCKS RD,DEMOCRACY BLVD,,N/A,,OTHER,CLOUDY,DRY,DAYLIGHT,TRAFFIC SIGNAL,UNKNOWN,,A9BFBD30-E00D-40C2-8F13-0E641B749D26,Yes,NO APPARENT INJURY,N/A,NOT DISTRACTED,,09A0514A-C37A-4BC4-80C3-F1C0B9E052CD,FUNCTIONAL,SIX OCLOCK,PASSENGER CAR,MOVING CONSTANT SPEED,East,35,No,No,2014,HONDA,SEDAN,39.02350167,-77.16222333,"(39.02350167, -77.16222333)"
MCP2944000H,15025792,Montgomery County Police,Property Damage Crash,05/28/2015 08:07:00 PM,Maryland (State),RIVER RD,RIDGEFIELD RD,,N/A,,HEAD ON LEFT TURN,CLEAR,N/A,DAYLIGHT,TRAFFIC SIGNAL,NONE DETECTED,,4F955A73-DDC7-4252-82DF-B376334534E6,No,NO APPARENT INJURY,N/A,NOT DISTRACTED,MD,E6EBBA6E-A78F-49C8-8B09-B5D82680C493,FUNCTIONAL,ELEVEN OCLOCK,PASSENGER CAR,MOVING CONSTANT SPEED,South,35,No,No,2013,FORD,FUSION,38.96637457,-77.10596681,"(38.96637457, -77.10596681)"
MCP2832003M,170548974,Montgomery County Police,Property Damage Crash,12/16/2017 03:39:00 PM,Maryland (State),ROCKVILLE PIKE,OLD GEORGETOWN RD,,N/A,,SAME DIR REAR END,CLEAR,DRY,DAYLIGHT,TRAFFIC SIGNAL,NONE DETECTED,,4E4F037B-4E66-4179-B6F4-6DFE780AE653,Yes,NO APPARENT INJURY,N/A,UNKNOWN,MD,4218CDA1-F3FB-4020-8040-7FF9B3CCD54F,FUNCTIONAL,TWELVE OCLOCK,PASSENGER CAR,SLOWING OR STOPPING,North,40,No,No,2012,TOYT,CAMRY,39.04906,-77.11385833,"(39.04906, -77.11385833)"
MCP2717002K,15047097,MONTGOMERY,Property Damage Crash,09/17/2015 01:15:00 PM,Maryland (State),ROCKVILLE PIKE,EXECUTIVE BLVD,,N/A,,SAME DIR REAR END,CLEAR,DRY,DAYLIGHT,NO CONTROLS,NONE DETECTED,,E7E9C666-879A-4918-BA98-BDD9BFA350D5,No,NO APPARENT INJURY,N/A,NOT DISTRACTED,MD,A98FFE38-6E81-43C6-81C8-E71143C9159B,SUPERFICIAL,SIX OCLOCK,PASSENGER CAR,SLOWING OR STOPPING,South,40,No,No,2015,CHRYSLER,SEBRING,39.105055,-76.950335,"(39.105055, -76.950335)"
MCP2588001H,16017111,Montgomery County Police,Property Damage Crash,04/08/2016 09:10:00 AM,County,BEL PRE RD,LAYHILL RD,,N/A,,SAME DIRECTION LEFT TURN,CLEAR,DRY,DAYLIGHT,N/A,NONE DETECTED,,289A6406-F5B4-42D7-8CD0-4F29D663E0CD,Yes,NO APPARENT INJURY,N/A,NOT DISTRACTED,MD,8400A3AB-A5BC-4FC6-AA5A-B3D0BA70CDB3,DISABLING,ELEVEN OCLOCK,PASSENGER CAR,CHANGING LANES,East,35,No,No,2012,FORD,FUSION,39.09054833,-77.045535,"(39.09054833, -77.045535)"
MCP3051008F,250021001,MONTGOMERY,Injury Crash,05/12/2025 09:16:00 PM,County Route,BALTIMORE AVE,RIVER RD,,,,Other,Clear,Wet,Dark - Lighted,No Controls,"Not Suspect of Alcohol Use, Not Suspect of Drug Use",,8604A2BF-94A8-410F-BEC1-80742521C082,No,No Apparent Injury,,Not Distracted,DC,05B7A1E2-0C6F-40E2-860B-ED4ACF521690,Functional,Twelve O Clock,Passenger Car,Moving Constant Speed,,35,No,No,2024,HONDA,ACCORD,38.95993633,-77.09632699,"(38.95993633, -77.09632699)"
MCP2353005B,180024067,Montgomery County Police,Injury Crash,05/16/2018 02:42:00 PM,Maryland (State),RIVER RD,EXIT FR NORWOOD SCHOOL,,N/A,,SAME DIR REAR END,RAINING,WET,DAYLIGHT,NO CONTROLS,NONE DETECTED,,963BAD20-1870-48D6-9CED-3DF3768ED6D7,Yes,NO APPARENT INJURY,"RAIN, SNOW, WET",UNKNOWN,MD,51605B54-7D76-411E-8271-00033AB6DD42,SUPERFICIAL,TWELVE OCLOCK,PASSENGER CAR,SLOWING OR STOPPING,West,35,No,No,2016,JEEP,GRAND CHEROKEE,39.00182,-77.17945667,"(39.00182, -77.17945667)"
MCP9318003M,250006235,MONTGOMERY,Property Damage Crash,02/10/2025 08:30:00 AM,,,,"Parking Stall        PARKING LOT OF 1408 HAMPSHIRE WEST CT, SILVER SPRING, MD",,,"Sideswipe, Same Direction",Cloudy,,Daylight,,"Unknown, Unknown",,AC893576-BA32-4F21-B959-0933A5F37DE4,No,,,,,D1A76391-E307-45B9-860D-10DC57C0F5FF,Vehicle Not at Scene,Vehicle Not at Scene,Pickup,Accelerating,Not On Roadway,0,No,No,2013,TOYOTA,TUNDRA,39.00839739,-76.98364837,"(39.00839739, -76.98364837)"
MCP24750014,16033384,Montgomery County Police,Property Damage Crash,07/01/2016 07:50:00 PM,Maryland (State),NEW HAMPSHIRE AVE,OVERLOOK DR,,N/A,,OTHER,CLEAR,DRY,DAYLIGHT,NO CONTROLS,N/A,,70E8FA2D-65F4-44FC-8FC9-87975B391EED,Yes,NO APPARENT INJURY,N/A,NOT DISTRACTED,MD,40745DC0-FFB8-442C-AD4B-423DD095043F,FUNCTIONAL,ELEVEN OCLOCK,(SPORT) UTILITY VEHICLE,MOVING CONSTANT SPEED,South,40,No,No,2007,FORD,EXPLORER,39.024295,-76.97928333,"(39.024295, -76.97928333)"
MCP2983004Y,250023504,MONTGOMERY,Property Damage Crash,05/22/2025 05:20:00 AM,Maryland (State) Route,OLD HUNDRED RD,,,,,Single Vehicle,Rain,Wet,Dark - Not Lighted,No Controls,"Not Suspect of Alcohol Use, Not Suspect of Drug Use",,CF238389-2B61-4C2F-9081-C6DB77E9CD41,No,No Apparent Injury,,Not Distracted,MD,7BA986F9-4771-4FA6-963C-03BB8C18E6E8,Superficial,Ten O Clock,Passenger Car,Slowing or Stopping,Westbound,40,No,No,2018,FORD,TAURUS,39.2802395,-77.3184277,"(39.2802395, -77.3184277)"
DM8338000Y,170540342,Takoma Park Police Depart,Injury Crash,11/01/2017 11:12:00 PM,Maryland (State),CARROLL AVE,PARK AVE,,TAKOMA PARK,OTHER,SINGLE VEHICLE,CLEAR,DRY,DARK LIGHTS ON,NO CONTROLS,ALCOHOL PRESENT,N/A,8D37B31F-93EE-43DF-AF92-A16BE9914A6E,Yes,SUSPECTED SERIOUS INJURY,N/A,OTHER DISTRACTION,MD,9EC05E37-A6FB-45D1-BEF4-A07C2D536CE0,DESTROYED,FOUR OCLOCK,PASSENGER CAR,SKIDDING,East,25,No,No,1998,LEXUS,ES300,38.97597119,-77.0089674,"(38.97597119, -77.0089674)"
MCP31370020,240039057,MONTGOMERY,Property Damage Crash,08/18/2024 07:00:00 PM,County Route,BRIGGS CHANEY RD (WB/L),INTERCOUNTY CONNECTOR (WB/L),,,,Angle,Clear,Dry,Daylight,Traffic Control Signal,"Not Suspect of Alcohol Use, Not Suspect of Drug Use",,06CF8938-BB22-40FF-A4CB-549531FD683C,Yes,No Apparent Injury,,"Other Action (looking away from task, etc.)",MD,7D8FD43D-D366-4032-AC02-3E39284B0343,Disabling,Eight O Clock,Passenger Car,Turning Left,,25,No,No,2018,NISSAN,VERSA,39.07393207,-76.93935165,"(39.07393207, -76.93935165)"
EJ7836000D,16057046,Gaithersburg Police Depar,Property Damage Crash,11/05/2016 03:00:00 AM,Municipality,W DEER PARK RD,BUTTRY RD,,GAITHERSBURG,,STRAIGHT MOVEMENT ANGLE,CLEAR,DRY,DARK LIGHTS ON,STOP SIGN,NONE DETECTED,,FC6D201F-59F3-4E6C-9993-52CA3B0F72F6,Yes,NO APPARENT INJURY,N/A,NOT DISTRACTED,MD,B5E90C05-D638-4C50-A289-0413D62AEE9F,DISABLING,ONE OCLOCK,PASSENGER CAR,MOVING CONSTANT SPEED,East,25,No,No,2013,NISSAN,ALTIMA,39.13415833,-77.20409,"(39.13415833, -77.20409)"
MCP30000041,220045292,Montgomery County Police,Property Damage Crash,10/15/2022 09:48:00 PM,Maryland (State),GERMANTOWN RD,AIRCRAFT DR,,N/A,,SAME DIR REAR END,CLEAR,DRY,DARK LIGHTS ON,TRAFFIC SIGNAL,NONE DETECTED,,D8B31D59-60B6-48EE-AE6D-0429135B430E,Yes,NO APPARENT INJURY,N/A,NOT DISTRACTED,MD,471B1CBB-84C4-4FA4-8826-3EA1EE633133,SUPERFICIAL,TWELVE OCLOCK,PASSENGER CAR,SLOWING OR STOPPING,South,40,No,No,2007,TOYOTA,AVALON,39.18237667,-77.260215,"(39.18237667, -77.260215)"
MCP2844003X,190030726,Montgomery County Police,Property Damage Crash,06/27/2019 07:30:00 PM,County,RANDOLPH RD,BUSHEY DR,,N/A,,SAME DIRECTION RIGHT TURN,CLEAR,DRY,DAYLIGHT,NO CONTROLS,ALCOHOL PRESENT,,522921DA-D606-4D47-992B-A80FB7B8E13D,Yes,NO APPARENT INJURY,N/A,OTHER DISTRACTION,MD,14C73221-3E1F-4F88-A9DB-BF87518B5393,FUNCTIONAL,TWO OCLOCK,PASSENGER CAR,CHANGING LANES,East,35,No,No,2018,LEXUS,NX300,39.05745804,-77.07824421,"(39.05745804, -77.07824421)"
MCP30780006,170529719,Montgomery County Police,Injury Crash,09/10/2017 01:53:00 PM,Maryland (State),MUNCASTER MILL RD,SYCAMORE LA,,N/A,,SAME DIRECTION LEFT TURN,CLEAR,DRY,DAYLIGHT,N/A,NONE DETECTED,,7AF0E9EC-802D-473A-ACFE-869ABEDD06D7,Yes,NO APPARENT INJURY,N/A,NOT DISTRACTED,MD,6EEF8829-5AC6-4E42-8301-96A337D7308D,SUPERFICIAL,FOUR OCLOCK,(SPORT) UTILITY VEHICLE,ACCELERATING,West,40,No,No,2009,JEEP,UT,39.11319679,-77.09250212,"(39.11319679, -77.09250212)"
MCP34030011,240033069,MONTGOMERY,Property Damage Crash,07/13/2024 11:00:00 AM,,,,Parking Stall        SECOND FLOOR,,,Angle,Rain,,Daylight,,"Unknown, Unknown",,AED11928-3A7F-4E7D-8900-F01989520459,No,No Apparent Injury,"Operated Motor Vehicle in Inattentive, Careless, Negligent, or Erratic Manner",Unknown,,87283E3C-93C0-48F2-993E-617D179CB2D1,Superficial,Eleven O Clock,Pickup,Turning Left,Not On Roadway,0,No,No,1985,CHEVROLET,UNKNOWN,38.99527616,-77.02553949,"(38.99527616, -77.02553949)"
MCP285900GV,240027912,MONTGOMERY,Property Damage Crash,06/12/2024 08:40:00 AM,Interstate (State),NO NAME,,,,,Front to Rear,Clear,Dry,Daylight,No Controls,"Not Suspect of Alcohol Use, Not Suspect of Drug Use",,714E3BC9-169C-4EFF-B115-9BA1F52D2D85,Yes,No Apparent Injury,Too Fast For Conditions,Unknown,MD,35789F04-5570-48A5-9179-52B38A2F61FF,Disabling,Twelve O Clock,Passenger Car,Moving Constant Speed,Eastbound,55,No,No,2013,HONDA,CIVIC,39.12111933,-77.18625567,"(39.12111933, -77.18625567)"
MCP15950009,15015759,Montgomery County Police,Injury Crash,04/05/2015 09:55:00 PM,Maryland (State),UNIVERSITY BLVD W,CADDINGTON AVE,,N/A,,SAME DIR REAR END,CLEAR,DRY,DARK LIGHTS ON,TRAFFIC SIGNAL,NONE DETECTED,,863915CF-436D-4173-9227-686BD803709E,No,NO APPARENT INJURY,N/A,NOT DISTRACTED,MD,9B56050F-3C93-4B9B-873A-C0AB14E488E7,FUNCTIONAL,SIX OCLOCK,PASSENGER CAR,STOPPED IN TRAFFIC LANE,West,40,No,No,2009,HONDA,ACCORD,39.03332781,-77.02354789,"(39.03332781, -77.02354789)"
MCP2800005K,220042899,Montgomery County Police,Property Damage Crash,10/02/2022 12:01:00 AM,County,RANDOLPH RD,PARKLAWN DR,,N/A,,SAME DIR BOTH LEFT TURN,RAINING,WET,DARK LIGHTS ON,NO CONTROLS,NONE DETECTED,,A732041A-FA73-4C65-8161-6F7602244F60,No,NO APPARENT INJURY,"SLEET, HAIL, FREEZ. RAIN, WET",NOT DISTRACTED,MD,A5680130-AAC9-4FF0-BAFF-93F9E28859B5,SUPERFICIAL,ELEVEN OCLOCK,PASSENGER CAR,MAKING LEFT TURN,West,35,No,No,2016,TOYT,SD,39.053345,-77.10773167,"(39.053345, -77.10773167)"
MCP30840012,180002421,Montgomery County Police,Property Damage Crash,01/16/2018 07:47:00 AM,County,DEMOCRACY BLVD,BELLS MILL RD,,N/A,,OPPOSITE DIRECTION SIDESWIPE,CLEAR,DRY,DAYLIGHT,NO CONTROLS,NONE DETECTED,,321C77D2-6623-4E1D-8157-A1662E4E6A4A,No,NO APPARENT INJURY,N/A,NOT DISTRACTED,MD,3380E51D-E016-4590-9B86-1220CEF9406A,DISABLING,ONE OCLOCK,PASSENGER CAR,MOVING CONSTANT SPEED,East,40,No,No,2015,HONDA,ACCORD,39.02322967,-77.13048,"(39.02322967, -77.13048)"