Report Number,Local Case Number,Agency Name,ACRS Report Type,Crash Date/Time,Route Type,Road Name,Cross-Street Name,Off-Road Description,Municipality,Related Non-Motorist,Collision Type,Weather,Surface Condition,Light,Traffic Control,Driver Substance Abuse,Non-Motorist Substance Abuse,Person ID,Driver At Fault,Injury Severity,Circumstance,Driver Distracted By,Drivers License State,Vehicle ID,Vehicle Damage Extent,Vehicle First Impact Location,Vehicle Body Type,Vehicle Movement,Vehicle Going Dir,Speed Limit,Driverless Vehicle,Parked Vehicle,Vehicle Year,Vehicle Make,Vehicle Model,Latitude,Longitude,Location
MCP219800DV,230061483,Montgomery County Police,Injury Crash,10/19/2023 04:40:00 PM,Maryland (State),CLOPPER RD,GAME PRESERVE RD,,N/A,,SAME DIR REAR END,N/A,DRY,DAYLIGHT,N/A,N/A,,E777A4FA-E1CC-4C1C-A5AB-E3F656CAEDB2,No,NO APPARENT INJURY,N/A,NOT DISTRACTED,MD,3C3AB8BB-00CD-44C2-A982-3B1F90EC3A7F,FUNCTIONAL,SIX OCLOCK,PASSENGER CAR,SLOWING OR STOPPING,North,35,No,No,2019,FORD,PK,39.14948333,-77.24180667,"(39.14948333, -77.24180667)"
MCP209400NJ,240023104,MONTGOMERY,Injury Crash,05/16/2024 11:05:00 AM,County Route,BEECH AVE,OLD GEORGETOWN RD,,,,Angle,Clear,Dry,Daylight,Traffic Control Signal,"Not Suspect of Alcohol Use, Not Suspect of Drug Use",,93FFE0AB-325A-492B-BE8D-B23FF29A7163,No,No Apparent Injury,,Not Distracted,MD,7DBBEE62-9FB9-4776-ADAE-B3FED53A2ECD,Disabling,Eleven O Clock,Passenger Car,Moving Constant Speed,Northbound,35,No,No,2009,TOYOTA,COROLLA,39.01019833,-77.11460167,"(39.01019833, -77.11460167)"
MCP3330002R,250010456,MONTGOMERY,Injury Crash,03/10/2025 12:22:00 PM,County Route,WINDHAM LA,GEORGIA AVE (SB/L) METRORAIL TRACK B2 RAIL,,,,Front to Rear,Clear,Dry,Daylight,Traffic Control Signal,"Not Suspect of Alcohol Use, Not Suspect of Drug Use",,FE6010A0-1DB2-41F2-93D0-24B3DD40B1D0,No,No Apparent Injury,,Not Distracted,MD,0F15033E-7FD8-4758-8CCC-2DC4A5C55741,Functional,Six O Clock,Passenger Car,Slowing or Stopping,,35,No,No,2016,HONDA,ACCORD,39.03172867,-77.04829283,"(39.03172867, -77.04829283)"
MCP15630080,220043425,Montgomery County Police,Property Damage Crash,10/05/2022 07:52:00 AM,Maryland (State),CONNECTICUT AVE,THORNAPPLE ST,,CHEVY CHASE #5,,SAME DIRECTION SIDESWIPE,RAINING,WET,DAYLIGHT,NO CONTROLS,UNKNOWN,,B023BBA5-C212-49B2-8339-D608281E835B,Yes,NO APPARENT INJURY,"N/A, RUTS, HOLES, BUMPS",NOT DISTRACTED,MD,B96F74B8-D52E-4792-AFE4-76D036DEC24E,SUPERFICIAL,TEN OCLOCK,TRANSIT BUS,CHANGING LANES,South,30,No,No,2012,GILL,BUS,38.982585,-77.07736667,"(38.982585, -77.07736667)"
MCP30570029,200009923,Montgomery County Police,Property Damage Crash,02/28/2020 02:05:00 PM,County,MIDDLEBROOK RD,LOCBURY DR,,N/A,,STRAIGHT MOVEMENT ANGLE,CLEAR,N/A,DAYLIGHT,N/A,NONE DETECTED,,FCF32991-1CCA-4EDB-9F26-8C0A11649D96,No,NO APPARENT INJURY,N/A,NOT DISTRACTED,MD,9DE14001-36FE-4BEA-A358-B0A57AEDAF77,SUPERFICIAL,SEVEN OCLOCK,PASSENGER CAR,MOVING CONSTANT SPEED,West,25,No,No,2012,NISS,ROGUE,39.181804,-77.26971167,"(39.181804, -77.26971167)"
MCP3048001R,170532830,Montgomery County Police,Injury Crash,09/24/2017 12:41:00 PM,Maryland (State),RIVER RD,BRADLEY BLVD,,N/A,,SAME DIR REAR END,CLEAR,DRY,DAYLIGHT,NO CONTROLS,NONE DETECTED,,34EC3768-3380-44D5-9C5A-B3E422568C23,No,POSSIBLE INJURY,N/A,NOT DISTRACTED,MD,D87CC1AE-DA50-48F3-83CC-433C22B435EB,FUNCTIONAL,SIX OCLOCK,PASSENGER CAR,MOVING CONSTANT SPEED,East,30,No,No,2016,LEXUS,4DR,39.00433,-77.18625833,"(39.00433, -77.18625833)"
MCP30260078,220000369,Montgomery County Police,Injury Crash,01/04/2022 09:51:00 AM,Maryland (State),CONNECTICUT AVE,BRADLEY LA,,N/A,,ANGLE MEETS LEFT TURN,SNOW,WET,DAYLIGHT,TRAFFIC SIGNAL,NONE DETECTED,,06740F0D-7993-421B-83BF-BC2F897BDDD6,No,POSSIBLE INJURY,"ICY OR SNOW-COVERED, RAIN, SNOW",NOT DISTRACTED,DC,7743623B-CAA8-4D2C-A9B7-8E62D6BE6367,DISABLING,TWELVE OCLOCK,PASSENGER CAR,MOVING CONSTANT SPEED,North,35,No,No,2016,HONDA,HRV,38.97695667,-77.07706833,"(38.97695667, -77.07706833)"
MCP2456002J,180004192,Montgomery County Police,Property Damage Crash,01/25/2018 07:51:00 AM,US (State),COLESVILLE RD,ENT TO SHOPPING CENTER,,N/A,,SAME DIRECTION SIDESWIPE,CLEAR,DRY,DAYLIGHT,NO CONTROLS,NONE DETECTED,,7C114CC0-BA3F-4DAF-92B9-5DDE418DA150,No,NO APPARENT INJURY,N/A,NOT DISTRACTED,MD,6C127F2F-DA4D-4DA3-A7F6-3C24E746B955,FUNCTIONAL,FOUR OCLOCK,PICKUP TRUCK,MAKING RIGHT TURN,West,15,No,No,2014,RAM,TK,39.02058817,-77.01201117,"(39.02058817, -77.01201117)"
MCP15650043,210021667,Montgomery County Police,Injury Crash,06/07/2021 04:46:00 PM,,,,"PARKING LOT OF 13490 NEW HAMPSHIRE AVE, GIANT FOODS",,PEDESTRIAN,OTHER,CLEAR,,DAYLIGHT,NO CONTROLS,NONE DETECTED,NONE DETECTED,2BD9BC97-CA55-4AC7-BB53-80B38902F79D,Yes,NO APPARENT INJURY,N/A,LOOKED BUT DID NOT SEE,MD,FB575E6C-A16E-4DCB-84AB-9247A5507E2F,NO DAMAGE,SIX OCLOCK,VAN,BACKING,Unknown,5,No,No,2007,CHRYSLER,TOWN AND COUNTRY,39.07677167,-77.00365167,"(39.07677167, -77.00365167)"
MCP31050009,180009914,Montgomery County Police,Property Damage Crash,02/26/2018 01:20:00 PM,Maryland (State),GERMANTOWN RD,MIDDLEBROOK RD,,N/A,,SAME DIR REAR END,CLEAR,DRY,DAYLIGHT,TRAFFIC SIGNAL,NONE DETECTED,,57225FEF-0809-40BA-987F-AB63E199F84C,No,NO APPARENT INJURY,N/A,NOT DISTRACTED,MD,87627D2B-888A-40B7-9051-31C6636327B2,SUPERFICIAL,SIX OCLOCK,VAN,STOPPED IN TRAFFIC LANE,South,45,No,No,2016,CHRYSLER,TOWN AND COUNTRY,39.17899735,-77.2672762,"(39.17899735, -77.2672762)"
MCP28980058,240046903,MONTGOMERY,Property Damage Crash,10/01/2024 05:38:00 PM,County Route,,SENECA MEADOWS PKWY SENECA MEADOWS PKWY (SB/L),,,,Front to Rear,Rain,Wet,Daylight,Traffic Control Signal,"Not Suspect of Alcohol Use, Not Suspect of Drug Use",,061F8786-5E40-48F6-A479-BD678308BC4A,Yes,No Apparent Injury,,Not Distracted,MD,3210B29D-511F-425F-879A-73E11F60A380,Disabling,Twelve O Clock,Sport Utility Vehicle,Slowing or Stopping,,40,No,No,2021,NISSAN,ROGUE,39.18849654,-77.25161687,"(39.18849654, -77.25161687)"
MCP3402000M,240007737,MONTGOMERY,Injury Crash,02/16/2024 06:49:00 PM,US (State),COLUMBIA PIKE,,,,,Other,Clear,Dry,Dark - Lighted,No Controls,"Not Suspect of Alcohol Use, Not Suspect of Drug Use",,ECBBC5C1-8A84-43EE-BA25-068665B52E1E,No,No Apparent Injury,,Not Distracted,MD,74A84C4E-00FE-4541-9A2C-FAAF1446B0F9,Disabling,Twelve O Clock,Passenger Car,Stopped in Traffic,Northbound,40,No,No,2005,GMC,ENVOY,39.03107892,-77.0047776,"(39.03107892, -77.0047776)"
MCP3262003C,230054276,Montgomery County Police,Property Damage Crash,09/11/2023 04:38:00 PM,Maryland (State),OLD COLUMBIA PIKE,SPUR FR OLD COLUMBIA PIKE,,N/A,,STRAIGHT MOVEMENT ANGLE,CLEAR,DRY,DAYLIGHT,NO CONTROLS,NONE DETECTED,,0C5BFB54-889F-419A-9F20-CBA7E22AB8CB,Yes,NO APPARENT INJURY,N/A,LOOKED BUT DID NOT SEE,MD,9CB40530-9C46-49E0-A3C3-A71C70129F5C,DISABLING,THREE OCLOCK,PASSENGER CAR,ACCELERATING,West,35,No,No,2012,ACUR,SD,39.10726083,-76.93753717,"(39.10726083, -76.93753717)"
MCP3391001X,250015890,MONTGOMERY,Injury Crash,04/11/2025 09:30:00 PM,,,,Parking Aisle        PARKING LOT,,Pedestrian,Single Vehicle,Rain,,Dark - Lighted,,"Not Suspect of Alcohol Use, Not Suspect of Drug Use","Not Suspect of Alcohol Use, Not Suspect of Drug Use",85B352B4-F5B4-4348-9D9F-BB7C057F7799,Yes,No Apparent Injury,,Unknown,MD,CBEB0C75-5D03-4060-9D31-ED623DDA018A,Superficial,Twelve O Clock,Pickup,Moving Constant Speed,Northbound,0,No,No,2019,CHEVROLET,SILVERADO,39.03946517,-77.05712517,"(39.03946517, -77.05712517)"
MCP22760002,240031129,MONTGOMERY,Property Damage Crash,07/01/2024 10:07:00 PM,,,,Parking Stall        PARKING LOT,,,Front to Front,Clear,,Dark - Lighted,,"Not Suspect of Alcohol Use, Not Suspect of Drug Use",,1E67156B-E623-47EF-A99D-1412A513F1BA,No,No Apparent Injury,,Not Distracted,MD,C01953B6-C9D0-4D9E-9A81-F528A1CDD208,Superficial,Twelve O Clock,Pickup,Moving Constant Speed,Northbound,0,No,No,2013,DODGE,RAM,38.99887407,-77.04212416,"(38.99887407, -77.04212416)"
MCP15950024,220048326,Montgomery County Police,Property Damage Crash,11/02/2022 11:40:00 PM,County,HICKERSON DR,GEORGIA AVE,,N/A,,SAME DIR REAR END,CLEAR,DRY,DARK LIGHTS ON,NO CONTROLS,NONE DETECTED,,261802B7-44CD-48E2-BC13-B6C55431E4A1,No,NO APPARENT INJURY,N/A,NOT DISTRACTED,MD,C0D9D22F-CF1D-4582-B9D6-3363D0D451D6,SUPERFICIAL,SIX OCLOCK,PASSENGER CAR,PARKED,,10,No,Yes,2018,TOYOTA,4S,39.04227334,-77.05163495,"(39.04227334, -77.05163495)"
MCP3053008L,250018783,MONTGOMERY,Injury Crash,04/29/2025 07:40:00 PM,County Route,LAMBERTON DR,,,,,Single Vehicle,Clear,Dry,Daylight,No Controls,"Not Suspect of Alcohol Use, Not Suspect of Drug Use",,25C32E31-D116-4CC3-8652-FE17BEBFFB84,No,Possible Injury,Ran Off Roadway,Not Distracted,MD,1C753927-7F1A-4523-AAA8-83D9B65A2557,Disabling,Twelve O Clock,Passenger Car,,Unknown,20,No,No,2024,KIA,SPORTAGE,39.04645785,-77.01113534,"(39.04645785, -77.01113534)"
MCP31800013,200001140,Montgomery County Police,Property Damage Crash,01/07/2020 04:22:00 PM,County,BOWIE MILL RD,THORNHURST DR,,N/A,,SAME DIR REAR END,SNOW,SNOW,DAYLIGHT,NO CONTROLS,NONE DETECTED,,3E28425C-EAA4-4CF6-8DCF-CCC046AC1869,No,NO APPARENT INJURY,"ICY OR SNOW-COVERED, RAIN, SNOW",NOT DISTRACTED,MD,929CCEDE-69E8-418E-ACC6-2943FDFE4DD2,DESTROYED,SIX OCLOCK,PASSENGER CAR,STOPPED IN TRAFFIC LANE,South,35,No,No,2007,HOND,CRV,39.15728833,-77.08882333,"(39.15728833, -77.08882333)"
MCP2771002C,230035230,Montgomery County Police,Property Damage Crash,07/24/2023 12:39:00 PM,,,,"PARKING LOT IN FRONT OF KOREAN KORNER: 12207 VEIRS MILL ROAD, SILVER SPRING, MD",,,STRAIGHT MOVEMENT ANGLE,CLOUDY,,DAYLIGHT,NO CONTROLS,N/A,,EA107CAA-FE07-4FE9-A31F-A80D7542DFFD,No,NO APPARENT INJURY,"N/A, PHYSICAL OBSTRUCTION(S)",NOT DISTRACTED,VA,1800E461-CD18-4139-A9EF-39BE8F377ECE,SUPERFICIAL,ELEVEN OCLOCK,PASSENGER CAR,MOVING CONSTANT SPEED,West,5,No,No,2021,FORD,EXPLORER,39.056865,-77.08291333,"(39.056865, -77.08291333)"
MCP3299004S,250028675,MONTGOMERY,Injury Crash,06/27/2025 01:11:00 PM,Maryland (State) Route,OLNEY SANDY SPRING RD,GEORGIA AVE,,,,Front to Front,Clear,Dry,Daylight,Traffic Control Signal,"Not Suspect of Alcohol Use, Not Suspect of Drug Use",,07F1D50E-C04C-4165-A396-49F8A784C501,Yes,Possible Injury,Failed to Yield Right-of-Way,Not Distracted,MD,77A4D805-3182-47AF-89F7-6523E15749E6,Functional,Twelve O Clock,Passenger Car,Turning Left,Eastbound,30,No,No,2016,MAZDA,CX-5,39.1530573,-77.0667265,"(39.1530573, -77.0667265)"
MCP2916000W,15042048,MONTGOMERY,Injury Crash,08/22/2015 09:48:00 AM,County,MUSGROVE RD,OLD COLUMBIA PIKE,,N/A,,STRAIGHT MOVEMENT ANGLE,CLEAR,DRY,DAYLIGHT,STOP SIGN,NONE DETECTED,,03599B58-9780-47AC-BB62-3C56F0AC9CA6,Yes,NO APPARENT INJURY,N/A,LOOKED BUT DID NOT SEE,VA,ABF23EE0-2FD1-4BD6-8AE0-B914832071E1,DISABLING,ONE OCLOCK,"CARGO VAN/LIGHT TRUCK 2 AXLES (OVER 10,000LBS (4,536 KG))",ACCELERATING,West,25,No,No,2006,FORD,E250,39.06826333,-76.96258,"(39.06826333, -76.96258)"
MCP31370021,240045425,MONTGOMERY,Property Damage Crash,09/23/2024 05:14:00 PM,County Route,RIDING STABLE RD,SANDY SPRING RD,,,,Angle,Rain,Wet,Daylight,No Controls,"Not Suspect of Alcohol Use, Not Suspect of Drug Use",,F96716EE-ACD3-4E46-9E78-478949847AE2,No,No Apparent Injury,,Not Distracted,MD,F78C75C2-F65B-40BD-B673-E10EDF9CDCED,Functional,Twelve O Clock,Passenger Car,Moving Constant Speed,Eastbound,55,No,No,2011,MERCEDES-BENZ,ML-CLASS,39.10550035,-76.91075746,"(39.10550035, -76.91075746)"
MCP1213003Y,180035374,Montgomery County Police,Injury Crash,07/17/2018 04:50:00 PM,County,BONIFANT RD,MARINE DR,,N/A,,SAME DIR REAR END,CLEAR,WET,DAYLIGHT,NO CONTROLS,NONE DETECTED,,268FF6DD-B5FD-4DCA-B560-F6B9D244FB98,No,NO APPARENT INJURY,"N/A, WET",NOT DISTRACTED,MD,63D5538F-9545-4152-9AE0-833CDD2FFA71,DISABLING,SIX OCLOCK,PASSENGER CAR,STOPPED IN TRAFFIC LANE,East,35,No,No,2005,HOND,2S,39.09299833,-77.009955,"(39.09299833, -77.009955)"
MCP2902004W,21001185,Montgomery County Police,Injury Crash,03/30/2021 02:35:00 PM,County,GUNNERS BRANCH RD,FREDERICK RD,,N/A,PEDESTRIAN,OTHER,CLEAR,DRY,DAYLIGHT,TRAFFIC SIGNAL,N/A,N/A,E0341F9F-52D2-434A-B805-517DB6D8DB84,Yes,NO APPARENT INJURY,N/A,UNKNOWN,MD,029FF60C-232C-4854-9E2D-719CEEC138EF,SUPERFICIAL,TEN OCLOCK,PASSENGER CAR,MOVING CONSTANT SPEED,North,45,No,No,2013,CHEV,4S,39.17904333,-77.237975,"(39.17904333, -77.237975)"
MCP2919001C,16016742,Montgomery County Police,Property Damage Crash,04/06/2016 09:40:00 AM,Maryland (State),GEORGIA AVE,FOREST GLEN RD,,N/A,,SAME DIR REAR END,N/A,DRY,DAYLIGHT,N/A,NONE DETECTED,,19C315A9-C71E-4F3D-8596-8E3C1292B7F8,No,NO APPARENT INJURY,N/A,NOT DISTRACTED,MD,3E0A74DE-7DD3-43C8-84D6-3590AA5A52FA,SUPERFICIAL,SIX OCLOCK,PASSENGER CAR,SLOWING OR STOPPING,South,35,No,No,2014,CHEVROLET,4S,39.01741833,-77.043385,"(39.01741833, -77.043385)"
MCP0936002M,170539995,Montgomery County Police,Property Damage Crash,10/31/2017 02:23:00 PM,Maryland (State),CONNECTICUT AVE,CULVER ST,,N/A,,SAME DIR REAR END,CLEAR,DRY,DAYLIGHT,NO CONTROLS,NONE DETECTED,,4EB47B28-3274-4DFE-9C67-C7B55E3D1A9D,Yes,NO APPARENT INJURY,N/A,NOT DISTRACTED,MD,B183AD0C-CF04-4330-BA2A-75C38E75E66A,FUNCTIONAL,TWELVE OCLOCK,PASSENGER CAR,MOVING CONSTANT SPEED,South,35,No,No,2012,TOYT,COROLLA,39.00935532,-77.08092839,"(39.00935532, -77.08092839)"
MCP913000BT,210030887,Montgomery County Police,Injury Crash,08/09/2021 05:49:00 AM,Maryland (State),UNIVERSITY BLVD E,PINEY BRANCH RD,,N/A,,SAME DIR REAR END,CLOUDY,DRY,DARK LIGHTS ON,TRAFFIC SIGNAL,NONE DETECTED,,79910759-8F13-4DE3-8939-D98966FF6855,No,SUSPECTED MINOR INJURY,N/A,NOT DISTRACTED,MD,6FC01313-6E09-43A9-A64C-FFE7B1E2BD47,FUNCTIONAL,SIX OCLOCK,PICKUP TRUCK,STOPPED IN TRAFFIC LANE,West,40,No,No,2020,TOYOTA,TACOMA,38.99920333,-76.99516833,"(38.99920333, -76.99516833)"
DD5646002K,230005792,Rockville Police Departme,Property Damage Crash,02/04/2023 07:13:00 PM,Maryland (State),ROCKVILLE PIKE,HALPINE RD,,ROCKVILLE,,STRAIGHT MOVEMENT ANGLE,CLEAR,DRY,DARK LIGHTS ON,NO CONTROLS,NONE DETECTED,,EA0AF57D-9BC3-4957-87EF-9B8814B9B575,Yes,NO APPARENT INJURY,N/A,UNKNOWN,MD,9CE3B55E-DB76-4D24-BD35-B6BBB81726FE,DISABLING,ELEVEN OCLOCK,PASSENGER CAR,MAKING LEFT TURN,East,35,No,No,2019,KIA,SD,39.06498266,-77.12672251,"(39.06498266, -77.12672251)"
DD5575001W,200041478,Rockville Police Departme,Injury Crash,10/20/2020 11:23:00 PM,Municipality,VEIRS MILL SERV RD,CLAGETT DR,,ROCKVILLE,OTHER,OTHER,CLEAR,DRY,DARK LIGHTS ON,NO CONTROLS,UNKNOWN,NONE DETECTED,93ACBF29-A0B8-43BE-9251-0A8BD2BAE59A,Yes,NO APPARENT INJURY,N/A,UNKNOWN,,FA722C8E-1BB9-4CB8-A683-7C8637FB3BFB,UNKNOWN,UNKNOWN,,ACCELERATING,North,25,No,No,0,UNKNOWN,UNKNOWN,39.08361,-77.15354167,"(39.08361, -77.15354167)"
DD56060042,16063802,Rockville Police Departme,Property Damage Crash,12/12/2016 05:45:00 PM,Maryland (State),VEIRS MILL RD,ROCKVILLE PIKE,,N/A,,SAME DIR REAR END,CLEAR,DRY,DARK LIGHTS ON,YIELD SIGN,NONE DETECTED,,EF6DD8CE-5872-461B-9363-899C90DE4827,Yes,NO APPARENT INJURY,N/A,LOOKED BUT DID NOT SEE,MD,C12CC222-97AE-4444-98C7-5888A2E2AD6C,FUNCTIONAL,TWELVE OCLOCK,PASSENGER CAR,ACCELERATING,East,30,No,No,2004,CHEV,SUV,39.07987,-77.14445833,"(39.07987, -77.14445833)"
MCP30330028,190001945,Montgomery County Police,Property Damage Crash,01/12/2019 02:27:00 PM,,,,PARKING LOT TO THE REAR OF 3221 AUTOMOBILE BLVD,,,OTHER,CLEAR,,DAYLIGHT,NO CONTROLS,UNKNOWN,,78EBA542-02AC-4F33-A099-6C02076967C7,Yes,NO APPARENT INJURY,N/A,UNKNOWN,MD,A7905FEC-BC0C-419E-8352-7141578291B3,SUPERFICIAL,SIX OCLOCK,PASSENGER CAR,BACKING,East,15,No,No,2000,BUICK,LESABRE,38.82048723,-77.1404795,"(38.82048723, -77.1404795)"
MCP1170001N,170502131,Montgomery County Police,Property Damage Crash,04/14/2017 03:28:00 PM,US (State),COLUMBIA PIKE,GREENCASTLE RD,,N/A,,SAME DIR REAR END,N/A,DRY,DAYLIGHT,TRAFFIC SIGNAL,NONE DETECTED,,A63ED293-51C9-441F-81EC-EF3E1053DA9D,No,NO APPARENT INJURY,N/A,NOT DISTRACTED,MD,7F6960F3-7091-4109-B764-A4901E84929A,SUPERFICIAL,SIX OCLOCK,PASSENGER CAR,MOVING CONSTANT SPEED,North,45,No,No,2010,HONDA,VAN,39.045935,-76.99005333,"(39.045935, -76.99005333)"
MCP30400024,180021573,Montgomery County Police,Injury Crash,05/02/2018 06:30:00 PM,Maryland (State),GEORGIA AVE,RAMP 1 FR MD 97 NB TO RP 8 (TO MD200 WB),,N/A,,SAME DIR REAR END,CLEAR,DRY,DAYLIGHT,N/A,N/A,,5EAF63A4-CC7C-4F8B-A498-56D6B0163FFF,Yes,POSSIBLE INJURY,N/A,LOOKED BUT DID NOT SEE,MD,38FD08DA-D115-4565-81A9-15C8B566618C,SUPERFICIAL,TWO OCLOCK,MOTORCYCLE,CHANGING LANES,North,40,No,No,2015,HONDA,MC,39.12130833,-77.07377833,"(39.12130833, -77.07377833)"
MCP137800VP,200047359,Montgomery County Police,Property Damage Crash,12/01/2020 03:13:00 PM,County,MIDCOUNTY HWY,WOODFIELD RD,,N/A,,SAME DIR REAR END,CLOUDY,DRY,DAYLIGHT,TRAFFIC SIGNAL,UNKNOWN,,C9A58B74-1CDE-4DAC-B10C-273D2D52E537,Yes,NO APPARENT INJURY,N/A,UNKNOWN,,B81B5656-20A8-44FD-B5F4-30DC50BF4956,FUNCTIONAL,TWELVE OCLOCK,(SPORT) UTILITY VEHICLE,SLOWING OR STOPPING,North,45,No,No,2004,LINCOLN,NAVIGATOR,39.150475,-77.17395667,"(39.150475, -77.17395667)"
DD56470026,220034286,Rockville Police Departme,Property Damage Crash,08/09/2022 10:34:00 PM,,,,1100 ROCKVILLE PIKE - PARKING LOT,,,OTHER,CLEAR,,DARK LIGHTS ON,NO CONTROLS,UNKNOWN,,A5A0A482-6A11-4769-AA4B-919477F7C369,Yes,NO APPARENT INJURY,N/A,UNKNOWN,MD,F111146A-5337-4FFC-B273-4F07ACC1EC98,FUNCTIONAL,SIX OCLOCK,PASSENGER CAR,BACKING,South,5,No,No,2011,TOYOTA,CAMRY,39.07187,-77.132282,"(39.07187, -77.132282)"
MCP2952005B,170549698,Montgomery County Police,Property Damage Crash,12/20/2017 11:19:00 AM,US (State),COLESVILLE RD,DALE DR,,N/A,,SAME DIR BOTH LEFT TURN,CLEAR,DRY,DAYLIGHT,TRAFFIC SIGNAL,NONE DETECTED,,12632325-708A-48E6-9C9F-ABEB170A5E8C,Yes,NO APPARENT INJURY,N/A,NOT DISTRACTED,DC,D4F397DE-34F3-497E-9142-3C0DE72DF661,FUNCTIONAL,TWO OCLOCK,PASSENGER CAR,MAKING LEFT TURN,South,35,No,No,2017,NISSAN,ALTIMA,39.00525351,-77.02285051,"(39.00525351, -77.02285051)"
DD5653004J,250008047,ROCKVILLE,Property Damage Crash,02/23/2025 09:41:00 PM,County Route,DARNESTOWN RD,,,,,Single Vehicle,Clear,Dry,Dark - Lighted,No Controls,"Not Suspect of Alcohol Use, Not Suspect of Drug Use",,10FC1A5B-9114-4E76-9C8F-71C5D8159AEC,No,No Apparent Injury,,Unknown,MD,C48515D7-7DE1-47E1-AA7D-3D0F52FDCFEF,Disabling,Twelve O Clock,Passenger Car,Negotiating a Curve,Eastbound,40,No,No,2014,HONDA,CIVIC,39.09095348,-77.18730664,"(39.09095348, -77.18730664)"
MCP28120056,190033334,Montgomery County Police,Property Damage Crash,07/13/2019 03:39:00 PM,Ramp,RAMP 6 FR IS 495 EB TO MD 193 SB,UNIVERSITY BLVD E,,N/A,,SAME DIR REAR END,CLEAR,DRY,DAYLIGHT,YIELD SIGN,N/A,,A942F84D-1168-4C36-8715-372BDE660E93,Yes,NO APPARENT INJURY,N/A,NOT DISTRACTED,VA,E1CFDD95-0C03-4517-9DE2-D479FBF2C0D0,SUPERFICIAL,TWELVE OCLOCK,PASSENGER CAR,ENTERING TRAFFIC LANE,East,35,No,No,2014,HONDA,ODYSSEY,39.01414685,-77.00429139,"(39.01414685, -77.00429139)"
MCP1438000S,15049339,MONTGOMERY,Property Damage Crash,09/29/2015 12:12:00 PM,Municipality,KENTLANDS BLVD,GREAT SENECA HWY,,N/A,,SAME DIRECTION RIGHT TURN,CLOUDY,DRY,DAYLIGHT,TRAFFIC SIGNAL,NONE DETECTED,,137B8103-A06F-495D-AABD-BC52F33D2BD5,No,NO APPARENT INJURY,"N/A, ROAD UNDER CONSTRUCTION/MAINTENANCE",NOT DISTRACTED,MD,ECD104D2-16A6-430C-9111-CDB13552C90D,SUPERFICIAL,FOUR OCLOCK,TRANSIT BUS,MAKING RIGHT TURN,North,25,No,No,1999,ORIN,BUS,39.12356333,-77.23219,"(39.12356333, -77.23219)"
MCP1595000J,16053281,Montgomery County Police,Injury Crash,10/17/2016 04:52:00 AM,Maryland (State),UNIVERSITY BLVD W,DAYTON ST,,N/A,,SAME DIR REND RIGHT TURN,CLEAR,DRY,DARK NO LIGHTS,NO CONTROLS,N/A,,076BC364-B43B-4D70-87CD-330CC2D6C26B,No,POSSIBLE INJURY,N/A,NOT DISTRACTED,MD,C8540B30-494B-4608-85CD-4C043CF01AE8,DISABLING,SIX OCLOCK,POLICE VEHICLE/EMERGENCY,MAKING RIGHT TURN,East,40,No,No,2009,CHEVROLET,IMPALA,39.03878737,-77.04171851,"(39.03878737, -77.04171851)"
MCP32000084,230019898,Montgomery County Police,Property Damage Crash,04/26/2023 09:29:00 AM,Interstate (State),CAPITAL BELTWAY,BEGIN BRIDGE IN VIRGINIA,,N/A,,SAME DIR REAR END,CLOUDY,DRY,DAYLIGHT,NO CONTROLS,NONE DETECTED,,90352C5C-0DC1-4DA1-B5D8-8DEAC78AF7E4,No,NO APPARENT INJURY,"BACKUP DUE TO REGULAR CONGESTION, N/A",NOT DISTRACTED,FL,2258A134-1974-42BD-A57A-CED9D24EF8E8,FUNCTIONAL,SIX OCLOCK,PASSENGER CAR,STOPPED IN TRAFFIC LANE,South,55,No,No,2017,HONDA,CIVIC,38.97231683,-77.179076,"(38.97231683, -77.179076)"
MCP20080012,15021995,Montgomery County Police,Injury Crash,05/08/2015 06:02:00 PM,Maryland (State),OLD GEORGETOWN RD,DEMOCRACY BLVD,,N/A,,SAME DIR REAR END,CLEAR,DRY,DAYLIGHT,TRAFFIC SIGNAL,NONE DETECTED,,5CDA5177-BD05-4694-8049-94C5625E7C82,No,SUSPECTED MINOR INJURY,N/A,NOT DISTRACTED,MD,8408503D-26D2-48F3-88B3-ADB3446E0F17,SUPERFICIAL,SIX OCLOCK,PASSENGER CAR,STOPPED IN TRAFFIC LANE,North,40,No,No,2006,LEXUS,RX,39.02424333,-77.12485,"(39.02424333, -77.12485)"
MCP242500CS,180052866,Montgomery County Police,Property Damage Crash,10/22/2018 11:59:00 AM,US (State),COLUMBIA PIKE,FAIRLAND RD,,N/A,,STRAIGHT MOVEMENT ANGLE,CLEAR,DRY,DAYLIGHT,TRAFFIC SIGNAL,NONE DETECTED,,78991063-AFE9-452D-8E1D-5035E33D68E1,Yes,NO APPARENT INJURY,N/A,OTHER ELECTRONIC DEVICE (NAVIGATIONAL PALM PILOT),DC,E3C3A267-94B2-4475-8361-931D97C54A51,DISABLING,TEN OCLOCK,PASSENGER CAR,MOVING CONSTANT SPEED,North,50,No,No,2018,NISSAN,TK,39.072905,-76.95559333,"(39.072905, -76.95559333)"