Report Number,Local Case Number,Agency Name,ACRS Report Type,Crash Date/Time,Route Type,Road Name,Cross-Street Name,Off-Road Description,Municipality,Related Non-Motorist,Collision Type,Weather,Surface Condition,Light,Traffic Control,Driver Substance Abuse,Non-Motorist Substance Abuse,Person ID,Driver At Fault,Injury Severity,Circumstance,Driver Distracted By,Drivers License State,Vehicle ID,Vehicle Damage Extent,Vehicle First Impact Location,Vehicle Body Type,Vehicle Movement,Vehicle Going Dir,Speed Limit,Driverless Vehicle,Parked Vehicle,Vehicle Year,Vehicle Make,Vehicle Model,Latitude,Longitude,Location
MCP32890032,240006984,MONTGOMERY,Property Damage Crash,02/12/2024 01:22:00 PM,US (State),GEORGIA AVE,,,,,"Sideswipe, Same Direction",Cloudy,Dry,Daylight,No Controls,"Not Suspect of Alcohol Use, Not Suspect of Drug Use",,60D07F8E-4507-493C-B9CA-1AB71F3CB65E,No,No Apparent Injury,,Not Distracted,DC,50FF7E43-554D-452C-8847-D0D805E09B71,Disabling,Eight O Clock,Passenger Car,Moving Constant Speed,Northbound,30,No,No,2016,TOYOTA,COROLLA,38.9911325,-77.02648383,"(38.9911325, -77.02648383)"
MCP3040000B,17008816,Montgomery County Police,Injury Crash,02/18/2017 07:26:00 AM,County,RANDOLPH RD,GOODHILL RD,,N/A,,STRAIGHT MOVEMENT ANGLE,CLEAR,DRY,DAWN,TRAFFIC SIGNAL,NONE DETECTED,,F031DE26-2484-4B2C-B66F-19C531C95792,Yes,SUSPECTED MINOR INJURY,N/A,LOOKED BUT DID NOT SEE,MD,3610E965-6DB1-4D63-9E67-BF20A1EEA633,N/A,ONE OCLOCK,PASSENGER CAR,ACCELERATING,North,35,No,No,2010,HYUNDAI,TUCSON,39.058675,-77.071075,"(39.058675, -77.071075)"
MCP2437005B,230057365,Montgomery County Police,Injury Crash,09/28/2023 06:31:00 PM,Maryland (State),FREDERICK RD,REDLAND RD,,N/A,BICYCLIST,SAME DIRECTION RIGHT TURN,CLOUDY,DRY,DAYLIGHT,TRAFFIC SIGNAL,UNKNOWN,NONE DETECTED,5F9552E5-B6C8-4CF9-B404-3A6CAC1690AE,Yes,NO APPARENT INJURY,N/A,UNKNOWN,,85E98664-9509-43E5-AEA1-2200B03F60E8,UNKNOWN,TWELVE OCLOCK,,MAKING RIGHT TURN,North,40,No,No,0,UNKNOWN,UNKNOWN,39.11570264,-77.16608486,"(39.11570264, -77.16608486)"
MCP2514000R,15013207,Montgomery County Police,Property Damage Crash,03/20/2015 08:18:00 PM,County,LOCKWOOD DR,MEADOWHILL RD,,N/A,,SAME DIR REAR END,CLEAR,DRY,DARK LIGHTS ON,OTHER,UNKNOWN,,44CD0220-B1DC-496B-B46D-C6F0174594C2,Yes,NO APPARENT INJURY,N/A,UNKNOWN,,C7CA784F-2A1A-4705-ACFA-7B6E9188AA8E,UNKNOWN,TWELVE OCLOCK,(SPORT) UTILITY VEHICLE,MOVING CONSTANT SPEED,South,35,No,No,0,TOYOTA,SUV,39.04835833,-76.99143333,"(39.04835833, -76.99143333)"
MCP913000GB,230049372,Montgomery County Police,Property Damage Crash,08/14/2023 11:18:00 AM,Maryland (State),UNIVERSITY BLVD E,RAMP 1 FR MD 193 NB TO IS 495 WB,,N/A,,SAME DIR REAR END,CLOUDY,DRY,DAYLIGHT,TRAFFIC SIGNAL,NONE DETECTED,,018D1C37-96AE-4B39-AA88-D13DBE1CA73A,No,NO APPARENT INJURY,N/A,NOT DISTRACTED,MD,3EE9D118-8F92-4DA5-B290-F38A5236B7F2,FUNCTIONAL,SIX OCLOCK,PASSENGER CAR,STOPPED IN TRAFFIC LANE,West,35,No,No,2004,HONDA,CIVIC,39.01513333,-77.004755,"(39.01513333, -77.004755)"
MCP2971001Z,16057822,Montgomery County Police,Property Damage Crash,11/09/2016 03:05:00 PM,County,GREENCASTLE RD,WEXHALL DR,,N/A,,STRAIGHT MOVEMENT ANGLE,RAINING,WET,DAYLIGHT,STOP SIGN,NONE DETECTED,,0702683E-5C1E-4037-848F-ED871B5F672C,Yes,NO APPARENT INJURY,"SLEET, HAIL, FREEZ. RAIN, WET",LOOKED BUT DID NOT SEE,MD,F722664D-9177-4BE2-9674-D16894A5B964,SUPERFICIAL,TWELVE OCLOCK,SCHOOL BUS,ACCELERATING,North,30,No,No,2008,THOMAS,CONV MSDE C 8,39.09428095,-76.9348526,"(39.09428095, -76.9348526)"
MCP2946001W,16051455,Montgomery County Police,Injury Crash,10/06/2016 06:55:00 PM,Maryland (State),FREDERICK RD,BOLAND FARM RD,,N/A,,HEAD ON LEFT TURN,CLEAR,DRY,DUSK,N/A,NONE DETECTED,,CE9B69BA-2881-46EF-A62A-F0D0113B7F67,Yes,POSSIBLE INJURY,"N/A, VISION OBSTRUCTION (INCL. BLINDED BY SUN)",LOOKED BUT DID NOT SEE,MD,042DD7A8-2DC7-472A-A6B4-B4CFF36626FE,DISABLING,TWELVE OCLOCK,(SPORT) UTILITY VEHICLE,MAKING LEFT TURN,South,45,No,No,2015,TOYOTA,RAV4,39.19657667,-77.24437833,"(39.19657667, -77.24437833)"
MCP2962003T,190017991,Montgomery County Police,Property Damage Crash,04/17/2019 02:09:00 PM,Maryland (State),BARNESVILLE RD,SPUR FR MD 117 TO MD 117,,N/A,,OPPOSITE DIRECTION SIDESWIPE,CLEAR,DRY,DAYLIGHT,NO CONTROLS,NONE DETECTED,,10E72616-6E74-4440-AFA8-3828953DF15D,No,NO APPARENT INJURY,N/A,NOT DISTRACTED,MD,D542A2DB-591F-49D8-BAFB-5F0D0246E75A,DISABLING,SEVEN OCLOCK,PASSENGER CAR,MOVING CONSTANT SPEED,West,30,No,No,2012,HYUNDAI,SONATA,39.18538,-77.315005,"(39.18538, -77.315005)"
MCP29650035,180022755,Montgomery County Police,Injury Crash,05/09/2018 08:10:00 AM,Maryland (State),LAYHILL RD,RAMP 5 FR MD182 SB TO RP 4 (TO MD200 EB),,N/A,,HEAD ON LEFT TURN,CLEAR,DRY,DAYLIGHT,TRAFFIC SIGNAL,NONE DETECTED,,13ACED4E-129D-4AFA-B9E1-BD0994D0B279,Yes,POSSIBLE INJURY,N/A,NOT DISTRACTED,VA,ECDD0A67-A94A-4DEC-881A-028C21BCC3E7,DISABLING,FOUR OCLOCK,PASSENGER CAR,STARTING FROM LANE,East,35,No,No,2014,JEEP,SUV,39.09912167,-77.04248833,"(39.09912167, -77.04248833)"
MCP2398002P,190021244,Montgomery County Police,Property Damage Crash,05/06/2019 08:33:00 AM,County,SNOUFFERS SCHOOL RD,FLOWER HILL WAY,,N/A,,OPPOSITE DIRECTION SIDESWIPE,CLOUDY,DRY,DAYLIGHT,NO CONTROLS,NONE DETECTED,,14385724-7D19-4BD0-83F2-C30855DED998,No,NO APPARENT INJURY,N/A,NOT DISTRACTED,DC,B1F3FAAF-0A31-4666-99C7-906B3C7FCDB6,SUPERFICIAL,TEN OCLOCK,PICKUP TRUCK,SLOWING OR STOPPING,North,40,No,No,2016,FORD,SUPER DUTY,39.16730333,-77.17324667,"(39.16730333, -77.17324667)"
MCP291400BH,210036904,Montgomery County Police,Property Damage Crash,09/19/2021 12:15:00 AM,County,FLOWER AVE,FRANKLIN AVE,,N/A,,OTHER,CLEAR,N/A,DARK LIGHTS ON,NO CONTROLS,ALCOHOL PRESENT,,291789AE-E051-46C7-A15B-0B4BCE1FCAB8,Yes,NO APPARENT INJURY,N/A,NOT DISTRACTED,MD,D75649D5-5AAC-4C4C-9D86-FD9C9C5E8682,DISABLING,TWELVE OCLOCK,PASSENGER CAR,MOVING CONSTANT SPEED,North,25,No,No,2008,INFINITI,G35X,39.01075167,-77.008235,"(39.01075167, -77.008235)"
DD5653000M,210052933,Rockville Police Departme,Property Damage Crash,12/28/2021 02:28:00 PM,Municipality,FALLSGROVE DR,OAK KNOLL DR,,ROCKVILLE,,SAME DIRECTION LEFT TURN,CLOUDY,DRY,DAYLIGHT,NO CONTROLS,N/A,,FA617DB8-9A98-4439-8EFD-B372C6B714E0,Yes,NO APPARENT INJURY,N/A,LOOKED BUT DID NOT SEE,MD,818F01DB-BA36-492D-B708-E941136C0084,SUPERFICIAL,ELEVEN OCLOCK,OTHER,CHANGING LANES,North,25,No,No,2000,USPS,TRUCK,39.09673822,-77.19160376,"(39.09673822, -77.19160376)"
MCP3269002Z,240006762,MONTGOMERY,Property Damage Crash,02/10/2024 10:54:00 PM,County Route,ASTON MANOR DR,,,,,Single Vehicle,Clear,Dry,Dark - Lighted,No Controls,"Not Suspect of Alcohol Use, Not Suspect of Drug Use",,9CB7B14E-7458-4C62-9AD3-57EAB4869ABD,Yes,No Apparent Injury,"Operated Motor Vehicle in Inattentive, Careless, Negligent, or Erratic Manner",Not Distracted,,977732D3-7EB7-4D6B-868A-8E75223A25A8,Disabling,One O Clock,Van - Passenger (&lt;9 Seats),Moving Constant Speed,Southbound,25,No,No,2019,TOYOTA,SIENNA,39.08185164,-76.93621958,"(39.08185164, -76.93621958)"
MCP20080019,15054048,MONTGOMERY,Injury Crash,10/24/2015 05:28:00 PM,Maryland (State),ROCKVILLE PIKE,TUCKERMAN LA,,N/A,,SAME DIR REAR END,CLEAR,DRY,DARK LIGHTS ON,TRAFFIC SIGNAL,NONE DETECTED,,741174E3-6D44-46BC-A28B-76DC19DAFC68,Yes,NO APPARENT INJURY,N/A,BY OTHER OCCUPANTS,VA,E43869A8-5599-4BF2-AE83-B3B090BAD4C8,DISABLING,TWELVE OCLOCK,(SPORT) UTILITY VEHICLE,MOVING CONSTANT SPEED,South,45,No,No,2005,TOYOT,HIGHLANDER,39.02436825,-77.10318804,"(39.02436825, -77.10318804)"
MCP2846004L,180052631,Montgomery County Police,Property Damage Crash,10/20/2018 07:47:00 PM,,,,11135 NEWPORT MILL RD (ALBERT EINSTEIN HIGH SCHOOL PARKING LOT),,,OPPOSITE DIRECTION SIDESWIPE,CLEAR,,DARK LIGHTS ON,NO CONTROLS,NONE DETECTED,,E180997A-8675-42D8-A9E0-95AD80E0BD32,Yes,NO APPARENT INJURY,N/A,INATTENTIVE OR LOST IN THOUGHT,MD,92B919F5-21B7-47E7-B60E-9F264D42414B,DISABLING,TWELVE OCLOCK,PASSENGER CAR,ACCELERATING,South,15,No,No,2018,TOYT,SUV,39.038635,-77.06849333,"(39.038635, -77.06849333)"
MCP2940002B,180012823,Montgomery County Police,Injury Crash,03/14/2018 12:40:00 PM,Interstate (State),NO NAME,IS 270 HOV LA,,N/A,,SAME DIR REAR END,CLOUDY,DRY,DAYLIGHT,NO CONTROLS,NONE DETECTED,,AA05126B-D2C9-4C2B-BB22-36A0E4F16B29,No,POSSIBLE INJURY,"BACKUP DUE TO PRIOR CRASH, N/A",NOT DISTRACTED,MD,69EA71CF-31D9-4B8F-B025-33DC49B29B62,FUNCTIONAL,SIX OCLOCK,STATION WAGON,SLOWING OR STOPPING,South,55,No,No,2007,FORD,TK,39.04147333,-77.14749833,"(39.04147333, -77.14749833)"
MCP2357002D,170523306,Montgomery County Police,Property Damage Crash,08/06/2017 08:15:00 AM,Maryland (State),16TH ST,EAST WEST HWY,,N/A,,SAME DIRECTION SIDESWIPE,CLEAR,DRY,DAYLIGHT,NO CONTROLS,UNKNOWN,,50269774-8A09-4AB3-BBD6-9349A66AD064,Yes,NO APPARENT INJURY,N/A,UNKNOWN,,5539F95C-BE75-479A-ADDF-E73D77252789,SUPERFICIAL,ELEVEN OCLOCK,PICKUP TRUCK,MOVING CONSTANT SPEED,South,35,No,No,1997,TOYOTA,T100,38.99216833,-77.03684833,"(38.99216833, -77.03684833)"
MCP2651001X,180007056,Montgomery County Police,Property Damage Crash,02/10/2018 02:00:00 PM,,,,PARKING LOT OF 400 BROWNING AVE,,,OTHER,RAINING,,DAYLIGHT,N/A,N/A,,E768377A-F9DC-4754-84FD-FCFF316EEB5D,No,NO APPARENT INJURY,N/A,NOT DISTRACTED,MD,025C3FDB-946D-4087-828E-522C8805C817,SUPERFICIAL,FIVE OCLOCK,PASSENGER CAR,PARKING,South,0,No,No,2010,TOYOTA,4D,38.99603167,-77.0018,"(38.99603167, -77.0018)"
MCP32320021,210023557,Montgomery County Police,Property Damage Crash,06/19/2021 10:58:00 PM,County,E RANDOLPH RD,FAIRLAND RD,,N/A,,SINGLE VEHICLE,CLEAR,DRY,DARK LIGHTS ON,TRAFFIC SIGNAL,NONE DETECTED,,788F89D8-4F21-4739-B5C3-3D8513B7030D,Yes,NO APPARENT INJURY,"N/A, RUTS, HOLES, BUMPS",NOT DISTRACTED,MD,2E0BB9DA-4C01-4D92-A401-3EA3A8FAC74B,DISABLING,ELEVEN OCLOCK,(SPORT) UTILITY VEHICLE,MOVING CONSTANT SPEED,East,40,No,No,2008,HONDA,CRV,39.074479,-76.99180383,"(39.074479, -76.99180383)"
MCP30310034,190038348,Montgomery County Police,Property Damage Crash,08/11/2019 09:20:00 AM,County,PRINCE PHILIP DR,BUEHLER RD,,N/A,,SINGLE VEHICLE,CLEAR,DRY,DARK LIGHTS ON,NO CONTROLS,NONE DETECTED,,431DA21B-B87F-4E0B-98B8-2B2396B6C5E6,Yes,NO APPARENT INJURY,N/A,NOT DISTRACTED,MD,4C0A872C-7172-499C-A9EB-7E7E8B37B341,DISABLING,TWELVE OCLOCK,PASSENGER CAR,MOVING CONSTANT SPEED,North,35,No,No,2016,TOYOTA,SCION,39.14361,-77.05873333,"(39.14361, -77.05873333)"
MCP2871001R,15029168,Montgomery County Police,Property Damage Crash,06/15/2015 04:51:00 PM,County,EXECUTIVE BLVD,E JEFFERSON ST (AHEAD),,N/A,,SAME DIR REAR END,CLOUDY,DRY,DAYLIGHT,TRAFFIC SIGNAL,NONE DETECTED,,8CBA6EED-4B4E-4042-86CB-5E83E23356DA,Yes,NO APPARENT INJURY,N/A,NOT DISTRACTED,MD,874A0AAA-01D6-4081-9017-56C3246220EB,DISABLING,TWELVE OCLOCK,PASSENGER CAR,MOVING CONSTANT SPEED,South,30,No,No,2013,TOYO,AVALON,39.04851167,-77.124605,"(39.04851167, -77.124605)"
MCP3255004M,230026437,Montgomery County Police,Injury Crash,06/02/2023 02:30:00 AM,County,DELLCASTLE RD,SHREWSBURY CT,,N/A,,HEAD ON,CLEAR,DRY,DARK -- UNKNOWN LIGHTING,NO CONTROLS,N/A,,09F32B5E-DB2C-4887-95BF-70E3B4FC1913,Yes,POSSIBLE INJURY,N/A,NOT DISTRACTED,XX,A212F083-023F-46D2-B7F0-CFA46210CA8B,DISABLING,TWELVE OCLOCK,PASSENGER CAR,ACCELERATING,East,25,No,No,2020,KIA,RIO,39.1814421,-77.20583036,"(39.1814421, -77.20583036)"
MCP2641004T,240056708,MONTGOMERY,Injury Crash,11/26/2024 06:35:00 AM,County Route,MUDDY BRANCH RD (SB/L),W DIAMOND AVE,,,,Front to Front,Rain,Wet,Dawn,Traffic Control Signal,"Not Suspect of Alcohol Use, Not Suspect of Drug Use",,1E98497E-0111-467F-84AA-D4F8E4B85DE2,No,No Apparent Injury,,Not Distracted,,B028CC42-8F3F-4C4B-B326-758123929AE1,Disabling,One O Clock,Passenger Car,Turning Left,,25,No,No,2024,TOYOTA,BZ4X,39.14019167,-77.20521833,"(39.14019167, -77.20521833)"
MCP3396000C,240003586,MONTGOMERY,Property Damage Crash,01/23/2024 04:55:00 PM,Maryland (State) Route,LAYHILL RD (SB/L),,,,,Angle,Clear,Dry,Daylight,No Controls,"Not Suspect of Alcohol Use, Not Suspect of Drug Use",,C4F3FE51-4180-4EA3-852C-FE4A03EA98C8,No,No Apparent Injury,,Unknown,MD,D124BFD1-D609-4DE7-A5C0-72F395D8AF7C,Disabling,One O Clock,Passenger Car,Moving Constant Speed,Southbound,40,No,No,2020,HYUNDAI,SONATA,39.091102,-77.045107,"(39.091102, -77.045107)"
MCP1378004V,15010042,Montgomery County Police,Injury Crash,03/03/2015 03:51:00 PM,Maryland (State),WOODFIELD RD,EMORY GROVE RD,,N/A,,STRAIGHT MOVEMENT ANGLE,RAINING,WET,DAYLIGHT,TRAFFIC SIGNAL,NONE DETECTED,,A2A817BC-5379-49B0-9A0F-CBAAF33EC933,No,POSSIBLE INJURY,"RAIN, SNOW, WET",NOT DISTRACTED,MD,EE9BED00-4F82-4E64-AE0A-722DD40B0B0E,DISABLING,ELEVEN OCLOCK,PASSENGER CAR,ACCELERATING,West,35,No,No,2012,HYUNDAI,ACCENT,39.15204,-77.172555,"(39.15204, -77.172555)"
MCP3367001B,230056352,Montgomery County Police,Property Damage Crash,09/22/2023 05:13:00 PM,US (State),COLESVILLE RD,HIGHLAND DR,,N/A,,OPPOSITE DIR BOTH LEFT TURN,CLEAR,OTHER,DAYLIGHT,NO CONTROLS,N/A,,95AAB35F-4C86-4A56-8509-46FD8EA92FC6,Yes,NO APPARENT INJURY,N/A,UNKNOWN,,168FD6F3-489B-46F4-BC3F-6183D4852F95,UNKNOWN,UNKNOWN,PASSENGER CAR,MOVING CONSTANT SPEED,South,25,No,No,2018,HYUNDAI,KONA,39.00445892,-77.0234851,"(39.00445892, -77.0234851)"
MCP2871001S,15029176,Montgomery County Police,Injury Crash,06/15/2015 06:04:00 PM,Maryland (State),CONNECTICUT AVE,CAPITAL BELTWAY,,N/A,,SAME DIR REAR END,RAINING,WET,DUSK,NO CONTROLS,NONE DETECTED,,2623CA89-72D6-4F46-B53A-FF7DB317DAAB,No,NO APPARENT INJURY,"N/A, RAIN, SNOW",NOT DISTRACTED,NY,2511DA8B-182F-4A28-B909-078C8D2FBAE0,FUNCTIONAL,TWELVE OCLOCK,TRUCK TRACTOR,MOVING CONSTANT SPEED,North,30,No,No,2007,FRHT,TK,39.00333167,-77.07732333,"(39.00333167, -77.07732333)"
MCP1113003Y,210037045,Montgomery County Police,Property Damage Crash,09/20/2021 07:41:00 AM,Maryland (State),MAIN ST,MT VERNON AVE,,N/A,,SAME DIR REAR END,CLEAR,WET,DAYLIGHT,NO CONTROLS,NONE DETECTED,,DF7A66A8-4885-446D-8724-79177A3DFB34,No,NO APPARENT INJURY,"N/A, WET",NOT DISTRACTED,MD,74016A54-7EA4-4F11-82C8-A57CC6CFB6E1,DISABLING,SIX OCLOCK,PASSENGER CAR,STOPPED IN TRAFFIC LANE,West,30,No,No,2017,BMW,M3,39.28672667,-77.19801,"(39.28672667, -77.19801)"
MCP3270002J,240029557,MONTGOMERY,Injury Crash,06/22/2024 05:15:00 AM,Maryland (State) Route,UNIVERSITY BLVD E,,,,,Single Vehicle,Clear,Dry,Daylight,Traffic Control Signal,"Not Suspect of Alcohol Use, Not Suspect of Drug Use",,525B33CF-8B18-4F83-91E1-D91E8102153D,Yes,Suspected Minor Injury,,Unknown,DC,5FF891E0-9D56-4A79-BCF5-A424743713BE,Disabling,Twelve O Clock,Passenger Car,Turning Left,Southbound,35,No,No,2003,TOYOTA,4-RUNNER,39.0156755,-77.00541667,"(39.0156755, -77.00541667)"
MCP2679001N,16063515,Montgomery County Police,Injury Crash,12/11/2016 12:05:00 AM,Maryland (State),GEORGIA AVE,FOREST GLEN RD,,N/A,,SAME DIR REAR END,CLEAR,DRY,DARK LIGHTS ON,N/A,ALCOHOL CONTRIBUTED,,F8279423-BCDF-4560-A2D2-063496B77C97,Yes,NO APPARENT INJURY,N/A,NOT DISTRACTED,MD,0D8CA010-7F6B-41F5-BFCE-DCF4EB0C6BC3,DISABLING,TWELVE OCLOCK,PASSENGER CAR,MOVING CONSTANT SPEED,North,35,No,No,2012,MITSUBISHI,LANCER,39.01521166,-77.04246283,"(39.01521166, -77.04246283)"
MCP2897001C,170513453,Montgomery County Police,Property Damage Crash,06/13/2017 04:31:00 PM,County,HUNTMASTER RD,DAVIS MILL RD,,N/A,,OPPOSITE DIRECTION SIDESWIPE,CLEAR,DRY,DAYLIGHT,NO CONTROLS,NONE DETECTED,,E8A10A8C-AF44-4867-B9DE-737175CE9127,Yes,NO APPARENT INJURY,N/A,NOT DISTRACTED,MD,38942CD6-A93B-4C6F-A141-B800AB29ECC0,SUPERFICIAL,ONE OCLOCK,SCHOOL BUS,MOVING CONSTANT SPEED,South,35,No,No,2011,THOMAS,SCHOOL  BUS,39.21091,-77.20310833,"(39.21091, -77.20310833)"
MCP3124000S,180033610,Montgomery County Police,Property Damage Crash,07/08/2018 04:00:00 PM,County,FLORAL ST,GOODHILL RD,,N/A,,OTHER,CLEAR,DRY,DAYLIGHT,NO CONTROLS,NONE DETECTED,,78A166F1-5A7B-4FAE-BD7E-27B7A6045BEF,No,NO APPARENT INJURY,N/A,NOT DISTRACTED,MD,1F0C800F-BAB1-4812-A1EF-3436D492B190,SUPERFICIAL,ONE OCLOCK,PASSENGER CAR,PARKED,,30,No,Yes,2014,TOYOTA,4S,39.05651736,-77.0664525,"(39.05651736, -77.0664525)"
MCP1260001K,240061381,MONTGOMERY,Property Damage Crash,12/23/2024 11:56:00 PM,County Route,FATHER HURLEY BLVD (NB/L),,,,,"Sideswipe, Same Direction",Clear,Dry,Dark - Lighted,No Controls,"Not Suspect of Alcohol Use, Not Suspect of Drug Use",,8530CB2E-CF2B-40B5-894A-FB520046E7FD,No,No Apparent Injury,,Not Distracted,MD,2F7F822D-8573-4B1D-88B3-BCD113063A1F,Superficial,Ten O Clock,Sport Utility Vehicle,Moving Constant Speed,Eastbound,45,No,No,2021,VOLKSWAGEN,ATLAS,39.19713318,-77.26417861,"(39.19713318, -77.26417861)"
MCP1233003T,210011115,Montgomery County Police,Property Damage Crash,03/24/2021 05:24:00 PM,Maryland (State),METROPOLITAN AVE,PLYERS MILL RD,,KENSINGTON,,STRAIGHT MOVEMENT ANGLE,RAINING,WET,DUSK,TRAFFIC SIGNAL,NONE DETECTED,,474FAA0A-523A-480F-A439-F5A87BBFA50C,Yes,NO APPARENT INJURY,"N/A, WET",NOT DISTRACTED,MD,E76EEAB1-CF04-4B35-A022-3F2BF5D13795,FUNCTIONAL,TWELVE OCLOCK,PASSENGER CAR,MAKING LEFT TURN,North,30,No,No,2019,NISSAN,ROGUE,39.02971167,-77.07441667,"(39.02971167, -77.07441667)"
MCP3367000X,230035086,Montgomery County Police,Injury Crash,07/23/2023 05:03:00 PM,Maryland (State),NEW HAMPSHIRE AVE,CRESTHAVEN DR,,N/A,,SAME DIRECTION SIDESWIPE,CLEAR,DRY,DAYLIGHT,NO CONTROLS,N/A,,52A412E9-AEB5-46AE-B8B7-71659441CB03,Yes,POSSIBLE INJURY,N/A,NOT DISTRACTED,MD,5A39A186-4EDD-41C9-926F-01FA2C2ECD8D,DISABLING,ELEVEN OCLOCK,PASSENGER CAR,MOVING CONSTANT SPEED,South,35,No,No,2016,TOYOTA,CAMRY,39.03069833,-76.98424667,"(39.03069833, -76.98424667)"
MCP2195004N,220003709,Montgomery County Police,Injury Crash,01/28/2022 07:13:00 AM,County,AVERY RD,WARM SPRINGS DR,,N/A,,SINGLE VEHICLE,CLOUDY,DRY,DAWN,NO CONTROLS,NONE DETECTED,,1AECB703-6042-43D3-86FE-861D1570B883,Yes,POSSIBLE INJURY,N/A,NOT DISTRACTED,MD,F3279A15-7330-4615-8E9E-44435637A869,DISABLING,ONE OCLOCK,(SPORT) UTILITY VEHICLE,MOVING CONSTANT SPEED,West,30,No,No,2017,BMW,X6,39.11502167,-77.12138,"(39.11502167, -77.12138)"
MCP3008001T,180064406,Montgomery County Police,Property Damage Crash,12/25/2018 12:20:00 AM,County,QUEBEC ST,RUATAN ST,,N/A,,OTHER,CLEAR,DRY,DARK LIGHTS ON,NO CONTROLS,ALCOHOL PRESENT,,3FF52CCD-BE5B-4705-8994-1591F824550D,Yes,NO APPARENT INJURY,N/A,OTHER DISTRACTION,MD,6B865787-38C5-42CE-9770-B71B3CEC145B,SUPERFICIAL,SIX OCLOCK,PICKUP TRUCK,BACKING,North,30,No,No,1999,FORD,F150,39.00025767,-76.98836104,"(39.00025767, -76.98836104)"
MCP28490018,15018828,Montgomery County Police,Injury Crash,04/22/2015 06:55:00 AM,Maryland (State),OLNEY SANDY SPRING RD,DR BIRD RD,,N/A,,SAME DIRECTION SIDESWIPE,N/A,DRY,DAYLIGHT,YIELD SIGN,NONE DETECTED,,3B773AF3-770E-4432-B5BD-8913E1980889,Yes,POSSIBLE INJURY,N/A,UNKNOWN,MD,6D64966A-460B-4FA1-BA66-44A2C5CD7041,DESTROYED,ELEVEN OCLOCK,PASSENGER CAR,ACCELERATING,East,30,No,No,2006,SCION,XB,39.14491667,-77.041835,"(39.14491667, -77.041835)"
MCP102200BF,190001754,Montgomery County Police,Injury Crash,01/11/2019 12:49:00 PM,Maryland (State),GERMANTOWN RD,PINNACLE DR,,N/A,,ANGLE MEETS RIGHT TURN,CLEAR,DRY,DAYLIGHT,STOP SIGN,NONE DETECTED,,E647C97E-B9BB-4B47-BB1E-84BD7C8B49D6,Yes,POSSIBLE INJURY,N/A,NOT DISTRACTED,MD,B1682FED-27CE-4023-BD1E-DD07B8961252,DISABLING,TWELVE OCLOCK,(SPORT) UTILITY VEHICLE,MOVING CONSTANT SPEED,South,45,No,No,2010,BMW,X5,39.18049833,-77.26387833,"(39.18049833, -77.26387833)"
EJ7871001B,190009369,Gaithersburg Police Depar,Property Damage Crash,02/27/2019 04:05:00 PM,Maryland (State),W DIAMOND AVE,BUREAU DR,,GAITHERSBURG,,SAME DIR REAR END,CLEAR,DRY,DAYLIGHT,TRAFFIC SIGNAL,NONE DETECTED,,83AD3D84-6A47-402C-9736-D3C64C2E96E6,No,NO APPARENT INJURY,N/A,NOT DISTRACTED,MD,4C1ED46E-0258-408F-BBED-DEA3FB1FCA8E,SUPERFICIAL,SIX OCLOCK,PASSENGER CAR,SLOWING OR STOPPING,North,35,No,No,2017,HONDA,ACCORD,39.14125833,-77.21647,"(39.14125833, -77.21647)"
MCP3010004N,190050623,Montgomery County Police,Injury Crash,10/22/2019 09:00:00 AM,Maryland (State),OLD GEORGETOWN RD,ROCKVILLE PIKE,,N/A,,SAME DIR BOTH LEFT TURN,CLOUDY,WET,DAYLIGHT,TRAFFIC SIGNAL,N/A,,9DF4F15B-BD68-4B96-8652-E711EE2DD9A6,Yes,SUSPECTED MINOR INJURY,N/A,NOT DISTRACTED,MD,B6A70E9C-7050-452E-B24D-317E004F2D6A,FUNCTIONAL,TEN OCLOCK,PASSENGER CAR,MAKING LEFT TURN,North,40,No,No,2004,NISSAN,MAXIMA,39.04946833,-77.11432667,"(39.04946833, -77.11432667)"
MCP2723003C,180007321,Montgomery County Police,Injury Crash,02/12/2018 10:21:00 AM,Maryland (State),OLNEY SANDY SPRING RD,VILLAGE CENTER DR,,N/A,,STRAIGHT MOVEMENT ANGLE,RAINING,WET,DAYLIGHT,TRAFFIC SIGNAL,N/A,,8DCAA737-407F-4E3A-BDDD-F1331DB00A91,Yes,SUSPECTED MINOR INJURY,"RAIN, SNOW, WET",NOT DISTRACTED,MD,D652E6CF-8E7E-4E22-AF9E-340803BBE565,DISABLING,ONE OCLOCK,PASSENGER CAR,MAKING LEFT TURN,West,30,No,No,2006,HONDA,ELEMENT,39.1519,-77.06437333,"(39.1519, -77.06437333)"
EJ7844000C,15047713,GAITHERSBURG,Injury Crash,09/20/2015 07:41:00 PM,Maryland (State),QUINCE ORCHARD RD,SPUR TO MD 355,,N/A,,SAME DIR REAR END,CLEAR,DRY,DARK LIGHTS ON,YIELD SIGN,NONE DETECTED,,414EF393-133F-4CB9-B4D1-DC82DF461883,Yes,NO APPARENT INJURY,N/A,NOT DISTRACTED,MD,FE662FD9-8842-4259-9A25-CCFEAAAA78A2,FUNCTIONAL,TWELVE OCLOCK,(SPORT) UTILITY VEHICLE,SLOWING OR STOPPING,South,35,No,No,2011,FORD,EDGE,39.15219052,-77.21185505,"(39.15219052, -77.21185505)"