Report Number,Local Case Number,Agency Name,ACRS Report Type,Crash Date/Time,Route Type,Road Name,Cross-Street Name,Off-Road Description,Municipality,Related Non-Motorist,Collision Type,Weather,Surface Condition,Light,Traffic Control,Driver Substance Abuse,Non-Motorist Substance Abuse,Person ID,Driver At Fault,Injury Severity,Circumstance,Driver Distracted By,Drivers License State,Vehicle ID,Vehicle Damage Extent,Vehicle First Impact Location,Vehicle Body Type,Vehicle Movement,Vehicle Going Dir,Speed Limit,Driverless Vehicle,Parked Vehicle,Vehicle Year,Vehicle Make,Vehicle Model,Latitude,Longitude,Location
MCP24400016,230004459,Montgomery County Police,Property Damage Crash,01/27/2023 01:34:00 PM,County,SNOUFFERS SCHOOL RD,GOSHEN RD,,N/A,,OTHER,CLEAR,DRY,DAYLIGHT,N/A,NONE DETECTED,,2F0B21BC-1445-47D3-A85C-85C44C6EE271,Yes,NO APPARENT INJURY,N/A,NOT DISTRACTED,MD,AD6B255E-F7A1-49B2-A8C5-40CE76BC7169,FUNCTIONAL,NINE OCLOCK,POLICE VEHICLE/NON EMERGENCY,MAKING U TURN,North,35,No,No,2014,DODGE,CHARGER,39.1874805,-77.18632783,"(39.1874805, -77.18632783)"
MCP1334002N,15032982,MONTGOMERY,Injury Crash,07/06/2015 11:10:00 AM,Maryland (State),QUINCE ORCHARD RD,RAMP 4 FR IS 270 NB TO MD 124 EB,,N/A,,SAME DIR REAR END,N/A,DRY,DAYLIGHT,TRAFFIC SIGNAL,NONE DETECTED,,5FACE209-A418-42A7-B456-F75B6A5A5842,No,SUSPECTED MINOR INJURY,N/A,NOT DISTRACTED,MD,3DEB2E14-33E6-4525-A882-B33F1DC47DB4,SUPERFICIAL,SIX OCLOCK,PASSENGER CAR,STOPPED IN TRAFFIC LANE,North,35,No,No,2011,FORD,FUSION,39.14989834,-77.21493959,"(39.14989834, -77.21493959)"
EJ7856000Y,15054996,GAITHERSBURG,Injury Crash,10/29/2015 02:38:00 PM,Municipality,FIRSTFIELD RD,QUINCE ORCHARD BLVD,,GAITHERSBURG,,SAME DIRECTION SIDESWIPE,CLOUDY,DRY,DAYLIGHT,NO CONTROLS,N/A,,E7823A9F-917E-45DF-9B25-03FBD9F7D066,Unknown,SUSPECTED MINOR INJURY,N/A,UNKNOWN,MD,DE446195-60C7-4E1F-AA4A-AACD8E8CE273,SUPERFICIAL,ELEVEN OCLOCK,PASSENGER CAR,MOVING CONSTANT SPEED,West,25,No,No,2014,HYUNDAI,SONATA,39.13491833,-77.22613833,"(39.13491833, -77.22613833)"
MCP31170035,210014742,Montgomery County Police,Injury Crash,04/20/2021 02:52:00 PM,County,SOUTHLAWN LA,E GUDE DR,,N/A,,HEAD ON LEFT TURN,CLEAR,DRY,DAYLIGHT,N/A,N/A,,D6804E7E-095E-4B00-B8B6-954510EE883A,Yes,POSSIBLE INJURY,N/A,OTHER DISTRACTION,MD,53E0E86C-9A9C-4EA7-B8D6-14481A322C34,DISABLING,TWELVE OCLOCK,PASSENGER CAR,MOVING CONSTANT SPEED,West,35,No,No,2004,FORD,EXCURSION,39.1005249,-77.13594481,"(39.1005249, -77.13594481)"
MCP28450047,180061364,Montgomery County Police,Property Damage Crash,12/08/2018 08:00:00 AM,Maryland (State),NEW HAMPSHIRE AVE,OAKVIEW DR,,N/A,,SAME DIR REAR END,CLEAR,DRY,DAYLIGHT,TRAFFIC SIGNAL,NONE DETECTED,,072E4CD8-1F36-4ED9-BD32-D8843C59BB7B,No,NO APPARENT INJURY,N/A,NOT DISTRACTED,MD,57E7D296-C181-4F56-B1B2-BE4A51DDE337,FUNCTIONAL,SIX OCLOCK,(SPORT) UTILITY VEHICLE,SLOWING OR STOPPING,South,40,No,No,2017,VOLKSWAGEN,TIGUAN,39.015215,-76.97734167,"(39.015215, -76.97734167)"
MCP3452000T,250013383,MONTGOMERY,Injury Crash,03/27/2025 12:45:00 PM,County Route,DEWEY RD,,,,,Rear To Side,Clear,Dry,Daylight,Traffic Control Signal,"Not Suspect of Alcohol Use, Not Suspect of Drug Use",,FF4D2A97-0998-48AB-B93A-6852C2E472D9,No,No Apparent Injury,,Unknown,MD,1689C223-30A5-40E2-A0A5-23A4770DE7FE,Disabling,Twelve O Clock,Passenger Car,Moving Constant Speed,Eastbound,35,No,No,2000,HONDA,ACCORD,39.05340917,-77.08937433,"(39.05340917, -77.08937433)"
MCP20080041,170519608,Montgomery County Police,Injury Crash,07/17/2017 05:41:00 PM,Maryland (State),OLD GEORGETOWN RD,RAMP 5 FR MD 187 SB TO RAMP 4 (TO IS270),,N/A,,SAME DIR REAR END,CLEAR,DRY,DAYLIGHT,TRAFFIC SIGNAL,NONE DETECTED,,6195BBA8-7F4D-4C58-ACEB-DC2148B6B035,No,POSSIBLE INJURY,N/A,NOT DISTRACTED,MD,59F0093D-7462-4FA5-A102-64A14E16A72A,DISABLING,SIX OCLOCK,PASSENGER CAR,SLOWING OR STOPPING,South,40,No,No,2007,LEXUS,4S,39.03075,-77.12649833,"(39.03075, -77.12649833)"
MCP23920005,15052175,Montgomery County Police,Property Damage Crash,10/14/2015 03:30:00 PM,,,,TWO VEHICLES EXITING THE SCHOOL PARKING LOT.  UNIT ONE BACKED INTO UNIT TWO BEFORE EXITING THE LOT.,,,OTHER,CLEAR,,DAYLIGHT,NO CONTROLS,NONE DETECTED,,7D0E064F-E837-41FA-93FE-A6DF52273A09,No,NO APPARENT INJURY,N/A,NOT DISTRACTED,MD,64B5C814-9B87-4CA8-841E-181D5503661F,FUNCTIONAL,TWELVE OCLOCK,PASSENGER CAR,STOPPED IN TRAFFIC LANE,Unknown,5,No,No,2012,TOYOTA,CAMRY,38.98935667,-77.087805,"(38.98935667, -77.087805)"
EJ78440017,220022892,Gaithersburg Police Depar,Property Damage Crash,05/28/2022 06:43:00 PM,County,GOSHEN RD,EMORY GROVE RD,,N/A,,SAME DIR REAR END,CLEAR,DRY,DAYLIGHT,N/A,UNKNOWN,,6BA3164B-6162-4057-8D04-3DA4E62EC4AC,Yes,NO APPARENT INJURY,N/A,UNKNOWN,,3425F386-942B-43AD-B4FD-C3B30DB2C117,UNKNOWN,TWELVE OCLOCK,PICKUP TRUCK,UNKNOWN,South,35,No,No,2014,DODGE,RAM,39.15942466,-77.19202685,"(39.15942466, -77.19202685)"
MCP2848003D,16051741,Montgomery County Police,Property Damage Crash,10/08/2016 08:55:00 AM,Maryland (State),FALLS RD,NANTUCKET PL,,N/A,,SINGLE VEHICLE,RAINING,WET,DAYLIGHT,NO CONTROLS,NONE DETECTED,,49AEE812-5682-4B50-AA70-76B088DD3151,Yes,NO APPARENT INJURY,"N/A, WET",UNKNOWN,MD,55B5CB33-C13C-414D-AE28-5B0F74478B7E,DISABLING,TWELVE OCLOCK,PASSENGER CAR,MOVING CONSTANT SPEED,North,30,No,No,2011,TOYOTA,HIGHLANDER,39.03250333,-77.19615667,"(39.03250333, -77.19615667)"
MCP2866005V,190050758,Montgomery County Police,Injury Crash,10/22/2019 04:47:00 PM,Government,BEACH DR,EAST WEST HWY,,N/A,,SINGLE VEHICLE,RAINING,WET,DAYLIGHT,NO CONTROLS,NONE DETECTED,,C3AF437C-B8F9-429D-9901-B580B0678E22,Yes,SUSPECTED MINOR INJURY,"RAIN, SNOW, WET",NOT DISTRACTED,MD,6632CCBB-8CD4-4C61-9077-954014AA0484,DESTROYED,TWELVE OCLOCK,POLICE VEHICLE/EMERGENCY,MOVING CONSTANT SPEED,South,25,No,No,2017,FORD,EXPLORER,38.98951579,-77.06346639,"(38.98951579, -77.06346639)"
DD5540001J,210050696,Rockville Police Departme,Injury Crash,12/13/2021 05:33:00 PM,Maryland (State),ROCKVILLE PIKE,TALBOTT ST,,ROCKVILLE,,SAME DIR REAR END,CLEAR,DRY,DARK LIGHTS ON,NO CONTROLS,NONE DETECTED,,906E71FE-AEFF-4351-A33F-F75F40427518,Yes,NO APPARENT INJURY,N/A,LOOKED BUT DID NOT SEE,MD,72F002DC-3ACF-4BAB-B235-BF4AD49F2124,DISABLING,TWELVE OCLOCK,PASSENGER CAR,MOVING CONSTANT SPEED,South,35,No,No,2015,NISS,4DR,39.07060072,-77.13180912,"(39.07060072, -77.13180912)"
MCP9406001X,180026568,Montgomery County Police,Injury Crash,05/30/2018 02:29:00 PM,Maryland (State),UNIVERSITY BLVD W,VEIRS MILL RD,,N/A,,SAME DIR REAR END,CLOUDY,DRY,DAYLIGHT,TRAFFIC SIGNAL,NONE DETECTED,,BD5D5309-2886-40AE-90F8-8D8FADF9E588,Yes,NO APPARENT INJURY,N/A,UNKNOWN,MD,FC8A8654-EA12-4353-9BE6-2D112C79EE20,SUPERFICIAL,TWELVE OCLOCK,PASSENGER CAR,SLOWING OR STOPPING,East,30,No,No,2005,KIA,VAN,39.03986833,-77.05576167,"(39.03986833, -77.05576167)"
EJ7856002Z,170502922,Gaithersburg Police Depar,Property Damage Crash,04/19/2017 09:35:00 AM,Maryland (State),QUINCE ORCHARD RD,HILLSTONE RD,,GAITHERSBURG,,OTHER,CLOUDY,DRY,DAYLIGHT,N/A,N/A,,9816E1A1-2242-4EC3-8B4E-8232E5EF8A1D,Yes,NO APPARENT INJURY,N/A,NOT DISTRACTED,PA,2A378D71-C61B-45FD-A654-014C0AC9B975,NO DAMAGE,NON-COLLISION,PICKUP TRUCK,MOVING CONSTANT SPEED,North,35,No,No,2005,CHEVROLET,TRUCK,39.12086325,-77.25038767,"(39.12086325, -77.25038767)"
MCP31110030,200041977,Montgomery County Police,Property Damage Crash,10/24/2020 01:15:00 PM,County,MACARTHUR BLVD,BRICKYARD RD,,N/A,,SAME DIR REAR END,CLEAR,DRY,DAYLIGHT,TRAFFIC SIGNAL,UNKNOWN,,094A633C-6FE3-4330-99BC-D52D986E98C9,Yes,NO APPARENT INJURY,N/A,UNKNOWN,,F27ECC02-63C1-480E-94ED-4CBE7521FA7B,SUPERFICIAL,TWELVE OCLOCK,PASSENGER CAR,SLOWING OR STOPPING,West,30,No,No,2005,DODGE,TK,38.97855514,-77.21359558,"(38.97855514, -77.21359558)"
MCP3246000H,200042531,Montgomery County Police,Injury Crash,10/28/2020 12:07:00 PM,County,EDNOR RD,HARBOUR TOWN DR,,N/A,,STRAIGHT MOVEMENT ANGLE,CLEAR,N/A,DAYLIGHT,NO CONTROLS,NONE DETECTED,,CADB75BD-8A4E-400F-B550-E47E1BEB41F0,No,NO APPARENT INJURY,N/A,NOT DISTRACTED,MD,2BE1A038-82A7-461C-AC30-6AEAD2119908,DISABLING,ONE OCLOCK,PASSENGER CAR,MOVING CONSTANT SPEED,East,35,No,No,2019,HONDA,4S,39.13091667,-77.01081,"(39.13091667, -77.01081)"
MCP2650000X,200047894,Montgomery County Police,Property Damage Crash,12/04/2020 11:44:00 PM,Maryland (State),RIVER RD,RIDGEFIELD RD,,N/A,,OTHER,RAINING,WET,DARK LIGHTS ON,FLASHING TRAFFIC SIGNAL,ALCOHOL CONTRIBUTED,,A08530D9-A419-4705-9A3F-FD1E0C89FC71,Yes,NO APPARENT INJURY,"N/A, WET",NOT DISTRACTED,DC,35015586-BCF5-4BB3-A93B-0D656B948E86,DISABLING,TWELVE OCLOCK,PASSENGER CAR,MOVING CONSTANT SPEED,East,35,No,No,2013,MERCEDEZ,C230,38.96573667,-77.10587833,"(38.96573667, -77.10587833)"
MCP133400BG,210001586,Montgomery County Police,Property Damage Crash,01/13/2021 11:27:00 AM,Municipality,MCCAULEY ST,ACORN LA,,WASHINGTON GROVE,,SINGLE VEHICLE,CLEAR,DRY,DAYLIGHT,NO CONTROLS,NONE DETECTED,,E58B8312-E685-4FD1-9516-B04FEB73FE03,Yes,NO APPARENT INJURY,N/A,NOT DISTRACTED,MD,74DDDFC7-0F22-452E-8221-AFB9B50AA727,NO DAMAGE,SIX OCLOCK,FIRE VEHICLE/NON EMERGENCY,MAKING RIGHT TURN,North,20,No,No,2019,PIERCE,TK,39.14285833,-77.17380667,"(39.14285833, -77.17380667)"
DD55950020,15061724,ROCKVILLE,Injury Crash,12/03/2015 11:37:00 AM,Maryland (State),HUNGERFORD DR,COLLEGE PKWY,,ROCKVILLE,,HEAD ON LEFT TURN,CLEAR,DRY,DAYLIGHT,TRAFFIC SIGNAL,NONE DETECTED,,80D255B9-4CED-4A5F-BA39-F13C18CE5401,Yes,NO APPARENT INJURY,N/A,TALKING OR LISTENING TO CELLULAR PHONE,MD,7627F09C-F81D-4549-9021-B44900B10EE0,DISABLING,TWELVE OCLOCK,PASSENGER CAR,MOVING CONSTANT SPEED,South,35,No,No,2014,MASERATI,GHIBILI,39.1031375,-77.15584267,"(39.1031375, -77.15584267)"
MCP137800W5,210000960,Montgomery County Police,Property Damage Crash,01/08/2021 02:15:00 PM,Maryland (State),MUNCASTER MILL RD,MILLCREST DR,,N/A,,STRAIGHT MOVEMENT ANGLE,CLOUDY,DRY,DAYLIGHT,NO CONTROLS,NONE DETECTED,,D70ABE0C-694B-4411-B1E4-64A6146360A9,No,NO APPARENT INJURY,N/A,NOT DISTRACTED,MD,39C6E6C2-6C0C-4049-A218-D8902A8033D1,FUNCTIONAL,TWELVE OCLOCK,PICKUP TRUCK,SLOWING OR STOPPING,East,35,No,No,2003,FORD,F250,39.14750667,-77.14615333,"(39.14750667, -77.14615333)"
MCP2182002D,200032244,Montgomery County Police,Property Damage Crash,08/18/2020 12:57:00 PM,Maryland (State),GEORGIA AVE,BEL PRE RD,,N/A,,SAME DIR REAR END,CLEAR,DRY,DAYLIGHT,TRAFFIC SIGNAL,UNKNOWN,,56B52DDB-D709-43A7-91B4-91EAD762351C,Yes,NO APPARENT INJURY,N/A,NO DRIVER PRESENT,,25B047AC-7D93-48B3-ADA5-E68BB9038C4F,NO DAMAGE,TWELVE OCLOCK,PICKUP TRUCK,MOVING CONSTANT SPEED,North,40,No,No,2020,FORD,PICKUP,39.08604624,-77.07890823,"(39.08604624, -77.07890823)"
MCP2859009X,210014321,Montgomery County Police,Injury Crash,04/17/2021 10:20:00 AM,Maryland (State),W DIAMOND AVE,RAMP 1 FR IS 270 NB TO MD 117 WB,,N/A,,SAME DIR REAR END,CLEAR,DRY,DAYLIGHT,TRAFFIC SIGNAL,NONE DETECTED,,BD0A2D24-F4A3-40C1-9D71-8FDD6A92572D,No,POSSIBLE INJURY,N/A,NOT DISTRACTED,MD,031DE11E-1411-459C-8ABD-5B971201C409,SUPERFICIAL,SIX OCLOCK,PASSENGER CAR,STOPPED IN TRAFFIC LANE,South,25,No,No,2013,HOND,ACCORD,39.14061333,-77.210685,"(39.14061333, -77.210685)"
DD5668000W,240009253,ROCKVILLE,Property Damage Crash,02/25/2024 10:19:00 PM,Municipality Route,LINCOLN AVE,,,,,"Sideswipe, Same Direction",Clear,Dry,Dark - Lighted,No Controls,"Not Suspect of Alcohol Use, Not Suspect of Drug Use",,23BCF448-2E27-4C58-A2DA-0D96F31FD5A5,No,No Apparent Injury,,"Other Action (looking away from task, etc.)",MD,CBE433C2-C2C5-433E-A0B7-E4BA4E6579B7,Disabling,One O Clock,Sport Utility Vehicle,Accelerating,Westbound,25,No,No,2013,TOYOTA,HIGHLANDER,39.09259173,-77.14403054,"(39.09259173, -77.14403054)"
MCP32580050,250013572,MONTGOMERY,Property Damage Crash,03/28/2025 02:21:00 PM,Maryland (State) Route,VEIRS MILL RD,,,,,Front to Rear,Clear,Dry,Daylight,No Controls,"Not Suspect of Alcohol Use, Not Suspect of Drug Use",,77C35DC6-E41D-414B-BDB5-F6487411AFB0,No,No Apparent Injury,,Not Distracted,MD,53D95DE4-7840-4554-8560-372D39CC3176,Superficial,Six O Clock,Pickup,Stopped in Traffic,Eastbound,25,No,No,2024,CHEVROLET,SILVERADO,39.05252045,-77.07663926,"(39.05252045, -77.07663926)"
MCP2882000P,15005351,Montgomery County Police,Injury Crash,02/02/2015 06:02:00 PM,Maryland (State),LAYTONSVILLE RD,ROCKY RD,,N/A,,SAME DIR REAR END,CLEAR,ICE,DARK LIGHTS ON,N/A,NONE DETECTED,,971C7036-5F83-4BBF-A0B4-6B12306FB98E,Yes,SUSPECTED MINOR INJURY,"ICY OR SNOW-COVERED, N/A",NOT DISTRACTED,MD,4F189FA4-9946-49E3-8C24-F6E230B57F5B,DISABLING,TWELVE OCLOCK,PASSENGER CAR,SKIDDING,West,40,No,No,2005,FORD,FIVE HUNDRED,39.22921167,-77.14244167,"(39.22921167, -77.14244167)"
MCP3134001T,190023683,Montgomery County Police,Property Damage Crash,05/19/2019 12:36:00 PM,US (State),COLESVILLE RD,TIMBERWOOD AVE,,N/A,,SAME DIR REAR END,CLEAR,DRY,DAYLIGHT,NO CONTROLS,N/A,,6DD2D14C-A839-482A-A5DB-8A54BD7262D8,Yes,NO APPARENT INJURY,N/A,LOOKED BUT DID NOT SEE,MD,550801CB-7956-40E9-9F3C-4AA3B28031B1,DISABLING,TWELVE OCLOCK,PASSENGER CAR,MOVING CONSTANT SPEED,South,45,No,No,2006,HOND,ACCORD,39.02246667,-77.011725,"(39.02246667, -77.011725)"
MCP3059006W,210034872,Montgomery County Police,Injury Crash,09/05/2021 05:48:00 PM,County,GUNNERS BRANCH RD,FREDERICK RD,,N/A,,OTHER,RAINING,WET,DAYLIGHT,NO CONTROLS,COMBINED SUBSTANCE PRESENT,,1DDC0E22-59A9-4DB6-B587-35FC8FC99723,Yes,SUSPECTED MINOR INJURY,"N/A, WET",UNKNOWN,MD,3579C527-DA95-4619-81CE-75D69EC85A11,DESTROYED,ONE OCLOCK,PASSENGER CAR,UNKNOWN,West,30,No,No,2001,TOYOTA,CAMRY,39.17827167,-77.23955833,"(39.17827167, -77.23955833)"
MCP2888001Q,210028743,Montgomery County Police,Property Damage Crash,07/24/2021 11:04:00 PM,Maryland (State),VEIRS MILL RD,TWINBROOK PKWY,,N/A,,SAME DIRECTION SIDESWIPE,CLEAR,DRY,DARK LIGHTS ON,TRAFFIC SIGNAL,N/A,,1E3697DA-5975-4B66-BB15-31658CF553DD,No,NO APPARENT INJURY,N/A,NOT DISTRACTED,MD,B8F8BA71-C6AE-44FB-A2AE-87DDE1543F74,SUPERFICIAL,EIGHT OCLOCK,PASSENGER CAR,MOVING CONSTANT SPEED,East,40,No,No,2012,NISSAN,VERSA,39.07375,-77.11277667,"(39.07375, -77.11277667)"
DD5611003C,170530748,Rockville Police Departme,Property Damage Crash,09/15/2017 12:08:00 PM,Municipality,LINTHICUM ST,TWEED CT,,ROCKVILLE,,OTHER,CLEAR,DRY,DAYLIGHT,NO CONTROLS,NONE DETECTED,,DE77F2BF-A4C0-4AAD-9511-C11286977A8B,No,NO APPARENT INJURY,N/A,NOT DISTRACTED,PA,18FFE292-EB5B-4469-80DA-7D2A313C3225,FUNCTIONAL,NINE OCLOCK,PASSENGER CAR,PARKED,,20,No,Yes,2015,DODGE,CHARGER,39.08021833,-77.11406833,"(39.08021833, -77.11406833)"
MCP2683002Q,170513699,Montgomery County Police,Property Damage Crash,06/14/2017 06:37:00 AM,County,ODENDHAL AVE,LOST KNIFE RD,,N/A,,HEAD ON LEFT TURN,CLEAR,DRY,DAYLIGHT,TRAFFIC SIGNAL,NONE DETECTED,,A6104A2E-D167-40DA-803E-ECAC840AA990,Yes,NO APPARENT INJURY,N/A,NOT DISTRACTED,MD,E3DCB5E3-3214-4F8C-AD3C-9289D18D3634,DISABLING,TWELVE OCLOCK,PASSENGER CAR,MAKING LEFT TURN,East,35,No,No,2008,HOND,CIVIC,39.15252,-77.19843833,"(39.15252, -77.19843833)"
MCP31430038,220014301,Montgomery County Police,Property Damage Crash,04/04/2022 01:20:00 PM,Maryland (State),CONNECTICUT AVE,EAST WEST HWY,,N/A,,SAME DIRECTION SIDESWIPE,CLEAR,DRY,DAYLIGHT,NO CONTROLS,NONE DETECTED,,D5315130-5625-43FB-8CC9-7E1C8FA66F00,No,NO APPARENT INJURY,N/A,NOT DISTRACTED,MD,6AD9FD06-FF41-4CE5-81D2-19C23F4588A9,SUPERFICIAL,TEN OCLOCK,PASSENGER CAR,MOVING CONSTANT SPEED,South,35,No,No,2019,MERCEDES ZBENZ,A220,38.98857,-77.07712667,"(38.98857, -77.07712667)"
MCP12350015,180007225,Montgomery County Police,Property Damage Crash,02/11/2018 03:30:00 PM,,,,"PARKING LOT OF WOODSIDE DELI 9329 GEORGIA AVENUE SILVER SPRING, MD",,,OTHER,CLOUDY,,DAYLIGHT,NO CONTROLS,NONE DETECTED,,E8491BF4-1F89-4253-A53D-16AAD8C04EFB,No,NO APPARENT INJURY,N/A,NOT DISTRACTED,MD,F4EFF5D2-27CD-405E-B07F-CF0A4034FCF5,SUPERFICIAL,SIX OCLOCK,PASSENGER CAR,OTHER,Unknown,5,No,No,2015,MERCEDES,GL450,39.02116,-77.00818667,"(39.02116, -77.00818667)"
MCP2727001L,170522478,Montgomery County Police,Property Damage Crash,08/02/2017 09:53:00 AM,County,LITTLE SENECA PKWY,BRICK HAVEN WAY,,N/A,,STRAIGHT MOVEMENT ANGLE,N/A,DRY,DAYLIGHT,STOP SIGN,NONE DETECTED,,F06032E6-08FA-4C06-862B-B4787F0DABFE,No,NO APPARENT INJURY,N/A,NOT DISTRACTED,MD,8D44B89D-3174-4431-8A1C-07BC442A421E,DISABLING,FOUR OCLOCK,PASSENGER CAR,MOVING CONSTANT SPEED,West,35,No,No,2015,JEEP,GRAND CHEROKEE,39.220735,-77.26342833,"(39.220735, -77.26342833)"
MCP9417000M,15019497,MONTGOMERY,Property Damage Crash,04/25/2015 10:52:00 AM,County,NEBEL ST,WENTWORTH PL,,N/A,,OTHER,CLOUDY,DRY,DAYLIGHT,STOP SIGN,NONE DETECTED,,A89F862B-317D-43E7-AA23-C5A14A1EC42A,Yes,NO APPARENT INJURY,N/A,NOT DISTRACTED,MD,9B769147-4119-48CF-922D-34555FD96E0A,FUNCTIONAL,ELEVEN OCLOCK,PASSENGER CAR,MOVING CONSTANT SPEED,South,25,No,No,2012,DODG,2S,39.04982667,-77.10783,"(39.04982667, -77.10783)"
MCP2978001X,170512539,Montgomery County Police,Injury Crash,06/08/2017 04:08:00 PM,County,MONTROSE RD,WHITES FORD WAY,,N/A,,SAME DIR REAR END,CLEAR,DRY,DAYLIGHT,TRAFFIC SIGNAL,NONE DETECTED,,3808361D-217C-43DF-A80D-54B275EAA1AD,No,NO APPARENT INJURY,N/A,NOT DISTRACTED,MD,EE49B85D-11C6-464C-85F1-F4C17E8DDF58,FUNCTIONAL,SIX OCLOCK,PASSENGER CAR,STOPPED IN TRAFFIC LANE,West,45,No,No,2012,AUDI,SUV,39.05655833,-77.167085,"(39.05655833, -77.167085)"
MCP2868001C,15035914,MONTGOMERY,Property Damage Crash,07/17/2015 09:45:00 PM,County,PERSIMMON TREE RD,BRONSON DR,,N/A,,SINGLE VEHICLE,CLEAR,DRY,DARK NO LIGHTS,NO CONTROLS,NONE DETECTED,,EE1686BB-4706-40FB-A3D5-CDF9F89632E9,No,NO APPARENT INJURY,N/A,NOT DISTRACTED,MD,E9CECBDD-7CD8-4BAF-A0F4-2376B4A9039C,DESTROYED,TWELVE OCLOCK,(SPORT) UTILITY VEHICLE,MOVING CONSTANT SPEED,South,30,No,No,2014,FORD,ESCAPE,39.00435725,-77.19889462,"(39.00435725, -77.19889462)"
MCP2904003D,170507063,Montgomery County Police,Injury Crash,05/10/2017 04:24:00 PM,Maryland (State),PINEY BRANCH RD,FLOWER AVE,,N/A,,STRAIGHT MOVEMENT ANGLE,N/A,DRY,N/A,NO CONTROLS,NONE DETECTED,,57D00DE7-A972-49C7-8B19-8412885E02C4,No,POSSIBLE INJURY,N/A,NOT DISTRACTED,MD,1B0E5583-3357-4CF6-AC9C-87DA23233D82,FUNCTIONAL,TWELVE OCLOCK,MOTORCYCLE,MOVING CONSTANT SPEED,South,35,No,No,2002,SUZUKI,UNKNOWN,39.00048667,-77.00350333,"(39.00048667, -77.00350333)"
MCP2861005W,230013564,Montgomery County Police,Property Damage Crash,03/20/2023 06:20:00 PM,,,,"RING ROAD OF 7101 DEMOCRACY BLVD, BY ENTRANCE INTO NORDSTROMS",,,SAME DIR BOTH LEFT TURN,N/A,,DAYLIGHT,NO CONTROLS,NONE DETECTED,,4C47BD9C-0A65-4FA7-AD3B-78BDF833393B,Yes,NO APPARENT INJURY,N/A,LOOKED BUT DID NOT SEE,FL,98A667A5-CE13-4839-A6EC-2AF00D49F1F6,DISABLING,ELEVEN OCLOCK,PASSENGER CAR,MAKING LEFT TURN,West,20,No,No,2022,TOYOTA,CAROLLA,39.02292933,-77.14429383,"(39.02292933, -77.14429383)"
MCP2946000L,15034037,MONTGOMERY,Injury Crash,07/11/2015 01:30:00 PM,Maryland (State),FREDERICK RD,MILESTONE MANOR LA,,N/A,,OTHER,CLEAR,DRY,DAYLIGHT,NO CONTROLS,NONE DETECTED,,1A692B7C-2C05-4E21-A0D0-A7A4798AB594,No,POSSIBLE INJURY,N/A,NOT DISTRACTED,MD,8A8EAFE0-EDD3-42BE-A5D3-A1D9C8117C01,DISABLING,TWELVE OCLOCK,PASSENGER CAR,MOVING CONSTANT SPEED,North,40,No,No,2010,GMC,ACADIA,39.20886,-77.24706,"(39.20886, -77.24706)"
MCP27230066,220001758,Montgomery County Police,Property Damage Crash,01/14/2022 05:45:00 PM,County,BEL PRE RD,WEEPING WILLOW DR,,N/A,,STRAIGHT MOVEMENT ANGLE,N/A,DRY,DARK LIGHTS ON,STOP SIGN,NONE DETECTED,,3BDB57B4-0089-434B-96CB-C7015E64331E,No,NO APPARENT INJURY,N/A,NOT DISTRACTED,MD,C3455F44-8759-4FC2-AC3A-20EF891BDD22,DISABLING,TWELVE OCLOCK,PASSENGER CAR,MOVING CONSTANT SPEED,East,35,No,No,2012,HYUN,4S,39.09135667,-77.06666,"(39.09135667, -77.06666)"
MCP243600GX,230032501,Montgomery County Police,Property Damage Crash,07/08/2023 08:30:00 AM,Maryland (State),UNIVERSITY BLVD E,COLESVILLE RD,,N/A,,SAME DIRECTION SIDESWIPE,CLEAR,DRY,DAYLIGHT,TRAFFIC SIGNAL,NONE DETECTED,,62629E1F-7E03-4CA7-987F-D5D2EF8586E9,Yes,NO APPARENT INJURY,N/A,UNKNOWN,DC,B7D87961-A31E-4264-8B89-B5EF38AD3A7A,SUPERFICIAL,TEN OCLOCK,TRANSIT BUS,STOPPED IN TRAFFIC LANE,East,35,No,No,2013,NEW FLYER,XDE40,39.01932922,-77.01256828,"(39.01932922, -77.01256828)"
MCP3244001R,220016140,Montgomery County Police,Injury Crash,04/16/2022 12:22:00 PM,Maryland (State),UNIVERSITY BLVD E,E FRANKLIN AVE,,N/A,,SAME DIR REAR END,CLEAR,DRY,DAYLIGHT,N/A,NONE DETECTED,,AE6AEA9E-B176-4D96-AB9E-F766D9297257,Yes,NO APPARENT INJURY,N/A,NOT DISTRACTED,MD,62383320-7658-409B-8ABF-3A1F0C45C6BB,SUPERFICIAL,TWELVE OCLOCK,PASSENGER CAR,SLOWING OR STOPPING,East,35,No,No,2019,KIA,SOUL,39.01274817,-77.00317217,"(39.01274817, -77.00317217)"
MCP2667006G,190047557,Montgomery County Police,Property Damage Crash,10/04/2019 07:00:00 AM,County,GOSHEN RD,STEWARTOWN RD,,N/A,,STRAIGHT MOVEMENT ANGLE,CLEAR,DRY,DAWN,STOP SIGN,NONE DETECTED,,2DB46443-820A-483E-A92F-D8ED44787BBB,Yes,NO APPARENT INJURY,N/A,LOOKED BUT DID NOT SEE,MD,34015BF9-85F2-4A69-8C31-B59B82343B16,DISABLING,ONE OCLOCK,PASSENGER CAR,MAKING U TURN,East,35,No,No,2016,NISSAN,ROUGE,39.17732183,-77.18956533,"(39.17732183, -77.18956533)"