Report Number,Local Case Number,Agency Name,ACRS Report Type,Crash Date/Time,Route Type,Road Name,Cross-Street Name,Off-Road Description,Municipality,Related Non-Motorist,Collision Type,Weather,Surface Condition,Light,Traffic Control,Driver Substance Abuse,Non-Motorist Substance Abuse,Person ID,Driver At Fault,Injury Severity,Circumstance,Driver Distracted By,Drivers License State,Vehicle ID,Vehicle Damage Extent,Vehicle First Impact Location,Vehicle Body Type,Vehicle Movement,Vehicle Going Dir,Speed Limit,Driverless Vehicle,Parked Vehicle,Vehicle Year,Vehicle Make,Vehicle Model,Latitude,Longitude,Location
MCP2805003G,190024606,Montgomery County Police,Property Damage Crash,05/23/2019 07:35:00 PM,County,MONTGOMERY VILLAGE AVE,CENTERWAY RD,,N/A,,SAME DIR REAR END,N/A,DRY,DAYLIGHT,TRAFFIC SIGNAL,NONE DETECTED,,7B754DC0-06B1-449F-9224-26EEA6D455BA,No,NO APPARENT INJURY,N/A,NOT DISTRACTED,NH,0B2E2ED4-F343-49BC-AE81-C1E49EB81296,SUPERFICIAL,SIX OCLOCK,PASSENGER CAR,SLOWING OR STOPPING,North,35,No,No,2014,HYUN,ELANTRA,39.17266,-77.20431667,"(39.17266, -77.20431667)"
MCP2588007H,200025444,Montgomery County Police,Injury Crash,06/30/2020 02:31:00 PM,Maryland (State),CONNECTICUT AVE,DEAN RD,,N/A,,STRAIGHT MOVEMENT ANGLE,CLEAR,DRY,DAYLIGHT,STOP SIGN,NONE DETECTED,,3C37E415-00DC-4434-A863-3385FD2F7B90,Yes,NO APPARENT INJURY,N/A,OTHER ELECTRONIC DEVICE (NAVIGATIONAL PALM PILOT),MD,99CFF76E-6EA2-4B48-81B0-280107F3BAB1,DISABLING,TWELVE OCLOCK,PASSENGER CAR,MAKING LEFT TURN,West,25,No,No,2017,TOYOTA,COROLLA,39.06896782,-77.07543676,"(39.06896782, -77.07543676)"
MCP2780002N,17014859,Montgomery County Police,Property Damage Crash,03/23/2017 02:38:00 PM,Maryland (State),RIDGE RD,BRINK RD,,N/A,,SAME DIRECTION SIDESWIPE,CLEAR,DRY,DAYLIGHT,TRAFFIC SIGNAL,NONE DETECTED,,4E63AB0A-7802-4600-AB30-360725835454,No,NO APPARENT INJURY,N/A,NOT DISTRACTED,MD,7645A77F-F862-4089-8B47-670BF3CC4144,FUNCTIONAL,ELEVEN OCLOCK,PASSENGER CAR,ACCELERATING,South,40,No,No,2002,MERZ,E320,39.209985,-77.24008833,"(39.209985, -77.24008833)"
DD5502006F,22022517,Rockville Police Departme,Injury Crash,05/26/2022 01:45:00 PM,Municipality,N HORNERS LA,CRABB AVE,,ROCKVILLE,,STRAIGHT MOVEMENT ANGLE,CLOUDY,DRY,DAYLIGHT,STOP SIGN,NONE DETECTED,,431DD908-121F-48BB-8661-AEF16A1106B7,No,POSSIBLE INJURY,N/A,NOT DISTRACTED,XX,CD7B652C-93B6-49E6-8B75-B2E6FEFFAC84,DISABLING,THREE OCLOCK,PASSENGER CAR,MOVING CONSTANT SPEED,North,25,No,No,2016,HONDA,4S,39.08874007,-77.14325498,"(39.08874007, -77.14325498)"
MCP2861000Q,15000588,Montgomery County Police,Property Damage Crash,01/04/2015 04:13:00 PM,County,MACARTHUR BLVD,MOHICAN RD,,N/A,,HEAD ON LEFT TURN,CLOUDY,WET,DAYLIGHT,NO CONTROLS,NONE DETECTED,,CB5920CB-E7E2-40D4-A331-57CA2EDFD9EC,No,NO APPARENT INJURY,"RAIN, SNOW, WET",NOT DISTRACTED,DC,9804FB4B-F574-44AF-8920-181DF03217B1,DISABLING,NINE OCLOCK,PASSENGER CAR,MOVING CONSTANT SPEED,South,30,No,No,2010,HONDA,ACCORD,38.99000167,-77.095405,"(38.99000167, -77.095405)"
MCP2855003M,200011702,Montgomery County Police,Property Damage Crash,03/09/2020 09:05:00 PM,Maryland (State),GEORGIA AVE,FOREST GLEN RD,,N/A,,SAME DIR REAR END,CLEAR,DRY,DARK LIGHTS ON,TRAFFIC SIGNAL,NONE DETECTED,,139D8A50-C0DB-49AC-90C8-E666DD908C0E,No,NO APPARENT INJURY,N/A,NOT DISTRACTED,VA,64E958A1-A8A5-4EC1-B3EB-9A12F17EEA56,FUNCTIONAL,SIX OCLOCK,PASSENGER CAR,SLOWING OR STOPPING,North,35,No,No,2010,TOYT,COROLLA,39.01461106,-77.04223159,"(39.01461106, -77.04223159)"
MCP1465001R,15058409,MONTGOMERY,Property Damage Crash,11/16/2015 07:48:00 AM,Maryland (State),RIVER RD,ADMIRALS WAY,,N/A,,STRAIGHT MOVEMENT ANGLE,CLEAR,DRY,DAYLIGHT,NO CONTROLS,NONE DETECTED,,CA5AFCCE-9188-40B5-9E3B-72FFB81B316F,No,NO APPARENT INJURY,"N/A, VISION OBSTRUCTION (INCL. BLINDED BY SUN)",NOT DISTRACTED,VA,4804C889-226F-43DC-8D0B-B0F8C458F87B,DISABLING,ELEVEN OCLOCK,PASSENGER CAR,SLOWING OR STOPPING,West,40,No,No,2007,LINCOLN,TOWN CAR,39.03625833,-77.24262333,"(39.03625833, -77.24262333)"
MCP2588002X,170519265,Montgomery County Police,Property Damage Crash,07/15/2017 12:50:00 PM,Maryland (State),MUNCASTER MILL RD,ENT TO REDLAND MIDDLE SCHOOL,,N/A,,SAME DIR REAR END,CLEAR,DRY,DAYLIGHT,NO CONTROLS,N/A,,E0C46C8D-0F65-4A3E-94B0-2053EE0387F1,Yes,NO APPARENT INJURY,N/A,UNKNOWN,,3403FB93-20E7-43E8-97FE-96560442CA27,UNKNOWN,TWELVE OCLOCK,PASSENGER CAR,MOVING CONSTANT SPEED,East,35,No,No,2013,TOYOTA,RAV4,39.05843167,-77.04805833,"(39.05843167, -77.04805833)"
MCP2771000X,17011930,Montgomery County Police,Property Damage Crash,03/07/2017 04:04:00 AM,County,RAILROAD ST,E DEER PARK DR,,N/A,,SINGLE VEHICLE,N/A,DRY,DARK LIGHTS ON,TRAFFIC SIGNAL,NONE DETECTED,,D37ED9F3-844C-4976-932C-C86AE369F379,Yes,NO APPARENT INJURY,N/A,NOT DISTRACTED,MD,9BDE352E-F9BC-40DB-A547-3FAB30FB6591,DISABLING,TWELVE OCLOCK,PASSENGER CAR,MOVING CONSTANT SPEED,South,25,No,No,2002,BMW,4D,39.13772903,-77.17895776,"(39.13772903, -77.17895776)"
MCP3065000C,170525597,Montgomery County Police,Injury Crash,08/18/2017 07:32:00 PM,Maryland (State),PINEY BRANCH RD,UNIVERSITY BLVD E,,N/A,,SAME DIR REAR END,RAINING,WET,DUSK,N/A,N/A,,E04D13A1-2900-492A-9E18-12790A7924CD,Yes,NO APPARENT INJURY,"N/A, WET",UNKNOWN,MD,25FF65B9-22A4-4B2F-A1A9-101BEA0DDCB6,FUNCTIONAL,SIX OCLOCK,PASSENGER CAR,MOVING CONSTANT SPEED,North,40,No,No,1997,HONDA,ACCORD,38.99962167,-76.99311667,"(38.99962167, -76.99311667)"
DD5502001C,15041339,ROCKVILLE,Injury Crash,08/18/2015 04:57:00 PM,Maryland (State),VEIRS MILL RD,DODGE ST,,N/A,,SAME DIR REAR END,RAINING,WET,DAYLIGHT,NO CONTROLS,NONE DETECTED,,5398DD5C-AF7A-4419-BDD4-432D1B8FE6B9,No,NO APPARENT INJURY,"RAIN, SNOW, WET",NOT DISTRACTED,CA,CDDAB564-010B-4C0B-8039-65F8860DA97E,FUNCTIONAL,SIX OCLOCK,PASSENGER CAR,STOPPED IN TRAFFIC LANE,East,35,No,No,2010,LEXUS,TK,39.08110667,-77.14431,"(39.08110667, -77.14431)"
MCP2714001G,190056800,Montgomery County Police,Property Damage Crash,11/24/2019 05:11:00 PM,,,,IN THE REAR PARKING LOT OF 12207 VEIRS MILL RD,,,OTHER,CLEAR,,DARK LIGHTS ON,NO CONTROLS,ALCOHOL PRESENT,,A6922569-036E-4F88-8628-42D20C38A064,Yes,NO APPARENT INJURY,N/A,INATTENTIVE OR LOST IN THOUGHT,MD,3FFEF9E5-BC2D-4DDE-BE95-5A2D15D57C27,FUNCTIONAL,SIX OCLOCK,PASSENGER CAR,BACKING,North,15,No,No,2005,HONDA,CIVIC,39.05767333,-77.08149167,"(39.05767333, -77.08149167)"
MCP22910089,250004672,MONTGOMERY,Property Damage Crash,02/01/2025 01:02:00 PM,Maryland (State) Route,,BURNING TREE RD,,,,Angle,Clear,Dry,Daylight,Stop Sign,"Not Suspect of Alcohol Use, Not Suspect of Drug Use",,59F041D0-C4FF-4733-AE8C-2135223CADC3,Yes,No Apparent Injury,,Not Distracted,MD,EB663971-F4A7-452B-86AC-CCD9E39FB65B,Disabling,Twelve O Clock,Sport Utility Vehicle,Accelerating,Northbound,35,No,No,2025,VOLVO,XC90,39.00373514,-77.13727246,"(39.00373514, -77.13727246)"
MCP3290000S,210023296,Montgomery County Police,Property Damage Crash,06/18/2021 01:37:00 AM,County,LAWNSBERRY PL,MCALPINE RD,,N/A,,SAME DIRECTION SIDESWIPE,CLEAR,DRY,DARK LIGHTS ON,NO CONTROLS,UNKNOWN,,6B02966D-9353-4A55-ABFA-E48EF50B9834,Yes,NO APPARENT INJURY,N/A,UNKNOWN,,B8CC490C-9C3E-45E1-A66B-8BE436495AAE,FUNCTIONAL,ONE OCLOCK,PASSENGER CAR,MOVING CONSTANT SPEED,East,25,No,No,2015,AUDI,2S,39.01516624,-76.99604056,"(39.01516624, -76.99604056)"
MCP3113006V,250000384,MONTGOMERY,Property Damage Crash,01/03/2025 04:00:00 PM,US (State),COLUMBIA PIKE,,,,,Front to Rear,Snow,Wet,Daylight,No Controls,"Not Suspect of Alcohol Use, Not Suspect of Drug Use",,76948D8B-3794-42B0-BA96-1B9484303BB3,No,No Apparent Injury,,Not Distracted,MD,8820B478-3FB7-481B-9D1C-EF1860A4EFF6,Superficial,Five O Clock,Passenger Car,Stopped in Traffic,Northbound,40,No,No,2015,TOYOTA,PRIUS,39.04793561,-76.98444414,"(39.04793561, -76.98444414)"
MCP3009002T,200036748,Montgomery County Police,Injury Crash,09/19/2020 01:25:00 PM,Maryland (State),OLNEY LAYTONSVILLE RD,FIELDCREST RD,,N/A,,STRAIGHT MOVEMENT ANGLE,CLEAR,DRY,DAYLIGHT,TRAFFIC SIGNAL,N/A,,DDE5D1BC-1F5F-4341-8E18-A6F10E092758,Yes,NO APPARENT INJURY,N/A,NOT DISTRACTED,MD,59A4CCA5-66F6-4DCC-95BB-957CBD14B48D,DISABLING,TWELVE OCLOCK,PASSENGER CAR,MAKING LEFT TURN,West,50,No,No,2009,TOYT,4S,39.18929062,-77.12058954,"(39.18929062, -77.12058954)"
DD56160010,16031503,Rockville Police Departme,Property Damage Crash,06/22/2016 07:50:00 AM,Municipality,WOOTTON PKWY,ROCKVILLE PIKE,,N/A,,SAME DIRECTION SIDESWIPE,CLEAR,DRY,DAYLIGHT,TRAFFIC SIGNAL,NONE DETECTED,,68B7732C-C074-4825-BE19-585E2068D0A5,Yes,NO APPARENT INJURY,N/A,NOT DISTRACTED,MD,801E6697-E721-40C6-AB9C-A1C5FAB68E98,DISABLING,TWELVE OCLOCK,PASSENGER CAR,SLOWING OR STOPPING,West,30,No,No,2003,HOND,TK,39.07650217,-77.14000017,"(39.07650217, -77.14000017)"
MCP26370025,170543885,Montgomery County Police,Injury Crash,11/20/2017 01:45:00 PM,,,,FROM PARKING SPACE IFO 14401 TRAVILLE GARDEN CIRC,,,OTHER,CLEAR,,DAYLIGHT,N/A,NONE DETECTED,,8F9937AE-8D84-470A-9A79-D99B397811B8,Yes,POSSIBLE INJURY,N/A,UNKNOWN,MD,6C6F4B02-80EE-4F87-A1F7-E8C7F543C714,SUPERFICIAL,ONE OCLOCK,PASSENGER CAR,STARTING FROM PARKED,South,15,No,No,2005,KIA,SPECTRA5,39.09311833,-77.20389683,"(39.09311833, -77.20389683)"
MCP2813004Q,180016810,Montgomery County Police,Injury Crash,04/06/2018 09:15:00 PM,Maryland (State),UNIVERSITY BLVD W,EISNER ST,,N/A,,OTHER,CLEAR,DRY,DARK LIGHTS ON,NO CONTROLS,N/A,,692E09F9-771A-469F-9932-76D466AE220A,No,POSSIBLE INJURY,N/A,LOOKED BUT DID NOT SEE,MD,3A2D108E-4ED9-4440-AD6C-734F26B09809,DISABLING,TWELVE OCLOCK,PASSENGER CAR,MOVING CONSTANT SPEED,West,35,No,No,2004,TOYOTA,CAMRY,39.02975333,-77.02107333,"(39.02975333, -77.02107333)"
MCP11190079,190037678,Montgomery County Police,Property Damage Crash,08/07/2019 03:58:00 PM,County,ARCOLA AVE,CHANNING DR,,N/A,,SAME DIR REAR END,RAINING,WET,DAYLIGHT,NO CONTROLS,NONE DETECTED,,0A8BFD86-467D-41C6-80A7-24F8CBA52F61,Yes,NO APPARENT INJURY,"RAIN, SNOW, WET",NOT DISTRACTED,AR,E4F987CE-7A47-4528-9884-E4AB2A178627,FUNCTIONAL,TWELVE OCLOCK,PASSENGER CAR,SLOWING OR STOPPING,West,30,No,No,1999,TOYOTA,CAMRY,39.04732333,-77.04080833,"(39.04732333, -77.04080833)"
MCP2679003X,240031768,MONTGOMERY,Property Damage Crash,07/05/2024 09:00:00 PM,County Route,CONNECTICUT AVE,CONNECTICUT AVE GEORGIA AVE,,,,Angle,Clear,Dry,Dark - Lighted,Traffic Control Signal,"Not Suspect of Alcohol Use, Not Suspect of Drug Use",,3BD45974-FDB2-4D1D-8057-6C046227BB14,No,No Apparent Injury,,Not Distracted,MD,4552219C-DCD9-473A-B2F7-8247DCED5470,Superficial,One O Clock,Bus - Transit,Moving Constant Speed,Eastbound,35,No,No,2013,NEW FLYER,XCELSIOR,39.08374055,-77.07766861,"(39.08374055, -77.07766861)"
MCP29320027,180037737,Montgomery County Police,Property Damage Crash,07/27/2018 07:18:00 PM,,,,"ENTRANCE TO PARKING GARAGE #58 LOCATED AT 1315 EAST WEST HWY, SILVER SPRING, MD 20910",,,SINGLE VEHICLE,CLEAR,,DAYLIGHT,N/A,NONE DETECTED,,390E34F1-2BB9-42B3-9515-5597459F96DE,Yes,NO APPARENT INJURY,N/A,UNKNOWN,MD,58B416C0-5F72-48D6-8900-99FBECDAC70B,SUPERFICIAL,ROOF TOP,"CARGO VAN/LIGHT TRUCK 2 AXLES (OVER 10,000LBS (4,536 KG))",SLOWING OR STOPPING,North,5,No,No,2014,GMC,TG33,38.99186167,-77.03057,"(38.99186167, -77.03057)"
MCP30050077,230010031,Montgomery County Police,Injury Crash,02/28/2023 04:31:00 PM,Maryland (State),GEORGIA AVE,BEL PRE RD,,N/A,,SAME DIR REAR END,CLEAR,DRY,DAYLIGHT,TRAFFIC SIGNAL,NONE DETECTED,,7FFDC852-E565-4D21-8AAE-CDE24CF96285,Yes,NO APPARENT INJURY,N/A,LOOKED BUT DID NOT SEE,MD,3DBD9742-2A7F-491C-AD9D-1F16AF275A61,SUPERFICIAL,TWELVE OCLOCK,PASSENGER CAR,STARTING FROM LANE,North,35,No,No,2013,FORD,FLEX,39.09253333,-77.07919167,"(39.09253333, -77.07919167)"
MCP2244000X,16011973,MONTGOMERY,Injury Crash,03/10/2016 06:38:00 PM,Maryland (State),UNIVERSITY BLVD E,LEXINGTON DR,,N/A,,SAME DIRECTION SIDESWIPE,CLEAR,DRY,DARK LIGHTS ON,N/A,NONE DETECTED,,DFE444CC-4A92-49CB-9569-4C7551766237,Yes,NO APPARENT INJURY,N/A,LOOKED BUT DID NOT SEE,DC,963F517A-234D-4C17-9FDF-3FDC1CAF4D6E,DISABLING,ONE OCLOCK,PASSENGER CAR,CHANGING LANES,West,40,No,No,2010,HONDA,ACCORD 4S,39.01952962,-77.01096565,"(39.01952962, -77.01096565)"
MCP2198004P,180057171,Montgomery County Police,Injury Crash,11/14/2018 05:45:00 PM,Maryland (State),GREAT SENECA HWY,KENTLANDS BLVD,,GAITHERSBURG,,SAME DIRECTION SIDESWIPE,CLEAR,DRY,DARK LIGHTS ON,TRAFFIC SIGNAL,ALCOHOL CONTRIBUTED,,3318B8F8-3F29-4A92-8FE4-80245C9B60DD,Yes,SUSPECTED MINOR INJURY,N/A,UNKNOWN,MD,66FFC8EC-C020-4921-B954-8093ADB4B6FB,DISABLING,TWELVE OCLOCK,PASSENGER CAR,ACCELERATING,North,55,No,No,2013,TOYOTA,CAMRY,39.12350667,-77.23100167,"(39.12350667, -77.23100167)"
MCP2215002F,230051503,Montgomery County Police,Property Damage Crash,08/26/2023 03:18:00 PM,County,SUNDOWN RD,ZION RD,,N/A,,OPPOSITE DIR BOTH LEFT TURN,CLEAR,DRY,DAYLIGHT,N/A,NONE DETECTED,,B379C665-B06C-4734-8AB4-91D37A9A7A44,Yes,NO APPARENT INJURY,"N/A, RUTS, HOLES, BUMPS, SHOULDERS LOW, SOFT, HIGH",NOT DISTRACTED,MD,39283189-725A-4663-B284-CE16E389ABF2,DISABLING,TEN OCLOCK,PASSENGER CAR,MOVING CONSTANT SPEED,East,40,No,No,2014,AUDI,SU,39.21938833,-77.099605,"(39.21938833, -77.099605)"
MCP137800FX,17005816,Montgomery County Police,Property Damage Crash,02/02/2017 04:11:00 PM,County,CRESTED IRIS WAY,ROYAL WOODS CT,,N/A,,SAME DIRECTION RIGHT TURN,CLEAR,DRY,DAYLIGHT,NO CONTROLS,NONE DETECTED,,51CC0FD0-F023-4E9F-87DA-7E21552E1F8B,Yes,NO APPARENT INJURY,N/A,NOT DISTRACTED,MD,43E312E6-1C52-4110-B62A-92B186149D04,NO DAMAGE,FOUR OCLOCK,SCHOOL BUS,MAKING RIGHT TURN,South,15,No,No,2012,THOMAS BUILT,BUS,39.17951333,-77.21342333,"(39.17951333, -77.21342333)"
MCP24460030,170517674,Montgomery County Police,Injury Crash,07/06/2017 04:57:00 PM,County,WARFIELD RD,DORSEY RD,,N/A,,STRAIGHT MOVEMENT ANGLE,CLOUDY,WET,DAYLIGHT,STOP SIGN,NONE DETECTED,,4C2D784A-A997-495F-A874-D5B99FE66838,Yes,SUSPECTED MINOR INJURY,"N/A, WET",UNKNOWN,MD,E772F9FC-99AB-403A-A9E0-1200C1415723,FUNCTIONAL,NINE OCLOCK,(SPORT) UTILITY VEHICLE,MAKING LEFT TURN,West,25,No,No,1999,SUBARU,FORESTER,39.19739833,-77.14424167,"(39.19739833, -77.14424167)"
MCP3296002V,240057503,MONTGOMERY,Injury Crash,12/01/2024 02:59:00 PM,Maryland (State) Route,SANDY SPRING RD (WB/L),,,,,Front to Rear,Clear,Dry,Daylight,Traffic Control Signal,"Not Suspect of Alcohol Use, Not Suspect of Drug Use",,551BE645-001A-46C4-BEF0-2108A8F16173,No,Possible Injury,,Not Distracted,MD,0E51475C-9A7E-4AD4-AD81-875CA80723A1,Disabling,One O Clock,Passenger Car,Moving Constant Speed,Westbound,40,No,No,2014,DODGE,DART,39.10633074,-76.91855616,"(39.10633074, -76.91855616)"
DM8504001F,230062195,Takoma Park Police Depart,Property Damage Crash,10/23/2023 03:30:00 PM,,,,PARKING LOT OF WALREENS (1329 UNIVERSITY BOULEVARD E),,,SAME DIRECTION SIDESWIPE,CLEAR,,DAYLIGHT,NO CONTROLS,N/A,,D3C6591E-5F40-44EC-BC76-F67428EFB255,No,NO APPARENT INJURY,N/A,NOT DISTRACTED,MD,1BD7D8CA-2EE2-4846-A60E-CA8E21140888,SUPERFICIAL,SEVEN OCLOCK,PASSENGER CAR,PARKED,,0,No,Yes,2015,SUBARU,IMPALA,38.9875582,-76.9864994,"(38.9875582, -76.9864994)"
MCP3000001W,170505027,Montgomery County Police,Property Damage Crash,04/30/2017 01:06:00 AM,,,,PARKING LOT OF 12101 BIRDSEYE TERRACE,,,OTHER,CLEAR,,DARK LIGHTS ON,NO CONTROLS,NONE DETECTED,,846302E7-8BC6-4E16-9C25-01085F008B4E,Yes,NO APPARENT INJURY,N/A,UNKNOWN,MD,8CC30F4F-D499-4ABC-BCC7-E77E09E7205D,SUPERFICIAL,ONE OCLOCK,PICKUP TRUCK,PARKING,Unknown,5,No,No,1998,DODGE,PICKUP,39.16393,-77.24934833,"(39.16393, -77.24934833)"
MCP158000DK,210004302,Montgomery County Police,Property Damage Crash,02/03/2021 10:46:00 AM,Maryland (State),FREDERICK RD,SPUR TO MD 124,,N/A,,SAME DIRECTION RIGHT TURN,CLOUDY,DRY,DAYLIGHT,N/A,NONE DETECTED,,C5297D21-58F9-4150-A864-D95F27074D06,Yes,NO APPARENT INJURY,N/A,UNKNOWN,MD,C5ACE44A-BA8C-4C1D-A688-5F95DF3CEF0C,DISABLING,ONE OCLOCK,PASSENGER CAR,CHANGING LANES,South,40,No,No,2013,KIA,SOUL,39.15298167,-77.21282667,"(39.15298167, -77.21282667)"
MCP2952001B,15057504,MONTGOMERY,Injury Crash,11/11/2015 09:11:00 AM,Maryland (State),NEW HAMPSHIRE AVE,OVERLOOK DR,,N/A,,SAME DIR REAR END,CLEAR,DRY,DAYLIGHT,NO CONTROLS,NONE DETECTED,,9C69A14E-52BC-4E0F-B27C-4927D35188F5,No,NO APPARENT INJURY,N/A,NOT DISTRACTED,MD,8003F6E7-821B-4EE8-A4B6-ED5B430D7023,FUNCTIONAL,SIX OCLOCK,PASSENGER CAR,STOPPED IN TRAFFIC LANE,South,40,No,No,2013,TOYT,HIGHLANDER,39.02433,-76.97926833,"(39.02433, -76.97926833)"
MCP3165002S,210019450,Montgomery County Police,Property Damage Crash,05/23/2021 12:00:00 AM,,,,PARKING LOT OF 14159 CASTLE BLVD,,,OTHER,CLEAR,,DARK -- UNKNOWN LIGHTING,N/A,UNKNOWN,,630558EA-CEB0-4078-A902-0D4508F62D0C,Yes,NO APPARENT INJURY,N/A,UNKNOWN,,3EE5734D-C45E-4BC8-86A3-D7D3012392BE,FUNCTIONAL,TWELVE OCLOCK,UNKNOWN,N/A,Unknown,15,Unknown,No,0,UNKNOWN,UNKNOWN,39.085855,-76.93789833,"(39.085855, -76.93789833)"
MCP2195006H,240016310,MONTGOMERY,Property Damage Crash,04/08/2024 10:00:00 AM,Maryland (State) Route,RIDGE RD (SB/L),SNOWDEN FARM PKW (WB/L)Y,,,,Angle,Clear,Dry,Daylight,Traffic Control Signal,"Not Suspect of Alcohol Use, Not Suspect of Drug Use",,2D9A0ED1-8B50-4CF3-907B-0B0D2F6E89D7,Yes,No Apparent Injury,,Talking/listening,MD,F79EAE6D-AB83-4A03-81F1-991E8040879E,Functional,Eight O Clock,Passenger Car,Moving Constant Speed,Southbound,40,No,No,2023,CHRYSLER,PACIFICA,39.2162392,-77.23900982,"(39.2162392, -77.23900982)"
MCP2040001F,200004142,Montgomery County Police,Property Damage Crash,01/25/2020 11:15:00 AM,County,SCHAEFFER RD,BURDETTE LA,,N/A,,SINGLE VEHICLE,RAINING,WET,DAYLIGHT,NO CONTROLS,NONE DETECTED,,4EDB1C8F-03B7-42BB-A83E-884A497FC206,Yes,NO APPARENT INJURY,N/A,LOOKED BUT DID NOT SEE,MD,8AED9447-930E-48B5-A4C2-AF94AA603BDE,SUPERFICIAL,NINE OCLOCK,TRANSIT BUS,STARTING FROM PARKED,East,30,No,No,2013,OTHR,BUS,39.14744682,-77.32135722,"(39.14744682, -77.32135722)"
MCP32680027,220031259,Montgomery County Police,Property Damage Crash,07/20/2022 02:44:00 PM,US (State),COLUMBIA PIKE,TECH RD,,N/A,,SAME DIR REAR END,CLEAR,DRY,DAYLIGHT,NO CONTROLS,NONE DETECTED,,22C9762A-C8FA-4DB2-8C13-E1C301B5C981,No,NO APPARENT INJURY,N/A,NOT DISTRACTED,MD,F4F32574-6D0D-46A7-BBCF-71496F92CB27,SUPERFICIAL,SIX OCLOCK,PASSENGER CAR,STOPPED IN TRAFFIC LANE,North,35,No,No,2003,TOYOTA,COROLLA,39.05760517,-76.96903067,"(39.05760517, -76.96903067)"
DD56110036,170522234,Rockville Police Departme,Property Damage Crash,08/01/2017 08:18:00 AM,Municipality,MONROE ST,E JEFFERSON ST,,N/A,,OTHER,CLEAR,DRY,DAYLIGHT,TRAFFIC SIGNAL,NONE DETECTED,,41DE2CFF-7BF9-4F8C-BDED-8C97E02B4A6B,Yes,NO APPARENT INJURY,N/A,UNKNOWN,MD,ABC56184-B6DA-4938-A9D1-22E21E0756AC,SUPERFICIAL,TWO OCLOCK,"OTHER LIGHT TRUCKS (10,000LBS (4,536KG) OR LESS)",MAKING LEFT TURN,East,30,No,No,2004,FORD,TK,39.08200626,-77.14917183,"(39.08200626, -77.14917183)"
MCP27430019,220048327,Montgomery County Police,Property Damage Crash,11/03/2022 12:56:00 AM,County,SEVEN LOCKS RD,GRAND TETON DR,,N/A,,SINGLE VEHICLE,CLEAR,DRY,DARK LIGHTS ON,NO CONTROLS,N/A,,49049BF7-C370-4B8B-BE2A-3C0D0B6CD047,Yes,NO APPARENT INJURY,N/A,OTHER CELLULAR PHONE RELATED,MD,8BF23559-69A6-465E-A664-84EEA84B32E9,DISABLING,TWELVE OCLOCK,PASSENGER CAR,MOVING CONSTANT SPEED,North,35,No,No,2018,JEEP,COMPASS,39.025975,-77.16223,"(39.025975, -77.16223)"
MCP2961001R,16067194,Montgomery County Police,Property Damage Crash,12/30/2016 05:35:00 PM,Maryland (State),VEIRS MILL RD,FERRARA AVE,,N/A,,SAME DIR REAR END,CLEAR,DRY,DARK LIGHTS ON,NO CONTROLS,NONE DETECTED,,E036443E-86B1-4CD3-8CD4-E834EB351B96,Yes,NO APPARENT INJURY,N/A,UNKNOWN,,524386A2-337F-4350-B6A9-F84BA45920CB,UNKNOWN,TWELVE OCLOCK,,MOVING CONSTANT SPEED,West,35,No,No,0,UNKNOWN,UNKNOWN,39.05326603,-77.07718939,"(39.05326603, -77.07718939)"
MCP3031004H,220044941,Montgomery County Police,Injury Crash,10/13/2022 07:20:00 PM,Maryland (State),NEW HAMPSHIRE AVE,OLD MD 198,,N/A,,STRAIGHT MOVEMENT ANGLE,RAINING,WET,DARK LIGHTS ON,STOP SIGN,NONE DETECTED,,FD84660E-BC3D-4E68-84A2-C66954707D44,No,NO APPARENT INJURY,"N/A, RAIN, SNOW",NOT DISTRACTED,MD,0D186960-FE6B-4AF2-B983-8BF69E29C6F1,DISABLING,ONE OCLOCK,PASSENGER CAR,MOVING CONSTANT SPEED,North,35,No,No,2008,SATU,4S,39.12277833,-76.98891333,"(39.12277833, -76.98891333)"
MCP2871003G,16053604,Montgomery County Police,Injury Crash,10/18/2016 04:11:00 PM,County,DEMOCRACY BLVD,FERNWOOD RD,,N/A,,SAME DIR REAR END,CLEAR,DRY,DAYLIGHT,TRAFFIC SIGNAL,NONE DETECTED,,653EDB53-4FB9-4E55-92B4-DF8410222274,Yes,NO APPARENT INJURY,N/A,LOOKED BUT DID NOT SEE,MD,8BA4E4ED-DB7A-4E30-9CB2-917A1B7FC4C2,FUNCTIONAL,TWELVE OCLOCK,PASSENGER CAR,MOVING CONSTANT SPEED,East,35,No,No,2006,HOND,2S,39.021935,-77.13474,"(39.021935, -77.13474)"
MCP3271003N,230049593,Montgomery County Police,Property Damage Crash,08/15/2023 02:40:00 PM,Maryland (State),MASSACHUSETTS AVE,BROOKVIEW DR,,N/A,,SAME DIR REAR END,CLEAR,WET,DAYLIGHT,NO CONTROLS,NONE DETECTED,,A27C86F9-5305-478D-B027-BFC42DFAD993,Yes,NO APPARENT INJURY,N/A,LOOKED BUT DID NOT SEE,VA,89AB33F4-6942-44B6-A594-F8F255FA8620,SUPERFICIAL,SIX OCLOCK,"CARGO VAN/LIGHT TRUCK 2 AXLES (OVER 10,000LBS (4,536 KG))",BACKING,East,35,No,No,2002,NISSAN,UD2600,38.95715345,-77.10739142,"(38.95715345, -77.10739142)"
MCP1233000R,15027094,Montgomery County Police,Injury Crash,06/04/2015 06:12:00 PM,Maryland (State),CONNECTICUT AVE,RAMP 4 FR MD 185 NB TO IS 495 EB,,N/A,,SAME DIR REAR END,RAINING,WET,DAYLIGHT,N/A,NONE DETECTED,,023352BF-FFCC-4B49-9802-18B5345D288A,No,SUSPECTED MINOR INJURY,N/A,NOT DISTRACTED,VA,F72F1114-6699-4D05-907E-1645E85C2337,SUPERFICIAL,SIX OCLOCK,PASSENGER CAR,SLOWING OR STOPPING,North,35,No,No,2014,NISSAN,SENTRA,39.0054009,-77.0761423,"(39.0054009, -77.0761423)"