Report Number,Local Case Number,Agency Name,ACRS Report Type,Crash Date/Time,Route Type,Road Name,Cross-Street Name,Off-Road Description,Municipality,Related Non-Motorist,Collision Type,Weather,Surface Condition,Light,Traffic Control,Driver Substance Abuse,Non-Motorist Substance Abuse,Person ID,Driver At Fault,Injury Severity,Circumstance,Driver Distracted By,Drivers License State,Vehicle ID,Vehicle Damage Extent,Vehicle First Impact Location,Vehicle Body Type,Vehicle Movement,Vehicle Going Dir,Speed Limit,Driverless Vehicle,Parked Vehicle,Vehicle Year,Vehicle Make,Vehicle Model,Latitude,Longitude,Location
MCP28710014,15005324,Montgomery County Police,Property Damage Crash,02/02/2015 04:10:00 PM,,,,6530 DEMOCRACY BLVD (MANOR CARE BETHESDA),,,OTHER,CLEAR,,DAYLIGHT,NO CONTROLS,NONE DETECTED,,58779421-068D-4F6F-87A1-D73BDC0BAFC9,Yes,NO APPARENT INJURY,N/A,NOT DISTRACTED,MD,3FA885C2-4B5F-427B-B24E-55A7D9165421,UNKNOWN,SIX OCLOCK,PASSENGER CAR,BACKING,East,5,No,No,2005,HONDA,4S,39.02201833,-77.13463,"(39.02201833, -77.13463)"
MCP21600029,210051754,Montgomery County Police,Property Damage Crash,12/19/2021 06:00:00 PM,County,STRINGFELLOW CT,CUL DE SAC,,N/A,,OTHER,CLEAR,DRY,DARK LIGHTS ON,NO CONTROLS,N/A,,BBF67285-4801-431C-8799-97436305AD01,Yes,NO APPARENT INJURY,N/A,NOT DISTRACTED,MD,FF10FA2E-2ED2-4DE6-B7BB-8516196CE078,SUPERFICIAL,TEN OCLOCK,FIRE VEHICLE/NON EMERGENCY,NEGOTIATING A CURVE,West,15,No,No,2015,CHEV,2500,39.1873045,-77.171827,"(39.1873045, -77.171827)"
MCP1580003C,15026438,Montgomery County Police,Injury Crash,06/01/2015 02:20:00 PM,County,SHADY GROVE RD,GAITHER RD,,ROCKVILLE,,SAME DIR REAR END,CLEAR,DRY,DAYLIGHT,TRAFFIC SIGNAL,NONE DETECTED,,3AF99EF2-03F2-46CB-82EF-009A07ECF5D2,Yes,NO APPARENT INJURY,N/A,UNKNOWN,MD,98EB6C7E-460F-4907-9912-200506EB0E38,SUPERFICIAL,TWELVE OCLOCK,PASSENGER CAR,STARTING FROM LANE,South,40,No,No,2015,CHRYS,200,39.117605,-77.1838,"(39.117605, -77.1838)"
MCP9406000G,15008208,Montgomery County Police,Injury Crash,02/19/2015 02:59:00 PM,Maryland (State),OLNEY LAYTONSVILLE RD,FIELDCREST RD,,N/A,,SAME DIR REAR END,CLEAR,ICE,DAYLIGHT,N/A,NONE DETECTED,,401E9C31-3665-4213-B95F-9B1479EDE6B1,No,NO APPARENT INJURY,"ICY OR SNOW-COVERED, V WIPERS|W OTHER ENVIRONMENTAL",NOT DISTRACTED,MD,3932CE34-D55F-478A-907F-BD33E0051752,FUNCTIONAL,SIX OCLOCK,PASSENGER CAR,STOPPED IN TRAFFIC LANE,East,50,No,No,2006,VW,JETTA,39.18758,-77.118995,"(39.18758, -77.118995)"
MCP3285001Q,220016511,Montgomery County Police,Property Damage Crash,04/18/2022 10:40:00 PM,County,WYNNFIELD DR,WATERS LANDING DR,,N/A,,SINGLE VEHICLE,RAINING,WET,DARK LIGHTS ON,NO CONTROLS,NONE DETECTED,,930D9F0C-DD1F-4B89-98A1-5F2A03277E1E,Yes,NO APPARENT INJURY,"N/A, WET",UNKNOWN,MD,66923AA5-33B7-4D5C-9002-E1A0C2085311,DESTROYED,TWELVE OCLOCK,PASSENGER CAR,MOVING CONSTANT SPEED,East,35,No,No,2022,TOYOTA,PRIUS,39.193505,-77.27793833,"(39.193505, -77.27793833)"
MCP2783003V,200043861,Montgomery County Police,Injury Crash,11/06/2020 05:18:00 PM,County,RANDOLPH RD,BUSHEY DR,,N/A,,STRAIGHT MOVEMENT ANGLE,CLEAR,DRY,DARK LIGHTS ON,STOP SIGN,NONE DETECTED,,9414CE45-8F37-404E-96E9-3A79AD3F1FC3,No,NO APPARENT INJURY,N/A,NOT DISTRACTED,MD,5A4D044E-FC4C-4B52-8AF5-4D01948706CE,DISABLING,TWELVE OCLOCK,PASSENGER CAR,MOVING CONSTANT SPEED,West,35,No,No,2012,HOND,4S,39.057495,-77.078115,"(39.057495, -77.078115)"
MCP3200003T,210038807,Montgomery County Police,Property Damage Crash,09/30/2021 01:56:00 PM,County,NEBEL ST,RANDOLPH RD,,N/A,,SAME DIR REAR END,CLEAR,DRY,DAYLIGHT,TRAFFIC SIGNAL,NONE DETECTED,,2B43B87E-EB60-4D47-87D7-59D581DF7F94,Yes,NO APPARENT INJURY,N/A,UNKNOWN,MD,4C45A394-7DBE-4F51-ADE2-0714DE39391F,NO DAMAGE,TWELVE OCLOCK,PASSENGER CAR,MOVING CONSTANT SPEED,North,35,No,No,2018,JEEP,WRANGLER,39.0529445,-77.11063633,"(39.0529445, -77.11063633)"
MCP2992000V,16039324,Montgomery County Police,Property Damage Crash,08/03/2016 07:04:00 PM,Maryland (State),GEORGIA AVE,HEATHFIELD RD,,N/A,,SAME DIR REAR END,CLEAR,DRY,DAYLIGHT,NO CONTROLS,NONE DETECTED,,C60E69B5-0936-4368-8888-18D00BE55A92,Yes,NO APPARENT INJURY,N/A,NOT DISTRACTED,MD,DDAE1D20-53E6-4304-A571-FE657110DFBF,DISABLING,ONE OCLOCK,PASSENGER CAR,CHANGING LANES,North,45,No,No,2013,HYANDAI,SONATA,39.08837333,-77.07957333,"(39.08837333, -77.07957333)"
MCP2932001M,170520856,Montgomery County Police,Property Damage Crash,07/24/2017 11:52:00 AM,County,THAYER AVE,GEORGIA AVE,,N/A,,OTHER,CLEAR,DRY,DAYLIGHT,N/A,NONE DETECTED,,ACE5A1FD-F55C-44EC-9687-7B54F4A56599,Yes,NO APPARENT INJURY,N/A,UNKNOWN,MD,CB68D408-A075-4090-9651-D9357417A70A,SUPERFICIAL,ONE OCLOCK,SNOWMOBILE,MOVING CONSTANT SPEED,East,25,No,No,2004,HONDA,PILOT,38.99300167,-77.025845,"(38.99300167, -77.025845)"
MCP31260065,250008022,MONTGOMERY,Injury Crash,02/23/2025 05:03:00 PM,Maryland (State) Route,,,,,,Rear To Side,Clear,Dry,Daylight,No Controls,"Not Suspect of Alcohol Use, Not Suspect of Drug Use",,D6CBE77C-3933-4614-9BB8-BF2D2C39FF02,Yes,Suspected Minor Injury,"Failed to Yield Right-of-Way, Improper Turn",Unknown,MD,DF3C9783-A4E3-4C42-877F-236AF84C914D,Disabling,Twelve O Clock,Passenger Car,Entering Traffic Lane,Not On Roadway,40,No,No,2015,HONDA,CIVIC,39.26719003,-77.20503676,"(39.26719003, -77.20503676)"
MCP3125000S,180035180,Montgomery County Police,Injury Crash,07/16/2018 04:15:00 PM,Maryland (State),DARNESTOWN RD,MUDDY BRANCH RD,,N/A,,SAME DIR REAR END,CLEAR,N/A,DAYLIGHT,N/A,N/A,,616F408C-E9B3-44F2-B29B-FC2C3D9399DD,No,POSSIBLE INJURY,N/A,NOT DISTRACTED,MD,4B96F063-BA17-4596-8ED1-352A93A7728D,FUNCTIONAL,SIX OCLOCK,PASSENGER CAR,SLOWING OR STOPPING,West,40,No,No,2003,MERCURY,GRAND MARQUIS,39.102535,-77.21983333,"(39.102535, -77.21983333)"
MCP2637003X,200041554,Montgomery County Police,Property Damage Crash,10/21/2020 02:02:00 PM,County,SADDLEVIEW DR,DUFIEF MILL RD,,N/A,,SAME DIRECTION SIDESWIPE,CLEAR,DRY,DAYLIGHT,N/A,NONE DETECTED,,AE246C2A-7505-48A6-93C0-5BC7AC116B1C,No,NO APPARENT INJURY,N/A,NOT DISTRACTED,MD,A104CFB0-FCEC-4BDF-8695-43FA447E46E6,NO DAMAGE,FIVE OCLOCK,"OTHER LIGHT TRUCKS (10,000LBS (4,536KG) OR LESS)",MOVING CONSTANT SPEED,North,35,No,No,2014,FORD,F350,39.084105,-77.24212833,"(39.084105, -77.24212833)"
MCP16040007,15001681,Montgomery County Police,Property Damage Crash,01/11/2015 10:26:00 AM,County,SNOUFFERS SCHOOL RD,FLOWER HILL WAY,,N/A,,STRAIGHT MOVEMENT ANGLE,CLEAR,DRY,DAYLIGHT,STOP SIGN,NONE DETECTED,,0D8303E7-E126-46EB-AA41-ABFACCE0BFDB,Yes,NO APPARENT INJURY,N/A,NOT DISTRACTED,PA,E8F37579-5897-425C-BB76-858700D01B89,DISABLING,ELEVEN OCLOCK,PASSENGER CAR,MOVING CONSTANT SPEED,North,40,No,No,2013,HONDA,CIVIC,39.167185,-77.17268333,"(39.167185, -77.17268333)"
EJ7851001M,16050031,Gaithersburg Police Depar,Injury Crash,09/29/2016 06:43:00 AM,Maryland (State),MONTGOMERY VILLAGE AVE,RUSSELL AVE,,GAITHERSBURG,,SAME DIR REAR END,RAINING,WET,DARK LIGHTS ON,TRAFFIC SIGNAL,NONE DETECTED,,EA41D3DF-5586-489E-8708-F8E82A381A38,Yes,NO APPARENT INJURY,"RAIN, SNOW, WET",LOOKED BUT DID NOT SEE,TN,E9883EEE-EC74-41C2-9FA4-041F010C60E7,FUNCTIONAL,TWELVE OCLOCK,PASSENGER CAR,SLOWING OR STOPPING,West,30,No,No,2006,JEEP,WUS,39.15402503,-77.21009016,"(39.15402503, -77.21009016)"
MCP2239001Q,200036723,Montgomery County Police,Property Damage Crash,09/19/2020 10:26:00 AM,County,SHADY GROVE RD,W MONTGOMERY AVE,,N/A,,STRAIGHT MOVEMENT ANGLE,CLEAR,DRY,DAYLIGHT,TRAFFIC SIGNAL,N/A,,553D140C-59C7-4C5B-BE9E-37D48232570B,Unknown,NO APPARENT INJURY,N/A,LOOKED BUT DID NOT SEE,FL,90877352-3371-4432-B3A3-61D0A80F1DEC,DISABLING,TWELVE OCLOCK,PASSENGER CAR,ACCELERATING,North,45,No,No,2018,NISSAN,MAXIMA,39.10345,-77.19053,"(39.10345, -77.19053)"
DD5625003D,200002168,Rockville Police Departme,Property Damage Crash,01/13/2020 04:30:00 PM,Municipality,NELSON ST,COLLEGE PKWY,,ROCKVILLE,,OTHER,CLEAR,DRY,DUSK,STOP SIGN,NONE DETECTED,,F4E7F5DD-B58B-4579-9F45-26FCCD8F8129,Unknown,NO APPARENT INJURY,N/A,NOT DISTRACTED,MD,6D9F96EC-64A7-4842-B019-C6A3E7EC82C1,SUPERFICIAL,NINE OCLOCK,TRANSIT BUS,MAKING LEFT TURN,South,25,No,No,2013,GILL,BUS,39.09514605,-77.1679134,"(39.09514605, -77.1679134)"
MCP2723004L,190040645,Montgomery County Police,Injury Crash,08/25/2019 10:55:00 AM,Maryland (State),GEORGIA AVE,EMORY CHURCH RD,,N/A,,STRAIGHT MOVEMENT ANGLE,CLEAR,DRY,DAYLIGHT,TRAFFIC SIGNAL,N/A,,B457666A-C51F-4853-89C8-5C8CB69F9A31,No,SUSPECTED MINOR INJURY,N/A,LOOKED BUT DID NOT SEE,MD,B02FE5B1-2D45-48C2-9968-6BA8225B248D,DISABLING,ONE OCLOCK,PASSENGER CAR,MAKING LEFT TURN,North,45,No,No,2012,DODGE,GRAND CARAVAN,39.13034167,-77.07118667,"(39.13034167, -77.07118667)"
MCP24250046,15001018,Montgomery County Police,Property Damage Crash,01/07/2015 09:23:00 AM,Maryland (State),UNIVERSITY BLVD E,RAMP 4 FR MD 193 NB TO IS 495 EB,,N/A,,SAME DIRECTION SIDESWIPE,CLEAR,N/A,DAYLIGHT,NO CONTROLS,NONE DETECTED,,F4523A89-59FB-421F-BCE7-AFCE639A6ECE,Unknown,NO APPARENT INJURY,N/A,NOT DISTRACTED,MD,BF621D14-4E94-429C-963C-19548F7D42D8,SUPERFICIAL,EIGHT OCLOCK,SCHOOL BUS,MOVING CONSTANT SPEED,East,40,No,No,2012,THOMAS,BUS,39.01461833,-77.004725,"(39.01461833, -77.004725)"
MCP31910022,200046334,Montgomery County Police,Property Damage Crash,11/23/2020 07:30:00 PM,Maryland (State),FREDERICK RD,RIDGEMONT AVE,,ROCKVILLE,,SAME DIR REND RIGHT TURN,CLEAR,DRY,DARK LIGHTS ON,NO CONTROLS,NONE DETECTED,,766110D7-BA55-4C25-9A2F-0E6A10BE7734,No,NO APPARENT INJURY,N/A,NOT DISTRACTED,MD,01CBD5AA-34F2-47F1-B2EB-6E7B12A39E7B,DISABLING,FIVE OCLOCK,PASSENGER CAR,MAKING RIGHT TURN,North,35,No,No,2016,NISSAN,VERSA,39.11874667,-77.17063167,"(39.11874667, -77.17063167)"
MCP2008006B,190034384,Montgomery County Police,Injury Crash,07/19/2019 06:47:00 PM,County,RYLAND DR,SINGLETON DR,,N/A,BICYCLIST,OTHER,CLEAR,DRY,DAYLIGHT,STOP SIGN,NONE DETECTED,NONE DETECTED,0C0497C5-FACB-440A-9322-1E0D791954BC,Yes,NO APPARENT INJURY,"N/A, VISION OBSTRUCTION (INCL. BLINDED BY SUN)",LOOKED BUT DID NOT SEE,MD,CE837C95-6406-4103-8738-02072EAED397,SUPERFICIAL,TWELVE OCLOCK,(SPORT) UTILITY VEHICLE,ACCELERATING,West,30,No,No,2018,VOLK,TK,39.01299,-77.118245,"(39.01299, -77.118245)"
MCP2536004Q,230025546,Montgomery County Police,Property Damage Crash,05/28/2023 12:32:00 AM,Maryland (State),VEIRS MILL RD,TWINBROOK PKWY,,N/A,,OTHER,CLEAR,DRY,DARK LIGHTS ON,NO CONTROLS,NONE DETECTED,,9C8E2CE0-9747-45EB-83ED-A859FCAA186E,No,NO APPARENT INJURY,N/A,NOT DISTRACTED,MD,7CA475B6-A5F9-41B3-9275-2C58EDA5F2EB,DISABLING,ONE OCLOCK,PASSENGER CAR,MOVING CONSTANT SPEED,South,45,No,No,2014,LEXUS,IS350,39.07110167,-77.107385,"(39.07110167, -77.107385)"
MCP3274001S,230034541,Montgomery County Police,Property Damage Crash,07/20/2023 12:14:00 PM,Maryland (State),OLD GEORGETOWN RD,SPUR TO MD 355,,N/A,,HEAD ON LEFT TURN,CLEAR,DRY,DAYLIGHT,TRAFFIC SIGNAL,NONE DETECTED,,E203A8EA-99D5-4590-87A6-8D0604206A8E,Yes,NO APPARENT INJURY,N/A,NOT DISTRACTED,MD,1469EB1B-CFE1-487D-BCBF-D6D2932867F6,SUPERFICIAL,ELEVEN OCLOCK,PASSENGER CAR,ACCELERATING,North,35,No,No,2017,KIA,UT,39.04914683,-77.11713317,"(39.04914683, -77.11713317)"
MCP30680031,200048892,Montgomery County Police,Property Damage Crash,12/11/2020 07:15:00 PM,Maryland (State),RIVER RD,GREENWAY DR,,N/A,,SAME DIR REAR END,CLEAR,DRY,DARK LIGHTS ON,TRAFFIC SIGNAL,N/A,,8DB9152B-FA85-4799-85BD-51CD50D0A88C,Yes,NO APPARENT INJURY,N/A,NOT DISTRACTED,MD,9C7AC98F-A343-4616-8733-4AB77A35A132,DISABLING,TWELVE OCLOCK,(SPORT) UTILITY VEHICLE,ACCELERATING,East,35,No,No,2020,JAGUAR,I-PACE,38.96020667,-77.09693833,"(38.96020667, -77.09693833)"
MCP32130009,190040866,Montgomery County Police,Injury Crash,08/26/2019 05:32:00 PM,Maryland (State),GEORGIA AVE,NOYES DR,,N/A,,STRAIGHT MOVEMENT ANGLE,CLEAR,DRY,DAYLIGHT,NO CONTROLS,NONE DETECTED,,C9496CF4-E8C3-4D0B-983D-1764123D5F84,Yes,NO APPARENT INJURY,N/A,LOOKED BUT DID NOT SEE,MD,6627C0CB-2EFA-4BCF-8664-2B2362C1A132,DISABLING,FOUR OCLOCK,PASSENGER CAR,MOVING CONSTANT SPEED,South,35,No,No,2015,HONDA,FIT,39.00272333,-77.03464833,"(39.00272333, -77.03464833)"
MCP2055000V,15064482,MONTGOMERY,Property Damage Crash,12/17/2015 02:32:00 PM,County,SHADY GROVE RD,BLACKWELL RD,,ROCKVILLE,,STRAIGHT MOVEMENT ANGLE,RAINING,WET,DAYLIGHT,NO CONTROLS,NONE DETECTED,,D018F399-061D-4300-AA5C-C1AA22AD4016,Yes,NO APPARENT INJURY,"RAIN, SNOW, WET",OTHER DISTRACTION,MD,CF6DFCAE-AFFA-4CE1-A74B-77F4170E44EB,DISABLING,THREE OCLOCK,PASSENGER CAR,MAKING LEFT TURN,North,40,No,No,2014,HONDA,OD VAN,39.10089333,-77.19165,"(39.10089333, -77.19165)"
MCP2291003X,190043703,Montgomery County Police,Injury Crash,09/12/2019 02:10:00 PM,County,NICHOLSON LA,ENT TO WHITE FLINT MALL,,N/A,,HEAD ON LEFT TURN,CLEAR,DRY,DAYLIGHT,TRAFFIC SIGNAL,NONE DETECTED,,01CE0A89-E4A8-4007-9EC8-B0F3D6D962DD,No,POSSIBLE INJURY,N/A,NOT DISTRACTED,MD,9A3D9B99-4C4E-4D48-8BE0-1291798EB6F3,DISABLING,TWELVE OCLOCK,(SPORT) UTILITY VEHICLE,MOVING CONSTANT SPEED,East,30,No,No,2015,HONDA,CRV,39.04502433,-77.107017,"(39.04502433, -77.107017)"
MCP26740048,23005336,Montgomery County Police,Property Damage Crash,09/05/2023 05:06:00 PM,County,WIGHTMAN RD,BRINK RD,,N/A,,HEAD ON,CLEAR,DRY,DAYLIGHT,STOP SIGN,NONE DETECTED,,557331DC-31B3-4109-832A-E80C915B62CC,No,NO APPARENT INJURY,N/A,NOT DISTRACTED,MD,EDD2F0B9-0DB3-4CCB-98D2-85690B055C42,DISABLING,ELEVEN OCLOCK,PICKUP TRUCK,SLOWING OR STOPPING,North,35,No,No,2017,FORD,F150,39.2009905,-77.20381017,"(39.2009905, -77.20381017)"
MCP137800XN,210021642,Montgomery County Police,Property Damage Crash,06/07/2021 02:50:00 PM,Maryland (State),MONTGOMERY VILLAGE AVE,RUSSELL AVE,,GAITHERSBURG,,SAME DIR REAR END,CLOUDY,DRY,DAYLIGHT,TRAFFIC SIGNAL,NONE DETECTED,,7E6E073A-B89A-4A32-98BD-BF3EF6FDBAEC,Yes,NO APPARENT INJURY,N/A,OTHER DISTRACTION,NC,1AD4783E-AD56-4F32-BA90-790BB384FBC2,FUNCTIONAL,TWELVE OCLOCK,PASSENGER CAR,SLOWING OR STOPPING,South,35,No,No,2012,HOND,ACCORD,39.15456787,-77.20933256,"(39.15456787, -77.20933256)"
DD56730009,240042035,ROCKVILLE,Property Damage Crash,09/05/2024 07:15:00 AM,Maryland (State) Route,FIRST ST (WB/L),,,,,Front to Rear,Clear,Dry,Daylight,Traffic Control Signal,"Not Suspect of Alcohol Use, Not Suspect of Drug Use",,67204C15-24A7-4080-A901-DCEACEB6E604,Yes,No Apparent Injury,"Followed Too Closely, Operated Motor Vehicle in Inattentive, Careless, Negligent, or Erratic Manner, Too Fast For Conditions","Other Action (looking away from task, etc.)",MD,79A92B1E-86A4-44C9-932D-3E3F219DF18D,Disabling,Twelve O Clock,Passenger Car,Moving Constant Speed,Westbound,30,No,No,2017,RAM,PROMASTER 1500,39.08104297,-77.13752692,"(39.08104297, -77.13752692)"
MCP3112000S,180042233,Montgomery County Police,Property Damage Crash,08/24/2018 05:10:00 PM,County,NEWPORT MILL RD,UNIVERSITY BLVD W,,N/A,,SAME DIR REAR END,CLEAR,DRY,DAYLIGHT,TRAFFIC SIGNAL,UNKNOWN,,ACBA1744-0D33-48E1-BDDA-DE77F104D323,Yes,NO APPARENT INJURY,N/A,UNKNOWN,MD,4A9BB749-9FFC-4EF1-8F3A-27B086791168,SUPERFICIAL,TWELVE OCLOCK,"OTHER LIGHT TRUCKS (10,000LBS (4,536KG) OR LESS)",SLOWING OR STOPPING,South,25,No,No,2003,FORD,ESCAPE,39.03394548,-77.07249217,"(39.03394548, -77.07249217)"
MCP2601000K,180044402,Montgomery County Police,Property Damage Crash,09/05/2018 09:00:00 PM,US (State),COLESVILLE RD,RAMP 4 FR US 29 NB TO IS 495 EB,,N/A,,SAME DIR REAR END,CLEAR,DRY,DARK NO LIGHTS,NO CONTROLS,NONE DETECTED,,3032BE8C-35D7-4A96-923D-FB4C720E0BE5,Yes,NO APPARENT INJURY,N/A,NOT DISTRACTED,MD,C8205512-A6A2-4ADE-B20B-6DF6092C6ECC,DISABLING,TWELVE OCLOCK,PASSENGER CAR,MOVING CONSTANT SPEED,North,35,No,No,2013,DODGE,JOURNEY,39.01389667,-77.01666833,"(39.01389667, -77.01666833)"
MCP11820013,16004516,Montgomery County Police,Property Damage Crash,01/28/2016 08:42:00 AM,Maryland (State),GOLDSBORO RD,MILLWOOD RD,,N/A,,SAME DIR REAR END,CLEAR,ICE,DAYLIGHT,NO CONTROLS,N/A,,5EFD989A-DEFA-44D3-AC71-390435E7D2D7,No,NO APPARENT INJURY,"ICY OR SNOW-COVERED, RAIN, SNOW",NOT DISTRACTED,MD,33DEC443-2AD2-47B9-9387-4F5E2500C83A,FUNCTIONAL,TWELVE OCLOCK,PICKUP TRUCK,MOVING CONSTANT SPEED,South,30,No,No,1995,CHEVROLET,C1500,38.973995,-77.11857333,"(38.973995, -77.11857333)"
MCP3060003W,230000266,Montgomery County Police,Property Damage Crash,01/03/2023 07:07:00 AM,Maryland (State),WISCONSIN AVE,STANFORD ST,,N/A,,SAME DIRECTION SIDESWIPE,CLEAR,DRY,DAWN,NO CONTROLS,UNKNOWN,,ADBD33A0-9637-4E95-9221-A131CBE8286D,Yes,NO APPARENT INJURY,N/A,UNKNOWN,,B1F5B641-9D56-4129-A8CF-6FC6F5C06487,UNKNOWN,TWELVE OCLOCK,PASSENGER CAR,CHANGING LANES,South,25,No,No,1999,HONDA,4D,38.97848,-77.09151833,"(38.97848, -77.09151833)"
MCP2160001R,190058450,Montgomery County Police,Property Damage Crash,12/04/2019 04:15:00 PM,County,ARROWHEAD RD,QUILL PL,,N/A,,SAME DIR REAR END,N/A,DRY,DUSK,NO CONTROLS,NONE DETECTED,,7B9795E2-A7DC-424B-BE90-D8F0194CF017,No,NO APPARENT INJURY,N/A,NOT DISTRACTED,MD,83DD814C-9FF1-4853-BC89-35304958BEB4,FUNCTIONAL,SIX OCLOCK,PASSENGER CAR,STOPPED IN TRAFFIC LANE,South,25,No,No,2010,HYUN,ELANTRA,39.18626667,-77.19480667,"(39.18626667, -77.19480667)"
MCP285900BK,220001357,Montgomery County Police,Property Damage Crash,01/12/2022 09:30:00 AM,County,BRIARDALE RD,BRIARDALE TERR,,N/A,,SAME DIRECTION SIDESWIPE,CLEAR,DRY,DAYLIGHT,NO CONTROLS,NONE DETECTED,,CBBAB0F3-7737-4FD2-A599-451D69B7C10E,Yes,NO APPARENT INJURY,N/A,LOOKED BUT DID NOT SEE,MD,AB904DA8-3891-45BA-8DDE-ADDE230D6B1E,FUNCTIONAL,ELEVEN OCLOCK,PASSENGER CAR,STARTING FROM PARKED,East,25,No,No,2014,HOND,MINIVAN,39.13392333,-77.15985,"(39.13392333, -77.15985)"
MCP1575009K,190048063,Montgomery County Police,Injury Crash,10/07/2019 07:41:00 AM,County,CRABBS BRANCH WAY,REDLAND RD,,N/A,BICYCLIST,OTHER,CLOUDY,DRY,DAYLIGHT,TRAFFIC SIGNAL,NONE DETECTED,NONE DETECTED,24AEE957-D361-4138-BB52-5F9EC2A57071,Yes,NO APPARENT INJURY,N/A,NOT DISTRACTED,MD,C2C52E60-2C7E-4B3B-88D3-D616A39CF440,NO DAMAGE,UNKNOWN,"OTHER LIGHT TRUCKS (10,000LBS (4,536KG) OR LESS)",RIGHT TURN ON RED,North,35,No,No,2017,RAM,3500,39.12108167,-77.15834833,"(39.12108167, -77.15834833)"
MCP2059003H,17014665,Montgomery County Police,Property Damage Crash,03/22/2017 02:39:00 PM,,,,"SURFACE PARKING LOT IN FRONT OF 5620 RANDOLPH RD, ROCKVILLE, MD",,,HEAD ON,CLEAR,,DAYLIGHT,NO CONTROLS,NONE DETECTED,,35B93D63-14BE-424A-B776-44552041C132,Yes,NO APPARENT INJURY,N/A,UNKNOWN,MD,57369C37-B599-4901-9D7D-BD6450BB78CD,FUNCTIONAL,ELEVEN OCLOCK,PASSENGER CAR,MOVING CONSTANT SPEED,East,10,No,No,2007,JAGUAR,XJ8,39.05275667,-77.10552833,"(39.05275667, -77.10552833)"
MCP3292001Y,230067530,Montgomery County Police,Injury Crash,11/21/2023 12:37:00 AM,Maryland (State),CLOPPER RD,FIRSTFIELD RD,,GAITHERSBURG,,STRAIGHT MOVEMENT ANGLE,CLEAR,N/A,DARK LIGHTS ON,FLASHING TRAFFIC SIGNAL,NONE DETECTED,,B7A53EFC-4A2A-4298-A67F-119C3A1836FF,Yes,SUSPECTED MINOR INJURY,N/A,LOOKED BUT DID NOT SEE,MD,C23BC581-6A65-499F-B554-BF96BF51092B,DISABLING,EIGHT OCLOCK,PASSENGER CAR,ACCELERATING,North,35,No,No,2018,HOND,SW,39.14356923,-77.2236572,"(39.14356923, -77.2236572)"
MCP3044006H,230007027,Montgomery County Police,Property Damage Crash,02/11/2023 06:10:00 PM,Maryland (State),NEW HAMPSHIRE AVE,SCHINDLER DR,,N/A,,SAME DIRECTION SIDESWIPE,CLEAR,DRY,DARK LIGHTS ON,TRAFFIC SIGNAL,NONE DETECTED,,BD226B24-CAE0-4880-8881-83B520D3CA30,No,NO APPARENT INJURY,N/A,NOT DISTRACTED,MD,823F0015-0045-4979-9993-FB77994EE9BC,DISABLING,ONE OCLOCK,(SPORT) UTILITY VEHICLE,STOPPED IN TRAFFIC LANE,South,40,No,No,2016,LEXUS,NX200T,39.03419,-76.98705833,"(39.03419, -76.98705833)"
MCP24960017,200015953,Montgomery County Police,Property Damage Crash,04/14/2020 05:45:00 AM,Maryland (State),GEORGIA AVE,16TH ST,,N/A,,SAME DIRECTION RIGHT TURN,CLEAR,DRY,DAWN,NO CONTROLS,NONE DETECTED,,4668446B-816C-4580-AC07-35BA260CEF3A,Yes,NO APPARENT INJURY,N/A,NOT DISTRACTED,MD,AF4DBA7F-C845-4DFE-8179-4BF6D755ECE3,FUNCTIONAL,SIX OCLOCK,(SPORT) UTILITY VEHICLE,CHANGING LANES,South,45,No,No,2017,MERZ,TK,39.00766253,-77.03981646,"(39.00766253, -77.03981646)"
MCP0036003B,15061569,MONTGOMERY,Injury Crash,12/02/2015 05:32:00 PM,Maryland (State),RIDGE RD,HIGH CORNER ST,,N/A,,STRAIGHT MOVEMENT ANGLE,RAINING,WET,DARK LIGHTS ON,TRAFFIC SIGNAL,NONE DETECTED,,06770C29-6C76-4E30-9F6D-6F9E9DF1C04C,No,POSSIBLE INJURY,N/A,NOT DISTRACTED,MD,0E9F9AEC-1E98-4B6A-9F1C-E67E8871ABFB,DISABLING,ONE OCLOCK,PASSENGER CAR,MAKING LEFT TURN,North,30,No,No,2009,CHEVY,IMPALA,39.290235,-77.20474833,"(39.290235, -77.20474833)"
MCP2121002C,210047431,Montgomery County Police,Property Damage Crash,11/22/2021 07:45:00 AM,County,W WILLARD RD,IZAAK WALTON WAY,,N/A,,SINGLE VEHICLE,RAINING,WET,DAWN,NO CONTROLS,N/A,,D58BB8FE-9D76-44FB-9C79-26600A73525D,Yes,NO APPARENT INJURY,"RAIN, SNOW, WET",NOT DISTRACTED,MD,5298083A-D0A0-4FC8-BCD0-5B79A4CF03B0,DESTROYED,TWELVE OCLOCK,(SPORT) UTILITY VEHICLE,MOVING CONSTANT SPEED,North,30,No,No,2022,TESLA,MODEL Y,39.1030643,-77.41818596,"(39.1030643, -77.41818596)"