Report Number,Local Case Number,Agency Name,ACRS Report Type,Crash Date/Time,Route Type,Road Name,Cross-Street Name,Off-Road Description,Municipality,Related Non-Motorist,Collision Type,Weather,Surface Condition,Light,Traffic Control,Driver Substance Abuse,Non-Motorist Substance Abuse,Person ID,Driver At Fault,Injury Severity,Circumstance,Driver Distracted By,Drivers License State,Vehicle ID,Vehicle Damage Extent,Vehicle First Impact Location,Vehicle Body Type,Vehicle Movement,Vehicle Going Dir,Speed Limit,Driverless Vehicle,Parked Vehicle,Vehicle Year,Vehicle Make,Vehicle Model,Latitude,Longitude,Location
MCP2798006M,250012893,MONTGOMERY,Property Damage Crash,03/24/2025 05:00:00 PM,County Route,CENTURY BLVD,MIDDLEBROOK RD,,,,Angle,Clear,Dry,Daylight,Traffic Control Signal,"Not Suspect of Alcohol Use, Not Suspect of Drug Use",,6A1B56C8-2BC6-4351-8B66-6A5EB1CD2DC6,No,No Apparent Injury,,Unknown,MD,A3E964B4-45D3-4C8D-A831-F3A1B59E73CA,Disabling,Twelve O Clock,Sport Utility Vehicle,Moving Constant Speed,,35,No,No,2018,FORD,EXPLORER,39.1802135,-77.26865667,"(39.1802135, -77.26865667)"
MCP3003002Y,180055916,Montgomery County Police,Property Damage Crash,11/07/2018 03:07:00 PM,Maryland (State),ROCKVILLE PIKE,ENT TO BUSINESS,,N/A,,STRAIGHT MOVEMENT ANGLE,CLEAR,DRY,DAYLIGHT,NO CONTROLS,NONE DETECTED,,2CA4DA1B-CAFE-4BA5-8BA8-DDDE473C84AE,Yes,NO APPARENT INJURY,N/A,UNKNOWN,MD,89B46219-6A58-4FE7-A9D1-31621B8B145B,DESTROYED,TWELVE OCLOCK,PASSENGER CAR,MAKING LEFT TURN,South,40,No,No,2017,HYUNDAI,ACCENT,39.04351167,-77.11079167,"(39.04351167, -77.11079167)"
MCP2871009S,240012298,MONTGOMERY,Injury Crash,03/14/2024 04:04:00 PM,County Route,MONTROSE PKWY (WB/L),MONTROSE PKWY (WB/L) TOWNE RD,,,,Other,Clear,Dry,Daylight,Traffic Control Signal,"Not Suspect of Alcohol Use, Not Suspect of Drug Use",,56AA22A0-069D-490D-8DC7-AE866CF30769,No,No Apparent Injury,,Not Distracted,MD,AFAA0CC6-EFB6-4B32-B13E-FD342A76FC22,Disabling,One O Clock,Passenger Car,Turning Left,,40,No,,2005,TOYOTA,CAMRY,39.05201698,-77.11855853,"(39.05201698, -77.11855853)"
MCP31010013,180043468,Montgomery County Police,Property Damage Crash,08/31/2018 02:40:00 PM,County,CONTOUR RD,TUNSTALL DR,,N/A,,SAME DIR REAR END,RAINING,WET,DAYLIGHT,YIELD SIGN,NONE DETECTED,,5CAA508B-FA79-4D48-8960-A17C6AB3EEE5,Yes,NO APPARENT INJURY,"N/A, WET",INATTENTIVE OR LOST IN THOUGHT,MD,951652AB-1C5C-43BD-81C5-E175BC386FD8,DISABLING,TWELVE OCLOCK,PASSENGER CAR,MOVING CONSTANT SPEED,North,25,No,No,2005,DODGE,STATUS,39.15445,-77.19675833,"(39.15445, -77.19675833)"
MCP271700DV,170542573,Montgomery County Police,Property Damage Crash,11/13/2017 03:40:00 PM,,,,3901 DENFELD AVENUE (ROCK-VIEW ELEMENTARY SCHOOL PARKING LOT),,,SAME DIRECTION SIDESWIPE,CLEAR,,DAYLIGHT,NO CONTROLS,NONE DETECTED,,5F762DF7-EB37-4E33-A723-B1756AA7B71B,No,NO APPARENT INJURY,N/A,NOT DISTRACTED,MD,EC6743EE-DFA1-4B64-8247-6B22ED94FF49,SUPERFICIAL,EIGHT OCLOCK,SCHOOL BUS,MAKING LEFT TURN,South,5,No,No,2011,THOMAS,SCHOOL BUS,39.03896817,-77.077673,"(39.03896817, -77.077673)"
MCP27990080,240037454,MONTGOMERY,Property Damage Crash,08/08/2024 03:50:00 PM,County Route,SILVER SPRING AVE,,,,,"Sideswipe, Same Direction",Rain,Wet,Daylight,No Controls,"Not Suspect of Alcohol Use, Not Suspect of Drug Use",,CED80014-7018-4119-90A6-19D97746CBB5,No,No Apparent Injury,"Failed to Yield Right-of-Way, Over-Correcting/Over-Steering",Unknown,VA,E764ED92-8A2F-4DCD-9533-D16B0EE3BE36,Disabling,Eleven O Clock,Passenger Car,Moving Constant Speed,Westbound,30,No,No,2008,HONDA,ACCORD,38.99168617,-77.025234,"(38.99168617, -77.025234)"
MCP2818001R,16023877,Montgomery County Police,Property Damage Crash,05/13/2016 08:03:00 PM,US (State),GEORGIA AVE,KING ST,,N/A,,HEAD ON LEFT TURN,CLEAR,DRY,DAYLIGHT,NO CONTROLS,NONE DETECTED,,85E4EFA5-8512-4396-BAE4-6F264B5CCA6E,No,NO APPARENT INJURY,N/A,NOT DISTRACTED,MD,15AB87F6-6043-4860-9B3D-668B5C7DD6F9,FUNCTIONAL,ELEVEN OCLOCK,PASSENGER CAR,MOVING CONSTANT SPEED,North,35,No,No,2011,HYUN,SONATA,38.98654833,-77.02649333,"(38.98654833, -77.02649333)"
MCP2942001L,16026975,Montgomery County Police,Injury Crash,05/30/2016 06:15:00 PM,,,,PARKING LOT IN FRONT OF 4978 SENTINEL DRIVE,,PEDESTRIAN,OTHER,CLEAR,,DAYLIGHT,NO CONTROLS,UNKNOWN,NONE DETECTED,80E815CF-CAB6-42EE-BA55-3B83D642B6C1,Yes,NO APPARENT INJURY,N/A,UNKNOWN,,4DF0577A-08C9-4216-822A-E36B1ECC4E2D,FUNCTIONAL,ELEVEN OCLOCK,PASSENGER CAR,MOVING CONSTANT SPEED,East,0,No,No,0,UNKNOWN,UNKNOWN,38.95066,-77.11489,"(38.95066, -77.11489)"
MCP137800H4,170513251,Montgomery County Police,Injury Crash,06/12/2017 04:16:00 PM,County,SAM EIG HWY,SPUR TO MD 119,,N/A,,SAME DIR REAR END,CLEAR,DRY,DAYLIGHT,NO CONTROLS,NONE DETECTED,,99D3DD46-DE3A-4F98-B10A-1D9F764BBD2F,Yes,NO APPARENT INJURY,N/A,NOT DISTRACTED,MD,054F99FF-D9A7-4BCA-A85F-68098A06B669,DISABLING,ONE OCLOCK,PASSENGER CAR,MOVING CONSTANT SPEED,South,50,No,No,2014,MERZ,S550,39.11097167,-77.21126167,"(39.11097167, -77.21126167)"
MCP27200016,15024050,Montgomery County Police,Property Damage Crash,05/19/2015 06:06:00 PM,County,BEL PRE RD,NORTH GATE DR,,N/A,,SAME DIR REAR END,CLEAR,DRY,DAYLIGHT,NO CONTROLS,N/A,,D59CC6BB-2E4F-4E7C-AB53-4A3C84CFA370,Yes,NO APPARENT INJURY,N/A,UNKNOWN,MD,0F1D1857-8092-49A8-8DCD-9C5744FE2A19,DISABLING,TWELVE OCLOCK,PASSENGER CAR,MOVING CONSTANT SPEED,East,35,No,No,2008,NISSAN,MAXIMA,39.09041167,-77.051285,"(39.09041167, -77.051285)"
MCP29830025,170537833,Montgomery County Police,Property Damage Crash,10/20/2017 05:51:00 PM,County,SEMINARY RD,BROOKVILLE RD,,N/A,,STRAIGHT MOVEMENT ANGLE,CLEAR,DRY,DUSK,STOP SIGN,NONE DETECTED,,71F5A650-80D3-446F-AA06-D75ECAB9ACBD,No,NO APPARENT INJURY,N/A,NOT DISTRACTED,MD,D605E846-D262-470A-9882-171C676FA7C5,DISABLING,TWELVE OCLOCK,PASSENGER CAR,MOVING CONSTANT SPEED,West,30,No,No,2000,HONDA,ACCORD,39.00989167,-77.04418333,"(39.00989167, -77.04418333)"
MCP3384001H,250026091,MONTGOMERY,Property Damage Crash,06/11/2025 06:00:00 PM,County Route,SEMINARY RD,LINDEN LA,,,,Front to Rear,Clear,Dry,Daylight,No Controls,"Unknown, Unknown",,66E98AAB-0E2D-48A8-98CD-DA8A684C78C8,No,,,,,9DD582B4-5FAA-4B35-B56E-1419CF9F2E96,Vehicle Not at Scene,Vehicle Not at Scene,Passenger Car,Moving Constant Speed,Westbound,25,No,No,2022,DODGE,CHARGER,39.00885683,-77.04336433,"(39.00885683, -77.04336433)"
EJ78940055,240053436,GAITHERSBURG,Property Damage Crash,11/07/2024 10:09:00 AM,Maryland (State) Route,FREDERICK RD (SB/L),QUINCE ORCHARD RD,,,,Front to Rear,Clear,Dry,Daylight,Traffic Control Signal,"Not Suspect of Alcohol Use, Not Suspect of Drug Use",,F4E0D3E3-3E45-4BAB-8F98-8CF6EEDAEFD2,No,No Apparent Injury,,Not Distracted,MD,B9D3E3B8-C8A7-4F1C-9C89-E803709A7DF1,Superficial,Six O Clock,Pickup,Stopped in Traffic,,35,No,No,2017,NISSAN,FRONTIER,39.15227514,-77.21201561,"(39.15227514, -77.21201561)"
MCP26070010,15039135,MONTGOMERY,Property Damage Crash,08/06/2015 06:20:00 PM,Maryland (State),CLOPPER RD,STONERIDGE DR,,N/A,,SAME DIR REAR END,CLEAR,DRY,DAYLIGHT,NO CONTROLS,NONE DETECTED,,32DB212B-9601-4DBF-9E07-E93D12469161,Yes,NO APPARENT INJURY,N/A,NOT DISTRACTED,MD,3033DB74-45C6-4E51-95B8-F9C8E9605807,DISABLING,TWELVE OCLOCK,PASSENGER CAR,SLOWING OR STOPPING,North,35,No,No,1996,TOYOTA,TK,39.14921333,-77.24137333,"(39.14921333, -77.24137333)"
MCP3163004M,220032200,Montgomery County Police,Property Damage Crash,07/26/2022 05:14:00 PM,,,,PARKING LOT OF 11712 PARKLAWN DR,,,OTHER,N/A,,DAYLIGHT,N/A,N/A,,9367F4E5-511D-48B6-AB04-31B5414BCF62,Yes,NO APPARENT INJURY,N/A,LOOKED BUT DID NOT SEE,,19576691-9785-432A-88F0-2C7882F0BE51,FUNCTIONAL,FIVE OCLOCK,UNKNOWN,BACKING,North,15,No,No,2020,ACURA,4D,39.04802,-77.10313333,"(39.04802, -77.10313333)"
MCP26770014,170515744,Montgomery County Police,Injury Crash,06/25/2017 10:02:00 PM,County,SCENERY DR,FREDERICK RD,,N/A,BICYCLIST,STRAIGHT MOVEMENT ANGLE,CLEAR,N/A,DARK LIGHTS ON,STOP SIGN,N/A,N/A,ED1E45E1-CD50-4C9E-BEC3-ED9EC4D955E7,No,NO APPARENT INJURY,N/A,NOT DISTRACTED,MD,806CE84B-0C3C-4E27-8E2E-ACE78B66C623,FUNCTIONAL,TWELVE OCLOCK,PASSENGER CAR,SLOWING OR STOPPING,West,45,No,No,2004,ACURA,4S,39.17546992,-77.23792076,"(39.17546992, -77.23792076)"
MCP2102001F,190036985,Montgomery County Police,Property Damage Crash,08/03/2019 08:29:00 AM,County,EASTWOOD AVE,MARVIN RD,,N/A,,OPPOSITE DIRECTION SIDESWIPE,CLEAR,DRY,DAYLIGHT,NO CONTROLS,NONE DETECTED,,C5ED116B-934B-4018-BC3E-75C045F05B61,Yes,NO APPARENT INJURY,N/A,NOT DISTRACTED,MD,65B2830E-1C9E-47DB-BF0F-EDFD994EC0CB,DISABLING,ONE OCLOCK,PASSENGER CAR,PASSING,South,25,No,No,2015,CHRYSLER,200 4S,39.03007833,-77.01499667,"(39.03007833, -77.01499667)"
MCP235800BZ,230065531,Montgomery County Police,Property Damage Crash,11/10/2023 09:30:00 AM,County,BALTIMORE AVE,RIVER RD,,N/A,,OTHER,RAINING,WET,DAYLIGHT,NO CONTROLS,NONE DETECTED,,9C6AC81A-F646-4C45-9C38-B7073A939D60,Yes,NO APPARENT INJURY,N/A,NOT DISTRACTED,MD,FC34B169-5A65-4BCF-9201-08194E4C87CD,SUPERFICIAL,THREE OCLOCK,SCHOOL BUS,MOVING CONSTANT SPEED,South,25,No,No,2016,THOMAS,PUSH MSDE D12,38.9599467,-77.09632161,"(38.9599467, -77.09632161)"
MCP25880069,190045288,Montgomery County Police,Property Damage Crash,09/22/2019 02:28:00 PM,County,RANDOLPH RD,DALEWOOD DR,,N/A,,SINGLE VEHICLE,CLEAR,DRY,DAYLIGHT,NO CONTROLS,UNKNOWN,,FA6FF2DF-2860-423E-9813-5FC2F9ADDDF9,Yes,NO APPARENT INJURY,N/A,UNKNOWN,XX,7897B388-68F3-4CC8-9F1A-F41F3BEFEA3D,DISABLING,TWELVE OCLOCK,VAN,MOVING CONSTANT SPEED,East,35,No,No,2008,MAZDA,5,39.05917167,-77.06615167,"(39.05917167, -77.06615167)"
MCP1563006L,210009436,Montgomery County Police,Property Damage Crash,03/13/2021 09:07:00 AM,Maryland (State),EAST WEST HWY,CAREY LA,,N/A,,SAME DIRECTION RIGHT TURN,CLEAR,DRY,DAYLIGHT,NO CONTROLS,UNKNOWN,,5EB1088B-F9D8-4901-A554-736667C72B59,Yes,NO APPARENT INJURY,N/A,UNKNOWN,MD,8C787CD9-02EA-4EE9-9DFC-9E0B9CB8D846,FUNCTIONAL,ONE OCLOCK,PASSENGER CAR,CHANGING LANES,East,35,No,No,2010,MERCEDES,E350,38.99546833,-77.03869833,"(38.99546833, -77.03869833)"
DD5633003L,200019773,Rockville Police Departme,Property Damage Crash,05/17/2020 12:19:00 PM,Municipality,S FALLSMEAD WAY,WOOTTON PKWY,,ROCKVILLE,,SAME DIR REAR END,CLOUDY,DRY,DAYLIGHT,NO CONTROLS,NONE DETECTED,,75D449D5-0049-4CD5-B154-F843E2C45FD6,Yes,NO APPARENT INJURY,N/A,NOT DISTRACTED,MD,DBA8E450-F137-4D8D-B668-F22DADAF6F5D,DISABLING,TWELVE OCLOCK,PASSENGER CAR,MOVING CONSTANT SPEED,East,35,No,No,2017,VOLK,4S,39.07180447,-77.17856141,"(39.07180447, -77.17856141)"
MCP2496000L,16021771,Montgomery County Police,Property Damage Crash,05/03/2016 08:15:00 AM,County,RIDGE RD,RIDGE PL,,N/A,,OTHER,CLEAR,UNKNOWN,DAYLIGHT,NO CONTROLS,N/A,,6A4E870F-40FE-48B9-99C9-96E9EFA779C3,No,NO APPARENT INJURY,N/A,NOT DISTRACTED,MD,2C4C04A5-D33B-4093-9EE7-F816124A6310,DISABLING,TWELVE OCLOCK,PASSENGER CAR,MOVING CONSTANT SPEED,North,30,No,No,2014,VOLK,DS,39.28655638,-77.20847815,"(39.28655638, -77.20847815)"
EJ7893003T,250019974,GAITHERSBURG,Property Damage Crash,05/06/2025 07:29:00 PM,Municipality Route,W DEER PARK RD,S FREDERICK RD (SB/L),,,,Front to Rear,Clear,Dry,Daylight,Traffic Control Signal,"Not Suspect of Alcohol Use, Not Suspect of Drug Use",,64A2F8B8-9033-4E7A-90E8-FA48A9FA92FC,No,No Apparent Injury,,Not Distracted,MD,F1BDA473-3705-43C0-B379-031BE819DE20,Superficial,Six O Clock,Sport Utility Vehicle,Stopped in Traffic,,35,No,No,2020,GMC,TERRAIN,39.1321145,-77.18905818,"(39.1321145, -77.18905818)"
MCP2689001F,15060966,MONTGOMERY,Injury Crash,11/29/2015 02:11:00 PM,County,MONTROSE RD,E JEFFERSON ST,,N/A,,HEAD ON,RAINING,WET,DAYLIGHT,TRAFFIC SIGNAL,NONE DETECTED,,D8E2EE21-5E1A-419E-AD4B-53E888075AA8,No,SUSPECTED MINOR INJURY,"RAIN, SNOW, WET",NOT DISTRACTED,MD,13C452D3-1061-4789-92BD-F6CF9234575C,DISABLING,TWELVE OCLOCK,PASSENGER CAR,STOPPED IN TRAFFIC LANE,East,40,No,No,2013,NISSAN,ROGUE,39.05281,-77.12685333,"(39.05281, -77.12685333)"
MCP2959002Y,170527722,Montgomery County Police,Injury Crash,08/30/2017 09:41:00 AM,County,RANDOLPH RD,BREGMAN RD,,N/A,,STRAIGHT MOVEMENT ANGLE,CLEAR,DRY,DAYLIGHT,STOP SIGN,NONE DETECTED,,DE1A2BE1-2E8D-4B64-85FC-55A1800CD829,Yes,NO APPARENT INJURY,N/A,LOOKED BUT DID NOT SEE,PA,C127A5A4-EB55-4C2A-A7D7-D28E0C1E7870,SUPERFICIAL,TWELVE OCLOCK,"CARGO VAN/LIGHT TRUCK 2 AXLES (OVER 10,000LBS (4,536 KG))",STARTING FROM LANE,North,40,No,No,2005,DODGE,CARAVAN,39.07459,-77.00564333,"(39.07459, -77.00564333)"
MCP2917007B,200049793,Montgomery County Police,Property Damage Crash,12/18/2020 04:15:00 PM,County,RANDOLPH RD,SELFRIDGE RD,,N/A,,SAME DIRECTION SIDESWIPE,CLEAR,DRY,DAYLIGHT,TRAFFIC SIGNAL,NONE DETECTED,,977DBC31-4D54-44A5-9E49-FC5486608F0F,No,NO APPARENT INJURY,N/A,NOT DISTRACTED,MD,F4C9466A-A49F-4158-8DA7-904555851F36,DISABLING,TWELVE OCLOCK,PASSENGER CAR,MOVING CONSTANT SPEED,West,35,No,No,2010,NISSAN,ALTIMA,39.05543333,-77.08386167,"(39.05543333, -77.08386167)"
MCP3055000B,170526347,Montgomery County Police,Property Damage Crash,08/24/2017 08:00:00 AM,County,OLNEY MILL RD,RIPLEY MANOR TERR (PROP),,N/A,,OTHER,CLEAR,DRY,DAYLIGHT,N/A,N/A,,66D038A1-C719-4B55-921F-7CD07E2D9B42,Yes,NO APPARENT INJURY,N/A,NOT DISTRACTED,MD,AAEAA0D7-074B-4CD9-BB08-40E117DFF9A1,N/A,ONE OCLOCK,PASSENGER CAR,MAKING LEFT TURN,West,15,No,No,2014,CHEVEROLET,CAMARO,39.16370744,-77.09556788,"(39.16370744, -77.09556788)"
MCP3019004C,210049125,Montgomery County Police,Property Damage Crash,12/03/2021 04:00:00 PM,Maryland (State),EAST WEST HWY,SUNDALE DR,,N/A,,SAME DIRECTION LEFT TURN,CLEAR,DRY,DAYLIGHT,NO CONTROLS,N/A,,76A5D1B0-9D78-46B6-A5FD-112736399894,Yes,NO APPARENT INJURY,N/A,NOT DISTRACTED,MD,FF4411FA-7FA4-4F0A-8227-0B5250BDD868,FUNCTIONAL,ONE OCLOCK,SCHOOL BUS,MOVING CONSTANT SPEED,East,35,No,No,2015,THOMAS,BUS,38.99525167,-77.04714667,"(38.99525167, -77.04714667)"
MCP3263003B,230023356,Montgomery County Police,Property Damage Crash,05/15/2023 05:00:00 PM,Maryland (State),WISCONSIN AVE,EAST WEST HWY (W/B COUPLET),,N/A,,STRAIGHT MOVEMENT ANGLE,CLEAR,DRY,DAYLIGHT,TRAFFIC SIGNAL,NONE DETECTED,,F698382B-ED3C-4F98-A625-D5C0F52925BC,No,NO APPARENT INJURY,N/A,NOT DISTRACTED,MD,DA201E90-2AB5-4B3F-945F-2E1F4B75AD0F,N/A,TWELVE OCLOCK,PASSENGER CAR,MOVING CONSTANT SPEED,South,25,No,No,2006,TOYOTA,PRIUS,38.98473895,-77.0939512,"(38.98473895, -77.0939512)"
DD5595007D,190020706,Rockville Police Departme,Property Damage Crash,05/02/2019 08:32:00 PM,Maryland (State),ROCKVILLE PIKE,ENT TO BUSINESS,,N/A,,SAME DIR REAR END,CLOUDY,DRY,DARK LIGHTS ON,NO CONTROLS,NONE DETECTED,,3D92347A-4010-4C68-9EFB-92371576FA44,No,NO APPARENT INJURY,N/A,NOT DISTRACTED,MD,777D7358-3783-4940-9E9F-9C73799BCE1D,SUPERFICIAL,SIX OCLOCK,PASSENGER CAR,SLOWING OR STOPPING,South,40,No,No,2017,VOLSWAGON,GTI,39.06822709,-77.12956806,"(39.06822709, -77.12956806)"
MCP15500060,250014491,MONTGOMERY,Injury Crash,04/03/2025 11:55:00 AM,Maryland (State) Route,GOLDSBORO RD (SB/L),BRADLEY BLVD,,,,Angle,Clear,Dry,Daylight,Traffic Control Signal,"Not Suspect of Alcohol Use, Not Suspect of Drug Use",,BF8A52E2-A8FA-4272-B8B3-152BF8A53E12,No,Suspected Minor Injury,,Not Distracted,MD,0EDA025F-E6DC-4F72-AAE2-616FAAF281C8,Disabling,Four O Clock,Passenger Car,Turning Left,,35,No,No,2011,NISSAN,VERSA,38.97703066,-77.10684434,"(38.97703066, -77.10684434)"
MCP3021000P,170505500,Montgomery County Police,Property Damage Crash,05/02/2017 05:15:00 PM,Maryland (State),EAST WEST HWY,SPUR FR US 29,,N/A,,SAME DIR REAR END,CLEAR,DRY,DAYLIGHT,N/A,NONE DETECTED,,7CDFEB25-FAAE-4151-ADB5-11F55C648EA2,No,NO APPARENT INJURY,N/A,NOT DISTRACTED,MD,E3CD6A71-ECEA-4C82-846C-AAC45142AA4F,FUNCTIONAL,SIX OCLOCK,MOTORCYCLE,SLOWING OR STOPPING,East,30,No,No,2009,TRIU,MC,38.98798913,-77.02717423,"(38.98798913, -77.02717423)"
MCP2722002R,170546747,Montgomery County Police,Injury Crash,12/05/2017 03:48:00 PM,County,BEL PRE RD,SPUR TO MD 97,,N/A,,SAME DIR REAR END,RAINING,WET,DAYLIGHT,YIELD SIGN,N/A,,A48FC97E-5824-4A6B-8B5F-6050E1A24BA4,Yes,NO APPARENT INJURY,"N/A, RAIN, SNOW",NOT DISTRACTED,MD,A961FD56-4FB9-4AC9-B7B9-8C908D62ECF0,NO DAMAGE,TWELVE OCLOCK,PASSENGER CAR,SLOWING OR STOPPING,East,25,No,No,1999,TOYOTA,CAMRY,39.09251333,-77.07989833,"(39.09251333, -77.07989833)"
MCP3377000G,230023019,Montgomery County Police,Property Damage Crash,05/13/2023 05:05:00 PM,Maryland (State),ROCKVILLE PIKE,ELSMERE AVE,,N/A,,SAME DIRECTION SIDESWIPE,RAINING,WET,OTHER,N/A,N/A,,9402F6BC-34F5-4FA9-9210-736FC1F0804E,Yes,NO APPARENT INJURY,"N/A, WET",UNKNOWN,,888AD531-EC7E-49F0-88E2-924EEDD99985,UNKNOWN,ONE OCLOCK,UNKNOWN,MOVING CONSTANT SPEED,South,35,No,No,0,UNKNOWN,UNKNOWN,39.01193054,-77.09823971,"(39.01193054, -77.09823971)"
MCP2846001G,15066412,MONTGOMERY,Property Damage Crash,12/27/2015 01:30:00 PM,County,SHOREFIELD RD,GEORGIA AVE,,N/A,,OTHER,CLEAR,DRY,DAYLIGHT,NO CONTROLS,NONE DETECTED,,F006A48F-4D3E-49EC-BFB6-B76928FE1CBB,Yes,NO APPARENT INJURY,N/A,LOOKED BUT DID NOT SEE,MD,973705B3-E5CC-4B0C-B262-7DC0DBED88DA,SUPERFICIAL,ELEVEN OCLOCK,PASSENGER CAR,ACCELERATING,North,20,No,No,2003,SUBA,4S,39.052905,-77.05023833,"(39.052905, -77.05023833)"
MCP27700030,230002646,Montgomery County Police,Property Damage Crash,01/17/2023 12:20:00 PM,Maryland (State),MUNCASTER MILL RD,ENT TO ATHLETIC FIELD,,N/A,,SINGLE VEHICLE,RAINING,N/A,DAYLIGHT,N/A,NONE DETECTED,,2E131E95-2459-4C72-8F51-C607066F62E3,Yes,NO APPARENT INJURY,"N/A, WET",NOT DISTRACTED,DC,65707785-700A-452A-B305-A7211316C7F4,DISABLING,TWELVE OCLOCK,"OTHER LIGHT TRUCKS (10,000LBS (4,536KG) OR LESS)",MOVING CONSTANT SPEED,West,35,No,No,2016,CHEVROLET,TK,39.15171,-77.15036667,"(39.15171, -77.15036667)"
MCP25030010,190002752,Montgomery County Police,Property Damage Crash,01/17/2019 07:37:00 PM,Maryland (State),DARNESTOWN RD,BEALLSVILLE RD,,N/A,,HEAD ON,SNOW,SNOW,DARK NO LIGHTS,N/A,N/A,,3ABB7A6B-7098-46E1-84EA-D285E809D282,Yes,NO APPARENT INJURY,"ICY OR SNOW-COVERED, RAIN, SNOW",NOT DISTRACTED,MD,9D66FF20-0E80-46F3-9729-0391A2AE461D,DISABLING,FIVE OCLOCK,PASSENGER CAR,MOVING CONSTANT SPEED,West,45,No,No,2008,TOYOTA,COROLLA,39.175925,-77.40727667,"(39.175925, -77.40727667)"
MCP2189000D,200005396,Montgomery County Police,Property Damage Crash,02/01/2020 09:30:00 PM,County,MUDDY BRANCH RD,GREAT SENECA HWY,,N/A,,SAME DIR REAR END,RAINING,WET,DARK LIGHTS ON,TRAFFIC SIGNAL,UNKNOWN,,7034CF09-7D67-40F7-ADE2-B1400E60CEB3,Yes,NO APPARENT INJURY,"N/A, RAIN, SNOW",UNKNOWN,,87E2B4EC-CE3C-4CC4-8CE8-E7DFAD99B5DD,UNKNOWN,TWELVE OCLOCK,PASSENGER CAR,SLOWING OR STOPPING,North,35,No,No,0,UNKNOWN,UNKNOWN,39.11229867,-77.21603233,"(39.11229867, -77.21603233)"
MCP2816004M,250032061,MONTGOMERY,Property Damage Crash,07/18/2025 09:25:00 AM,County Route,MONTROSE RD,,,,,Front to Rear,Clear,Dry,Daylight,Traffic Control Signal,"Not Suspect of Alcohol Use, Not Suspect of Drug Use",,8E5D8748-ED12-486A-9D2C-E4FFCC60163D,No,No Apparent Injury,,Not Distracted,MD,05D85D8A-D572-4CE0-A757-AB6990EEEF8A,Functional,Six O Clock,Passenger Car,Slowing or Stopping,Eastbound,45,No,No,2024,TESLA,MODEL 3,39.05711067,-77.16314406,"(39.05711067, -77.16314406)"
MCP2376000X,210011300,Montgomery County Police,Injury Crash,03/26/2021 02:28:00 AM,Maryland (State),WISCONSIN AVE,OLD GEORGETOWN RD,,N/A,,SAME DIR REAR END,CLOUDY,DRY,DARK LIGHTS ON,TRAFFIC SIGNAL,COMBINED SUBSTANCE PRESENT,,8E1FF36D-7F86-4850-9655-89724034F163,Yes,SUSPECTED SERIOUS INJURY,N/A,NOT DISTRACTED,MD,78EDC68E-69B8-4947-A54C-90CAB813C347,DESTROYED,ELEVEN OCLOCK,VAN,MOVING CONSTANT SPEED,South,25,No,No,2006,HONDA,ODYSSEY,38.98444833,-77.094315,"(38.98444833, -77.094315)"
MCP3016002Y,210012537,Montgomery County Police,Injury Crash,04/04/2021 10:24:00 AM,County,FATHER HURLEY BLVD,WISTERIA DR,,N/A,,SINGLE VEHICLE,CLEAR,DRY,DAYLIGHT,TRAFFIC SIGNAL,COMBINED SUBSTANCE PRESENT,,E5AEE5E6-BE60-469E-B021-3A50D30B399F,Yes,POSSIBLE INJURY,N/A,INATTENTIVE OR LOST IN THOUGHT,MD,FA8B1A70-5996-4506-AECC-780BA2DF23A3,NO DAMAGE,TWELVE OCLOCK,PASSENGER CAR,MOVING CONSTANT SPEED,South,35,No,No,1997,FORD,EXPLORER,39.18158667,-77.276445,"(39.18158667, -77.276445)"
DD561500B6,210020012,Rockville Police Departme,Property Damage Crash,05/27/2021 07:00:00 AM,Maryland (State),W MONTGOMERY AVE,HURLEY AVE,,ROCKVILLE,,STRAIGHT MOVEMENT ANGLE,N/A,DRY,DAYLIGHT,TRAFFIC SIGNAL,NONE DETECTED,,22A8AC5F-5230-43B5-B9C0-FC80C110C4E2,Yes,NO APPARENT INJURY,N/A,NOT DISTRACTED,MD,A94E05FB-2A8D-467C-B50C-9AFB3BF3DEF4,FUNCTIONAL,TWELVE OCLOCK,PASSENGER CAR,MAKING RIGHT TURN,East,25,No,No,2019,TOYOTA,RAV4,39.08924635,-77.17779545,"(39.08924635, -77.17779545)"
MCP3309002L,240024129,MONTGOMERY,Property Damage Crash,05/22/2024 12:28:00 AM,Maryland (State) Route,NEW HAMPSHIRE AVE,,,,,"Sideswipe, Same Direction",Clear,Dry,Dark - Lighted,No Controls,"Unknown, Unknown",,658446A9-7665-4146-9112-239D6B80A2D3,Yes,No Apparent Injury,Failed to Yield Right-of-Way,Unknown,,B2C7BC6D-6560-4777-B33A-28D5DA5FE40A,Superficial,Two O Clock,Sport Utility Vehicle,Changing Lanes,Northbound,40,No,No,2017,LEXUS,RX,39.05292476,-76.99394283,"(39.05292476, -76.99394283)"
MCP3091001D,180047771,Montgomery County Police,Property Damage Crash,09/24/2018 06:14:00 PM,County,TRAVILAH RD,UNICORN WAY,,N/A,,OTHER,RAINING,WET,DAYLIGHT,STOP SIGN,N/A,,DF74A8C7-FCA7-41B2-9BC2-C1FCA1C39477,Yes,NO APPARENT INJURY,"RAIN, SNOW, WET",UNKNOWN,MD,FC5A6795-3ABC-4E2B-B45F-6D96FD518C2E,DISABLING,EIGHT OCLOCK,PASSENGER CAR,ACCELERATING,North,30,No,No,2013,FORD,ESCAPE,39.08944333,-77.214405,"(39.08944333, -77.214405)"