Report Number,Local Case Number,Agency Name,ACRS Report Type,Crash Date/Time,Route Type,Road Name,Cross-Street Name,Off-Road Description,Municipality,Related Non-Motorist,Collision Type,Weather,Surface Condition,Light,Traffic Control,Driver Substance Abuse,Non-Motorist Substance Abuse,Person ID,Driver At Fault,Injury Severity,Circumstance,Driver Distracted By,Drivers License State,Vehicle ID,Vehicle Damage Extent,Vehicle First Impact Location,Vehicle Body Type,Vehicle Movement,Vehicle Going Dir,Speed Limit,Driverless Vehicle,Parked Vehicle,Vehicle Year,Vehicle Make,Vehicle Model,Latitude,Longitude,Location
MCP3026003D,180046573,Montgomery County Police,Injury Crash,09/18/2018 06:41:00 AM,Maryland (State),RIVER RD,LITTLE FALLS PKWY,,N/A,,SAME DIR REAR END,RAINING,WET,DAWN,TRAFFIC SIGNAL,NONE DETECTED,,3D57E1D6-810A-43E5-A309-2328347293A6,Yes,SUSPECTED MINOR INJURY,"RAIN, SNOW, WET",NOT DISTRACTED,DC,4A33B79F-2AA8-4A7D-909C-72CDFD392293,DISABLING,TWELVE OCLOCK,PASSENGER CAR,MOVING CONSTANT SPEED,West,35,No,No,2017,HYUNDAI,ELANTRA,38.96270333,-77.10027667,"(38.96270333, -77.10027667)"
HA2492001K,25001001,MCPARK,Property Damage Crash,05/30/2025 01:00:00 PM,County Route,RANDOLPH RD (WB/L),,,,,Front to Rear,Clear,Dry,Daylight,No Controls,"Not Suspect of Alcohol Use, Not Suspect of Drug Use",,0D72E869-A7C6-43BD-AE06-071EC2213440,No,No Apparent Injury,,Unknown,MD,5EBAC1A3-7BBE-416C-B834-E7676B72240E,Superficial,One O Clock,Sport Utility Vehicle,,Westbound,35,No,No,2024,HYUNDAI,TUCSON,39.05516417,-77.08444803,"(39.05516417, -77.08444803)"
MCP2849000Y,15006274,Montgomery County Police,Property Damage Crash,02/07/2015 02:37:00 PM,Maryland (State),NEW HAMPSHIRE AVE,BAY HILL LA,,N/A,,HEAD ON LEFT TURN,CLOUDY,DRY,DAYLIGHT,NO CONTROLS,NONE DETECTED,,275DD242-4243-47A7-A038-F4D5D345696F,No,NO APPARENT INJURY,N/A,NOT DISTRACTED,MD,F7DE7011-9535-4B52-94D5-B86E49561310,DESTROYED,TWELVE OCLOCK,PASSENGER CAR,MOVING CONSTANT SPEED,South,45,No,No,2001,TOYT,4S,39.12638,-76.98998333,"(39.12638, -76.98998333)"
MCP2939005Q,210026866,Montgomery County Police,Property Damage Crash,07/12/2021 04:54:00 PM,County,SUNDOWN RD,LAYTONSVILLE RD,,N/A,,SAME DIR REAR END,CLEAR,DRY,DAYLIGHT,NO CONTROLS,NONE DETECTED,,69E94EB4-2245-44DA-8E53-AFD2A632A1B8,Yes,NO APPARENT INJURY,N/A,OTHER DISTRACTION,MD,B2FEEB1C-65CE-476E-B296-BE3E9AFFB82C,DISABLING,TWELVE OCLOCK,PASSENGER CAR,PASSING,West,40,No,No,2011,TOYOTA,CAMRY,39.213925,-77.1276,"(39.213925, -77.1276)"
MCP1472000H,15029833,Montgomery County Police,Injury Crash,06/18/2015 10:00:00 PM,Maryland (State),NEW HAMPSHIRE AVE,ELTON RD,,N/A,,SAME DIR REAR END,CLEAR,DRY,DARK LIGHTS ON,TRAFFIC SIGNAL,N/A,,88238C4D-4F0B-4244-BA02-E689877F3EF9,No,POSSIBLE INJURY,N/A,NOT DISTRACTED,MD,B0E94B11-D34D-4106-853A-3ED5AC0A5D91,FUNCTIONAL,SEVEN OCLOCK,PASSENGER CAR,STOPPED IN TRAFFIC LANE,North,40,No,No,2005,TOYOTA,HIGHLANDER SUV,39.05020333,-76.97297667,"(39.05020333, -76.97297667)"
MCP22700031,240021633,MONTGOMERY,Property Damage Crash,05/08/2024 09:45:00 AM,County Route,EGGERT DR,,,,,Angle,Clear,Dry,Daylight,No Controls,"Not Suspect of Alcohol Use, Not Suspect of Drug Use",,B94D4F94-C3AF-41F4-B9D5-E757B791E12A,No,No Apparent Injury,,Not Distracted,MD,6C068780-6D81-4376-8875-34B193818F4A,Disabling,Twelve O Clock,Van - Passenger (&lt;9 Seats),Moving Constant Speed,,30,No,,2017,TOYOTA,SIENNA,38.97899,-77.17872167,"(38.97899, -77.17872167)"
MCP30960009,180008947,Montgomery County Police,Property Damage Crash,02/21/2018 07:06:00 AM,Maryland (State),BEALLSVILLE RD,JERUSALEM RD,,N/A,,STRAIGHT MOVEMENT ANGLE,CLEAR,DRY,DAYLIGHT,STOP SIGN,NONE DETECTED,,E1DCF07C-D6C9-46EB-A930-01077648E6FA,Yes,NO APPARENT INJURY,N/A,NOT DISTRACTED,MD,64A05FD4-D3C3-408F-A494-699D1C94C334,DISABLING,TWELVE OCLOCK,PASSENGER CAR,MAKING LEFT TURN,West,40,No,No,2001,NISSAN,XTERRA,39.15421326,-77.41778836,"(39.15421326, -77.41778836)"
MCP27530038,180014946,Montgomery County Police,Property Damage Crash,03/27/2018 07:56:00 AM,County,BEL PRE RD,HOMECREST RD,,N/A,,OTHER,CLEAR,DRY,DAYLIGHT,TRAFFIC SIGNAL,NONE DETECTED,,69D46F8C-96D0-4D94-913D-DD3AAF97FDFF,No,NO APPARENT INJURY,N/A,NOT DISTRACTED,MD,3DB0B2A6-AEAF-4FC9-9CEF-00CC3E054B96,FUNCTIONAL,ONE OCLOCK,SCHOOL BUS,MOVING CONSTANT SPEED,West,35,No,No,2017,INTL,BU,39.09134259,-77.06306085,"(39.09134259, -77.06306085)"
MCP2952004H,170529115,Montgomery County Police,Injury Crash,09/07/2017 07:02:00 AM,Maryland (State),16TH ST,BEGIN BRIDGE,,N/A,,SAME DIR REAR END,N/A,DRY,DAYLIGHT,OTHER,NONE DETECTED,,AF71D727-1ECF-4616-8B54-EA9A97A9E733,No,POSSIBLE INJURY,N/A,NOT DISTRACTED,MD,7796A3F4-9887-4577-A023-1232F65F558F,FUNCTIONAL,SIX OCLOCK,(SPORT) UTILITY VEHICLE,STOPPED IN TRAFFIC LANE,South,35,No,No,2006,TOYOTA,4RUNNER,38.99912667,-77.03989167,"(38.99912667, -77.03989167)"
MCP2314001S,220050346,Montgomery County Police,Property Damage Crash,11/14/2022 04:39:00 PM,County,GREAT SENECA HWY,KEY WEST AVE,,N/A,,SAME DIRECTION SIDESWIPE,CLEAR,DRY,DAYLIGHT,TRAFFIC SIGNAL,NONE DETECTED,,4D556B98-6BAF-43D9-ADA3-ECEB48639462,Unknown,NO APPARENT INJURY,N/A,UNKNOWN,MD,B60CD8B7-14E3-4F0D-B73A-C36721A50249,FUNCTIONAL,EIGHT OCLOCK,"CARGO VAN/LIGHT TRUCK 2 AXLES (OVER 10,000LBS (4,536 KG))",MOVING CONSTANT SPEED,South,50,No,No,2007,TOYOTA,YARIS,39.10365767,-77.20651967,"(39.10365767, -77.20651967)"
MCP2487000P,180039921,Montgomery County Police,Injury Crash,08/11/2018 11:29:00 AM,Maryland (State),RIVER RD,SENECA RD,,N/A,,HEAD ON LEFT TURN,CLEAR,DRY,DAYLIGHT,NO CONTROLS,NONE DETECTED,,B5364BA4-1F89-449D-867A-D13556226606,No,POSSIBLE INJURY,N/A,NOT DISTRACTED,MD,DC2C990C-FCDB-4B36-8407-60CD071B96FE,SUPERFICIAL,FIVE OCLOCK,MOTORCYCLE,MOVING CONSTANT SPEED,West,45,No,No,2007,YAMA,MC,39.07797321,-77.32716054,"(39.07797321, -77.32716054)"
MCP289200GH,240033385,MONTGOMERY,Property Damage Crash,07/15/2024 02:34:00 PM,Local Route,METRORAIL TRACK B2 RAIL,,,,,Front to Rear,Clear,Dry,Daylight,No Controls,"Not Suspect of Alcohol Use, Not Suspect of Drug Use",,299AEC55-5C47-4BA7-9210-E63982F7436B,No,No Apparent Injury,,Not Distracted,MD,47F6C77C-8D4B-490C-AE1C-B8901C5508D7,Superficial,Six O Clock,Passenger Car,Slowing or Stopping,Southbound,30,No,No,2011,SUBARU,OUTBACK,39.01599195,-77.04301996,"(39.01599195, -77.04301996)"
MCP21160083,180008727,Montgomery County Police,Property Damage Crash,02/20/2018 08:34:00 AM,County,MONTROSE RD,WILMART ST,,ROCKVILLE,,SAME DIR REAR END,CLEAR,WET,DAYLIGHT,NO CONTROLS,NONE DETECTED,,9AE50E5F-0E2F-412C-B153-903BDC385BBC,Yes,NO APPARENT INJURY,"N/A, WET",OTHER DISTRACTION,MD,7645090C-6C47-4E41-A039-F28A1A9BD30F,DISABLING,TWELVE OCLOCK,POLICE VEHICLE/NON EMERGENCY,SLOWING OR STOPPING,West,35,No,No,2016,FORD,4S,39.05335167,-77.131995,"(39.05335167, -77.131995)"
EJ78490013,15041736,GAITHERSBURG,Injury Crash,08/20/2015 06:37:00 PM,Municipality,LAKE FOREST BLVD,FREDERICK RD,,N/A,,STRAIGHT MOVEMENT ANGLE,RAINING,WET,DAYLIGHT,N/A,NONE DETECTED,,1FE14A5A-4589-43AA-A618-3F2F79803E34,No,POSSIBLE INJURY,N/A,NOT DISTRACTED,MD,729D5647-D47C-45C1-8C86-37706B8F3C0D,DISABLING,TWELVE OCLOCK,PASSENGER CAR,MOVING CONSTANT SPEED,West,30,No,No,2011,HONDA,PILOT,39.15093833,-77.20810667,"(39.15093833, -77.20810667)"
MCP3089002W,190054583,Montgomery County Police,Injury Crash,11/12/2019 07:22:00 PM,Maryland (State),GEORGIA AVE,SPRING ST,,N/A,,SAME DIR REAR END,CLEAR,DRY,DARK LIGHTS ON,N/A,N/A,,6E56B434-A77F-4E3F-9D80-0716CF0EC38A,Unknown,NO APPARENT INJURY,N/A,LOOKED BUT DID NOT SEE,MI,9812CE3E-F628-4B5F-865E-468C2E3F03E1,NO DAMAGE,TWELVE OCLOCK,PASSENGER CAR,SLOWING OR STOPPING,North,20,No,No,2004,LEXUS,RX,38.99924167,-77.031445,"(38.99924167, -77.031445)"
MCP1378018C,240020783,MONTGOMERY,Injury Crash,05/03/2024 02:35:00 PM,County Route,MACARTHUR BLVD,GOLDSBORO RD,,,,Angle,Cloudy,Dry,Daylight,Yield Sign,"Not Suspect of Alcohol Use, Not Suspect of Drug Use",,882D60D0-70FE-4723-9D87-2A9B44E3B5EB,Yes,No Apparent Injury,Failed to Yield Right-of-Way,Not Distracted,DC,5E4975B0-02C8-45BA-82E1-EB92B8FADAFE,Disabling,Three O Clock,Passenger Car,Moving Constant Speed,Eastbound,30,No,No,2017,TOYOTA,PRIUS,38.96859784,-77.13857145,"(38.96859784, -77.13857145)"
MCP2837000T,16008821,Montgomery County Police,Injury Crash,02/22/2016 08:30:00 AM,County,CLAGETT FARM DR,BROAD GREEN DR,,N/A,,SINGLE VEHICLE,CLEAR,DRY,DAYLIGHT,NO CONTROLS,NONE DETECTED,,C5E536F3-9BDC-4AFA-939F-BE48FE10A8CB,Yes,SUSPECTED MINOR INJURY,N/A,INATTENTIVE OR LOST IN THOUGHT,MD,39D1950D-E84B-492F-B44D-6D8439F4DE6E,DISABLING,TWELVE OCLOCK,PASSENGER CAR,MOVING CONSTANT SPEED,North,25,No,No,2002,TOYT,4S,39.04565,-77.196095,"(39.04565, -77.196095)"
MCP2942001P,16034267,Montgomery County Police,Property Damage Crash,07/06/2016 06:45:00 PM,Maryland (State),GOLDSBORO RD,OXFORD RD,,N/A,,STRAIGHT MOVEMENT ANGLE,CLEAR,DRY,DAYLIGHT,STOP SIGN,NONE DETECTED,,43626F7C-D092-4ED4-BB8E-68E48D11A02F,No,NO APPARENT INJURY,N/A,NOT DISTRACTED,MD,C11B5E6F-DD3A-4633-BB56-3097EDEF22F5,DISABLING,ONE OCLOCK,PASSENGER CAR,MOVING CONSTANT SPEED,North,30,No,No,2011,FORD,TK,38.96914833,-77.140055,"(38.96914833, -77.140055)"
DD5644003M,240023389,ROCKVILLE,Property Damage Crash,05/10/2024 07:00:00 PM,Municipality Route,GIBBS STREET,,,,,Single Vehicle,Clear,Dry,Daylight,No Controls,"Not Suspect of Alcohol Use, Not Suspect of Drug Use",,5CE4126B-8E98-4A9C-B672-639A87BA453F,Yes,No Apparent Injury,,Not Distracted,MD,724015DF-AC12-4B81-91FC-39BA3A246ACF,Superficial,One O Clock,Passenger Car,Turning Right,Eastbound,25,No,No,2021,DODGE,CHARGER,39.08678138,-77.15209956,"(39.08678138, -77.15209956)"
MCP3151000M,180049862,Montgomery County Police,Injury Crash,10/05/2018 04:26:00 PM,County,AMHERST AVE,UNIVERSITY BLVD W,,N/A,,SAME DIRECTION SIDESWIPE,CLOUDY,DRY,DAYLIGHT,TRAFFIC SIGNAL,NONE DETECTED,,C11D2AE2-6789-4A06-AD04-252A53BB06AE,No,NO APPARENT INJURY,N/A,NOT DISTRACTED,MD,9CB5DA28-9FB1-49FD-9817-1C80053AAF0D,DISABLING,TWELVE OCLOCK,PASSENGER CAR,STARTING FROM PARKED,North,30,No,No,2007,HONDA,VN,39.04105794,-77.04834415,"(39.04105794, -77.04834415)"
MCP271700TT,210009330,Montgomery County Police,Property Damage Crash,03/12/2021 02:45:00 PM,County,WILLARD AVE,THE HILLS PLAZA,,FRIENDSHIP HEIGHTS,,SAME DIRECTION SIDESWIPE,CLEAR,DRY,DAYLIGHT,NO CONTROLS,UNKNOWN,,494BD4B0-8B95-4968-8089-17579B53E597,Yes,NO APPARENT INJURY,N/A,UNKNOWN,,CC8AA125-411C-48AC-94B4-06569E5ADECD,UNKNOWN,UNKNOWN,,PASSING,North,25,No,No,0,UNKNOWN,UNKNOWN,38.96182667,-77.08828567,"(38.96182667, -77.08828567)"
MCP2962009R,250008693,MONTGOMERY,Injury Crash,02/27/2025 01:40:00 PM,County Route,WARING STATION RD,,,,,Front to Front,Cloudy,Dry,Daylight,No Controls,"Not Suspect of Alcohol Use, Not Suspect of Drug Use",,B38CCF96-1F9F-42B7-8DBC-8F17EFEF7994,Yes,Possible Injury,Failed to Keep in Proper Lane,"Other Action (looking away from task, etc.)",MD,3C57ADF6-0F72-4EE1-A860-4B5F11389932,Disabling,Twelve O Clock,Passenger Car,Moving Constant Speed,Eastbound,35,No,No,2023,TOYOTA,RAV4,39.1738755,-77.25351733,"(39.1738755, -77.25351733)"
MCP27600071,250029501,MONTGOMERY,Property Damage Crash,07/02/2025 07:11:00 PM,,,,Parking Lot Way        PARKING LOT OF 19210 MONTGOMERY VILLAGE AVE,,,Angle,Clear,,Daylight,,"Not Suspect of Alcohol Use, Not Suspect of Drug Use",,1F126620-5F72-4C03-9C8E-4B9C2206A8EF,Yes,No Apparent Injury,Improper Backing,Unknown,,26611D82-5887-4794-83C3-8B4DE9AA9227,Superficial,Six O Clock,Sport Utility Vehicle,Backing,Not On Roadway,0,No,No,2014,JEEP,COMPASS,39.17220595,-77.2047671,"(39.17220595, -77.2047671)"
MCP23110049,180043027,Montgomery County Police,Property Damage Crash,08/29/2018 11:08:00 AM,County,SHADY GROVE RD,MILL RUN DR,,N/A,,SAME DIR REAR END,CLEAR,DRY,DAYLIGHT,N/A,N/A,,CACCE78D-CA11-4976-AFF4-26FA3C44A6B8,Yes,NO APPARENT INJURY,N/A,NOT DISTRACTED,MD,42D8CAE9-AB44-4D64-8208-21277D9A88AC,DISABLING,TWELVE OCLOCK,PICKUP TRUCK,SLOWING OR STOPPING,North,45,No,No,2012,TOYT,TK,39.14451,-77.15027333,"(39.14451, -77.15027333)"
MCP1354000V,17054273,Montgomery County Police,Property Damage Crash,12/13/2017 09:05:00 AM,County,SHADY GROVE RD,RESEARCH BLVD,,N/A,,STRAIGHT MOVEMENT ANGLE,CLEAR,DRY,DAYLIGHT,TRAFFIC SIGNAL,NONE DETECTED,,85617C29-5ED4-4523-BB66-0CCB368B9606,Yes,NO APPARENT INJURY,N/A,INATTENTIVE OR LOST IN THOUGHT,MD,996E2C3C-7085-4494-8340-99E893323A69,DISABLING,TWELVE OCLOCK,PASSENGER CAR,MOVING CONSTANT SPEED,West,40,No,No,2011,VOLVO,XC60,39.10488833,-77.190475,"(39.10488833, -77.190475)"
MCP2730001F,190046841,Montgomery County Police,Injury Crash,09/30/2019 01:02:00 PM,County,MIDDLEBROOK RD,LOCBURY DR,,N/A,,STRAIGHT MOVEMENT ANGLE,CLOUDY,WET,DAYLIGHT,NO CONTROLS,UNKNOWN,,D37898E5-F1AB-4525-AAA1-546C6A5FD447,Yes,POSSIBLE INJURY,"N/A, WET",UNKNOWN,MD,FAEE170F-F712-4C47-AE2A-1741B5D9CACD,SUPERFICIAL,NINE OCLOCK,PASSENGER CAR,ACCELERATING,East,20,No,No,2006,HONDA,ACCORD,39.18284573,-77.27088957,"(39.18284573, -77.27088957)"
MCP30120062,200005122,Montgomery County Police,Injury Crash,01/31/2020 11:26:00 AM,County,BOWIE MILL RD,BREADY RD,,N/A,,STRAIGHT MOVEMENT ANGLE,CLEAR,DRY,DAYLIGHT,STOP SIGN,N/A,,D965DB07-A690-4122-8413-60431D495373,No,NO APPARENT INJURY,N/A,NOT DISTRACTED,MD,AF240A5D-D48E-48E7-9309-0BF82FF00C90,FUNCTIONAL,SEVEN OCLOCK,PICKUP TRUCK,MOVING CONSTANT SPEED,East,35,No,No,2004,FORD,F150,39.15175667,-77.100785,"(39.15175667, -77.100785)"
MCP3258005D,250027831,MONTGOMERY,Property Damage Crash,06/22/2025 06:56:00 PM,Local Route,WHEATON PLZ RING RD CUT,,,,,Front to Rear,Clear,Dry,Daylight,No Controls,"Not Suspect of Alcohol Use, Not Suspect of Drug Use",,474AF329-E498-4301-891F-EB40192739D2,Yes,No Apparent Injury,,Not Distracted,VA,5AAA62E7-9D3B-4D5C-A2AF-33C2163AA552,Superficial,Six O Clock,Passenger Car,Turning Left,Eastbound,10,No,No,1999,SUBARU,LEGACY,39.03424112,-77.05446272,"(39.03424112, -77.05446272)"
MCP1563004M,180008030,Montgomery County Police,Injury Crash,02/15/2018 06:29:00 PM,Maryland (State),EAST WEST HWY,GRUBB RD,,N/A,,HEAD ON LEFT TURN,CLEAR,DRY,DARK LIGHTS ON,TRAFFIC SIGNAL,NONE DETECTED,,6F1019D9-F426-423E-A544-9C3D13E0DF1A,Yes,NO APPARENT INJURY,N/A,NOT DISTRACTED,MD,D735C6AE-667E-4DA9-A3DA-E2F06BE6FD72,DISABLING,TWELVE OCLOCK,PASSENGER CAR,MAKING LEFT TURN,East,35,No,No,2007,HONDA,CIVIC,38.99380667,-77.052045,"(38.99380667, -77.052045)"
MCP9386002B,15027173,Montgomery County Police,Injury Crash,06/05/2015 07:34:00 AM,Maryland (State),ROCKVILLE PIKE,POOKS HILL RD,,N/A,,SAME DIR REAR END,RAINING,WET,DAYLIGHT,TRAFFIC SIGNAL,NONE DETECTED,,B5F82CE8-41CE-4C41-9929-E4D5E651B3F2,No,POSSIBLE INJURY,"N/A, WET",NOT DISTRACTED,MD,5DFDB560-1707-4926-A986-A658D6129D31,FUNCTIONAL,SIX OCLOCK,"OTHER LIGHT TRUCKS (10,000LBS (4,536KG) OR LESS)",SLOWING OR STOPPING,South,35,No,No,2007,TOYOTA,CAMRY,39.014765,-77.099945,"(39.014765, -77.099945)"
MCP12050097,230029155,Montgomery County Police,Injury Crash,06/17/2023 03:04:00 PM,Maryland (State),OLD GEORGETOWN RD,EDSON LA,,N/A,,SAME DIR REAR END,CLOUDY,DRY,DAYLIGHT,STOP SIGN,NONE DETECTED,,AA0A586E-A056-4E01-BA62-0A6CF19ACC86,Yes,SUSPECTED MINOR INJURY,N/A,NOT DISTRACTED,MD,51B8CB94-2B23-4C1F-A6B4-A5980412AD66,DISABLING,SIX OCLOCK,PASSENGER CAR,MAKING RIGHT TURN,East,30,No,No,2021,KIA,SPORTAGE,39.04109248,-77.1220196,"(39.04109248, -77.1220196)"
MCP2420003R,190040031,Montgomery County Police,Property Damage Crash,08/21/2019 04:30:00 PM,County,E RANDOLPH RD,FAIRLAND RD,,N/A,,SAME DIRECTION SIDESWIPE,CLEAR,DRY,DAYLIGHT,NO CONTROLS,NONE DETECTED,,9E86AF59-ED32-460C-A7AC-1AB09503054E,Yes,NO APPARENT INJURY,N/A,NOT DISTRACTED,MD,2FF52478-E575-47E8-8BC4-C91F8CD7B1DF,SUPERFICIAL,SEVEN OCLOCK,TRANSIT BUS,MOVING CONSTANT SPEED,West,35,No,No,2016,GILL,BU,39.07581,-77.00113667,"(39.07581, -77.00113667)"
MCP2231003T,170548102,Montgomery County Police,Property Damage Crash,12/12/2017 11:27:00 AM,,,,PARKING LOT OF 600 QUINCE ORCHARD RD,,,OTHER,CLOUDY,,DAYLIGHT,NO CONTROLS,NONE DETECTED,,6304747B-AFF9-452A-AC84-1A27D18AF30B,No,NO APPARENT INJURY,N/A,NOT DISTRACTED,MD,2C3FF10A-8FD2-4875-8122-227AF00A3A20,FUNCTIONAL,TWO OCLOCK,PASSENGER CAR,STOPPED IN TRAFFIC LANE,Unknown,0,No,No,2011,TOYOTA,TC,39.14205167,-77.22153,"(39.14205167, -77.22153)"
DM8439003W,200042347,Takoma Park Police Depart,Property Damage Crash,10/27/2020 10:45:00 AM,Maryland (State),UNIVERSITY BLVD E,MERRIMAC DR,,TAKOMA PARK,,HEAD ON LEFT TURN,CLOUDY,DRY,DAYLIGHT,NO CONTROLS,N/A,,148D62E8-1B37-48A2-BE3A-47DF5DC3F5D4,Yes,NO APPARENT INJURY,N/A,UNKNOWN,VA,2ECCCDE1-37D6-4319-9544-8F3D46BE8EC2,DISABLING,ONE OCLOCK,PASSENGER CAR,MAKING LEFT TURN,North,30,No,No,2002,TOYOTA,SEQUOIA SUV,38.99263327,-76.99154832,"(38.99263327, -76.99154832)"
MCP2827001Q,15058342,MONTGOMERY,Injury Crash,11/15/2015 05:29:00 PM,Maryland (State),SPENCERVILLE RD,NEW HAMPSHIRE AVE,,N/A,,HEAD ON LEFT TURN,CLEAR,DRY,DARK LIGHTS ON,TRAFFIC SIGNAL,NONE DETECTED,,DE79324B-8D9A-4A12-BC97-3B3BD90C960B,Yes,NO APPARENT INJURY,N/A,NOT DISTRACTED,MD,C0CDD6A4-C1A3-4538-BB25-270A5A15B99C,DESTROYED,TWELVE OCLOCK,PASSENGER CAR,MAKING LEFT TURN,West,40,No,No,2010,HONDA,CRV,39.12114333,-76.98901333,"(39.12114333, -76.98901333)"
MCP2676002Q,170515223,Montgomery County Police,Injury Crash,06/22/2017 06:26:00 PM,County,SNOUFFERS SCHOOL RD,BONANZA WAY,,N/A,,HEAD ON LEFT TURN,CLEAR,DRY,DAYLIGHT,NO CONTROLS,N/A,,08CC3F8A-8A73-4D7A-A508-0FA8D0762C51,No,POSSIBLE INJURY,N/A,NOT DISTRACTED,MD,D70C7C4D-6CB1-4894-9297-C7A8E5B82941,FUNCTIONAL,TWELVE OCLOCK,PASSENGER CAR,MOVING CONSTANT SPEED,South,40,No,No,2004,CHEVY,IMPALA,39.16638167,-77.17098167,"(39.16638167, -77.17098167)"
MCP24660012,16014912,MONTGOMERY,Injury Crash,03/26/2016 06:55:00 PM,Maryland (State),NEW HAMPSHIRE AVE,TUCKER LA,,N/A,,STRAIGHT MOVEMENT ANGLE,CLEAR,DRY,DAYLIGHT,STOP SIGN,NONE DETECTED,,FED8E242-41CC-4A76-9DBC-FE27EEF01B60,Yes,NO APPARENT INJURY,N/A,UNKNOWN,MD,6D9CD024-57F5-42A1-8ABD-FBC44725FE8B,DISABLING,ONE OCLOCK,PASSENGER CAR,MAKING LEFT TURN,West,45,No,No,2015,TOYOTA,COROLLA,39.14152,-76.998115,"(39.14152, -76.998115)"
MCP2991002B,180001809,Montgomery County Police,Injury Crash,01/12/2018 09:35:00 AM,Maryland (State),NEW HAMPSHIRE AVE,MIDLAND RD,,N/A,,SAME DIR REAR END,RAINING,WET,DAYLIGHT,TRAFFIC SIGNAL,NONE DETECTED,,481E13FA-2649-4EF6-B67E-5FB37601646D,No,POSSIBLE INJURY,"RAIN, SNOW, WET",NOT DISTRACTED,MD,5778C78F-9FA0-4074-8A12-89FF7C48347B,DISABLING,SIX OCLOCK,PASSENGER CAR,STOPPED IN TRAFFIC LANE,North,0,No,No,2013,CHEV,4S,39.07753,-77.00152833,"(39.07753, -77.00152833)"
MCP2946003H,200020561,Montgomery County Police,Injury Crash,05/23/2020 10:59:00 AM,Maryland (State),OLD HUNDRED RD,SLATE QUARRY RD (FRED CO),,N/A,,SAME DIR REAR END,CLEAR,DRY,DAYLIGHT,NO CONTROLS,NONE DETECTED,,E2C476B9-AFE5-455F-865D-CE1344FEBAFA,No,NO APPARENT INJURY,N/A,NOT DISTRACTED,MD,7C0DE8A7-1F9F-4198-BC04-58D0DA5365FA,SUPERFICIAL,TWELVE OCLOCK,VAN,SLOWING OR STOPPING,South,30,No,No,2018,CHEVROLET,EXPRESS,39.277095,-77.33395667,"(39.277095, -77.33395667)"
MCP27040011,180042572,Montgomery County Police,Property Damage Crash,08/26/2018 10:55:00 PM,Maryland (State),GEORGIA AVE,BEL PRE RD,,N/A,,SAME DIRECTION SIDESWIPE,CLEAR,DRY,DARK LIGHTS ON,N/A,NONE DETECTED,,FA35BBA2-2161-4763-AC42-FC6D77D4539F,No,NO APPARENT INJURY,N/A,NOT DISTRACTED,LA,B33B8C46-13CB-4D8A-A859-2DCE1FB9F448,DISABLING,ONE OCLOCK,PASSENGER CAR,MOVING CONSTANT SPEED,South,45,No,No,2016,HYUN,4S,39.09263667,-77.07984667,"(39.09263667, -77.07984667)"
MCP2889001M,16027893,Montgomery County Police,Property Damage Crash,06/03/2016 10:21:00 PM,,,,"PARKING LOT OF 11200 GEORGIA AVE SILVER SPRING, MD 20902",,,OTHER,CLEAR,,DARK LIGHTS ON,NO CONTROLS,NONE DETECTED,,9A6B70A7-3894-4671-A46B-28833589EE91,No,NO APPARENT INJURY,N/A,NOT DISTRACTED,MD,21B87A24-ED4E-475F-A98C-6B0D1772AA61,FUNCTIONAL,SEVEN OCLOCK,PASSENGER CAR,STOPPED IN TRAFFIC LANE,East,10,No,No,2011,CHEVROLET,CAMERO,39.08914167,-76.93423333,"(39.08914167, -76.93423333)"
MCP3200003F,210032842,Montgomery County Police,Injury Crash,08/23/2021 11:00:00 AM,County,WESTLAKE DR,TUCKERMAN LA,,N/A,,SAME DIR REAR END,CLEAR,DRY,DAYLIGHT,NO CONTROLS,NONE DETECTED,,E675B769-7FF5-4182-A6A7-E5D9CC2052FB,Yes,NO APPARENT INJURY,N/A,UNKNOWN,MD,4652CFDA-4FDC-41F9-83B3-64C886B565CC,FUNCTIONAL,TWELVE OCLOCK,PASSENGER CAR,MOVING CONSTANT SPEED,South,30,No,No,2018,CADI,XTS,39.03474617,-77.14706933,"(39.03474617, -77.14706933)"
MCP1213008P,230063476,Montgomery County Police,Property Damage Crash,10/30/2023 05:25:00 PM,County,E RANDOLPH RD,NEW HAMPSHIRE AVE,,N/A,,SAME DIR REAR END,CLEAR,WET,DARK LIGHTS ON,TRAFFIC SIGNAL,NONE DETECTED,,C873E782-271F-4676-8109-0BD9B637BDE8,Yes,NO APPARENT INJURY,"RAIN, SNOW, WET",NOT DISTRACTED,MD,8A66C676-56F8-4C4F-B621-E7D2AF74374E,DISABLING,TWELVE OCLOCK,(SPORT) UTILITY VEHICLE,SLOWING OR STOPPING,West,40,No,No,2018,NISSAN,KICK,39.07598167,-77.00037667,"(39.07598167, -77.00037667)"