Report Number,Local Case Number,Agency Name,ACRS Report Type,Crash Date/Time,Route Type,Road Name,Cross-Street Name,Off-Road Description,Municipality,Related Non-Motorist,Collision Type,Weather,Surface Condition,Light,Traffic Control,Driver Substance Abuse,Non-Motorist Substance Abuse,Person ID,Driver At Fault,Injury Severity,Circumstance,Driver Distracted By,Drivers License State,Vehicle ID,Vehicle Damage Extent,Vehicle First Impact Location,Vehicle Body Type,Vehicle Movement,Vehicle Going Dir,Speed Limit,Driverless Vehicle,Parked Vehicle,Vehicle Year,Vehicle Make,Vehicle Model,Latitude,Longitude,Location
MCP1575007N,180053024,Montgomery County Police,Property Damage Crash,10/23/2018 10:14:00 AM,County,DARNESTOWN RD,SHADY GROVE RD,,N/A,,SAME DIR REAR END,CLEAR,OIL,DAYLIGHT,TRAFFIC SIGNAL,NONE DETECTED,,FC8E6D94-31D1-4E01-AB9B-A3967AA5D6CB,Yes,NO APPARENT INJURY,"N/A, V EXHAUST SYSTEM|R OTHER ROAD",NOT DISTRACTED,MD,2CA9050F-4A09-495B-92D3-0DB845BDDC39,SUPERFICIAL,TWELVE OCLOCK,POLICE VEHICLE/NON EMERGENCY,SKIDDING,East,40,No,No,2007,CHEV,4S,39.09303167,-77.19694833,"(39.09303167, -77.19694833)"
MCP11510060,17012157,Montgomery County Police,Injury Crash,03/08/2017 09:13:00 AM,Maryland (State),GREAT SENECA HWY,CLOPPER RD,,N/A,,SAME DIR REAR END,CLEAR,DRY,DAYLIGHT,TRAFFIC SIGNAL,NONE DETECTED,,1792E803-B741-46E2-AB6A-0E65EA30E591,No,POSSIBLE INJURY,N/A,NOT DISTRACTED,MD,759A2337-F3CC-4689-974D-068E2A143401,SUPERFICIAL,SIX OCLOCK,PASSENGER CAR,STOPPED IN TRAFFIC LANE,North,50,No,No,2014,HOND,ACCORD,39.15870333,-77.275385,"(39.15870333, -77.275385)"
MCP27710019,220034993,Montgomery County Police,Injury Crash,08/14/2022 08:25:00 AM,Maryland (State),GEORGIA AVE,NORBECK RD,,N/A,,STRAIGHT MOVEMENT ANGLE,CLEAR,DRY,DAYLIGHT,TRAFFIC SIGNAL,N/A,,2AA40C34-9977-4660-B125-E75FC9B7BB0F,Yes,SUSPECTED MINOR INJURY,N/A,OTHER DISTRACTION,MD,0BB25EEA-84A7-4197-B5A9-CEE657ECF903,DESTROYED,TWELVE OCLOCK,PASSENGER CAR,ACCELERATING,East,45,No,No,2017,LINCOLN,4S,39.10927,-77.07609,"(39.10927, -77.07609)"
MCP3156002G,220057654,Montgomery County Police,Property Damage Crash,12/29/2022 08:10:00 AM,County,SEMINARY RD,SUTTON PL,,N/A,,SAME DIR REAR END,CLEAR,DRY,DAYLIGHT,N/A,NONE DETECTED,,8F1F0CB5-0CEF-4066-864E-37524BF3717E,Yes,NO APPARENT INJURY,N/A,UNKNOWN,MD,8A4553CB-CFF1-4AEE-AD3F-D35821864894,FUNCTIONAL,TWELVE OCLOCK,PASSENGER CAR,SLOWING OR STOPPING,West,25,No,No,2007,CHRYSTLER,TOWN AND COUNTRY,39.00876667,-77.04223167,"(39.00876667, -77.04223167)"
MCP29330012,16026821,Montgomery County Police,Injury Crash,05/29/2016 07:43:00 PM,Maryland (State),RIVER RD,BRADLEY BLVD,,N/A,,STRAIGHT MOVEMENT ANGLE,RAINING,WET,DAYLIGHT,TRAFFIC SIGNAL,NONE DETECTED,,9661B214-60AD-462A-A561-88E367DB02F3,Yes,NO APPARENT INJURY,"RAIN, SNOW, WET",NOT DISTRACTED,MD,56858FE7-0A6B-4840-A476-6B7C3E848820,FUNCTIONAL,TWELVE OCLOCK,PASSENGER CAR,SLOWING OR STOPPING,South,40,No,No,2016,JEEP,WRANGLER,39.00230333,-77.18077333,"(39.00230333, -77.18077333)"
MCP00410005,16025766,Montgomery County Police,Property Damage Crash,05/24/2016 09:12:00 AM,County,BETHESDA CHURCH RD,PURDUM RD,,N/A,,SINGLE VEHICLE,CLEAR,DRY,DAYLIGHT,N/A,NONE DETECTED,,A14FE3B0-1A02-4E98-82D8-0E9484B61BF0,Yes,NO APPARENT INJURY,N/A,NOT DISTRACTED,PA,1311B20C-9860-4D47-A905-1911761AFD07,DISABLING,TWELVE OCLOCK,"MEDIUM/HEAVY TRUCKS 3 AXLES (OVER 10,000LBS (4,536KG))",MOVING CONSTANT SPEED,West,30,No,No,1999,STRG,DUMP TRUCK,39.304665,-77.23859667,"(39.304665, -77.23859667)"
MCP93790029,190016102,Montgomery County Police,Injury Crash,04/07/2019 06:09:00 AM,County,SHADY GROVE RD,MT PLEASANT AVE,,N/A,,STRAIGHT MOVEMENT ANGLE,CLEAR,DRY,DARK LIGHTS ON,TRAFFIC SIGNAL,N/A,,E3B05E29-0124-45D8-8BEF-E34280670E06,Unknown,POSSIBLE INJURY,N/A,NOT DISTRACTED,MD,D0D73CB1-CF41-4276-9E30-E0824B7DCB0A,DISABLING,TWELVE OCLOCK,PASSENGER CAR,MAKING LEFT TURN,South,40,No,No,2013,NISSAN,ROGUE,39.120175,-77.18047167,"(39.120175, -77.18047167)"
MCP3290001R,220044812,Montgomery County Police,Property Damage Crash,10/13/2022 09:51:00 AM,,,,PARKING LOT OF 10106  GEORGIA AVE AT FIELD APARTMENTS IN SILVER SPRING MD,,,SINGLE VEHICLE,RAINING,,DAYLIGHT,NO CONTROLS,NONE DETECTED,,2EFEB3D3-B1FF-40B3-A568-0C35BC0EFCE6,Yes,NO APPARENT INJURY,N/A,UNKNOWN,MD,3F443B4B-2DC7-4AC0-AE65-CCC905AFD0E9,SUPERFICIAL,TWELVE OCLOCK,SCHOOL BUS,ACCELERATING,South,25,No,No,2014,THOMAS,CON MSDE,39.02111167,-77.04596,"(39.02111167, -77.04596)"
MCP2939005J,210014627,Montgomery County Police,Property Damage Crash,04/19/2021 06:13:00 PM,Maryland (State),RIDGE RD,LEWIS DR,,N/A,,SINGLE VEHICLE,CLEAR,DRY,DAYLIGHT,TRAFFIC SIGNAL,NONE DETECTED,,C402A819-335D-4A83-A0F6-E37250053C32,Yes,NO APPARENT INJURY,N/A,INATTENTIVE OR LOST IN THOUGHT,MD,398199B2-D57C-440E-8449-A44E700964E2,DISABLING,TWELVE OCLOCK,PASSENGER CAR,MOVING CONSTANT SPEED,North,30,No,No,2017,DODG,UT,39.28870167,-77.20577667,"(39.28870167, -77.20577667)"
MCP27670025,16064755,Montgomery County Police,Injury Crash,12/17/2016 06:27:00 PM,Maryland (State),GEORGIA AVE,REEDIE DR,,N/A,,STRAIGHT MOVEMENT ANGLE,CLEAR,WET,DARK LIGHTS ON,TRAFFIC SIGNAL,NONE DETECTED,,5C2C1241-F172-4BD2-85B7-6E3EFA23E5D8,Yes,POSSIBLE INJURY,"N/A, WET",LOOKED BUT DID NOT SEE,MD,E0F2930E-955D-463C-A2D9-F49674071C0A,DISABLING,TWELVE OCLOCK,PASSENGER CAR,ACCELERATING,East,35,No,No,2007,HOND,CIVIC,39.03864833,-77.050875,"(39.03864833, -77.050875)"
MCP29620087,230056616,Montgomery County Police,Property Damage Crash,09/24/2023 12:16:00 PM,Maryland (State),CLOPPER RD,KINGSVIEW VILLAGE AVE,,N/A,,HEAD ON LEFT TURN,RAINING,WET,DAYLIGHT,TRAFFIC SIGNAL,NONE DETECTED,,B69580AC-C2D2-40BC-80BD-3FD8EF231A6C,Yes,NO APPARENT INJURY,"RAIN, SNOW, WET",LOOKED BUT DID NOT SEE,MD,81154E51-E7C4-46CA-9F74-90332CA38A59,FUNCTIONAL,ELEVEN OCLOCK,PASSENGER CAR,MAKING LEFT TURN,North,35,No,No,2014,NISSAN,SENTRA,39.20274771,-77.24552401,"(39.20274771, -77.24552401)"
MCP3376001J,240017766,MONTGOMERY,Property Damage Crash,04/16/2024 03:42:00 PM,County Route,LONGMEAD RD,LAYHILL RD,,,,Front to Rear,Clear,Dry,Daylight,No Controls,"Not Suspect of Alcohol Use, Not Suspect of Drug Use",,A352DAF0-ED9D-4945-8F07-9154537DDDD9,Yes,No Apparent Injury,"Followed Too Closely, Too Fast For Conditions",Unknown,MD,D7E4C924-E36F-48A9-AA69-235C3B62C10B,Disabling,Twelve O Clock,Passenger Car,Moving Constant Speed,Northbound,40,No,No,2011,HONDA,CIVIC,39.09701333,-77.04364967,"(39.09701333, -77.04364967)"
MCP27240025,170516168,Montgomery County Police,Injury Crash,06/28/2017 09:18:00 AM,County,BRIGGS CHANEY RD,AUTOMOBILE BLVD,,N/A,,OTHER,CLEAR,DRY,DAYLIGHT,TRAFFIC SIGNAL,N/A,,0DC713F3-8776-4B12-BBC6-54631670454F,Yes,SUSPECTED MINOR INJURY,N/A,INATTENTIVE OR LOST IN THOUGHT,MD,C30ACD47-4514-41CE-8F34-3A1650F29C70,DISABLING,TWELVE OCLOCK,PASSENGER CAR,MAKING LEFT TURN,West,35,No,No,2010,INFINITI,G37XS,39.08115333,-76.94648,"(39.08115333, -76.94648)"
MCP13660095,190020833,Montgomery County Police,Injury Crash,05/03/2019 02:39:00 PM,Maryland (State),MUNCASTER MILL RD,NEEDWOOD RD,,N/A,PEDESTRIAN,STRAIGHT MOVEMENT ANGLE,CLEAR,DRY,DAYLIGHT,TRAFFIC SIGNAL,NONE DETECTED,NONE DETECTED,3ADB03D6-F762-4808-9C5A-4C17325C1205,No,NO APPARENT INJURY,N/A,NOT DISTRACTED,MD,2EAB5E6A-5120-4C9A-A476-5CD1494B5ECE,FUNCTIONAL,TWELVE OCLOCK,PASSENGER CAR,MOVING CONSTANT SPEED,East,40,No,No,2010,TOYT,4S,39.13184,-77.12072833,"(39.13184, -77.12072833)"
MCP3068002Y,200035541,Montgomery County Police,Property Damage Crash,09/10/2020 04:37:00 PM,Maryland (State),RIVER RD,LANDY LA,,N/A,,ANGLE MEETS LEFT TURN,RAINING,WET,DAYLIGHT,N/A,N/A,,63865CE7-2491-446C-B6DB-0DC1493A3210,No,NO APPARENT INJURY,N/A,NOT DISTRACTED,MD,F3FA4F79-DAC2-4FD3-B023-7C78C04292B9,FUNCTIONAL,TWELVE OCLOCK,PASSENGER CAR,MOVING CONSTANT SPEED,West,35,No,No,2015,HOND,ACCORD,38.96511,-77.10358667,"(38.96511, -77.10358667)"
MCP31800036,220051903,Montgomery County Police,Property Damage Crash,11/23/2022 10:12:00 PM,County,BEL PRE RD,HOMECREST RD,,N/A,,HEAD ON LEFT TURN,CLEAR,DRY,DARK LIGHTS ON,NO CONTROLS,NONE DETECTED,,8D4B5070-C8B7-4EA1-956B-5275280FBF97,No,NO APPARENT INJURY,N/A,NOT DISTRACTED,MD,BFB00747-26AF-44BC-9E88-C1828F19D855,NO DAMAGE,TWELVE OCLOCK,PASSENGER CAR,SLOWING OR STOPPING,West,35,No,No,2018,HYUN,SANTA FE,39.09155667,-77.066195,"(39.09155667, -77.066195)"
DD5657001J,230069793,Rockville Police Departme,Property Damage Crash,12/04/2023 01:20:00 PM,Municipality,E MONTGOMERY AVE,MARYLAND AVE,,ROCKVILLE,,SAME DIR REAR END,CLEAR,DRY,DAYLIGHT,N/A,NONE DETECTED,,8811556C-2CB5-494E-90D4-86AD550E40DD,No,NO APPARENT INJURY,N/A,NOT DISTRACTED,MD,BC1613EF-672F-40D9-B0A7-46A9BDF9BB6B,NO DAMAGE,SIX OCLOCK,(SPORT) UTILITY VEHICLE,BACKING,West,15,No,No,2014,FORD,ESCAPE,39.08405068,-77.15057804,"(39.08405068, -77.15057804)"
MCP2767001R,16022711,Montgomery County Police,Injury Crash,05/07/2016 07:06:00 PM,County,ANDREW ST,VEIRS MILL RD,,N/A,,STRAIGHT MOVEMENT ANGLE,CLEAR,DRY,DAYLIGHT,NO CONTROLS,NONE DETECTED,,D2A4FA41-B6F4-454D-A2DB-FAD0580046E9,Yes,NO APPARENT INJURY,N/A,UNKNOWN,MD,5D023A82-C71D-4956-A0EA-351418B91CA9,FUNCTIONAL,ELEVEN OCLOCK,PASSENGER CAR,MAKING RIGHT TURN,East,25,No,No,2011,FORD,ESCAPE,39.05010204,-77.07173109,"(39.05010204, -77.07173109)"
MCP27030019,170501960,Montgomery County Police,Property Damage Crash,04/13/2017 05:09:00 PM,US (State),COLUMBIA PIKE,FAIRLAND RD,,N/A,,SAME DIRECTION LEFT TURN,CLEAR,DRY,DAYLIGHT,NO CONTROLS,N/A,,0FD46947-E5F7-4A91-B211-5EAACC50838C,Yes,NO APPARENT INJURY,N/A,OTHER DISTRACTION,MD,18B5D775-F3D7-4BA2-8CF3-0E99B1846F3F,DISABLING,TWELVE OCLOCK,PASSENGER CAR,MOVING CONSTANT SPEED,North,50,No,No,2004,FORD,TK,39.07188833,-76.95654,"(39.07188833, -76.95654)"
MCP229800WM,210012191,Montgomery County Police,Injury Crash,04/01/2021 02:34:00 PM,Maryland (State),RIDGE RD,KAKAE DR,,N/A,,SAME DIR REAR END,CLOUDY,DRY,DAYLIGHT,NO CONTROLS,NONE DETECTED,,D0D2A8B5-6640-449C-A349-F20F6D58658E,No,POSSIBLE INJURY,N/A,NOT DISTRACTED,MD,C3A7998C-6053-4A71-A59F-178E39D829AD,FUNCTIONAL,SIX OCLOCK,PASSENGER CAR,SLOWING OR STOPPING,South,40,No,No,2003,HOND,CIVIC,39.25585667,-77.22668833,"(39.25585667, -77.22668833)"
MCP2905002H,170502178,Montgomery County Police,Property Damage Crash,04/14/2017 06:48:00 PM,Maryland (State),RIVER RD,GOLDSBORO RD,,N/A,,SAME DIR REAR END,CLEAR,DRY,DAYLIGHT,TRAFFIC SIGNAL,N/A,,5E08EB72-223A-4C01-8E60-861121F4008F,No,NO APPARENT INJURY,N/A,NOT DISTRACTED,VA,C95CD097-696D-4F2C-B275-50E9092781F4,SUPERFICIAL,SIX OCLOCK,PASSENGER CAR,STOPPED IN TRAFFIC LANE,East,45,No,No,2005,OYOTA,CAMRY,38.97414,-77.12378167,"(38.97414, -77.12378167)"
MCP2583003H,230061164,Montgomery County Police,Injury Crash,10/17/2023 10:52:00 PM,Maryland (State),DARNESTOWN RD,MUDDY BRANCH RD,,N/A,,STRAIGHT MOVEMENT ANGLE,N/A,DRY,DARK LIGHTS ON,TRAFFIC SIGNAL,NONE DETECTED,,D19C8018-DA28-42A8-A25A-26FB6341C6EE,Yes,NO APPARENT INJURY,N/A,UNKNOWN,MD,4782AC2C-F5E5-455D-98FA-B3A51F74BB05,FUNCTIONAL,TWO OCLOCK,PASSENGER CAR,MAKING LEFT TURN,East,40,No,No,2019,TOYO,CAMRY,39.102868,-77.22108283,"(39.102868, -77.22108283)"
MCP2788002C,210021441,Montgomery County Police,Property Damage Crash,06/06/2021 12:40:00 AM,Maryland (State),VEIRS MILL RD,ENNALLS AVE,,N/A,,SAME DIRECTION SIDESWIPE,CLEAR,DRY,DARK LIGHTS ON,NO CONTROLS,UNKNOWN,,0414E838-F05F-44D1-837A-8A5463E444B0,Yes,NO APPARENT INJURY,N/A,UNKNOWN,,934BC820-F47F-48FB-ACEE-42244AE4DCAF,UNKNOWN,ELEVEN OCLOCK,PASSENGER CAR,MOVING CONSTANT SPEED,East,25,No,No,1998,HONDA,CIVIC,39.03937177,-77.0543712,"(39.03937177, -77.0543712)"
MCP24660040,220053938,Montgomery County Police,Property Damage Crash,12/06/2022 07:15:00 PM,County,DUFIEF MILL RD,DUFIEF DR,,N/A,,STRAIGHT MOVEMENT ANGLE,RAINING,WET,DARK LIGHTS ON,STOP SIGN,NONE DETECTED,,F28CEEF9-E784-48DF-85B8-E8720ABCA19F,Yes,NO APPARENT INJURY,"RAIN, SNOW, WET",UNKNOWN,MD,AD3EBA79-E2D8-4507-A841-A6C28B86F998,DISABLING,EIGHT OCLOCK,PASSENGER CAR,MAKING LEFT TURN,West,35,No,No,2014,LEXS,ES 300H,39.09787,-77.22844833,"(39.09787, -77.22844833)"
MCP26860040,200004846,Montgomery County Police,Property Damage Crash,01/29/2020 06:43:00 PM,Maryland (State),GREAT SENECA HWY,GREY EAGLE CT,,N/A,,STRAIGHT MOVEMENT ANGLE,CLEAR,DRY,DARK LIGHTS ON,N/A,NONE DETECTED,,E6DC56EE-62D8-47DE-844B-C73372C93A17,No,NO APPARENT INJURY,N/A,NOT DISTRACTED,MD,D6009328-91DB-4687-8754-05889B62CFD0,DISABLING,TWELVE OCLOCK,PASSENGER CAR,MOVING CONSTANT SPEED,North,50,No,No,2018,TOYOTA,COROLLA,39.16945333,-77.26401833,"(39.16945333, -77.26401833)"
MCP9404000Q,16050716,Montgomery County Police,Property Damage Crash,10/03/2016 08:47:00 AM,Maryland (State),CLOPPER RD,STONERIDGE DR,,N/A,,STRAIGHT MOVEMENT ANGLE,CLEAR,DRY,DAYLIGHT,NO CONTROLS,NONE DETECTED,,2889AB92-6F8C-49C5-B8AD-1AA7B8EC1713,No,NO APPARENT INJURY,N/A,NOT DISTRACTED,MD,73CC86D7-3D6A-481D-8BD7-2DE0C6A754D1,DISABLING,TWELVE OCLOCK,PASSENGER CAR,MOVING CONSTANT SPEED,East,45,No,No,2008,HONDA,ACCORD,39.14914833,-77.24069167,"(39.14914833, -77.24069167)"
MCP12350039,210034653,Montgomery County Police,Property Damage Crash,09/03/2021 09:25:00 PM,County,ADELPHI RD,NEW HAMPSHIRE AVE,,N/A,,SAME DIR REAR END,CLEAR,DRY,DARK LIGHTS ON,TRAFFIC SIGNAL,NONE DETECTED,,44444D70-0865-4F73-A3F9-13B54FCB1F74,No,NO APPARENT INJURY,N/A,NOT DISTRACTED,MD,0FDE1CD4-1E81-427D-8EBB-AF13BFF5F20A,SUPERFICIAL,SIX OCLOCK,PASSENGER CAR,STOPPED IN TRAFFIC LANE,West,35,No,No,2008,JEEP,GRAND CHEROKEE,39.011415,-76.9788838,"(39.011415, -76.9788838)"
MCP28920045,180002986,Montgomery County Police,Property Damage Crash,01/18/2018 09:27:00 PM,Maryland (State),GEORGIA AVE,FOREST GLEN RD,,N/A,,SAME DIR REAR END,CLEAR,DRY,DARK LIGHTS ON,N/A,ALCOHOL PRESENT,,95096BF5-9B33-4D65-8C13-44EDA6B94668,Yes,NO APPARENT INJURY,N/A,OTHER DISTRACTION,MD,6EE4A64E-88C4-4AB1-9D8B-9B7660CC164F,DISABLING,TWELVE OCLOCK,PASSENGER CAR,MOVING CONSTANT SPEED,South,35,No,No,2016,TOYOTA,TK,39.01571599,-77.04276323,"(39.01571599, -77.04276323)"
MCP30330020,180043273,Montgomery County Police,Property Damage Crash,08/30/2018 02:09:00 PM,,,,PARKING LOT AT 13830 OUTLET DR,,,SAME DIRECTION SIDESWIPE,CLEAR,,DAYLIGHT,NO CONTROLS,NONE DETECTED,,FE9D876B-31C5-42B3-81A2-B462005392A1,Yes,NO APPARENT INJURY,N/A,NOT DISTRACTED,MD,AAB7B52A-874A-40FA-82CB-471F8427D7FB,SUPERFICIAL,TWELVE OCLOCK,PASSENGER CAR,ACCELERATING,North,25,No,No,2002,LEXS,RX 300,39.083325,-76.94614833,"(39.083325, -76.94614833)"
MCP29470010,15049744,MONTGOMERY,Property Damage Crash,10/01/2015 11:50:00 AM,Maryland (State),GEORGIA AVE,HATHAWAY DR,,N/A,,SAME DIRECTION RIGHT TURN,RAINING,WET,DAYLIGHT,TRAFFIC SIGNAL,NONE DETECTED,,CBF371C4-603C-41CE-9FDB-D4EC1EB4254A,Unknown,NO APPARENT INJURY,"RAIN, SNOW, WET",UNKNOWN,MD,48B61640-5AD5-4259-B6C5-1855B323D954,SUPERFICIAL,TWELVE OCLOCK,TRANSIT BUS,MOVING CONSTANT SPEED,South,45,No,No,2013,NWFL,XDE,39.06832167,-77.06148833,"(39.06832167, -77.06148833)"
MCP23630015,170548638,Montgomery County Police,Property Damage Crash,12/14/2017 07:47:00 PM,Maryland (State),GEORGIA AVE,ARCOLA AVE,,N/A,,HEAD ON LEFT TURN,CLEAR,DRY,DARK LIGHTS ON,TRAFFIC SIGNAL,NONE DETECTED,,4954F8DD-4916-4EAD-9914-2FB6CE0419E0,Yes,NO APPARENT INJURY,N/A,NOT DISTRACTED,MD,66F2F129-5AE1-484F-B71B-687592AE7B5F,FUNCTIONAL,FOUR OCLOCK,PASSENGER CAR,MAKING LEFT TURN,South,30,No,No,2015,TOYT,TAKOMA,39.0473,-77.051885,"(39.0473, -77.051885)"
MCP2603003J,210013378,Montgomery County Police,Property Damage Crash,04/10/2021 11:49:00 AM,County,LOST KNIFE RD,CONTOUR RD,,N/A,,ANGLE MEETS LEFT TURN,CLOUDY,DRY,DAYLIGHT,TRAFFIC SIGNAL,N/A,,0B0ED308-A324-40E6-9CF8-E43B26FB0A2B,Yes,NO APPARENT INJURY,N/A,LOOKED BUT DID NOT SEE,VA,28F5CB37-3CB6-43AB-8E5D-4E944116A6F2,DISABLING,TWELVE OCLOCK,PASSENGER CAR,MAKING LEFT TURN,East,35,No,No,2016,HYUNDAI,ELANTRA,39.15496667,-77.20082333,"(39.15496667, -77.20082333)"
MCP3295000F,21003167,Montgomery County Police,Property Damage Crash,08/14/2021 04:12:00 PM,Maryland (State),NEW HAMPSHIRE AVE,ELTON RD,,N/A,,SAME DIRECTION SIDESWIPE,CLEAR,DRY,DAYLIGHT,TRAFFIC SIGNAL,UNKNOWN,,AA7224F1-2C0C-4DCB-8F83-ABE5F99DE514,Yes,NO APPARENT INJURY,N/A,UNKNOWN,,9722EAE3-4140-40B7-A583-391300C96C6A,UNKNOWN,UNKNOWN,UNKNOWN,ACCELERATING,North,40,No,No,0,UNKNOWN,UNKNOWN,39.02034739,-76.97660665,"(39.02034739, -76.97660665)"
MCP2952004K,170530060,Montgomery County Police,Property Damage Crash,09/12/2017 09:10:00 AM,US (State),GEORGIA AVE,KING ST,,N/A,,SAME DIR REAR END,N/A,DRY,DAYLIGHT,NO CONTROLS,UNKNOWN,,5E3DD83B-DB8E-401C-B41A-EDF25D37E05B,Yes,NO APPARENT INJURY,N/A,UNKNOWN,,1777E5AC-21AD-4F10-B87C-84436D82DDD4,SUPERFICIAL,TWELVE OCLOCK,PASSENGER CAR,SLOWING OR STOPPING,North,35,No,No,2015,VOLKSWAGON,400,38.98691543,-77.02663511,"(38.98691543, -77.02663511)"
MCP29660065,220041363,Montgomery County Police,Property Damage Crash,09/22/2022 05:00:00 PM,,,,PARKING LOT OF 213 KENTLANDS BLVD,,,OTHER,N/A,,DAWN,NO CONTROLS,N/A,,F0B28A45-92F9-4365-9FA0-BC7A9DF20A17,Yes,NO APPARENT INJURY,N/A,UNKNOWN,,09A2B667-BF38-4136-8D9F-13398201AA24,FUNCTIONAL,ELEVEN OCLOCK,PASSENGER CAR,PARKING,West,0,No,No,2012,MERCEDES,SUV,39.1258958,-77.2376204,"(39.1258958, -77.2376204)"
MCP28320056,190041313,Montgomery County Police,Property Damage Crash,08/29/2019 07:18:00 AM,Maryland (State),CONNECTICUT AVE,EAST WEST HWY,,N/A,,SAME DIRECTION RIGHT TURN,CLEAR,DRY,DAYLIGHT,TRAFFIC SIGNAL,NONE DETECTED,,406EF8FD-72AB-44FF-97DF-A4C0859A56B0,No,NO APPARENT INJURY,N/A,NOT DISTRACTED,MD,72E903E3-2DFD-4F32-A544-4C81DA5C16F2,SUPERFICIAL,ELEVEN OCLOCK,TRANSIT BUS,STARTING FROM LANE,South,35,No,No,2006,NWFL,BUS,38.98736,-77.077015,"(38.98736, -77.077015)"
MCP3212002D,210007902,Montgomery County Police,Property Damage Crash,03/02/2021 03:37:00 PM,Maryland (State),GEORGIA AVE,DENNIS AVE,,N/A,,ANGLE MEETS RIGHT TURN,CLEAR,DRY,DAYLIGHT,TRAFFIC SIGNAL,NONE DETECTED,,14C7A10E-501E-47E7-88A4-6ABD8CD169FF,Yes,NO APPARENT INJURY,N/A,OTHER DISTRACTION,MD,7561E5F6-DE09-45C8-AC04-47FB58C37868,FUNCTIONAL,EIGHT OCLOCK,PASSENGER CAR,MAKING RIGHT TURN,West,35,No,No,2013,NISSAN,MAXIMA,39.02565967,-77.04608417,"(39.02565967, -77.04608417)"
MCP28180051,230073940,Montgomery County Police,Property Damage Crash,12/28/2023 07:20:00 AM,Maryland (State),KEY WEST AVE,SPUR FR SHADY GROVE RD,,N/A,,OTHER,RAINING,WET,DAWN,YIELD SIGN,NONE DETECTED,,A4FB212E-9EE2-4BC1-9406-C83BAD5AC77E,No,NO APPARENT INJURY,"V WIPERS|W OTHER ENVIRONMENTAL, WET",NOT DISTRACTED,MD,2CDD8E31-F2BD-4A97-B547-CB084C2C8E8A,FUNCTIONAL,THREE OCLOCK,PICKUP TRUCK,MOVING CONSTANT SPEED,West,40,No,No,2012,GMC,PK,39.10382667,-77.19109333,"(39.10382667, -77.19109333)"
MCP24010009,15004594,Montgomery County Police,Property Damage Crash,01/28/2015 11:08:00 PM,Maryland (State),ROCKVILLE PIKE,SPUR TO EDMONSTON DR,,N/A,,OTHER,CLEAR,DRY,DARK LIGHTS ON,N/A,ALCOHOL CONTRIBUTED,,61B4E514-777B-473D-85EE-46EF773DB82C,Yes,NO APPARENT INJURY,N/A,OTHER DISTRACTION,MD,907AA182-4652-400A-B1EC-B6A7D40C558A,SUPERFICIAL,SIX OCLOCK,PICKUP TRUCK,BACKING,North,40,No,No,2002,TOYOTA,TUNDRA,39.07306953,-77.13419437,"(39.07306953, -77.13419437)"
MCP27030010,16061286,Montgomery County Police,Injury Crash,11/29/2016 05:52:00 PM,County,CHERRY HILL RD,PRINCE GEORGES CO/L,,N/A,,SAME DIR REAR END,RAINING,WET,DUSK,NO CONTROLS,N/A,,85E6918F-11F3-4D2D-A0EA-6295AECA15DF,Yes,NO APPARENT INJURY,"RAIN, SNOW, WET",NOT DISTRACTED,MD,F33429B0-1498-4480-91C2-D74F2538ED26,DISABLING,TWELVE OCLOCK,OTHER,SLOWING OR STOPPING,South,40,No,No,2008,HOND,4S,39.04766167,-76.95206333,"(39.04766167, -76.95206333)"
MCP30730066,220024603,Montgomery County Police,Property Damage Crash,06/08/2022 03:56:00 PM,Maryland (State),NORBECK RD,BEL PRE RD,,N/A,,SAME DIR REAR END,N/A,N/A,DAYLIGHT,TRAFFIC SIGNAL,NONE DETECTED,,99D59478-7E17-4EC4-878F-6E4C4083422F,No,NO APPARENT INJURY,N/A,NOT DISTRACTED,MD,5B37A8B9-3417-4E3A-BCB6-8687E1311FA9,SUPERFICIAL,SIX OCLOCK,SCHOOL BUS,STOPPED IN TRAFFIC LANE,West,35,No,No,2012,THOMAS,SCHOOL BUS,39.09958333,-77.09901833,"(39.09958333, -77.09901833)"
MCP30380060,220049354,Montgomery County Police,Property Damage Crash,11/08/2022 05:35:00 PM,US (State),COLESVILLE RD,FENTON ST,,N/A,,SAME DIRECTION SIDESWIPE,CLEAR,DRY,DARK LIGHTS ON,TRAFFIC SIGNAL,NONE DETECTED,,38C3C596-0352-4BB9-A134-F6BBADE9B43E,No,NO APPARENT INJURY,N/A,NOT DISTRACTED,MD,0B8A4103-F3AE-4F0C-9BF1-1393927E64E0,FUNCTIONAL,SIX OCLOCK,(SPORT) UTILITY VEHICLE,STOPPED IN TRAFFIC LANE,South,35,No,No,2016,HONDA,HRV,38.99797,-77.026765,"(38.99797, -77.026765)"
MCP30960031,210017580,Montgomery County Police,Property Damage Crash,05/10/2021 03:30:00 PM,Maryland (State),DARNESTOWN RD,DUFIEF MILL RD,,N/A,,SAME DIRECTION SIDESWIPE,CLEAR,DRY,DAYLIGHT,TRAFFIC SIGNAL,NONE DETECTED,,A2E4C2D3-220F-4AD0-BCD5-389FD7409AA6,Yes,NO APPARENT INJURY,N/A,NOT DISTRACTED,ME,04F4FEA1-31FD-4FB8-BCDE-2B539CD9E759,FUNCTIONAL,SEVEN OCLOCK,PASSENGER CAR,MAKING RIGHT TURN,North,40,No,No,2018,NISSAN,ROGUE SPORT,39.102465,-77.220465,"(39.102465, -77.220465)"
MCP12510019,180000196,Montgomery County Police,Property Damage Crash,01/02/2018 12:12:00 PM,Municipality,W GUDE DR,W MONTGOMERY AVE,,N/A,,STRAIGHT MOVEMENT ANGLE,CLEAR,DRY,DAYLIGHT,TRAFFIC SIGNAL,NONE DETECTED,,FE535B9E-092B-4BD2-8D35-F4504C2F2DCB,No,NO APPARENT INJURY,N/A,NOT DISTRACTED,MD,CAC76142-28AE-4AB8-9398-5153D16D2FE4,DISABLING,ELEVEN OCLOCK,PASSENGER CAR,MOVING CONSTANT SPEED,South,45,No,No,2007,TOYT,4S,39.09986333,-77.18451667,"(39.09986333, -77.18451667)"