Report Number,Local Case Number,Agency Name,ACRS Report Type,Crash Date/Time,Route Type,Road Name,Cross-Street Name,Off-Road Description,Municipality,Related Non-Motorist,Collision Type,Weather,Surface Condition,Light,Traffic Control,Driver Substance Abuse,Non-Motorist Substance Abuse,Person ID,Driver At Fault,Injury Severity,Circumstance,Driver Distracted By,Drivers License State,Vehicle ID,Vehicle Damage Extent,Vehicle First Impact Location,Vehicle Body Type,Vehicle Movement,Vehicle Going Dir,Speed Limit,Driverless Vehicle,Parked Vehicle,Vehicle Year,Vehicle Make,Vehicle Model,Latitude,Longitude,Location
MCP94040034,210016740,Montgomery County Police,Injury Crash,05/04/2021 02:41:00 PM,Maryland (State),FREDERICK RD,S WESTLAND DR,,N/A,PEDESTRIAN,OTHER,CLEAR,DRY,DAYLIGHT,TRAFFIC SIGNAL,NONE DETECTED,NONE DETECTED,96DF98E1-12A8-40AF-84BA-F5CF8F46DE16,Unknown,NO APPARENT INJURY,N/A,NOT DISTRACTED,MD,8D2977B0-64F3-4FDA-A91F-563189879536,SUPERFICIAL,TWELVE OCLOCK,PASSENGER CAR,MAKING RIGHT TURN,East,35,No,No,2015,FORD,FUSION,39.12590716,-77.18300281,"(39.12590716, -77.18300281)"
MCP285900BV,220008593,Montgomery County Police,Property Damage Crash,02/28/2022 08:10:00 AM,Maryland (State),INTERCOUNTY CONNECTOR,EXIT #3,,N/A,,OTHER,CLEAR,DRY,DAYLIGHT,NO CONTROLS,NONE DETECTED,,C0DDAF33-3814-4E96-8694-67382F8F1695,No,NO APPARENT INJURY,N/A,NOT DISTRACTED,MD,C885C538-2B2E-47FF-80C6-6783E76BEAC1,SUPERFICIAL,FOUR OCLOCK,SCHOOL BUS,MOVING CONSTANT SPEED,South,55,No,No,2015,THOM,BUS,39.12744333,-77.17452,"(39.12744333, -77.17452)"
MCP3195001T,210001157,Montgomery County Police,Property Damage Crash,01/09/2021 09:19:00 PM,US (State),COLUMBIA PIKE,STEWART LA,,N/A,,HEAD ON LEFT TURN,CLEAR,DRY,DARK LIGHTS ON,TRAFFIC SIGNAL,N/A,,C92745B4-54B8-421C-B42D-CB2706EA5095,No,NO APPARENT INJURY,N/A,NOT DISTRACTED,MD,51EE6DEB-C992-4463-A7D2-06792794F9AC,DISABLING,TWELVE OCLOCK,PASSENGER CAR,MOVING CONSTANT SPEED,North,50,No,No,2010,BMW,M3,39.04607183,-76.98674283,"(39.04607183, -76.98674283)"
MCP31650049,230001658,Montgomery County Police,Property Damage Crash,01/11/2023 08:00:00 AM,County,LOCKWOOD DR,ENT TO BUSINESS,,N/A,,OTHER,CLEAR,DRY,DAYLIGHT,NO CONTROLS,NONE DETECTED,,10C328C7-3BF9-4244-9914-6AA7E6A66236,Yes,NO APPARENT INJURY,N/A,LOOKED BUT DID NOT SEE,MD,57FC14AC-4A35-465A-AA20-99848664BAAC,FUNCTIONAL,TWELVE OCLOCK,(SPORT) UTILITY VEHICLE,ACCELERATING,East,40,No,No,2010,HOND,TK,39.038947,-76.99067517,"(39.038947, -76.99067517)"
MCP3086006V,220026096,Montgomery County Police,Injury Crash,06/17/2022 12:40:00 PM,County,BRENISH DR,WOODFIELD RD,,N/A,OTHER CONVEYANCE,SINGLE VEHICLE,CLEAR,DRY,DAYLIGHT,STOP SIGN,UNKNOWN,NONE DETECTED,3AA1C113-4B16-4497-8CF9-4AE74409B853,Yes,NO APPARENT INJURY,N/A,OTHER CELLULAR PHONE RELATED,MD,E8E21A67-EF2F-4F5C-8BC3-268BFB2838D7,NO DAMAGE,TWELVE OCLOCK,VAN,SLOWING OR STOPPING,East,25,No,No,2011,TOYOTA,SIENNA,39.17550333,-77.15181667,"(39.17550333, -77.15181667)"
MCP2635008P,230067447,Montgomery County Police,Property Damage Crash,11/20/2023 03:07:00 PM,County,PRINCE PHILIP DR,SPARTAN RD,,N/A,,STRAIGHT MOVEMENT ANGLE,CLEAR,DRY,DAYLIGHT,STOP SIGN,N/A,,EC22A376-FBB4-4B44-B891-6A472A443A24,No,NO APPARENT INJURY,N/A,NOT DISTRACTED,MD,3AC95945-A520-4792-B7EF-AD1D1D9275E6,DISABLING,TWELVE OCLOCK,VAN,STARTING FROM LANE,East,35,No,No,2018,FORD,TRANSIT,39.15607067,-77.05858367,"(39.15607067, -77.05858367)"
MCP0487002T,180051021,Montgomery County Police,Property Damage Crash,10/12/2018 12:01:00 AM,,,,PARKING LOT OF 8208 STREAMSIDE PL,,,OTHER,CLOUDY,,DARK NO LIGHTS,NO CONTROLS,UNKNOWN,,C79D8459-C7E4-4D02-A7FF-B4CE30E62248,Yes,NO APPARENT INJURY,N/A,UNKNOWN,,D7771AAE-4CDE-4CE7-96D4-181761B8BA44,SUPERFICIAL,THREE OCLOCK,PASSENGER CAR,BACKING,Unknown,15,No,No,2007,DODGE,DURANGO,39.15709,-77.16786333,"(39.15709, -77.16786333)"
MCP2821001X,200015750,Montgomery County Police,Injury Crash,04/11/2020 11:51:00 PM,Maryland (State),MUNCASTER MILL RD,BOWIE MILL RD,,N/A,,SINGLE VEHICLE,N/A,DRY,DARK LIGHTS ON,NO CONTROLS,NONE DETECTED,,0F74B231-73A7-44D2-BDB7-D6CB4E4F4BC4,Yes,POSSIBLE INJURY,N/A,UNKNOWN,MD,B909BCB5-A881-4814-A7ED-809B2B3A3EDA,DESTROYED,ELEVEN OCLOCK,(SPORT) UTILITY VEHICLE,MOVING CONSTANT SPEED,West,40,No,No,2003,TOYOTA,HIGHLANDER,39.13523,-77.12426667,"(39.13523, -77.12426667)"
MCP20820028,210013713,Montgomery County Police,Property Damage Crash,04/13/2021 03:02:00 AM,County,GLENPARK DR,UNIVERSITY BLVD W,,N/A,,OTHER,CLEAR,DRY,DARK LIGHTS ON,NO CONTROLS,NONE DETECTED,,6107291D-DBB1-4935-BFBE-79965CBFAB68,Yes,NO APPARENT INJURY,N/A,NOT DISTRACTED,MD,F01811F4-B7DF-413C-A421-3B6E5703E472,SUPERFICIAL,ELEVEN OCLOCK,PASSENGER CAR,BACKING,South,0,No,No,2007,HONDA,CIVIC,39.0354916,-77.03886423,"(39.0354916, -77.03886423)"
MCP913000G0,230026228,Montgomery County Police,Property Damage Crash,06/01/2023 06:18:00 AM,US (State),COLESVILLE RD,LANARK WAY,,N/A,,SAME DIR REAR END,CLOUDY,DRY,DAYLIGHT,NO CONTROLS,NONE DETECTED,,8B566331-A13D-4796-9267-9EA7BF14EF44,No,NO APPARENT INJURY,N/A,NOT DISTRACTED,MD,7FC75A90-7398-4B75-B694-362DFC89D5D0,FUNCTIONAL,SEVEN OCLOCK,(SPORT) UTILITY VEHICLE,SLOWING OR STOPPING,South,30,No,No,2017,INFINITI,QX60,39.0178785,-77.01536233,"(39.0178785, -77.01536233)"
MCP24610009,190029040,Montgomery County Police,Property Damage Crash,06/18/2019 05:00:00 AM,County,SHADY GROVE RD,GAITHER RD,,ROCKVILLE,,STRAIGHT MOVEMENT ANGLE,CLOUDY,DRY,DAWN,FLASHING TRAFFIC SIGNAL,N/A,,4B3AF053-DFC1-4B0B-98EE-FF209BB7228E,Yes,NO APPARENT INJURY,N/A,NOT DISTRACTED,MD,0512BBC0-EEF1-44CA-8777-DC33C31186EC,DISABLING,TWELVE OCLOCK,PASSENGER CAR,STARTING FROM LANE,East,35,No,No,2009,SCION,TC,39.117475,-77.18381333,"(39.117475, -77.18381333)"
MCP2077003J,210010782,Montgomery County Police,Property Damage Crash,03/22/2021 03:30:00 PM,County,RANDOLPH RD,KEMP MILL RD,,N/A,,SAME DIR REAR END,CLEAR,DRY,DAYLIGHT,TRAFFIC SIGNAL,NONE DETECTED,,E1B5431E-3FBC-483C-902B-C26F7413B1AC,Yes,NO APPARENT INJURY,N/A,LOOKED BUT DID NOT SEE,MD,EFF4C81C-6631-4837-87C5-85AE2E5FAB4C,FUNCTIONAL,TWELVE OCLOCK,(SPORT) UTILITY VEHICLE,SLOWING OR STOPPING,East,40,No,No,2015,CHEVROLET,EQUINOX,39.06633,-77.0307,"(39.06633, -77.0307)"
MCP1438006W,180043902,Montgomery County Police,Property Damage Crash,09/03/2018 09:00:00 AM,,,,SAMS ( 610 N FREDERICK AVE),,,OTHER,CLEAR,,DAYLIGHT,NO CONTROLS,NONE DETECTED,,015B0DDF-DB3D-49AB-A5EF-184E992518E6,Yes,NO APPARENT INJURY,N/A,LOOKED BUT DID NOT SEE,MD,B2359E20-596E-44E5-A4A0-7482C58C842B,NO DAMAGE,SIX OCLOCK,"OTHER LIGHT TRUCKS (10,000LBS (4,536KG) OR LESS)",BACKING,South,10,No,No,2013,FORD,TK,39.150785,-77.21261,"(39.150785, -77.21261)"
MCP14170064,16061705,Montgomery County Police,Injury Crash,12/01/2016 03:57:00 PM,County,MONTGOMERY VILLAGE AVE,WIGHTMAN RD,,N/A,,SAME DIR REAR END,CLEAR,DRY,DAYLIGHT,TRAFFIC SIGNAL,NONE DETECTED,,85D943F7-5729-433E-BA0B-946F794A4B02,Yes,NO APPARENT INJURY,N/A,UNKNOWN,MD,760FA982-C1C7-4368-9489-681AFA6FF7C7,FUNCTIONAL,TWELVE OCLOCK,PASSENGER CAR,SLOWING OR STOPPING,North,35,No,No,2015,LEXUS,ES 300,39.19033667,-77.19181667,"(39.19033667, -77.19181667)"
DM85240012,250031006,TAKOMA,Injury Crash,07/12/2025 02:51:00 AM,Maryland (State) Route,NEW HAMPSHIRE AVE (SB/L),,,,,"Sideswipe, Same Direction",Clear,Dry,Dark - Lighted,Intersection Ahead Warning Sign,"Not Suspect of Alcohol Use, Not Suspect of Drug Use",,9C53F208-7031-4E5B-B886-BE8ABB77CC0A,No,No Apparent Injury,"Failed to Keep in Proper Lane, Operated Motor Vehicle in Inattentive, Careless, Negligent, or Erratic Manner",Not Distracted,MD,333C7192-8E77-4177-98F5-A22CE01341F3,Disabling,Twelve O Clock,Passenger Car,Moving Constant Speed,Eastbound,20,No,No,2024,DODGE,DURANGO,38.97542766,-76.99419903,"(38.97542766, -76.99419903)"
MCP2969007N,190055039,Montgomery County Police,Property Damage Crash,11/15/2019 07:50:00 AM,Maryland (State),NEW HAMPSHIRE AVE,NORBECK RD,,N/A,,SAME DIR REAR END,CLEAR,DRY,DAYLIGHT,TRAFFIC SIGNAL,NONE DETECTED,,05415FD0-789A-48F3-A3D6-BEB0BA435E00,No,NO APPARENT INJURY,N/A,NOT DISTRACTED,MD,03C877D9-E641-4704-85A7-10642A81ACBE,SUPERFICIAL,SIX OCLOCK,PASSENGER CAR,STOPPED IN TRAFFIC LANE,South,45,No,No,2019,JEEP,TK,39.12183167,-76.98892167,"(39.12183167, -76.98892167)"
DM84930033,240028534,TAKOMA,Property Damage Crash,06/15/2024 06:00:00 PM,Maryland (State) Route,NEW HAMPSHIRE AVE,,,,,"Sideswipe, Same Direction",Clear,Dry,Daylight,No Controls,"Not Suspect of Alcohol Use, Not Suspect of Drug Use",,01D7DB25-1572-4C7D-A187-B8573651099C,No,No Apparent Injury,,Unknown,,F24185D0-8E52-47E4-9D4B-5CF7DD4845C6,Superficial,Nine O Clock,Pickup,Moving Constant Speed,Northbound,35,No,,2014,FORD,F-150,38.98367785,-76.98824909,"(38.98367785, -76.98824909)"
DM8522003V,250007395,TAKOMA,Injury Crash,02/19/2025 02:55:00 PM,Maryland (State) Route,UNIVERSITY BLVD,,,,,Front to Rear,Cloudy,Dry,Daylight,No Controls,"Not Suspect of Alcohol Use, Not Suspect of Drug Use",,4136EA34-540D-4452-A830-72DBB09AB5E3,Yes,No Apparent Injury,,Not Distracted,MD,B55FC6F0-91DD-4F21-9DEB-C510C9FED899,Superficial,Twelve O Clock,Station Wagon,Moving Constant Speed,Eastbound,35,No,No,2002,FORD,E-350,38.98785133,-76.98619283,"(38.98785133, -76.98619283)"
MCP2799007J,230067185,Montgomery County Police,Property Damage Crash,12/04/2023 01:09:00 AM,Maryland (State),GEORGIA AVE,RANDOLPH RD,,N/A,,SAME DIRECTION SIDESWIPE,CLEAR,DRY,DARK LIGHTS ON,TRAFFIC SIGNAL,NONE DETECTED,,1002F641-9714-4A08-8FCF-9B9BE2958571,No,NO APPARENT INJURY,N/A,NOT DISTRACTED,MD,56A24672-337B-4FDE-9E2E-4F39B755F431,SUPERFICIAL,TEN OCLOCK,PASSENGER CAR,MOVING CONSTANT SPEED,South,35,No,No,2021,TOYT,SD,39.05729654,-77.05001853,"(39.05729654, -77.05001853)"
MCP3260001R,250013702,MONTGOMERY,Property Damage Crash,03/29/2025 12:45:00 PM,County Route,SONATA WAY,OAK LEAF DR SONATA WAY,,,,"Sideswipe, Opposite Direction",Clear,Dry,Daylight,No Controls,"Not Suspect of Alcohol Use, Not Suspect of Drug Use",,B7D7D22D-30CA-436F-BBCD-AE67863D8B08,No,No Apparent Injury,"Operated Motor Vehicle in Inattentive, Careless, Negligent, or Erratic Manner",Not Distracted,MD,B8D9E99A-44FA-4A53-B87C-16AD106807EA,Functional,Eleven O Clock,Passenger Car,Slowing or Stopping,,25,No,No,2016,TOYOTA,COROLLA,39.04159017,-76.99654033,"(39.04159017, -76.99654033)"
DM8336000M,15064563,TAKOMA,Property Damage Crash,12/17/2015 07:37:00 PM,Maryland (State),FLOWER AVE,HUDSON AVE,,TAKOMA PARK,,OTHER,RAINING,WET,DARK LIGHTS ON,N/A,NONE DETECTED,,16CF83EE-601C-463A-B2C9-B19375CDC43A,Yes,NO APPARENT INJURY,"RAIN, SNOW, WET",UNKNOWN,MA,51A8E2F3-71C7-448F-A014-997995F319E8,DISABLING,TWELVE OCLOCK,PASSENGER CAR,MOVING CONSTANT SPEED,South,25,No,No,2015,HONDA,ACCORD,38.99274028,-77.00222634,"(38.99274028, -77.00222634)"
DD5605003H,170504381,Rockville Police Departme,Property Damage Crash,04/26/2017 06:31:00 PM,Municipality,REDLAND BLVD,RESERVE CHAMPION DR,,N/A,,SAME DIR REAR END,N/A,DRY,DAYLIGHT,OTHER,NONE DETECTED,,75EE1502-E5B3-4C7B-B33D-D97E56F970C6,Yes,NO APPARENT INJURY,N/A,NOT DISTRACTED,MD,DD5DB714-D777-4995-AB98-C398C8B1AE4D,DISABLING,SIX OCLOCK,PASSENGER CAR,SLOWING OR STOPPING,West,35,No,No,2014,ACUR,4S,39.11125483,-77.17272783,"(39.11125483, -77.17272783)"
MCP3163000V,180053425,Montgomery County Police,Property Damage Crash,10/25/2018 09:48:00 AM,Maryland (State),EAST WEST HWY,CONNECTICUT AVE,,N/A,,SAME DIRECTION SIDESWIPE,CLEAR,DRY,DAYLIGHT,NO CONTROLS,NONE DETECTED,,9C09F435-730A-4620-B182-378F422AF67E,No,NO APPARENT INJURY,N/A,NOT DISTRACTED,MD,E99F7046-2A7C-4FC9-8FB1-171FF105A55F,SUPERFICIAL,TEN OCLOCK,PASSENGER CAR,SLOWING OR STOPPING,East,35,No,No,2009,TOYOTA,COROLLA,38.98831333,-77.07967,"(38.98831333, -77.07967)"
DM84470029,170545094,Takoma Park Police Depart,Injury Crash,11/27/2017 07:00:00 AM,Maryland (State),ETHAN ALLEN AVE,NEW HAMPSHIRE AVE,,N/A,,SAME DIR REAR END,CLEAR,DRY,DAWN,N/A,NONE DETECTED,,EEBC3278-4805-46EF-B450-C28EE83AE22B,No,POSSIBLE INJURY,N/A,NOT DISTRACTED,MD,6640ECB0-7635-4EDE-ABFE-A3E4A0B1869E,FUNCTIONAL,SIX OCLOCK,(SPORT) UTILITY VEHICLE,STOPPED IN TRAFFIC LANE,West,35,No,No,2017,DODGE,JOURNEY,38.975346,-76.994098,"(38.975346, -76.994098)"
MCP2866007N,220009554,Montgomery County Police,Injury Crash,03/05/2022 04:38:00 PM,Other Public Roadway,ELMCROFT BLVD,CROSSOVER,,N/A,,SAME DIRECTION SIDESWIPE,CLEAR,DRY,DAYLIGHT,NO CONTROLS,COMBINED SUBSTANCE PRESENT,,1A67369D-8967-4D5B-B8F8-90DD252D27AD,Yes,SUSPECTED MINOR INJURY,N/A,UNKNOWN,TX,1EFC60A2-719E-415C-A754-4F86BF8E4D0B,DISABLING,ONE OCLOCK,PASSENGER CAR,MOVING CONSTANT SPEED,West,25,No,No,2015,TOYOTA,TACOMA,39.11791951,-77.17241212,"(39.11791951, -77.17241212)"
MCP3257001M,210012287,Montgomery County Police,Property Damage Crash,04/02/2021 08:00:00 AM,Maryland (State),CONNECTICUT AVE,W LENOX ST,,CHEVY CHASE VILLAGE,,SAME DIRECTION SIDESWIPE,CLEAR,DRY,DAYLIGHT,NO CONTROLS,N/A,,45C8530C-7769-4DAE-BE5F-FF43E6360D0A,Yes,NO APPARENT INJURY,N/A,UNKNOWN,,79347224-74DB-4A54-99C2-2B9FB61B082B,UNKNOWN,TWO OCLOCK,UNKNOWN,MOVING CONSTANT SPEED,North,30,No,No,0,UNKNOWN,UNKNOWN,38.97129855,-77.07726326,"(38.97129855, -77.07726326)"
MCP91300073,190018657,Montgomery County Police,Property Damage Crash,04/21/2019 10:30:00 AM,County,QUEBEC ST,RUATAN ST,,N/A,,STRAIGHT MOVEMENT ANGLE,CLEAR,DRY,DAYLIGHT,STOP SIGN,NONE DETECTED,,4FBD2778-D007-4B77-809D-4E5C68A86CFE,Yes,NO APPARENT INJURY,N/A,UNKNOWN,MD,667C3656-D88E-4208-B277-1AB73A651FA9,DISABLING,ELEVEN OCLOCK,PASSENGER CAR,ACCELERATING,South,30,No,No,2007,VOLKSWAGON,JETTA,38.99904833,-76.98938333,"(38.99904833, -76.98938333)"
MCP2693001K,16037502,Montgomery County Police,Property Damage Crash,07/24/2016 03:57:00 PM,Maryland (State),VEIRS MILL RD,TURKEY BRANCH PKWY,,N/A,,SAME DIRECTION SIDESWIPE,CLEAR,DRY,DAYLIGHT,NO CONTROLS,NONE DETECTED,,A738C3EB-6ED9-4CBA-BCE8-D5C9232B7706,No,NO APPARENT INJURY,N/A,NOT DISTRACTED,MD,4779D3AD-9457-4929-B3BD-7EFED2E5F9F6,FUNCTIONAL,SIX OCLOCK,PASSENGER CAR,SLOWING OR STOPPING,West,45,No,No,2000,MAZDA,PROTEGE,39.06014135,-77.08930492,"(39.06014135, -77.08930492)"
MCP2752002B,180026385,Montgomery County Police,Injury Crash,05/29/2018 03:20:00 PM,Maryland (State),RIVER RD,GOLDSBORO RD,,N/A,,STRAIGHT MOVEMENT ANGLE,CLEAR,DRY,DAYLIGHT,TRAFFIC SIGNAL,NONE DETECTED,,13C83121-F71F-49BE-B1FC-8AFCE22720DE,Yes,POSSIBLE INJURY,N/A,LOOKED BUT DID NOT SEE,MD,9E8F6BA5-E411-4CA9-BE51-57B2E9370661,DISABLING,THREE OCLOCK,(SPORT) UTILITY VEHICLE,STARTING FROM LANE,North,35,No,No,2012,HONDA,SUV,38.97337333,-77.12187333,"(38.97337333, -77.12187333)"
MCP2087003J,200020192,Montgomery County Police,Property Damage Crash,05/20/2020 12:53:00 PM,Maryland (State),GEORGIA AVE,ROSSMOOR BLVD,,N/A,,STRAIGHT MOVEMENT ANGLE,N/A,DRY,DAYLIGHT,TRAFFIC SIGNAL,NONE DETECTED,,2F0BB330-9309-44AC-B90C-5DCF6C13BE0E,Yes,NO APPARENT INJURY,N/A,NOT DISTRACTED,MD,558D947A-8122-4A1C-B276-D19278FC1195,DISABLING,TWELVE OCLOCK,PASSENGER CAR,SKIDDING,South,45,No,No,2007,HONDA,PILOT,39.101335,-77.07723833,"(39.101335, -77.07723833)"
EJ78870055,250002867,GAITHERSBURG,Property Damage Crash,01/21/2025 11:30:00 AM,Maryland (State) Route,FREDERICK RD (SB/L),QUINCE ORCHARD RD,,,,Rear To Side,Clear,Dry,Daylight,Traffic Control Signal,"Not Suspect of Alcohol Use, Not Suspect of Drug Use",,D11EE4EA-38E7-489B-80C1-47FAFB5D8F8F,No,No Apparent Injury,,Not Distracted,MD,30C2078B-258B-421B-B941-B88804197C7E,Disabling,Twelve O Clock,Sport Utility Vehicle,Moving Constant Speed,Northbound,30,No,No,2024,HONDA,CR-V,39.15243717,-77.21200483,"(39.15243717, -77.21200483)"
MCP27990084,240058901,MONTGOMERY,Injury Crash,12/09/2024 05:20:00 PM,Maryland (State) Route,BURLINGTON AVE,,,,,Front to Front,Clear,Wet,Dark - Lighted,No Controls,"Not Suspect of Alcohol Use, Not Suspect of Drug Use",,5AE9EFF1-56E4-42A3-A60F-7BA5732A1FB6,Yes,No Apparent Injury,,Unknown,MD,9987A114-9904-467E-B955-011A08DA58A5,Disabling,One O Clock,Passenger Car,Entering Traffic Lane,Southbound,30,No,No,2021,CHEVROLET,SILVERADO,38.98741817,-77.02571283,"(38.98741817, -77.02571283)"
MCP3004001P,170518567,Montgomery County Police,Property Damage Crash,07/11/2017 09:19:00 PM,Municipality,ROSEMARY ST #2,CONNECTICUT AVE,,N/A,BICYCLIST,OTHER,CLEAR,DRY,DARK LIGHTS ON,TRAFFIC SIGNAL,UNKNOWN,NONE DETECTED,D6569ACB-88DB-4332-B17E-ED235EBB2CF5,Yes,NO APPARENT INJURY,N/A,UNKNOWN,,39E23C18-BA81-4258-95EF-21E4DB9AA4E8,UNKNOWN,UNKNOWN,,STARTING FROM LANE,East,25,No,No,0,UNKNOWN,UNKNOWN,38.97785721,-77.07724303,"(38.97785721, -77.07724303)"
MCP31780013,190041862,Montgomery County Police,Property Damage Crash,09/01/2019 02:02:00 PM,County,HERITAGE HILLS DR,OLNEY LAYTONSVILLE RD,,N/A,,HEAD ON,CLEAR,DRY,DAYLIGHT,NO CONTROLS,NONE DETECTED,,6034D4F3-7258-4256-AC04-379417B1AF63,No,NO APPARENT INJURY,N/A,NOT DISTRACTED,XX,62EE8340-00E3-4EEA-A350-B0DF55F09F22,FUNCTIONAL,TWELVE OCLOCK,PASSENGER CAR,MOVING CONSTANT SPEED,North,25,No,No,2016,JEEP,TK,39.157045,-77.07059167,"(39.157045, -77.07059167)"
MCP29320011,16047729,Montgomery County Police,Property Damage Crash,09/17/2016 02:05:00 AM,US (State),GEORGIA AVE,ENT TO SILVER SPRING FIRE STATION #1,,N/A,,ANGLE MEETS RIGHT TURN,CLEAR,N/A,DARK LIGHTS ON,N/A,NONE DETECTED,,01069836-9B22-4389-850B-20982DB4F21E,Yes,NO APPARENT INJURY,N/A,UNKNOWN,MD,C7027C17-CE96-4010-8007-D59079FC6EE6,FUNCTIONAL,SIX OCLOCK,PASSENGER CAR,MAKING RIGHT TURN,East,35,No,No,2007,TOYOTA,CAMRY,38.99081667,-77.02671667,"(38.99081667, -77.02671667)"
MCP16020002,240022193,MONTGOMERY,Property Damage Crash,05/11/2024 02:50:00 AM,Maryland (State) Route,OLNEY SANDY SPRING RD (WB/L),,,,,Front to Rear,Cloudy,Dry,Dark - Lighted,No Controls,"Not Suspect of Alcohol Use, Not Suspect of Drug Use",,DF4D6BB1-A233-4B94-BC26-6B0346406ECA,No,No Apparent Injury,,Not Distracted,MD,71369881-E537-450B-9838-59A596D0627F,Superficial,Six O Clock,Sport Utility Vehicle,Moving Constant Speed,Westbound,35,No,No,2011,JEEP,COMPASS,39.15031256,-77.06018754,"(39.15031256, -77.06018754)"
MCP32100010,200002519,Montgomery County Police,Property Damage Crash,01/15/2020 04:20:00 PM,Maryland (State),LAYHILL RD,LAYHILL RD,,N/A,,SAME DIR REAR END,CLEAR,DRY,DAYLIGHT,NO CONTROLS,NONE DETECTED,,220BF7B3-8A14-48AF-8BC6-0C6FA7016928,No,NO APPARENT INJURY,N/A,NOT DISTRACTED,MD,7A10D143-4372-48FF-9827-261D1FE98872,SUPERFICIAL,SIX OCLOCK,PASSENGER CAR,MOVING CONSTANT SPEED,North,35,No,No,2020,INFINITI,QX60,39.1053745,-77.038633,"(39.1053745, -77.038633)"
MCP287100BD,240045130,MONTGOMERY,Injury Crash,09/21/2024 07:49:00 PM,Private Route,,ROCKVILLE PIKE (SB/L) STRATHMORE AVE,,,,"Sideswipe, Same Direction",Clear,Dry,Dark - Lighted,Traffic Control Signal,"Not Suspect of Alcohol Use, Not Suspect of Drug Use",,BF30E1D1-6835-47D3-8ABF-76864930A46F,No,Possible Injury,,Not Distracted,DC,33E3D6CB-113D-4693-81FE-C374EA340157,Disabling,Two O Clock,Sport Utility Vehicle,Moving Constant Speed,,35,No,No,2024,VOLKSWAGEN,TAOS,39.03486564,-77.10705579,"(39.03486564, -77.10705579)"
DD5583000X,15054682,ROCKVILLE,Injury Crash,10/28/2015 08:03:00 AM,Maryland (State),FIRST ST,R/R METRO,,N/A,,SAME DIR REAR END,RAINING,WET,DAWN,N/A,NONE DETECTED,,21FD7204-6C67-439A-B46F-77F02ADFEF21,Yes,NO APPARENT INJURY,"N/A, WET",NOT DISTRACTED,MD,8A9D4565-B59D-40EA-AAC4-C2B0C2FC2DBF,DISABLING,TWELVE OCLOCK,PASSENGER CAR,MOVING CONSTANT SPEED,North,30,No,No,2014,HYUNDAI,ELANTRA,39.07825833,-77.138395,"(39.07825833, -77.138395)"
MCP3085004X,240038050,MONTGOMERY,Property Damage Crash,08/12/2024 03:40:00 PM,Maryland (State) Route,MONTGOMERY AVE,,,,,"Sideswipe, Same Direction",Clear,Dry,Daylight,No Controls,"Not Suspect of Alcohol Use, Not Suspect of Drug Use",,73181C9E-454C-451B-AAD1-C8FED4C28824,No,No Apparent Injury,,Not Distracted,MD,4BD1D56C-9914-45E3-8E4B-A1275F5DA0AD,Disabling,One O Clock,Passenger Car,Moving Constant Speed,,25,No,No,2017,TOYOTA,CAMRY,38.983935,-77.091465,"(38.983935, -77.091465)"
MCP3097002N,220022722,Montgomery County Police,Injury Crash,05/27/2022 06:24:00 PM,Maryland (State),OLD COLUMBIA PIKE,ENT TO BUSINESS,,N/A,,OTHER,N/A,DRY,DAYLIGHT,NO CONTROLS,NONE DETECTED,,5EBE2564-1265-41AB-B9E4-47E90A8CBF84,No,POSSIBLE INJURY,N/A,LOOKED BUT DID NOT SEE,MD,FA8DBCA4-5CC2-4F90-B0B9-22C5F5DB833B,DESTROYED,TWELVE OCLOCK,PASSENGER CAR,MOVING CONSTANT SPEED,East,25,No,No,2007,LEXUS,RX350,39.110425,-76.93380167,"(39.110425, -76.93380167)"
MCP27880017,170510315,Montgomery County Police,Injury Crash,05/27/2017 11:20:00 PM,Maryland (State),VEIRS MILL RD,PENDLETON DR,,N/A,,SAME DIR REAR END,CLEAR,DRY,DARK LIGHTS ON,N/A,ALCOHOL PRESENT,,D23581B2-D887-45E4-9C6E-BBE965D9EAD0,Yes,SUSPECTED MINOR INJURY,N/A,UNKNOWN,MD,7A1A7810-7343-4850-9672-754EB4558E94,DISABLING,TWELVE OCLOCK,OTHER,SLOWING OR STOPPING,West,40,No,No,2005,INFINITI,G35,39.04648484,-77.06713781,"(39.04648484, -77.06713781)"
MCP2639003N,180021031,Montgomery County Police,Injury Crash,04/30/2018 06:58:00 AM,Maryland (State),RIVER RD,SEVEN LOCKS RD,,N/A,,STRAIGHT MOVEMENT ANGLE,CLEAR,DRY,DAYLIGHT,TRAFFIC SIGNAL,NONE DETECTED,,74745241-4183-4BBD-95C5-BCBB5721835E,Yes,NO APPARENT INJURY,N/A,INATTENTIVE OR LOST IN THOUGHT,MD,84C2B9DF-E377-452B-9DBE-D596EC044219,FUNCTIONAL,TWELVE OCLOCK,PICKUP TRUCK,STARTING FROM LANE,North,35,No,No,2014,FORD,F250,38.99268333,-77.16165833,"(38.99268333, -77.16165833)"