Report Number,Local Case Number,Agency Name,ACRS Report Type,Crash Date/Time,Route Type,Road Name,Cross-Street Name,Off-Road Description,Municipality,Related Non-Motorist,Collision Type,Weather,Surface Condition,Light,Traffic Control,Driver Substance Abuse,Non-Motorist Substance Abuse,Person ID,Driver At Fault,Injury Severity,Circumstance,Driver Distracted By,Drivers License State,Vehicle ID,Vehicle Damage Extent,Vehicle First Impact Location,Vehicle Body Type,Vehicle Movement,Vehicle Going Dir,Speed Limit,Driverless Vehicle,Parked Vehicle,Vehicle Year,Vehicle Make,Vehicle Model,Latitude,Longitude,Location
MCP3180002T,220013123,Montgomery County Police,Property Damage Crash,03/27/2022 03:06:00 PM,Maryland (State),GEORGIA AVE,RAMP 7 FR MD 200 WB TO MD 97 SB,,N/A,,SAME DIR REAR END,CLEAR,DRY,DAYLIGHT,NO CONTROLS,NONE DETECTED,,25D3819E-0DFE-4247-8A8B-2C036ED97512,Yes,NO APPARENT INJURY,N/A,NOT DISTRACTED,MD,F1C37525-B1F2-4138-BD2D-F6DC7480B1CF,DESTROYED,TWELVE OCLOCK,PASSENGER CAR,ACCELERATING,South,45,No,No,2003,FORD,EXPEDITION,39.11914333,-77.07477833,"(39.11914333, -77.07477833)"
MCP3233001B,210009748,Montgomery County Police,Property Damage Crash,03/21/2021 04:00:00 PM,County,ADELPHI RD,NEW HAMPSHIRE AVE,,N/A,,STRAIGHT MOVEMENT ANGLE,CLEAR,DRY,DAYLIGHT,TRAFFIC SIGNAL,NONE DETECTED,,C8B8F0D0-D004-4B46-B94F-E0334CB8FE01,Yes,NO APPARENT INJURY,N/A,LOOKED BUT DID NOT SEE,MD,94CF2C2D-D680-4B87-B164-1B86BED80965,FUNCTIONAL,TWELVE OCLOCK,PASSENGER CAR,MAKING RIGHT TURN,East,35,No,No,2007,TOYOTA,S4,39.01141917,-77.00121117,"(39.01141917, -77.00121117)"
MCP27800080,240036277,MONTGOMERY,Injury Crash,08/01/2024 03:46:00 PM,County Route,SCENERY DR,,,,,Angle,Clear,Dry,Daylight,Stop Sign,"Suspect of Alcohol Use, Not Suspect of Drug Use",,5259D869-B630-4010-8F95-C98D3B9B9BAA,Yes,Suspected Minor Injury,,Not Distracted,,544591A5-86BD-40DA-A84A-20C5BCC59C6C,Disabling,Twelve O Clock,Passenger Car,Accelerating,Eastbound,40,No,No,2014,BMW,328I,39.17550667,-77.237992,"(39.17550667, -77.237992)"
MCP2504000Q,15033034,MONTGOMERY,Injury Crash,07/06/2015 04:03:00 PM,Maryland (State),FALLS RD,MONTROSE RD,,N/A,,SAME DIR REAR END,RAINING,WET,DAYLIGHT,TRAFFIC SIGNAL,NONE DETECTED,,FF0BF2FE-F652-4B61-BFDA-2A71FB0834FA,No,POSSIBLE INJURY,"RAIN, SNOW, WET",NOT DISTRACTED,MD,49A48F98-56F6-46C6-96A7-A7C2BE8D8683,DISABLING,SIX OCLOCK,PASSENGER CAR,STOPPED IN TRAFFIC LANE,North,35,No,No,1995,ACUR,LEGEND,39.05517833,-77.18078167,"(39.05517833, -77.18078167)"
MCP2718002Q,17051389,Montgomery County Police,Property Damage Crash,06/15/2017 05:48:00 PM,,,,5111 CROSSFIELD CT ROCKVILLE MD 20852 PARKING LOT,,,OTHER,CLEAR,,DAYLIGHT,N/A,N/A,,C43BFD65-5FDE-4A4D-A94C-DF10F740EA8B,Yes,NO APPARENT INJURY,N/A,NOT DISTRACTED,MD,57C0071A-4E32-49B9-B39B-6158EC9A3522,NO DAMAGE,SIX OCLOCK,FIRE VEHICLE/EMERGENCY,SLOWING OR STOPPING,Unknown,5,No,No,2008,CRIMSON,SPARTAN,39.05683833,-77.10380833,"(39.05683833, -77.10380833)"
MCP1064007W,180046581,Montgomery County Police,Injury Crash,09/18/2018 08:50:00 AM,US (State),COLUMBIA PIKE,STEWART LA,,N/A,,HEAD ON LEFT TURN,RAINING,WET,DAYLIGHT,TRAFFIC SIGNAL,N/A,,252084BA-54C4-4493-8A69-79A3870D9F1E,No,SUSPECTED MINOR INJURY,"RAIN, SNOW, WET",NOT DISTRACTED,MD,FD80F46F-FFA7-47DD-B102-104DDE7F7625,DISABLING,TWELVE OCLOCK,(SPORT) UTILITY VEHICLE,SLOWING OR STOPPING,North,45,No,No,2002,HOND,PASSPORT,39.04619333,-76.98636333,"(39.04619333, -76.98636333)"
MCP29680036,190035594,Montgomery County Police,Injury Crash,07/26/2019 02:23:00 PM,Maryland (State),W MONTGOMERY AVE,W GUDE DR,,ROCKVILLE,,SAME DIR REAR END,CLEAR,DRY,DAYLIGHT,TRAFFIC SIGNAL,N/A,,1065146D-47A5-441F-9092-B6AF94D4B68C,Yes,NO APPARENT INJURY,N/A,UNKNOWN,MD,27E3D22C-2A1E-4BA5-B23C-AA8D9590DBE7,DISABLING,TWELVE OCLOCK,PASSENGER CAR,MOVING CONSTANT SPEED,East,45,No,No,2016,HYUN,4S,39.10035833,-77.18546667,"(39.10035833, -77.18546667)"
MCP29040050,180022628,Montgomery County Police,Injury Crash,05/08/2018 03:40:00 PM,County,FLOWER AVE,PLYMOUTH ST,,N/A,,SAME DIRECTION SIDESWIPE,N/A,DRY,DAYLIGHT,NO CONTROLS,NONE DETECTED,,01A0C27F-ADA3-45C1-B8D6-1C5C335BE2B2,Yes,POSSIBLE INJURY,N/A,UNKNOWN,MD,A264FA56-D361-4408-94EF-C43155A4B03D,SUPERFICIAL,TEN OCLOCK,PASSENGER CAR,MOVING CONSTANT SPEED,South,30,No,No,2011,TOYOTA,4D,39.002,-77.00486333,"(39.002, -77.00486333)"
MCP9130002P,16044844,Montgomery County Police,Injury Crash,09/02/2016 10:45:00 AM,Maryland (State),FLOWER AVE,DOMER AVE,,TAKOMA PARK,,HEAD ON LEFT TURN,CLEAR,DRY,DAYLIGHT,NO CONTROLS,NONE DETECTED,,88D6C4B8-714A-4A09-9B77-66BE36531A2B,Yes,NO APPARENT INJURY,N/A,LOOKED BUT DID NOT SEE,MD,55570FBD-F36C-4478-803F-12E77B848F76,SUPERFICIAL,TWELVE OCLOCK,PICKUP TRUCK,MAKING LEFT TURN,South,30,No,No,1999,CHEV,1500,38.99673333,-77.003225,"(38.99673333, -77.003225)"
MCP2891004Z,180000223,Montgomery County Police,Property Damage Crash,01/02/2018 02:25:00 PM,US (State),COLESVILLE RD,FENTON ST,,N/A,,STRAIGHT MOVEMENT ANGLE,CLEAR,DRY,DAYLIGHT,TRAFFIC SIGNAL,NONE DETECTED,,33BEDF72-81EC-4A79-87AE-6A71C439C0AC,Yes,NO APPARENT INJURY,N/A,NOT DISTRACTED,MD,6374910B-4984-46D4-8885-F057D8ADF897,DISABLING,TWELVE OCLOCK,PASSENGER CAR,MOVING CONSTANT SPEED,South,35,No,No,2010,TOYOTA,COROLLA,38.99741467,-77.02699633,"(38.99741467, -77.02699633)"
MCP3104000P,180032934,Montgomery County Police,Property Damage Crash,07/04/2018 04:09:00 AM,,CASTLE BLVD,CASTLE RIDGE CIR,,N/A,,OTHER,CLEAR,DRY,DARK LIGHTS ON,NO CONTROLS,UNKNOWN,,A71CF596-6E76-454B-B1D7-079EC1DD6D9C,Yes,NO APPARENT INJURY,N/A,UNKNOWN,,E2E089BF-AC89-4928-871C-167EE2B55777,DESTROYED,TWELVE OCLOCK,PASSENGER CAR,MOVING CONSTANT SPEED,North,30,No,No,2015,HYUNDAI,AZERA,39.08537,-76.940405,"(39.08537, -76.940405)"
MCP2365001R,200042946,Montgomery County Police,Property Damage Crash,10/31/2020 11:56:00 AM,US (State),COLUMBIA PIKE,RAMP 4 FR US 29 NB TO MD 198 EB,,N/A,,STRAIGHT MOVEMENT ANGLE,CLEAR,DRY,DAYLIGHT,TRAFFIC SIGNAL,NONE DETECTED,,59FD3D33-DA00-47A5-ACD7-CB89819153CA,No,NO APPARENT INJURY,N/A,NOT DISTRACTED,MD,6FFF2C12-9B65-418C-9D6B-F58C5DD44997,DESTROYED,ELEVEN OCLOCK,PASSENGER CAR,STARTING FROM LANE,North,40,No,No,2016,TOYT,4S,39.11158333,-76.92849167,"(39.11158333, -76.92849167)"
MCP30190024,180053338,Montgomery County Police,Property Damage Crash,10/24/2018 04:26:00 PM,Maryland (State),OLD GEORGETOWN RD,TUCKERMAN LA,,N/A,,SAME DIR REAR END,CLEAR,DRY,DUSK,NO CONTROLS,NONE DETECTED,,5545F999-DA6A-405E-8346-6692C730EBF2,No,NO APPARENT INJURY,N/A,NOT DISTRACTED,VA,C4C4E7A8-380C-43DE-9188-A85C9AB7F4DB,SUPERFICIAL,SIX OCLOCK,TRANSIT BUS,STOPPED IN TRAFFIC LANE,North,40,No,No,2009,GILLY,HY,39.03472333,-77.12477167,"(39.03472333, -77.12477167)"
MCP2025000M,190043925,Montgomery County Police,Property Damage Crash,09/13/2019 06:10:00 PM,,,,"PARKING LOT OF 7101 DEMOCRACY BLVD, BETWEEN MACYS AND NORDSTROM",,,STRAIGHT MOVEMENT ANGLE,N/A,,DAYLIGHT,N/A,NONE DETECTED,,C9B0BAD2-E921-4622-9578-91A3D6D7292B,No,NO APPARENT INJURY,N/A,NOT DISTRACTED,OH,71CEB095-F341-4A3C-8494-FD5EAA612B36,DISABLING,TWELVE OCLOCK,PASSENGER CAR,MOVING CONSTANT SPEED,West,25,No,No,2018,HYUNDAI,TUCSON,39.02250167,-77.14698333,"(39.02250167, -77.14698333)"
MCP2633000P,15058934,MONTGOMERY,Injury Crash,11/18/2015 05:04:00 PM,Municipality,WATKINS MILL RD,TRAVIS AVE,,GAITHERSBURG,,STRAIGHT MOVEMENT ANGLE,CLOUDY,DRY,DUSK,STOP SIGN,N/A,,7D215A14-F0D6-4B15-B5AB-45BFB946FEB2,No,SUSPECTED MINOR INJURY,N/A,UNKNOWN,MD,3334FC18-F868-4EAA-A541-09C922781820,DISABLING,TWELVE OCLOCK,PASSENGER CAR,ACCELERATING,East,35,No,No,2006,HOND,4S,39.16240667,-77.21446333,"(39.16240667, -77.21446333)"
MCP2931004Q,200048422,Montgomery County Police,Property Damage Crash,12/08/2020 07:45:00 PM,County,E JEFFERSON ST,SPUR TO MONTROSE RD,,N/A,,SAME DIRECTION SIDESWIPE,N/A,DRY,DARK -- UNKNOWN LIGHTING,TRAFFIC SIGNAL,NONE DETECTED,,91FF783D-E7E3-4C69-89E1-E0D5464EAC90,Yes,NO APPARENT INJURY,N/A,LOOKED BUT DID NOT SEE,PA,E5E3A078-EF4A-4F04-999A-CC91EFA46FF3,UNKNOWN,THREE OCLOCK,TRUCK TRACTOR,MAKING RIGHT TURN,South,30,No,No,1998,FREIGHTLINER,TRACTOR,39.05285167,-77.12650333,"(39.05285167, -77.12650333)"
MCP94120007,170546663,Montgomery County Police,Property Damage Crash,12/05/2017 08:01:00 AM,Interstate (State),CAPITAL BELTWAY,EISENHOWER MEMORIAL HWY,,N/A,,SAME DIR REAR END,CLOUDY,DRY,DAYLIGHT,N/A,NONE DETECTED,,AF24F31E-9226-40B5-AE81-B86283BE231C,No,NO APPARENT INJURY,N/A,NOT DISTRACTED,MD,6E44499D-AB2B-4491-81AD-5D924C9AF025,FUNCTIONAL,SIX OCLOCK,RECREATIONAL VEHICLE,SLOWING OR STOPPING,South,55,No,No,2009,MAZADA,CX 7,39.02256,-77.14264,"(39.02256, -77.14264)"
MCP2450005K,250002054,MONTGOMERY,Property Damage Crash,01/15/2025 06:40:00 PM,Municipality Route,DALAMAR ST,FREDERICK RD,,,,Front to Rear,Clear,Dry,Dark - Lighted,Traffic Control Signal,"Not Suspect of Alcohol Use, Not Suspect of Drug Use",,D358A9C0-ADE0-4565-BA2C-A6B8B0F19058,Yes,No Apparent Injury,Improper Passing,Unknown,MD,B14BE519-BAB2-4F74-AF87-2ACBDCB075AD,Disabling,Twelve O Clock,Sport Utility Vehicle,,Southbound,30,No,No,2015,TOYOTA,RAV4,39.1466473,-77.20484878,"(39.1466473, -77.20484878)"
EJ7895000N,220007342,Gaithersburg Police Depar,Injury Crash,02/19/2022 04:10:00 PM,,,,PARKING LOT LOCATED IN FRONT OF LOWES,,,OTHER,CLEAR,,DAYLIGHT,NO CONTROLS,NONE DETECTED,,2029B81C-FE5D-4F9F-959E-8CC622BF627B,No,NO APPARENT INJURY,N/A,NOT DISTRACTED,MD,628632DE-0D4A-4771-B5D0-D0E27CEB5C90,FUNCTIONAL,TWO OCLOCK,(SPORT) UTILITY VEHICLE,STARTING FROM PARKED,North,5,No,No,2012,FORD,UT,39.10913862,-77.2179048,"(39.10913862, -77.2179048)"
MCP27800077,230033432,Montgomery County Police,Injury Crash,07/13/2023 06:25:00 PM,Maryland (State),FREDERICK RD,SHAKESPEARE BLVD,,N/A,,STRAIGHT MOVEMENT ANGLE,CLOUDY,DRY,DAYLIGHT,TRAFFIC SIGNAL,UNKNOWN,,8955063C-F69F-4D91-9D71-A2AA8F823695,Yes,NO APPARENT INJURY,N/A,NO DRIVER PRESENT,,CED5DD5A-E342-4F7F-9823-F2A221194B78,NO DAMAGE,NON-COLLISION,,MAKING LEFT TURN,North,35,No,No,0,UNKNOWN,UNKNOWN,39.198133,-77.2450765,"(39.198133, -77.2450765)"
DD5638000J,190038917,Rockville Police Departme,Property Damage Crash,08/14/2019 10:20:00 PM,Maryland (State),HUNGERFORD DR,BEALL AVE #2,,ROCKVILLE,,SINGLE VEHICLE,CLEAR,DRY,DARK LIGHTS ON,N/A,NONE DETECTED,,168487FF-319B-4C96-8F70-56D98E97CE94,Yes,NO APPARENT INJURY,N/A,UNKNOWN,MD,18F37075-B94B-4A99-94CA-F455F302206E,FUNCTIONAL,TWELVE OCLOCK,PASSENGER CAR,ACCELERATING,South,35,No,No,2005,HONDA,PILOT,39.08728457,-77.15010786,"(39.08728457, -77.15010786)"
MCP3112002N,190033026,Montgomery County Police,Property Damage Crash,07/11/2019 08:30:00 PM,Maryland (State),MONTGOMERY AVE,PEARL ST,,N/A,,HEAD ON,CLOUDY,WET,DARK LIGHTS ON,TRAFFIC SIGNAL,NONE DETECTED,,E87280F5-5CF7-4A51-B272-E9AA771990F1,No,NO APPARENT INJURY,"N/A, WET",NOT DISTRACTED,SC,E0AEA9BC-1840-41EF-B489-8DE2023337C2,FUNCTIONAL,ELEVEN OCLOCK,PASSENGER CAR,MOVING CONSTANT SPEED,East,25,No,No,2004,PONTIAC,GT 2D,38.98397717,-77.09050917,"(38.98397717, -77.09050917)"
DD5635000F,190002006,Rockville Police Departme,Property Damage Crash,01/13/2019 08:21:00 AM,Municipality,LANCASHIRE DR,STRATTON DR,,ROCKVILLE,,OTHER,SNOW,SNOW,DAYLIGHT,N/A,NONE DETECTED,,2670805F-E9B9-489F-BDCA-DFAE0A5C11DF,Yes,NO APPARENT INJURY,"ICY OR SNOW-COVERED, RAIN, SNOW",NOT DISTRACTED,MD,4373B966-2FD0-40DC-83C6-3A7174A64793,NO DAMAGE,SIX OCLOCK,OTHER,BACKING,South,25,No,No,2019,INTERNATIONAL,PLOW,39.06424883,-77.16709017,"(39.06424883, -77.16709017)"
MCP2203009J,250032230,MONTGOMERY,Property Damage Crash,07/19/2025 06:40:00 AM,County Route,FERRARA AVE,VEIRS MILL ACCESS RD VEIRS MILL RD (WB/L),,,,"Sideswipe, Same Direction",Clear,Dry,Daylight,Traffic Control Signal,"Unknown, Unknown",,2BD91A67-F30F-42BA-9B1C-5975A3EDC0D3,Yes,No Apparent Injury,,Not Distracted,MD,54D02B62-174A-44C1-A9DB-61F98E98997F,Functional,Nine O Clock,Passenger Car,Changing Lanes,Westbound,35,No,No,2017,TOYOTA,CAMRY,39.05318083,-77.07699633,"(39.05318083, -77.07699633)"
MCP2631001Q,170524739,Montgomery County Police,Injury Crash,10/04/2017 03:06:00 PM,Maryland (State),WISCONSIN AVE,BATTERY LA,,N/A,,SAME DIR REAR END,CLEAR,DRY,DAYLIGHT,N/A,NONE DETECTED,,400E1228-B693-416F-928C-6DD1FDDC17B4,No,POSSIBLE INJURY,N/A,NOT DISTRACTED,MD,8EC5236A-DC7C-422D-A764-4BD1D50E13C3,FUNCTIONAL,SIX OCLOCK,STATION WAGON,MOVING CONSTANT SPEED,South,25,No,No,2013,NISS,ROGUE,38.99264,-77.09586833,"(38.99264, -77.09586833)"
MCP33030014,230014522,Montgomery County Police,Property Damage Crash,03/25/2023 08:38:00 PM,County,OBSERVATION DR,SHAKESPEARE BLVD,,N/A,,SAME DIRECTION SIDESWIPE,RAINING,WET,DARK LIGHTS ON,NO CONTROLS,N/A,,237983F6-72C5-4DDB-8857-2A43130DBD45,Yes,NO APPARENT INJURY,"RAIN, SNOW, WET",NOT DISTRACTED,MD,37B0D0E2-51E0-44CB-A826-34BE915D259D,DISABLING,TEN OCLOCK,PASSENGER CAR,MOVING CONSTANT SPEED,South,35,No,No,2016,CHEVY,CRUZ,39.19526167,-77.25493333,"(39.19526167, -77.25493333)"
DD56280043,210014056,Rockville Police Departme,Property Damage Crash,04/15/2021 11:45:00 AM,Maryland (State),FIRST ST,MAPLE AVE,,ROCKVILLE,,SAME DIRECTION SIDESWIPE,CLEAR,DRY,DAYLIGHT,OTHER,NONE DETECTED,,9D75892C-713B-463C-AF00-9BF4985494B0,Yes,NO APPARENT INJURY,N/A,LOOKED BUT DID NOT SEE,MD,41BB0D47-B358-4E4C-8750-4928651B8350,DESTROYED,ONE OCLOCK,PASSENGER CAR,PASSING,West,30,No,No,2017,TOYOTA,CAMRY,39.08171667,-77.13734,"(39.08171667, -77.13734)"
MCP3182000J,190032665,Montgomery County Police,Property Damage Crash,07/09/2019 10:30:00 PM,Maryland (State),GEORGIA AVE,GRACE CHURCH RD,,N/A,,SAME DIR REAR END,CLEAR,DRY,DARK LIGHTS ON,NO CONTROLS,NONE DETECTED,,137D0634-A25F-4614-8C9A-9736D2497E02,No,NO APPARENT INJURY,N/A,NOT DISTRACTED,MD,CE9F02E5-8AA2-487B-BD0C-95A0B0DAB83F,FUNCTIONAL,TWELVE OCLOCK,(SPORT) UTILITY VEHICLE,SLOWING OR STOPPING,North,35,No,No,2016,CHEVROLET,SUBURBAN,39.00474522,-77.03743553,"(39.00474522, -77.03743553)"
MCP2637001N,170513405,Montgomery County Police,Injury Crash,06/13/2017 01:12:00 PM,County,SHADY GROVE RD,BLACKWELL RD,,ROCKVILLE,,HEAD ON LEFT TURN,CLEAR,DRY,N/A,N/A,NONE DETECTED,,2573BA6C-E8B6-4A13-B45F-0C71E9F79118,No,NO APPARENT INJURY,N/A,NOT DISTRACTED,MD,4574138A-C1AE-4375-A635-7189E1824035,DISABLING,TWELVE OCLOCK,PASSENGER CAR,MOVING CONSTANT SPEED,North,35,No,No,2015,TOYOTA,HIGHLANDER,39.10090041,-77.19173312,"(39.10090041, -77.19173312)"
MCP2526000C,15025525,MONTGOMERY,Property Damage Crash,05/27/2015 08:30:00 PM,County,WATKINS MILL RD,APPLE RIDGE RD,,N/A,,OPPOSITE DIRECTION SIDESWIPE,CLEAR,DRY,DUSK,TRAFFIC SIGNAL,N/A,,2F58F5DE-A8F7-4F21-8DF1-9C500800084A,No,NO APPARENT INJURY,N/A,NOT DISTRACTED,MD,78F70B9A-2EDA-4F8F-A6FF-FBC8FD521AF0,DISABLING,TWELVE OCLOCK,PASSENGER CAR,MOVING CONSTANT SPEED,South,35,No,No,2003,TOYOTA,CAMRY,39.18441861,-77.21104503,"(39.18441861, -77.21104503)"
MCP2048002N,200015894,Montgomery County Police,Property Damage Crash,04/08/2020 12:00:00 PM,County,MALIBU DR,WEAVER ST,,N/A,,SAME DIRECTION SIDESWIPE,CLEAR,DRY,DAYLIGHT,N/A,UNKNOWN,,980B0D21-0BCC-4491-B930-53CD6B73982B,Yes,NO APPARENT INJURY,N/A,UNKNOWN,,E60906B0-A587-48B4-9AEE-5403A467AEB3,FUNCTIONAL,ELEVEN OCLOCK,PASSENGER CAR,MOVING CONSTANT SPEED,East,25,No,No,2012,CHEVY,TRAVERSE,39.00944964,-76.99386838,"(39.00944964, -76.99386838)"
EJ7851000R,15026632,Gaithersburg Police Depar,Property Damage Crash,06/02/2015 01:30:00 PM,Maryland (State),MONTGOMERY VILLAGE AVE,RUSSELL AVE,,GAITHERSBURG,,SAME DIR REAR END,RAINING,WET,DAYLIGHT,TRAFFIC SIGNAL,NONE DETECTED,,0BEAB141-5183-4F61-9A53-9E18068C9173,No,NO APPARENT INJURY,"N/A, WET",NOT DISTRACTED,PA,DC3CDFE8-98B9-4C48-8911-3EF6D0C9D0D8,FUNCTIONAL,SIX OCLOCK,PASSENGER CAR,SLOWING OR STOPPING,West,35,No,No,2015,HYUNDAI,SANTA FE,39.15666232,-77.20631361,"(39.15666232, -77.20631361)"
MCP9386005D,180005302,Montgomery County Police,Injury Crash,01/31/2018 11:45:00 AM,County,TUCKERMAN LA,KINGS RIDING WAY,,N/A,,SAME DIRECTION SIDESWIPE,CLEAR,DRY,DAYLIGHT,NO CONTROLS,NONE DETECTED,,72028986-FE90-41FD-A012-AE92E59C2C4F,Yes,NO APPARENT INJURY,N/A,UNKNOWN,MD,6CC343C5-1C97-4D6E-8E5E-4B56B5A1DDBE,DISABLING,TWO OCLOCK,PASSENGER CAR,CHANGING LANES,East,45,No,No,2006,GMC,SAVANA,39.02996915,-77.11282387,"(39.02996915, -77.11282387)"
MCP1490000C,16067144,Montgomery County Police,Injury Crash,12/30/2016 02:01:00 PM,County,MUDDY BRANCH RD,KING JAMES WAY,,N/A,,STRAIGHT MOVEMENT ANGLE,CLEAR,DRY,DAYLIGHT,NO CONTROLS,NONE DETECTED,,C1E507D1-3CB1-47A5-BB00-BA997E863BA0,No,POSSIBLE INJURY,N/A,NOT DISTRACTED,MD,01AC2A28-D8CE-425E-A0EC-35A3B231E362,DISABLING,TWELVE OCLOCK,PASSENGER CAR,MOVING CONSTANT SPEED,West,45,No,No,2003,TOYOTA,MATRIX,39.13665333,-77.20562333,"(39.13665333, -77.20562333)"
MCP91180037,220017348,Montgomery County Police,Property Damage Crash,04/24/2022 02:43:00 AM,Maryland (State),GEORGIA AVE,LINDELL ST,,N/A,,STRAIGHT MOVEMENT ANGLE,CLEAR,DRY,DARK -- UNKNOWN LIGHTING,NO CONTROLS,NONE DETECTED,,13854857-B449-45D5-AB70-6C09B4E68F05,No,NO APPARENT INJURY,N/A,UNKNOWN,MD,8D92BA8A-F70D-457F-A75B-FBA5DD9B885B,DISABLING,TWELVE OCLOCK,(SPORT) UTILITY VEHICLE,MOVING CONSTANT SPEED,South,35,No,No,2005,NISS,PATHFINDER,39.05452419,-77.05036057,"(39.05452419, -77.05036057)"
MCP2437002J,170509424,Montgomery County Police,Property Damage Crash,05/23/2017 02:42:00 PM,County,EVERTON ST,DALEWOOD DR,,N/A,,OPPOSITE DIRECTION SIDESWIPE,CLOUDY,DRY,DAYLIGHT,STOP SIGN,NONE DETECTED,,8FE3D546-033B-459C-BBB7-9F250258CD82,Yes,NO APPARENT INJURY,N/A,NOT DISTRACTED,MD,1EA52A6B-33B5-441D-B7DD-AE642B525F49,SUPERFICIAL,NINE OCLOCK,SCHOOL BUS,MAKING LEFT TURN,West,25,No,No,2011,THOMAS,BUS,39.05972333,-77.06820833,"(39.05972333, -77.06820833)"
MCP3341000V,220056360,Montgomery County Police,Property Damage Crash,12/20/2022 08:00:00 AM,County,CONNECTICUT AVE SERVICE RD,ATHERTON DR,,N/A,,STRAIGHT MOVEMENT ANGLE,CLEAR,DRY,DAYLIGHT,STOP SIGN,N/A,,7C1EB5E5-C6FF-46EA-858C-2861EBDFF003,No,NO APPARENT INJURY,"N/A, VISION OBSTRUCTION (INCL. BLINDED BY SUN)",NOT DISTRACTED,MD,6ACF805B-DA2D-432A-B4CD-726B9638ABEF,FUNCTIONAL,FIVE OCLOCK,PASSENGER CAR,MAKING LEFT TURN,North,45,No,No,2019,VOLKSWAGEN,TIGUAN,39.092455,-77.04575667,"(39.092455, -77.04575667)"
MCP2921005G,240060494,MONTGOMERY,Property Damage Crash,12/18/2024 03:53:00 PM,Private Route,,,,,,Other,Cloudy,Dry,Daylight,No Controls,"Not Suspect of Alcohol Use, Not Suspect of Drug Use",,95237956-701B-489A-AC13-7B62158ADEBA,No,No Apparent Injury,,Not Distracted,MD,AA88C70E-A2B1-473E-A08C-70A5A67F7952,Superficial,Ten O Clock,Bus - School,Parked,,5,No,Yes,2018,FREIGHTLINER,B2 BUS CHASSIS,39.1893593,-77.26897292,"(39.1893593, -77.26897292)"
MCP2094007C,16053742,Montgomery County Police,Property Damage Crash,10/19/2016 09:33:00 AM,Maryland (State),ROCKVILLE PIKE,POOKS HILL RD,,N/A,,SAME DIR REAR END,CLEAR,DRY,DAYLIGHT,NO CONTROLS,NONE DETECTED,,6DBF4CB8-F27D-473A-ACEA-1181A1A5C43A,No,NO APPARENT INJURY,N/A,NOT DISTRACTED,MD,04C2943D-2677-4EE3-8A82-85D061CF2FF3,FUNCTIONAL,SIX OCLOCK,(SPORT) UTILITY VEHICLE,STOPPED IN TRAFFIC LANE,South,35,No,No,2016,LEXUS,MDX,39.01364833,-77.099255,"(39.01364833, -77.099255)"
MCP3377002T,250014188,MONTGOMERY,Property Damage Crash,04/04/2025 04:00:00 PM,County Route,ELLSWORTH DR,GEORGIA AVE,,,,"Sideswipe, Same Direction",Clear,Dry,Daylight,Traffic Control Signal,"Not Suspect of Alcohol Use, Not Suspect of Drug Use",,A3EAC40F-9319-4171-9F09-62A2C63FA628,No,No Apparent Injury,,Not Distracted,MD,B1197996-301E-4D05-9068-E61EACAA9338,Functional,Eleven O Clock,Bus - Transit,Stopped in Traffic,,30,No,No,2009,GILLIG,LOW FLOOR BUS,38.99531894,-77.02721103,"(38.99531894, -77.02721103)"
MCP2977007W,200050107,Montgomery County Police,Property Damage Crash,12/21/2020 08:39:00 AM,Maryland (State),PINEY BRANCH RD,CARROLL AVE,,N/A,,ANGLE MEETS LEFT HEAD ON,CLOUDY,WET,DAYLIGHT,NO CONTROLS,N/A,,3159FDC3-BB57-4326-B832-8FC3816B2FA9,Yes,NO APPARENT INJURY,N/A,LOOKED BUT DID NOT SEE,MD,23696DC8-6326-43BC-9847-B6375CA1D316,FUNCTIONAL,TWELVE OCLOCK,STATION WAGON,MAKING LEFT TURN,East,5,No,No,2018,HOND,CRV,39.00145,-76.98821,"(39.00145, -76.98821)"
MCP12020038,180025248,Montgomery County Police,Injury Crash,05/23/2018 08:19:00 AM,County,MACARTHUR BLVD,OXFORD RD,,GLEN ECHO,,HEAD ON LEFT TURN,CLEAR,DRY,DAYLIGHT,NO CONTROLS,NONE DETECTED,,42B6C0B1-C2F5-4BDE-BE4B-B50CA51C61B7,Yes,POSSIBLE INJURY,N/A,NOT DISTRACTED,MD,AADE2EAF-C05D-4F00-B1A9-786C9BADCB40,FUNCTIONAL,TWELVE OCLOCK,PASSENGER CAR,MAKING LEFT TURN,South,30,No,No,2003,CHEVROLET,ASTRO VAN,38.969135,-77.139915,"(38.969135, -77.139915)"
MCP3182001S,220019328,Montgomery County Police,Property Damage Crash,05/06/2022 04:32:00 PM,US (State),COLUMBIA PIKE,SANDY SPRING RD,,N/A,,SAME DIR REAR END,RAINING,WET,DAYLIGHT,NO CONTROLS,NONE DETECTED,,48057A00-77BD-4382-8CA1-02025CFDE8DE,No,NO APPARENT INJURY,"RAIN, SNOW, WET",NOT DISTRACTED,MD,648821D6-0E1A-44EE-946E-4CC7E8C76823,FUNCTIONAL,SIX OCLOCK,PASSENGER CAR,SLOWING OR STOPPING,North,55,No,No,2021,HYUNDAI,4D,39.1181294,-76.92703677,"(39.1181294, -76.92703677)"