Report Number,Local Case Number,Agency Name,ACRS Report Type,Crash Date/Time,Route Type,Road Name,Cross-Street Name,Off-Road Description,Municipality,Related Non-Motorist,Collision Type,Weather,Surface Condition,Light,Traffic Control,Driver Substance Abuse,Non-Motorist Substance Abuse,Person ID,Driver At Fault,Injury Severity,Circumstance,Driver Distracted By,Drivers License State,Vehicle ID,Vehicle Damage Extent,Vehicle First Impact Location,Vehicle Body Type,Vehicle Movement,Vehicle Going Dir,Speed Limit,Driverless Vehicle,Parked Vehicle,Vehicle Year,Vehicle Make,Vehicle Model,Latitude,Longitude,Location
MCP31600015,190006147,Montgomery County Police,Property Damage Crash,02/07/2019 07:10:00 PM,Maryland (State),RIVER RD,SEVEN LOCKS RD,,N/A,,STRAIGHT MOVEMENT ANGLE,CLEAR,DRY,DARK LIGHTS ON,TRAFFIC SIGNAL,NONE DETECTED,,14A729AA-7C5C-444F-92EF-FA40323FEBAB,Yes,NO APPARENT INJURY,N/A,LOOKED BUT DID NOT SEE,VA,7D51FF8B-7FFE-40C3-8D1D-57A3C8AA386D,DISABLING,FOUR OCLOCK,PASSENGER CAR,MOVING CONSTANT SPEED,South,35,No,No,2007,TOYOTA,PRIUS,39.05271333,-77.112055,"(39.05271333, -77.112055)"
DD56110031,170514005,Rockville Police Departme,Property Damage Crash,06/16/2017 10:08:00 AM,Municipality,S WASHINGTON ST,E MONTGOMERY AVE AT COURTHOUSE SQ,,ROCKVILLE,,SAME DIR REAR END,CLEAR,DRY,DAYLIGHT,TRAFFIC SIGNAL,NONE DETECTED,,895CCC85-165D-4DB7-98A5-15DC452055C8,No,NO APPARENT INJURY,N/A,NOT DISTRACTED,MD,1D97E38D-2E65-42A8-AE6E-C4F73623D7D2,FUNCTIONAL,SIX OCLOCK,PASSENGER CAR,STOPPED IN TRAFFIC LANE,North,30,No,No,2008,HONDA,TK,39.08372,-77.152165,"(39.08372, -77.152165)"
MCP2597001T,17007309,Montgomery County Police,Injury Crash,02/10/2017 02:22:00 PM,County,WARREN ST,LINDEN LA,,N/A,,HEAD ON,CLOUDY,DRY,DAYLIGHT,NO CONTROLS,NONE DETECTED,,ABDF02DC-FF3A-43CA-B153-CBCBB07A1573,Yes,SUSPECTED MINOR INJURY,N/A,UNKNOWN,MD,48D8458E-C5FA-4DF2-A54C-39E0660291AD,DISABLING,TWELVE OCLOCK,PASSENGER CAR,MAKING LEFT TURN,West,25,No,No,2014,SCION,XB,39.00944833,-77.04887833,"(39.00944833, -77.04887833)"
MCP22310062,210030090,Montgomery County Police,Property Damage Crash,08/03/2021 11:43:00 AM,Maryland (State),CLOPPER RD,TWELVE OAKS DR,,GAITHERSBURG,,SAME DIR REAR END,CLOUDY,DRY,DAYLIGHT,TRAFFIC SIGNAL,NONE DETECTED,,70C34257-338A-4636-BE8F-91947D747B4B,Yes,NO APPARENT INJURY,N/A,UNKNOWN,MD,438E1D1B-723F-4AE2-A93D-B77EFC2C53C6,DISABLING,TWELVE OCLOCK,PASSENGER CAR,MOVING CONSTANT SPEED,East,35,No,No,2013,BMW,X5,39.14549333,-77.22759667,"(39.14549333, -77.22759667)"
MCP28720016,15060801,MONTGOMERY,Property Damage Crash,11/28/2015 03:44:00 PM,County,GOSHEN RD,STEWARTOWN RD,,N/A,,SAME DIR REND LEFT TURN,RAINING,WET,DAYLIGHT,NO CONTROLS,NONE DETECTED,,394DD1E9-EBA7-4FDB-975B-A8DB70ECBF61,Yes,NO APPARENT INJURY,"RAIN, SNOW, WET",ADJUSTING AUDIO AND OR CLIMATE CONTROLS,MD,80A792C8-D0AE-4960-8015-3B2E6AA68B69,DISABLING,ELEVEN OCLOCK,PASSENGER CAR,SLOWING OR STOPPING,South,35,No,No,1999,FORD,EXPEDITION,39.17614667,-77.18991167,"(39.17614667, -77.18991167)"
MCP1260000Q,220031007,Montgomery County Police,Property Damage Crash,07/19/2022 10:02:00 AM,County,PEACH TREE RD,WHITES STORE RD,,N/A,,SINGLE VEHICLE,CLEAR,DRY,DAYLIGHT,NO CONTROLS,NONE DETECTED,,6E3CB15F-FF63-453F-950F-9B6B0EA039FD,Yes,NO APPARENT INJURY,N/A,NOT DISTRACTED,MD,8A3DD07A-CD33-492E-AE80-0644FA831BE3,DISABLING,ROOF TOP,"MEDIUM/HEAVY TRUCKS 3 AXLES (OVER 10,000LBS (4,536KG))",MOVING CONSTANT SPEED,South,35,No,No,2007,GMC,C7500,39.19514,-77.37574,"(39.19514, -77.37574)"
MCP2743000K,17014955,Montgomery County Police,Property Damage Crash,03/23/2017 09:04:00 PM,Maryland (State),CONNECTICUT AVE,SAUL RD,,N/A,,SAME DIR REAR END,CLEAR,DRY,DARK LIGHTS ON,TRAFFIC SIGNAL,N/A,,8178244D-C08E-4EBE-9D0A-94066C83B3D2,No,NO APPARENT INJURY,N/A,NOT DISTRACTED,MD,26546942-7A6E-4843-8A9E-256E4386AA91,DISABLING,SIX OCLOCK,PASSENGER CAR,STOPPED IN TRAFFIC LANE,North,35,No,No,2005,MITSUBISHI,TK,39.01538333,-77.078525,"(39.01538333, -77.078525)"
MCP3329003W,250009565,MONTGOMERY,Property Damage Crash,03/04/2025 06:25:00 PM,County Route,,,,,,Angle,Clear,Dry,Dark - Lighted,Traffic Control Signal,"Not Suspect of Alcohol Use, Not Suspect of Drug Use",,C9C7EE10-A127-4EC3-8957-1ED3F6FFB0EB,No,No Apparent Injury,,Not Distracted,MD,6F41672B-667B-432C-82B2-7D65F3D73980,Superficial,Three O Clock,Passenger Car,Moving Constant Speed,Southbound,45,No,No,2011,CHEVROLET,SUBURBAN,39.07568331,-76.95794523,"(39.07568331, -76.95794523)"
DD559500BR,220010991,Rockville Police Departme,Property Damage Crash,03/14/2022 03:50:00 PM,Municipality,HALPINE RD,LEWIS AVE,,ROCKVILLE,,OTHER,CLEAR,DRY,DAYLIGHT,N/A,NONE DETECTED,,EFBB4D35-8199-47DC-88B3-1F8DE7F230C2,Yes,NO APPARENT INJURY,N/A,NOT DISTRACTED,MD,A9DB2031-8E82-4AE7-9234-7055F1D439B5,DISABLING,TWELVE OCLOCK,PASSENGER CAR,MOVING CONSTANT SPEED,West,25,No,No,2011,TOYT,4S,39.07997592,-77.13826298,"(39.07997592, -77.13826298)"
MCP20470056,230065789,Montgomery County Police,Injury Crash,11/11/2023 01:58:00 PM,Maryland (State),FREDERICK RD,WATKINS POND BLVD,,ROCKVILLE,,SAME DIR REAR END,CLEAR,DRY,DAYLIGHT,TRAFFIC SIGNAL,NONE DETECTED,,EC20EBAB-FC73-4B62-8A79-A53786900412,Yes,NO APPARENT INJURY,N/A,NOT DISTRACTED,MD,8723045F-180F-491F-BC0E-B85D1573162E,SUPERFICIAL,TWELVE OCLOCK,"CARGO VAN/LIGHT TRUCK 2 AXLES (OVER 10,000LBS (4,536 KG))",SLOWING OR STOPPING,South,40,No,No,2019,FORD,ST,39.10663917,-77.16909783,"(39.10663917, -77.16909783)"
MCP3059005K,210000590,Montgomery County Police,Property Damage Crash,01/05/2021 06:40:00 PM,Maryland (State),FREDERICK RD,GUNNERS BRANCH RD,,N/A,,HEAD ON LEFT TURN,CLEAR,DRY,DARK LIGHTS ON,TRAFFIC SIGNAL,NONE DETECTED,,3C57B07B-B059-4F75-B898-49B4799ACE50,Yes,NO APPARENT INJURY,N/A,UNKNOWN,MD,DEE1FA08-4D85-44B7-A3B5-DBA436B036A3,DESTROYED,ONE OCLOCK,PASSENGER CAR,MAKING LEFT TURN,West,45,No,No,2008,VOLKS,RABBIT,39.17832167,-77.23881,"(39.17832167, -77.23881)"
MCP2760002C,190024828,Montgomery County Police,Property Damage Crash,05/24/2019 10:40:00 PM,,,,"9631 LOST KNIFE ROAD

(IN PARKING LOT)",,,SAME DIRECTION SIDESWIPE,CLEAR,,N/A,NO CONTROLS,N/A,,1D5BC387-88C9-47D6-A5E5-D8883BE0260D,No,NO APPARENT INJURY,N/A,NOT DISTRACTED,MD,7FA39B3A-3778-4090-ADDA-8DB1B8D18F08,SUPERFICIAL,EIGHT OCLOCK,PASSENGER CAR,PARKED,,5,No,Yes,2018,NISSAN,4S,39.153075,-77.19697333,"(39.153075, -77.19697333)"
MCP1119004T,180002659,Montgomery County Police,Injury Crash,01/17/2018 10:03:00 AM,County,EDNOR RD,ROCKY GORGE CT,,N/A,,SINGLE VEHICLE,CLOUDY,SNOW,DAYLIGHT,N/A,NONE DETECTED,,B312B973-6371-405C-9A43-D2D03EAF9DDB,Yes,SUSPECTED MINOR INJURY,"ICY OR SNOW-COVERED, N/A",NOT DISTRACTED,MD,3C196A0D-7561-4373-A4B5-5B8B49B7F252,DISABLING,THREE OCLOCK,PASSENGER CAR,MOVING CONSTANT SPEED,East,35,No,No,2009,HONDA,FIT,39.14274667,-76.967235,"(39.14274667, -76.967235)"
MCP9399000G,15035790,MONTGOMERY,Injury Crash,07/20/2015 09:20:00 PM,County,SHADY GROVE RD,RAMP 7 FR SHADY GROVE RD WB TO IS 270 SB,,N/A,,STRAIGHT MOVEMENT ANGLE,CLEAR,DRY,DARK LIGHTS ON,TRAFFIC SIGNAL,NONE DETECTED,,6DDB0B37-708B-4048-B122-BDDD307E8736,No,SUSPECTED MINOR INJURY,N/A,NOT DISTRACTED,MD,D07AE2C6-672B-496F-9EF8-75B4C1EEC372,DISABLING,EIGHT OCLOCK,PASSENGER CAR,STARTING FROM LANE,South,35,No,No,2007,CHEV,COBALT,39.11186333,-77.18704833,"(39.11186333, -77.18704833)"
MCP14000006,15032278,MONTGOMERY,Property Damage Crash,07/01/2015 10:40:00 PM,Maryland (State),GEORGIA AVE,QUEEN MARY DR,,N/A,,STRAIGHT MOVEMENT ANGLE,CLEAR,DRY,DARK NO LIGHTS,NO CONTROLS,NONE DETECTED,,4A6ED9FC-D00B-4756-A97F-11FB22132247,Yes,NO APPARENT INJURY,N/A,NOT DISTRACTED,MD,66DB2E52-AE61-4057-B41D-C7976D27C62D,DISABLING,TWELVE OCLOCK,PASSENGER CAR,ACCELERATING,East,30,No,No,2012,HONDA,CRV,39.14816772,-77.06703186,"(39.14816772, -77.06703186)"
MCP2848006Y,180027461,Montgomery County Police,Property Damage Crash,06/04/2018 02:42:00 PM,Maryland (State),RIVER RD,RIDGEFIELD RD,,N/A,,SAME DIR REAR END,CLEAR,DRY,DAYLIGHT,TRAFFIC SIGNAL,OTHER,,10A47EDF-2D72-499D-879C-92CF00278D4F,Yes,NO APPARENT INJURY,N/A,INATTENTIVE OR LOST IN THOUGHT,WV,F0C38130-5CB1-48F8-A8F4-7069D2E43CF4,DISABLING,TWELVE OCLOCK,PASSENGER CAR,MOVING CONSTANT SPEED,East,35,No,No,2005,FORD,F250,38.96713833,-77.10703167,"(38.96713833, -77.10703167)"
MCP3231001G,250005737,MONTGOMERY,Property Damage Crash,02/08/2025 02:55:00 AM,,,,"Parking Lot Way        CORDELL AVE. & ST. ELMO PARKING GARAGE LOCATED AT 4935 ST ELMO AVE, BETHESDA, MD 20814",,,Angle,Clear,,Dark - Lighted,,"Unknown, Unknown",,DED15BA5-28AF-42A5-8906-375462D9A216,No,No Apparent Injury,,,,192603C0-019A-46E4-9776-2556D0CC3A61,Vehicle Not at Scene,Vehicle Not at Scene,Pickup,Accelerating,Not On Roadway,0,No,No,2021,RAM,3500,38.98814905,-77.0987079,"(38.98814905, -77.0987079)"
MCP22600022,180036493,Montgomery County Police,Property Damage Crash,07/23/2018 06:15:00 PM,Municipality,NELSON ST,W MONTGOMERY AVE,,N/A,,SAME DIR REAR END,RAINING,WET,DAYLIGHT,TRAFFIC SIGNAL,N/A,,48D06382-F6F7-4509-9AFF-B2D9196700DA,Yes,NO APPARENT INJURY,"N/A, WET",UNKNOWN,MD,CECEE0FB-4C4F-417F-8564-FA1B6011A4D6,DISABLING,TWELVE OCLOCK,PASSENGER CAR,UNKNOWN,North,35,No,No,2002,HONDA,CIVIC,39.08557667,-77.17118333,"(39.08557667, -77.17118333)"
MCP2469001D,180023139,Montgomery County Police,Injury Crash,05/11/2018 08:25:00 AM,County,STEWART LA,APRIL LA,,N/A,,SAME DIR REAR END,CLEAR,DRY,DAYLIGHT,NO CONTROLS,NONE DETECTED,,E9268F3E-1E74-4EDD-96D8-E09FA15A350C,No,POSSIBLE INJURY,N/A,NOT DISTRACTED,MD,ECD65A76-981F-4EE5-B303-E2C193AD5740,DISABLING,SIX OCLOCK,PASSENGER CAR,STOPPED IN TRAFFIC LANE,North,30,No,No,2010,DODG,4S,39.04495133,-76.98096033,"(39.04495133, -76.98096033)"
DD5598000J,16005987,Rockville Police Departme,Property Damage Crash,02/05/2016 09:38:00 AM,Municipality,ALLAN RD,NEAL DR,,ROCKVILLE,,OTHER,UNKNOWN,WET,DARK LIGHTS ON,NO CONTROLS,N/A,,09EDA9B6-1518-481C-9071-9FDA492C3276,Yes,NO APPARENT INJURY,N/A,UNKNOWN,MD,40CD1985-292A-41B5-8B78-7C6F1014B46D,SUPERFICIAL,TWO OCLOCK,OTHER,MOVING CONSTANT SPEED,West,25,No,No,2012,FORD,E350,39.08927,-77.134045,"(39.08927, -77.134045)"
MCP93860090,220001101,Montgomery County Police,Property Damage Crash,01/07/2022 12:45:00 PM,Maryland (State),KEMPTOWN RD,SPUR TO MD 27,,N/A,,SINGLE VEHICLE,WINTRY MIX,SNOW,DAYLIGHT,YIELD SIGN,N/A,,7B8E1205-DFA2-49E1-8A51-F5B390E44AF6,Yes,NO APPARENT INJURY,"ICY OR SNOW-COVERED, RAIN, SNOW",NOT DISTRACTED,MD,CC94E903-0367-4FEF-BB15-4BAD5F378200,FUNCTIONAL,ONE OCLOCK,POLICE VEHICLE/NON EMERGENCY,SLOWING OR STOPPING,East,40,No,No,2014,DODGE,CHARGER,39.31783566,-77.1983419,"(39.31783566, -77.1983419)"
MCP2666001W,170515594,Montgomery County Police,Property Damage Crash,06/24/2017 05:56:00 PM,,,,PARKING LOT IN FRONT OF 4255 DUNWOOD TERRACE,,,SAME DIR REAR END,CLEAR,,DAYLIGHT,NO CONTROLS,ALCOHOL PRESENT,,63D81566-FD80-410C-88BD-015B312FD9AD,Yes,NO APPARENT INJURY,N/A,UNKNOWN,MD,DE97B167-9214-4F7D-BE8E-3D2AC2A09F57,SUPERFICIAL,TWELVE OCLOCK,PICKUP TRUCK,MOVING CONSTANT SPEED,West,5,No,No,2016,NISSAN,FRONTIER,39.09777833,-76.92235167,"(39.09777833, -76.92235167)"
MCP3258001N,210044110,Montgomery County Police,Injury Crash,11/01/2021 02:43:00 PM,County,CLARIDGE RD,MOLINE RD,,N/A,,SAME DIR REAR END,CLEAR,DRY,DAYLIGHT,N/A,NONE DETECTED,,4C0FE71E-4F23-4F26-A318-70284992EABF,Yes,NO APPARENT INJURY,N/A,BY OTHER OCCUPANTS,MD,DCB5219A-9200-4081-AA20-89A81FDA1D64,FUNCTIONAL,TWELVE OCLOCK,PASSENGER CAR,MOVING CONSTANT SPEED,North,25,No,No,2007,NISSAN,MURANO,39.04990167,-77.067805,"(39.04990167, -77.067805)"
MCP003600CR,200001370,Montgomery County Police,Injury Crash,01/08/2020 06:09:00 PM,Maryland (State),WOODFIELD RD,NEW CHURCH ST,,N/A,,SAME DIR REAR END,CLEAR,DRY,DARK LIGHTS ON,NO CONTROLS,NONE DETECTED,,768F1787-A57A-4945-A08D-D746791B2AF1,No,POSSIBLE INJURY,N/A,NOT DISTRACTED,MD,437725F0-7306-41B0-9737-1767018D6AE4,FUNCTIONAL,SIX OCLOCK,(SPORT) UTILITY VEHICLE,STOPPED IN TRAFFIC LANE,South,30,No,No,1997,TOYOTA,4RUNNER,39.28682317,-77.20189533,"(39.28682317, -77.20189533)"
MCP21980019,15055262,MONTGOMERY,Property Damage Crash,10/30/2015 06:52:00 PM,Municipality,FIRSTFIELD RD,CLOPPER RD,,N/A,,OPPOSITE DIRECTION SIDESWIPE,CLEAR,DRY,DARK LIGHTS ON,TRAFFIC SIGNAL,N/A,,81C1B2E9-2BB4-4093-9AD1-620D02C0DDEC,No,NO APPARENT INJURY,N/A,UNKNOWN,MD,7173352C-0851-4641-8E9B-7E51F032B79F,FUNCTIONAL,TWELVE OCLOCK,PASSENGER CAR,MOVING CONSTANT SPEED,North,35,No,No,2000,FORD,EXPLORER,39.14283833,-77.223165,"(39.14283833, -77.223165)"
MCP158000BX,190043197,Montgomery County Police,Injury Crash,09/09/2019 03:45:00 PM,County,DIAMONDBACK DR,KEY WEST AVE,,N/A,PEDESTRIAN,STRAIGHT MOVEMENT ANGLE,CLOUDY,DRY,DAYLIGHT,TRAFFIC SIGNAL,NONE DETECTED,NONE DETECTED,4C6E25D9-7E8B-4FFA-B3A4-84C2A607CE6C,Yes,NO APPARENT INJURY,N/A,UNKNOWN,MD,4979CCD0-C87D-49DE-AAAA-45A9B6C1EEE4,NO DAMAGE,ONE OCLOCK,(SPORT) UTILITY VEHICLE,MAKING RIGHT TURN,South,35,No,No,2015,ACUR,MDX SUV,39.10530833,-77.20160667,"(39.10530833, -77.20160667)"
MCP3074005M,230014307,Montgomery County Police,Injury Crash,03/24/2023 04:30:00 PM,US (State),COLESVILLE RD,UNIVERSITY BLVD E,,N/A,,SAME DIR REAR END,RAINING,WET,DAYLIGHT,TRAFFIC SIGNAL,N/A,,DF61DFDB-0AF6-4311-83EC-F1FAB84C6F34,Unknown,NO APPARENT INJURY,"RAIN, SNOW, WET",LOOKED BUT DID NOT SEE,VA,2E91821E-BD2B-476B-8F80-A09E7FA0EF84,NO DAMAGE,TWELVE OCLOCK,VAN,SLOWING OR STOPPING,South,35,No,No,2019,PROMASTER,25 VAN,39.01959458,-77.01328434,"(39.01959458, -77.01328434)"
MCP29090014,16043855,Montgomery County Police,Injury Crash,08/28/2016 06:32:00 PM,Maryland (State),EAST WEST HWY,BEACH DR,,N/A,,ANGLE MEETS LEFT TURN,CLEAR,DRY,DAYLIGHT,TRAFFIC SIGNAL,NONE DETECTED,,D003090D-682D-4D79-BAEB-A36238ABB5C1,Unknown,SUSPECTED MINOR INJURY,N/A,UNKNOWN,MD,6E6555D0-FF23-410B-BBA0-B901A0384057,DISABLING,TWELVE OCLOCK,PASSENGER CAR,MAKING LEFT TURN,South,35,No,No,2004,HOND,4S,38.99320333,-77.06336833,"(38.99320333, -77.06336833)"
MCP3225002C,220002975,Montgomery County Police,Injury Crash,01/23/2022 05:00:00 PM,County,ARCOLA AVE,OREBAUGH AVE,,N/A,,SAME DIR REAR END,CLEAR,DRY,DAYLIGHT,NO CONTROLS,NONE DETECTED,,499C62B2-80F0-471E-9843-2CC704D0D856,Yes,NO APPARENT INJURY,N/A,UNKNOWN,MD,C3C97E68-19F3-4614-9751-7FBAB91975F3,FUNCTIONAL,TWELVE OCLOCK,"OTHER LIGHT TRUCKS (10,000LBS (4,536KG) OR LESS)",MOVING CONSTANT SPEED,West,35,No,No,2013,INFINITY,JX35,39.0470475,-77.03732567,"(39.0470475, -77.03732567)"
DD56010034,170528441,Rockville Police Departme,Injury Crash,09/03/2017 06:45:00 AM,Maryland (State),ROCKVILLE PIKE,FIRST ST,,N/A,,HEAD ON LEFT TURN,CLEAR,WET,DAWN,TRAFFIC SIGNAL,N/A,,626F47E4-D8A0-4213-90E4-A983212EE80F,No,POSSIBLE INJURY,"N/A, WET",NOT DISTRACTED,MD,D9F011B0-A59A-46FA-9313-2E12F6AE7158,DESTROYED,TWELVE OCLOCK,PASSENGER CAR,MOVING CONSTANT SPEED,North,40,No,No,1999,ALUM,TL,39.07721333,-77.13942667,"(39.07721333, -77.13942667)"
MCP2552007R,250012577,MONTGOMERY,Property Damage Crash,03/21/2025 04:50:00 PM,Maryland (State) Route,CONNECTICUT AVE (SB/L),,,,,"Sideswipe, Same Direction",Clear,Dry,Daylight,No Controls,"Not Suspect of Alcohol Use, Not Suspect of Drug Use",,C19F9FAB-A66A-42C3-B127-118383CAB0DF,No,No Apparent Injury,,Not Distracted,MD,B7627DB9-63B9-4B66-B8E8-08F80DF9648C,Superficial,Two O Clock,Passenger Car,Changing Lanes,Southbound,35,No,No,2019,HONDA,HR-V,39.02796259,-77.07649932,"(39.02796259, -77.07649932)"
MCP3161001C,190018170,Montgomery County Police,Injury Crash,04/18/2019 03:15:00 PM,Maryland (State),CONNECTICUT AVE,RAMP 4 FR MD 185 NB TO IS 495 EB,,N/A,,SAME DIR REAR END,CLEAR,DRY,DAYLIGHT,NO CONTROLS,NONE DETECTED,,D3E11B8D-B858-48E9-9508-A7AC5CC718A4,Yes,NO APPARENT INJURY,N/A,UNKNOWN,MD,B07142F0-9108-49C4-8645-1259BD3720F9,FUNCTIONAL,TWELVE OCLOCK,PASSENGER CAR,N/A,North,35,No,No,2006,TOYOTA,COROLLA,39.00262,-77.07708333,"(39.00262, -77.07708333)"
MCP2645000M,16034318,Montgomery County Police,Property Damage Crash,07/06/2016 11:38:00 PM,County,MIDDLEBROOK RD,FREDERICK RD,,N/A,,SINGLE VEHICLE,CLEAR,DRY,DARK LIGHTS ON,TRAFFIC SIGNAL,N/A,,E833EFC5-049A-4540-AA6E-52FA25C2BEDC,Yes,NO APPARENT INJURY,N/A,NOT DISTRACTED,MD,C8D294EF-DD18-4086-A258-1E096EA0A56B,DISABLING,TWELVE OCLOCK,PASSENGER CAR,ACCELERATING,North,40,No,No,1998,DODGE,VAN,39.18124179,-77.23839283,"(39.18124179, -77.23839283)"
MCP272600BZ,240057182,MONTGOMERY,Property Damage Crash,11/29/2024 11:15:00 AM,,,,"Parking Lot Way        TOUCHLESS CAR WASH
16185 SHADY GROVE RD",,,Single Vehicle,Clear,,Daylight,,"Not Suspect of Alcohol Use, Not Suspect of Drug Use",,C680582F-1F86-49D1-B3A8-3B9386407321,Yes,No Apparent Injury,,Not Distracted,MD,2D86CF77-B49C-4B52-B191-05097A129CAD,Disabling,Twelve O Clock,Passenger Car,Accelerating,Unknown,0,No,No,2015,HONDA,CR-V,39.12078259,-77.17837083,"(39.12078259, -77.17837083)"
MCP2291004T,200048412,Montgomery County Police,Property Damage Crash,12/08/2020 06:44:00 PM,,,,PARKING LOT OF 10592 METROPOLITAN AVE,,,OTHER,N/A,,DARK LIGHTS ON,NO CONTROLS,NONE DETECTED,,584E3BC1-D6E7-4711-AB57-B60E4A4A8A85,No,NO APPARENT INJURY,N/A,NOT DISTRACTED,MD,2CD01004-53CA-469F-AAD8-92B3CC9F8E17,SUPERFICIAL,ELEVEN OCLOCK,POLICE VEHICLE/NON EMERGENCY,BACKING,South,0,No,No,2014,DODGE,CHARGER,39.02933476,-77.0741567,"(39.02933476, -77.0741567)"
MCP26560026,170535008,Montgomery County Police,Property Damage Crash,10/05/2017 08:30:00 PM,County,CASTLE BLVD,TEAGARDEN CIR,,N/A,,OTHER,CLEAR,DRY,DARK LIGHTS ON,N/A,N/A,,4FE158F7-4A70-4AEB-B8D6-6541DAEDCD40,Yes,NO APPARENT INJURY,N/A,UNKNOWN,,88D76F6E-1FDD-404D-94E4-9B33E19B17C6,SUPERFICIAL,ONE OCLOCK,,MOVING CONSTANT SPEED,North,25,No,No,0,UNKNOWN,UNKNOWN,39.08150167,-76.94541167,"(39.08150167, -76.94541167)"
MCP9130008S,190058588,Montgomery County Police,Injury Crash,12/05/2019 10:55:00 AM,County,CARROLL AVE,11TH AVE,,N/A,,STRAIGHT MOVEMENT ANGLE,CLOUDY,DRY,DAYLIGHT,NO CONTROLS,NONE DETECTED,,CCB967AA-04B4-4C9A-B151-56C5567D101E,No,NO APPARENT INJURY,N/A,NOT DISTRACTED,MD,A5FA9295-CE92-45BE-8606-AF184F682363,FUNCTIONAL,ELEVEN OCLOCK,PASSENGER CAR,MOVING CONSTANT SPEED,North,30,No,No,2018,TOYOTA,CAMRY,38.99679833,-76.99195167,"(38.99679833, -76.99195167)"
MCP3094002H,220054088,Montgomery County Police,Property Damage Crash,12/07/2022 02:50:00 PM,Maryland (State),MUNCASTER MILL RD,IVY OAK DR,,N/A,,SAME DIRECTION LEFT TURN,N/A,WET,DAYLIGHT,NO CONTROLS,NONE DETECTED,,2AB16FD9-4020-4C71-8578-5B20A4570F23,No,NO APPARENT INJURY,"N/A, WET",NOT DISTRACTED,MD,5E213137-C820-43C9-862A-D3D36CEB31C0,SUPERFICIAL,ELEVEN OCLOCK,TRUCK TRACTOR,MOVING CONSTANT SPEED,South,35,No,No,2016,VOLVO,TK,39.157049,-77.15778,"(39.157049, -77.15778)"
MCP2789002S,16053047,Montgomery County Police,Injury Crash,10/15/2016 04:05:00 PM,Interstate (State),CAPITAL BELTWAY,EXIT #31,,N/A,,SAME DIR REAR END,CLEAR,DRY,DAYLIGHT,NO CONTROLS,N/A,,B06F0173-B6BB-453A-8DE5-E9ED43A7098A,Yes,POSSIBLE INJURY,N/A,NOT DISTRACTED,MD,DE09A6FC-91CC-4864-B952-0D550613DCF4,NO DAMAGE,TWELVE OCLOCK,PASSENGER CAR,SLOWING OR STOPPING,West,55,No,No,2013,ACURA,RDX,39.01357833,-77.03702667,"(39.01357833, -77.03702667)"
MCP3133004J,230022645,Montgomery County Police,Property Damage Crash,05/11/2023 04:30:00 PM,Maryland (State),RIDGE RD,HAWKES RD,,N/A,,SAME DIR REAR END,CLEAR,DRY,DAYLIGHT,NO CONTROLS,NONE DETECTED,,153B0CB2-1501-4422-A231-2571ACD4BE7D,Yes,NO APPARENT INJURY,N/A,NOT DISTRACTED,MD,76FCDA05-CE3B-4AA4-8207-60C4A02FE056,FUNCTIONAL,TWELVE OCLOCK,PASSENGER CAR,MOVING CONSTANT SPEED,North,40,No,No,2014,HOND,CIVIC,39.2432335,-77.23470067,"(39.2432335, -77.23470067)"
DD56050023,16006968,Rockville Police Departme,Injury Crash,02/10/2016 05:24:00 PM,Municipality,RESEARCH BLVD,RESEARCH CT,,ROCKVILLE,,STRAIGHT MOVEMENT ANGLE,CLEAR,DRY,DAYLIGHT,NO CONTROLS,NONE DETECTED,,5C19103D-03B7-4BF1-B8BB-718EC354F9E3,No,SUSPECTED MINOR INJURY,N/A,NOT DISTRACTED,MD,2C49C2EB-BA77-4FBE-8CEC-1F5720F727B5,DISABLING,TWELVE OCLOCK,PASSENGER CAR,MOVING CONSTANT SPEED,South,35,No,No,2009,TOYT,4S,39.10414833,-77.18678833,"(39.10414833, -77.18678833)"
MCP1366004J,16017189,Montgomery County Police,Property Damage Crash,04/08/2016 03:34:00 PM,County,SEVEN LOCKS RD,TUCKERMAN LA,,N/A,,SAME DIRECTION SIDESWIPE,CLEAR,DRY,DAYLIGHT,STOP SIGN,NONE DETECTED,,FE028FD9-0203-412E-B5FA-8D645F988356,No,NO APPARENT INJURY,N/A,NOT DISTRACTED,MD,15959940-3E1F-4A5F-8735-FC74D16E6302,FUNCTIONAL,FIVE OCLOCK,(SPORT) UTILITY VEHICLE,STOPPED IN TRAFFIC LANE,West,35,No,No,2011,ACUR,TK,39.04143333,-77.15910833,"(39.04143333, -77.15910833)"
MCP2968001F,170503189,Montgomery County Police,Property Damage Crash,04/20/2017 05:08:00 PM,Maryland (State),SENECA RD,DARNESTOWN RD,,N/A,,SAME DIR REAR END,CLEAR,DRY,DAYLIGHT,NO CONTROLS,N/A,,0D22D261-5413-49E9-9F74-E0CB618118C6,Yes,NO APPARENT INJURY,N/A,LOOKED BUT DID NOT SEE,MD,301D30D3-A5D4-44AB-928B-DCAA2072639D,DISABLING,TWELVE OCLOCK,PASSENGER CAR,ACCELERATING,North,35,No,No,2005,FORD,CN,39.10106333,-77.29368167,"(39.10106333, -77.29368167)"