Report Number,Local Case Number,Agency Name,ACRS Report Type,Crash Date/Time,Route Type,Road Name,Cross-Street Name,Off-Road Description,Municipality,Related Non-Motorist,Collision Type,Weather,Surface Condition,Light,Traffic Control,Driver Substance Abuse,Non-Motorist Substance Abuse,Person ID,Driver At Fault,Injury Severity,Circumstance,Driver Distracted By,Drivers License State,Vehicle ID,Vehicle Damage Extent,Vehicle First Impact Location,Vehicle Body Type,Vehicle Movement,Vehicle Going Dir,Speed Limit,Driverless Vehicle,Parked Vehicle,Vehicle Year,Vehicle Make,Vehicle Model,Latitude,Longitude,Location
MCP28740031,170546591,Montgomery County Police,Injury Crash,12/04/2017 05:57:00 PM,Maryland (State),GEORGIA AVE,PLYERS MILL RD,,N/A,,SAME DIR REAR END,CLEAR,DRY,DARK LIGHTS ON,TRAFFIC SIGNAL,NONE DETECTED,,ACD98070-601E-4690-9C7C-EE2CD62E789C,No,NO APPARENT INJURY,N/A,NOT DISTRACTED,MD,827A60AB-FF60-4B60-A262-2A34DBC4ED32,SUPERFICIAL,SIX OCLOCK,PASSENGER CAR,STOPPED IN TRAFFIC LANE,South,35,No,No,2014,NISSAN,ALTIMA,39.03091667,-77.04814,"(39.03091667, -77.04814)"
MCP3262003N,230067685,Montgomery County Police,Injury Crash,11/21/2023 06:00:00 PM,County,BRIGGS CHANEY RD,NEES LA,,N/A,,OPPOSITE DIRECTION SIDESWIPE,RAINING,WET,DARK NO LIGHTS,N/A,NONE DETECTED,,1120728A-60BE-44C1-8A39-1200277C2CC2,No,NO APPARENT INJURY,"N/A, WET",NOT DISTRACTED,MD,259730D5-F134-4DBA-AAC3-3CE74AF43955,FUNCTIONAL,ONE OCLOCK,PASSENGER CAR,MOVING CONSTANT SPEED,East,35,No,No,2019,VOLK,HB,39.08849333,-76.96460783,"(39.08849333, -76.96460783)"
MCP28050027,17007717,Montgomery County Police,Property Damage Crash,02/12/2017 05:25:00 PM,County,EAST VILLAGE AVE,DOUBLELAND RD,,N/A,,STRAIGHT MOVEMENT ANGLE,CLOUDY,WET,DUSK,NO CONTROLS,NONE DETECTED,,BDFA2B07-2A29-449E-AC90-3DE761865029,No,NO APPARENT INJURY,N/A,NOT DISTRACTED,MD,BE715A4E-5200-4F43-8B92-62EEF4071974,DISABLING,TWELVE OCLOCK,PASSENGER CAR,MOVING CONSTANT SPEED,East,30,No,No,1995,TOYT,AVALON,39.187235,-77.16979333,"(39.187235, -77.16979333)"
MCP3006006D,210026019,Montgomery County Police,Injury Crash,07/07/2021 08:05:00 AM,Maryland (State),VEIRS MILL RD,CLARIDGE RD,,N/A,,STRAIGHT MOVEMENT ANGLE,CLEAR,DRY,DAYLIGHT,TRAFFIC SIGNAL,NONE DETECTED,,6593349B-0782-41A0-AA0B-9C9E7AE4523D,No,POSSIBLE INJURY,N/A,NOT DISTRACTED,MD,95D2DF35-0F18-4F17-BD96-F70F3FA4BDEF,DISABLING,NINE OCLOCK,VAN,MAKING LEFT TURN,South,35,No,No,2014,TOYOTA,SIENNA,39.03668833,-77.056215,"(39.03668833, -77.056215)"
MCP3113004Y,230013619,Montgomery County Police,Injury Crash,03/21/2023 06:00:00 AM,US (State),COLUMBIA PIKE,TECH RD,,N/A,,HEAD ON LEFT TURN,CLEAR,N/A,DARK LIGHTS ON,TRAFFIC SIGNAL,N/A,,90DFBA56-F4AA-4654-BD3A-67FEB523BD0B,No,POSSIBLE INJURY,N/A,NOT DISTRACTED,MD,8A3FDC49-F61E-4988-B91E-236CD3D90CC2,FUNCTIONAL,FIVE OCLOCK,PASSENGER CAR,MAKING LEFT TURN,South,40,No,No,2010,TOYOTA,VENZA,39.05880512,-76.96935231,"(39.05880512, -76.96935231)"
MCP2583002C,220028869,Montgomery County Police,Property Damage Crash,07/05/2022 06:34:00 PM,Maryland (State),DARNESTOWN RD,WHITES FERRY RD,,N/A,,SINGLE VEHICLE,CLEAR,DRY,DUSK,N/A,NONE DETECTED,,6B42302D-13FB-4F06-9D47-F64FAEB55F00,Yes,NO APPARENT INJURY,N/A,NOT DISTRACTED,MD,DC5C2D46-AA1F-4B56-91E6-92079E2F5B12,DISABLING,UNDERSIDE,PASSENGER CAR,STARTING FROM LANE,East,50,No,No,2014,VOLKSWAGON,PASSAT,39.128455,-77.34183667,"(39.128455, -77.34183667)"
MCP2959000Z,15048384,MONTGOMERY,Property Damage Crash,09/24/2015 07:45:00 AM,County,E RANDOLPH RD,NEW HAMPSHIRE AVE,,N/A,,SAME DIR REAR END,N/A,DRY,DAYLIGHT,TRAFFIC SIGNAL,UNKNOWN,,D221D03A-2303-453A-B93F-A6C363A4A932,Yes,NO APPARENT INJURY,N/A,UNKNOWN,,FE03CC87-CBDB-4C93-820E-7E14679F8D3E,SUPERFICIAL,TWELVE OCLOCK,PASSENGER CAR,MOVING CONSTANT SPEED,West,35,No,No,2005,HONDA,ACCORD,39.07553495,-77.00184345,"(39.07553495, -77.00184345)"
EJ7860001V,190000700,Gaithersburg Police Depar,Property Damage Crash,01/04/2019 08:25:00 PM,Maryland (State),S FREDERICK RD,CENTRAL AVE,,N/A,,STRAIGHT MOVEMENT ANGLE,RAINING,WET,DARK LIGHTS ON,STOP SIGN,NONE DETECTED,,466223BD-C67D-4C4A-BF80-4D9CDA871AF6,No,NO APPARENT INJURY,"N/A, RAIN, SNOW",NOT DISTRACTED,MD,7B286D4C-E3C2-4A76-A1BE-29EDB99517D9,DISABLING,TWELVE OCLOCK,(SPORT) UTILITY VEHICLE,MOVING CONSTANT SPEED,North,35,No,No,2019,KIA,SORENTO,39.12991167,-77.18685333,"(39.12991167, -77.18685333)"
MCP2358006C,190033111,Montgomery County Police,Property Damage Crash,07/12/2019 12:11:00 PM,County,WESTLAKE TERR,MOTOR CITY DR,,N/A,,HEAD ON,CLEAR,DRY,DAYLIGHT,NO CONTROLS,NONE DETECTED,,7DA1CE5E-4981-4573-B565-40EA572B909D,Yes,NO APPARENT INJURY,N/A,NOT DISTRACTED,MD,DA196275-9474-4A95-B1E4-1217CEE95FC8,SUPERFICIAL,SIX OCLOCK,"MEDIUM/HEAVY TRUCKS 3 AXLES (OVER 10,000LBS (4,536KG))",BACKING,East,35,No,No,2015,INTL,TRUCK,39.02727,-77.1447,"(39.02727, -77.1447)"
MCP1151003P,15056349,MONTGOMERY,Property Damage Crash,11/05/2015 10:40:00 AM,,,,PARKING AREA OF 12013 WINDING CREEK WAY,,,OTHER,CLEAR,,DAYLIGHT,NO CONTROLS,NONE DETECTED,,34E03BCF-E8BE-425E-9FE7-056BAA1381E6,No,NO APPARENT INJURY,"N/A, WET",NOT DISTRACTED,MD,0AEF816A-BE44-4558-BFCE-CE0803CD2850,SUPERFICIAL,SEVEN OCLOCK,VAN,STOPPED IN TRAFFIC LANE,Unknown,25,No,No,2015,HOND,ODYSSEY,39.16167167,-77.24840167,"(39.16167167, -77.24840167)"
MCP2516001P,180025681,Montgomery County Police,Injury Crash,05/25/2018 11:55:00 AM,County,GOLDEN MEADOW DR,WHEATFIELD DR,,N/A,,SINGLE VEHICLE,CLEAR,DRY,DAYLIGHT,NO CONTROLS,NONE DETECTED,,5BAE3AB1-6133-45FB-89AB-446DDB6C15DA,Yes,SUSPECTED MINOR INJURY,N/A,UNKNOWN,MD,4832D176-3C17-4C99-AD3E-1AC93E1FF41C,DISABLING,TWELVE OCLOCK,PASSENGER CAR,MOVING CONSTANT SPEED,North,25,No,No,2013,CHEV,4S,39.17551333,-77.23031,"(39.17551333, -77.23031)"
DD56350005,180058434,Rockville Police Departme,Injury Crash,11/21/2018 03:42:00 PM,Maryland (State),E JEFFERSON ST,MONROE ST,,ROCKVILLE,BICYCLIST,STRAIGHT MOVEMENT ANGLE,CLEAR,DRY,DAYLIGHT,TRAFFIC SIGNAL,NONE DETECTED,NONE DETECTED,AA1CC732-53E5-4160-ADB5-0158BD40EFA1,No,NO APPARENT INJURY,N/A,NOT DISTRACTED,MD,91CA3BDE-8925-46FE-92B7-C22FC48B7443,SUPERFICIAL,TWELVE OCLOCK,PASSENGER CAR,MOVING CONSTANT SPEED,West,30,No,No,2000,HOND,TK,39.082399,-77.14948783,"(39.082399, -77.14948783)"
MCP30060038,180045678,Montgomery County Police,Injury Crash,09/13/2018 07:43:00 AM,County,KEMP MILL RD,ARCOLA AVE,,N/A,,SAME DIR REAR END,CLEAR,DRY,DAYLIGHT,NO CONTROLS,NONE DETECTED,,04366BB8-3915-49E9-9CFB-03BC8E462C62,No,NO APPARENT INJURY,N/A,NOT DISTRACTED,MD,2B431DB2-91E3-4F58-AEEA-A9B91D22C28E,FUNCTIONAL,SIX OCLOCK,VAN,STOPPED IN TRAFFIC LANE,North,30,No,No,2014,HONDA,ODYSSEY,39.04691167,-77.03078667,"(39.04691167, -77.03078667)"
MCP2796001D,15005438,Montgomery County Police,Injury Crash,02/03/2015 10:19:00 AM,Maryland (State),GEORGIA AVE,HATHAWAY DR,,N/A,,STRAIGHT MOVEMENT ANGLE,CLEAR,DRY,DAYLIGHT,TRAFFIC SIGNAL,NONE DETECTED,,407C0E55-33EE-46FB-86D7-6A93B9053383,No,SUSPECTED MINOR INJURY,N/A,NOT DISTRACTED,MD,3C31859F-F18A-47EC-8306-A677DBBA09AC,DISABLING,TEN OCLOCK,PASSENGER CAR,MAKING LEFT TURN,West,30,No,No,1993,HONDA,ACCORD,39.06808167,-77.06102833,"(39.06808167, -77.06102833)"
MCP1505001H,240017750,MONTGOMERY,Injury Crash,04/16/2024 02:49:00 PM,County Route,SHAKESPEARE BLVD (WB/L),,,,,Angle,Clear,Dry,Daylight,Stop Sign,"Not Suspect of Alcohol Use, Not Suspect of Drug Use",,1D9EDABF-B166-4D17-ACFF-503392FF56E7,No,Suspected Minor Injury,,Not Distracted,MD,B2D5A647-5E86-4EC2-A334-2DBB86E5CC9D,Functional,Three O Clock,Sport Utility Vehicle,Accelerating,Westbound,30,No,No,2023,FORD,ESCAPE,39.19749403,-77.25005876,"(39.19749403, -77.25005876)"
DD56430033,230057899,Rockville Police Departme,Property Damage Crash,10/01/2023 04:51:00 PM,Maryland (State),ROCKVILLE PIKE,CROSSOVER,,N/A,,HEAD ON LEFT TURN,CLEAR,DRY,DAYLIGHT,NO CONTROLS,NONE DETECTED,,CC411359-4DF1-4CEF-9CB7-09844DD26190,No,NO APPARENT INJURY,N/A,NOT DISTRACTED,MD,6633E2DF-DF98-4204-BEB1-D804F594651B,FUNCTIONAL,TWELVE OCLOCK,PASSENGER CAR,MOVING CONSTANT SPEED,North,35,No,No,2016,SUBA,4S,39.07382909,-77.13477418,"(39.07382909, -77.13477418)"
MCP22910057,210024561,Montgomery County Police,Property Damage Crash,06/26/2021 06:56:00 PM,Maryland (State),16TH ST,EAST WEST HWY,,N/A,,SAME DIR REAR END,CLEAR,DRY,DAYLIGHT,NO CONTROLS,NONE DETECTED,,3B7B92C1-CAA6-48FD-99EB-7E4B552A45A7,No,NO APPARENT INJURY,N/A,NOT DISTRACTED,VA,A02AED3A-E9E0-4099-8D1E-88AA864EEEA6,FUNCTIONAL,SIX OCLOCK,PASSENGER CAR,MOVING CONSTANT SPEED,South,35,No,No,2006,MERCEDES,S CLASS,38.99392726,-77.03646209,"(38.99392726, -77.03646209)"
MCP3247001C,210023211,Montgomery County Police,Injury Crash,06/17/2021 04:43:00 PM,Maryland (State),PINEY BRANCH RD,RITCHIE AVE,,N/A,,STRAIGHT MOVEMENT ANGLE,CLEAR,DRY,DAYLIGHT,NO CONTROLS,NONE DETECTED,,352B730F-148F-4867-B864-0D1FFD43D615,Yes,POSSIBLE INJURY,N/A,LOOKED BUT DID NOT SEE,MD,3138297A-0BDA-4FB5-84EC-D48280D8C742,SUPERFICIAL,TWO OCLOCK,PASSENGER CAR,MAKING LEFT TURN,South,30,No,No,2012,GMC,ACADIA,38.98794667,-77.01215833,"(38.98794667, -77.01215833)"
MCP29870010,16044433,Montgomery County Police,Property Damage Crash,08/31/2016 02:18:00 PM,Maryland (State),NEW HAMPSHIRE AVE,OAKVIEW DR,,N/A,,SAME DIR REAR END,CLEAR,DRY,DAYLIGHT,TRAFFIC SIGNAL,NONE DETECTED,,BE9020D4-947F-40A4-B8EA-9F0F1E4FCEB2,No,NO APPARENT INJURY,N/A,NOT DISTRACTED,MD,951DF936-44F6-47E0-9D63-230FDDF3F36D,FUNCTIONAL,SIX OCLOCK,(SPORT) UTILITY VEHICLE,STOPPED IN TRAFFIC LANE,North,40,No,No,2006,TOYOTA,RAV4,39.01516373,-76.97783634,"(39.01516373, -76.97783634)"
MCP3197000H,190049703,Montgomery County Police,Property Damage Crash,10/16/2019 07:43:00 PM,Maryland (State),UNIVERSITY BLVD W,REEDIE DR,,N/A,,HEAD ON LEFT TURN,CLEAR,DRY,DARK LIGHTS ON,FLASHING TRAFFIC SIGNAL,N/A,,27BFDE32-1C66-460D-AF1D-F4DF75886F80,Yes,NO APPARENT INJURY,N/A,LOOKED BUT DID NOT SEE,MD,438E578E-CD8E-4B33-A256-BEDD2C8F6BB3,FUNCTIONAL,TWELVE OCLOCK,PASSENGER CAR,MAKING LEFT TURN,East,40,No,No,2009,TOYT,COROLLA,39.03999412,-77.04302075,"(39.03999412, -77.04302075)"
MCP3280003X,230052146,Montgomery County Police,Property Damage Crash,08/30/2023 08:15:00 AM,,,,"PARKING LOT OF 13216 NEW HAMPSHIRE AVE, SILVER SPRING, MD 20904",,,OTHER,CLEAR,,DAYLIGHT,NO CONTROLS,NONE DETECTED,,630AF537-0216-4F6C-B177-9C26E1613C89,Yes,NO APPARENT INJURY,N/A,UNKNOWN,MD,252C8586-A02B-4F16-B9D8-A1CA03136B9D,SUPERFICIAL,ROOF TOP,FIRE VEHICLE/EMERGENCY,OTHER,West,5,No,No,2022,PIERCE,AERIAL,39.07328833,-77.003575,"(39.07328833, -77.003575)"
MCP3016002X,210002084,Montgomery County Police,Property Damage Crash,01/17/2021 02:36:00 PM,County,FATHER HURLEY BLVD,RIDGE RD (BACK),,N/A,,SAME DIR REAR END,CLEAR,DRY,DAYLIGHT,TRAFFIC SIGNAL,N/A,,690E94EE-0601-43FF-878F-1E84E0A4EA7C,No,NO APPARENT INJURY,N/A,NOT DISTRACTED,MD,611120D9-0B10-4183-AB4A-9D53BC10FB34,FUNCTIONAL,SIX OCLOCK,PASSENGER CAR,SLOWING OR STOPPING,South,50,No,No,2021,JEEP,GRAND CHER,39.19634667,-77.26559667,"(39.19634667, -77.26559667)"
MCP1182002G,190025740,Montgomery County Police,Property Damage Crash,05/30/2019 10:28:00 AM,County,SEVEN LOCKS RD,BRADLEY BLVD,,N/A,,SAME DIR REAR END,CLEAR,DRY,DAYLIGHT,TRAFFIC SIGNAL,NONE DETECTED,,661747DC-1362-4573-80EC-0D5040F2D7FE,No,NO APPARENT INJURY,N/A,NOT DISTRACTED,MD,23C17340-F6CA-4A93-A6A8-6A762F803067,FUNCTIONAL,SIX OCLOCK,(SPORT) UTILITY VEHICLE,STOPPED IN TRAFFIC LANE,North,35,No,No,2014,FORD,EXPLORER,39.012285,-77.160135,"(39.012285, -77.160135)"
MCP28710058,180021763,Montgomery County Police,Property Damage Crash,05/03/2018 05:25:00 PM,County,DEMOCRACY BLVD,CROSSOVER,,N/A,,SAME DIR REAR END,CLEAR,DRY,DAYLIGHT,N/A,NONE DETECTED,,69148DC8-DA33-4990-B0DF-401EF92F301A,No,NO APPARENT INJURY,N/A,NOT DISTRACTED,MD,BC3684DB-675F-4106-8797-2EBA03A4C8DE,DISABLING,SIX OCLOCK,PICKUP TRUCK,SLOWING OR STOPPING,East,35,No,No,2016,CHEVY,SILVERADO,39.02362833,-77.12854167,"(39.02362833, -77.12854167)"
MCP1048001R,16031404,Montgomery County Police,Injury Crash,06/21/2016 05:04:00 PM,County,E GUDE DR,CRABBS BRANCH WAY,,N/A,,STRAIGHT MOVEMENT ANGLE,CLOUDY,DRY,DAYLIGHT,TRAFFIC SIGNAL,NONE DETECTED,,956D6BB8-6B7C-45E9-8E7F-9FCA00040BCD,No,SUSPECTED MINOR INJURY,N/A,NOT DISTRACTED,MD,06D4D2F7-D0E7-49B6-AEF3-DD97CD145E79,DISABLING,TWELVE OCLOCK,PASSENGER CAR,MOVING CONSTANT SPEED,West,35,No,No,2013,HYUN,4S,39.106435,-77.15233833,"(39.106435, -77.15233833)"
MCP2689005N,190039540,Montgomery County Police,Injury Crash,08/19/2019 07:00:00 AM,County,SHADY GROVE RD,RAMP 5 FR IS 270 SB TO SHADY GROVE RD,,N/A,,SAME DIR REAR END,CLEAR,DRY,DAYLIGHT,TRAFFIC SIGNAL,NONE DETECTED,,7029A10F-8FE3-463B-AFFD-D7619DEDA5CE,No,POSSIBLE INJURY,N/A,NOT DISTRACTED,MD,D9D94DD7-3B2A-4111-9C46-66C426A5FC4D,FUNCTIONAL,SIX OCLOCK,PASSENGER CAR,RIGHT TURN ON RED,South,40,No,No,2006,HONDA,ODYSSEY,39.10929333,-77.188475,"(39.10929333, -77.188475)"
MCP2816001H,16058309,Montgomery County Police,Property Damage Crash,11/12/2016 03:04:00 AM,County,SAM EIG HWY,RAMP 6 FR SAM EIG HWY TO WASH. BLVD,,N/A,,SINGLE VEHICLE,N/A,DRY,DARK LIGHTS ON,NO CONTROLS,NONE DETECTED,,A10A2219-A86F-43B4-AB8D-F14CBE6C7B8E,Yes,NO APPARENT INJURY,N/A,INATTENTIVE OR LOST IN THOUGHT,MD,B2E47F30-A409-4BB3-B1ED-D0FD79AF6C4F,DISABLING,TWELVE OCLOCK,PASSENGER CAR,MOVING CONSTANT SPEED,West,35,No,No,2015,NISSAN,VERSA,39.118455,-77.20482833,"(39.118455, -77.20482833)"
MCP25860014,15023548,Montgomery County Police,Property Damage Crash,05/16/2015 11:49:00 PM,,,,FIRE LANE CURB AREA IN FRONT OF 11235 OAKLEAFE DRIVE.,,,OTHER,CLOUDY,,DARK LIGHTS ON,N/A,NONE DETECTED,,BA41639A-6D5D-4AFB-AFCD-2317E8F89D08,No,NO APPARENT INJURY,N/A,NOT DISTRACTED,MD,870FFFC0-8672-4674-81DD-901AE16D1A83,SUPERFICIAL,ONE OCLOCK,POLICE VEHICLE/EMERGENCY,SLOWING OR STOPPING,East,5,No,No,2008,FORD,CROWN VICTORIA,39.04181,-76.993485,"(39.04181, -76.993485)"
MCP2260001R,170518519,Montgomery County Police,Injury Crash,07/11/2017 06:16:00 AM,,,,SIDEWALK /DRIVEWAY OF 1911 ROCKVILLE PIKE,,PEDESTRIAN,OTHER,CLEAR,,DAYLIGHT,N/A,N/A,NONE DETECTED,A6E6D9F9-45A4-4D6D-B00D-5E6C4257DF08,Yes,NO APPARENT INJURY,N/A,UNKNOWN,MD,06D21A6A-5B17-4685-9179-44B3A9AFD00F,NO DAMAGE,ONE OCLOCK,PASSENGER CAR,MAKING RIGHT TURN,East,5,No,No,2015,FORD,EXPLORER,39.058555,-77.12148167,"(39.058555, -77.12148167)"
MCP3086007H,220048386,Montgomery County Police,Property Damage Crash,11/03/2022 10:30:00 AM,Municipality,WATKINS MILL RD,FREDERICK RD,,N/A,,SAME DIRECTION SIDESWIPE,CLEAR,DRY,DAYLIGHT,TRAFFIC SIGNAL,NONE DETECTED,,71FDDF6D-9FA4-4AC4-A219-2DED9D920F94,Yes,NO APPARENT INJURY,N/A,NOT DISTRACTED,MD,0EC1A107-DC65-426C-8184-A638481F9A61,SUPERFICIAL,TWO OCLOCK,VAN,CHANGING LANES,South,35,No,No,2013,TOYOTA,SIENNA,39.15843833,-77.22122167,"(39.15843833, -77.22122167)"
MCP27610037,220019464,Montgomery County Police,Property Damage Crash,05/07/2022 05:47:00 PM,Maryland (State),CLOPPER RD,GREAT SENECA HWY,,N/A,,SAME DIRECTION SIDESWIPE,RAINING,WET,DAYLIGHT,NO CONTROLS,N/A,,82DFCA56-11EE-4DD8-BD38-9F87355D21BD,Yes,NO APPARENT INJURY,"RAIN, SNOW, WET",INATTENTIVE OR LOST IN THOUGHT,MD,8B8E180D-F757-4CF9-8E2C-6D66F9DD9354,FUNCTIONAL,ONE OCLOCK,(SPORT) UTILITY VEHICLE,MOVING CONSTANT SPEED,East,30,No,No,2017,MERZ,4D,39.15904017,-77.27556645,"(39.15904017, -77.27556645)"
MCP2905002P,170511922,Montgomery County Police,Property Damage Crash,06/05/2017 04:11:00 PM,County,CEDAR LA,ROCKVILLE PIKE,,N/A,,STRAIGHT MOVEMENT ANGLE,CLOUDY,WET,DAYLIGHT,OTHER,N/A,,A70C127F-FE95-4BF5-99EA-59C87B75D956,No,NO APPARENT INJURY,"RAIN, SNOW, WET",NOT DISTRACTED,MD,DEF5DDCB-2031-4A5D-999F-AF7ED423D768,FUNCTIONAL,TWELVE OCLOCK,PASSENGER CAR,MOVING CONSTANT SPEED,West,30,No,No,2013,CHEVROLET,TK,39.00604167,-77.09924667,"(39.00604167, -77.09924667)"
MCP29950049,190009380,Montgomery County Police,Property Damage Crash,02/27/2019 04:58:00 PM,County,BEL PRE RD,BEAVERWOOD LA,,N/A,,OTHER,CLOUDY,DRY,DAYLIGHT,NO CONTROLS,NONE DETECTED,,26E645CE-1FEB-4981-A937-3D3F681ABA45,No,NO APPARENT INJURY,N/A,NOT DISTRACTED,MD,9B7FD515-8C4B-4212-8B25-C5D75C6319BF,SUPERFICIAL,SEVEN OCLOCK,PASSENGER CAR,SLOWING OR STOPPING,West,35,No,No,2010,FORD,CROWN VICTORIA,39.09053833,-77.05850333,"(39.09053833, -77.05850333)"
MCP209400K6,220034136,Montgomery County Police,Property Damage Crash,08/09/2022 09:01:00 AM,County,BELLS MILL RD,GAINSBOROUGH RD,,N/A,,STRAIGHT MOVEMENT ANGLE,CLEAR,DRY,DAYLIGHT,STOP SIGN,NONE DETECTED,,1DBEEC6B-F30B-44C8-8DA8-0A350C64A615,No,NO APPARENT INJURY,N/A,NOT DISTRACTED,MD,5239E897-9FB8-4881-A618-68DB874EB103,DISABLING,NINE OCLOCK,PASSENGER CAR,ACCELERATING,North,25,No,No,2019,HONDA,ACCORD,39.03052833,-77.17275167,"(39.03052833, -77.17275167)"
MCP1563006Z,210037066,Montgomery County Police,Property Damage Crash,09/20/2021 09:27:00 AM,Maryland (State),CONNECTICUT AVE,EAST WEST HWY,,N/A,,OTHER,CLEAR,DRY,DAYLIGHT,TRAFFIC SIGNAL,NONE DETECTED,,8605FF13-712B-4949-B33D-D2DAFE88D6D1,No,NO APPARENT INJURY,N/A,NOT DISTRACTED,MD,5740B27F-5A87-42C4-BEC6-ACF09F7724B0,DISABLING,ONE OCLOCK,PASSENGER CAR,STOPPED IN TRAFFIC LANE,South,30,No,No,2021,NISSAN,ROGUE,38.98815333,-77.077245,"(38.98815333, -77.077245)"
DD5615003W,170520252,Rockville Police Departme,Property Damage Crash,07/20/2017 09:00:00 PM,County,TWINBROOK PKWY,PIER DR,,ROCKVILLE,,SAME DIR REAR END,CLEAR,DRY,DARK NO LIGHTS,NO CONTROLS,NONE DETECTED,,A163B330-B4E2-42F5-86ED-5A26D51AB4BB,Yes,NO APPARENT INJURY,N/A,LOOKED BUT DID NOT SEE,MD,BDF368F6-0A9E-4FC6-8582-AC4E9D2F69DE,DISABLING,TWELVE OCLOCK,RECREATIONAL VEHICLE,MOVING CONSTANT SPEED,South,30,No,No,2005,FORD,ESCAPE,39.06926,-77.11447,"(39.06926, -77.11447)"
MCP9428005F,240052242,MONTGOMERY,Injury Crash,10/31/2024 12:18:00 PM,,,,Parking Aisle        STAFF PARKING LOT AT DAMASCUS HIGH SCHOOL,,Pedestrian,Single Vehicle,Clear,,Daylight,,"Not Suspect of Alcohol Use, Not Suspect of Drug Use","Not Suspect of Alcohol Use, Not Suspect of Drug Use",F3628445-03BA-4F07-8D8D-B8982D07A846,No,No Apparent Injury,"Operated Motor Vehicle in Inattentive, Careless, Negligent, or Erratic Manner, Other Improper Action",Not Distracted,MD,3D0C47BD-A3B8-4835-BAD9-5FF00E0A80F5,No Damage,Non-Collision,Sport Utility Vehicle,Slowing or Stopping,Northbound,0,No,No,2022,JEEP,COMPASS,39.28207833,-77.21086833,"(39.28207833, -77.21086833)"
MCP3109006L,220017495,Montgomery County Police,Property Damage Crash,04/25/2022 08:40:00 AM,Maryland (State),NEW HAMPSHIRE AVE,CAPITAL BELTWAY,,N/A,,SAME DIR REAR END,CLOUDY,DRY,DAYLIGHT,TRAFFIC SIGNAL,NONE DETECTED,,D72EC122-DDB1-4E29-A1D0-1EC27442B151,No,NO APPARENT INJURY,N/A,NOT DISTRACTED,MD,B0E56888-6A06-41C2-828A-252CC5E41FA6,DISABLING,SIX OCLOCK,PASSENGER CAR,SLOWING OR STOPPING,South,35,No,No,2013,NISSAN,ALTIMA,39.01772833,-76.9771135,"(39.01772833, -76.9771135)"
MCP2635008H,230059139,Montgomery County Police,Injury Crash,10/07/2023 03:39:00 PM,Maryland (State),ASHTON RD,TUCKER LA,,N/A,,HEAD ON,CLEAR,DRY,DAYLIGHT,NO CONTROLS,N/A,,617CBE64-0ECC-4FA7-A045-6FF99099964D,No,NO APPARENT INJURY,N/A,NOT DISTRACTED,MD,F400F54D-4AF6-45B9-ACD0-15CB05D3F85D,DESTROYED,TWELVE OCLOCK,(SPORT) UTILITY VEHICLE,MOVING CONSTANT SPEED,East,45,No,No,2017,SUBARU,OUTBACK,39.16072586,-76.97458079,"(39.16072586, -76.97458079)"
HA2492001M,25001200,MCPARK,Property Damage Crash,06/20/2025 12:27:00 PM,,,,Parking Lot Way        IFO COSTCO @ 11160 VEIRS MILL RD,,,"Sideswipe, Same Direction",Clear,,Daylight,,"Not Suspect of Alcohol Use, Not Suspect of Drug Use",,FAFD0100-1324-4A67-8E54-40FCFF58FCD9,No,No Apparent Injury,,Unknown,MD,2D558D37-0564-4EDB-B988-5BAE51DC365D,Superficial,Four O Clock,Sport Utility Vehicle,Overtaking/Passing,Not On Roadway,0,No,No,2018,TOYOTA,HIGHLANDER,39.0358665,-77.05567992,"(39.0358665, -77.05567992)"
MCP2861000V,15005503,Montgomery County Police,Injury Crash,02/03/2015 04:01:00 PM,Maryland (State),ROCKVILLE PIKE,OLD GEORGETOWN RD,,N/A,,OTHER,CLEAR,DRY,DAYLIGHT,TRAFFIC SIGNAL,ILLEGAL DRUG PRESENT,,33D098BB-07A9-46EE-86F6-ACECD6227128,Yes,POSSIBLE INJURY,N/A,OTHER DISTRACTION,MD,5F6EF1E9-16EE-4052-947C-1FF6D90779E7,DISABLING,TWELVE OCLOCK,PASSENGER CAR,MOVING CONSTANT SPEED,North,45,No,No,2001,TOYOTA,CR-V,39.04916886,-77.11398125,"(39.04916886, -77.11398125)"
MCP3035002T,210013476,Montgomery County Police,Injury Crash,04/11/2021 03:22:00 AM,Maryland (State),FREDERICK RD,PERRY PKWY,,GAITHERSBURG,,STRAIGHT MOVEMENT ANGLE,RAINING,WET,DARK -- UNKNOWN LIGHTING,FLASHING TRAFFIC SIGNAL,NONE DETECTED,,53EA8EF1-E97E-4770-9B38-C044FBEE45AF,Yes,SUSPECTED MINOR INJURY,"N/A, WET",INATTENTIVE OR LOST IN THOUGHT,MD,70D33A4F-7FBA-4778-BD85-3F64B6662E49,DISABLING,TWELVE OCLOCK,PASSENGER CAR,ACCELERATING,North,15,No,No,2016,TOYT,HIGHLANDER,39.15012167,-77.20894333,"(39.15012167, -77.20894333)"
MCP2746001X,240039563,MONTGOMERY,Property Damage Crash,08/21/2024 03:00:00 PM,County Route,COLIE DR,SHOP CTR CUT THRU CUT,,,,Front to Front,Clear,Dry,Daylight,No Controls,"Not Suspect of Alcohol Use, Not Suspect of Drug Use",,5409D2D8-D3BC-4A45-8C4D-8920328F5721,No,No Apparent Injury,,Not Distracted,MD,6089C32A-BEFB-4CAD-871A-2CDD2199D221,Superficial,Eleven O Clock,Passenger Car,Parked,,25,No,Yes,2016,FORD,UNKNOWN,39.0584061,-77.08327834,"(39.0584061, -77.08327834)"