Report Number,Local Case Number,Agency Name,ACRS Report Type,Crash Date/Time,Route Type,Road Name,Cross-Street Name,Off-Road Description,Municipality,Related Non-Motorist,Collision Type,Weather,Surface Condition,Light,Traffic Control,Driver Substance Abuse,Non-Motorist Substance Abuse,Person ID,Driver At Fault,Injury Severity,Circumstance,Driver Distracted By,Drivers License State,Vehicle ID,Vehicle Damage Extent,Vehicle First Impact Location,Vehicle Body Type,Vehicle Movement,Vehicle Going Dir,Speed Limit,Driverless Vehicle,Parked Vehicle,Vehicle Year,Vehicle Make,Vehicle Model,Latitude,Longitude,Location
MCP3018001R,170538292,Montgomery County Police,Property Damage Crash,10/23/2017 11:25:00 AM,County,JUDSON RD,PARKER AVE,,N/A,,SAME DIRECTION SIDESWIPE,CLEAR,DRY,DAYLIGHT,NO CONTROLS,NONE DETECTED,,09618390-FFEE-482D-A549-1591974B443D,Yes,NO APPARENT INJURY,N/A,UNKNOWN,DC,7DF01401-5E66-4337-9D41-1F8C1D9BCF7C,SUPERFICIAL,ELEVEN OCLOCK,"OTHER LIGHT TRUCKS (10,000LBS (4,536KG) OR LESS)",STARTING FROM PARKED,North,30,No,No,1989,GM,LLV-A (MAIL TRUCK),39.048815,-77.05917667,"(39.048815, -77.05917667)"
MCP27500042,190026368,Montgomery County Police,Injury Crash,06/03/2019 05:05:00 AM,Maryland (State),GEORGIA AVE,BEL PRE RD,,N/A,,STRAIGHT MOVEMENT ANGLE,CLEAR,DRY,DAWN,TRAFFIC SIGNAL,NONE DETECTED,,32DD3E1F-0CC3-49A6-81C9-AFBB89F69093,No,NO APPARENT INJURY,N/A,NOT DISTRACTED,MD,4E013FFC-FF2E-4681-AF24-1D72BC2DA9BF,FUNCTIONAL,TWELVE OCLOCK,PASSENGER CAR,STARTING FROM LANE,West,35,No,No,2014,CHEVORLET,EXPRESS,39.09324,-77.07971333,"(39.09324, -77.07971333)"
MCP27600029,190022462,Montgomery County Police,Property Damage Crash,05/13/2019 03:30:00 AM,County,CENTERWAY RD,KINGLET PL,,N/A,,SAME DIR REAR END,RAINING,WET,DARK LIGHTS ON,NO CONTROLS,ALCOHOL PRESENT,,C869D613-B9B2-4528-9F8E-6D3A411C12B9,Yes,NO APPARENT INJURY,"N/A, SLEET, HAIL, FREEZ. RAIN",NOT DISTRACTED,MD,F071DE6C-F0AD-4288-BBF1-0B83D0CA0DED,DESTROYED,TWELVE OCLOCK,PASSENGER CAR,MOVING CONSTANT SPEED,West,30,No,No,2005,SCION,TC,39.16954833,-77.1842,"(39.16954833, -77.1842)"
MCP3153001L,190049065,Montgomery County Police,Property Damage Crash,10/12/2019 04:18:00 PM,Maryland (State),VEIRS MILL RD,REEDIE DR,,N/A,,SAME DIRECTION SIDESWIPE,CLOUDY,DRY,DAYLIGHT,OTHER,NONE DETECTED,,4FCF372D-B7EC-496D-AE74-7CC525B781E3,Yes,NO APPARENT INJURY,N/A,LOOKED BUT DID NOT SEE,GA,6D7FA51A-E575-4077-971F-DD93CDB044F5,DISABLING,ELEVEN OCLOCK,PASSENGER CAR,MOVING CONSTANT SPEED,East,25,No,No,2001,HONDA,S2000,39.03904167,-77.05373333,"(39.03904167, -77.05373333)"
MCP33610010,230069087,Montgomery County Police,Property Damage Crash,11/29/2023 07:45:00 PM,Maryland (State),UNIVERSITY BLVD W,ST PAUL ST,,N/A,,SAME DIR REAR END,CLEAR,DRY,DARK -- UNKNOWN LIGHTING,NO CONTROLS,NONE DETECTED,,9427B8B4-9E64-4CF9-8ECE-EF455223F34A,No,NO APPARENT INJURY,N/A,NOT DISTRACTED,MD,6BC17B50-2225-4769-91DF-9786CED1E6B3,FUNCTIONAL,SIX OCLOCK,PASSENGER CAR,MOVING CONSTANT SPEED,North,10,No,No,2008,BMW,535,39.047785,-77.05114083,"(39.047785, -77.05114083)"
DD5611002T,170508075,Rockville Police Departme,Property Damage Crash,05/16/2017 11:16:00 AM,Maryland (State),FIRST ST,ROCKVILLE PIKE,,N/A,BICYCLIST,OTHER,CLEAR,DRY,DAYLIGHT,NO CONTROLS,NONE DETECTED,NONE DETECTED,81BBEA61-3CE1-43FF-8707-22E27907B8F7,Yes,NO APPARENT INJURY,N/A,NOT DISTRACTED,VA,DB4ACEB3-DC1B-45BE-955D-88306395E639,FUNCTIONAL,ONE OCLOCK,PASSENGER CAR,MOVING CONSTANT SPEED,East,30,No,No,2007,BMW,4D,39.078675,-77.13873167,"(39.078675, -77.13873167)"
EJ78600028,190061607,Gaithersburg Police Depar,Property Damage Crash,12/22/2019 03:18:00 AM,Municipality,CHESTNUT ST,W DIAMOND AVE,,N/A,,SAME DIR REAR END,CLEAR,DRY,DARK LIGHTS ON,NO CONTROLS,NONE DETECTED,,8E407232-6F50-4986-8759-E51BF4637735,Yes,NO APPARENT INJURY,N/A,NOT DISTRACTED,MD,3D134D2B-3F4F-4C5A-B8F3-8A777C8182AB,DISABLING,TWELVE OCLOCK,PASSENGER CAR,MOVING CONSTANT SPEED,South,25,No,No,2005,HONDA,CIVIC,39.14102667,-77.20413167,"(39.14102667, -77.20413167)"
MCP3073006G,220035048,Montgomery County Police,Property Damage Crash,08/14/2022 06:39:00 PM,Maryland (State),GEORGIA AVE,RALPH RD,,N/A,,STRAIGHT MOVEMENT ANGLE,N/A,N/A,DAYLIGHT,NO CONTROLS,UNKNOWN,,EF4A4013-20BF-456B-AF5B-5BA9FB033215,Yes,NO APPARENT INJURY,N/A,UNKNOWN,,BC3F1C9A-0770-43F2-9AB4-7389B3BB4DB2,UNKNOWN,TWELVE OCLOCK,PASSENGER CAR,MOVING CONSTANT SPEED,South,45,No,No,2006,LINCOLN,NAVIGATOR,39.07124333,-77.08732833,"(39.07124333, -77.08732833)"
MCP30030025,180036372,Montgomery County Police,Injury Crash,07/23/2018 07:42:00 AM,County,MONTROSE RD,E JEFFERSON ST,,N/A,,HEAD ON LEFT TURN,RAINING,WET,DAYLIGHT,TRAFFIC SIGNAL,NONE DETECTED,,760F1AB5-E333-45C4-9778-3EC5AA33A8AC,Yes,NO APPARENT INJURY,"SLEET, HAIL, FREEZ. RAIN, WET",LOOKED BUT DID NOT SEE,MD,B1F04F95-03A3-4E30-9B0E-5F228718C0CC,DESTROYED,TWELVE OCLOCK,PASSENGER CAR,MOVING CONSTANT SPEED,East,35,No,No,2010,LEXU,RX350,39.05121,-77.12610333,"(39.05121, -77.12610333)"
MCP30840024,180044722,Montgomery County Police,Property Damage Crash,09/13/2018 11:29:00 AM,,,,MOTI'S MARKET PARKING LOT AT 4860 BOILING BROOK PKWY ROCKVILLE MD 20852,,,OTHER,CLEAR,,DAYLIGHT,NO CONTROLS,UNKNOWN,,6F48EA37-135F-47ED-B5C4-0D89FFE6252A,Yes,NO APPARENT INJURY,N/A,UNKNOWN,,50D354E3-7FEA-4B78-9EE3-1AEBB9AF57BA,FUNCTIONAL,SIX OCLOCK,UNKNOWN,BACKING,Unknown,10,No,No,0,UNKNOWN,UNKNOWN,39.0464565,-77.09945825,"(39.0464565, -77.09945825)"
MCP2052003H,230072515,Montgomery County Police,Property Damage Crash,12/19/2023 09:25:00 AM,County,GOSHEN RD,CENTERWAY RD,,N/A,,STRAIGHT MOVEMENT ANGLE,N/A,DRY,DAYLIGHT,TRAFFIC SIGNAL,NONE DETECTED,,5643F51C-30B6-4875-98B4-78405CFB8EF2,No,NO APPARENT INJURY,N/A,NOT DISTRACTED,MD,EF56776B-072F-4186-8482-E7401C27E329,FUNCTIONAL,FOUR OCLOCK,PASSENGER CAR,MOVING CONSTANT SPEED,North,35,No,No,2014,CHEV,4S CRUZ,39.16945831,-77.19065084,"(39.16945831, -77.19065084)"
MCP32110034,220043584,Montgomery County Police,Property Damage Crash,10/06/2022 09:16:00 AM,Maryland (State),ROCKVILLE PIKE,CEDAR LA,,N/A,,SAME DIR REAR END,CLEAR,DRY,DAYLIGHT,TRAFFIC SIGNAL,NONE DETECTED,,28CB8765-B1F0-4A72-8AA1-7E283F07BCFB,Yes,NO APPARENT INJURY,N/A,UNKNOWN,MD,FB9CD8C1-E167-4AD8-BC71-051AD653D7B4,DISABLING,TWELVE OCLOCK,PASSENGER CAR,MOVING CONSTANT SPEED,South,35,No,No,2020,PORS,TK,39.00564757,-77.09780222,"(39.00564757, -77.09780222)"
MCP3045000K,170515784,Montgomery County Police,Injury Crash,06/26/2017 07:54:00 AM,Maryland (State),OLD GEORGETOWN RD,CORDELL AVE,,N/A,,STRAIGHT MOVEMENT ANGLE,CLEAR,DRY,DAYLIGHT,STOP SIGN,NONE DETECTED,,488ABFFC-FF06-4207-A2A0-7EFDA6686BFE,No,SUSPECTED SERIOUS INJURY,N/A,NOT DISTRACTED,MD,F53E6A0B-B0D5-4ED3-A999-26974DFA18B6,DESTROYED,ELEVEN OCLOCK,PASSENGER CAR,MOVING CONSTANT SPEED,North,35,No,No,2009,NISSAN,VERSA,38.98792658,-77.09949195,"(38.98792658, -77.09949195)"
MCP30730051,200034571,Montgomery County Police,Injury Crash,09/03/2020 07:43:00 PM,Maryland (State),VEIRS MILL RD,PARKLAND DR,,N/A,,STRAIGHT MOVEMENT ANGLE,RAINING,WET,DARK LIGHTS ON,TRAFFIC SIGNAL,N/A,,FCBCF88D-25D5-422D-BC12-99A498A57037,No,POSSIBLE INJURY,"RAIN, SNOW, WET",UNKNOWN,MD,E5CA9077-A408-4C56-867B-797C9906D087,DISABLING,TWELVE OCLOCK,PASSENGER CAR,MOVING CONSTANT SPEED,West,45,No,No,2017,CHEVROLET,TRAVERSE,39.06146167,-77.09174667,"(39.06146167, -77.09174667)"
MCP3339001N,230016565,Montgomery County Police,Property Damage Crash,04/07/2023 05:46:00 AM,County,HEATHFIELD RD,OAKVALE ST,,N/A,,SAME DIR REAR END,UNKNOWN,UNKNOWN,DARK -- UNKNOWN LIGHTING,NO CONTROLS,UNKNOWN,,992E3222-9B87-4BD1-8038-0F9DB89A4249,Yes,NO APPARENT INJURY,N/A,UNKNOWN,,74CAA8BA-9D7F-4705-954E-F6806D2BD929,DISABLING,ONE OCLOCK,PASSENGER CAR,MOVING CONSTANT SPEED,East,25,No,No,2020,KIA,SOUL,39.08593017,-77.0828295,"(39.08593017, -77.0828295)"
MCP3030003V,200040328,Montgomery County Police,Property Damage Crash,10/13/2020 03:17:00 PM,Maryland (State),RIVER RD,LITTLE FALLS PKWY,,N/A,,STRAIGHT MOVEMENT ANGLE,CLEAR,DRY,DAYLIGHT,NO CONTROLS,N/A,,320DA59D-6943-4BA6-923D-D2280B94D211,Yes,NO APPARENT INJURY,N/A,LOOKED BUT DID NOT SEE,MD,C712B30A-DBF3-4426-A58E-5433E1E043FF,SUPERFICIAL,TWELVE OCLOCK,PASSENGER CAR,MAKING LEFT TURN,North,35,No,No,2015,FIAT,TK,38.96320033,-77.10133883,"(38.96320033, -77.10133883)"
MCP3151000N,180051136,Montgomery County Police,Property Damage Crash,10/12/2018 05:43:00 PM,Government,SLIGO CREEK PKWY,UNIVERSITY BLVD W,,N/A,,SAME DIRECTION SIDESWIPE,CLEAR,DRY,DAYLIGHT,TRAFFIC SIGNAL,UNKNOWN,,3C3774BF-7AEF-49D3-A6C8-B1F6F903AFBD,Yes,NO APPARENT INJURY,N/A,UNKNOWN,,A3AA6019-5463-4FCB-A9C0-62DF0871458F,SUPERFICIAL,ONE OCLOCK,UNKNOWN,MOVING CONSTANT SPEED,East,35,No,No,0,UNKNOWN,UNKNOWN,39.03651167,-77.03026033,"(39.03651167, -77.03026033)"
MCP3127003V,240054006,MONTGOMERY,Injury Crash,11/10/2024 03:14:00 PM,County Route,FLANDERS AVE,ROCKVILLE PIKE,,,,Angle,Cloudy,Dry,Daylight,No Controls,"Not Suspect of Alcohol Use, Not Suspect of Drug Use",,F6E676F1-ADE9-4C60-BE56-C16888C286A9,No,Suspected Minor Injury,,Not Distracted,MD,03C8C3FA-5217-4F24-BE3D-2FA85CBCD7A0,Disabling,Twelve O Clock,Passenger Car,Moving Constant Speed,Northbound,45,No,No,2010,DODGE,CHARGER,39.03842142,-77.10850032,"(39.03842142, -77.10850032)"
DD5640000D,200009416,Rockville Police Departme,Injury Crash,02/25/2020 06:39:00 PM,Maryland (State),HUNGERFORD DR,N WASHINGTON ST,,ROCKVILLE,,SAME DIR REAR END,CLOUDY,DRY,DARK LIGHTS ON,NO CONTROLS,NONE DETECTED,,AAC3A72C-4854-4D2C-93F0-092EA3134AA3,No,NO APPARENT INJURY,N/A,NOT DISTRACTED,MD,9FFBC2CD-9A6B-443C-B0C7-D67A744CED5B,SUPERFICIAL,SIX OCLOCK,PASSENGER CAR,STOPPED IN TRAFFIC LANE,North,35,No,No,2018,HONDA,HR-V,39.09037167,-77.15239833,"(39.09037167, -77.15239833)"
MCP2799001D,16011589,MONTGOMERY,Injury Crash,03/08/2016 04:00:00 PM,Maryland (State),OLNEY SANDY SPRING RD,GEORGIA AVE,,N/A,,SAME DIR REAR END,CLEAR,DRY,DAYLIGHT,TRAFFIC SIGNAL,N/A,,972C279A-81AE-46CA-883F-9B4740304344,Yes,NO APPARENT INJURY,N/A,LOOKED BUT DID NOT SEE,MD,9624E913-08B7-4FF9-BA06-0560F1C17A36,NO DAMAGE,TWELVE OCLOCK,PASSENGER CAR,MOVING CONSTANT SPEED,West,30,No,No,2016,CHEV,CRUZ,39.0039,-77.036485,"(39.0039, -77.036485)"
HA22210002,16000689,Maryland-National Capital,Injury Crash,06/05/2016 04:57:00 PM,County,SCHAEFFER RD,CENTRAL PARK CIR,,N/A,,SAME DIR REAR END,RAINING,WET,DAYLIGHT,STOP SIGN,NONE DETECTED,,17A7F60B-9272-4CEA-A7F0-2033D96C38D0,No,NO APPARENT INJURY,"RAIN, SNOW, WET",NOT DISTRACTED,MD,F79835FE-B810-4E83-B6F8-1915CE755974,SUPERFICIAL,SIX OCLOCK,PASSENGER CAR,STOPPED IN TRAFFIC LANE,North,25,No,No,2008,TOYT,PRIUS,39.15109644,-77.3036027,"(39.15109644, -77.3036027)"
MCP2837001C,170503012,Montgomery County Police,Property Damage Crash,04/19/2017 05:32:00 PM,Municipality,MONROE ST,E JEFFERSON ST,,N/A,,SAME DIR BOTH LEFT TURN,CLOUDY,DRY,DUSK,TRAFFIC SIGNAL,NONE DETECTED,,97501A30-A6BC-412D-AE73-CA29C5C727F3,Yes,NO APPARENT INJURY,N/A,TALKING OR LISTENING TO CELLULAR PHONE,MD,C799A0B5-7B6A-49F3-8A43-BF8CC87F6AC5,SUPERFICIAL,TEN OCLOCK,(SPORT) UTILITY VEHICLE,PASSING,East,40,No,No,2009,HONDA,CRV,39.08221,-77.149285,"(39.08221, -77.149285)"
MCP23990074,230054468,Montgomery County Police,Property Damage Crash,09/12/2023 03:15:00 PM,County,WIGHTMAN RD,SPARROW VALLEY DR,,N/A,,SAME DIR REAR END,CLEAR,DRY,DAYLIGHT,N/A,NONE DETECTED,,F48023B6-C333-4FFA-8A89-1C5BAD115FF1,Yes,NO APPARENT INJURY,N/A,NOT DISTRACTED,MD,A5F81F9C-7D5F-43EE-A8D4-CF7CEC22A00D,SUPERFICIAL,TWELVE OCLOCK,POLICE VEHICLE/NON EMERGENCY,SLOWING OR STOPPING,North,35,No,No,2016,FORD,INTERCEPTOR,39.18965064,-77.19123555,"(39.18965064, -77.19123555)"
MCP31530017,190027534,Montgomery County Police,Property Damage Crash,06/09/2019 01:27:00 PM,,,,"WHEATON PLAZA MALL PARKING LOT, 11160 VEIRS MILL RD",,,SAME DIR REAR END,CLOUDY,,DAYLIGHT,NO CONTROLS,NONE DETECTED,,8A32C848-89A2-4B66-BE98-0578A02B4516,Yes,NO APPARENT INJURY,"N/A, WET",NOT DISTRACTED,MD,C70E6C2E-0155-40A5-A356-AA7BAB81DCA7,SUPERFICIAL,TWELVE OCLOCK,PASSENGER CAR,PARKING,North,15,No,No,2002,JAGUAR,2S,39.03615833,-77.05596667,"(39.03615833, -77.05596667)"
MCP32200028,220009578,Montgomery County Police,Injury Crash,03/05/2022 07:01:00 PM,County,MIDCOUNTY HWY,WASHINGTON GROVE LA,,N/A,,STRAIGHT MOVEMENT ANGLE,CLEAR,DRY,DARK LIGHTS ON,TRAFFIC SIGNAL,NONE DETECTED,,A92F5444-C00F-4BFC-9931-32A5E5714FCB,Yes,NO APPARENT INJURY,N/A,LOOKED BUT DID NOT SEE,XX,9301B814-9ACC-4376-AC96-7F58BB36C9A9,DISABLING,FIVE OCLOCK,STATION WAGON,MAKING LEFT TURN,South,45,No,No,2002,JEEP,4X4,39.147514,-77.16916817,"(39.147514, -77.16916817)"
MCP1334006X,180042607,Montgomery County Police,Injury Crash,08/27/2018 08:55:00 AM,Maryland (State),QUINCE ORCHARD RD,RAMP 7 FR MD 124 WB TO IS 270 SB,,N/A,,SAME DIR REAR END,CLEAR,DRY,DAYLIGHT,TRAFFIC SIGNAL,NONE DETECTED,,D880C55B-C4DA-484D-9F7E-788FE5C10C67,No,POSSIBLE INJURY,N/A,NOT DISTRACTED,MD,BD238C03-8DD4-4E52-990F-56705A6C7518,DISABLING,SIX OCLOCK,PASSENGER CAR,STOPPED IN TRAFFIC LANE,South,35,No,No,2015,NISSAN,ALTIMA,39.14940167,-77.216,"(39.14940167, -77.216)"
MCP25560007,15009517,Montgomery County Police,Property Damage Crash,02/27/2015 07:06:00 PM,Interstate (State),EISENHOWER MEMORIAL HWY,SHADY GROVE RD,,N/A,,SAME DIR REAR END,CLEAR,DRY,DARK NO LIGHTS,N/A,NONE DETECTED,,3FE19255-1CED-423F-95D6-6F98E32148C4,No,NO APPARENT INJURY,N/A,NOT DISTRACTED,MD,62E17E23-F413-4738-93A9-EB9C0ADEC10C,SUPERFICIAL,SIX OCLOCK,PASSENGER CAR,SLOWING OR STOPPING,North,55,No,No,2007,FORD,TK,39.11301365,-77.18968391,"(39.11301365, -77.18968391)"
MCP2892006Y,190038476,Montgomery County Police,Injury Crash,08/12/2019 04:21:00 PM,Maryland (State),GEORGIA AVE,COLESVILLE RD,,N/A,,SAME DIRECTION SIDESWIPE,CLEAR,DRY,DAYLIGHT,N/A,NONE DETECTED,,821301B5-B7E0-4E6F-B4E9-8AFF7FE86EC1,Unknown,POSSIBLE INJURY,N/A,NOT DISTRACTED,MD,812F7FA8-B078-41DE-A4A6-C4540D916273,SUPERFICIAL,ELEVEN OCLOCK,PASSENGER CAR,MOVING CONSTANT SPEED,North,35,No,No,2015,TOYT,4S,38.99543,-77.02740333,"(38.99543, -77.02740333)"
DM83360016,170540331,Takoma Park Police Depart,Property Damage Crash,11/02/2017 09:49:00 PM,,,,PARKING LOT,,,OTHER,CLEAR,,DARK LIGHTS ON,N/A,N/A,,F35C350D-8EA1-4A87-862F-AB1C044245FC,No,NO APPARENT INJURY,N/A,NOT DISTRACTED,MD,E288A670-2FBA-4BBF-B2D7-77C56F42CFDF,SUPERFICIAL,SIX OCLOCK,PASSENGER CAR,BACKING,North,5,No,No,2010,HONDA,ACCORD,38.97785929,-77.0060572,"(38.97785929, -77.0060572)"
MCP2203005N,210052770,Montgomery County Police,Property Damage Crash,12/27/2021 12:15:00 PM,County,HIGHVIEW AVE,WOODRIDGE AVE,,N/A,,SAME DIRECTION SIDESWIPE,CLEAR,DRY,DAYLIGHT,N/A,NONE DETECTED,,DA585ADF-1A3F-489A-A0A5-366D9C57C0D3,Yes,NO APPARENT INJURY,"N/A, V EXHAUST SYSTEM|R OTHER ROAD",NOT DISTRACTED,MD,E841BA1C-0B64-4FBB-A00F-D36828433826,SUPERFICIAL,ONE OCLOCK,FIRE VEHICLE/EMERGENCY,PASSING,East,25,No,No,2008,SPAR,TK,39.0462395,-77.07129867,"(39.0462395, -77.07129867)"
MCP32800022,220017630,Montgomery County Police,Property Damage Crash,04/25/2022 11:15:00 PM,,,,"PARKING LOT OF 608 BEACON RD, SILVER SPRING, MD 20903",,,OTHER,CLEAR,,DARK LIGHTS ON,NO CONTROLS,ALCOHOL PRESENT,,DC86A4CE-DB3F-439A-BF20-6755C4ACAC65,Yes,NO APPARENT INJURY,N/A,NOT DISTRACTED,XX,C619AF0A-EA04-4DA8-AAB7-BD8679EC91C9,DISABLING,ELEVEN OCLOCK,PASSENGER CAR,MOVING CONSTANT SPEED,South,5,No,No,2016,CHEVY,EQUINOX,39.006995,-76.98500167,"(39.006995, -76.98500167)"
MCP2894002T,16046569,Montgomery County Police,Injury Crash,09/11/2016 01:24:00 PM,Maryland (State),ROCKVILLE PIKE,STRATHMORE AVE,,N/A,,SAME DIRECTION SIDESWIPE,CLEAR,DRY,DAYLIGHT,N/A,NONE DETECTED,,EE65B358-FBB1-46E5-924E-D760D1DC02C4,Yes,NO APPARENT INJURY,N/A,LOOKED BUT DID NOT SEE,MD,FE28A2F5-55CC-4F3C-8A61-1838B4ECD136,FUNCTIONAL,ELEVEN OCLOCK,PASSENGER CAR,CHANGING LANES,North,40,No,No,1994,HOND,4S,39.035405,-77.106965,"(39.035405, -77.106965)"
EJ7851009V,240020884,GAITHERSBURG,Property Damage Crash,05/03/2024 11:00:00 PM,Municipality Route,OLDE TOWNE AVE,FULKS CORNER AVE W DIAMOND AVE,,,,"Sideswipe, Same Direction",Clear,Dry,Dark - Lighted,No Controls,"Unknown, Unknown",,63E23A16-5C3A-4845-A7DA-4A6FCE24EA89,No,No Apparent Injury,,Unknown,MD,16EA777A-860C-4FB7-BFA7-411C83BAF684,Vehicle Not at Scene,Vehicle Not at Scene,Passenger Car,Changing Lanes,Northbound,30,No,No,2005,CHEVROLET,SILVERADO,39.14077055,-77.19558402,"(39.14077055, -77.19558402)"
MCP2592002L,230007232,Montgomery County Police,Injury Crash,02/13/2023 09:40:00 AM,County,GOSHEN RD,SNOUFFERS SCHOOL RD,,N/A,PEDESTRIAN,HEAD ON LEFT TURN,CLEAR,WET,DAYLIGHT,TRAFFIC SIGNAL,NONE DETECTED,NONE DETECTED,A7B159E4-A4CE-4A28-8F46-4CC98BA6EB3B,Yes,NO APPARENT INJURY,"N/A, WET",UNKNOWN,MD,F3AEFD6B-E9D6-4501-B1B4-1EA93FFC7D75,DISABLING,TWELVE OCLOCK,PASSENGER CAR,MAKING LEFT TURN,East,30,No,No,2012,INFINITI,G37,39.18786333,-77.187085,"(39.18786333, -77.187085)"
DD5604003F,200028578,Rockville Police Departme,Property Damage Crash,07/23/2020 10:45:00 AM,Municipality,MARYLAND AVE,S WASHINGTON ST,,ROCKVILLE,,SAME DIRECTION SIDESWIPE,CLEAR,DRY,DAYLIGHT,NO CONTROLS,NONE DETECTED,,B037796B-10A4-4E6E-889D-DAF5049A602A,Yes,NO APPARENT INJURY,N/A,LOOKED BUT DID NOT SEE,VA,3A4BD617-8283-4252-97FF-95BD87B21CAE,SUPERFICIAL,ONE OCLOCK,PASSENGER CAR,MOVING CONSTANT SPEED,East,25,No,No,2013,FORD,F-150,39.08052233,-77.1525815,"(39.08052233, -77.1525815)"
MCP2298009K,16046061,Montgomery County Police,Property Damage Crash,09/08/2016 06:53:00 PM,Maryland (State),FREDERICK RD,MIDDLEBROOK RD,,N/A,,STRAIGHT MOVEMENT ANGLE,CLEAR,DRY,DAYLIGHT,STOP SIGN,NONE DETECTED,,2925E741-4101-4641-B08E-7513BD4ECEE2,No,NO APPARENT INJURY,N/A,NOT DISTRACTED,MD,E2690625-CB86-463F-A965-F0ADEACB9CD4,FUNCTIONAL,SIX OCLOCK,PASSENGER CAR,STOPPED IN TRAFFIC LANE,North,40,No,No,2009,CHEV,IMPALA,39.17920833,-77.238335,"(39.17920833, -77.238335)"
MCP2121000W,17008574,Montgomery County Police,Property Damage Crash,02/17/2017 07:43:00 AM,Maryland (State),FISHER AVE,NORRIS RD,,POOLESVILLE,,SAME DIR REAR END,CLEAR,DRY,DAYLIGHT,NO CONTROLS,NONE DETECTED,,41DE1F05-63FE-451B-968E-A7A04D232EBD,Yes,NO APPARENT INJURY,N/A,NOT DISTRACTED,MD,8FD0F2B9-07D1-4F81-AAD9-D6F704DD7D56,DESTROYED,TWELVE OCLOCK,PASSENGER CAR,MOVING CONSTANT SPEED,West,25,No,No,2011,TOYOTA,COROLLA,39.1452095,-77.4145705,"(39.1452095, -77.4145705)"
MCP2845008X,240038309,MONTGOMERY,Injury Crash,08/14/2024 07:51:00 AM,US (State),COLUMBIA PIKE,,,,,Angle,Clear,Dry,Daylight,Traffic Control Signal,"Not Suspect of Alcohol Use, Not Suspect of Drug Use",,554D5C6D-100C-450F-99AF-525E882DE02B,Yes,No Apparent Injury,,Not Distracted,NY,C8E6BF8C-9A0B-447A-A0E7-1890A0387EED,Disabling,Four O Clock,Sport Utility Vehicle,Turning Left,,40,No,No,2014,BMW,X3,39.03115857,-77.00469323,"(39.03115857, -77.00469323)"
MCP3026008C,220042829,Montgomery County Police,Property Damage Crash,10/01/2022 12:30:00 PM,Interstate (State),CAPITAL BELTWAY,ROCKVILLE PIKE,,N/A,,SAME DIRECTION SIDESWIPE,RAINING,WET,DAYLIGHT,NO CONTROLS,NONE DETECTED,,1F7AACAC-29F8-4B72-B880-C052BE0AE206,Yes,NO APPARENT INJURY,"RAIN, SNOW, WET",UNKNOWN,VA,87DA325C-2D2C-4FE3-976E-92B544B0403C,DESTROYED,ONE OCLOCK,PASSENGER CAR,MOVING CONSTANT SPEED,East,55,No,No,2017,TOYOTA,COROLLA,39.011225,-77.091645,"(39.011225, -77.091645)"
MCP31760018,210006879,Montgomery County Police,Injury Crash,02/22/2021 11:15:00 PM,Maryland (State),GEORGIA AVE,GRACE CHURCH RD,,N/A,,SINGLE VEHICLE,CLEAR,DRY,DARK LIGHTS ON,NO CONTROLS,NONE DETECTED,,BC479F85-9CC5-42D2-92F6-D912D5ACCAFA,Yes,SUSPECTED MINOR INJURY,N/A,NOT DISTRACTED,PA,519149B8-C7E9-41DC-A2DE-F494BE92C36E,DESTROYED,TWELVE OCLOCK,PASSENGER CAR,MOVING CONSTANT SPEED,South,45,No,No,2018,DODGE,CHALLENGER,39.00519,-77.038165,"(39.00519, -77.038165)"
MCP31560025,220033632,Montgomery County Police,Property Damage Crash,08/05/2022 12:19:00 PM,US (State),COLESVILLE RD,DALE DR,,N/A,,STRAIGHT MOVEMENT ANGLE,CLEAR,DRY,DAYLIGHT,NO CONTROLS,NONE DETECTED,,34CEA73B-3077-4E1C-825C-80681EAB219E,No,NO APPARENT INJURY,N/A,NOT DISTRACTED,NY,BA5902DA-5FC6-4D24-9F8D-263A32E50A4C,SUPERFICIAL,ONE OCLOCK,TRUCK TRACTOR,MOVING CONSTANT SPEED,North,35,No,No,2013,MACK,TRACTOR,39.00679167,-77.02126,"(39.00679167, -77.02126)"
MCP2678000M,15005218,Montgomery County Police,Property Damage Crash,02/02/2015 12:08:00 AM,Maryland (State),NEW HAMPSHIRE AVE,ASHCROFT CT,,N/A,,SINGLE VEHICLE,SNOW,SNOW,DARK NO LIGHTS,NO CONTROLS,NONE DETECTED,,47BB2B5D-6EDD-4B15-AE1E-C1DC0E7C77F7,Yes,NO APPARENT INJURY,"ICY OR SNOW-COVERED, RAIN, SNOW, SLEET, HAIL, FREEZ. RAIN",LOOKED BUT DID NOT SEE,MD,4462A652-24D6-4941-B5D0-3D9C9C25CF20,DESTROYED,ONE OCLOCK,PASSENGER CAR,MOVING CONSTANT SPEED,North,40,No,No,2000,TOYT,4S,39.16241,-77.01456167,"(39.16241, -77.01456167)"
MCP29620075,230009490,Montgomery County Police,Injury Crash,02/25/2023 01:14:00 PM,Maryland (State),FREDERICK RD,CLARKSBURG RD,,N/A,,SAME DIR REAR END,RAINING,WET,DAYLIGHT,NO CONTROLS,NONE DETECTED,,58742F38-75FA-468F-A98A-F8B195C9AD11,Yes,NO APPARENT INJURY,"RAIN, SNOW, WET",NOT DISTRACTED,MD,FC50303B-D10E-4673-9F45-B284376F9884,FUNCTIONAL,TWELVE OCLOCK,PASSENGER CAR,MOVING CONSTANT SPEED,West,25,No,No,2012,BMW,X5,39.2396365,-77.27876817,"(39.2396365, -77.27876817)"