Report Number,Local Case Number,Agency Name,ACRS Report Type,Crash Date/Time,Route Type,Road Name,Cross-Street Name,Off-Road Description,Municipality,Related Non-Motorist,Collision Type,Weather,Surface Condition,Light,Traffic Control,Driver Substance Abuse,Non-Motorist Substance Abuse,Person ID,Driver At Fault,Injury Severity,Circumstance,Driver Distracted By,Drivers License State,Vehicle ID,Vehicle Damage Extent,Vehicle First Impact Location,Vehicle Body Type,Vehicle Movement,Vehicle Going Dir,Speed Limit,Driverless Vehicle,Parked Vehicle,Vehicle Year,Vehicle Make,Vehicle Model,Latitude,Longitude,Location
MCP0685003K,170536431,Montgomery County Police,Property Damage Crash,10/13/2017 11:32:00 AM,,,,PARKING LOT 100 EDISON PARK DR,,,SINGLE VEHICLE,CLOUDY,,DAYLIGHT,N/A,NONE DETECTED,,39CE32BD-07B9-4D67-858D-EA3BA7FD2527,Yes,NO APPARENT INJURY,N/A,NOT DISTRACTED,MD,8E22BA9F-896A-401D-8BEB-0B87665E0213,FUNCTIONAL,ELEVEN OCLOCK,POLICE VEHICLE/NON EMERGENCY,SLOWING OR STOPPING,West,25,No,No,2017,FORD,4S,39.11386667,-77.23583833,"(39.11386667, -77.23583833)"
MCP3260001K,250003806,MONTGOMERY,Property Damage Crash,01/27/2025 11:00:00 AM,US (State),COLUMBIA PIKE,OAK LEAF DR,,,,Front to Rear,Clear,Dry,Daylight,Traffic Control Signal,"Not Suspect of Alcohol Use, Not Suspect of Drug Use",,B19E3CB5-B3B9-4677-88F9-CF4D2F2C4B3B,No,No Apparent Injury,,Not Distracted,MD,431FBBF6-6414-4A03-BEE6-DAB6E97136B9,Disabling,Seven O Clock,Passenger Car,Slowing or Stopping,,45,No,No,2018,HONDA,CIVIC,39.04082683,-76.99555433,"(39.04082683, -76.99555433)"
MCP2936004Q,210046892,Montgomery County Police,Injury Crash,11/18/2021 06:18:00 PM,Maryland (State),ROCKVILLE PIKE,ENT TO MID-PIKE PLAZA,,N/A,PEDESTRIAN,OTHER,RAINING,WET,DARK LIGHTS ON,OTHER,NONE DETECTED,NONE DETECTED,8DA2C715-16B1-47EF-A57A-A10417A50D17,Yes,NO APPARENT INJURY,"RAIN, SNOW, WET",LOOKED BUT DID NOT SEE,MD,80623C76-868D-47F0-8C44-97DA74701BAA,FUNCTIONAL,TWELVE OCLOCK,PASSENGER CAR,MAKING LEFT TURN,East,30,No,No,2016,FORD,FIESTA,39.05054007,-77.11484291,"(39.05054007, -77.11484291)"
MCP913000BJ,210007858,Montgomery County Police,Property Damage Crash,03/02/2021 11:34:00 AM,Maryland (State),UNIVERSITY BLVD E,LANGLEY DR,,N/A,,OTHER,CLEAR,DRY,DAYLIGHT,NO CONTROLS,NONE DETECTED,,D913D87B-B810-4AA1-89CB-98668927C4C9,No,NO APPARENT INJURY,N/A,NOT DISTRACTED,MD,37E2B105-999A-42C3-B655-00F028A73BED,SUPERFICIAL,SIX OCLOCK,PASSENGER CAR,STOPPED IN TRAFFIC LANE,East,35,No,No,2017,HONDA,ACCORD,39.00075867,-76.99548519,"(39.00075867, -76.99548519)"
MCP3308000J,220014204,Montgomery County Police,Property Damage Crash,04/03/2022 08:00:00 PM,County,GOSHEN RD,SNOUFFERS SCHOOL RD,,N/A,,HEAD ON LEFT TURN,CLEAR,DRY,DUSK,TRAFFIC SIGNAL,NONE DETECTED,,0B2DCEBD-6889-4A74-B10A-5AFD72D5A56B,No,NO APPARENT INJURY,N/A,NOT DISTRACTED,MD,A03D66B2-3A1C-479F-BE15-561C893EE730,DISABLING,TWELVE OCLOCK,PASSENGER CAR,MOVING CONSTANT SPEED,North,40,No,No,2022,FORD,EXPLORER,39.18771333,-77.18659667,"(39.18771333, -77.18659667)"
MCP2848002M,16010464,MONTGOMERY,Property Damage Crash,03/02/2016 03:17:00 PM,County,SOUTHWICK ST,OLD GEORGETOWN RD,,N/A,,SAME DIR REAR END,CLEAR,DRY,DAYLIGHT,NO CONTROLS,N/A,,F9D77903-59E0-474C-B43C-69B40CCC7DA1,Yes,NO APPARENT INJURY,N/A,NOT DISTRACTED,,EB588148-7C2D-46EC-99EB-28D2FA5605F9,UNKNOWN,UNKNOWN,"MEDIUM/HEAVY TRUCKS 3 AXLES (OVER 10,000LBS (4,536KG))",BACKING,Unknown,10,No,No,2000,INTERNATIONAL,DUMP TRUCK,38.9993088,-77.11037636,"(38.9993088, -77.11037636)"
MCP3038006X,240013432,MONTGOMERY,Property Damage Crash,03/20/2024 04:00:00 PM,County Route,SLIGO AVE,,,,,Front to Rear,Clear,Dry,Daylight,Traffic Control Signal,"Not Suspect of Alcohol Use, Not Suspect of Drug Use",,5437A541-AE0B-49C8-8FCF-B1DE8D145B96,No,No Apparent Injury,,Not Distracted,MD,B6F7A493-2A76-4C9D-BADA-0A868D876002,Superficial,Six O Clock,Sport Utility Vehicle,Stopped in Traffic,Eastbound,25,No,No,2021,TOYOTA,RAV4,38.99113488,-77.01041711,"(38.99113488, -77.01041711)"
MCP2995001Q,170512123,Montgomery County Police,Injury Crash,06/06/2017 03:31:00 PM,Maryland (State),NORBECK RD,ROCKING SPRING DR,,N/A,,HEAD ON LEFT TURN,CLEAR,DRY,DAYLIGHT,NO CONTROLS,NONE DETECTED,,FD300112-6C2B-4536-B7EE-1CD06C80F5DD,Yes,NO APPARENT INJURY,N/A,UNKNOWN,MD,3812415D-D094-43E5-BE4C-7440C781E8E3,FUNCTIONAL,ONE OCLOCK,PASSENGER CAR,MAKING LEFT TURN,East,45,No,No,2005,TOYOTA,COROLLA,39.09782806,-77.10501194,"(39.09782806, -77.10501194)"
MCP29660081,250001361,MONTGOMERY,Injury Crash,01/11/2025 06:20:00 AM,Maryland (State) Route,GERMANTOWN RD (SB/L),CLOPPER RD (WB/L),,,,Angle,Clear,Snow,Dark - Lighted,Traffic Control Signal,"Not Suspect of Alcohol Use, Not Suspect of Drug Use",,8CAA4EA7-6322-46B8-95E9-BFFEB84CFEEB,Yes,No Apparent Injury,Too Fast For Conditions,Not Distracted,MD,97D19215-DE55-46CE-96F4-51D191BC48D4,Functional,Twelve O Clock,Other Trucks,Slowing or Stopping,Northbound,40,No,No,2001,FREIGHTLINER,FL80,39.1630015,-77.2830195,"(39.1630015, -77.2830195)"
MCP3127002Y,240006159,MONTGOMERY,Property Damage Crash,02/07/2024 02:47:00 PM,Maryland (State) Route,EAST WEST HWY,,,,,Angle,Clear,Dry,Daylight,No Controls,"Not Suspect of Alcohol Use, Not Suspect of Drug Use",,19B67A73-1C80-4556-BEB6-89EAFF471073,No,No Apparent Injury,"Failed to Keep in Proper Lane, Improper Passing, Too Fast For Conditions",Unknown,MD,B76DA57E-08BD-4005-9C0D-5F6F79543886,Functional,One O Clock,Passenger Car,Changing Lanes,Eastbound,35,No,No,2015,HONDA,ACCORD,38.99574565,-77.03903299,"(38.99574565, -77.03903299)"
MCP2938000H,15035486,MONTGOMERY,Property Damage Crash,07/19/2015 05:43:00 AM,County,CROSSOVER LA,STEPHALEE LA,,N/A,,HEAD ON,CLEAR,DRY,DARK LIGHTS ON,N/A,ALCOHOL CONTRIBUTED,,07B2CFB1-7400-4158-A880-8A3FDD8FCF70,Yes,NO APPARENT INJURY,N/A,NOT DISTRACTED,MD,1BCF5CB2-6526-4AE8-8649-AF9634660B3A,FUNCTIONAL,TWELVE OCLOCK,(SPORT) UTILITY VEHICLE,MOVING CONSTANT SPEED,South,25,No,No,2008,JEEP,TK,39.03902695,-77.12568641,"(39.03902695, -77.12568641)"
MCP3020001M,180000859,Montgomery County Police,Property Damage Crash,01/06/2018 12:00:00 PM,County,BEL PRE RD,BEAVERWOOD LA,,N/A,,SAME DIR REAR END,CLEAR,DRY,DAYLIGHT,NO CONTROLS,NONE DETECTED,,96C64242-45B3-4AEE-B205-50BC2F2A823C,No,NO APPARENT INJURY,N/A,NOT DISTRACTED,MD,FC853FA3-E286-4857-A843-064559D4F0E1,DISABLING,SIX OCLOCK,PASSENGER CAR,STOPPED IN TRAFFIC LANE,East,35,No,No,2007,FORD,ESCAPE,39.09061501,-77.0588699,"(39.09061501, -77.0588699)"
MCP2565004H,170516477,Montgomery County Police,Property Damage Crash,06/29/2017 05:45:00 PM,Maryland (State),OLD GEORGETOWN RD,DEL RAY AVE,,N/A,,SAME DIRECTION RIGHT TURN,N/A,DRY,DAYLIGHT,NO CONTROLS,NONE DETECTED,,CFFDA6C2-A16F-4F5C-9853-5A8EBB8C21D7,Unknown,NO APPARENT INJURY,N/A,NOT DISTRACTED,VA,E85C60B6-AEC6-4E98-9E6C-04737035BFC7,SUPERFICIAL,ELEVEN OCLOCK,OTHER,ACCELERATING,North,35,No,No,2004,FORD,UTILIMASTER,38.98826432,-77.10005924,"(38.98826432, -77.10005924)"
MCP9310000L,250023182,MONTGOMERY,Injury Crash,05/25/2025 01:30:00 PM,Maryland (State) Route,GEORGIA AVE,,,,,Front to Rear,Clear,Dry,Daylight,Traffic Control Signal,"Not Suspect of Alcohol Use, Not Suspect of Drug Use",,1DE2CBAB-79B3-4EC5-AAFB-C0543F8F534C,No,Suspected Minor Injury,"Operated Motor Vehicle in Inattentive, Careless, Negligent, or Erratic Manner",Not Distracted,MD,E4833338-FA07-45A1-AB50-BB589F598A98,Disabling,Twelve O Clock,Sport Utility Vehicle,Slowing or Stopping,Northbound,40,No,No,2005,HONDA,PILOT,39.13047743,-77.07085075,"(39.13047743, -77.07085075)"
MCP3086004R,200033354,Montgomery County Police,Property Damage Crash,08/26/2020 10:00:00 AM,,,,PARKING LOT OF 8101 BEECHCRAFT AVE.,,,STRAIGHT MOVEMENT ANGLE,CLEAR,,DAYLIGHT,NO CONTROLS,UNKNOWN,,85354B2D-D869-430B-8EBF-1E9004DEE350,Yes,NO APPARENT INJURY,N/A,UNKNOWN,MD,B961B140-B07F-4359-B362-BFEFD98B4EC3,UNKNOWN,SIX OCLOCK,(SPORT) UTILITY VEHICLE,BACKING,West,15,No,No,2019,FORD,EXPLORER,39.16525014,-77.16514599,"(39.16525014, -77.16514599)"
MCP2177000F,15019775,Montgomery County Police,Injury Crash,04/27/2015 08:48:00 AM,Maryland (State),HUNGERFORD DR,COLLEGE PKWY,,ROCKVILLE,,HEAD ON LEFT TURN,CLEAR,DRY,DAYLIGHT,TRAFFIC SIGNAL,NONE DETECTED,,C2860DD6-8AEC-4DD6-BB88-84394FA99316,No,NO APPARENT INJURY,N/A,UNKNOWN,MD,CB8D497F-7C74-406A-BC4A-1A315204BAA5,DISABLING,TWELVE OCLOCK,PASSENGER CAR,MOVING CONSTANT SPEED,South,40,No,No,2014,HONDA,CIVIC,39.10330667,-77.15623,"(39.10330667, -77.15623)"
MCP3091003C,210053335,Montgomery County Police,Injury Crash,12/31/2021 12:45:00 PM,Maryland (State),FREDERICK RD,INDIANOLA DR,,N/A,,SAME DIR REAR END,CLEAR,DRY,DAYLIGHT,TRAFFIC SIGNAL,N/A,,05EA35A1-ED43-4FB8-B2A4-2D093D32518A,Yes,NO APPARENT INJURY,N/A,UNKNOWN,MD,5A590BFA-E200-41F8-9E6C-EA6F238602C7,SUPERFICIAL,TWELVE OCLOCK,PASSENGER CAR,SLOWING OR STOPPING,North,40,No,No,2020,JEEP,RUBICON,39.1117785,-77.16100817,"(39.1117785, -77.16100817)"
MCP23610001,17009948,Montgomery County Police,Property Damage Crash,02/24/2017 08:30:00 AM,County,MIDCOUNTY HWY,SHADY GROVE RD,,N/A,,SAME DIR REAR END,CLEAR,DRY,DAYLIGHT,TRAFFIC SIGNAL,NONE DETECTED,,34269CFB-81A6-4A15-9288-4D8BC1909A74,Yes,NO APPARENT INJURY,N/A,NOT DISTRACTED,MD,AE9FEDBC-0DCF-4C36-8331-A059AD2D586B,DISABLING,ONE OCLOCK,(SPORT) UTILITY VEHICLE,RIGHT TURN ON RED,South,45,No,No,2002,FORD,TK,39.14076635,-77.1521531,"(39.14076635, -77.1521531)"
EJ7855000H,15040746,GAITHERSBURG,Property Damage Crash,08/15/2015 11:53:00 AM,,,,parking lot of Costco,,,UNKNOWN,CLEAR,,DAYLIGHT,N/A,UNKNOWN,,DFD71696-E11C-4305-81B1-3D41CA4F4D39,Yes,NO APPARENT INJURY,N/A,UNKNOWN,,38F79E48-B7C7-4437-84B9-6988DDF5B87B,UNKNOWN,UNKNOWN,PASSENGER CAR,UNKNOWN,Unknown,0,Unknown,No,2009,HONDA,PILOT,39.15650426,-77.21318007,"(39.15650426, -77.21318007)"
MCP33520020,240037617,MONTGOMERY,Injury Crash,08/09/2024 03:45:00 PM,County Route,MIDCOUNTY HWY,,,,,Front to Rear,Rain,Wet,Daylight,Traffic Control Signal,"Not Suspect of Alcohol Use, Not Suspect of Drug Use",,4898B4C1-10AE-4C35-BE00-3F8F9B951DD4,No,No Apparent Injury,,Not Distracted,,3A40CED9-D7BB-4E19-92AD-195A7F4E158E,Superficial,Six O Clock,Passenger Car,Stopped in Traffic,Northbound,20,No,No,2018,HONDA,ODYSSEY,39.14734055,-77.16931155,"(39.14734055, -77.16931155)"
MCP31480020,190048716,Montgomery County Police,Property Damage Crash,10/10/2019 04:50:00 PM,Maryland (State),ROCKVILLE PIKE,TUCKERMAN LA,,N/A,,SAME DIR REAR END,CLEAR,DRY,DAYLIGHT,TRAFFIC SIGNAL,NONE DETECTED,,B9F56681-CEC1-4FDA-870A-DC75CC857F30,Yes,NO APPARENT INJURY,N/A,LOOKED BUT DID NOT SEE,MD,96B8CC53-78EB-439D-B7C7-C60C5C1207FC,FUNCTIONAL,TWELVE OCLOCK,PASSENGER CAR,MOVING CONSTANT SPEED,South,45,No,No,2014,HONDA,ACCORD,39.03094882,-77.1054038,"(39.03094882, -77.1054038)"
MCP2582003S,210016441,Montgomery County Police,Property Damage Crash,05/02/2021 09:53:00 PM,,,,900 BLOCK OF GOOD HOPE DRIVE (PARKING LOT),,,STRAIGHT MOVEMENT ANGLE,CLEAR,,DARK LIGHTS ON,NO CONTROLS,UNKNOWN,,515AF5F0-D269-4760-8C21-3982DB79D545,Yes,NO APPARENT INJURY,N/A,UNKNOWN,MD,C8DB4D84-E5E2-4046-9010-A584928EC436,FUNCTIONAL,TWELVE OCLOCK,PASSENGER CAR,STARTING FROM PARKED,West,25,No,No,2017,AUDI,A4,39.09370793,-76.99161693,"(39.09370793, -76.99161693)"
MCP2891008K,190051102,Montgomery County Police,Property Damage Crash,10/24/2019 12:39:00 PM,County,SECOND AVE,LINDEN LA,,N/A,,STRAIGHT MOVEMENT ANGLE,CLEAR,DRY,DAYLIGHT,TRAFFIC SIGNAL,NONE DETECTED,,7E9721DF-5A79-41F7-A59C-5C0B9C4329DA,Yes,NO APPARENT INJURY,"N/A, ROAD UNDER CONSTRUCTION/MAINTENANCE",LOOKED BUT DID NOT SEE,MD,91DF0250-3D04-41FF-A46B-CA98E942D393,DISABLING,TWELVE OCLOCK,PICKUP TRUCK,MOVING CONSTANT SPEED,South,35,No,No,2004,NISSAN,FRONTIER,39.00919167,-77.04393,"(39.00919167, -77.04393)"
MCP2436003N,170515502,Montgomery County Police,Property Damage Crash,06/24/2017 06:18:00 AM,Maryland (State),UNIVERSITY BLVD E,E FRANKLIN AVE,,N/A,,SAME DIRECTION SIDESWIPE,CLEAR,WET,DAWN,TRAFFIC SIGNAL,UNKNOWN,,D300CFDF-429E-46E2-8F5F-7D7C214BE8BE,Yes,NO APPARENT INJURY,"N/A, WET",UNKNOWN,XX,185A3C1F-393D-4F1F-8C7B-5685328CB696,DISABLING,ELEVEN OCLOCK,PASSENGER CAR,SLOWING OR STOPPING,West,40,No,No,2002,NISSAN,ALTIMA,39.01346833,-77.00349667,"(39.01346833, -77.00349667)"
MCP24360025,16056634,Montgomery County Police,Injury Crash,11/03/2016 08:29:00 AM,Maryland (State),UNIVERSITY BLVD E,SEEK LA,,N/A,,HEAD ON LEFT TURN,CLEAR,DRY,DAYLIGHT,NO CONTROLS,NONE DETECTED,,1D02DA70-BC98-4CEF-ACD8-A2A0E4EA5E65,No,POSSIBLE INJURY,N/A,NOT DISTRACTED,MD,F3948F8C-589F-45FE-95BF-D01962FBEE45,DISABLING,TWELVE OCLOCK,PASSENGER CAR,MOVING CONSTANT SPEED,West,40,No,No,2014,TOYOTA,COROLLA,38.99734167,-76.99343833,"(38.99734167, -76.99343833)"
MCP3173000S,190035713,Montgomery County Police,Property Damage Crash,07/27/2019 03:37:00 AM,,,,"PARKING GARGE 8101 FENTON STREET, SILVER SPRING, MD 20910",,,SAME DIR REAR END,CLEAR,,DARK LIGHTS ON,N/A,NONE DETECTED,,F78F82D1-7CAA-44F3-A7CA-A93CB085638C,Yes,NO APPARENT INJURY,N/A,LOOKED BUT DID NOT SEE,,F6F9B7F0-9CCD-4B53-86AC-AC9B0C30C118,SUPERFICIAL,SIX OCLOCK,PASSENGER CAR,BACKING,North,10,No,No,2013,FORD,MUST,38.99045471,-77.02427431,"(38.99045471, -77.02427431)"
MCP2598000T,16024583,Montgomery County Police,Property Damage Crash,05/17/2016 08:38:00 PM,Maryland (State),GEORGIA AVE,FOREST GLEN RD,,N/A,,STRAIGHT MOVEMENT ANGLE,RAINING,WET,DARK LIGHTS ON,TRAFFIC SIGNAL,NONE DETECTED,,3526E7A2-9851-4CA9-A445-60DDA53A306D,No,NO APPARENT INJURY,N/A,NOT DISTRACTED,MD,6B86AA67-B125-44D9-B8BB-938C23AB0519,SUPERFICIAL,TWELVE OCLOCK,PASSENGER CAR,MOVING CONSTANT SPEED,West,35,No,No,2013,NISSAN,ROGUE,39.016605,-77.04250667,"(39.016605, -77.04250667)"
MCP2931000G,15026952,Montgomery County Police,Injury Crash,06/03/2015 10:34:00 PM,County,SHADY GROVE RD,TRAVILLE  GATEWAY DR,,N/A,,SINGLE VEHICLE,CLEAR,WET,DARK -- UNKNOWN LIGHTING,N/A,ALCOHOL CONTRIBUTED,,2684D77D-EA96-431D-97C0-AAF9853CAA61,Yes,POSSIBLE INJURY,"N/A, WET",UNKNOWN,MD,EFA33220-EA52-4BD7-ABDB-E46A31BC825B,DESTROYED,TWELVE OCLOCK,PASSENGER CAR,MOVING CONSTANT SPEED,East,25,No,No,2011,MAZDA,MAZDA 3,39.05254167,-77.11778,"(39.05254167, -77.11778)"
MCP30300009,17016511,Montgomery County Police,Injury Crash,04/01/2017 01:24:00 AM,Maryland (State),ROCKVILLE PIKE,GROSVENOR LA,,N/A,,SAME DIR REAR END,RAINING,WET,DARK NO LIGHTS,N/A,N/A,,6226474D-CF25-4116-BDDB-586F441D0AA8,No,POSSIBLE INJURY,"N/A, SLEET, HAIL, FREEZ. RAIN",NOT DISTRACTED,MD,0B3740BC-3B15-4D09-8D7D-05EFCE4E7A42,SUPERFICIAL,SIX OCLOCK,PASSENGER CAR,MOVING CONSTANT SPEED,North,35,No,No,2013,TOYT,4D,39.01959005,-77.10202731,"(39.01959005, -77.10202731)"
MCP9390001D,190024549,Montgomery County Police,Property Damage Crash,05/23/2019 04:15:00 PM,Municipality,W DEER PARK RD,BRIGHTON DR,,GAITHERSBURG,,SAME DIRECTION LEFT TURN,RAINING,WET,DAYLIGHT,N/A,N/A,,FF2792B7-EEF7-468F-B0AC-7B4C66E22FDB,Yes,NO APPARENT INJURY,N/A,NOT DISTRACTED,MD,302F9F34-6E5B-4AD9-A36D-2471613C2104,DISABLING,TWELVE OCLOCK,PASSENGER CAR,MAKING U TURN,East,25,No,No,1999,HONDA,CIVIC,39.130695,-77.20130167,"(39.130695, -77.20130167)"
MCP9406003J,250004094,MONTGOMERY,Property Damage Crash,01/28/2025 07:53:00 PM,County Route,,NORVALE RD,,,,Other,Clear,Dry,Dark - Lighted,Traffic Control Signal,"Not Suspect of Alcohol Use, Not Suspect of Drug Use",,8EB34F92-8A4A-4837-B247-2FACB6E3F65B,No,No Apparent Injury,,Not Distracted,MD,1EC35914-8B06-4DFB-B0F5-ABCEAA93D391,Disabling,Twelve O Clock,Sport Utility Vehicle,Moving Constant Speed,Northbound,40,No,No,2011,CHEVROLET,SUBURBAN,39.09557099,-77.04445952,"(39.09557099, -77.04445952)"
MCP2339002H,170513095,Montgomery County Police,Property Damage Crash,06/11/2017 05:14:00 PM,County,MONTROSE RD,CHASE CROSSING CIR,,N/A,,ANGLE MEETS LEFT HEAD ON,N/A,DRY,DAYLIGHT,NO CONTROLS,NONE DETECTED,,92C2C3EC-7487-4244-AE85-D33C7DBE5199,Yes,NO APPARENT INJURY,N/A,LOOKED BUT DID NOT SEE,DC,7ADE01DE-16C4-4822-96C4-15D498ABE011,FUNCTIONAL,TWELVE OCLOCK,PASSENGER CAR,MAKING LEFT TURN,South,40,No,No,2011,FORD,FUSION,39.05305333,-77.119755,"(39.05305333, -77.119755)"
MCP3244002K,230034697,Montgomery County Police,Property Damage Crash,07/21/2023 07:14:00 AM,US (State),GEORGIA AVE,NW EASTERN AVE (DC MAINT),,N/A,,SAME DIR REAR END,CLEAR,DRY,DAYLIGHT,TRAFFIC SIGNAL,NONE DETECTED,,BB7AB16D-6017-4683-91E7-F6BFA98CF625,No,NO APPARENT INJURY,N/A,NOT DISTRACTED,DC,28F2E761-7A91-4548-AD43-60A731968A06,FUNCTIONAL,SIX OCLOCK,PASSENGER CAR,STOPPED IN TRAFFIC LANE,South,35,No,No,2021,NISSAN,451,38.98493552,-77.02668318,"(38.98493552, -77.02668318)"
MCP2877004Y,180011332,Montgomery County Police,Property Damage Crash,03/07/2018 09:00:00 AM,,,,8551 CAMERON ST. MONTGOMERY COUNTY PARKING GARAGE,,,OTHER,N/A,,DAYLIGHT,NO CONTROLS,NONE DETECTED,,F094567B-379D-45F6-B368-54228C7BDF1E,Yes,NO APPARENT INJURY,N/A,NOT DISTRACTED,MD,A02371D1-D80E-459E-B616-4796C4A8E498,SUPERFICIAL,SIX OCLOCK,PASSENGER CAR,BACKING,Unknown,10,No,No,2008,CHEVROLET,UPLANDER,38.99695329,-77.03078985,"(38.99695329, -77.03078985)"
MCP93650022,230063027,Montgomery County Police,Property Damage Crash,10/28/2023 09:13:00 AM,County,OLD COLUMBIA PIKE,BRIGGS CHANEY RD,,N/A,,SAME DIRECTION SIDESWIPE,N/A,DRY,DAYLIGHT,TRAFFIC SIGNAL,UNKNOWN,,654E35E7-8AEF-4FDB-8EB6-1E9FAC69633C,No,NO APPARENT INJURY,N/A,UNKNOWN,XX,47BCEAFD-87C2-4FBF-B5DE-F118C3569181,UNKNOWN,TWELVE OCLOCK,PICKUP TRUCK,MOVING CONSTANT SPEED,South,35,No,No,0,UNK,UNK,39.08474196,-76.95094744,"(39.08474196, -76.95094744)"
MCP3176001B,210013569,Montgomery County Police,Property Damage Crash,04/12/2021 03:35:00 AM,County,LINDEN LA,SECOND AVE,,N/A,,STRAIGHT MOVEMENT ANGLE,CLEAR,DRY,DARK LIGHTS ON,TRAFFIC SIGNAL,NONE DETECTED,,CB84A888-36F0-4CF6-8371-FBA0FF510509,No,NO APPARENT INJURY,N/A,NOT DISTRACTED,MD,342A1EE0-EE5C-404A-8C42-F3737AFF65E0,DISABLING,ELEVEN OCLOCK,PASSENGER CAR,MOVING CONSTANT SPEED,West,25,No,No,2020,FORD,ESCAPE,39.00944,-77.04406,"(39.00944, -77.04406)"
MCP3162002F,190024511,Montgomery County Police,Property Damage Crash,05/23/2019 01:00:00 PM,County,SPRING ST,SECOND AVE,,N/A,,HEAD ON LEFT TURN,CLEAR,DRY,DAYLIGHT,TRAFFIC SIGNAL,NONE DETECTED,,82B06166-D4E7-4542-8815-E404266ABB2B,No,NO APPARENT INJURY,N/A,NOT DISTRACTED,MD,4A5F4BE8-6E2A-4055-A42F-26FF296838BF,FUNCTIONAL,TWELVE OCLOCK,PASSENGER CAR,MOVING CONSTANT SPEED,West,25,No,No,2010,CHEVROLET,COBOLT,38.99800667,-77.03448333,"(38.99800667, -77.03448333)"
MCP2664004M,180058579,Montgomery County Police,Injury Crash,11/22/2018 08:29:00 PM,County,BRIGGS CHANEY RD,FIRESIDE DR,,N/A,,STRAIGHT MOVEMENT ANGLE,CLEAR,DRY,DARK LIGHTS ON,NO CONTROLS,ALCOHOL PRESENT,,390F3311-185A-4C91-A026-600F4AEB998B,Yes,NO APPARENT INJURY,N/A,UNKNOWN,MD,A9E322D0-2C22-4713-BCCC-FA385D3EA13F,DISABLING,ONE OCLOCK,PASSENGER CAR,MAKING LEFT TURN,West,35,No,No,2012,MERZ,G350,39.10061167,-76.97871,"(39.10061167, -76.97871)"
MCP32900027,230034915,Montgomery County Police,Property Damage Crash,07/22/2023 02:05:00 PM,Maryland (State),GEORGIA AVE,RAMP 3 FR IS 495 EB TO MD 97 NB,,N/A,,SAME DIR REAR END,CLEAR,DRY,DAYLIGHT,NO CONTROLS,NONE DETECTED,,AAB18CF3-C731-4693-AAB6-585F7FFA9DE5,No,NO APPARENT INJURY,N/A,NOT DISTRACTED,MD,015C1B01-D96C-4B84-829A-53AF1E504A77,FUNCTIONAL,SIX OCLOCK,PASSENGER CAR,STOPPED IN TRAFFIC LANE,North,35,No,No,2020,HOND,4S,39.0143279,-77.04209871,"(39.0143279, -77.04209871)"
DD5641001H,200044010,Rockville Police Departme,Property Damage Crash,11/07/2020 05:10:00 PM,,,,PARKING LOT OF 625 HUNGERFORD DR,,,SAME DIR REAR END,CLEAR,,DUSK,TRAFFIC SIGNAL,NONE DETECTED,,03FEFE29-C2FF-4126-8C76-F9C02920F0B3,Yes,NO APPARENT INJURY,N/A,INATTENTIVE OR LOST IN THOUGHT,MD,FA818B81-1820-40FB-95D2-CD275A161798,SUPERFICIAL,TWELVE OCLOCK,PASSENGER CAR,MOVING CONSTANT SPEED,West,15,No,No,2014,DODGE,CHALLENGER,39.09203887,-77.15301628,"(39.09203887, -77.15301628)"
MCP2302000K,240011653,MONTGOMERY,Injury Crash,03/11/2024 09:16:00 AM,Maryland (State) Route,CHERRY HILL RD,PROSPERITY DR,,,,Angle,Clear,Dry,Daylight,Traffic Control Signal,"Not Suspect of Alcohol Use, Not Suspect of Drug Use",,8DA33B6C-5D76-41FE-ADDF-423C8D04E959,Yes,No Apparent Injury,Failed to Yield Right-of-Way,Unknown,MD,81FBF1A7-376D-4CA7-BCC8-2FA658F8E063,Disabling,Five O Clock,Passenger Car,Turning Left,Westbound,40,No,No,2003,ACURA,TL,39.06194985,-76.96066282,"(39.06194985, -76.96066282)"
MCP2693003H,210009613,Montgomery County Police,Injury Crash,03/14/2021 08:34:00 PM,Maryland (State),GEORGIA AVE,HEATHFIELD RD,,N/A,,SAME DIR REAR END,CLEAR,DRY,DARK LIGHTS ON,TRAFFIC SIGNAL,NONE DETECTED,,363FFFDD-0689-4B09-9965-71A780BC826B,Yes,POSSIBLE INJURY,N/A,UNKNOWN,MD,2607A72C-88A3-4BD3-A016-AB2D10CFA9F9,DISABLING,TWELVE OCLOCK,PASSENGER CAR,MOVING CONSTANT SPEED,South,45,No,No,2013,NISSAN,TK,39.08763166,-77.07972194,"(39.08763166, -77.07972194)"
MCP29310017,16005481,Montgomery County Police,Property Damage Crash,02/02/2016 04:14:00 PM,County,TWINBROOK PKWY,BESLEY CT,,N/A,,SAME DIRECTION SIDESWIPE,CLEAR,DRY,DAYLIGHT,NO CONTROLS,N/A,,6A4ADE31-4A52-442A-8705-BAD04E69BF4D,Yes,NO APPARENT INJURY,N/A,LOOKED BUT DID NOT SEE,MD,F4B2DC0A-C88F-4045-8DF6-1320AD4DC570,SUPERFICIAL,ONE OCLOCK,(SPORT) UTILITY VEHICLE,MOVING CONSTANT SPEED,West,35,No,No,2013,CHEVY,TAHOE,39.06881833,-77.114105,"(39.06881833, -77.114105)"