Report Number,Local Case Number,Agency Name,ACRS Report Type,Crash Date/Time,Route Type,Road Name,Cross-Street Name,Off-Road Description,Municipality,Related Non-Motorist,Collision Type,Weather,Surface Condition,Light,Traffic Control,Driver Substance Abuse,Non-Motorist Substance Abuse,Person ID,Driver At Fault,Injury Severity,Circumstance,Driver Distracted By,Drivers License State,Vehicle ID,Vehicle Damage Extent,Vehicle First Impact Location,Vehicle Body Type,Vehicle Movement,Vehicle Going Dir,Speed Limit,Driverless Vehicle,Parked Vehicle,Vehicle Year,Vehicle Make,Vehicle Model,Latitude,Longitude,Location
MCP3052000L,170537167,Montgomery County Police,Injury Crash,10/17/2017 12:36:00 PM,Maryland (State),S FREDERICK RD,CENTRAL AVE,,N/A,,STRAIGHT MOVEMENT ANGLE,CLEAR,DRY,DAYLIGHT,STOP SIGN,NONE DETECTED,,68DA35D5-0804-4EF7-88F1-5218E00542E1,Yes,POSSIBLE INJURY,N/A,LOOKED BUT DID NOT SEE,MD,73A00404-DB95-4E3E-966C-54FE5B0E1EAB,DISABLING,TEN OCLOCK,PASSENGER CAR,MAKING LEFT TURN,East,35,No,No,2013,VOLKSWAGEN,JETTA,39.13046833,-77.18736,"(39.13046833, -77.18736)"
MCP3078003B,200024075,Montgomery County Police,Injury Crash,06/19/2020 09:00:00 PM,County,BLUHILL RD,CENTERHILL ST,,N/A,BICYCLIST,SAME DIRECTION SIDESWIPE,RAINING,WET,DUSK,STOP SIGN,UNKNOWN,NONE DETECTED,8A4081FF-F89D-49A1-B1B6-7049EACEA353,Yes,NO APPARENT INJURY,N/A,UNKNOWN,,52850C21-B68A-4875-BB2C-EA511AB16322,FUNCTIONAL,TEN OCLOCK,PASSENGER CAR,ACCELERATING,West,25,No,No,2001,NISSAN,TRUCK,39.05286,-77.069679,"(39.05286, -77.069679)"
MCP3090006V,230004988,Montgomery County Police,Injury Crash,01/31/2023 06:30:00 AM,County,WATKINS MILL RD,BEGIN BRIDGE,,N/A,,STRAIGHT MOVEMENT ANGLE,CLEAR,DRY,DAWN,TRAFFIC SIGNAL,N/A,,6C48819A-C5F0-42CC-994F-F709A99E37A3,Yes,NO APPARENT INJURY,N/A,LOOKED BUT DID NOT SEE,MD,0D1098B8-9174-4FAF-92B2-3E3799AC4C3C,DISABLING,TWELVE OCLOCK,PASSENGER CAR,MOVING CONSTANT SPEED,East,35,No,No,2016,CHEVY,MALIBU,39.15608783,-77.225679,"(39.15608783, -77.225679)"
MCP3145001T,190049641,Montgomery County Police,Injury Crash,10/16/2019 03:00:00 PM,County,RANDOLPH RD,LOCKSLEY LA,,N/A,,SAME DIR REAR END,RAINING,WET,DAYLIGHT,NO CONTROLS,N/A,,77BEF8EE-4B22-43E4-B966-C8E9870DD8B6,Yes,POSSIBLE INJURY,"RAIN, SNOW, WET",INATTENTIVE OR LOST IN THOUGHT,MD,0B1132A3-E5FE-4994-BAFB-0CE780F90CF6,DESTROYED,TWELVE OCLOCK,PASSENGER CAR,SLOWING OR STOPPING,West,40,No,No,2013,HYUN,4S,39.07186333,-77.01061833,"(39.07186333, -77.01061833)"
MCP289200G1,240013209,MONTGOMERY,Property Damage Crash,03/19/2024 05:53:00 PM,County Route,WOODSIDE PKWY,COLESVILLE RD,,,,"Sideswipe, Same Direction",Clear,Dry,Daylight,No Controls,"Not Suspect of Alcohol Use, Not Suspect of Drug Use",,1E0CFAAB-16BC-4CBA-9D8F-3BFD39E0A8A4,No,No Apparent Injury,,Not Distracted,MD,8BDA09C7-581A-415C-9369-908F602D7533,Superficial,One O Clock,Pickup,Moving Constant Speed,Northbound,35,No,,2019,FORD,F-150,39.00282348,-77.02439922,"(39.00282348, -77.02439922)"
MCP2878001Y,16041649,Montgomery County Police,Property Damage Crash,08/16/2016 09:07:00 PM,Maryland (State),RIDGE RD,BRINK RD,,N/A,,SAME DIR REAR END,FOGGY,DRY,DARK LIGHTS ON,TRAFFIC SIGNAL,NONE DETECTED,,F233807A-F58E-49F2-9CEA-4D02DC420BC1,No,NO APPARENT INJURY,N/A,NOT DISTRACTED,ON,46615D74-6C63-438F-B16C-766179707E64,DISABLING,SIX OCLOCK,(SPORT) UTILITY VEHICLE,SLOWING OR STOPPING,North,40,No,No,2009,HONDA,PILOT,39.20926272,-77.24010944,"(39.20926272, -77.24010944)"
MCP1575009V,190054887,Montgomery County Police,Property Damage Crash,11/14/2019 01:24:00 PM,Maryland (State),DARNESTOWN RD,MUDDY BRANCH RD,,N/A,,SAME DIR REAR END,CLEAR,DRY,DAYLIGHT,TRAFFIC SIGNAL,NONE DETECTED,,D3DDCB83-C987-4472-9193-4DE5F7A87457,No,NO APPARENT INJURY,N/A,NOT DISTRACTED,MD,893AC967-7857-43D8-8125-A013C87699C4,FUNCTIONAL,SIX OCLOCK,(SPORT) UTILITY VEHICLE,SLOWING OR STOPPING,East,40,No,No,2015,HOND,PILOT,39.10267167,-77.221175,"(39.10267167, -77.221175)"
MCP1438008G,190021825,Montgomery County Police,Property Damage Crash,05/09/2019 06:45:00 AM,Municipality,CHRISTOPHER AVE,FREDERICK RD,,N/A,,SAME DIR REAR END,CLOUDY,DRY,DAYLIGHT,TRAFFIC SIGNAL,NONE DETECTED,,3698D63C-8523-41A7-AACC-AA8712361224,Yes,NO APPARENT INJURY,N/A,NOT DISTRACTED,MD,52DDAA2F-357F-4E23-A206-32CD6F875728,DISABLING,TWELVE OCLOCK,PASSENGER CAR,STARTING FROM LANE,North,35,No,No,2005,HOND,4S,39.15607,-77.21594333,"(39.15607, -77.21594333)"
MCP10640051,16052834,Montgomery County Police,Injury Crash,10/14/2016 01:22:00 PM,Maryland (State),NEW HAMPSHIRE AVE,OAKVIEW DR,,N/A,,SAME DIR REAR END,CLEAR,DRY,DAYLIGHT,TRAFFIC SIGNAL,N/A,,92E3D901-C2DF-4C7D-A63B-6EA2EE615C21,No,POSSIBLE INJURY,N/A,NOT DISTRACTED,MD,765BC563-0608-40B1-8AF8-FC28D124BA10,FUNCTIONAL,SIX OCLOCK,VAN,SLOWING OR STOPPING,North,40,No,No,2001,FORD,VN,39.01311667,-76.978335,"(39.01311667, -76.978335)"
MCP3127002T,240001814,MONTGOMERY,Property Damage Crash,01/11/2024 01:15:00 AM,County Route,JONES BRIDGE RD,LYNBROOK DR,,,,Single Vehicle,Clear,Dry,Dark - Lighted,No Controls,"Not Suspect of Alcohol Use, Not Suspect of Drug Use",,2093D9E6-E90F-4910-9657-41F4824A94AC,Yes,No Apparent Injury,,Unknown,MD,5E0AEE6C-D184-4901-A6D6-41AA65D6BF71,Superficial,Five O Clock,Sport Utility Vehicle,Moving Constant Speed,Eastbound,35,No,No,2020,JEEP,GRAND CHEROKEE,38.99749765,-77.09007959,"(38.99749765, -77.09007959)"
MCP22980089,16018112,Montgomery County Police,Injury Crash,04/13/2016 04:49:00 PM,Maryland (State),GERMANTOWN RD,DAWSON FARM RD,,N/A,,STRAIGHT MOVEMENT ANGLE,CLEAR,DRY,DAYLIGHT,TRAFFIC SIGNAL,NONE DETECTED,,4A0578BB-9947-41AB-B459-9E3865321574,No,SUSPECTED MINOR INJURY,"N/A, VISION OBSTRUCTION (INCL. BLINDED BY SUN)",NOT DISTRACTED,MD,4954F730-25BE-476A-8AD7-5AC5056D5D0A,FUNCTIONAL,EIGHT OCLOCK,PASSENGER CAR,MAKING LEFT TURN,East,40,No,No,2014,CHEVY,SONIC,39.17137333,-77.27747167,"(39.17137333, -77.27747167)"
DM84630009,170539655,Takoma Park Police Depart,Injury Crash,10/29/2017 02:20:00 PM,Municipality,MAPLE AVE,SHERMAN AVE,,TAKOMA PARK,,STRAIGHT MOVEMENT ANGLE,RAINING,WET,DAYLIGHT,STOP SIGN,NONE DETECTED,,7C7F94FF-2D29-4045-BC77-A83B220EA41A,No,NO APPARENT INJURY,"RAIN, SNOW, WET",NOT DISTRACTED,VA,5500E96E-F40A-44BA-A606-B0027FCD655A,DISABLING,ONE OCLOCK,PASSENGER CAR,MOVING CONSTANT SPEED,South,25,No,No,2013,TOYOTA,CAMRY,38.98299267,-77.00712338,"(38.98299267, -77.00712338)"
MCP2008008L,210022901,Montgomery County Police,Injury Crash,06/15/2021 04:53:00 PM,Maryland (State),ROCKVILLE PIKE,TUCKERMAN LA,,N/A,,SAME DIR REAR END,CLEAR,DRY,DAYLIGHT,TRAFFIC SIGNAL,NONE DETECTED,,8DFFE98C-346D-4190-82D8-D1D59F799E0D,Yes,NO APPARENT INJURY,N/A,ADJUSTING AUDIO AND OR CLIMATE CONTROLS,MD,3823AE52-BDF1-4EED-83AF-15516BB6EDF7,FUNCTIONAL,TWELVE OCLOCK,PASSENGER CAR,MOVING CONSTANT SPEED,South,40,No,No,2001,HOND,ACCORD,39.02414667,-77.10322,"(39.02414667, -77.10322)"
MCP15530019,15004184,Montgomery County Police,Injury Crash,01/26/2015 02:53:00 PM,County,ELDRID DR,JOHNSON AVE,,N/A,PEDESTRIAN,OTHER,SNOW,SNOW,DAYLIGHT,N/A,NONE DETECTED,NONE DETECTED,2C15C032-4A70-47F8-A4B1-50C870EC066B,Yes,NO APPARENT INJURY,"ICY OR SNOW-COVERED, RAIN, SNOW, WET",NOT DISTRACTED,MD,BE13D2DD-B63A-475E-8B9B-3B658C1DB29B,SUPERFICIAL,ELEVEN OCLOCK,PASSENGER CAR,PASSING,East,25,No,No,2012,TOYOTA,COROLLA,39.066665,-76.99651167,"(39.066665, -76.99651167)"
MCP2755000P,16033458,Montgomery County Police,Property Damage Crash,07/02/2016 03:48:00 AM,,,,PARKING LOT COMPLEX,,,OTHER,CLEAR,,DARK -- UNKNOWN LIGHTING,NO CONTROLS,UNKNOWN,,0B4C709E-2D9F-4A51-99A0-5B9952056581,Yes,NO APPARENT INJURY,N/A,UNKNOWN,MD,4704C5BB-CD67-490C-B193-2F1C441B29FF,UNKNOWN,TWELVE OCLOCK,PASSENGER CAR,MOVING CONSTANT SPEED,East,20,No,No,1993,JEEP,GRAND CHEROKEE,39.08994675,-77.06915617,"(39.08994675, -77.06915617)"
MCP2727002V,240032725,MONTGOMERY,Property Damage Crash,07/11/2024 10:31:00 AM,Maryland (State) Route,CONNECTICUT AVE (SB/L),CULVER ST,,,,Angle,Clear,Dry,Daylight,No Controls,"Not Suspect of Alcohol Use, Not Suspect of Drug Use",,8D14CC94-9056-4B3B-908E-DCB380A13275,No,No Apparent Injury,,Not Distracted,MD,F773870F-664B-4B64-B5A1-4D9449AF966F,Functional,Twelve O Clock,Sport Utility Vehicle,Moving Constant Speed,Southbound,35,No,No,2013,HONDA,CR-V,39.00932246,-77.08090745,"(39.00932246, -77.08090745)"
MCP2411001V,180002730,Montgomery County Police,Injury Crash,01/17/2018 05:00:00 PM,Maryland (State),NORBECK RD,E GUDE DR,,ROCKVILLE,,SAME DIR REAR END,CLEAR,DRY,DUSK,NO CONTROLS,NONE DETECTED,,312E46EA-9B84-4F36-B8A3-EB04AF43DCDA,No,NO APPARENT INJURY,N/A,NOT DISTRACTED,MD,77C0DD9C-6855-4322-B32A-30F31A299F4F,FUNCTIONAL,SIX OCLOCK,PASSENGER CAR,STOPPED IN TRAFFIC LANE,West,50,No,No,2003,MERCEDES,4MATIC,39.09068667,-77.12796333,"(39.09068667, -77.12796333)"
MCP2766001V,15054559,MONTGOMERY,Property Damage Crash,10/27/2015 04:20:00 PM,County,ASPEN HILL RD,GEORGIA AVE,,N/A,,HEAD ON LEFT TURN,CLOUDY,DRY,DAYLIGHT,NO CONTROLS,NONE DETECTED,,9482FF1A-8705-4F6D-93C5-BBA4D6A34F0A,Yes,NO APPARENT INJURY,N/A,LOOKED BUT DID NOT SEE,VA,C4548D6B-C8CD-45F6-8688-01B6E04F31D5,DISABLING,TWO OCLOCK,PASSENGER CAR,MAKING LEFT TURN,North,35,No,No,2013,FORD,FOCUS,39.08097333,-77.07768833,"(39.08097333, -77.07768833)"
MCP289200GD,240031111,MONTGOMERY,Injury Crash,07/01/2024 07:02:00 PM,County Route,,,,,Pedestrian,Single Vehicle,Clear,Dry,Daylight,No Controls,"Unknown, Unknown","Not Suspect of Alcohol Use, Not Suspect of Drug Use",8D7EA0DA-E649-47EF-AA61-068372938907,No,No Apparent Injury,,,,37B9C019-DD3E-478F-9D12-F9A27363B2A2,Superficial,Two O Clock,Passenger Car,Moving Constant Speed,Westbound,30,No,No,0,,,39.01581641,-77.03994642,"(39.01581641, -77.03994642)"
MCP3256002R,230073573,Montgomery County Police,Injury Crash,12/25/2023 06:26:00 PM,US (State),COLUMBIA PIKE,FAIRLAND RD,,N/A,,SAME DIR REAR END,CLEAR,DRY,DARK LIGHTS ON,TRAFFIC SIGNAL,NONE DETECTED,,5121A894-8A45-4AFA-876D-55E06229B0D9,No,NO APPARENT INJURY,N/A,NOT DISTRACTED,MD,2077DD69-7664-48A7-91A4-00E586DE972B,FUNCTIONAL,SIX OCLOCK,PASSENGER CAR,STOPPED IN TRAFFIC LANE,North,55,No,No,2018,HONDA,CIVIC,39.0724857,-76.95610047,"(39.0724857, -76.95610047)"
MCP3198001J,200007359,Montgomery County Police,Property Damage Crash,02/13/2020 03:28:00 PM,Maryland (State),GEORGIA AVE,REEDIE DR,,N/A,,SAME DIRECTION SIDESWIPE,CLOUDY,WET,DAYLIGHT,TRAFFIC SIGNAL,NONE DETECTED,,3074F730-49AF-4DCB-90C3-3A7D9D87A057,Yes,NO APPARENT INJURY,"N/A, WET",INATTENTIVE OR LOST IN THOUGHT,MD,6553B7DB-B8DD-485E-A928-FDD59953D694,SUPERFICIAL,FOUR OCLOCK,"MEDIUM/HEAVY TRUCKS 3 AXLES (OVER 10,000LBS (4,536KG))",MOVING CONSTANT SPEED,South,25,No,No,2013,RAM,4500,39.03915167,-77.05094167,"(39.03915167, -77.05094167)"
DM8492001H,230067301,Takoma Park Police Depart,Injury Crash,11/19/2023 09:01:00 PM,Maryland (State),ETHAN ALLEN AVE,JACKSON AVE,,TAKOMA PARK,PEDESTRIAN,SINGLE VEHICLE,CLEAR,DRY,DARK LIGHTS ON,STOP SIGN,N/A,N/A,039FF151-2EC3-45BE-A7BC-6D39BAED6E1A,Yes,NO APPARENT INJURY,N/A,UNKNOWN,MD,D20939C7-C797-4E9A-BF04-375D326AF87C,NO DAMAGE,TWELVE OCLOCK,PASSENGER CAR,ACCELERATING,East,25,No,No,2018,TOYOTA,UT,38.97797936,-77.00163372,"(38.97797936, -77.00163372)"
MCP3114001G,190043952,Montgomery County Police,Injury Crash,09/13/2019 09:13:00 PM,Maryland (State),SPENCERVILLE RD,LIONS DEN RD,,N/A,,HEAD ON,CLEAR,DRY,DARK LIGHTS ON,N/A,UNKNOWN,,FA1DD244-41C2-4276-8C46-D5F833CA4342,Unknown,NO APPARENT INJURY,N/A,UNKNOWN,,944652B5-92E8-4D31-B7A2-8F02F7BD821E,UNKNOWN,TEN OCLOCK,,UNKNOWN,East,40,No,No,0,UNKNOWN,UNKNOWN,39.10914333,-76.94694,"(39.10914333, -76.94694)"
MCP94040020,180055601,Montgomery County Police,Property Damage Crash,11/06/2018 07:19:00 AM,County,OAKMONT AVE,SHADY GROVE RD,,N/A,,SAME DIR REND RIGHT TURN,RAINING,WET,DAYLIGHT,TRAFFIC SIGNAL,NONE DETECTED,,365704CB-CBBA-48EA-8B12-AEBAE5C282D6,No,NO APPARENT INJURY,"RAIN, SNOW, WET",NOT DISTRACTED,MD,7349ABD4-43B1-4F12-B2CE-DE7996AC7AE6,DISABLING,SIX OCLOCK,PASSENGER CAR,MAKING RIGHT TURN,North,35,No,No,2004,MAZD,4S,39.12655333,-77.17373667,"(39.12655333, -77.17373667)"
MCP2863003G,240059949,MONTGOMERY,Property Damage Crash,12/15/2024 05:15:00 PM,County Route,WASHINGTON GROVE LA (SB/L),,,,,Front to Front,Freezing Rain Or Freezing Drizzle,Wet,Dark - Not Lighted,Traffic Control Signal,"Not Suspect of Alcohol Use, Not Suspect of Drug Use",,CEEE6EFC-4A36-4ADC-A70B-02B288F69D55,No,No Apparent Injury,,Not Distracted,MD,3D439C34-3356-493A-B16F-6DB1EB3A276E,Functional,Eleven O Clock,Passenger Car,Stopped in Traffic,Westbound,25,No,No,2023,SUBARU,WRX,39.1473672,-77.16932973,"(39.1473672, -77.16932973)"
EJ7865005H,200004213,Gaithersburg Police Depar,Property Damage Crash,01/25/2020 07:30:00 PM,,,,PL OF 40 MARKET ST.,,,HEAD ON,CLEAR,,DARK LIGHTS ON,NO CONTROLS,NONE DETECTED,,16BF4B92-563C-48F7-B521-6AA7209A3E33,No,NO APPARENT INJURY,N/A,NOT DISTRACTED,MD,2D1D0833-0E16-40C5-9B82-4706AB1AD74C,SUPERFICIAL,SIX OCLOCK,PASSENGER CAR,BACKING,East,5,No,No,2009,TOYOTA,4D,39.12464,-77.23607667,"(39.12464, -77.23607667)"
MCP21870018,220050689,Montgomery County Police,Property Damage Crash,11/16/2022 02:40:00 PM,County,MUDDY BRANCH RD,SCHOOL DR,,GAITHERSBURG,,HEAD ON LEFT TURN,CLOUDY,N/A,DAYLIGHT,NO CONTROLS,NONE DETECTED,,1E84A0D7-1E9F-434C-B285-30827F24E82D,Yes,NO APPARENT INJURY,N/A,LOOKED BUT DID NOT SEE,MD,8F6760E7-392C-43B7-993D-235F8CD56A3E,FUNCTIONAL,THREE OCLOCK,PASSENGER CAR,MAKING LEFT TURN,East,45,No,No,2014,CHEVY,EXPRESS,39.117575,-77.21667667,"(39.117575, -77.21667667)"
MCP3130004J,220010695,Montgomery County Police,Injury Crash,03/12/2022 12:24:00 PM,Maryland (State),GEORGIA AVE,HEATHFIELD RD,,N/A,,STRAIGHT MOVEMENT ANGLE,SNOW,WET,DAYLIGHT,TRAFFIC SIGNAL,NONE DETECTED,,59AB38ED-06A2-487E-92B6-6DABA67007B1,Yes,NO APPARENT INJURY,"ICY OR SNOW-COVERED, SLEET, HAIL, FREEZ. RAIN",NOT DISTRACTED,MD,130EE9FD-3410-4C85-9F1D-67BD3A2D6869,DISABLING,TWELVE OCLOCK,PASSENGER CAR,MOVING CONSTANT SPEED,South,35,No,No,2004,TOYT,COROLLA,39.08754333,-77.07992833,"(39.08754333, -77.07992833)"
MCP32940025,240020787,MONTGOMERY,Property Damage Crash,05/03/2024 02:00:00 PM,County Route,MONTGOMERY VILLAGE AVE,,,,,"Sideswipe, Same Direction",Clear,Dry,Daylight,Traffic Control Signal,"Not Suspect of Alcohol Use, Not Suspect of Drug Use",,CA107239-663C-407A-94D5-F7D3AAF956B4,Yes,No Apparent Injury,,Not Distracted,MD,573494B6-ADA4-40CB-9188-91FC20A3D582,Functional,Three O Clock,Other,Turning Right,Northbound,35,No,No,2018,FORD,TRANSIT,39.17300767,-77.20352383,"(39.17300767, -77.20352383)"
MCP2892008B,200018113,Montgomery County Police,Property Damage Crash,05/03/2020 10:40:00 PM,,,,"PARKING GARAGE LOCATED AT 1100 WAYNE AVENUE SILVER SPRING, MD 20910",,,OPPOSITE DIRECTION SIDESWIPE,N/A,,DARK LIGHTS ON,N/A,NONE DETECTED,,933E6047-6DB2-4E99-A7EF-92756ECCD121,No,NO APPARENT INJURY,N/A,NOT DISTRACTED,MD,64D0B1D1-2DF7-4A55-813F-858138FE92B9,SUPERFICIAL,ONE OCLOCK,POLICE VEHICLE/NON EMERGENCY,PARKED,,0,No,Yes,2012,DODGE,CHARGER,38.99388167,-77.02847333,"(38.99388167, -77.02847333)"
EJ7856008R,200039275,Gaithersburg Police Depar,Injury Crash,10/06/2020 04:51:00 AM,Maryland (State),QUINCE ORCHARD RD,ENT TO PARK & RIDE,,N/A,,STRAIGHT MOVEMENT ANGLE,CLEAR,DRY,DARK LIGHTS ON,FLASHING TRAFFIC SIGNAL,N/A,,4A3F8964-9ED2-499E-BFD8-F6D200CAAB4D,Yes,NO APPARENT INJURY,N/A,UNKNOWN,MD,817A40BB-AE43-4285-8A57-A4CD12A40080,FUNCTIONAL,TWELVE OCLOCK,VAN,ENTERING TRAFFIC LANE,South,35,No,No,2009,GMC,SAVANA,39.14821587,-77.21798737,"(39.14821587, -77.21798737)"
MCP2464003D,240041824,MONTGOMERY,Property Damage Crash,09/03/2024 07:45:00 PM,Maryland (State) Route,PINEY BRANCH RD,,,,,"Sideswipe, Same Direction",Clear,Dry,Dusk,Traffic Control Signal,"Unknown, Not Suspect of Drug Use",,FC56E601-FB31-4550-9AFD-C86CB3FAA5E3,No,No Apparent Injury,,Not Distracted,MD,CCD022B4-5B81-4893-9C61-71BCA9152872,Functional,Nine O Clock,Passenger Car,Stopped in Traffic,Northbound,30,No,No,2002,HONDA,CIVIC,38.99820943,-77.00387247,"(38.99820943, -77.00387247)"
MCP3017001K,210012266,Montgomery County Police,Injury Crash,04/01/2021 11:50:00 PM,County,SNOUFFERS SCHOOL RD,WOODFIELD RD,,N/A,,HEAD ON LEFT TURN,CLEAR,N/A,DARK LIGHTS ON,TRAFFIC SIGNAL,N/A,,CB98B5E2-0F7C-4E6E-80AC-9E2AE262F8A0,No,NO APPARENT INJURY,N/A,NOT DISTRACTED,MD,76B4E2E8-D7F8-4C04-B950-0A1C57F41A08,DISABLING,TWELVE OCLOCK,PICKUP TRUCK,MOVING CONSTANT SPEED,East,35,No,No,2015,FORD,TK,39.15887833,-77.16015833,"(39.15887833, -77.16015833)"
MCP204600D9,230009338,Montgomery County Police,Property Damage Crash,02/24/2023 03:49:00 PM,County,FRANKLIN AVE,WIRE AVE,,N/A,,SAME DIRECTION LEFT TURN,CLEAR,DRY,DAYLIGHT,NO CONTROLS,NONE DETECTED,,E6E32526-1F44-49AC-931A-B41C784A500D,No,NO APPARENT INJURY,N/A,NOT DISTRACTED,MD,80B4C3D1-ABB6-4761-88AC-D8F6848B7AE8,SUPERFICIAL,ONE OCLOCK,AMBULANCE/EMERGENCY,MOVING CONSTANT SPEED,West,30,No,No,2016,FRHT,AMBULANCE,39.00992067,-77.01059733,"(39.00992067, -77.01059733)"
MCP0487000R,16015095,MONTGOMERY,Property Damage Crash,03/28/2016 07:18:00 AM,Maryland (State),OLNEY LAYTONSVILLE RD,MUNCASTER RD,,N/A,,SINGLE VEHICLE,RAINING,WET,DAWN,TRAFFIC SIGNAL,NONE DETECTED,,FEFFA9F6-13E3-4549-B43B-0B7688551925,Yes,NO APPARENT INJURY,"RAIN, SNOW, WET",LOOKED BUT DID NOT SEE,MD,948CCBF2-9984-49FC-A053-41961FB55F36,DISABLING,ELEVEN OCLOCK,PASSENGER CAR,MOVING CONSTANT SPEED,West,45,No,No,2015,TOYOTA,CAMRY,39.18379333,-77.11186,"(39.18379333, -77.11186)"
MCP2361002K,230029314,Montgomery County Police,Property Damage Crash,06/18/2023 05:34:00 PM,,,,PARKING LOT OF 18701 MONTGOMERY VILLAGE AVE,,,SAME DIRECTION SIDESWIPE,CLEAR,,DAYLIGHT,NO CONTROLS,NONE DETECTED,,FFF279F7-4859-472E-B896-2610B14EAFA2,No,NO APPARENT INJURY,N/A,NOT DISTRACTED,ND,1A307D18-07AA-43B1-B795-F496F87FFD89,SUPERFICIAL,THREE OCLOCK,PASSENGER CAR,PARKED,,0,No,Yes,2005,TOYOTA,COROLLA,39.16248,-77.20157333,"(39.16248, -77.20157333)"
MCP2917000N,15034842,MONTGOMERY,Property Damage Crash,07/15/2015 07:58:00 PM,County,HOLDRIDGE RD,GOULD RD,,N/A,,SINGLE VEHICLE,CLEAR,DRY,DAYLIGHT,STOP SIGN,NONE DETECTED,,221F8859-EAD0-4EB9-8F07-D38F3FE6F003,Yes,NO APPARENT INJURY,N/A,BY MOVING OBJECT IN VEHICLE,MD,636A93AD-E51E-4551-BB65-D12FEE3B8037,FUNCTIONAL,TWELVE OCLOCK,"CARGO VAN/LIGHT TRUCK 2 AXLES (OVER 10,000LBS (4,536 KG))",MAKING LEFT TURN,West,30,No,No,1996,TOYOATA,TACOMA,39.06568833,-77.06217667,"(39.06568833, -77.06217667)"
MCP3192005D,240042299,MONTGOMERY,Property Damage Crash,09/06/2024 03:06:00 PM,Maryland (State) Route,UNIVERSITY BLVD W,,,,,Front to Rear,Clear,Dry,Daylight,No Controls,"Not Suspect of Alcohol Use, Not Suspect of Drug Use",,68795521-A7D0-4DD9-A069-973803C99F37,Yes,No Apparent Injury,"Followed Too Closely, Too Fast For Conditions",Unknown,,9CF9A2D8-1791-44DC-BFCA-BFABBC3094F1,Functional,Twelve O Clock,Passenger Car,Moving Constant Speed,Eastbound,35,No,No,2006,HONDA,ODYSSEY,39.02879346,-77.02304503,"(39.02879346, -77.02304503)"
EJ7903002P,250001186,GAITHERSBURG,Property Damage Crash,01/09/2025 07:50:00 PM,Maryland (State) Route,FREDERICK RD,,,,,Angle,Clear,Dry,Dark - Lighted,Traffic Control Signal,"Not Suspect of Alcohol Use, Not Suspect of Drug Use",,3FFFBEB0-8089-4767-847E-27FB0DB1433A,No,No Apparent Injury,,Not Distracted,MD,31FFAAB3-2183-4B23-84E9-D42D78FECEAC,Disabling,Twelve O Clock,Passenger Car,Moving Constant Speed,Northbound,35,No,No,2018,AUDI,A5,39.14611033,-77.20417337,"(39.14611033, -77.20417337)"
MCP3312002P,230003851,Montgomery County Police,Property Damage Crash,01/24/2023 08:30:00 AM,County,OLD COLUMBIA PIKE,SPUR TO FAIRLAND RD,,N/A,,STRAIGHT MOVEMENT ANGLE,CLEAR,DRY,DAYLIGHT,NO CONTROLS,NONE DETECTED,,479B8AC7-ECD4-48F9-874C-DB21CD2BC590,No,NO APPARENT INJURY,N/A,NOT DISTRACTED,MD,6BA0F7BD-3980-4AA4-8040-CDAAB85C7440,DISABLING,ONE OCLOCK,PASSENGER CAR,MOVING CONSTANT SPEED,South,35,No,No,2013,HOND,TK,39.076585,-76.95752667,"(39.076585, -76.95752667)"
MCP2692000S,16064593,Montgomery County Police,Property Damage Crash,12/16/2016 07:15:00 PM,Maryland (State),UNIVERSITY BLVD W,AMHERST AVE,,N/A,,SAME DIR REAR END,CLEAR,DRY,DARK LIGHTS ON,TRAFFIC SIGNAL,ALCOHOL PRESENT,,C3DB8A9B-6908-4AC3-B74E-B31FE32D4E77,Yes,NO APPARENT INJURY,N/A,UNKNOWN,MD,BC02CA68-75B8-4EFE-A28F-FB33EDA267C6,SUPERFICIAL,TWELVE OCLOCK,PASSENGER CAR,SLOWING OR STOPPING,West,40,No,No,2007,ACURA,PC,39.041165,-77.04835167,"(39.041165, -77.04835167)"
MCP271700G3,180008167,Montgomery County Police,Property Damage Crash,02/16/2018 12:10:00 PM,Maryland (State),ROCKVILLE PIKE,MARINELLI RD,,N/A,,SAME DIRECTION SIDESWIPE,RAINING,WET,DAYLIGHT,NO CONTROLS,NONE DETECTED,,279AD75A-43F8-4382-9304-9E04A44D33B7,Yes,NO APPARENT INJURY,"N/A, WET",UNKNOWN,MD,278D4E3B-5E97-4614-8751-50F0C4DC9DCC,SUPERFICIAL,ELEVEN OCLOCK,PASSENGER CAR,CHANGING LANES,South,40,No,No,2015,CHEVROLET,MALIBU,39.0479575,-77.1135675,"(39.0479575, -77.1135675)"
MCP1119005N,180039013,Montgomery County Police,Injury Crash,08/06/2018 03:35:00 PM,County,PEACH ORCHARD RD,HOLLY SPRING DR,,N/A,,SINGLE VEHICLE,CLEAR,DRY,DAYLIGHT,N/A,NONE DETECTED,,E85AC166-CB0E-47E5-9F54-075FA333E292,Yes,NO APPARENT INJURY,N/A,NOT DISTRACTED,MD,23F7045B-6AA7-41AA-83D3-DD3F9E4A2A1D,FUNCTIONAL,ONE OCLOCK,OTHER BUS,MOVING CONSTANT SPEED,North,30,No,No,2010,FORD,F350,39.09899374,-76.96467876,"(39.09899374, -76.96467876)"