Report Number,Local Case Number,Agency Name,ACRS Report Type,Crash Date/Time,Route Type,Road Name,Cross-Street Name,Off-Road Description,Municipality,Related Non-Motorist,Collision Type,Weather,Surface Condition,Light,Traffic Control,Driver Substance Abuse,Non-Motorist Substance Abuse,Person ID,Driver At Fault,Injury Severity,Circumstance,Driver Distracted By,Drivers License State,Vehicle ID,Vehicle Damage Extent,Vehicle First Impact Location,Vehicle Body Type,Vehicle Movement,Vehicle Going Dir,Speed Limit,Driverless Vehicle,Parked Vehicle,Vehicle Year,Vehicle Make,Vehicle Model,Latitude,Longitude,Location
MCP32630034,230012157,Montgomery County Police,Property Damage Crash,03/12/2023 09:22:00 PM,Maryland (State),ROCKVILLE PIKE,TUCKERMAN LA,,N/A,,SAME DIR REAR END,RAINING,WET,DARK LIGHTS ON,TRAFFIC SIGNAL,ALCOHOL PRESENT,,DA52C432-DEDF-467F-B7F0-CDF995781FEB,Yes,NO APPARENT INJURY,"N/A, WET",LOOKED BUT DID NOT SEE,MD,626C81AF-9D86-4599-85C6-DFB6B500E9E8,SUPERFICIAL,TWELVE OCLOCK,PASSENGER CAR,MOVING CONSTANT SPEED,South,45,No,No,2014,HONDA,CIVIC,39.03085333,-77.105365,"(39.03085333, -77.105365)"
MCP13430005,210000777,Montgomery County Police,Injury Crash,01/07/2021 08:36:00 AM,County,CLARKSBURG RD,FREDERICK RD,,N/A,,SAME DIR REAR END,CLEAR,DRY,DAYLIGHT,TRAFFIC SIGNAL,NONE DETECTED,,66384166-8B54-4E3A-B0D5-C49DCE6EC781,Yes,NO APPARENT INJURY,N/A,LOOKED BUT DID NOT SEE,MD,66C6ABA5-0F69-4F1E-AC75-3A6F0EEAAE5A,DISABLING,TWELVE OCLOCK,PASSENGER CAR,SLOWING OR STOPPING,West,35,No,No,2017,VOLKSWAGON,GOLF,39.23352667,-77.28305833,"(39.23352667, -77.28305833)"
MCP29670051,230073009,Montgomery County Police,Property Damage Crash,12/21/2023 06:07:00 PM,Maryland (State),CONNECTICUT AVE,JONES BRIDGE RD,,N/A,,SAME DIR REAR END,CLEAR,DRY,DARK LIGHTS ON,TRAFFIC SIGNAL,ILLEGAL DRUG PRESENT,,FBB4A9B0-B4A8-42E2-A266-5148753F6C88,Yes,NO APPARENT INJURY,N/A,NOT DISTRACTED,MD,F6CA9346-3CE9-4B04-B3D0-1D510D2A34FE,SUPERFICIAL,TWELVE OCLOCK,PASSENGER CAR,SLOWING OR STOPPING,North,35,No,No,2007,TOYOTA,COROLLA,38.9992735,-77.07684383,"(38.9992735, -77.07684383)"
MCP31930012,200007587,Montgomery County Police,Property Damage Crash,02/14/2020 06:05:00 PM,County,ARCOLA AVE,GEORGIA AVE,,N/A,,SAME DIRECTION SIDESWIPE,CLEAR,DRY,DARK LIGHTS ON,TRAFFIC SIGNAL,NONE DETECTED,,10D47AC5-977E-4DE5-BF01-B3278DBE6352,No,NO APPARENT INJURY,N/A,NOT DISTRACTED,MD,661AAE26-67DD-4649-810A-C304277AE482,FUNCTIONAL,TWO OCLOCK,PASSENGER CAR,MAKING LEFT TURN,South,25,No,No,2013,FORD,VN,39.04678117,-77.05205367,"(39.04678117, -77.05205367)"
MCP91300099,200006732,Montgomery County Police,Injury Crash,02/10/2020 09:58:00 AM,Maryland (State),UNIVERSITY BLVD E,MERRIMAC DR,,N/A,,SAME DIR REAR END,RAINING,WET,DAYLIGHT,NO CONTROLS,NONE DETECTED,,FFBC46D7-1E5B-4C7A-A1E6-8A43ABCBEEE5,Yes,NO APPARENT INJURY,N/A,LOOKED BUT DID NOT SEE,VA,0BDBFE84-D238-4C42-8D07-E4B9F095AC60,NO DAMAGE,SIX OCLOCK,"CARGO VAN/LIGHT TRUCK 2 AXLES (OVER 10,000LBS (4,536 KG))",BACKING,East,40,No,No,2015,FORD,F450,38.99272278,-76.99138727,"(38.99272278, -76.99138727)"
MCP2617006S,190002510,Montgomery County Police,Injury Crash,01/16/2019 03:30:00 PM,Maryland (State),VEIRS MILL RD,VALLEYWOOD DR,,N/A,,SAME DIR REAR END,CLOUDY,WET,DAYLIGHT,NO CONTROLS,NONE DETECTED,,CE0AB018-D732-4BAB-B675-341315D85D92,No,NO APPARENT INJURY,N/A,NOT DISTRACTED,MD,B66485D6-97B0-48C5-BBA9-DC74A6EAF873,FUNCTIONAL,TWELVE OCLOCK,PASSENGER CAR,SLOWING OR STOPPING,West,40,No,No,2004,TOYOTA,TAKOMA,39.04951333,-77.07059333,"(39.04951333, -77.07059333)"
MCP1433000W,17006710,Montgomery County Police,Injury Crash,02/07/2017 04:27:00 PM,Municipality,E GUDE DR,REDGATE FARMS CT,,N/A,,SAME DIR REND LEFT TURN,CLEAR,DRY,DAYLIGHT,NO CONTROLS,NONE DETECTED,,607D12F1-DE33-4BBB-A065-48E99229213F,No,NO APPARENT INJURY,N/A,NOT DISTRACTED,MD,B0712D41-F5EC-480C-B08C-107E82D8A316,DISABLING,SIX OCLOCK,PASSENGER CAR,MAKING LEFT TURN,East,35,No,No,2013,HONDA,CIVIC,39.091342,-77.130471,"(39.091342, -77.130471)"
MCP3299004M,250018147,MONTGOMERY,Property Damage Crash,04/26/2025 02:01:00 PM,Maryland (State) Route,GEORGIA AVE (SB/L),,,,,Front to Rear,Clear,Dry,Daylight,No Controls,"Not Suspect of Alcohol Use, Not Suspect of Drug Use",,0C908F5A-FC80-4DB1-8575-A195737FC3A6,Yes,No Apparent Injury,,Unknown,MD,6CC1BC54-0A7B-4A96-B615-3E2B8A4031A4,Functional,Twelve O Clock,Passenger Car,Changing Lanes,Southbound,40,No,No,2010,HYUNDAI,SONATA,39.1285745,-77.07163217,"(39.1285745, -77.07163217)"
EJ7781002Z,210019181,Gaithersburg Police Depar,Property Damage Crash,05/21/2021 11:00:00 AM,,,,REAR P/L 226 E DIAMOND AVE,,,OTHER,CLEAR,,DAYLIGHT,NO CONTROLS,NONE DETECTED,,5C264167-CBF1-4557-AE1C-8F662876640E,Yes,NO APPARENT INJURY,N/A,NOT DISTRACTED,MD,5D18DFFB-FF65-4662-94E0-EED5EA75FB44,SUPERFICIAL,SIX OCLOCK,PASSENGER CAR,BACKING,West,15,No,No,2013,FORD,EXPLORER,39.1426341,-77.1939527,"(39.1426341, -77.1939527)"
MCP94280039,210019339,Montgomery County Police,Injury Crash,05/22/2021 11:19:00 AM,Maryland (State),RIDGE RD,HAWKES RD,,N/A,,SAME DIR REAR END,N/A,DRY,DAYLIGHT,NO CONTROLS,NONE DETECTED,,D3776269-6CA7-4D33-AAF6-CD064911D2D6,Yes,POSSIBLE INJURY,N/A,LOOKED BUT DID NOT SEE,MD,EECCCD43-7CBC-41B1-9940-36DD917C06CD,DISABLING,TWELVE OCLOCK,(SPORT) UTILITY VEHICLE,MOVING CONSTANT SPEED,North,40,No,No,2019,TOYOTA,HIGHLANDER,39.247255,-77.23387667,"(39.247255, -77.23387667)"
MCP30770015,180065365,Montgomery County Police,Property Damage Crash,12/31/2018 05:06:00 PM,Maryland (State),CLOPPER RD,CINNAMON DR,,N/A,,STRAIGHT MOVEMENT ANGLE,RAINING,WET,DARK LIGHTS ON,N/A,N/A,,8693144A-545F-4D6D-ACEC-AF879E587B56,No,NO APPARENT INJURY,"N/A, WET",NOT DISTRACTED,MD,71299748-BA81-45B8-AD9E-CBE433D70630,FUNCTIONAL,TWELVE OCLOCK,PASSENGER CAR,MOVING CONSTANT SPEED,North,40,No,No,2008,HONDA,ACCORD,39.15705667,-77.266045,"(39.15705667, -77.266045)"
MCP24460060,220050131,Montgomery County Police,Property Damage Crash,11/13/2022 02:39:00 PM,County,CLARKSBURG RD,MOXLEY RD,,N/A,,HEAD ON,CLEAR,DRY,DAYLIGHT,NO CONTROLS,NONE DETECTED,,ED0B0D94-EA7B-4E1D-A7BA-039536F3448A,Yes,NO APPARENT INJURY,N/A,OTHER ELECTRONIC DEVICE (NAVIGATIONAL PALM PILOT),MD,66C60EE5-532B-4E6D-B6ED-4C15623E18AB,SUPERFICIAL,TWELVE OCLOCK,VAN,STARTING FROM LANE,South,30,No,No,2020,MERCEDES,METRIS,39.31182333,-77.23265667,"(39.31182333, -77.23265667)"
MCP2973000M,15047274,MONTGOMERY,Property Damage Crash,09/18/2015 07:30:00 AM,County,RANDOLPH RD,ATHERTON DR,,N/A,,SAME DIRECTION SIDESWIPE,CLEAR,DRY,DAYLIGHT,NO CONTROLS,NONE DETECTED,,373BD097-E96C-4471-96C4-B8ED6FBC7CD7,No,NO APPARENT INJURY,N/A,NOT DISTRACTED,MD,4B9C6309-7A83-4A05-A916-76E99DCE6ED1,DISABLING,TWO OCLOCK,PASSENGER CAR,MOVING CONSTANT SPEED,West,35,No,No,2015,TOYOTA,4S,39.05747667,-77.07763333,"(39.05747667, -77.07763333)"
MCP0617005J,230065126,Montgomery County Police,Property Damage Crash,11/08/2023 12:23:00 PM,County,NORWOOD RD,NORBECK RD,,N/A,,SAME DIR REAR END,CLEAR,DRY,DAYLIGHT,TRAFFIC SIGNAL,NONE DETECTED,,F3A9CF61-81DD-4AB7-A914-2BF341626E6C,Yes,NO APPARENT INJURY,N/A,NOT DISTRACTED,MD,C1E76501-AB59-406F-8442-21E33971EDC4,SUPERFICIAL,TWELVE OCLOCK,PASSENGER CAR,STARTING FROM LANE,East,30,No,No,2015,KIA,RIO,39.11921333,-77.02162667,"(39.11921333, -77.02162667)"
MCP24360098,190061305,Montgomery County Police,Injury Crash,12/20/2019 11:10:00 AM,US (State),COLESVILLE RD,CRESTMOOR DR,,N/A,,STRAIGHT MOVEMENT ANGLE,CLEAR,DRY,DAYLIGHT,STOP SIGN,NONE DETECTED,,0CAF756E-2F7F-4B78-B386-EEB0D676BF1F,No,POSSIBLE INJURY,N/A,NOT DISTRACTED,MD,D40E82B3-9D2C-4551-8E4E-4C9A908EEBFD,DISABLING,TWELVE OCLOCK,POLICE VEHICLE/NON EMERGENCY,MOVING CONSTANT SPEED,North,40,No,No,2018,FORD,EXPLORER,39.02820667,-77.00911167,"(39.02820667, -77.00911167)"
MCP30840059,210052342,Montgomery County Police,Property Damage Crash,12/23/2021 12:34:00 PM,Maryland (State),CONNECTICUT AVE,DENFELD AVE,,N/A,,SAME DIR REAR END,CLEAR,DRY,DAYLIGHT,TRAFFIC SIGNAL,NONE DETECTED,,1680C377-C377-494B-9EFA-ED95EEC11929,No,NO APPARENT INJURY,N/A,NOT DISTRACTED,MD,E943BEE1-D255-45CE-BA70-387E84CE383F,FUNCTIONAL,SIX OCLOCK,POLICE VEHICLE/EMERGENCY,STOPPED IN TRAFFIC LANE,North,40,No,No,2007,DODGE,NITRO,39.03850167,-77.07551333,"(39.03850167, -77.07551333)"
MCP14330048,220031908,Montgomery County Police,Property Damage Crash,07/24/2022 05:45:00 PM,,,,FEDERAL PLAZA PARKING LOT AT 12268 ROCKVILLE PIKE,,,OTHER,CLEAR,,DAYLIGHT,N/A,NONE DETECTED,,915717D1-45EC-4975-89BB-5E2C762A8EA3,Yes,NO APPARENT INJURY,N/A,LOOKED BUT DID NOT SEE,MD,3699199C-CB28-4314-B64E-68CA191EC27E,SUPERFICIAL,ONE OCLOCK,(SPORT) UTILITY VEHICLE,PARKING,North,15,No,No,2022,VOLKSWAGON,TIGUAN,39.057125,-77.1232791,"(39.057125, -77.1232791)"
DD56280028,190034495,Rockville Police Departme,Property Damage Crash,07/20/2019 11:05:00 AM,County,DARNESTOWN RD,WINDY KNOLLS DR,,ROCKVILLE,,STRAIGHT MOVEMENT ANGLE,CLEAR,DRY,DAYLIGHT,STOP SIGN,NONE DETECTED,,16D6B1DC-47FE-4E0F-9853-09E5E2720F00,Yes,NO APPARENT INJURY,N/A,LOOKED BUT DID NOT SEE,MD,744B3B90-7248-4E84-9446-13C8B9D2F1FA,DESTROYED,TWELVE OCLOCK,(SPORT) UTILITY VEHICLE,MAKING LEFT TURN,South,40,No,No,2016,MAZD,TK,39.09226433,-77.19247117,"(39.09226433, -77.19247117)"
MCP3294002X,250017826,MONTGOMERY,Property Damage Crash,04/24/2025 03:30:00 PM,Maryland (State) Route,MUNCASTER MILL RD (WB/L),,,,,Front to Rear,Clear,Dry,Daylight,No Controls,"Not Suspect of Alcohol Use, Not Suspect of Drug Use",,F8E1FF1A-BE56-465D-BA94-5DD6522A88DA,No,No Apparent Injury,,Not Distracted,DE,B690CAE6-0D81-4CB3-A210-69C1698608EC,Superficial,Six O Clock,Passenger Car,Entering Traffic Lane,Northbound,35,No,No,2024,KIA,SOUL,39.15829177,-77.15951142,"(39.15829177, -77.15951142)"
MCP3305003X,240056318,MONTGOMERY,Property Damage Crash,11/23/2024 11:49:00 PM,County Route,BRIGGS CHANEY RD,,,,,Rear To Side,Clear,Dry,Dark - Lighted,No Controls,"Not Suspect of Alcohol Use, Not Suspect of Drug Use",,0D7A547B-D55A-405D-8D39-08B280FA239C,Yes,No Apparent Injury,,Not Distracted,MD,C0AD6A6F-42A9-4D10-BF84-CB865525F6C0,Disabling,Eight O Clock,Passenger Car,Making U-Turn,Westbound,35,No,No,2015,HONDA,ACCORD,39.0847119,-76.95184982,"(39.0847119, -76.95184982)"
MCP32080053,240002912,MONTGOMERY,Injury Crash,01/18/2024 10:30:00 PM,US (State),COLUMBIA PIKE (SB/L),,,,Occupant of Motor Vehicle Not in Transport,"Sideswipe, Same Direction",Clear,Dry,Dark - Lighted,No Controls,"Not Suspect of Alcohol Use, Not Suspect of Drug Use","Not Suspect of Alcohol Use, Not Suspect of Drug Use, Not Suspect of Alcohol Use, Not Suspect of Drug Use",31F2705C-F063-4DE1-BD09-CAA4E6ED0462,Yes,No Apparent Injury,"Failed to Keep in Proper Lane, Operated Motor Vehicle in Inattentive, Careless, Negligent, or Erratic Manner",Unknown,MD,78374FF5-68DF-4741-9311-1BE2E8B35528,Disabling,One O Clock,Passenger Car,Moving Constant Speed,Southbound,55,No,No,2016,KIA,SORENTO,39.12681134,-76.92309001,"(39.12681134, -76.92309001)"
MCP31580020,190062484,Montgomery County Police,Property Damage Crash,12/28/2019 03:13:00 PM,County,FOUNDERS MILL DR,HOBBLE BUSH CT,,N/A,PEDESTRIAN,OTHER,CLEAR,DRY,DAYLIGHT,N/A,N/A,NONE DETECTED,B4B2A823-4C36-4DBE-833E-8B2B1622ED87,No,NO APPARENT INJURY,N/A,NOT DISTRACTED,MD,34476BC2-E849-473E-921C-2BC8C75ABC97,SUPERFICIAL,FIVE OCLOCK,PASSENGER CAR,PARKED,,25,Unknown,Yes,2017,SUBA,4S,39.13830167,-77.148365,"(39.13830167, -77.148365)"
MCP13230020,220038466,Montgomery County Police,Property Damage Crash,09/05/2022 09:45:00 AM,Maryland (State),GEORGIA AVE,LOCUST GROVE RD,,N/A,,SAME DIR REAR END,CLOUDY,DRY,DAYLIGHT,NO CONTROLS,NONE DETECTED,,8AC69465-467C-4CDC-9FCD-4C5A8C494B51,Yes,NO APPARENT INJURY,N/A,LOOKED BUT DID NOT SEE,MD,1EB0F9D0-789B-488A-A0EA-13C6BD5DF78C,NO DAMAGE,TWELVE OCLOCK,TRANSIT BUS,STARTING FROM LANE,South,35,No,No,2014,TBU,WMTA,39.01178,-77.04151,"(39.01178, -77.04151)"
MCP1393001Z,190028960,Montgomery County Police,Property Damage Crash,06/17/2019 04:09:00 PM,Maryland (State),FREDERICK RD,CANTERFIELD WAY,,N/A,,SAME DIR REAR END,CLEAR,DRY,DAYLIGHT,N/A,N/A,,AF1E0CF9-59F0-43C0-985A-81B27EEA0E2E,Yes,NO APPARENT INJURY,N/A,EATING OR DRINKING,MD,97C21230-F7FB-49FF-B554-B8D3F2CCA030,DISABLING,TWELVE OCLOCK,VAN,MOVING CONSTANT SPEED,North,35,No,No,2009,SATURN,VUE,39.22030167,-77.258065,"(39.22030167, -77.258065)"
MCP3191001H,190052102,Montgomery County Police,Property Damage Crash,10/29/2019 05:44:00 PM,County,BELLS MILL RD,BOLTON DR,,N/A,,STRAIGHT MOVEMENT ANGLE,CLEAR,DRY,DARK LIGHTS ON,STOP SIGN,NONE DETECTED,,9A73E822-DE63-49FB-A7FC-836D82D3FADA,No,NO APPARENT INJURY,"N/A, V WIPERS|W OTHER ENVIRONMENTAL, VISION OBSTRUCTION (INCL. BLINDED BY SUN)",NOT DISTRACTED,MD,9FC8EEC6-C56B-4EE9-BB24-A96EBD8BEA6F,DISABLING,TEN OCLOCK,PASSENGER CAR,MOVING CONSTANT SPEED,West,30,No,No,2012,BMW,X3,39.03540167,-77.18850667,"(39.03540167, -77.18850667)"
EJ7847000X,15022708,Gaithersburg Police Depar,Property Damage Crash,05/12/2015 06:35:00 PM,Maryland (State),MONTGOMERY VILLAGE AVE,FREDERICK RD,,N/A,,SAME DIR REAR END,CLEAR,DRY,DAYLIGHT,TRAFFIC SIGNAL,N/A,,C3AB809C-2C64-48E0-9568-BE234A1B066D,Unknown,NO APPARENT INJURY,N/A,NOT DISTRACTED,MD,E99F885B-9158-4634-B9C0-6B2722A727B3,SUPERFICIAL,TWELVE OCLOCK,PASSENGER CAR,STOPPED IN TRAFFIC LANE,North,45,No,No,2004,HONDA,ACCORD,39.152715,-77.212355,"(39.152715, -77.212355)"
EJ7836001T,190013572,Gaithersburg Police Depar,Property Damage Crash,03/24/2019 12:16:00 PM,Municipality,PARK AVE,LEE ST,,GAITHERSBURG,,OTHER,CLEAR,DRY,DAYLIGHT,UNKNOWN,UNKNOWN,,A5C868A0-1DD5-41A2-B373-49467B754682,Yes,NO APPARENT INJURY,N/A,UNKNOWN,,6B98A453-9320-4070-BB6C-7C1438FABA29,DISABLING,UNKNOWN,PASSENGER CAR,UNKNOWN,Unknown,25,No,No,2014,DODGE,CHARGER,39.14551482,-77.19520962,"(39.14551482, -77.19520962)"
MCP3055002W,210020009,Montgomery County Police,Property Damage Crash,05/27/2021 06:35:00 AM,County,BEL PRE RD,PARKER FARM WAY,,N/A,,OTHER,CLEAR,DRY,DAYLIGHT,TRAFFIC SIGNAL,N/A,,6BABCE6D-3339-4AD3-BBF8-537F916E1B3C,No,NO APPARENT INJURY,N/A,NOT DISTRACTED,MD,7C39DF18-D212-4DF8-B69A-B0DA7E768B4E,SUPERFICIAL,TEN OCLOCK,PASSENGER CAR,MOVING CONSTANT SPEED,West,35,No,No,2003,FORD,E150,39.09138667,-77.04712167,"(39.09138667, -77.04712167)"
MCP2849001B,15024780,Montgomery County Police,Property Damage Crash,05/23/2015 08:58:00 AM,County,HINES RD,MACDUFF AVE,,N/A,,STRAIGHT MOVEMENT ANGLE,CLEAR,DRY,DAYLIGHT,STOP SIGN,NONE DETECTED,,59CBD5CA-95DB-4E39-9800-08FAAFB19A1D,No,NO APPARENT INJURY,N/A,NOT DISTRACTED,MD,A68432A3-66BF-45BC-B509-B5D949D2EBC1,DISABLING,NINE OCLOCK,"CARGO VAN/LIGHT TRUCK 2 AXLES (OVER 10,000LBS (4,536 KG))",MOVING CONSTANT SPEED,East,30,No,No,2010,TOYOTA,TACOMA,39.141375,-77.08427,"(39.141375, -77.08427)"
MCP3014001J,180022330,Montgomery County Police,Property Damage Crash,05/06/2018 09:45:00 PM,County,RALPH RD,GEORGIA AVE,,N/A,,OPPOSITE DIRECTION SIDESWIPE,CLEAR,DRY,DARK LIGHTS ON,N/A,NONE DETECTED,,27A80AD9-8092-41DA-AB4A-DB088E5198B4,Yes,NO APPARENT INJURY,N/A,UNKNOWN,MD,A63C81A2-29B5-4E7B-B74E-172AF8F92709,DISABLING,TWELVE OCLOCK,PASSENGER CAR,MAKING LEFT TURN,North,25,No,No,2001,CHEVROLET,3500,39.07790866,-77.07220316,"(39.07790866, -77.07220316)"
MCP1501000F,15002526,Montgomery County Police,Injury Crash,01/16/2015 08:35:00 AM,County,GERMANTOWN RD,SHAKESPEARE BLVD,,N/A,,SAME DIR REAR END,CLEAR,DRY,DAYLIGHT,STOP SIGN,NONE DETECTED,,A2B3E2F3-FD8B-4689-8C29-421EFE2EC11C,Yes,SUSPECTED MINOR INJURY,N/A,NOT DISTRACTED,MD,BC20B5F1-D114-4AD6-A1A0-521AFF2DDEBE,FUNCTIONAL,TWELVE OCLOCK,PASSENGER CAR,SLOWING OR STOPPING,South,25,No,No,2000,CHEVROLET,IMPALA,39.19290052,-77.23855376,"(39.19290052, -77.23855376)"
MCP295400F0,240029769,MONTGOMERY,Property Damage Crash,06/23/2024 06:58:00 PM,Maryland (State) Route,16TH ST,,,,,Front to Rear,Clear,Dry,Daylight,Traffic Control Signal,"Suspect of Alcohol Use, Not Suspect of Drug Use",,91E8E9BA-92CE-48C3-BF20-E656352EB53C,No,No Apparent Injury,"Other Improper Action, Too Fast For Conditions",Unknown,MD,19F28389-1513-4030-9A66-0C0FD3173681,Disabling,One O Clock,Passenger Car,,Eastbound,25,No,,2013,ACURA,TSX,39.00609834,-77.03938943,"(39.00609834, -77.03938943)"
DD56100011,15030138,Rockville Police Departme,Injury Crash,06/20/2015 01:38:00 PM,Maryland (State),FIRST ST,GRANDIN AVE,,ROCKVILLE,,SAME DIR REAR END,CLEAR,DRY,DAYLIGHT,NO CONTROLS,N/A,,79F718E2-787D-4E07-841D-3B227C8A8001,No,NO APPARENT INJURY,N/A,NOT DISTRACTED,MD,4A5E0BDC-92CD-4597-95A0-5CE6654D27A5,FUNCTIONAL,SIX OCLOCK,PASSENGER CAR,STOPPED IN TRAFFIC LANE,West,35,No,No,2011,GMC,TRUCK,39.08095433,-77.13750533,"(39.08095433, -77.13750533)"
MCP3211003G,220054640,Montgomery County Police,Property Damage Crash,12/10/2022 01:41:00 PM,Maryland (State),ROCKLEDGE BLVD,RAMP 6 FR IS 270 EB TO MD 187B SB,,N/A,,STRAIGHT MOVEMENT ANGLE,CLEAR,DRY,DAYLIGHT,TRAFFIC SIGNAL,NONE DETECTED,,4DC62666-86C5-4AB3-B8AC-F5E6A1BA9C7D,Yes,NO APPARENT INJURY,N/A,UNKNOWN,MD,EB62BB4C-5F50-4A4B-BF2D-C200E7B8C5E1,DISABLING,FIVE OCLOCK,PASSENGER CAR,MOVING CONSTANT SPEED,South,35,No,No,2020,ACUR,SD,39.03119967,-77.13161044,"(39.03119967, -77.13161044)"
MCP3232001L,210001503,Montgomery County Police,Property Damage Crash,01/12/2021 04:21:00 PM,,,,PARKING LOT OF SHELL GAS STATION AT 18040 GEORGIA AVE.,,,OTHER,CLEAR,,DAYLIGHT,NO CONTROLS,NONE DETECTED,,5C57ECD6-036F-4B7A-A9B3-6A1BE292EA0C,Yes,NO APPARENT INJURY,N/A,LOOKED BUT DID NOT SEE,MD,1E61440B-C985-441E-BD25-3C0BFEF8FE18,SUPERFICIAL,SIX OCLOCK,PASSENGER CAR,BACKING,West,10,No,No,2015,NISSAN,SENTRA,39.1521425,-77.0672535,"(39.1521425, -77.0672535)"
MCP22980055,15016622,Montgomery County Police,Injury Crash,04/10/2015 03:37:00 PM,Maryland (State),RIDGE RD,DAVIS MILL RD,,N/A,,HEAD ON,CLOUDY,WET,DAYLIGHT,NO CONTROLS,NONE DETECTED,,90667351-F26B-4B29-ADD8-575BE7E6AE8C,No,SUSPECTED MINOR INJURY,"N/A, WET",NOT DISTRACTED,MD,01F1E687-EE05-40A9-905A-7BEC652D2075,DESTROYED,EIGHT OCLOCK,PASSENGER CAR,MOVING CONSTANT SPEED,North,45,No,No,2008,FORD,4S,39.24310573,-77.23466992,"(39.24310573, -77.23466992)"
MCP25130032,230054347,Montgomery County Police,Property Damage Crash,09/12/2023 01:02:00 AM,,,,"DRIVEWAY OF 11215 OAK LEAF DRIVE, SILVER SPRING MD 20904",,,SINGLE VEHICLE,CLEAR,,DARK LIGHTS ON,N/A,NONE DETECTED,,AA0F2ADE-41D9-4CA9-A7C7-4569B2955255,Yes,NO APPARENT INJURY,N/A,NOT DISTRACTED,MD,E8ADD30D-B0AC-4A0B-AD30-6732FE0D8906,DISABLING,TWELVE OCLOCK,PASSENGER CAR,MAKING LEFT TURN,East,15,No,No,2020,TOYT,CAMRY,39.04066151,-76.99546463,"(39.04066151, -76.99546463)"
MCP3423000H,240048047,MONTGOMERY,Property Damage Crash,10/08/2024 01:11:00 PM,US (State),COLESVILLE RD,HASTINGS DR (SB/L),,,,Front to Rear,Clear,Dry,Daylight,Traffic Control Signal,"Not Suspect of Alcohol Use, Not Suspect of Drug Use",,4A3D4C28-9E62-4853-A0E0-AB577795993E,No,No Apparent Injury,,Not Distracted,MD,D1DA3882-C76F-49C5-90CF-841C028FB171,Disabling,Six O Clock,Passenger Car,Slowing or Stopping,,40,No,No,2016,HONDA,CR-V,39.01329988,-77.01660251,"(39.01329988, -77.01660251)"
MCP3190000F,190015571,Montgomery County Police,Injury Crash,04/04/2019 05:49:00 AM,County,FLACK ST,JANET RD,,N/A,,STRAIGHT MOVEMENT ANGLE,CLEAR,DRY,DARK LIGHTS ON,STOP SIGN,N/A,,9C24E12A-E49F-4E57-8A07-F69709FFDE45,Yes,NO APPARENT INJURY,N/A,LOOKED BUT DID NOT SEE,MD,C5524BCA-1514-47DF-A121-FEBE976ACC02,DISABLING,TWELVE OCLOCK,PASSENGER CAR,ACCELERATING,South,25,No,No,1999,HONDA,2S,39.06907833,-77.06321,"(39.06907833, -77.06321)"
MCP3211000R,190062854,Montgomery County Police,Property Damage Crash,12/31/2019 08:54:00 AM,County,SANGAMORE RD,WALHONDING RD,,N/A,,STRAIGHT MOVEMENT ANGLE,CLEAR,DRY,DAYLIGHT,STOP SIGN,NONE DETECTED,,CC8D82F8-B412-436E-A44C-525BB0D7209B,Yes,NO APPARENT INJURY,N/A,LOOKED BUT DID NOT SEE,VA,CCF273EE-6CFF-40CA-B65F-ADA21A96CB88,FUNCTIONAL,TWELVE OCLOCK,PASSENGER CAR,ACCELERATING,East,25,No,No,2013,NISSAN,ALTIMA,38.96266757,-77.12131667,"(38.96266757, -77.12131667)"
MCP3024001R,190059993,Montgomery County Police,Property Damage Crash,12/12/2019 10:05:00 AM,,,,PARKING LOT OF 20910 FREDERICK RD,,,OPPOSITE DIRECTION SIDESWIPE,CLEAR,,DAYLIGHT,NO CONTROLS,N/A,,8B9FC09B-AE57-44DB-B934-7F1B07B33240,Yes,NO APPARENT INJURY,N/A,NOT DISTRACTED,MD,23576EB3-BBAA-4FB2-85E4-6C0D28A5A512,SUPERFICIAL,ELEVEN OCLOCK,PASSENGER CAR,BACKING,South,15,No,No,2007,HONDA,ODYSSEY,39.19866127,-77.25237078,"(39.19866127, -77.25237078)"
MCP3137000Q,190005991,Montgomery County Police,Property Damage Crash,02/06/2019 10:41:00 PM,Maryland (State),NEW HAMPSHIRE AVE,OAKVIEW DR,,N/A,,SAME DIR REAR END,CLOUDY,WET,DARK LIGHTS ON,NO CONTROLS,NONE DETECTED,,9D46893A-C68C-4C62-9CE3-D7A859ADC312,Yes,NO APPARENT INJURY,"N/A, WET",LOOKED BUT DID NOT SEE,MD,0AF52AA2-C241-4A61-9BA7-FECD36B166FC,FUNCTIONAL,TWELVE OCLOCK,VAN,SLOWING OR STOPPING,North,35,No,No,2013,CHEVY,VAN,39.01399791,-76.97803357,"(39.01399791, -76.97803357)"
MCP2930001J,190020927,Montgomery County Police,Injury Crash,05/03/2019 10:53:00 PM,County,RANDOLPH RD,HAMMONTON RD,,N/A,,ANGLE MEETS LEFT TURN,RAINING,WET,DARK NO LIGHTS,NO CONTROLS,NONE DETECTED,,B779F715-E095-41DE-9765-243C6C5FB50C,No,NO APPARENT INJURY,"RAIN, SNOW, WET",NOT DISTRACTED,MD,22F4C269-0100-480C-A601-8DA24A42998B,DISABLING,TWELVE OCLOCK,PASSENGER CAR,MOVING CONSTANT SPEED,West,40,No,No,2014,FORD,4S,39.06888,-77.01538,"(39.06888, -77.01538)"