Report Number,Local Case Number,Agency Name,ACRS Report Type,Crash Date/Time,Route Type,Road Name,Cross-Street Name,Off-Road Description,Municipality,Related Non-Motorist,Collision Type,Weather,Surface Condition,Light,Traffic Control,Driver Substance Abuse,Non-Motorist Substance Abuse,Person ID,Driver At Fault,Injury Severity,Circumstance,Driver Distracted By,Drivers License State,Vehicle ID,Vehicle Damage Extent,Vehicle First Impact Location,Vehicle Body Type,Vehicle Movement,Vehicle Going Dir,Speed Limit,Driverless Vehicle,Parked Vehicle,Vehicle Year,Vehicle Make,Vehicle Model,Latitude,Longitude,Location
MCP27100040,220013923,Montgomery County Police,Property Damage Crash,04/01/2022 03:44:00 PM,Maryland (State),W DIAMOND AVE,RAMP 1 FR IS 270 NB TO MD 117 WB,,N/A,,STRAIGHT MOVEMENT ANGLE,N/A,DRY,DAYLIGHT,TRAFFIC SIGNAL,NONE DETECTED,,5AD0363F-2838-4679-8AA0-7B437C3729A4,Yes,NO APPARENT INJURY,N/A,UNKNOWN,MD,0FAC790E-6814-48E0-8314-22AFFC452B8B,DESTROYED,TWELVE OCLOCK,PASSENGER CAR,MOVING CONSTANT SPEED,North,35,No,No,2008,HYUNDAI,4S,39.140385,-77.21096333,"(39.140385, -77.21096333)"
MCP2946003C,190019538,Montgomery County Police,Injury Crash,04/26/2019 10:06:00 AM,County,BRINK RD,COG WHEEL WAY,,N/A,,SAME DIR REAR END,CLOUDY,WET,DAYLIGHT,N/A,NONE DETECTED,,8C9BF314-DB8E-4517-83A9-542C736D4E8A,Yes,POSSIBLE INJURY,N/A,UNKNOWN,MD,1B730241-BE7D-4D2C-AC2C-FF543025F4DD,DISABLING,TWELVE OCLOCK,PICKUP TRUCK,MOVING CONSTANT SPEED,East,40,No,No,2013,TOYOTA,TACOMA,39.20561333,-77.21409167,"(39.20561333, -77.21409167)"
DD5664000B,230009856,Rockville Police Departme,Property Damage Crash,02/27/2023 07:30:00 PM,Maryland (State),ROCKVILLE PIKE,TALBOTT ST,,ROCKVILLE,,STRAIGHT MOVEMENT ANGLE,RAINING,WET,DARK LIGHTS ON,STOP SIGN,NONE DETECTED,,B8D9D197-D20E-451A-8D0C-AFD452FAA9CF,Yes,NO APPARENT INJURY,N/A,NOT DISTRACTED,MD,CD44C8B1-35AB-4F95-B20C-A196DF6C6808,DISABLING,NINE OCLOCK,PASSENGER CAR,ACCELERATING,East,45,No,No,2014,TOYT,CAMRY,39.07088164,-77.13219186,"(39.07088164, -77.13219186)"
EJ7865003X,180056635,Gaithersburg Police Depar,Property Damage Crash,11/11/2018 06:00:00 PM,Maryland (State),FREDERICK RD,PROFESSIONAL DR,,GAITHERSBURG,,SAME DIR REAR END,CLEAR,DRY,DARK LIGHTS ON,TRAFFIC SIGNAL,NONE DETECTED,,68DE87E0-94CD-484A-89CA-A3B24CD70B49,No,NO APPARENT INJURY,N/A,NOT DISTRACTED,MD,A51B47B2-7414-4AE3-AB65-1C9C5AEA33E7,FUNCTIONAL,ONE OCLOCK,PASSENGER CAR,MOVING CONSTANT SPEED,South,40,No,No,2000,BMW,4S,39.16355667,-77.22636333,"(39.16355667, -77.22636333)"
MCP1305005W,250011468,MONTGOMERY,Injury Crash,03/16/2025 05:18:00 AM,County Route,MOUNTAIN LAUREL LA,,,,,"Sideswipe, Same Direction",Clear,Dry,Dark - Lighted,No Controls,"Not Suspect of Alcohol Use, Not Suspect of Drug Use",,2A4B06C2-48D3-46F6-8B66-D216F6730D27,Yes,Possible Injury,"Operated Motor Vehicle in Reckless or Aggressive Manner, Ran Off Roadway",Not Distracted,MD,1A6D67DD-DE7E-47D3-809C-979E9E6ABBB0,Disabling,One O Clock,Passenger Car,Moving Constant Speed,Westbound,25,No,No,2008,INFINITI,G35,39.15988084,-77.16698299,"(39.15988084, -77.16698299)"
MCP27400035,170511368,Montgomery County Police,Property Damage Crash,06/02/2017 04:09:00 PM,,,,PARKING LOT OF 701 UNIVERSITY BLVD E,,,SAME DIR REAR END,CLEAR,,DAYLIGHT,NO CONTROLS,UNKNOWN,,8F23F998-01A6-4EEC-8845-09D30F8AB8A5,Yes,NO APPARENT INJURY,N/A,LOOKED BUT DID NOT SEE,,9126F29A-3095-4D7B-8758-0D854ECF98F3,FUNCTIONAL,SIX OCLOCK,PASSENGER CAR,BACKING,South,5,No,No,2011,DODGE,TRUCK,39.01150333,-77.00125833,"(39.01150333, -77.00125833)"
MCP2818004X,210027330,Montgomery County Police,Injury Crash,07/15/2021 01:25:00 PM,,,,HIT BUILDING FROM PARKING SPOT,,,SINGLE VEHICLE,CLOUDY,,DAYLIGHT,N/A,NONE DETECTED,,B01E5C5A-7617-4F9A-B7DF-3C7F4D27AE9D,Yes,POSSIBLE INJURY,N/A,OTHER DISTRACTION,FL,445A58DF-414F-46BA-B82E-49E88ACBCCD7,FUNCTIONAL,TWELVE OCLOCK,(SPORT) UTILITY VEHICLE,STARTING FROM PARKED,Unknown,15,No,No,2014,JEEP,CHEROKEE,39.054615,-77.11371167,"(39.054615, -77.11371167)"
MCP2941004P,230046364,Montgomery County Police,Injury Crash,07/27/2023 07:30:00 AM,County,BRENISH DR,LAKE KATRINE TERR,,N/A,,STRAIGHT MOVEMENT ANGLE,CLEAR,DRY,DAYLIGHT,NO CONTROLS,NONE DETECTED,,8DD02B42-3AFE-4017-A8E5-48D7017283C1,No,NO APPARENT INJURY,N/A,NOT DISTRACTED,MD,D1780082-380F-4C21-BCF2-29E95CC92369,DISABLING,TWELVE OCLOCK,PASSENGER CAR,MOVING CONSTANT SPEED,South,30,No,No,2008,HONDA,4D,39.17714644,-77.15829749,"(39.17714644, -77.15829749)"
MCP2456006W,220046206,Montgomery County Police,Property Damage Crash,10/21/2022 12:40:00 PM,County,LOCKWOOD DR,NORTHWEST DR,,N/A,,STRAIGHT MOVEMENT ANGLE,CLEAR,DRY,DAYLIGHT,STOP SIGN,NONE DETECTED,,00E08164-ED53-4BB8-BA32-5906102AFC18,Yes,NO APPARENT INJURY,N/A,UNKNOWN,MD,EA511BD1-8F85-4CF0-AB2A-B9B8951EB378,DISABLING,TWELVE OCLOCK,PASSENGER CAR,MOVING CONSTANT SPEED,West,30,No,No,1998,MERCEDES,C230,39.03654,-76.99594333,"(39.03654, -76.99594333)"
MCP3257003C,210045116,Montgomery County Police,Property Damage Crash,11/07/2021 04:35:00 PM,Maryland (State),WISCONSIN AVE,S PARK AVE,,FRIENDSHIP HEIGHTS,,SAME DIR REAR END,CLEAR,DRY,DAYLIGHT,NO CONTROLS,NONE DETECTED,,E21E81DE-D2E1-4E74-B8E2-5AD66E48FC3E,Yes,NO APPARENT INJURY,N/A,NOT DISTRACTED,DC,5D064F9A-5CDB-4222-A213-D70B5F32CC2D,DISABLING,TWELVE OCLOCK,PASSENGER CAR,MOVING CONSTANT SPEED,South,25,No,No,1994,MERCURY,SABLE,38.96384161,-77.0873102,"(38.96384161, -77.0873102)"
MCP3136001J,190009471,Montgomery County Police,Injury Crash,02/28/2019 09:01:00 AM,Interstate (State),CAPITAL BELTWAY,EXIT #29,,N/A,,SAME DIR REAR END,CLEAR,DRY,DAYLIGHT,N/A,ILLEGAL DRUG PRESENT,,F4C89D06-E344-47AF-B624-F8B84A25430D,Yes,NO APPARENT INJURY,N/A,UNKNOWN,MD,EA1A2AD8-D907-49FD-B10C-5D356686400A,DISABLING,TWELVE OCLOCK,(SPORT) UTILITY VEHICLE,ACCELERATING,North,55,No,No,2018,CHEV,SW,39.01739,-76.99551667,"(39.01739, -76.99551667)"
MCP3002002L,180036640,Montgomery County Police,Injury Crash,07/24/2018 01:03:00 PM,County,CHESHIRE DR,OLD GEORGETOWN RD,,N/A,,SAME DIR REAR END,CLOUDY,WET,DAYLIGHT,TRAFFIC SIGNAL,NONE DETECTED,,66905A0C-D01F-4743-ACE2-181C8C37BEE7,Yes,NO APPARENT INJURY,"N/A, V EXHAUST SYSTEM|R OTHER ROAD",NOT DISTRACTED,MD,DF1F2081-1589-4AE9-A974-0DEA522A3369,SUPERFICIAL,SIX OCLOCK,PASSENGER CAR,OTHER,South,25,No,No,2008,FORD,TAURUS,39.02264,-77.12326333,"(39.02264, -77.12326333)"
DD5594001Z,16024346,Rockville Police Departme,Property Damage Crash,05/16/2016 04:24:00 PM,County,TWINBROOK PKWY,VEIRS MILL RD,,N/A,,SAME DIR REAR END,CLEAR,DRY,DAYLIGHT,TRAFFIC SIGNAL,NONE DETECTED,,034D4E91-F0F2-40A6-84ED-03623CB7B327,No,NO APPARENT INJURY,N/A,NOT DISTRACTED,MD,169454A5-86ED-417B-85CC-075201C98033,SUPERFICIAL,SIX OCLOCK,SCHOOL BUS,STOPPED IN TRAFFIC LANE,West,40,No,No,2011,THOMAS,BUS,39.07243833,-77.112745,"(39.07243833, -77.112745)"
MCP209400FL,190059630,Montgomery County Police,Injury Crash,12/11/2019 08:36:00 AM,Maryland (State),RIVER RD,WINSTON DR,,N/A,,SAME DIR REAR END,CLEAR,WET,DAYLIGHT,NO CONTROLS,NONE DETECTED,,20A18459-496E-4DA1-86D8-26D45E30833C,No,NO APPARENT INJURY,N/A,NOT DISTRACTED,MD,77E28DA9-8CAC-4A44-B0B2-FDBA9EB4D5F4,FUNCTIONAL,SIX OCLOCK,(SPORT) UTILITY VEHICLE,STOPPED IN TRAFFIC LANE,East,35,No,No,2012,VOLVO,XC60,38.97539333,-77.12588667,"(38.97539333, -77.12588667)"
DD5669000J,240012546,ROCKVILLE,Injury Crash,03/15/2024 06:35:00 PM,Crossover,,VEIRS MILL RD,,,,"Sideswipe, Opposite Direction",Cloudy,Dry,Daylight,No Controls,"Not Suspect of Alcohol Use, Not Suspect of Drug Use",,7F0B49A4-7B7B-4F05-9F5B-E9FAFD595D83,No,Suspected Minor Injury,,Unknown,,74CF7A6D-45DD-421D-B01E-8735E3AEEB62,Disabling,Nine O Clock,Motorcycle - 2 Wheeled,Turning Left,Westbound,35,No,No,2022,QIPAI,KPR,39.07551691,-77.117055,"(39.07551691, -77.117055)"
MCP1519000K,15038846,MONTGOMERY,Injury Crash,08/05/2015 10:28:00 AM,Maryland (State),FALLS RD,ROCKVILLE VOL FIRE COMPANY NO. 33,,N/A,,SAME DIR REAR END,CLEAR,DRY,DAYLIGHT,NO CONTROLS,NONE DETECTED,,3F83AF64-3AC2-4A3C-A088-17E85028A9E3,No,SUSPECTED MINOR INJURY,N/A,NOT DISTRACTED,MD,B4B4D892-74DF-4F4A-ABCF-3F66DC52BD00,FUNCTIONAL,SIX OCLOCK,PASSENGER CAR,STOPPED IN TRAFFIC LANE,South,35,No,No,2012,TOYOTA,RAV4,39.04395278,-77.19288111,"(39.04395278, -77.19288111)"
MCP2719002Q,180047774,Montgomery County Police,Property Damage Crash,09/24/2018 06:30:00 PM,County,LIVINGSTON ST,HENDERSON AVE,,N/A,,OTHER,RAINING,WET,DAYLIGHT,STOP SIGN,NONE DETECTED,,A83E7927-1E58-4C38-9E7B-10F02642AF5E,Yes,NO APPARENT INJURY,"N/A, WET",UNKNOWN,MD,3FE701EE-3A1F-4293-8344-B48693C6EC70,FUNCTIONAL,FOUR OCLOCK,PASSENGER CAR,MOVING CONSTANT SPEED,South,30,No,No,2018,NISSAN,ALTIMA,39.05297,-77.06194833,"(39.05297, -77.06194833)"
MCP15800037,15023165,Montgomery County Police,Property Damage Crash,05/15/2015 06:29:00 AM,County,S WESTLAND DR,FREDERICK RD,,N/A,,STRAIGHT MOVEMENT ANGLE,CLEAR,DRY,DAYLIGHT,NO CONTROLS,NONE DETECTED,,2A07242E-9C16-414E-B2B6-B2CC04E5532A,Yes,NO APPARENT INJURY,N/A,LOOKED BUT DID NOT SEE,MD,8762A340-BD76-4CAF-9EE3-2F5A42D1A92C,FUNCTIONAL,TWELVE OCLOCK,PICKUP TRUCK,MAKING LEFT TURN,West,25,No,No,2003,TOYT,TACOMA PU,39.126425,-77.18217,"(39.126425, -77.18217)"
MCP2970000G,15027211,Montgomery County Police,Injury Crash,06/05/2015 11:03:00 AM,Maryland (State),GEORGIA AVE,UNIVERSITY BLVD W,,N/A,,SAME DIR REAR END,RAINING,WET,DAYLIGHT,TRAFFIC SIGNAL,NONE DETECTED,,0EE0BDE8-D37F-4646-B7AC-FED7D0DFFA80,No,NO APPARENT INJURY,N/A,NOT DISTRACTED,MD,BF66072C-07EB-47AF-A2C4-C6E053D56660,FUNCTIONAL,SIX OCLOCK,PASSENGER CAR,STOPPED IN TRAFFIC LANE,South,35,No,No,2008,HONDA,VAN,39.04161022,-77.05183983,"(39.04161022, -77.05183983)"
MCP30330018,170520558,Montgomery County Police,Injury Crash,07/22/2017 12:56:00 PM,,,,PARKING LOT AT 12040 CHERRY HILL RD,,,STRAIGHT MOVEMENT ANGLE,CLEAR,,DAYLIGHT,NO CONTROLS,N/A,,52E2F888-65A9-4176-BAB8-08F5941EF1C7,Yes,POSSIBLE INJURY,N/A,NOT DISTRACTED,VA,296D34C4-D866-40FC-9964-BCE63400FE7E,FUNCTIONAL,TWELVE OCLOCK,PASSENGER CAR,ACCELERATING,East,15,No,No,2017,TOYT,COROLLA,39.05281,-76.95459167,"(39.05281, -76.95459167)"
MCP9301004M,230052639,Montgomery County Police,Property Damage Crash,09/01/2023 02:00:00 PM,County,FIELDS RD,SAM EIG HWY,,N/A,,ANGLE MEETS RIGHT TURN,N/A,N/A,DAYLIGHT,TRAFFIC SIGNAL,N/A,,D063B817-D1B0-4008-9A33-56EBBFD68694,No,NO APPARENT INJURY,N/A,NOT DISTRACTED,MD,A0A239DD-059C-4B0C-BA18-3745D3E542EE,DISABLING,TWELVE OCLOCK,PASSENGER CAR,STARTING FROM LANE,East,35,No,No,2014,HONDA,ACCORD,39.1165211,-77.20780867,"(39.1165211, -77.20780867)"
DD5594001G,16003488,Rockville Police Departme,Injury Crash,01/19/2016 05:03:00 PM,Maryland (State),NORBECK RD,AVERY RD,,ROCKVILLE,,SAME DIR REAR END,CLEAR,DRY,DAYLIGHT,NO CONTROLS,NONE DETECTED,,44689C17-9042-49FA-BA66-6F49ADB78430,No,NO APPARENT INJURY,N/A,NOT DISTRACTED,MA,D27EA95F-774E-4FCE-ADFF-8B1AD0BBB13A,FUNCTIONAL,SIX OCLOCK,PASSENGER CAR,STOPPED IN TRAFFIC LANE,East,50,No,No,2010,HYUNDAI,SONATA,39.09283208,-77.12271452,"(39.09283208, -77.12271452)"
MCP271700BD,17016389,Montgomery County Police,Property Damage Crash,03/31/2017 04:07:00 PM,Other Public Roadway,MONTROSE PKWY,E JEFFERSON ST,,N/A,,HEAD ON LEFT TURN,RAINING,WET,DAYLIGHT,TRAFFIC SIGNAL,NONE DETECTED,,AFB15CB3-0AB1-4FA0-8CCC-D559B3F3B694,No,NO APPARENT INJURY,"N/A, WET",NOT DISTRACTED,MD,A34104F5-F18D-4DDE-8E67-4F92AC895E7D,DISABLING,TWELVE OCLOCK,PASSENGER CAR,MOVING CONSTANT SPEED,West,35,No,No,2000,TOYOTA,CAMRY,39.05101633,-77.12626817,"(39.05101633, -77.12626817)"
MCP3259003Y,230070446,Montgomery County Police,Property Damage Crash,12/07/2023 03:50:00 PM,County,TOMLINSON AVE,BUXTON TERR,,N/A,,SAME DIRECTION SIDESWIPE,CLEAR,DRY,DAYLIGHT,NO CONTROLS,NONE DETECTED,,D9E8293B-B773-4B35-8B7E-3B12F9913DA7,Yes,NO APPARENT INJURY,N/A,LOOKED BUT DID NOT SEE,MD,4FD706E5-4F06-41E1-B2A2-607AA0C441A9,SUPERFICIAL,FIVE OCLOCK,"MEDIUM/HEAVY TRUCKS 3 AXLES (OVER 10,000LBS (4,536KG))",BACKING,West,25,No,No,2009,STERLING,DUMP TRUCK,38.98102338,-77.16773989,"(38.98102338, -77.16773989)"
MCP28630027,180063178,Montgomery County Police,Property Damage Crash,12/18/2018 03:00:00 PM,County,WATKINS MILL RD,APPLE RIDGE RD,,N/A,,STRAIGHT MOVEMENT ANGLE,CLEAR,DRY,DAYLIGHT,TRAFFIC SIGNAL,NONE DETECTED,,8D66A0B8-E055-4478-94C2-A05C7DAFDC0C,Yes,NO APPARENT INJURY,N/A,INATTENTIVE OR LOST IN THOUGHT,MA,2DB46838-D44E-4D3E-8EFB-01AF037D5F02,DISABLING,FIVE OCLOCK,PASSENGER CAR,MAKING LEFT TURN,South,35,No,No,2005,INFINITY,FX35,39.184255,-77.21080667,"(39.184255, -77.21080667)"
MCP241100B6,230008887,Montgomery County Police,Property Damage Crash,02/22/2023 11:42:00 AM,Municipality,CHAPMAN AVE,HALPINE RD,,ROCKVILLE,,SAME DIRECTION LEFT TURN,CLOUDY,DRY,DAYLIGHT,NO CONTROLS,NONE DETECTED,,222D3FD2-22FD-4673-B453-CAAE7C016FC3,No,NO APPARENT INJURY,N/A,NOT DISTRACTED,MD,BAFEA111-2EB4-4595-97C5-168304B2A785,DISABLING,ONE OCLOCK,PASSENGER CAR,MOVING CONSTANT SPEED,North,25,No,No,2018,HYUNDAI,SUV,39.061965,-77.12177667,"(39.061965, -77.12177667)"
MCP94170013,16003767,Montgomery County Police,Injury Crash,01/21/2016 06:08:00 AM,Maryland (State),ROCKVILLE PIKE,ENT TO GEORGETOWN PREP. SCHOOL,,N/A,,SINGLE VEHICLE,SNOW,ICE,DARK NO LIGHTS,TRAFFIC SIGNAL,NONE DETECTED,,B7E71454-E03F-441F-957D-E06FC012E718,Yes,POSSIBLE INJURY,"ICY OR SNOW-COVERED, RAIN, SNOW",NOT DISTRACTED,CA,E664A0C5-B829-465F-8E3B-D6D2D5B60D85,DESTROYED,UNDERSIDE,"OTHER LIGHT TRUCKS (10,000LBS (4,536KG) OR LESS)",SLOWING OR STOPPING,South,40,No,No,2006,HONDA,ACCORD,39.03548667,-77.10731667,"(39.03548667, -77.10731667)"
DD56070011,14002582,Rockville Police Departme,Property Damage Crash,01/16/2015 03:14:00 PM,Maryland (State),ROCKVILLE PIKE,SPUR TO TWINBROOK PKWY,,N/A,,SAME DIR REAR END,CLEAR,OTHER,DAYLIGHT,TRAFFIC SIGNAL,NONE DETECTED,,55935BE2-9AD0-425A-8E3F-4EFBE02D50C0,No,NO APPARENT INJURY,N/A,NOT DISTRACTED,MD,B4D818D0-376F-466E-A615-52E6EB3E6BC9,SUPERFICIAL,SIX OCLOCK,PASSENGER CAR,SLOWING OR STOPPING,North,45,No,No,2011,HOND,TK,39.05865167,-77.12103833,"(39.05865167, -77.12103833)"
EJ7865002S,180015172,Gaithersburg Police Depar,Property Damage Crash,03/28/2018 03:15:00 PM,Municipality,E DIAMOND AVE,CHESTNUT ST,,GAITHERSBURG,,SAME DIR REAR END,RAINING,WET,DAYLIGHT,NO CONTROLS,NONE DETECTED,,7DF4F35F-01D6-4027-8F69-30669DF673CC,No,NO APPARENT INJURY,"RAIN, SNOW, WET",NOT DISTRACTED,MD,541D9442-AECE-4D4F-893F-0353DE51FD81,SUPERFICIAL,SIX OCLOCK,PASSENGER CAR,SLOWING OR STOPPING,West,30,No,No,2007,SUZI,TK,39.14181333,-77.20047333,"(39.14181333, -77.20047333)"
MCP27520056,230016152,Montgomery County Police,Property Damage Crash,04/04/2023 06:12:00 PM,County,BRICKYARD RD,HACKAMORE DR,,N/A,,SAME DIR REAR END,CLEAR,DRY,DAYLIGHT,NO CONTROLS,NONE DETECTED,,8279551E-DF0F-403A-A699-973EB971E961,Yes,NO APPARENT INJURY,N/A,NOT DISTRACTED,DC,6F4F54EE-A209-4F6D-BF14-0AF8C5939254,DISABLING,TWELVE OCLOCK,PASSENGER CAR,MOVING CONSTANT SPEED,North,30,No,No,2012,MAZDA,MX5 CV,38.985895,-77.21280667,"(38.985895, -77.21280667)"
MCP242500DJ,190004393,Montgomery County Police,Property Damage Crash,01/28/2019 11:52:00 AM,County,OLD COLUMBIA PIKE,RUXTON RD,,N/A,,SAME DIR REAR END,CLEAR,DRY,DAYLIGHT,NO CONTROLS,NONE DETECTED,,FDC41C76-078C-4BE5-8309-8AB547F2AF5B,Yes,NO APPARENT INJURY,N/A,NOT DISTRACTED,MD,EE2E2378-086D-4D44-B1E0-03240E930ADD,DISABLING,TWELVE OCLOCK,PASSENGER CAR,MOVING CONSTANT SPEED,South,30,No,No,2018,NISSAN,ROGUE,39.06591,-76.96425,"(39.06591, -76.96425)"
MCP2008003D,17011135,Montgomery County Police,Property Damage Crash,03/02/2017 04:15:00 PM,Maryland (State),RIVER RD,CHAPEL RD,,N/A,,SAME DIR REAR END,CLEAR,DRY,DAYLIGHT,N/A,NONE DETECTED,,DA811957-C710-48A2-AFFE-B28AB272E921,No,NO APPARENT INJURY,N/A,NOT DISTRACTED,MD,52FC03F4-6807-4990-A4F3-55EFDAAC1160,SUPERFICIAL,SIX OCLOCK,PASSENGER CAR,SLOWING OR STOPPING,West,40,No,No,2012,TOYT,4S,39.02267,-77.21557833,"(39.02267, -77.21557833)"
EJ7839001L,16042169,Gaithersburg Police Depar,Injury Crash,08/19/2016 06:51:00 PM,Interstate (State),EISENHOWER MEMORIAL HWY,RAMP 1 FR IS 270 NB TO SHADY GROVE RD WB,,N/A,,SAME DIR REAR END,CLEAR,DRY,DAYLIGHT,TRAFFIC SIGNAL,NONE DETECTED,,A03BDF83-D1A5-4F9D-87EA-8AB979935F80,No,SUSPECTED SERIOUS INJURY,N/A,NOT DISTRACTED,MD,8B19D095-23DB-4A2E-B560-43DA2E43C9F7,DISABLING,SIX OCLOCK,PASSENGER CAR,STOPPED IN TRAFFIC LANE,North,35,No,No,2012,HYUNDAI,SONOTA,39.11182667,-77.18716167,"(39.11182667, -77.18716167)"
EJ7869001T,180028519,Gaithersburg Police Depar,Property Damage Crash,06/09/2018 03:15:00 PM,Maryland (State),CLOPPER RD,ENT TO SHOPPING CENTER,,N/A,,SAME DIRECTION SIDESWIPE,CLEAR,DRY,DAYLIGHT,STOP SIGN,NONE DETECTED,,AD56DA69-7E28-4E39-82C1-A6170C59F28A,No,NO APPARENT INJURY,N/A,NOT DISTRACTED,MD,B0687426-DEB2-40CE-B6F8-5B436E144372,SUPERFICIAL,TWO OCLOCK,PASSENGER CAR,MOVING CONSTANT SPEED,East,35,No,No,2012,HOND,4S,39.14289333,-77.222395,"(39.14289333, -77.222395)"
EJ78290026,16035471,Gaithersburg Police Depar,Property Damage Crash,07/13/2016 06:02:00 AM,,,,PARKING LOT OF 417 N. FREDERICK AVE,,,OTHER,CLEAR,,DAYLIGHT,NO CONTROLS,UNKNOWN,,A7478B24-E93E-4445-A741-25FAD361842F,Yes,NO APPARENT INJURY,N/A,UNKNOWN,,315CEF08-C1BF-4DA4-8CA9-339259E9459B,UNKNOWN,SIX OCLOCK,"OTHER LIGHT TRUCKS (10,000LBS (4,536KG) OR LESS)",BACKING,North,25,No,No,2010,HYUN,4D,39.14659333,-77.20460333,"(39.14659333, -77.20460333)"
MCP2739002D,190034463,Montgomery County Police,Injury Crash,07/20/2019 04:15:00 AM,US (State),COLUMBIA PIKE,INDUSTRIAL PKWY,,N/A,,SAME DIR REAR END,CLEAR,DRY,DARK LIGHTS ON,NO CONTROLS,NONE DETECTED,,E02E3B9A-5636-41B4-A731-1B7B8F96D82E,No,SUSPECTED MINOR INJURY,N/A,UNKNOWN,VA,2BD327C0-8D76-4288-900A-41856A44B7B9,FUNCTIONAL,SIX OCLOCK,PASSENGER CAR,MOVING CONSTANT SPEED,North,45,No,No,2016,VOLKSWAGEN,JETTA,39.05492,-76.97299167,"(39.05492, -76.97299167)"
MCP229800JR,180030486,Montgomery County Police,Property Damage Crash,06/20/2018 03:25:00 PM,Maryland (State),BUCKLODGE RD,MOORE RD,,N/A,,SAME DIR REND RIGHT TURN,CLOUDY,DRY,DAYLIGHT,NO CONTROLS,NONE DETECTED,,26B85B4D-8B10-4F95-92E2-A92590E499DC,No,NO APPARENT INJURY,N/A,NOT DISTRACTED,MD,347B7BF3-3597-4FAB-AF95-0C77B4DCA6BE,FUNCTIONAL,SIX OCLOCK,PICKUP TRUCK,MAKING RIGHT TURN,West,40,No,No,2016,TOYT,TK,39.17189167,-77.35933667,"(39.17189167, -77.35933667)"
MCP2082000C,15035334,MONTGOMERY,Property Damage Crash,07/18/2015 03:52:00 AM,Maryland (State),CONNECTICUT AVE,VEIRS MILL RD,,N/A,,SAME DIRECTION LEFT TURN,CLEAR,DRY,DARK LIGHTS ON,TRAFFIC SIGNAL,ALCOHOL CONTRIBUTED,,F7DB9025-36EA-4C63-B168-F56DAF00AE65,Yes,NO APPARENT INJURY,N/A,NOT DISTRACTED,DC,425B748D-064B-419E-A5B4-0478F41F4328,DISABLING,SEVEN OCLOCK,PASSENGER CAR,MAKING LEFT TURN,North,45,No,No,2005,NISSAN,ALTIMA,39.07886167,-77.07954167,"(39.07886167, -77.07954167)"
MCP2959000C,15024751,Montgomery County Police,Property Damage Crash,05/23/2015 12:49:00 AM,County,ASPEN HILL RD,PARKLAND DR,,N/A,,SAME DIRECTION SIDESWIPE,CLEAR,DRY,DARK LIGHTS ON,TRAFFIC SIGNAL,ALCOHOL PRESENT,,B3CF0924-BAB2-4426-869B-09FF9DC1CCEE,Yes,NO APPARENT INJURY,N/A,UNKNOWN,MD,D8BDCAE8-CAFC-48B6-9BF1-7E58E1ED6710,DISABLING,TWELVE OCLOCK,OTHER,MOVING CONSTANT SPEED,North,35,No,No,1999,TOYOTA,COROLLA,39.07924833,-77.085925,"(39.07924833, -77.085925)"
MCP2776002B,180017533,Montgomery County Police,Property Damage Crash,04/11/2018 12:10:00 AM,Maryland (State),OLNEY SANDY SPRING RD,BENTLEY RD,,N/A,,SINGLE VEHICLE,CLEAR,DRY,DARK LIGHTS ON,NO CONTROLS,ALCOHOL CONTRIBUTED,,84B7EE9B-E8EA-4103-A714-62F97C67E59E,Yes,NO APPARENT INJURY,N/A,NOT DISTRACTED,MD,00AE4A68-1B3D-4CCC-831F-FB280528612D,DISABLING,TWELVE OCLOCK,PASSENGER CAR,MOVING CONSTANT SPEED,East,30,No,No,2006,HONDA,CRV,39.14889333,-77.02205167,"(39.14889333, -77.02205167)"
MCP2252000Y,15023649,Montgomery County Police,Property Damage Crash,05/17/2015 04:29:00 PM,Ramp,RAMP 1 FR MD 355 NB TO IS 370 WB,FREDERICK RD,,N/A,,SAME DIRECTION RIGHT TURN,CLEAR,DRY,DAYLIGHT,TRAFFIC SIGNAL,NONE DETECTED,,310DC2A6-6002-4217-B605-75F0D7B585F3,No,NO APPARENT INJURY,N/A,NOT DISTRACTED,MD,6D564FC1-7660-4BF2-95F0-99B9AE786691,SUPERFICIAL,TEN OCLOCK,PICKUP TRUCK,STOPPED IN TRAFFIC LANE,South,25,No,No,2006,CHEVROLET,TRUCK,39.12052198,-77.18019962,"(39.12052198, -77.18019962)"
MCP3176000W,200007443,Montgomery County Police,Property Damage Crash,02/13/2020 11:40:00 PM,Maryland (State),GEORGIA AVE,FENWICK LA,,N/A,,SAME DIR REAR END,CLEAR,DRY,DARK LIGHTS ON,NO CONTROLS,NONE DETECTED,,D48C82BE-7FC3-4739-B125-F55199AE6FB9,No,NO APPARENT INJURY,N/A,NOT DISTRACTED,DC,C6B0BD9A-F632-4493-AD84-E075D6FEF3B1,DISABLING,SIX OCLOCK,PASSENGER CAR,STOPPED IN TRAFFIC LANE,North,35,No,No,2011,FORD,P4D,38.99849167,-77.03070167,"(38.99849167, -77.03070167)"
MCP2446004T,190055883,Montgomery County Police,Property Damage Crash,11/19/2019 04:09:00 PM,,SNOWDEN FARM PKWY,NEWCUT,,N/A,,HEAD ON LEFT TURN,CLEAR,DRY,DUSK,TRAFFIC SIGNAL,NONE DETECTED,,DDD463F0-0AD7-4F13-8B34-944DD9EE1464,No,NO APPARENT INJURY,N/A,NOT DISTRACTED,MD,DED0617D-79D0-4A03-9903-D8CE97ECCF6E,DISABLING,ELEVEN OCLOCK,PASSENGER CAR,MOVING CONSTANT SPEED,North,30,No,No,2003,TOYT,4S,39.22821667,-77.25009333,"(39.22821667, -77.25009333)"