Report Number,Local Case Number,Agency Name,ACRS Report Type,Crash Date/Time,Route Type,Road Name,Cross-Street Name,Off-Road Description,Municipality,Related Non-Motorist,Collision Type,Weather,Surface Condition,Light,Traffic Control,Driver Substance Abuse,Non-Motorist Substance Abuse,Person ID,Driver At Fault,Injury Severity,Circumstance,Driver Distracted By,Drivers License State,Vehicle ID,Vehicle Damage Extent,Vehicle First Impact Location,Vehicle Body Type,Vehicle Movement,Vehicle Going Dir,Speed Limit,Driverless Vehicle,Parked Vehicle,Vehicle Year,Vehicle Make,Vehicle Model,Latitude,Longitude,Location
MCP3277000M,210009383,Montgomery County Police,Injury Crash,03/12/2021 09:02:00 PM,Interstate (State),EISENHOWER MEMORIAL HWY,EXIT #10,,N/A,,SAME DIR REAR END,CLEAR,DRY,DARK LIGHTS ON,NO CONTROLS,NONE DETECTED,,0A93B1D7-1C7D-49BD-9F59-FA0441EB026D,Yes,NO APPARENT INJURY,"BACKUP DUE TO PRIOR CRASH, N/A",UNKNOWN,MD,BDDBC784-6A77-4C81-AD19-B9442181CBF0,DISABLING,TWELVE OCLOCK,PASSENGER CAR,SLOWING OR STOPPING,North,55,No,No,2019,TOYOTA,TK,39.14092865,-77.21246861,"(39.14092865, -77.21246861)"
MCP2286000Y,15052504,MONTGOMERY,Injury Crash,10/16/2015 09:21:00 AM,Maryland (State),W MONTGOMERY AVE,RAMP 5 FR IS 270 SB TO MD 28 EB,,N/A,,SAME DIR REAR END,CLEAR,DRY,DAYLIGHT,TRAFFIC SIGNAL,NONE DETECTED,,03AB9BF9-658D-4B84-B34C-24DCB2225CA3,Yes,NO APPARENT INJURY,N/A,LOOKED BUT DID NOT SEE,MD,6579D1F5-C271-445F-BDD9-5AF1AA5D431A,DISABLING,TWELVE OCLOCK,PASSENGER CAR,MOVING CONSTANT SPEED,West,30,No,No,2009,MERCURY,MARINER SUV,39.08713167,-77.17589667,"(39.08713167, -77.17589667)"
MCP29080010,15034220,MONTGOMERY,Property Damage Crash,07/12/2015 02:33:00 PM,Maryland (State),NEW HAMPSHIRE AVE,NORTHAMPTON DR,,N/A,,SAME DIR REAR END,N/A,DRY,DAYLIGHT,NO CONTROLS,NONE DETECTED,,7EA71ECE-9DC7-494B-B813-835748373B70,No,NO APPARENT INJURY,N/A,NOT DISTRACTED,MD,A23860FE-E12D-4809-8CB9-32DF71A6D209,FUNCTIONAL,SIX OCLOCK,PASSENGER CAR,SLOWING OR STOPPING,South,40,No,No,1998,MERC,VN,39.008785,-76.97979667,"(39.008785, -76.97979667)"
MCP102200G3,210050588,Montgomery County Police,Property Damage Crash,12/13/2021 08:55:00 AM,Maryland (State),FREDERICK RD,REDLAND BLVD,,ROCKVILLE,,SAME DIR REAR END,CLEAR,DRY,DAYLIGHT,TRAFFIC SIGNAL,NONE DETECTED,,37DDF65C-60DA-4370-8B8F-5E5D76548C92,No,NO APPARENT INJURY,N/A,NOT DISTRACTED,MD,C43E9C46-7186-442B-B7CC-7382488C06D5,SUPERFICIAL,SIX OCLOCK,SCHOOL BUS,STOPPED IN TRAFFIC LANE,South,40,No,No,2021,FRHT,SCHOOL BUS,39.115945,-77.166985,"(39.115945, -77.166985)"
MCP28300023,16023996,Montgomery County Police,Property Damage Crash,05/14/2016 02:38:00 PM,Maryland (State),OLNEY SANDY SPRING RD,NORWOOD RD,,N/A,,SAME DIR REAR END,RAINING,WET,OTHER,TRAFFIC SIGNAL,NONE DETECTED,,F653B750-73C3-4DB0-9E86-02C338300D3C,No,NO APPARENT INJURY,"RAIN, SNOW, WET",NOT DISTRACTED,MD,4D49716F-3DD5-4E05-B8AA-7FA3B044D95E,DISABLING,SIX OCLOCK,PASSENGER CAR,SLOWING OR STOPPING,West,35,No,No,2009,TOYT,4S,39.14441333,-77.04323333,"(39.14441333, -77.04323333)"
MCP26890027,16045481,Montgomery County Police,Property Damage Crash,09/06/2016 07:33:00 AM,Municipality,BALTIMORE RD,FIRST ST,,N/A,,SAME DIRECTION SIDESWIPE,CLEAR,DRY,DAYLIGHT,NO CONTROLS,NONE DETECTED,,4E17D7A7-BEA1-4824-B7AF-A8E7C71C22BB,No,NO APPARENT INJURY,N/A,NOT DISTRACTED,MD,302F4DE5-C835-4D3B-BE39-6D7A928C84C0,SUPERFICIAL,SEVEN OCLOCK,SCHOOL BUS,STOPPED IN TRAFFIC LANE,West,25,No,No,2015,THOMAS,SAF-T-LINER,39.0845359,-77.13541344,"(39.0845359, -77.13541344)"
MCP1580004R,15061472,MONTGOMERY,Property Damage Crash,12/02/2015 06:41:00 AM,County,AIRPARK RD,STRATOS LA,,N/A,,SAME DIR REAR END,FOGGY,WET,DARK LIGHTS ON,NO CONTROLS,NONE DETECTED,,7C426F89-3B95-4823-98C5-E4D47BC95A84,No,NO APPARENT INJURY,"RAIN, SNOW, WET",UNKNOWN,MD,7F33B2F2-6616-4C0B-8331-22B447C1082E,DISABLING,TWELVE OCLOCK,PICKUP TRUCK,SLOWING OR STOPPING,North,50,No,No,2010,GMC,SIERRA,39.15392833,-77.14179667,"(39.15392833, -77.14179667)"
MCP26830022,16041360,Montgomery County Police,Injury Crash,08/15/2016 01:12:00 PM,County,GOSHEN RD,EAST VILLAGE AVE,,N/A,,HEAD ON LEFT TURN,CLEAR,DRY,DAYLIGHT,TRAFFIC SIGNAL,NONE DETECTED,,306CB8C1-3FFE-4B24-9127-CBD702659EEC,No,POSSIBLE INJURY,N/A,NOT DISTRACTED,MD,C087181A-0EAB-4CD5-B101-CADDF29C7798,DISABLING,TWELVE OCLOCK,PASSENGER CAR,MOVING CONSTANT SPEED,North,35,No,No,1993,CHEV,TK,39.18990333,-77.18542833,"(39.18990333, -77.18542833)"
MCP2982002K,190015089,Montgomery County Police,Property Damage Crash,04/01/2019 03:39:00 PM,County,ELLSWORTH DR,SPRING ST,,N/A,,SAME DIRECTION LEFT TURN,N/A,DRY,DAYLIGHT,NO CONTROLS,NONE DETECTED,,7BA5FA40-BD96-4A3B-88F6-116192D3E112,Yes,NO APPARENT INJURY,N/A,LOOKED BUT DID NOT SEE,MD,03A7E387-B9A9-46CB-8AB9-AFC2CA0CA352,FUNCTIONAL,TWELVE OCLOCK,PASSENGER CAR,MAKING LEFT TURN,North,25,No,No,2013,FORD,TAURUS,39.04558167,-76.99114167,"(39.04558167, -76.99114167)"
MCP30570017,180034832,Montgomery County Police,Injury Crash,07/14/2018 12:22:00 PM,Maryland (State),CLOPPER RD,WARING STATION RD,,N/A,,HEAD ON,CLEAR,DRY,DAYLIGHT,NO CONTROLS,NONE DETECTED,,845DE2B1-6426-4646-9B8E-E787B4483E34,No,POSSIBLE INJURY,N/A,NOT DISTRACTED,MD,C6119E5D-6918-4FB5-95A1-03EE719FC428,DISABLING,TWELVE OCLOCK,PASSENGER CAR,MOVING CONSTANT SPEED,East,40,No,No,2013,FORD,VAN,39.15410167,-77.25278,"(39.15410167, -77.25278)"
MCP2753000Y,15025664,Montgomery County Police,Injury Crash,05/28/2015 07:25:00 AM,County,BEL PRE RD,GEORGIA AVE,,N/A,,SAME DIR REAR END,CLEAR,DRY,DAYLIGHT,NO CONTROLS,NONE DETECTED,,AEA6C3EA-6704-4BD9-9C64-02A0E72A4A81,Yes,NO APPARENT INJURY,N/A,NOT DISTRACTED,MD,A6073C8D-CBE4-4479-BF7F-F9250685C54A,FUNCTIONAL,TWELVE OCLOCK,PASSENGER CAR,SLOWING OR STOPPING,West,30,No,No,2009,SUBA,SW,39.0928987,-77.0802927,"(39.0928987, -77.0802927)"
MCP2598003W,220004910,Montgomery County Police,Property Damage Crash,02/04/2022 05:00:00 PM,,,,PARKING LOT OF 12800 MIDDLEBROOK ROAD,,,STRAIGHT MOVEMENT ANGLE,RAINING,,DARK LIGHTS ON,NO CONTROLS,N/A,,26994D69-BCC5-4645-BB76-6B65042099DE,Yes,NO APPARENT INJURY,"N/A, WET",NOT DISTRACTED,,78B9C5EF-55B7-4954-913C-1585FD9AF1A9,SUPERFICIAL,FOUR OCLOCK,PASSENGER CAR,PARKING,Unknown,0,No,No,2018,HYUNDAI,SONATA,39.17675385,-77.26540008,"(39.17675385, -77.26540008)"
MCP3301002C,240026438,MONTGOMERY,Property Damage Crash,06/03/2024 11:54:00 PM,US (State),COLUMBIA PIKE (SB/L),,,,,Front to Rear,Clear,Dry,Dark - Lighted,No Controls,"Not Suspect of Alcohol Use, Not Suspect of Drug Use",,B3C58060-135D-40EC-95CC-47F7C1172BE9,No,No Apparent Injury,,Not Distracted,MD,2993EED7-F496-4F50-B59E-DB4B9D7B3F1F,Disabling,Seven O Clock,Passenger Car,Moving Constant Speed,Southbound,55,No,No,2009,HYUNDAI,ELANTRA,39.100525,-76.9354825,"(39.100525, -76.9354825)"
MCP13540015,190017513,Montgomery County Police,Property Damage Crash,04/14/2019 09:57:00 PM,Maryland (State),FISHER AVE,TOM FOX AVE,,POOLESVILLE,,SINGLE VEHICLE,RAINING,WET,DARK LIGHTS ON,N/A,NONE DETECTED,,398D9CD3-18CA-4240-B07A-1DAC145CDBBE,Yes,NO APPARENT INJURY,"RAIN, SNOW, WET",UNKNOWN,MD,D1C66D83-2378-4AD1-8A93-16CEEF6BA14B,DISABLING,TWELVE OCLOCK,PASSENGER CAR,ACCELERATING,East,30,No,No,2004,PONT,G6,39.13456667,-77.40292333,"(39.13456667, -77.40292333)"
MCP28120047,180054483,Montgomery County Police,Property Damage Crash,10/30/2018 08:49:00 AM,Maryland (State),CONNECTICUT AVE,DUPONT AVE,,KENSINGTON,,OTHER,CLEAR,UNKNOWN,DAYLIGHT,UNKNOWN,N/A,,BBC41455-86FD-4E26-99E6-FFCC0025F4DE,No,NO APPARENT INJURY,N/A,NOT DISTRACTED,MD,DD1B15B6-3ABA-487A-A47D-4057305E7DA1,SUPERFICIAL,TWELVE OCLOCK,PASSENGER CAR,STOPPED IN TRAFFIC LANE,Unknown,30,No,No,2007,MERCEDEZ,C280,39.0310011,-77.07522409,"(39.0310011, -77.07522409)"
MCP3162004B,220030430,Montgomery County Police,Property Damage Crash,07/15/2022 02:05:00 PM,County,FLOWER AVE,E MELBOURNE AVE,,N/A,,OPPOSITE DIRECTION SIDESWIPE,CLEAR,DRY,DAYLIGHT,NO CONTROLS,NONE DETECTED,,4E657970-BFE9-476D-AC1B-6E59F6E74D1A,Yes,NO APPARENT INJURY,N/A,NOT DISTRACTED,MD,3131BD24-23C8-4F37-8D0C-7526C2B92C8E,FUNCTIONAL,ELEVEN OCLOCK,PASSENGER CAR,MOVING CONSTANT SPEED,South,25,No,No,2021,HYUNDAI,IONIQ,39.00696167,-77.00778167,"(39.00696167, -77.00778167)"
MCP30860029,190013791,Montgomery County Police,Property Damage Crash,03/25/2019 05:55:00 PM,Maryland (State),WOODFIELD RD,LINDBERGH DR,,N/A,,ANGLE MEETS LEFT TURN,RAINING,WET,DAYLIGHT,NO CONTROLS,NONE DETECTED,,8DBE3C09-ECCD-4AAD-BF7C-256A4EB91FC9,No,NO APPARENT INJURY,"RAIN, SNOW, WET",LOOKED BUT DID NOT SEE,MD,8CF81CCB-C16C-4E42-B951-094148DDCB15,FUNCTIONAL,TWELVE OCLOCK,PASSENGER CAR,MOVING CONSTANT SPEED,South,35,No,No,2011,HONDA,ACCORD,39.165435,-77.15654742,"(39.165435, -77.15654742)"
MCP271700CH,170518496,Montgomery County Police,Injury Crash,07/11/2017 04:00:00 PM,County,PARKLAWN DR,COAKLEY CIR,,N/A,,STRAIGHT MOVEMENT ANGLE,N/A,DRY,DAYLIGHT,NO CONTROLS,NONE DETECTED,,D1C9B12A-DA8F-4CD2-821E-1DE3D676DDF6,Yes,SUSPECTED MINOR INJURY,N/A,UNKNOWN,MD,98AE1E5D-BC12-4BE0-815C-406341CFA915,DISABLING,TWELVE OCLOCK,PASSENGER CAR,MAKING LEFT TURN,East,30,No,No,2015,MERCEDES BENZ,C300,39.050884,-77.105551,"(39.050884, -77.105551)"
MCP3038007B,240041329,MONTGOMERY,Property Damage Crash,08/31/2024 08:30:00 PM,County Route,THAYER AVE,,,,,"Sideswipe, Same Direction",Clear,Dry,Dusk,No Controls,"Not Suspect of Alcohol Use, Not Suspect of Drug Use",,9B5D4D5D-A61A-4688-B315-2269704C0476,No,No Apparent Injury,,Not Distracted,MD,BD28A19A-EC38-48AB-A065-345BA4734E28,Superficial,One O Clock,Bus - Transit,Accelerating,Westbound,25,No,No,2009,GILLIG,LOW FLOOR BUS,38.99308298,-77.02264684,"(38.99308298, -77.02264684)"
MCP2651000L,15064599,Montgomery County Police,Property Damage Crash,12/17/2015 10:13:00 PM,US (State),COLUMBIA PIKE,GREENCASTLE RD,,N/A,,SAME DIRECTION SIDESWIPE,N/A,WET,DARK LIGHTS ON,N/A,NONE DETECTED,,DA358331-54AD-4E43-B083-9EDA76C8C0C6,No,NO APPARENT INJURY,N/A,NOT DISTRACTED,MD,2DEF9FB1-7B78-451E-BA08-F29413292843,SUPERFICIAL,TWO OCLOCK,POLICE VEHICLE/EMERGENCY,STOPPED IN TRAFFIC LANE,South,55,No,No,2012,DODGE,CHARGER,39.0941,-76.93937167,"(39.0941, -76.93937167)"
MCP1378017Q,240009908,MONTGOMERY,Injury Crash,02/29/2024 03:02:00 PM,County Route,SEMINARY RD,WARREN ST,,,,Angle,Clear,Dry,Daylight,Stop Sign,"Not Suspect of Alcohol Use, Not Suspect of Drug Use",,092F74A6-8A3B-4D32-8EA0-76902A1F7C8C,Yes,No Apparent Injury,Failed to Yield Right-of-Way,Not Distracted,MD,C14DBBD9-38D6-4D44-A923-514D4666B272,Disabling,Eleven O Clock,Passenger Car,Turning Left,Northbound,30,No,No,2012,HONDA,ACCORD,39.01062994,-77.04838955,"(39.01062994, -77.04838955)"
MCP0936001K,16023133,Montgomery County Police,Property Damage Crash,05/07/2016 09:02:00 AM,Maryland (State),CONNECTICUT AVE,HOWARD AVE,,KENSINGTON,,SAME DIR REAR END,CLOUDY,WET,DAYLIGHT,NO CONTROLS,NONE DETECTED,,FD4BDE73-CA74-41B1-9662-8255434CD4F7,No,NO APPARENT INJURY,N/A,NOT DISTRACTED,MD,45F8FCD7-8819-478F-A115-72DD8C5974AE,FUNCTIONAL,SIX OCLOCK,PASSENGER CAR,MOVING CONSTANT SPEED,South,35,No,No,2013,GMC,SIERRA,39.02716875,-77.07741737,"(39.02716875, -77.07741737)"
MCP24360059,180024032,Montgomery County Police,Injury Crash,05/16/2018 12:21:00 PM,Maryland (State),UNIVERSITY BLVD E,PINEY BRANCH RD,,N/A,,SAME DIRECTION SIDESWIPE,RAINING,WET,DAYLIGHT,NO CONTROLS,NONE DETECTED,,D2CA3D4F-F093-426A-9601-42F293FFC7DD,No,NO APPARENT INJURY,"RAIN, SNOW, WET",NOT DISTRACTED,MD,88D89904-6B77-4991-A80B-96C7BD2D1707,SUPERFICIAL,ONE OCLOCK,PASSENGER CAR,CHANGING LANES,East,35,No,No,2007,NISSAN,SENTRA,39.00126983,-76.99563917,"(39.00126983, -76.99563917)"
MCP29190084,210021497,Montgomery County Police,Injury Crash,06/06/2021 03:37:00 PM,County,FLOWER AVE,PINEY BRANCH RD,,N/A,,SAME DIR REAR END,CLEAR,DRY,DAYLIGHT,N/A,NONE DETECTED,,0F405F4E-EF57-4EF4-AFF1-8296D564E493,No,NO APPARENT INJURY,N/A,NOT DISTRACTED,MD,D42FCFDF-9261-432E-9AE8-90007E87B8BB,SUPERFICIAL,SIX OCLOCK,PASSENGER CAR,MAKING RIGHT TURN,South,35,No,No,2019,MAZDA,CX-5,38.998235,-77.004025,"(38.998235, -77.004025)"
MCP30180032,180061076,Montgomery County Police,Property Damage Crash,12/06/2018 06:06:00 PM,Maryland (State),OLNEY SANDY SPRING RD,VILLAGE CENTER DR,,N/A,,HEAD ON LEFT TURN,CLEAR,DRY,DARK LIGHTS ON,TRAFFIC SIGNAL,NONE DETECTED,,F6AF8EAF-A295-4F36-918F-EE8B703219FB,No,NO APPARENT INJURY,N/A,NOT DISTRACTED,MD,0BCD2C02-5526-4C19-B15B-B0273A2D5167,FUNCTIONAL,TWELVE OCLOCK,(SPORT) UTILITY VEHICLE,MOVING CONSTANT SPEED,West,30,No,No,2015,JEEP,GRAND CHEROKEE,39.152,-77.06407667,"(39.152, -77.06407667)"
MCP30760021,190008899,Montgomery County Police,Injury Crash,02/25/2019 06:35:00 AM,Maryland (State),EAST WEST HWY,COLESVILLE RD,,N/A,PEDESTRIAN,STRAIGHT MOVEMENT ANGLE,CLEAR,DRY,DAWN,TRAFFIC SIGNAL,NONE DETECTED,NONE DETECTED,3225E7F1-CB7C-4E95-8025-6D74604262EF,Yes,NO APPARENT INJURY,N/A,INATTENTIVE OR LOST IN THOUGHT,MD,3A6EF72A-A19E-4248-9DAD-582D7A3523E5,SUPERFICIAL,TWELVE OCLOCK,PASSENGER CAR,MOVING CONSTANT SPEED,West,15,No,No,2015,VOLK,4S,38.99202883,-77.0304305,"(38.99202883, -77.0304305)"
DD56050025,16009071,Rockville Police Departme,Injury Crash,02/23/2016 02:18:00 PM,Municipality,S STONESTREET AVE,PARK RD,,ROCKVILLE,,SAME DIRECTION RIGHT TURN,RAINING,WET,DAYLIGHT,TRAFFIC SIGNAL,NONE DETECTED,,B47F3767-00A0-4258-BD5C-7F5D4D07D4B2,Yes,NO APPARENT INJURY,"RAIN, SNOW, WET",INATTENTIVE OR LOST IN THOUGHT,MD,D81D8A1B-B4D3-412B-9D7C-52241E6FC84C,FUNCTIONAL,ONE OCLOCK,OTHER BUS,MAKING RIGHT TURN,South,35,No,No,2000,ORIO,BUS,39.085505,-77.14566,"(39.085505, -77.14566)"
MCP0942002M,190053882,Montgomery County Police,Injury Crash,11/08/2019 02:10:00 PM,Maryland (State),WISCONSIN AVE,WISCONSIN CIR,,N/A,,SAME DIR REAR END,CLEAR,DRY,DAYLIGHT,TRAFFIC SIGNAL,NONE DETECTED,,6477AB0F-992C-42C6-BA4E-C4C5799F4786,Yes,POSSIBLE INJURY,N/A,LOOKED BUT DID NOT SEE,MD,9C7A4E29-E1A4-4F4C-A302-B997A50403CD,DISABLING,TWELVE OCLOCK,PASSENGER CAR,MOVING CONSTANT SPEED,North,25,No,No,2018,DODGE,JOURNEY,38.9620657,-77.08620531,"(38.9620657, -77.08620531)"
MCP3050006M,250022405,MONTGOMERY,Injury Crash,05/20/2025 07:33:00 PM,County Route,GLENALLAN AVE (WB/L),,,,Pedestrian,Single Vehicle,Clear,Dry,Daylight,Traffic Control Signal,"Unknown, Unknown","Not Suspect of Alcohol Use, Not Suspect of Drug Use",E2667F92-C837-44D8-8C36-D5F9EF88915E,No,,,,,679134B2-4E05-4849-9809-924E1F9963B3,Vehicle Not at Scene,Vehicle Not at Scene,,Turning Left,Eastbound,35,No,No,0,,,39.06317325,-77.0544775,"(39.06317325, -77.0544775)"
MCP27830066,240056256,MONTGOMERY,Property Damage Crash,11/23/2024 02:52:00 PM,County Route,BONIFANT RD,GOOD HOPE RD NEW HAMPSHIRE AVE,,,,Front to Rear,Clear,Dry,Daylight,Traffic Control Signal,"Not Suspect of Alcohol Use, Not Suspect of Drug Use",,C36AD9C3-F050-4E1C-AB2F-5715F8848151,No,No Apparent Injury,,Not Distracted,MD,1F5EC3B0-0B59-469C-8F51-7E768292105A,Superficial,Six O Clock,Passenger Car,Stopped in Traffic,,45,No,No,2021,SUBARU,LEGACY,39.09584992,-77.00200343,"(39.09584992, -77.00200343)"
MCP30290010,170517694,Montgomery County Police,Property Damage Crash,07/06/2017 06:38:00 PM,,,,PARKING LOT OF THE KOREAN CORNER AT VEIRS MILL RD AND RANDOLPH RD,,,OTHER,CLEAR,,DAYLIGHT,NO CONTROLS,N/A,,080B269F-B798-40DA-A19F-D01FBBD88A81,Yes,NO APPARENT INJURY,N/A,INATTENTIVE OR LOST IN THOUGHT,,3A66378D-B46F-4732-882D-7F83D3F130FB,SUPERFICIAL,NINE OCLOCK,PASSENGER CAR,PARKING,West,5,No,No,2013,NISSAN,4S,39.05668399,-77.08254576,"(39.05668399, -77.08254576)"
MCP1235003X,220012013,Montgomery County Police,Property Damage Crash,03/20/2022 03:20:00 PM,County,LORAIN AVE,PINEWOOD AVE,,N/A,,HEAD ON,CLOUDY,DRY,DAYLIGHT,NO CONTROLS,NONE DETECTED,,7047DA71-88BA-44C5-BDB3-54F22F0D1A6A,Yes,NO APPARENT INJURY,N/A,UNKNOWN,,04308692-069F-43CB-89D5-38583DBA196D,SUPERFICIAL,TEN OCLOCK,PASSENGER CAR,MOVING CONSTANT SPEED,East,25,No,No,2013,ACURA,RDX,39.023355,-77.013815,"(39.023355, -77.013815)"
MCP3380000R,240020986,MONTGOMERY,Property Damage Crash,05/04/2024 05:40:00 PM,County Route,ENNALLS AVE,,,,,Front to Rear,Rain,Wet,Daylight,No Controls,"Not Suspect of Alcohol Use, Not Suspect of Drug Use",,8BF82D1A-9940-4C54-93A2-8E7632B6EB7B,No,No Apparent Injury,,Not Distracted,MD,E79D0C29-49FB-40A2-8332-6A39F28B4E97,No Damage,Non-Collision,Other Trucks,Backing,Westbound,25,No,,2008,PIERCE MANUFACTURING,TRUCK,39.04082934,-77.052202,"(39.04082934, -77.052202)"
MCP3021007J,240033707,MONTGOMERY,Property Damage Crash,07/17/2024 07:20:00 AM,US (State),COLUMBIA PIKE (SB/L),,,,,Front to Rear,Clear,Dry,Daylight,No Controls,"Not Suspect of Alcohol Use, Not Suspect of Drug Use",,04E4E0A6-4F5A-4DC1-9870-7189C57D81AB,No,No Apparent Injury,,Not Distracted,MD,81598CB7-168D-4463-BE71-7AED0806EA83,Functional,Six O Clock,Passenger Car,Slowing or Stopping,Southbound,50,No,No,2023,HYUNDAI,KONA,39.0750305,-76.954892,"(39.0750305, -76.954892)"
MCP2559002M,180045700,Montgomery County Police,Injury Crash,09/13/2018 10:25:00 AM,County,MIDCOUNTY HWY,SPUR TO SHADY GROVE RD,,N/A,,SAME DIR REAR END,CLOUDY,DRY,DAYLIGHT,TRAFFIC SIGNAL,N/A,,BE8FA977-11C2-4702-8F24-73027F5DE95C,Yes,NO APPARENT INJURY,N/A,OTHER DISTRACTION,MD,FB29BC83-2CA3-4AFE-943D-A62F305137EE,SUPERFICIAL,TWELVE OCLOCK,(SPORT) UTILITY VEHICLE,OTHER,South,45,No,No,2008,HONDA,PILOT,39.14100833,-77.15221333,"(39.14100833, -77.15221333)"
MCP2244002C,180031691,Montgomery County Police,Property Damage Crash,06/27/2018 04:35:00 PM,County,BEL PRE RD,LAYHILL RD,,N/A,,SAME DIRECTION SIDESWIPE,N/A,N/A,DAYLIGHT,TRAFFIC SIGNAL,NONE DETECTED,,DF0FFAD6-11C0-4A4D-BD42-CA3C86E11CDD,No,NO APPARENT INJURY,N/A,NOT DISTRACTED,MD,A6E30BB9-4C4A-4BB4-9019-0A8BF3B34FF2,SUPERFICIAL,SEVEN OCLOCK,PASSENGER CAR,STOPPED IN TRAFFIC LANE,East,35,No,No,2017,HONDA,CRV,39.09057389,-77.04491705,"(39.09057389, -77.04491705)"
MCP2656002M,180006207,Montgomery County Police,Property Damage Crash,02/05/2018 06:11:00 PM,County,BROADBIRCH DR,BOURNEFIELD WAY,,N/A,,HEAD ON,N/A,DRY,DARK LIGHTS ON,N/A,NONE DETECTED,,CAF1A9A0-111E-467E-8FCE-C0E5BBAF822E,No,NO APPARENT INJURY,N/A,NOT DISTRACTED,MD,0393A9DD-FABD-45D8-A6A9-6EB46227795D,DESTROYED,ELEVEN OCLOCK,PASSENGER CAR,MOVING CONSTANT SPEED,South,35,No,No,2017,TOYOTA,CAMRY,39.05551833,-76.96146167,"(39.05551833, -76.96146167)"
MCP2976003T,200034861,Montgomery County Police,Property Damage Crash,09/05/2020 10:45:00 PM,County,BILLINGTON RD,LAURIE DR,,N/A,,SINGLE VEHICLE,CLEAR,DRY,DARK LIGHTS ON,NO CONTROLS,ALCOHOL PRESENT,,DDFFCF0C-E2FE-498B-AF16-1822256B76AF,Yes,NO APPARENT INJURY,N/A,OTHER DISTRACTION,XX,616C8CB3-83BE-4DFE-B826-A788DCAF5644,DISABLING,TWELVE OCLOCK,PASSENGER CAR,MOVING CONSTANT SPEED,South,35,No,No,2011,CHEVY,CRUZ,39.06320833,-76.984195,"(39.06320833, -76.984195)"
MCP2256000S,250023213,MONTGOMERY,Property Damage Crash,05/25/2025 05:57:00 PM,County Route,NORBECK RD (WB/L),,,,,"Sideswipe, Same Direction",Cloudy,Dry,Daylight,Traffic Control Signal,"Not Suspect of Alcohol Use, Not Suspect of Drug Use",,F1B8D1FD-4D01-46EE-9C51-300F6FDAC524,No,No Apparent Injury,,Not Distracted,MD,D3A6337B-C94C-4397-9B96-5274DFCDFD12,Disabling,One O Clock,Passenger Car,Moving Constant Speed,Eastbound,35,No,No,2007,HONDA,CR-V,39.12051964,-77.03373708,"(39.12051964, -77.03373708)"
MCP2450005G,240054894,MONTGOMERY,Injury Crash,11/15/2024 06:00:00 PM,Interstate (State),EISENHOWER MEMORIAL HWY,,,,,Front to Rear,Clear,Dry,Dark - Lighted,No Controls,"Not Suspect of Alcohol Use, Not Suspect of Drug Use",,293AB7D2-761B-45A6-B688-C9F72B01D07F,Yes,No Apparent Injury,Too Fast For Conditions,Unknown,MD,CA4C00E6-E0F0-4494-9C81-780A86D32D7D,Functional,Twelve O Clock,Passenger Car,Changing Lanes,Northbound,55,No,No,2015,HYUNDAI,SONATA,39.15391263,-77.22206494,"(39.15391263, -77.22206494)"
MCP2857002Z,200008785,Montgomery County Police,Property Damage Crash,02/21/2020 09:26:00 PM,Municipality,WASHINGTONIAN BLVD,CROSSOVER,,N/A,,HEAD ON LEFT TURN,CLEAR,DRY,DARK LIGHTS ON,NO CONTROLS,NONE DETECTED,,2FC987B0-8AEE-43B5-8E2E-2A6B71E9C4E3,No,NO APPARENT INJURY,N/A,NOT DISTRACTED,MD,DF6014D5-07FB-4A4E-9C94-7BECD9DE772E,DISABLING,NINE OCLOCK,PASSENGER CAR,MOVING CONSTANT SPEED,North,30,No,No,2016,HONDA,CIVIC,39.11600944,-77.19889662,"(39.11600944, -77.19889662)"
MCP1453006G,180058001,Montgomery County Police,Injury Crash,11/19/2018 11:57:00 AM,Maryland (State),GREAT SENECA HWY,MATENY RD,,N/A,,HEAD ON LEFT TURN,CLEAR,DRY,DAYLIGHT,TRAFFIC SIGNAL,NONE DETECTED,,090AC28C-D62C-4EE6-A337-45DEC5E6C314,No,POSSIBLE INJURY,N/A,NOT DISTRACTED,MD,CD9610F4-E21F-4FBF-B4FE-D952A0890BB2,DISABLING,ELEVEN OCLOCK,(SPORT) UTILITY VEHICLE,MOVING CONSTANT SPEED,North,55,No,No,2008,HONDA,CRV,39.14631333,-77.274695,"(39.14631333, -77.274695)"
MCP2997000P,17005000,Montgomery County Police,Injury Crash,01/28/2017 10:22:00 PM,Maryland (State),GEORGIA AVE,HEWITT AVE,,N/A,,SAME DIR REAR END,CLEAR,N/A,DARK LIGHTS ON,TRAFFIC SIGNAL,NONE DETECTED,,75B5BFA0-B65B-4FAC-8B47-77B35A4B1043,No,SUSPECTED MINOR INJURY,N/A,NOT DISTRACTED,MD,7113EBA5-333B-4F3A-9F16-3C869764F7BE,DISABLING,SIX OCLOCK,PASSENGER CAR,STOPPED IN TRAFFIC LANE,North,45,No,No,1997,TOYT,TK,39.06184,-77.04976333,"(39.06184, -77.04976333)"