Report Number,Local Case Number,Agency Name,ACRS Report Type,Crash Date/Time,Route Type,Road Name,Cross-Street Name,Off-Road Description,Municipality,Related Non-Motorist,Collision Type,Weather,Surface Condition,Light,Traffic Control,Driver Substance Abuse,Non-Motorist Substance Abuse,Person ID,Driver At Fault,Injury Severity,Circumstance,Driver Distracted By,Drivers License State,Vehicle ID,Vehicle Damage Extent,Vehicle First Impact Location,Vehicle Body Type,Vehicle Movement,Vehicle Going Dir,Speed Limit,Driverless Vehicle,Parked Vehicle,Vehicle Year,Vehicle Make,Vehicle Model,Latitude,Longitude,Location
MCP2539001B,200001001,Montgomery County Police,Property Damage Crash,01/07/2020 03:00:00 AM,County,MARYLAND AVE,WINDSOR LA,,N/A,,SINGLE VEHICLE,CLEAR,DRY,DARK LIGHTS ON,NO CONTROLS,UNKNOWN,,10E87B7C-B76C-4441-AE28-F600C074EB8C,Yes,NO APPARENT INJURY,N/A,UNKNOWN,,02CB8761-700A-4F07-9B2B-E41EDC3B3930,DISABLING,ONE OCLOCK,PASSENGER CAR,MAKING LEFT TURN,West,25,No,No,2006,VOLVO,S40,38.99202667,-77.09797833,"(38.99202667, -77.09797833)"
MCP3192001X,210018628,Montgomery County Police,Property Damage Crash,05/17/2021 07:11:00 PM,County,DEWEY RD,DAHILL RD,,N/A,,STRAIGHT MOVEMENT ANGLE,CLEAR,DRY,DUSK,STOP SIGN,NONE DETECTED,,A0AFE3CD-A619-4380-ACF6-75A1BE431676,No,NO APPARENT INJURY,N/A,NOT DISTRACTED,MD,6693EF98-B695-41F6-907D-74C8BE7232E5,DISABLING,TWELVE OCLOCK,PASSENGER CAR,MOVING CONSTANT SPEED,South,25,No,No,2002,MADZA,626,39.04838583,-77.088461,"(39.04838583, -77.088461)"
EJ78850028,220034748,Gaithersburg Police Depar,Property Damage Crash,08/12/2022 05:18:00 PM,Maryland (State),S FREDERICK RD,S SUMMIT AVE,,GAITHERSBURG,,OPPOSITE DIRECTION SIDESWIPE,CLEAR,DRY,DAYLIGHT,TRAFFIC SIGNAL,NONE DETECTED,,5B2B5E92-89AB-4DEC-A79D-FA0D4F622E65,No,NO APPARENT INJURY,N/A,NOT DISTRACTED,VA,DAC324B1-BA73-4EFC-BD6D-1E73BF025F4E,FUNCTIONAL,NINE OCLOCK,"OTHER LIGHT TRUCKS (10,000LBS (4,536KG) OR LESS)",MOVING CONSTANT SPEED,South,35,No,No,2004,NISSAN DIESEL,UD SERIES,39.13883554,-77.19358771,"(39.13883554, -77.19358771)"
EJ7836002Q,210013564,Gaithersburg Police Depar,Property Damage Crash,04/12/2021 10:45:00 AM,,,,9811 WASHINGTONIAN BLVD,,,UNKNOWN,N/A,,DARK LIGHTS ON,NO CONTROLS,ALCOHOL PRESENT,,CA027A5B-2E56-40B7-95E5-862626D812A6,No,NO APPARENT INJURY,N/A,NOT DISTRACTED,MD,87CDAB7A-DC41-40EE-858F-227A66A89FD2,SUPERFICIAL,ONE OCLOCK,PASSENGER CAR,STOPPED IN TRAFFIC LANE,Unknown,10,No,No,2020,CHEV,UT,39.11510208,-77.19780898,"(39.11510208, -77.19780898)"
MCP27030011,16061713,Montgomery County Police,Injury Crash,12/01/2016 04:53:00 PM,US (State),COLUMBIA PIKE,STEWART LA,,N/A,,SAME DIRECTION SIDESWIPE,CLEAR,DRY,DUSK,NO CONTROLS,N/A,,D396F598-4212-4FF4-AC18-0C4D1F8E50E4,No,NO APPARENT INJURY,N/A,NOT DISTRACTED,MD,56B4D627-D0A9-4822-9F6A-A003111FD7D4,SUPERFICIAL,THREE OCLOCK,PASSENGER CAR,MOVING CONSTANT SPEED,South,50,No,No,2000,CHEV,TK,39.05148667,-76.97923,"(39.05148667, -76.97923)"
MCP30670023,210040310,Montgomery County Police,Property Damage Crash,10/09/2021 05:15:00 AM,County,DELLCASTLE RD,APPLE RIDGE RD,,N/A,,OTHER,CLEAR,DRY,DARK NO LIGHTS,N/A,UNKNOWN,,820E3B4D-116A-4435-821C-C7946B2C5F5D,Yes,NO APPARENT INJURY,N/A,UNKNOWN,,6F2180AB-A7AA-402C-B46C-AB34F2894002,DISABLING,TWELVE OCLOCK,PASSENGER CAR,UNKNOWN,South,25,No,No,2020,HONDA,ACCORD,39.18491833,-77.206895,"(39.18491833, -77.206895)"
MCP33770031,250024361,MONTGOMERY,Property Damage Crash,06/01/2025 05:00:00 PM,Maryland (State) Route,COLESVILLE RD,GEORGIA AVE (SB/L),,,,Front to Rear,Clear,Dry,Daylight,Traffic Control Signal,"Not Suspect of Alcohol Use, Not Suspect of Drug Use",,1C6BB3FE-E7A0-4411-B418-2A751871DEA5,No,No Apparent Injury,,Not Distracted,MD,2D0D248B-2D70-4507-992C-238A1783D343,Functional,Six O Clock,Passenger Car,Slowing or Stopping,,30,No,No,2013,BUICK,VERANO,38.99602043,-77.02831105,"(38.99602043, -77.02831105)"
MCP2703004R,250014221,MONTGOMERY,Property Damage Crash,04/01/2025 06:20:00 PM,Maryland (State) Route,UNIVERSITY BLVD E,,,,,Front to Rear,Clear,Dry,Daylight,No Controls,"Unknown, Unknown",,FCDB21E2-79EB-413F-9E63-09774AD98009,No,No Apparent Injury,Followed Too Closely,Unknown,,FE5F763E-1AEE-4E21-B250-842AEF20553C,Vehicle Not at Scene,Vehicle Not at Scene,Passenger Car,Moving Constant Speed,Eastbound,35,No,No,2001,TOYOTA,COROLLA,39.01361813,-77.00502767,"(39.01361813, -77.00502767)"
MCP295400D7,230018804,Montgomery County Police,Property Damage Crash,04/19/2023 10:06:00 PM,,,,PARKING LOT OF 8612 MANCHESTER RD SILVER SPRING MARYLAND 20901,,,SAME DIRECTION SIDESWIPE,CLEAR,,DARK LIGHTS ON,NO CONTROLS,ALCOHOL PRESENT,,4822FE3A-B30E-47F8-A5E9-71F1F6DCEA7D,Yes,NO APPARENT INJURY,N/A,OTHER DISTRACTION,MD,622413BF-3609-4753-8BE8-7C1E4E33EC96,FUNCTIONAL,ONE OCLOCK,PASSENGER CAR,ACCELERATING,West,0,No,No,2006,LEXUS,IS,38.99862009,-77.00878287,"(38.99862009, -77.00878287)"
MCP29540097,210017181,Montgomery County Police,Property Damage Crash,05/07/2021 03:36:00 PM,Maryland (State),PINEY BRANCH RD,BARRON ST,,N/A,,STRAIGHT MOVEMENT ANGLE,RAINING,WET,DAYLIGHT,TRAFFIC SIGNAL,N/A,,375277DC-C742-4571-B336-B507E5714C85,Unknown,NO APPARENT INJURY,"N/A, RAIN, SNOW",NOT DISTRACTED,MD,018E884A-2286-4468-BD1E-764E86519472,SUPERFICIAL,TWELVE OCLOCK,TRANSIT BUS,STARTING FROM LANE,North,35,No,No,2016,GILLIG,BUS,38.99901635,-76.99734628,"(38.99901635, -76.99734628)"
MCP3227004F,230022033,Montgomery County Police,Property Damage Crash,05/08/2023 05:15:00 PM,US (State),COLESVILLE RD,CRESTMOOR DR,,N/A,,SAME DIR REAR END,CLEAR,DRY,DAYLIGHT,NO CONTROLS,NONE DETECTED,,C261D8EB-F51F-463A-9991-F3DC35698A02,No,NO APPARENT INJURY,N/A,NOT DISTRACTED,MD,73816A9E-F664-4334-8D5E-D9F01E6A3742,FUNCTIONAL,SIX OCLOCK,PASSENGER CAR,SLOWING OR STOPPING,North,40,No,No,2022,FORD,MAVERICK,39.02819799,-77.00868299,"(39.02819799, -77.00868299)"
MCP9404001V,180049606,Montgomery County Police,Property Damage Crash,10/04/2018 12:00:00 PM,Municipality,WASHINGTONIAN BLVD,BOARDWALK PL,,N/A,,STRAIGHT MOVEMENT ANGLE,CLEAR,DRY,DAYLIGHT,N/A,NONE DETECTED,,D083A0AD-7815-4505-AD2A-461F1E7A9AA6,No,NO APPARENT INJURY,N/A,NOT DISTRACTED,MD,48716D1C-0E34-4E9C-9D61-C6E2F4F2BEF1,FUNCTIONAL,TWELVE OCLOCK,PASSENGER CAR,MOVING CONSTANT SPEED,South,25,No,No,2006,NISSAN,MAXIMA,39.11491833,-77.19791333,"(39.11491833, -77.19791333)"
MCP2203008Q,240045732,MONTGOMERY,Property Damage Crash,09/25/2024 11:45:00 AM,County Route,LAMBERTON DR,,,,,"Sideswipe, Same Direction",Rain,Wet,Daylight,No Controls,"Not Suspect of Alcohol Use, Not Suspect of Drug Use",,9CF0FFC5-1325-49F7-B118-C8D9B784B7CA,Yes,No Apparent Injury,,Not Distracted,MD,0EEF460E-A51F-48ED-AC46-48D3A43E1F12,Superficial,Two O Clock,Van - Cargo,Moving Constant Speed,Northbound,25,No,No,2012,GMC,SAVANA,39.04659426,-77.0183542,"(39.04659426, -77.0183542)"
MCP27560042,220003286,Montgomery County Police,Property Damage Crash,01/25/2022 03:26:00 PM,County,COLIN RD,BENNION RD,,N/A,,STRAIGHT MOVEMENT ANGLE,CLEAR,DRY,DAYLIGHT,STOP SIGN,NONE DETECTED,,091DBC52-38F0-448D-8FB3-3CF91D07B099,Yes,NO APPARENT INJURY,N/A,LOOKED BUT DID NOT SEE,MD,59B79DE9-8A8E-4EBB-9289-BB10BB6ED3A5,DISABLING,NINE OCLOCK,PASSENGER CAR,ACCELERATING,South,25,No,No,2020,TOYOTA,CAMRY,39.05208833,-77.08727167,"(39.05208833, -77.08727167)"
MCP23990094,240050595,MONTGOMERY,Property Damage Crash,10/22/2024 04:36:00 PM,County Route,,,,,,Single Vehicle,Clear,Dry,Daylight,No Controls,"Not Suspect of Alcohol Use, Not Suspect of Drug Use",,DDB6DA13-640B-421B-B15D-34674470BE97,No,No Apparent Injury,,Unknown,MD,BA02B04D-F5CC-4FC0-8955-B5E06918B122,Disabling,Twelve O Clock,Passenger Car,Moving Constant Speed,Northbound,35,No,No,2010,ACURA,TL,39.19924268,-77.18463379,"(39.19924268, -77.18463379)"
MCP29680042,210043047,Montgomery County Police,Property Damage Crash,10/26/2021 07:51:00 AM,County,TRAVILAH RD,DARNESTOWN RD,,N/A,,HEAD ON LEFT TURN,CLEAR,DRY,DAYLIGHT,N/A,N/A,,DE7D5F76-077F-4815-86DE-ED09A093333C,No,NO APPARENT INJURY,N/A,NOT DISTRACTED,MD,55B41B3E-B944-432D-9D18-28D64CB6197D,DISABLING,TWELVE OCLOCK,PASSENGER CAR,MOVING CONSTANT SPEED,West,25,No,No,2008,MERZ,C300,39.09616333,-77.20781,"(39.09616333, -77.20781)"
EJ77810050,240024623,GAITHERSBURG,Injury Crash,05/24/2024 02:41:00 PM,Municipality Route,BANK ST,,,,,Other,Clear,Dry,Daylight,No Controls,"Not Suspect of Alcohol Use, Not Suspect of Drug Use",,848ECAA6-7AAE-453A-8551-A5A5FA7D2B64,No,Possible Injury,,Not Distracted,MD,2D0AF64A-7677-4DA3-A40E-C08067F294D8,Disabling,Eleven O Clock,Passenger Car,Stopped in Traffic,Westbound,15,No,No,2012,TOYOTA,SIENNA,39.14037327,-77.222843,"(39.14037327, -77.222843)"
MCP29170088,210032528,Montgomery County Police,Property Damage Crash,08/20/2021 08:21:00 PM,Maryland (State),GEORGIA AVE,RANDOLPH RD,,N/A,,SAME DIR REAR END,CLEAR,DRY,DARK NO LIGHTS,NO CONTROLS,NONE DETECTED,,E3CDCEE1-3200-44A4-A563-E91813F9DE65,No,NO APPARENT INJURY,N/A,NOT DISTRACTED,MD,970C4ECE-82DD-45F0-BF03-D4D817B633FF,FUNCTIONAL,SIX OCLOCK,PASSENGER CAR,SLOWING OR STOPPING,North,35,No,No,2016,TOYOTA,RAV4,39.05928667,-77.05003833,"(39.05928667, -77.05003833)"
MCP2039001P,16027054,Montgomery County Police,Injury Crash,05/31/2016 08:49:00 AM,County,ATHERTON DR,RANDOLPH RD,,N/A,,STRAIGHT MOVEMENT ANGLE,CLOUDY,DRY,DAYLIGHT,N/A,N/A,,067F47DD-9B1D-4983-8248-88C7FDB705B3,No,NO APPARENT INJURY,N/A,NOT DISTRACTED,MD,60330DF6-DB9E-4FE6-BDC6-A40AB3805A83,FUNCTIONAL,TWO OCLOCK,PASSENGER CAR,MOVING CONSTANT SPEED,South,25,No,No,1993,HONDA,CIVIC,39.05786333,-77.076445,"(39.05786333, -77.076445)"
MCP3223000N,200017987,Montgomery County Police,Property Damage Crash,05/02/2020 09:51:00 PM,Maryland (State),GEORGIA AVE,DENNIS AVE,,N/A,,SAME DIR REAR END,CLEAR,DRY,DARK LIGHTS ON,TRAFFIC SIGNAL,UNKNOWN,,D37D48DE-D1B0-47E8-AB1E-A52ABE7948C4,Yes,NO APPARENT INJURY,N/A,UNKNOWN,,A1A14871-43CA-48E8-A9CC-F32C7343B929,UNKNOWN,TWELVE OCLOCK,UNKNOWN,MOVING CONSTANT SPEED,South,35,No,No,0,UNKNOWN,UNKNOWN,39.02556,-77.04625333,"(39.02556, -77.04625333)"
MCP3009008G,250001540,MONTGOMERY,Injury Crash,01/12/2025 12:50:00 PM,Bicycle Route,,SHAKESPEARE BLVD,,,,Front to Rear,Clear,Dry,Daylight,Traffic Control Signal,"Not Suspect of Alcohol Use, Not Suspect of Drug Use",,96B2CD65-44BA-4434-8903-648A1C7A9587,Yes,No Apparent Injury,Followed Too Closely,Not Distracted,MD,58B9A0AC-99C3-4C9E-A8DF-FFE2E4A31E3B,Superficial,Twelve O Clock,Passenger Car,Accelerating,Eastbound,25,No,No,2015,CHEVROLET,CRUZE,39.19818183,-77.2452045,"(39.19818183, -77.2452045)"
MCP320000BH,240009386,MONTGOMERY,Property Damage Crash,02/22/2024 07:50:00 AM,,,,Driveway        GRASS/YARD IN FRONT OF 4302 EAST WEST HWY,,,Single Vehicle,Unknown,,Daylight,,"Unknown, Unknown",,CEF00B3D-5A38-41A8-A052-9C300B76A9A4,No,,,,,D45C1B00-EC48-4B20-83F5-666106CC6C17,Vehicle Not at Scene,Vehicle Not at Scene,,,Unknown,0,No,No,0,,,38.98571052,-77.08742439,"(38.98571052, -77.08742439)"
EJ78720012,190016914,Gaithersburg Police Depar,Injury Crash,04/11/2019 04:00:00 PM,County,ODENDHAL AVE,LOST KNIFE RD,,N/A,,HEAD ON LEFT TURN,N/A,N/A,DAYLIGHT,TRAFFIC SIGNAL,NONE DETECTED,,ECDBFC76-F044-436D-8363-590D08521B46,No,NO APPARENT INJURY,N/A,NOT DISTRACTED,MD,CD4D57CE-CFE1-4463-BC18-5A27E5C56648,SUPERFICIAL,EIGHT OCLOCK,PASSENGER CAR,MOVING CONSTANT SPEED,East,35,No,No,2011,TOYT,4S,39.15223104,-77.19838396,"(39.15223104, -77.19838396)"
DD5681000K,250024376,ROCKVILLE,Property Damage Crash,06/01/2025 07:05:00 PM,Ramp,RAMP 3 FR MD 189 EB TO IS 270 NB,,,,,Front to Rear,Cloudy,Dry,Daylight,No Controls,"Not Suspect of Alcohol Use, Not Suspect of Drug Use",,B048E7ED-8F23-458B-87EA-52C7250205F2,No,No Apparent Injury,,Not Distracted,MD,3F93318D-66CA-4BE4-BA08-BC519D6A04A6,Functional,Seven O Clock,Passenger Car,Moving Constant Speed,Northbound,55,No,No,2018,TOYOTA,4-RUNNER,39.07553079,-77.16608415,"(39.07553079, -77.16608415)"
MCP3268002B,220034489,Montgomery County Police,Injury Crash,08/11/2022 09:32:00 AM,Maryland (State),NEW HAMPSHIRE AVE,VALLEY BROOK DR,,N/A,,SAME DIR REAR END,RAINING,WET,DAYLIGHT,TRAFFIC SIGNAL,NONE DETECTED,,AA537B60-BB9F-4B40-B9F4-6798A14F26DF,Yes,SUSPECTED MINOR INJURY,N/A,NOT DISTRACTED,MD,8E91165A-6646-40C0-834F-3829B87B6780,FUNCTIONAL,TWELVE OCLOCK,PICKUP TRUCK,MOVING CONSTANT SPEED,South,35,No,No,2013,TOYOTA,TUNDRA,39.05478304,-76.94865909,"(39.05478304, -76.94865909)"
MCP2286002J,190037035,Montgomery County Police,Property Damage Crash,08/03/2019 04:20:00 PM,Municipality,KING FARM BLVD,GRAND CHAMPION DR,,N/A,,STRAIGHT MOVEMENT ANGLE,CLEAR,DRY,DAYLIGHT,YIELD SIGN,NONE DETECTED,,17406171-4181-4DEB-B069-AFFFEE3A723B,No,NO APPARENT INJURY,N/A,NOT DISTRACTED,MD,DAA872C1-E7A9-4857-A53E-4642F1805F06,DISABLING,TEN OCLOCK,POLICE VEHICLE/EMERGENCY,MOVING CONSTANT SPEED,East,25,No,No,2013,HOND,4S,39.11537667,-77.170665,"(39.11537667, -77.170665)"
MCP91340013,180065275,Montgomery County Police,Property Damage Crash,12/31/2018 12:32:00 AM,,,,PARKING LOT BEHIND 8656 COLESVILLE RD,,,SAME DIR REAR END,CLEAR,,DARK LIGHTS ON,N/A,N/A,,FEEFF10C-909F-4039-8460-C76D2A5CCA73,No,NO APPARENT INJURY,N/A,NOT DISTRACTED,MD,D0557B5D-3E7B-4FB5-B462-A38EFA016B1E,FUNCTIONAL,SIX OCLOCK,PASSENGER CAR,MOVING CONSTANT SPEED,North,0,No,No,2007,TOYT,RAV4,38.99770167,-77.028275,"(38.99770167, -77.028275)"
MCP3153004Q,230016794,Montgomery County Police,Property Damage Crash,04/04/2023 02:30:00 PM,Maryland (State),GEORGIA AVE,LAYHILL RD,,N/A,,SAME DIR REAR END,UNKNOWN,UNKNOWN,DAYLIGHT,TRAFFIC SIGNAL,UNKNOWN,,4F65E0DE-4E04-4E92-B4F2-7EE33CF07175,No,NO APPARENT INJURY,N/A,NOT DISTRACTED,MD,B04F41B0-0C7F-4AC1-8C60-0E42B749AE3B,SUPERFICIAL,SIX OCLOCK,PASSENGER CAR,STOPPED IN TRAFFIC LANE,South,35,No,No,2018,HONDA,CIVIC,39.06044993,-77.05146437,"(39.06044993, -77.05146437)"
MCP2878000Z,15017119,Montgomery County Police,Property Damage Crash,04/13/2015 04:20:00 PM,Maryland (State),RIDGE RD,BROWN CHURCH RD,,N/A,,SINGLE VEHICLE,CLEAR,DRY,DAYLIGHT,NO CONTROLS,NONE DETECTED,,A1506646-5DA6-4539-94D7-462F21D867F8,Yes,NO APPARENT INJURY,N/A,NOT DISTRACTED,MD,F59E0ADB-9187-498D-A7F9-CEB778E1868A,DISABLING,ONE OCLOCK,PICKUP TRUCK,MOVING CONSTANT SPEED,South,50,No,No,2004,FORD,TK,39.42305,-77.45539167,"(39.42305, -77.45539167)"
MCP94190011,17008177,Montgomery County Police,Injury Crash,02/15/2017 06:12:00 AM,Maryland (State),FREDERICK RD,RIDGEMONT AVE,,ROCKVILLE,,SAME DIR REAR END,CLEAR,DRY,DARK LIGHTS ON,TRAFFIC SIGNAL,NONE DETECTED,,B5DFEFF7-5AE9-43F0-A5DE-27C5172C6A7D,No,NO APPARENT INJURY,N/A,NOT DISTRACTED,MD,1DC916E6-9E51-4652-8C45-47CFA0869024,FUNCTIONAL,TWELVE OCLOCK,PASSENGER CAR,MOVING CONSTANT SPEED,South,40,No,No,2002,CHEVY,MONTE CARLO,39.1193895,-77.172171,"(39.1193895, -77.172171)"
MCP2791000Y,15000637,Montgomery County Police,Property Damage Crash,01/04/2015 10:40:00 PM,County,GREENCASTLE RD,TURBRIDGE DR,,N/A,,OTHER,CLEAR,WET,DARK LIGHTS ON,N/A,ALCOHOL PRESENT,,568B98FC-C7EF-4C3E-AB4F-3212E3EA5027,Yes,NO APPARENT INJURY,N/A,UNKNOWN,MD,3BC24FB1-6CC4-4E29-8CAA-37BA88C489CB,SUPERFICIAL,ELEVEN OCLOCK,PASSENGER CAR,PARKING,West,15,No,No,2013,NISS,4S,39.092495,-76.92835833,"(39.092495, -76.92835833)"
DD55400018,210030015,Rockville Police Departme,Property Damage Crash,08/02/2021 07:12:00 PM,Maryland (State),ROCKVILLE PIKE,TALBOTT ST,,ROCKVILLE,,STRAIGHT MOVEMENT ANGLE,CLEAR,DRY,DAYLIGHT,STOP SIGN,NONE DETECTED,,A7DDCF4E-474D-4F13-98AE-89823C18F18A,Yes,NO APPARENT INJURY,N/A,LOOKED BUT DID NOT SEE,MD,A062D696-453E-42CB-AC8B-728DD4E837F4,FUNCTIONAL,TEN OCLOCK,PASSENGER CAR,MAKING LEFT TURN,East,25,No,No,2017,HOND,4S,39.07094744,-77.13223961,"(39.07094744, -77.13223961)"
MCP3394000W,240025667,MONTGOMERY,Injury Crash,05/30/2024 04:52:00 PM,Spur,,NICHOLSON LA,,,,Front to Rear,Clear,Dry,Daylight,No Controls,"Not Suspect of Alcohol Use, Not Suspect of Drug Use",,A310A6B4-FB1C-4E43-A9CB-4D02D38D036B,Yes,Suspected Minor Injury,,Not Distracted,MD,B57D4238-D8D8-4610-B247-965DEEAED200,Disabling,Eleven O Clock,Passenger Car,Moving Constant Speed,Eastbound,30,No,No,2018,HYUNDAI,ELANTRA,39.04571337,-77.10449419,"(39.04571337, -77.10449419)"
MCP2617000Y,15046486,MONTGOMERY,Injury Crash,09/14/2015 01:30:00 PM,County,LONE OAK DR,HURST ST,,N/A,,STRAIGHT MOVEMENT ANGLE,CLEAR,DRY,DAYLIGHT,STOP SIGN,NONE DETECTED,,E5D658FD-67E6-4D9B-BA97-6B44840B032D,No,POSSIBLE INJURY,N/A,NOT DISTRACTED,MD,3281CCF9-BF72-447F-8CC7-0A550F15B6C4,DISABLING,TWELVE OCLOCK,MOTORCYCLE,MOVING CONSTANT SPEED,West,25,No,No,2012,TRIUMPH,MOTORCYCLE,39.019725,-77.118325,"(39.019725, -77.118325)"
MCP292300DV,250021628,MONTGOMERY,Injury Crash,05/16/2025 12:44:00 PM,Maryland (State) Route,UNIVERSITY BLVD W (WB/L),,,,,Front to Rear,Clear,Dry,Daylight,Traffic Control Signal,"Not Suspect of Alcohol Use, Not Suspect of Drug Use",,A7289E5C-7B0B-4DA8-8C04-87DE3848AF33,No,Suspected Minor Injury,,Not Distracted,MD,0C191F67-9541-45EF-8A56-A831723E0C4D,Disabling,Twelve O Clock,Sport Utility Vehicle,Moving Constant Speed,Not On Roadway,35,No,No,2023,LEXUS,GX,39.03772487,-77.05955155,"(39.03772487, -77.05955155)"
EJ7884003R,220004901,Gaithersburg Police Depar,Property Damage Crash,02/04/2022 04:09:00 PM,Municipality,PERRY PKWY,FREDERICK RD,,N/A,,SAME DIRECTION SIDESWIPE,RAINING,WET,DAYLIGHT,NO CONTROLS,N/A,,55839706-66EF-424E-B7BB-0E22E37AF0F8,Yes,NO APPARENT INJURY,N/A,LOOKED BUT DID NOT SEE,MD,DAE544F0-B8F6-4DE3-85E7-055F454B1831,DISABLING,TWELVE OCLOCK,PASSENGER CAR,MOVING CONSTANT SPEED,North,25,No,No,2010,HOND,UT,39.14986905,-77.2093222,"(39.14986905, -77.2093222)"
MCP2592002L,230007232,Montgomery County Police,Injury Crash,02/13/2023 09:40:00 AM,County,GOSHEN RD,SNOUFFERS SCHOOL RD,,N/A,PEDESTRIAN,HEAD ON LEFT TURN,CLEAR,WET,DAYLIGHT,TRAFFIC SIGNAL,NONE DETECTED,NONE DETECTED,15D3D03D-5C3C-4D84-9060-2BF9E8D417D0,No,NO APPARENT INJURY,"N/A, WET",NOT DISTRACTED,MD,80A10D6F-4B97-4663-AA38-A659EAB82933,DESTROYED,EIGHT OCLOCK,PASSENGER CAR,MOVING CONSTANT SPEED,West,30,No,No,2008,FORD,TK,39.18786333,-77.187085,"(39.18786333, -77.187085)"
MCP2016000G,15014717,Montgomery County Police,Property Damage Crash,03/31/2015 08:11:00 AM,County,E GUDE DR,CRABBS BRANCH WAY,,N/A,,STRAIGHT MOVEMENT ANGLE,CLEAR,DRY,DAYLIGHT,TRAFFIC SIGNAL,NONE DETECTED,,38318169-8F4F-418D-868F-7CD9734F6CB1,Yes,NO APPARENT INJURY,N/A,NOT DISTRACTED,MD,020F67D5-3881-4943-9153-3136DD1A9D6D,FUNCTIONAL,ELEVEN OCLOCK,PASSENGER CAR,STARTING FROM LANE,North,35,No,No,1987,MERZ,560SEL,39.12122,-77.15830167,"(39.12122, -77.15830167)"
MCP2427000B,240043693,MONTGOMERY,Injury Crash,09/13/2024 09:42:00 PM,Maryland (State) Route,FREDERICK RD (SB/L),KING FARM BLVD,,,,Front to Rear,Clear,Dry,Dark - Lighted,Traffic Control Signal,"Not Suspect of Alcohol Use, Not Suspect of Drug Use",,F84445F0-C971-4E4E-8CD8-1D9D997598EA,No,Suspected Minor Injury,,Not Distracted,MD,4339A68C-5A4C-44AC-ADCD-D1D4A8B08039,Functional,Six O Clock,Sport Utility Vehicle,Stopped in Traffic,Southbound,35,No,No,2019,DODGE,DURANGO,39.11725272,-77.16915028,"(39.11725272, -77.16915028)"
MCP30080039,220030632,Montgomery County Police,Property Damage Crash,07/17/2022 01:06:00 AM,County,GREENWOOD AVE,BROWNING AVE,,N/A,,OTHER,CLEAR,DRY,DARK LIGHTS ON,NO CONTROLS,NONE DETECTED,,5457683B-8F8C-49D5-AB9D-4DC439CA1FFE,Yes,NO APPARENT INJURY,N/A,UNKNOWN,XX,B00FE472-2086-4322-8F53-52DEA75BD783,FUNCTIONAL,ONE OCLOCK,PASSENGER CAR,MOVING CONSTANT SPEED,West,20,No,No,2008,SCION,TC,38.99555667,-77.00160167,"(38.99555667, -77.00160167)"
MCP3111003F,210013797,Montgomery County Police,Property Damage Crash,04/13/2021 02:00:00 PM,Maryland (State),RIVER RD,GOLDSBORO RD,,N/A,,SAME DIR REAR END,CLEAR,DRY,DAYLIGHT,TRAFFIC SIGNAL,NONE DETECTED,,872BBF86-F7AF-4CC2-95D3-842867D837D5,Yes,NO APPARENT INJURY,N/A,NOT DISTRACTED,VA,E1C1DC48-F3C8-4123-BB71-AB89BB456342,FUNCTIONAL,TWELVE OCLOCK,PASSENGER CAR,MOVING CONSTANT SPEED,West,35,No,No,2010,MERCEDES-BENZ,E350,38.97422317,-77.12346217,"(38.97422317, -77.12346217)"
EJ7854002T,190003367,Gaithersburg Police Depar,Property Damage Crash,01/22/2019 12:36:00 PM,Maryland (State),FREDERICK RD,MONTGOMERY VILLAGE AVE,,N/A,,SAME DIR REAR END,CLEAR,DRY,DAYLIGHT,TRAFFIC SIGNAL,UNKNOWN,,C88F06A4-6668-4D3A-8168-BCAFC33BE318,No,NO APPARENT INJURY,N/A,NOT DISTRACTED,,1CC0FA2F-3F0A-4563-87A0-1D60CBCD2D7F,N/A,UNKNOWN,UNKNOWN,STOPPED IN TRAFFIC LANE,North,40,No,No,0,UNKNOWN,UNKNOWN,39.150835,-77.21399,"(39.150835, -77.21399)"
MCP26330011,16024186,Montgomery County Police,Property Damage Crash,05/15/2016 07:39:00 PM,County,ODENDHAL AVE,LOST KNIFE RD,,N/A,,ANGLE MEETS LEFT TURN,CLEAR,DRY,DAYLIGHT,TRAFFIC SIGNAL,NONE DETECTED,,C9845E08-F8B6-412F-B391-661EE1CB9EEB,No,NO APPARENT INJURY,N/A,UNKNOWN,MD,9F669F07-7944-4826-A7DB-66569F747E91,FUNCTIONAL,NINE OCLOCK,PASSENGER CAR,MOVING CONSTANT SPEED,West,30,No,No,2007,TOYT,4DR CAMRY,39.15254167,-77.19830667,"(39.15254167, -77.19830667)"
MCP3136004B,210018517,Montgomery County Police,Property Damage Crash,05/17/2021 08:16:00 AM,Maryland (State),UNIVERSITY BLVD E,ENT TO BUSINESS,,N/A,,SAME DIRECTION RIGHT TURN,CLEAR,DRY,DAYLIGHT,N/A,NONE DETECTED,,30E96693-D83F-43C9-881E-F5D35D047A92,No,NO APPARENT INJURY,"N/A, ROAD UNDER CONSTRUCTION/MAINTENANCE",NOT DISTRACTED,MD,2C0198BF-7B9D-4EBD-A722-01479361038D,SUPERFICIAL,ELEVEN OCLOCK,PASSENGER CAR,MOVING CONSTANT SPEED,West,10,No,No,2008,TOYT,4S,38.99962551,-76.99538726,"(38.99962551, -76.99538726)"