Report Number,Local Case Number,Agency Name,ACRS Report Type,Crash Date/Time,Route Type,Road Name,Cross-Street Name,Off-Road Description,Municipality,Related Non-Motorist,Collision Type,Weather,Surface Condition,Light,Traffic Control,Driver Substance Abuse,Non-Motorist Substance Abuse,Person ID,Driver At Fault,Injury Severity,Circumstance,Driver Distracted By,Drivers License State,Vehicle ID,Vehicle Damage Extent,Vehicle First Impact Location,Vehicle Body Type,Vehicle Movement,Vehicle Going Dir,Speed Limit,Driverless Vehicle,Parked Vehicle,Vehicle Year,Vehicle Make,Vehicle Model,Latitude,Longitude,Location
MCP3178001N,200003973,Montgomery County Police,Property Damage Crash,01/24/2020 12:20:00 PM,Maryland (State),NEW HAMPSHIRE AVE,COLESVILLE MANOR DR,,N/A,,SAME DIR REAR END,CLOUDY,DRY,DAYLIGHT,OTHER,NONE DETECTED,,24ED9803-068D-4A77-8ACB-F82405842240,No,NO APPARENT INJURY,N/A,NOT DISTRACTED,MD,70AC05C7-D9D3-41B6-8AB0-24972994CA71,FUNCTIONAL,SIX OCLOCK,PASSENGER CAR,STOPPED IN TRAFFIC LANE,South,45,No,No,2015,HOND,ODYSSEY,39.08549333,-76.9997,"(39.08549333, -76.9997)"
DD5652002R,230015772,Rockville Police Departme,Property Damage Crash,04/02/2023 12:07:00 PM,Municipality,HALPINE RD,E JEFFERSON ST,,ROCKVILLE,,STRAIGHT MOVEMENT ANGLE,N/A,DRY,DAYLIGHT,TRAFFIC SIGNAL,NONE DETECTED,,842C6744-77E2-4B26-8416-150FE81D8248,Yes,NO APPARENT INJURY,N/A,NOT DISTRACTED,IA,AF2B04B0-02D8-41E6-9C95-F4696FA47D0A,DISABLING,TWELVE OCLOCK,PASSENGER CAR,MOVING CONSTANT SPEED,West,25,No,No,2022,TOYOT,LL,39.0608587,-77.12585157,"(39.0608587, -77.12585157)"
MCP2816004K,250030721,MONTGOMERY,Property Damage Crash,07/10/2025 01:28:00 PM,County Route,SHADY GROVE RD (SB/L),MOLECULAR DR,,,,Angle,Clear,Dry,Daylight,Stop Sign,"Not Suspect of Alcohol Use, Not Suspect of Drug Use",,7187B8E2-DC2E-4747-B868-F567CC755034,Yes,No Apparent Injury,Failed to Yield Right-of-Way,Not Distracted,MD,1225C309-406C-464D-9ED6-1BBBAE6CE116,Disabling,Twelve O Clock,Passenger Car,Turning Left,Southbound,40,No,No,2024,HYUNDAI,ELANTRA,39.09192,-77.2087,"(39.09192, -77.2087)"
DD559500CM,220057499,Rockville Police Departme,Property Damage Crash,12/28/2022 08:30:00 AM,Maryland (State),VEIRS MILL RD,EDMONSTON DR,,ROCKVILLE,,SAME DIR REAR END,CLEAR,DRY,DAYLIGHT,TRAFFIC SIGNAL,NONE DETECTED,,2F2EFA2D-F3D3-4688-AE02-AE80FCA175D2,No,NO APPARENT INJURY,N/A,NOT DISTRACTED,MD,2151A774-9D11-4294-8DAF-10243A57A75B,SUPERFICIAL,SIX OCLOCK,PASSENGER CAR,STOPPED IN TRAFFIC LANE,East,40,No,No,2015,FORD,TK,39.07848817,-77.13071467,"(39.07848817, -77.13071467)"
MCP06850020,16009282,Montgomery County Police,Property Damage Crash,02/24/2016 04:52:00 PM,County,PARKLAWN DR,WASHINGTON AVE,,N/A,,ANGLE MEETS LEFT HEAD ON,RAINING,WET,DUSK,N/A,NONE DETECTED,,D455D080-20A0-4B09-AAEA-F1C0A9AA7FDC,No,NO APPARENT INJURY,"RAIN, SNOW, WET",NOT DISTRACTED,MD,672B7EAD-CA06-4E93-9AB9-57D8C1AC0572,FUNCTIONAL,TWELVE OCLOCK,PASSENGER CAR,MOVING CONSTANT SPEED,West,30,No,No,2012,NISS,4DR,39.06129833,-77.11517167,"(39.06129833, -77.11517167)"
MCP3080000B,170535015,Montgomery County Police,Injury Crash,10/06/2017 10:09:00 PM,County,CINNAMON DR,CLOPPER RD,,N/A,,STRAIGHT MOVEMENT ANGLE,CLEAR,DRY,DARK LIGHTS ON,STOP SIGN,NONE DETECTED,,97209387-2477-4D3E-84D4-244D78089672,No,NO APPARENT INJURY,N/A,UNKNOWN,MD,BCD28AA5-2A1C-4544-8C2A-9EB54C72B359,FUNCTIONAL,TWELVE OCLOCK,ALL TERRAIN VEHICLE (ATV),MOVING CONSTANT SPEED,West,40,No,No,2011,LINCOLN,MKZ,39.15542377,-77.26103939,"(39.15542377, -77.26103939)"
MCP3339004T,250002772,MONTGOMERY,Injury Crash,01/20/2025 03:01:00 PM,Maryland (State) Route,GEORGIA AVE (SB/L),,,,,Front to Rear,Clear,Dry,Daylight,No Controls,"Not Suspect of Alcohol Use, Not Suspect of Drug Use",,3457EE9E-8D15-4A84-8038-55E32F07C224,Yes,Suspected Minor Injury,"Followed Too Closely, Ran Off Roadway",Not Distracted,MD,3C862DC9-5CC8-4656-A173-A7E357B3EFC2,Disabling,Twelve O Clock,Sport Utility Vehicle,Moving Constant Speed,Southbound,35,No,No,2014,FORD,EDGE,39.09405767,-77.07964067,"(39.09405767, -77.07964067)"
HA2424001P,24001463,MCPARK,Property Damage Crash,07/19/2024 10:37:00 AM,Municipality Route,CHICAGO AVE,,,,,Front to Rear,Clear,Dry,Daylight,No Controls,"Not Suspect of Alcohol Use, Not Suspect of Drug Use",,65D2619B-FBA6-4397-9B3C-31145B15D188,No,No Apparent Injury,,Not Distracted,MD,3C12BF7A-C1FA-4057-8399-C95FF66779D0,Superficial,Six O Clock,Pickup,Slowing or Stopping,Northbound,15,No,No,2017,FORD,F-250,38.98706255,-77.02096132,"(38.98706255, -77.02096132)"
MCP2087001L,170513825,Montgomery County Police,Injury Crash,06/15/2017 12:49:00 PM,County,RANDOLPH RD,SELFRIDGE RD,,N/A,,SAME DIRECTION SIDESWIPE,N/A,DRY,DAYLIGHT,TRAFFIC SIGNAL,NONE DETECTED,,FBB7B918-137E-4EEF-A3BB-6D46FC5B7A15,No,POSSIBLE INJURY,N/A,NOT DISTRACTED,MD,6219D556-70B8-4A0B-AFB4-EC98A77FAD13,DISABLING,FOUR OCLOCK,"OTHER LIGHT TRUCKS (10,000LBS (4,536KG) OR LESS)",MAKING LEFT TURN,West,35,No,No,2005,FORD,F150,39.05533667,-77.08370667,"(39.05533667, -77.08370667)"
MCP295400CV,230004365,Montgomery County Police,Property Damage Crash,01/26/2023 06:05:00 PM,US (State),COLESVILLE RD,ENT TO SHOPPING CENTER,,N/A,,SAME DIRECTION SIDESWIPE,CLEAR,DRY,DARK -- UNKNOWN LIGHTING,NO CONTROLS,UNKNOWN,,3190924A-28E9-4AD7-9C5F-BA210C60A90C,Yes,NO APPARENT INJURY,N/A,UNKNOWN,MD,C26E2088-8E01-4588-BC5D-88EAF0C120F4,UNKNOWN,UNKNOWN,PASSENGER CAR,MOVING CONSTANT SPEED,North,30,No,No,2016,TOYOTA,COROLLA,39.02073333,-77.01223,"(39.02073333, -77.01223)"
MCP2767002D,17004206,Montgomery County Police,Property Damage Crash,01/24/2017 05:48:00 PM,Maryland (State),UNIVERSITY BLVD W,ELKIN ST,,N/A,,SAME DIRECTION SIDESWIPE,CLEAR,DRY,DARK LIGHTS ON,NO CONTROLS,NONE DETECTED,,D460A11E-B545-40C8-9564-7816F67C47FF,Yes,NO APPARENT INJURY,N/A,NOT DISTRACTED,DC,77B53DAC-2BB9-43EA-B957-0D28D89C8C3A,SUPERFICIAL,ELEVEN OCLOCK,PASSENGER CAR,CHANGING LANES,East,35,No,No,2005,VOLKS,JETTA,39.04152793,-77.05061674,"(39.04152793, -77.05061674)"
MCP3040006K,240041687,MONTGOMERY,Injury Crash,09/03/2024 12:00:00 PM,Maryland (State) Route,VEIRS MILL RD (WB/L),,,,,Front to Rear,Clear,Dry,Daylight,Traffic Control Signal,"Not Suspect of Alcohol Use, Not Suspect of Drug Use",,58FA5754-F369-4320-9014-6D818F2192EF,No,No Apparent Injury,,Not Distracted,MD,9FAEF893-71D3-4665-AD05-E06C7C0F6D20,Disabling,Six O Clock,Passenger Car,Moving Constant Speed,Westbound,45,No,No,1998,TOYOTA,4-RUNNER,39.06310333,-77.09446333,"(39.06310333, -77.09446333)"
MCP2586004Z,190042011,Montgomery County Police,Injury Crash,09/02/2019 04:46:00 PM,County,COMUS RD,FREDERICK CO/L,,N/A,,SINGLE VEHICLE,CLEAR,WET,DAYLIGHT,N/A,NONE DETECTED,,DEF456AA-9D67-44F6-A37C-BCA93511ABB1,Yes,NO APPARENT INJURY,N/A,TALKING OR LISTENING TO CELLULAR PHONE,MD,162E49C9-50C7-4AE1-9804-1542890D22E6,DESTROYED,TWELVE OCLOCK,PICKUP TRUCK,MOVING CONSTANT SPEED,East,40,No,No,2018,FORD,RAPTOR,39.25046667,-77.3798,"(39.25046667, -77.3798)"
MCP3229002J,250016514,MONTGOMERY,Property Damage Crash,04/16/2025 11:04:00 AM,Maryland (State) Route,RIVER RD,,,,,Front to Rear,Clear,Dry,Daylight,No Controls,"Unknown, Not Suspect of Drug Use",,A5458508-B048-4D9C-9FF6-31CA436761BA,No,No Apparent Injury,,Not Distracted,DC,5BACCDDB-0BB4-402A-BA3F-FF88AD10584C,Functional,Six O Clock,Passenger Car,Slowing or Stopping,Eastbound,35,No,No,2019,TOYOTA,C-HR,38.966085,-77.1056585,"(38.966085, -77.1056585)"
EJ7899000P,230016031,Gaithersburg Police Depar,Injury Crash,04/04/2023 04:22:00 AM,Maryland (State),FREDERICK RD,MONTGOMERY VILLAGE AVE,,N/A,,STRAIGHT MOVEMENT ANGLE,CLEAR,DRY,DARK LIGHTS ON,TRAFFIC SIGNAL,N/A,,6C748C69-0570-4847-BEBA-3FE6DEE76A07,No,POSSIBLE INJURY,N/A,NOT DISTRACTED,MD,BB72F468-FF62-4EAC-B48E-1C712C5A8CF0,DISABLING,ONE OCLOCK,PASSENGER CAR,MOVING CONSTANT SPEED,East,30,No,No,2016,MAZDA,TK,39.15267338,-77.21195635,"(39.15267338, -77.21195635)"
MCP2497000P,17008225,Montgomery County Police,Injury Crash,02/15/2017 01:03:00 PM,County,ROLLING GREEN WAY,MAINE COVE DR,,N/A,,OTHER,CLEAR,DRY,DAYLIGHT,NO CONTROLS,NONE DETECTED,,E320A2E7-A5EE-46DA-850B-4C82B0D581B2,Yes,POSSIBLE INJURY,N/A,EATING OR DRINKING,MD,9F0326D6-18B4-4B49-A56D-6DA8FAA993BE,DISABLING,ELEVEN OCLOCK,PASSENGER CAR,MOVING CONSTANT SPEED,North,30,No,No,2016,JEEP,4X4,39.09562817,-77.2266455,"(39.09562817, -77.2266455)"
MCP3086009M,230063019,Montgomery County Police,Property Damage Crash,10/28/2023 08:15:00 AM,County,SNOUFFERS SCHOOL RD,NO NAME,,N/A,,ANGLE MEETS LEFT TURN,CLEAR,DRY,DAYLIGHT,NO CONTROLS,NONE DETECTED,,98C5BC98-9B46-48AA-B336-69F75B2E37F2,No,NO APPARENT INJURY,N/A,NOT DISTRACTED,MD,3D9E2ADB-0433-42F9-95B8-468DB92FC8DB,DISABLING,TWELVE OCLOCK,(SPORT) UTILITY VEHICLE,MOVING CONSTANT SPEED,East,35,No,No,2007,HONDA,CRV,39.16736,-77.17354,"(39.16736, -77.17354)"
MCP3374000D,230017371,Montgomery County Police,Property Damage Crash,04/12/2023 07:00:00 AM,County,LONE OAK DR,SINNOTT DR,,N/A,,HEAD ON,CLEAR,DRY,DAYLIGHT,NO CONTROLS,NONE DETECTED,,B05A5FFD-1A47-49D2-9059-F9BA44556E1B,Yes,NO APPARENT INJURY,N/A,DISTRACTED BY OUTSIDE PERSON OBJECT OR EVENT,MD,0BF11EF8-35F8-4E02-946F-ABA78E76812B,DISABLING,ELEVEN OCLOCK,PASSENGER CAR,MOVING CONSTANT SPEED,South,25,No,No,2015,TOYOTA,CAMRY,39.02008333,-77.12786833,"(39.02008333, -77.12786833)"
MCP2982002H,190010137,Montgomery County Police,Property Damage Crash,03/04/2019 05:27:00 PM,US (State),GEORGIA AVE,SILVER SPRING AVE,,N/A,,STRAIGHT MOVEMENT ANGLE,CLEAR,DRY,DAYLIGHT,TRAFFIC SIGNAL,NONE DETECTED,,B3B971CA-0ADD-4356-AFD4-7B281A4247F1,Unknown,NO APPARENT INJURY,N/A,UNKNOWN,MD,8C1F5E4B-207C-47FC-BAE5-1D3A3243F89C,DISABLING,TWO OCLOCK,PASSENGER CAR,MOVING CONSTANT SPEED,East,30,No,No,2013,NISSAN,SENTRA,38.99167,-77.026445,"(38.99167, -77.026445)"
EJ78370031,180049248,Gaithersburg Police Depar,Injury Crash,10/02/2018 02:39:00 PM,Municipality,FIRSTFIELD RD,FIRSTFIELD RD (AHEAD),,N/A,PEDESTRIAN,SINGLE VEHICLE,CLEAR,N/A,DAYLIGHT,NO CONTROLS,N/A,N/A,421CF1C8-2EE2-4F54-9051-76F031E7BE7F,Yes,NO APPARENT INJURY,N/A,NOT DISTRACTED,MD,250EA7E0-27A1-47E6-A9B1-904CDCC998D8,NO DAMAGE,TWELVE OCLOCK,PASSENGER CAR,STARTING FROM LANE,North,25,No,No,2016,JEEP,TK,39.144765,-77.21921667,"(39.144765, -77.21921667)"
MCP3220004B,230064017,Montgomery County Police,Property Damage Crash,11/02/2023 03:14:00 PM,Maryland (State),MUNCASTER MILL RD,AIRPARK RD,,N/A,,SAME DIR REAR END,CLEAR,DRY,DAYLIGHT,NO CONTROLS,UNKNOWN,,9959CDCF-319B-4E34-A8CD-D6C7128438A7,Unknown,NO APPARENT INJURY,N/A,UNKNOWN,MD,533E4FAA-A31F-40D2-A588-5EE210F458E8,NO DAMAGE,ONE OCLOCK,PICKUP TRUCK,UNKNOWN,West,35,No,No,2023,DODGE,1500,39.14795683,-77.14609383,"(39.14795683, -77.14609383)"
DM8522000L,230046096,Takoma Park Police Depart,Property Damage Crash,07/25/2023 11:26:00 PM,,PRINCE GEORGES AVE,BELFORD PL,,N/A,,OTHER,CLEAR,DRY,DARK LIGHTS ON,N/A,UNKNOWN,,B9CF9A26-ECDE-4058-85C7-551282A124B4,Yes,NO APPARENT INJURY,N/A,UNKNOWN,,F544C17C-9EF1-43F0-BFE8-FB795B7A516C,FUNCTIONAL,TWELVE OCLOCK,PASSENGER CAR,ACCELERATING,North,25,No,No,2015,LEXUS,SD,38.97271333,-76.998232,"(38.97271333, -76.998232)"
MCP2788000F,15005970,Montgomery County Police,Property Damage Crash,02/05/2015 10:28:00 PM,County,GOODHILL RD,GREENLY ST,,N/A,,HEAD ON,CLEAR,DRY,DARK LIGHTS ON,N/A,ALCOHOL PRESENT,,E3EF8796-5382-4CB2-953A-9BEAFBEB5559,Yes,NO APPARENT INJURY,N/A,UNKNOWN,MD,705E672D-752B-4F97-B6C4-DD5F4F09F8AD,DESTROYED,TWELVE OCLOCK,PASSENGER CAR,MOVING CONSTANT SPEED,South,25,No,No,2004,TOYOTA,COROLLA,39.060995,-77.07177,"(39.060995, -77.07177)"
MCP3010007T,230005027,Montgomery County Police,Property Damage Crash,01/31/2023 10:22:00 AM,Maryland (State),CONNECTICUT AVE,DIRECTIONAL CROSSOVER,,N/A,,STRAIGHT MOVEMENT ANGLE,RAINING,WET,DAYLIGHT,NO CONTROLS,N/A,,F0E645A7-C547-4D55-82E5-F0A8BF88772D,Yes,NO APPARENT INJURY,"BACKUP DUE TO NON-RECURRING INCIDENT, RAIN, SNOW, WET",LOOKED BUT DID NOT SEE,MD,12EA00DB-6A53-40C2-9FED-9BA975BB1564,FUNCTIONAL,THREE OCLOCK,FIRE VEHICLE/EMERGENCY,MOVING CONSTANT SPEED,South,30,No,No,2018,FORD,TRUCK,38.992485,-77.07707,"(38.992485, -77.07707)"
MCP137800CK,16048975,Montgomery County Police,Property Damage Crash,09/23/2016 03:47:00 PM,County,MONTGOMERY VILLAGE AVE,APPLE RIDGE RD,,N/A,,SAME DIR REAR END,CLEAR,DRY,DAYLIGHT,NO CONTROLS,NONE DETECTED,,9D8525A4-3A91-42D7-B15A-E3CB9DCF14BD,Yes,NO APPARENT INJURY,N/A,BY MOVING OBJECT IN VEHICLE,MD,EFD0EF42-DC4A-41C9-AD92-67EDE8AAFAAF,DISABLING,TWELVE OCLOCK,PASSENGER CAR,SLOWING OR STOPPING,North,35,No,No,2013,MERCEDES,C300,39.18588223,-77.19854593,"(39.18588223, -77.19854593)"
MCP15190010,16049291,Montgomery County Police,Injury Crash,09/25/2016 09:20:00 AM,Maryland (State),CLOPPER RD,GERMANTOWN RD,,N/A,,SAME DIR REAR END,CLEAR,DRY,DAYLIGHT,YIELD SIGN,NONE DETECTED,,C4D9B31F-7382-4788-B3DA-30481B04C78A,No,SUSPECTED MINOR INJURY,N/A,NOT DISTRACTED,MD,C11D639E-6B7E-43F6-A09E-DBA2401BADFA,DISABLING,SIX OCLOCK,PASSENGER CAR,STOPPED IN TRAFFIC LANE,West,30,No,No,1997,HONDA,CIVIC,39.16308043,-77.28274584,"(39.16308043, -77.28274584)"
MCP3381002G,250013271,MONTGOMERY,Property Damage Crash,03/26/2025 05:00:00 PM,Maryland (State) Route,CLOPPER RD,KINGSVIEW RD,,,,Front to Rear,Clear,Dry,Daylight,Traffic Control Signal,"Not Suspect of Alcohol Use, Not Suspect of Drug Use",,6B9690C8-2F29-44EC-820C-8ED1763307D0,No,No Apparent Injury,,Not Distracted,MD,F78EF753-3D4C-4E05-BDC7-4548EB5D6E71,Functional,Six O Clock,Sport Utility Vehicle,Turning Left,Southbound,30,No,No,2019,CHEVROLET,SUBURBAN HD,39.16481682,-77.28724159,"(39.16481682, -77.28724159)"
MCP2420003P,190035968,Montgomery County Police,Property Damage Crash,07/28/2019 02:50:00 PM,County,ARCOLA AVE,LAMBERTON DR,,N/A,,SINGLE VEHICLE,CLEAR,DRY,DAYLIGHT,NO CONTROLS,NONE DETECTED,,543DBF07-2838-4550-9D1C-B50A316BFBF1,Yes,NO APPARENT INJURY,N/A,NOT DISTRACTED,MD,6985AA5F-FCBB-45F9-BD7A-4EE554CCFB8A,DISABLING,TWELVE OCLOCK,PASSENGER CAR,MOVING CONSTANT SPEED,East,35,No,No,2004,SUBA,4S,39.04218833,-77.02981,"(39.04218833, -77.02981)"
MCP2899004C,200051293,Montgomery County Police,Property Damage Crash,12/30/2020 12:57:00 AM,County,CARROLL AVE,OSAGE ST,,N/A,,OTHER,CLEAR,DRY,DARK LIGHTS ON,NO CONTROLS,ALCOHOL PRESENT,,AFB5839E-BFA4-411B-B39E-BCA7B3B5E415,Yes,NO APPARENT INJURY,N/A,UNKNOWN,MD,F9A32D94-DF77-429B-BBBA-341EE9A89970,DISABLING,TWELVE OCLOCK,PASSENGER CAR,UNKNOWN,South,25,No,No,2017,NISSAN,VERSA,38.99549197,-76.99239065,"(38.99549197, -76.99239065)"
MCP137800FR,17001670,Montgomery County Police,Property Damage Crash,01/10/2017 04:45:00 PM,Maryland (State),DARNESTOWN RD,KENT OAKS WAY,,GAITHERSBURG,,SAME DIR REAR END,CLOUDY,DRY,DAYLIGHT,N/A,NONE DETECTED,,B41664D5-4A36-4043-B80F-5CA86FE18CBC,No,NO APPARENT INJURY,N/A,NOT DISTRACTED,MD,EDB36F81-2242-4F76-A4BE-B71764C5CFDA,FUNCTIONAL,TWELVE OCLOCK,(SPORT) UTILITY VEHICLE,STOPPED IN TRAFFIC LANE,West,35,No,No,2011,HOND,PILOT,39.11447,-77.24387,"(39.11447, -77.24387)"
MCP3107002Z,240045571,MONTGOMERY,Property Damage Crash,09/24/2024 02:51:00 PM,Service Road,N CAMPUS DR,HUNGERFORD DR (SB/L),,,,Single Vehicle,Clear,Wet,Daylight,Traffic Control Signal,"Not Suspect of Alcohol Use, Not Suspect of Drug Use",,38B1CE11-613D-42AF-B49B-AA220BEFB704,Yes,No Apparent Injury,,Unknown,MD,B1F7F39E-42C2-4324-9E21-0B2D5CD7D475,Disabling,Twelve O Clock,Passenger Car,Turning Left,,40,No,No,2016,TOYOTA,COROLLA,39.10114,-77.15491167,"(39.10114, -77.15491167)"
MCP302600BS,230056596,Montgomery County Police,Injury Crash,09/24/2023 09:56:00 AM,Other Public Roadway,MONTROSE PKWY,MONTROSE RD,,N/A,,OTHER,RAINING,WET,DAYLIGHT,NO CONTROLS,NONE DETECTED,,0655EA70-2905-44F5-88E8-A68356CC04AF,Yes,POSSIBLE INJURY,"RAIN, SNOW, WET",NOT DISTRACTED,MD,6CFC3240-E6ED-4047-80D3-96F24765D2B1,FUNCTIONAL,TWELVE OCLOCK,PASSENGER CAR,CHANGING LANES,East,35,No,No,2016,SUBA,LEGACY,39.05134617,-77.13422117,"(39.05134617, -77.13422117)"
MCP3187000Q,190035628,Montgomery County Police,Injury Crash,07/26/2019 04:34:00 PM,County,RANDOLPH RD,BLUHILL RD,,N/A,,SAME DIR REAR END,CLEAR,DRY,DAYLIGHT,NO CONTROLS,NONE DETECTED,,7BF69D2F-6BB4-4AE7-9B9B-DAB35FFADBE6,No,SUSPECTED MINOR INJURY,N/A,NOT DISTRACTED,MD,08174ADF-1982-4EC3-92E2-7C1A5BB0F8D9,FUNCTIONAL,SIX OCLOCK,POLICE VEHICLE/EMERGENCY,SLOWING OR STOPPING,East,35,No,No,2015,FORD,TAURUS,39.05906167,-77.06584833,"(39.05906167, -77.06584833)"
DM84340010,170507778,Takoma Park Police Depart,Property Damage Crash,05/14/2017 09:20:00 PM,,,,REAR PARKING LOT OF 7300BLK  CARROLL INTO DRIVEWAY OF 8 LEE AVE,,,SINGLE VEHICLE,CLEAR,,DARK NO LIGHTS,NO CONTROLS,NONE DETECTED,,7CD35C80-4B14-43CB-A777-56496D0DF9D2,Yes,NO APPARENT INJURY,N/A,LOOKED BUT DID NOT SEE,MD,9ECB4F0F-514B-4981-885F-6A5014D5AFC7,DISABLING,UNDERSIDE,PASSENGER CAR,ACCELERATING,West,5,No,No,2017,TOYOTA,RAV4,38.97900167,-77.00598,"(38.97900167, -77.00598)"
EJ7876003T,210043201,Gaithersburg Police Depar,Property Damage Crash,10/26/2021 05:45:00 PM,Municipality,E DIAMOND AVE,RUSSELL AVE,,GAITHERSBURG,,OTHER,CLEAR,DRY,DAYLIGHT,NO CONTROLS,NONE DETECTED,,04EE0B8A-972D-44CC-9C83-BA06A9B0B89B,Yes,NO APPARENT INJURY,N/A,LOOKED BUT DID NOT SEE,MD,2FD5E2EA-47DD-4E0A-8122-D7E412FB3DD9,NO DAMAGE,SIX OCLOCK,TRANSIT BUS,BACKING,West,30,No,No,2017,GILG,BU,39.14190733,-77.19624783,"(39.14190733, -77.19624783)"
MCP27630054,250015627,MONTGOMERY,Injury Crash,04/10/2025 01:41:00 PM,Maryland (State) Route,WOODFIELD RD,CUTTY SARK WAY,,,,Angle,Cloudy,Dry,Daylight,No Controls,"Not Suspect of Alcohol Use, Not Suspect of Drug Use",,9EE77998-8AD9-4BE3-B9F8-DAA8B0B6691B,No,Suspected Minor Injury,,Unknown,MD,A82DAC03-C126-4460-9BA7-FC8CC44026BE,Disabling,Four O Clock,Passenger Car,Moving Constant Speed,Northbound,40,No,No,2018,TOYOTA,COROLLA,39.19715278,-77.15426365,"(39.19715278, -77.15426365)"
MCP2789004C,180012685,Montgomery County Police,Property Damage Crash,03/13/2018 06:29:00 PM,US (State),COLESVILLE RD,HASTINGS DR,,N/A,,SAME DIR REAR END,CLEAR,DRY,DARK LIGHTS ON,NO CONTROLS,N/A,,A5330A9D-ED10-4601-A812-5D389016A7D4,No,NO APPARENT INJURY,N/A,NOT DISTRACTED,MD,9441098D-5292-42A4-8582-9EB56A6217CD,FUNCTIONAL,SIX OCLOCK,PASSENGER CAR,SLOWING OR STOPPING,North,35,No,No,2013,TOYOTA,PRIUS,39.01356167,-77.0166,"(39.01356167, -77.0166)"
MCP30210070,230066237,Montgomery County Police,Property Damage Crash,11/14/2023 09:30:00 AM,Maryland (State),NEW HAMPSHIRE AVE,JACKSON RD,,N/A,,SAME DIRECTION RIGHT TURN,CLEAR,DRY,DAYLIGHT,NO CONTROLS,NONE DETECTED,,2C030EE8-CD68-46D1-858D-5CD1A735176E,No,NO APPARENT INJURY,N/A,NOT DISTRACTED,MD,1AEFC958-2AEA-4FAA-8100-9044D264229D,SUPERFICIAL,ONE OCLOCK,PASSENGER CAR,MOVING CONSTANT SPEED,North,35,No,No,2020,FORD,F150,39.05459977,-76.99486055,"(39.05459977, -76.99486055)"
MCP209400JJ,220012378,Montgomery County Police,Property Damage Crash,03/22/2022 03:20:00 PM,,SEVEN LOCKS RD,CADBURY AVE,,N/A,,SINGLE VEHICLE,CLEAR,DRY,DAYLIGHT,TRAFFIC SIGNAL,NONE DETECTED,,29F61D43-8C75-42E4-BD39-CE8DC12CF7D9,Yes,NO APPARENT INJURY,N/A,OTHER DISTRACTION,MD,C2554674-BD64-47F4-8407-E6B519690A7E,SUPERFICIAL,TWO OCLOCK,POLICE VEHICLE/NON EMERGENCY,MOVING CONSTANT SPEED,North,35,No,No,2019,DODGE,CHARGER,39.05960833,-77.16131342,"(39.05960833, -77.16131342)"
DD5522001Z,15022772,Rockville Police Departme,Injury Crash,05/13/2015 07:18:00 AM,Municipality,BROADWOOD DR,MARSHALL AVE,,ROCKVILLE,,SAME DIRECTION SIDESWIPE,CLEAR,DRY,DAYLIGHT,NO CONTROLS,NONE DETECTED,,4D32069D-8B5D-4888-BB35-EAD7A080F2A9,Yes,SUSPECTED MINOR INJURY,N/A,OTHER DISTRACTION,MD,B4940E80-423E-4ACE-9997-CB8B2669139C,DESTROYED,ONE OCLOCK,PASSENGER CAR,MOVING CONSTANT SPEED,North,25,No,No,2002,FORD,FOCUS,39.08105833,-77.12072833,"(39.08105833, -77.12072833)"
MCP2372007F,240056395,MONTGOMERY,Injury Crash,11/24/2024 12:56:00 PM,Maryland (State) Route,BRADLEY BLVD (SB/L),,,,,Front to Rear,Clear,Dry,Daylight,No Controls,"Not Suspect of Alcohol Use, Not Suspect of Drug Use",,E22F6F90-1A81-4055-A03B-00F9040BED49,No,No Apparent Injury,Improper Turn,Unknown,MD,C92783B5-3BBE-4D32-B51D-C6715C49C133,Functional,Six O Clock,Van - Passenger (&lt;9 Seats),Making U-Turn,Eastbound,30,No,No,2018,MERCEDES-BENZ,SPRINTER,39.00751935,-77.14895295,"(39.00751935, -77.14895295)"
MCP3132000W,190015307,Montgomery County Police,Property Damage Crash,04/02/2019 06:23:00 PM,Maryland (State),WISCONSIN AVE,WASH DC LINE,,N/A,,HEAD ON LEFT TURN,RAINING,WET,DAYLIGHT,TRAFFIC SIGNAL,N/A,,90248F95-1DC4-4C82-B9C4-ED0DAB2949B5,No,NO APPARENT INJURY,"RAIN, SNOW, WET",NOT DISTRACTED,MD,FC48F71B-8604-4A34-9511-6A927CB42B22,FUNCTIONAL,TWELVE OCLOCK,PASSENGER CAR,MOVING CONSTANT SPEED,West,35,No,No,2018,JEEP,TK,38.96096333,-77.08593167,"(38.96096333, -77.08593167)"
MCP20590023,15055185,MONTGOMERY,Property Damage Crash,10/30/2015 01:22:00 PM,Maryland (State),CONNECTICUT AVE,FRANKLIN ST,,CHEVY CHASE VIEW,,SAME DIR REAR END,CLEAR,DRY,DAYLIGHT,NO CONTROLS,NONE DETECTED,,AD95295A-AF82-455C-AF86-87E969BC956C,Yes,NO APPARENT INJURY,N/A,INATTENTIVE OR LOST IN THOUGHT,MD,DAA9FE46-4A2B-40B6-871D-3FC9FF3FF3CA,DISABLING,TWELVE OCLOCK,PASSENGER CAR,CHANGING LANES,South,35,No,No,1986,BMW,535,39.01851667,-77.07793,"(39.01851667, -77.07793)"