Report Number,Local Case Number,Agency Name,ACRS Report Type,Crash Date/Time,Route Type,Road Name,Cross-Street Name,Off-Road Description,Municipality,Related Non-Motorist,Collision Type,Weather,Surface Condition,Light,Traffic Control,Driver Substance Abuse,Non-Motorist Substance Abuse,Person ID,Driver At Fault,Injury Severity,Circumstance,Driver Distracted By,Drivers License State,Vehicle ID,Vehicle Damage Extent,Vehicle First Impact Location,Vehicle Body Type,Vehicle Movement,Vehicle Going Dir,Speed Limit,Driverless Vehicle,Parked Vehicle,Vehicle Year,Vehicle Make,Vehicle Model,Latitude,Longitude,Location
MCP27170083,16051620,Montgomery County Police,Injury Crash,10/07/2016 04:10:00 PM,County,GREENTREE RD,DRUMALDRY DR,,N/A,,HEAD ON LEFT TURN,CLEAR,DRY,DAYLIGHT,STOP SIGN,NONE DETECTED,,AC27B092-0C60-4C64-B057-857E960A4BA7,Yes,NO APPARENT INJURY,N/A,LOOKED BUT DID NOT SEE,MD,77564297-E1DC-499E-A581-52EB45DD1CD8,DISABLING,ELEVEN OCLOCK,(SPORT) UTILITY VEHICLE,MAKING LEFT TURN,South,35,No,No,2005,LEXUS,RX330,39.00231833,-77.12927667,"(39.00231833, -77.12927667)"
MCP2348005F,190041237,Montgomery County Police,Property Damage Crash,08/28/2019 06:13:00 PM,Maryland (State),GEORGIA AVE,REEDIE DR,,N/A,,STRAIGHT MOVEMENT ANGLE,CLEAR,DRY,DAYLIGHT,TRAFFIC SIGNAL,NONE DETECTED,,F7FDBC4E-CA6A-45A0-B60D-76D0260DBFE9,Yes,NO APPARENT INJURY,N/A,NOT DISTRACTED,MD,4BB7A035-3ACB-47F6-A6E8-2E15F1B07D08,DISABLING,FIVE OCLOCK,PASSENGER CAR,MAKING LEFT TURN,North,25,No,No,2015,NISSAN,4S,39.03870667,-77.05119,"(39.03870667, -77.05119)"
MCP3403000X,240025945,MONTGOMERY,Injury Crash,06/01/2024 02:16:00 AM,Maryland (State) Route,E RANDOLPH RD (WB/L),OLD COLUMBIA PIKE,,,,Angle,Clear,Dry,Dark - Lighted,Flashing Traffic Control Signal,"Not Suspect of Alcohol Use, Not Suspect of Drug Use",,83E2D9CD-0778-4ED8-B5C0-F963CA9A61E7,Yes,Suspected Minor Injury,,Unknown,MD,8F7BA3B4-918A-43CF-AA91-46210BDA870A,Disabling,Twelve O Clock,Sport Utility Vehicle,Moving Constant Speed,Southbound,35,No,No,2013,TOYOTA,RAV4,39.0633865,-76.96588433,"(39.0633865, -76.96588433)"
MCP3038004M,200010637,Montgomery County Police,Property Damage Crash,02/11/2020 12:30:00 PM,,,,"10741 COLUMBIA PIKE, SILVER SPRING, MD 20901 (TRADER JOE'S) PARKING LOT",,,OTHER,CLEAR,,DAYLIGHT,NO CONTROLS,N/A,,89AD9915-CDDA-4CB5-97D5-C2DF696A8C96,Yes,NO APPARENT INJURY,N/A,LOOKED BUT DID NOT SEE,MD,110BC973-D51A-4472-A414-20C767666E7D,SUPERFICIAL,SIX OCLOCK,PASSENGER CAR,BACKING,South,5,No,No,2001,TOYOTA,4 DOOR,39.0315079,-77.00341239,"(39.0315079, -77.00341239)"
MCP3280005L,240030527,MONTGOMERY,Property Damage Crash,06/28/2024 08:35:00 AM,County Route,TECH RD,BROADBIRCH DR,,,,Angle,Clear,Dry,Daylight,Stop Sign,"Not Suspect of Alcohol Use, Not Suspect of Drug Use",,A0915E4B-F82B-4CA4-A4EE-BC7D2F19C26D,No,No Apparent Injury,,Not Distracted,NY,A49FF14E-08FD-403C-B0C4-7B66221498D9,Disabling,Four O Clock,Passenger Car,Turning Left,Southbound,25,No,No,2018,JEEP,GRAND CHEROKEE,39.05591983,-76.96634067,"(39.05591983, -76.96634067)"
MCP3151000D,180045420,Montgomery County Police,Property Damage Crash,09/11/2018 06:26:00 PM,County,FLORAL ST,GOODHILL RD,,N/A,,STRAIGHT MOVEMENT ANGLE,CLOUDY,N/A,DAYLIGHT,STOP SIGN,NONE DETECTED,,099D254C-BCC2-49D6-AB2C-F3A324AF51C9,Yes,NO APPARENT INJURY,N/A,LOOKED BUT DID NOT SEE,MD,C50D0DBD-B6B0-42B5-80F6-A17B9368C987,DESTROYED,NINE OCLOCK,PASSENGER CAR,MOVING CONSTANT SPEED,West,30,No,No,2013,HYUN,SONATA,39.05587,-77.068005,"(39.05587, -77.068005)"
MCP3355001D,240043056,MONTGOMERY,Injury Crash,09/10/2024 05:07:00 PM,US (State),COLESVILLE RD,,,,,Front to Rear,Clear,Dry,Daylight,No Controls,"Unknown, Unknown",,261AA89C-69B5-40CD-BEF4-005736251119,Yes,No Apparent Injury,"Followed Too Closely, Operated Motor Vehicle in Inattentive, Careless, Negligent, or Erratic Manner, Operated Motor Vehicle in Reckless or Aggressive Manner, Too Fast For Conditions",Unknown,MD,DBDF6F39-C5E1-4436-AE46-94E950F5A715,Superficial,Twelve O Clock,Passenger Car,Accelerating,Northbound,35,No,No,2013,HYUNDAI,SANTA FE,39.01236849,-77.01675618,"(39.01236849, -77.01675618)"
MCP136600BS,220020194,Montgomery County Police,Injury Crash,05/12/2022 12:07:00 PM,Maryland (State),GEORGIA AVE,INTERNATIONAL DR,,N/A,,STRAIGHT MOVEMENT ANGLE,CLOUDY,DRY,DAYLIGHT,TRAFFIC SIGNAL,NONE DETECTED,,8BFD0569-2A36-468F-AEF7-F803FBB8A921,No,SUSPECTED MINOR INJURY,N/A,NOT DISTRACTED,MD,903B236F-485F-44D6-A9B1-F925475E21AF,DISABLING,TEN OCLOCK,PASSENGER CAR,MOVING CONSTANT SPEED,West,35,No,No,2016,HONDA,CIVIC,39.10362333,-77.07648667,"(39.10362333, -77.07648667)"
MCP137800JK,170541522,Montgomery County Police,Property Damage Crash,11/07/2017 04:29:00 PM,Maryland (State),MUNCASTER MILL RD,WOODFIELD RD,,N/A,,SAME DIR REAR END,RAINING,WET,DUSK,TRAFFIC SIGNAL,UNKNOWN,,D6F4008C-EC41-4E9E-B22A-B0CA26970BE1,Yes,NO APPARENT INJURY,"RAIN, SNOW, WET",UNKNOWN,,B0D93128-C7AC-4699-B2FB-8498DDE9880D,UNKNOWN,UNKNOWN,UNKNOWN,ACCELERATING,West,35,No,No,0,UNKNOWN,UNKNOWN,39.158615,-77.15977167,"(39.158615, -77.15977167)"
DD56300021,190042403,Rockville Police Departme,Injury Crash,09/04/2019 05:00:00 PM,Maryland (State),VEIRS MILL RD,ARDENNES AVE,,ROCKVILLE,,SAME DIR REAR END,CLEAR,DRY,DAYLIGHT,NO CONTROLS,NONE DETECTED,,6DAF06B0-47F4-41F7-8A6C-1F4EC96545F1,No,NO APPARENT INJURY,N/A,NOT DISTRACTED,MD,E7829913-CEFF-4F64-9B60-158F93923C38,SUPERFICIAL,SIX OCLOCK,PICKUP TRUCK,STOPPED IN TRAFFIC LANE,East,40,No,No,2018,NISSAN,FRONTIER,39.07625,-77.12000833,"(39.07625, -77.12000833)"
MCP2708001L,16055127,Montgomery County Police,Property Damage Crash,10/26/2016 04:08:00 PM,Maryland (State),UNIVERSITY BLVD W,LORAIN AVE,,N/A,,STRAIGHT MOVEMENT ANGLE,CLEAR,DRY,DAYLIGHT,NO CONTROLS,NONE DETECTED,,3D01C538-7EA2-4FA1-AE1C-B5B33CE4A056,No,NO APPARENT INJURY,N/A,NOT DISTRACTED,MD,CAC9AB9E-9A37-4907-9114-4870A03A043B,FUNCTIONAL,TWELVE OCLOCK,(SPORT) UTILITY VEHICLE,MOVING CONSTANT SPEED,East,40,No,No,1990,CHEVY,BLAZER,39.021701,-77.01519012,"(39.021701, -77.01519012)"
MCP302600DH,250005287,MONTGOMERY,Property Damage Crash,02/05/2025 11:42:00 AM,Maryland (State) Route,RIVER RD,,,,,Front to Rear,Clear,Dry,Daylight,No Controls,"Not Suspect of Alcohol Use, Not Suspect of Drug Use",,537DDAC9-29E1-4A98-B919-8620E89BD45D,No,No Apparent Injury,,Not Distracted,MD,47100C81-F6D8-4890-8227-799B87135C36,Functional,Eleven O Clock,Other Trucks,Moving Constant Speed,Eastbound,35,No,No,2006,STERLING TRUCK,L9500 SERIES,38.99272952,-77.16205819,"(38.99272952, -77.16205819)"
DD56140006,16003137,Rockville Police Departme,Property Damage Crash,01/17/2016 08:55:00 AM,,,,"1513 DUNSTER RD

SAINT RAPHAEL CATHOLIC CHURCH PARKING LOT",,,HEAD ON,CLOUDY,,DAYLIGHT,NO CONTROLS,NONE DETECTED,,980925B5-CFDC-4D12-81B5-A03AACD62CCA,Yes,NO APPARENT INJURY,N/A,INATTENTIVE OR LOST IN THOUGHT,MD,95E9471D-B502-4497-8610-9B6F4B5F1C2D,DESTROYED,TWELVE OCLOCK,PASSENGER CAR,PARKING,North,10,No,No,2003,HONDA,ACCORD,39.06222,-77.17540833,"(39.06222, -77.17540833)"
MCP1453008J,200022504,Montgomery County Police,Injury Crash,06/08/2020 08:54:00 AM,County,WYNNFIELD DR,FATHER HURLEY BLVD,,N/A,PEDESTRIAN,SINGLE VEHICLE,CLEAR,DRY,DAYLIGHT,TRAFFIC SIGNAL,NONE DETECTED,NONE DETECTED,0DD36892-E580-44E5-B0BE-89B5FC9A271D,Yes,NO APPARENT INJURY,N/A,NOT DISTRACTED,MD,6DEAFB92-9749-4464-B5F9-FC3D6C071ABC,FUNCTIONAL,TWELVE OCLOCK,PASSENGER CAR,MAKING LEFT TURN,East,25,No,No,2013,CHRYSLER,200,39.18655833,-77.27381,"(39.18655833, -77.27381)"
MCP29620020,170546231,Montgomery County Police,Property Damage Crash,12/02/2017 02:29:00 PM,,,,19300 BLK MIDDLEBROOK RD (GERMANTOWN COMMONS SHOPPING CENTER PARKING LOT),,,OTHER,CLEAR,,DAYLIGHT,N/A,UNKNOWN,,CA07F57D-33E2-441D-AA3C-65FA9D37A3C8,Yes,NO APPARENT INJURY,N/A,UNKNOWN,US,772720F5-4AE0-4BD3-B579-CCE7B4872DEA,SUPERFICIAL,FIVE OCLOCK,PASSENGER CAR,BACKING,South,15,No,No,2007,SCION,2S,39.18033529,-77.2709012,"(39.18033529, -77.2709012)"
DD5643005C,250016144,ROCKVILLE,Property Damage Crash,04/13/2025 07:46:00 PM,Maryland (State) Route,W MONTGOMERY AVE (WB/L),NELSON ST,,,,Angle,Clear,Dry,Dusk,Traffic Control Signal,"Not Suspect of Alcohol Use, Not Suspect of Drug Use",,8C4352D2-4602-487D-B5D1-DC5CCA6037D3,No,No Apparent Injury,,Not Distracted,PA,018F6CD5-7982-4B5B-8097-DF86C9C8DCD9,Disabling,One O Clock,Passenger Car,Moving Constant Speed,Northbound,25,No,No,2019,SUBARU,OUTBACK,39.08579252,-77.17067376,"(39.08579252, -77.17067376)"
MCP3009006V,230061811,Montgomery County Police,Injury Crash,10/21/2023 01:25:00 PM,Maryland (State),FREDERICK RD,OXBRIDGE DR,,N/A,,STRAIGHT MOVEMENT ANGLE,CLEAR,DRY,DAYLIGHT,NO CONTROLS,N/A,,53F787A1-D221-4B47-A835-297892B0DB6D,No,POSSIBLE INJURY,"BACKUP DUE TO REGULAR CONGESTION, N/A",NOT DISTRACTED,MD,2C68FFF4-2F33-4995-A140-58C310D9ACA5,DISABLING,TWELVE OCLOCK,PASSENGER CAR,MOVING CONSTANT SPEED,North,45,No,No,2009,TOYOTA,COROLLA,39.18997246,-77.24147373,"(39.18997246, -77.24147373)"
MCP2686004M,210002251,Montgomery County Police,Injury Crash,01/18/2021 07:13:00 PM,Maryland (State),CLOPPER RD,GREAT SENECA HWY,,N/A,,SAME DIR REAR END,CLEAR,DRY,DARK LIGHTS ON,TRAFFIC SIGNAL,ALCOHOL PRESENT,,AA584432-B552-4F19-8166-CD1026BF96F3,Yes,NO APPARENT INJURY,N/A,NOT DISTRACTED,VA,C8716762-6861-4F8A-B979-ED3DF47D65E4,DESTROYED,TWELVE OCLOCK,PASSENGER CAR,MOVING CONSTANT SPEED,West,35,No,No,2018,TOYOTA,CAMRY,39.15888667,-77.27487167,"(39.15888667, -77.27487167)"
MCP3311002P,240044177,MONTGOMERY,Injury Crash,09/16/2024 06:18:00 PM,Local Route,METRORAIL TRACK B2 RAIL,,,,,Front to Rear,Clear,Dry,Daylight,No Controls,"Not Suspect of Alcohol Use, Not Suspect of Drug Use",,6B90519B-CAA6-4EA3-8AF5-4A6C6AAADF9A,No,Suspected Minor Injury,,Not Distracted,MD,8A42E9CF-DDA3-4F99-8653-05F3581BCFA9,Superficial,Six O Clock,Passenger Car,Stopped in Traffic,Southbound,35,No,No,2025,HONDA,CIVIC,39.00981001,-77.04083502,"(39.00981001, -77.04083502)"
DD5674001L,250031588,ROCKVILLE,Property Damage Crash,07/15/2025 05:27:00 PM,Municipality Route,W GUDE DR,RESEARCH BLVD,,,,"Sideswipe, Same Direction",Clear,Dry,Daylight,No Controls,"Not Suspect of Alcohol Use, Not Suspect of Drug Use",,1926613F-5F56-4BD5-96E3-E154900CB22B,No,No Apparent Injury,,Unknown,MD,31332560-0406-4DEF-9E9B-728984893C96,Superficial,Eight O Clock,Passenger Car,Turning Left,Eastbound,35,No,No,2022,HONDA,ACCORD,39.10009915,-77.18194437,"(39.10009915, -77.18194437)"
MCP3289001R,220011057,Montgomery County Police,Property Damage Crash,03/14/2022 10:31:00 PM,County,OLD COLUMBIA PIKE,MUSGROVE RD,,N/A,,STRAIGHT MOVEMENT ANGLE,CLEAR,N/A,DARK NO LIGHTS,STOP SIGN,NONE DETECTED,,FD4DFFF7-7C48-42F7-8AA8-B8DC7D8190E7,No,NO APPARENT INJURY,N/A,NOT DISTRACTED,MD,64F48056-7850-4BB9-BA58-86D3DBBF3DCF,DISABLING,TEN OCLOCK,PASSENGER CAR,MOVING CONSTANT SPEED,North,35,No,No,2014,FORD,ESCAPE,39.06817272,-76.96224637,"(39.06817272, -76.96224637)"
MCP209400L4,220057889,Montgomery County Police,Property Damage Crash,12/30/2022 04:04:00 PM,Maryland (State),MONTGOMERY AVE,WAVERLY ST,,N/A,,SAME DIRECTION LEFT TURN,CLEAR,DRY,DAYLIGHT,TRAFFIC SIGNAL,NONE DETECTED,,FE0FB072-7BB0-4B61-AEF0-EEA7BCB86F93,Yes,NO APPARENT INJURY,N/A,UNKNOWN,MD,3A2A2E7E-397E-4509-862E-E0AD35F9643A,FUNCTIONAL,NINE OCLOCK,PASSENGER CAR,MAKING LEFT TURN,East,25,No,No,2021,AUDI,Q5,38.98323,-77.09244,"(38.98323, -77.09244)"
MCP3226002G,220010236,Montgomery County Police,Property Damage Crash,03/09/2022 09:14:00 PM,,,,PARKING LOT OF 15535 NEW HAMPSHIRE AVE,,,OTHER,CLEAR,,DARK LIGHTS ON,NO CONTROLS,ALCOHOL PRESENT,,41DCA5DB-4D6E-4515-BD79-24E5BE8B1680,Yes,NO APPARENT INJURY,N/A,LOOKED BUT DID NOT SEE,MD,85E11361-90AC-4ED0-97C9-1FF1F9724246,SUPERFICIAL,TEN OCLOCK,(SPORT) UTILITY VEHICLE,PARKING,South,0,No,No,2010,HONDA,CRV,39.11075958,-76.99497627,"(39.11075958, -76.99497627)"
MCP27240009,15001378,Montgomery County Police,Property Damage Crash,01/09/2015 11:48:00 AM,Maryland (State),PINEY BRANCH RD,UNIVERSITY BLVD E,,N/A,,OTHER,CLEAR,DRY,DAYLIGHT,TRAFFIC SIGNAL,N/A,,123904D0-D6D3-4108-AD9E-4025FB96F7D6,Yes,NO APPARENT INJURY,N/A,OTHER DISTRACTION,KS,0D8DC06C-344F-41A4-9A07-0E88D1684502,FUNCTIONAL,SIX OCLOCK,"CARGO VAN/LIGHT TRUCK 2 AXLES (OVER 10,000LBS (4,536 KG))",BACKING,North,40,No,No,2008,FORD,F 450,38.99948167,-76.99542667,"(38.99948167, -76.99542667)"
MCP3060001N,180041411,Montgomery County Police,Property Damage Crash,08/20/2018 02:30:00 PM,Maryland (State),WISCONSIN AVE,MONTGOMERY AVE,,N/A,,SAME DIR REAR END,CLEAR,DRY,DAYLIGHT,UNKNOWN,N/A,,134B7DA4-DE31-4C81-A28C-F2246F51C1FC,No,NO APPARENT INJURY,"N/A, ROAD UNDER CONSTRUCTION/MAINTENANCE",NOT DISTRACTED,IN,0176E14B-5C26-4322-94E9-76D79CF1C39B,SUPERFICIAL,SIX OCLOCK,PASSENGER CAR,SLOWING OR STOPPING,South,35,No,No,2009,CAD,ESCALADE,38.9838273,-77.09398718,"(38.9838273, -77.09398718)"
MCP0685001J,15053234,MONTGOMERY,Injury Crash,10/20/2015 03:03:00 PM,Other Public Roadway,MONTROSE PKWY,E JEFFERSON ST,,N/A,,SAME DIR REAR END,CLEAR,DRY,DAYLIGHT,TRAFFIC SIGNAL,NONE DETECTED,,9BD5C50F-A389-463A-8671-C83ECB91C114,Yes,POSSIBLE INJURY,N/A,NOT DISTRACTED,MD,68CF814A-F8CE-449D-BD02-C0278519757A,FUNCTIONAL,TWELVE OCLOCK,POLICE VEHICLE/NON EMERGENCY,MOVING CONSTANT SPEED,East,35,No,No,2008,CHEV,IMPALA,39.05080333,-77.128615,"(39.05080333, -77.128615)"
DD5611005G,180059914,Rockville Police Departme,Property Damage Crash,12/05/2018 11:02:00 AM,Municipality,W GUDE DR,GAITHER RD,,ROCKVILLE,,SAME DIR REAR END,CLEAR,DRY,DAYLIGHT,TRAFFIC SIGNAL,NONE DETECTED,,C46B5338-1EBE-41F5-93FA-7CA97290DCAF,Yes,NO APPARENT INJURY,N/A,INATTENTIVE OR LOST IN THOUGHT,MD,9927CD76-B196-4484-A3AA-FE29E3C0DCB4,FUNCTIONAL,TWELVE OCLOCK,PASSENGER CAR,MOVING CONSTANT SPEED,West,40,No,No,2002,ACURA,RSX,39.10792,-77.173955,"(39.10792, -77.173955)"
MCP2780003P,180010438,Montgomery County Police,Property Damage Crash,02/28/2018 05:05:00 PM,Maryland (State),RIDGE RD,DAVIS MILL RD,,N/A,,SAME DIR REAR END,N/A,DRY,DAYLIGHT,NO CONTROLS,N/A,,CF0B28AE-BEAE-4E8E-89C3-64488AF581DF,Yes,NO APPARENT INJURY,N/A,UNKNOWN,MD,280A7C32-1EA1-4F54-8F0F-AE974C4AC7D4,FUNCTIONAL,TWELVE OCLOCK,PASSENGER CAR,MOVING CONSTANT SPEED,South,40,No,No,2013,LEXS,ES350,39.23804333,-77.235795,"(39.23804333, -77.235795)"
EJ7878003T,220000342,Gaithersburg Police Depar,Injury Crash,01/03/2022 11:23:00 PM,Maryland (State),FREDERICK RD,LAKE FOREST BLVD,,GAITHERSBURG,,SAME DIR REND LEFT TURN,CLEAR,ICE,DARK LIGHTS ON,TRAFFIC SIGNAL,N/A,,7EE62164-0AED-41C3-9C25-0D1F0DA5A2B6,Yes,NO APPARENT INJURY,"ICY OR SNOW-COVERED, V WIPERS|W OTHER ENVIRONMENTAL",UNKNOWN,MD,58E95639-917A-49F8-B16E-2BB9C8EA5161,FUNCTIONAL,ELEVEN OCLOCK,POLICE VEHICLE/EMERGENCY,ACCELERATING,South,30,No,No,2019,FORD,TK,39.15010829,-77.20899516,"(39.15010829, -77.20899516)"
HA25120008,25000212,MCPARK,Property Damage Crash,02/10/2025 07:00:00 PM,County Route,SCHUYLER RD,SLIGO CREEK PKWY,,,,"Sideswipe, Opposite Direction",Clear,Dry,Dark - Not Lighted,Stop Sign,"Not Suspect of Alcohol Use, Not Suspect of Drug Use",,A728B060-DBA6-4108-A936-9AD9BA64AD4B,No,No Apparent Injury,,Not Distracted,MD,AA33DA1C-8024-4DC2-9A0E-A690E9DA18EB,Functional,Nine O Clock,Sport Utility Vehicle,Accelerating,Northbound,25,No,No,2016,FORD,ESCAPE,39.00260159,-77.01299623,"(39.00260159, -77.01299623)"
MCP268900BJ,240033417,MONTGOMERY,Injury Crash,07/15/2024 05:17:00 PM,Maryland (State) Route,DARNESTOWN RD,,,,,Front to Rear,Rain,Wet,Daylight,No Controls,"Not Suspect of Alcohol Use, Not Suspect of Drug Use",,CA063880-322E-49A3-922D-F8CDC7B9F50E,No,Possible Injury,"Followed Too Closely, Too Fast For Conditions",Unknown,MD,F0233CC1-AA72-459D-B661-2897156B733B,Disabling,Twelve O Clock,Sport Utility Vehicle,Slowing or Stopping,Westbound,50,No,No,1997,JEEP,WRANGLER,39.18539633,-77.4183875,"(39.18539633, -77.4183875)"
EJ7888002B,220023100,Gaithersburg Police Depar,Property Damage Crash,05/30/2022 01:30:00 PM,Municipality,FIRSTFIELD RD,CLOPPER RD,,N/A,,SAME DIRECTION SIDESWIPE,CLEAR,DRY,DAYLIGHT,N/A,N/A,,61A488E9-66A1-418A-8DF1-07B57DE665D9,Yes,NO APPARENT INJURY,N/A,UNKNOWN,,A59B7A83-4182-43AF-87BC-D6D7E1FD66D9,UNKNOWN,UNKNOWN,(SPORT) UTILITY VEHICLE,CHANGING LANES,West,30,No,No,2007,FORD,EDGE,39.14408042,-77.2235999,"(39.14408042, -77.2235999)"
MCP2765001R,15052032,MONTGOMERY,Property Damage Crash,10/13/2015 08:11:00 PM,County,SEVEN LOCKS RD,MONTROSE RD,,N/A,,SAME DIRECTION SIDESWIPE,CLEAR,DRY,DARK LIGHTS ON,NO CONTROLS,NONE DETECTED,,B175F7C1-CC09-44F3-89EA-DBB951F0AFEF,Unknown,NO APPARENT INJURY,N/A,UNKNOWN,MD,5EAF6430-65C2-4524-9EDF-AB9B1E7F4215,SUPERFICIAL,ONE OCLOCK,TRANSIT BUS,MOVING CONSTANT SPEED,North,35,No,No,2009,GILL,BUS,39.058366,-77.161394,"(39.058366, -77.161394)"
MCP2412000B,16006461,Montgomery County Police,Property Damage Crash,02/08/2016 12:06:00 AM,Maryland (State),UNIVERSITY BLVD E,CARROLL AVE,,N/A,,ANGLE MEETS RIGHT TURN,CLEAR,DRY,DARK LIGHTS ON,TRAFFIC SIGNAL,NONE DETECTED,,265788D4-009B-494E-8963-046B8DAAF359,No,NO APPARENT INJURY,N/A,NOT DISTRACTED,MD,DC7DBDB1-CEDF-45C5-AEE4-2FF8CA4EA8C1,SUPERFICIAL,TWO OCLOCK,PASSENGER CAR,MOVING CONSTANT SPEED,West,35,No,No,2010,CHRYSLER,SEBRING,38.99429333,-76.99269167,"(38.99429333, -76.99269167)"
MCP3173003D,240033870,MONTGOMERY,Property Damage Crash,07/17/2024 10:00:00 PM,County Route,DIAMONDBACK DR,MUDDY BRANCH RD,,,,Other,Clear,Dry,Dark - Lighted,Traffic Control Signal,"Not Suspect of Alcohol Use, Not Suspect of Drug Use",,EED40374-6E04-4A46-B691-64DC99471DDA,No,No Apparent Injury,,Not Distracted,MD,63033ABD-FAD6-42A0-9358-ECC00AC442AC,Disabling,Twelve O Clock,Passenger Car,Turning Left,Eastbound,45,No,No,2016,TOYOTA,SCION IA,39.11517677,-77.21570416,"(39.11517677, -77.21570416)"
MCP9417001C,16030023,Montgomery County Police,Injury Crash,06/14/2016 01:24:00 PM,Maryland (State),ROCKVILLE PIKE,GLENBROOK PKWY,,N/A,,HEAD ON LEFT TURN,CLEAR,DRY,DAYLIGHT,PERSON,NONE DETECTED,,C5DD49DC-CD11-43AC-A044-DBB91DA40097,Yes,NO APPARENT INJURY,"N/A, ROAD UNDER CONSTRUCTION/MAINTENANCE",UNKNOWN,MD,017B224A-1DB3-4CFF-97D9-D706967DD571,FUNCTIONAL,TWELVE OCLOCK,PASSENGER CAR,MOVING CONSTANT SPEED,South,35,No,No,2012,MITSUBISHI,GALLANT,39.0042916,-77.09734082,"(39.0042916, -77.09734082)"
MCP20450003,15015348,Montgomery County Police,Property Damage Crash,04/03/2015 11:24:00 AM,,,,Parking lot of 1700 April Lane,,,OTHER,RAINING,,DAYLIGHT,N/A,UNKNOWN,,F93A5423-C442-4E41-A53D-5C33C70550E3,Yes,NO APPARENT INJURY,"N/A, RAIN, SNOW",INATTENTIVE OR LOST IN THOUGHT,,24FDD903-EB97-4B32-9BCD-943C8CD99A9E,FUNCTIONAL,,"OTHER LIGHT TRUCKS (10,000LBS (4,536KG) OR LESS)",BACKING,East,15,No,No,999,TOYOTA,UNK,39.04624667,-76.97675333,"(39.04624667, -76.97675333)"
MCP3214000K,200018934,Montgomery County Police,Property Damage Crash,05/10/2020 01:49:00 AM,County,BLUNT RD,CROSS LAUREL DR,,N/A,,SAME DIR REAR END,N/A,DRY,DARK LIGHTS ON,NO CONTROLS,ALCOHOL PRESENT,,14F9A7FA-D781-4D5F-8C71-F256B3083686,Yes,NO APPARENT INJURY,N/A,NOT DISTRACTED,MD,34A5D649-0267-416E-843D-D75BB5DD81CA,DISABLING,ONE OCLOCK,PASSENGER CAR,MOVING CONSTANT SPEED,East,35,No,No,2014,CADI,CTS,39.1896,-77.2292,"(39.1896, -77.2292)"
MCP2181002M,190025066,Montgomery County Police,Injury Crash,05/26/2019 02:26:00 PM,Maryland (State),OLNEY LAYTONSVILLE RD,BROOKEVILLE RD,,N/A,,SAME DIR REND LEFT TURN,CLEAR,DRY,DAYLIGHT,NO CONTROLS,N/A,,F474FBBF-6C71-443D-81E7-B21A3736A2F4,No,NO APPARENT INJURY,N/A,NOT DISTRACTED,MD,BFE58CD1-4CD1-445C-9CA7-326DE77A72BA,SUPERFICIAL,SIX OCLOCK,(SPORT) UTILITY VEHICLE,SLOWING OR STOPPING,East,50,No,No,2019,GMC,YUKON,39.182935,-77.110295,"(39.182935, -77.110295)"
MCP3170003X,240001395,Montgomery County Police,Property Damage Crash,12/12/2023 05:00:00 AM,,,,PARKING LOT OF 19715 WATERS RD,,,OTHER,UNKNOWN,,DARK LIGHTS ON,NO CONTROLS,UNKNOWN,,FC9EF98C-8335-486F-8CB7-8F8F8FC411EF,Yes,NO APPARENT INJURY,N/A,UNKNOWN,,D45D03FD-A532-4241-BE02-8033904C743A,UNKNOWN,UNKNOWN,"MEDIUM/HEAVY TRUCKS 3 AXLES (OVER 10,000LBS (4,536KG))",MAKING LEFT TURN,North,0,No,No,2005,NDMC,TRUCK,39.18033651,-77.2730184,"(39.18033651, -77.2730184)"
MCP2198004P,180057171,Montgomery County Police,Injury Crash,11/14/2018 05:45:00 PM,Maryland (State),GREAT SENECA HWY,KENTLANDS BLVD,,GAITHERSBURG,,SAME DIRECTION SIDESWIPE,CLEAR,DRY,DARK LIGHTS ON,TRAFFIC SIGNAL,N/A,,A40C57B9-D09A-4AFF-9BB3-D8A11962890C,No,NO APPARENT INJURY,N/A,UNKNOWN,MD,AE739BDE-4916-4536-9189-AB93EF28A2F8,DISABLING,TEN OCLOCK,PASSENGER CAR,STOPPED IN TRAFFIC LANE,North,55,No,No,2016,HOND,4S,39.12350667,-77.23100167,"(39.12350667, -77.23100167)"
MCP26150019,16051220,Montgomery County Police,Injury Crash,10/05/2016 04:47:00 PM,US (State),COLUMBIA PIKE,HOWARD CO/L,,N/A,,SAME DIR REAR END,CLEAR,DRY,DAYLIGHT,NO CONTROLS,NONE DETECTED,,AE981049-4A99-423A-B0B8-93BDD83BD9E7,Yes,NO APPARENT INJURY,N/A,NOT DISTRACTED,MD,27542086-32C6-4073-9CA2-F0AE7F8A9D73,SUPERFICIAL,TWELVE OCLOCK,(SPORT) UTILITY VEHICLE,MOVING CONSTANT SPEED,North,55,No,No,2002,CHEVROLET,TAHOE,39.131915,-76.91903667,"(39.131915, -76.91903667)"