Report Number,Local Case Number,Agency Name,ACRS Report Type,Crash Date/Time,Route Type,Road Name,Cross-Street Name,Off-Road Description,Municipality,Related Non-Motorist,Collision Type,Weather,Surface Condition,Light,Traffic Control,Driver Substance Abuse,Non-Motorist Substance Abuse,Person ID,Driver At Fault,Injury Severity,Circumstance,Driver Distracted By,Drivers License State,Vehicle ID,Vehicle Damage Extent,Vehicle First Impact Location,Vehicle Body Type,Vehicle Movement,Vehicle Going Dir,Speed Limit,Driverless Vehicle,Parked Vehicle,Vehicle Year,Vehicle Make,Vehicle Model,Latitude,Longitude,Location
MCP2455007Q,240057381,MONTGOMERY,Property Damage Crash,11/30/2024 06:48:00 PM,Maryland (State) Route,VEIRS MILL RD,,,,,"Sideswipe, Same Direction",Clear,Dry,Dark - Lighted,No Controls,"Not Suspect of Alcohol Use, Not Suspect of Drug Use",,619346C5-3744-4B30-90A8-E2DEF00495AB,No,No Apparent Injury,,Not Distracted,VA,8F1D6CE7-4371-48B3-A43E-7C908329D7F5,Functional,Ten O Clock,Bus - Transit,Slowing or Stopping,Eastbound,35,No,No,2013,NEW FLYER,XCELSIOR,39.07393421,-77.11313904,"(39.07393421, -77.11313904)"
MCP3097001W,200048305,Montgomery County Police,Property Damage Crash,12/08/2020 01:54:00 AM,County,CHERRY HILL RD,PRINCE GEORGES CO/L,,N/A,,SINGLE VEHICLE,CLEAR,DRY,DARK LIGHTS ON,N/A,NONE DETECTED,,FB528366-4A3A-4A21-9572-487C215F5997,Yes,NO APPARENT INJURY,N/A,NOT DISTRACTED,TX,576F5204-AAC2-485C-907F-28940B8F24AF,DESTROYED,TWELVE OCLOCK,PASSENGER CAR,NEGOTIATING A CURVE,West,30,No,No,2015,HYUNDAI,ACCENT,39.04556833,-76.951865,"(39.04556833, -76.951865)"
EJ7807000D,190051468,Gaithersburg Police Depar,Property Damage Crash,10/26/2019 07:44:00 AM,County,MUDDY BRANCH RD,SPUR TO MD 119,,N/A,,SAME DIR REAR END,CLEAR,DRY,DAYLIGHT,NO CONTROLS,NONE DETECTED,,7E90369F-80CC-4479-AEE9-6A5C7AA5F803,No,NO APPARENT INJURY,N/A,NOT DISTRACTED,MD,6199A4C8-2163-401A-9B13-5CA4803DC728,DISABLING,SIX OCLOCK,PASSENGER CAR,STOPPED IN TRAFFIC LANE,South,50,No,No,2017,NISSAN,SENTRA,39.10985029,-77.21681336,"(39.10985029, -77.21681336)"
MCP3287000X,210017450,Montgomery County Police,Injury Crash,05/09/2021 04:20:00 PM,Maryland (State),ROCKVILLE PIKE,HALPINE RD,,ROCKVILLE,,HEAD ON LEFT TURN,CLEAR,DRY,DAYLIGHT,TRAFFIC SIGNAL,N/A,,96A95F76-315F-491F-9393-B5B35EB840FF,No,NO APPARENT INJURY,N/A,NOT DISTRACTED,MD,EB3806C5-5B06-4AB2-8954-47BF8F7B9F8F,DISABLING,TWELVE OCLOCK,PASSENGER CAR,MOVING CONSTANT SPEED,North,40,No,No,2009,TOYOTA,COROLLA,39.06188748,-77.12391296,"(39.06188748, -77.12391296)"
MCP1553001T,16005381,Montgomery County Police,Property Damage Crash,02/02/2016 08:15:00 AM,Maryland (State),COLESVILLE RD,RAMSEY AVE,,N/A,,OTHER,CLEAR,WET,DAYLIGHT,N/A,NONE DETECTED,,DBC700AA-94D2-4A2B-82BC-355B1E93F6CF,Yes,NO APPARENT INJURY,N/A,UNKNOWN,MD,B05A6B60-29DA-40C7-941F-B89C5D47D62A,SUPERFICIAL,THREE OCLOCK,PASSENGER CAR,ACCELERATING,South,30,No,No,2009,CHRYSLER,300,38.99498667,-77.03012167,"(38.99498667, -77.03012167)"
MCP2639003F,180012802,Montgomery County Police,Property Damage Crash,03/14/2018 10:52:00 AM,Maryland (State),WISCONSIN AVE,STANFORD ST,,N/A,,SAME DIRECTION LEFT TURN,CLEAR,DRY,DAYLIGHT,NO CONTROLS,NONE DETECTED,,A6C1F9A4-AEA2-4E7C-996E-E24FA9632006,No,NO APPARENT INJURY,N/A,LOOKED BUT DID NOT SEE,MD,3FB93809-3344-443C-BB45-5A4D3892865F,SUPERFICIAL,ONE OCLOCK,"OTHER LIGHT TRUCKS (10,000LBS (4,536KG) OR LESS)",CHANGING LANES,South,25,No,No,2012,FORD,F550,38.97832323,-77.0913595,"(38.97832323, -77.0913595)"
DD5611001G,16032513,Rockville Police Departme,Injury Crash,06/27/2016 01:00:00 PM,Municipality,ARDENNES AVE,WAINWRIGHT AVE,,ROCKVILLE,BICYCLIST,STRAIGHT MOVEMENT ANGLE,CLEAR,DRY,DAYLIGHT,N/A,NONE DETECTED,NONE DETECTED,B8102B40-4310-403B-8732-E36D2343B553,No,NO APPARENT INJURY,N/A,NOT DISTRACTED,MD,6E73326C-AEBC-4349-8DC5-3A37D38AF2ED,FUNCTIONAL,TWO OCLOCK,PASSENGER CAR,MOVING CONSTANT SPEED,South,25,No,No,2010,TOYT,4S,39.068064,-77.1184605,"(39.068064, -77.1184605)"
EJ7894002K,230014103,Gaithersburg Police Depar,Property Damage Crash,03/23/2023 04:54:00 PM,Municipality,PERRY PKWY,FREDERICK RD,,N/A,,SAME DIR REAR END,CLEAR,DRY,N/A,TRAFFIC SIGNAL,NONE DETECTED,,6F2B7E26-3B4C-48C9-8B2D-D7C7894CD7BD,Yes,NO APPARENT INJURY,N/A,LOOKED BUT DID NOT SEE,MD,B85EACA8-E4C4-4763-B5C4-AF38607469C3,SUPERFICIAL,TWELVE OCLOCK,PASSENGER CAR,SLOWING OR STOPPING,South,25,No,No,2019,TOYOTA,SIENNA,39.14848228,-77.20916273,"(39.14848228, -77.20916273)"
MCP0704001T,180060857,Montgomery County Police,Property Damage Crash,12/05/2018 04:42:00 PM,Maryland (State),EAST WEST HWY,BEACH DR,,N/A,,SAME DIR REAR END,CLEAR,DRY,DARK NO LIGHTS,TRAFFIC SIGNAL,NONE DETECTED,,924BB0CE-0CC2-4017-B0C1-C31F4FEFE1F8,No,NO APPARENT INJURY,N/A,NOT DISTRACTED,MD,B24F2163-E75E-4C99-BE79-00A3FA3788A8,FUNCTIONAL,SIX OCLOCK,PASSENGER CAR,SLOWING OR STOPPING,East,30,No,No,2017,TOYT,4S,38.99317833,-77.06487,"(38.99317833, -77.06487)"
MCP2082001G,180062585,Montgomery County Police,Injury Crash,12/16/2018 10:04:00 PM,County,RANDOLPH RD,GLENMONT CIR #1,,N/A,,OTHER,RAINING,WET,DARK LIGHTS ON,TRAFFIC SIGNAL,NONE DETECTED,,5F96F1E7-552D-4F92-8674-26B4A44E3CE8,No,POSSIBLE INJURY,"RAIN, SNOW, WET",NOT DISTRACTED,DC,2E700007-DF97-406A-9E54-98D205D93C32,DISABLING,ELEVEN OCLOCK,OTHER,STOPPED IN TRAFFIC LANE,South,0,No,No,2013,AUDI,A4,39.03999667,-77.05227333,"(39.03999667, -77.05227333)"
MCP2191000L,15046160,MONTGOMERY,Injury Crash,09/12/2015 01:03:00 PM,Maryland (State),OLD GEORGETOWN RD,TUCKERMAN LA,,N/A,,SAME DIR REAR END,RAINING,WET,DAYLIGHT,NO CONTROLS,NONE DETECTED,,69E7CE04-0011-42C9-8661-C350CC135EB4,Yes,SUSPECTED MINOR INJURY,"RAIN, SNOW, WET",NOT DISTRACTED,MD,5CED5A06-69AB-42F1-9903-BE781B86AB5E,SUPERFICIAL,SIX OCLOCK,PASSENGER CAR,STARTING FROM LANE,South,35,No,No,2000,LEXS,4S,39.03711,-77.12382,"(39.03711, -77.12382)"
MCP913000HW,240013258,MONTGOMERY,Property Damage Crash,03/20/2024 05:37:00 AM,Maryland (State) Route,NEW HAMPSHIRE AVE (SB/L),,,,,"Sideswipe, Same Direction",Cloudy,Dry,Dark - Lighted,No Controls,"Not Suspect of Alcohol Use, Not Suspect of Drug Use",,132EDA19-002E-4292-B226-F11A60461C6C,Yes,No Apparent Injury,,Not Distracted,MD,12AF274E-EBBA-45E5-91CD-16D0951FB95A,Disabling,Two O Clock,Passenger Car,Moving Constant Speed,Southbound,40,No,,2014,TOYOTA,PRIUS,39.03228617,-76.98508719,"(39.03228617, -76.98508719)"
MCP3192005X,250027823,MONTGOMERY,Injury Crash,06/22/2025 05:35:00 PM,Maryland (State) Route,UNIVERSITY BLVD W,,,,,"Sideswipe, Same Direction",Clear,Dry,Daylight,Traffic Control Signal,"Not Suspect of Alcohol Use, Not Suspect of Drug Use",,0186D299-1741-41D6-AA48-00271A214C29,No,No Apparent Injury,,Not Distracted,MD,52E9BAD3-0381-44CF-8405-A8ECE465B914,Functional,Three O Clock,Passenger Car,Turning Left,Southbound,30,No,No,2018,HONDA,CIVIC,39.03761829,-77.05960457,"(39.03761829, -77.05960457)"
MCP2039001P,16027054,Montgomery County Police,Injury Crash,05/31/2016 08:49:00 AM,County,ATHERTON DR,RANDOLPH RD,,N/A,,STRAIGHT MOVEMENT ANGLE,CLOUDY,DRY,DAYLIGHT,N/A,N/A,,DE733F10-3D5E-4EE4-9538-37E682796182,Yes,NO APPARENT INJURY,N/A,LOOKED BUT DID NOT SEE,MD,DC503447-0F2A-42FA-9A4D-46EB01E4BCEE,SUPERFICIAL,SIX OCLOCK,PASSENGER CAR,BACKING,Unknown,25,No,No,1996,CHEVROLET,CAVALIER,39.05786333,-77.076445,"(39.05786333, -77.076445)"
MCP2969006X,190040371,Montgomery County Police,Injury Crash,08/23/2019 02:30:00 PM,County,E RANDOLPH RD,LAURIE DR,,N/A,,HEAD ON,CLEAR,WET,DAYLIGHT,NO CONTROLS,NONE DETECTED,,C899BB59-D562-4208-A17D-F8BF8EE399F5,No,POSSIBLE INJURY,"RAIN, SNOW, V EXHAUST SYSTEM|R OTHER ROAD, WET",UNKNOWN,MD,B40B61B1-BD72-495A-8C1F-B30EDE009C9B,DESTROYED,TWELVE OCLOCK,PASSENGER CAR,MOVING CONSTANT SPEED,West,40,No,No,2009,TOYOTA,SION,39.06530333,-76.97886833,"(39.06530333, -76.97886833)"
MCP30850046,230060572,Montgomery County Police,Injury Crash,10/14/2023 09:09:00 PM,County,CORDELL AVE,WISCONSIN AVE,,N/A,PEDESTRIAN,OTHER,RAINING,WET,DARK LIGHTS ON,TRAFFIC SIGNAL,NONE DETECTED,NONE DETECTED,18830AC4-586A-4DA7-895B-64065917CC16,Yes,NO APPARENT INJURY,"RAIN, SNOW, WET",LOOKED BUT DID NOT SEE,VA,7959DEBF-5CFD-4082-AD92-3B992EE2D705,FUNCTIONAL,TWELVE OCLOCK,PASSENGER CAR,MAKING LEFT TURN,North,30,No,No,2019,TOYOTA,COROLLA,38.99114833,-77.09603667,"(38.99114833, -77.09603667)"
MCP2937004K,220045313,Montgomery County Police,Property Damage Crash,10/16/2022 02:30:00 AM,County,BRIGGS CHANEY RD,CASTLE BLVD,,N/A,,STRAIGHT MOVEMENT ANGLE,CLEAR,DRY,DARK LIGHTS ON,TRAFFIC SIGNAL,NONE DETECTED,,9732F5AF-A254-4268-BAC1-A7080296CCA6,No,NO APPARENT INJURY,N/A,NOT DISTRACTED,MD,319A64C1-A9B0-465F-BE91-C43D2F35B853,FUNCTIONAL,TEN OCLOCK,AMBULANCE/EMERGENCY,PARKED,,0,No,Yes,2020,FREIGHTLINER,AMBULANCE,39.08123648,-76.94649493,"(39.08123648, -76.94649493)"
MCP30710026,220003991,Montgomery County Police,Injury Crash,01/30/2022 04:32:00 AM,Maryland (State),FREDERICK RD,WHEATFIELD DR,,N/A,,SINGLE VEHICLE,CLEAR,DRY,DARK LIGHTS ON,NO CONTROLS,NONE DETECTED,,E6296428-44AF-4AAC-9079-5C80FD455BEB,Yes,POSSIBLE INJURY,N/A,LOOKED BUT DID NOT SEE,MD,2991326E-2142-4856-9A9C-F5A5437A2658,DISABLING,TWELVE OCLOCK,PASSENGER CAR,MOVING CONSTANT SPEED,North,45,No,No,2014,NISS,4S,39.16780167,-77.23014667,"(39.16780167, -77.23014667)"
MCP3143001Z,200007664,Montgomery County Police,Property Damage Crash,02/15/2020 09:45:00 AM,Maryland (State),ROCKVILLE PIKE,SOUTH DR,,N/A,,STRAIGHT MOVEMENT ANGLE,CLEAR,DRY,DAYLIGHT,TRAFFIC SIGNAL,NONE DETECTED,,0CF2BEE4-D7A0-40C6-9128-67B139A5E3B1,Unknown,NO APPARENT INJURY,N/A,LOOKED BUT DID NOT SEE,MD,39492CB9-A4BB-4A10-817D-AB28E44A1BF5,DISABLING,TWELVE OCLOCK,PASSENGER CAR,MOVING CONSTANT SPEED,South,35,No,No,2010,MERCEDES ENZ,C300,38.99933667,-77.09695167,"(38.99933667, -77.09695167)"
EJ7852004S,210028976,Gaithersburg Police Depar,Property Damage Crash,07/26/2021 06:00:00 PM,Maryland (State),QUINCE ORCHARD RD,QUINCE ORCHARD BLVD,,GAITHERSBURG,,SAME DIR REAR END,N/A,DRY,DAYLIGHT,TRAFFIC SIGNAL,NONE DETECTED,,73B8C470-F443-405B-B372-8695F8FA0909,Yes,NO APPARENT INJURY,N/A,UNKNOWN,MD,5BCBAB06-2EBB-4A4C-952B-E912D4DBF844,FUNCTIONAL,TWELVE OCLOCK,PASSENGER CAR,SLOWING OR STOPPING,South,35,No,No,2018,BMW,3 SERIES,39.13440721,-77.22381329,"(39.13440721, -77.22381329)"
MCP0613000K,16048061,Montgomery County Police,Injury Crash,09/19/2016 09:27:00 AM,County,ASPEN HILL RD,BALTIC AVE,,N/A,,STRAIGHT MOVEMENT ANGLE,RAINING,WET,DAYLIGHT,STOP SIGN,NONE DETECTED,,E6DDC6D0-4898-4E56-B504-D6BF32FF1CE0,No,POSSIBLE INJURY,"N/A, WET",NOT DISTRACTED,MD,51BDC1FC-AD45-464E-902E-A4A7024E3B3A,FUNCTIONAL,TWELVE OCLOCK,(SPORT) UTILITY VEHICLE,MOVING CONSTANT SPEED,North,30,No,No,2011,HONDA,CRV,39.071175,-77.10192667,"(39.071175, -77.10192667)"
MCP28990050,210027446,Montgomery County Police,Property Damage Crash,07/15/2021 11:54:00 PM,Interstate (State),EISENHOWER MEMORIAL HWY,MUDDY BRANCH RD,,N/A,,OTHER,CLEAR,DRY,DARK LIGHTS ON,N/A,ALCOHOL PRESENT,,1012B82C-A0CB-4EDA-B3EB-4393B39A36D5,Yes,NO APPARENT INJURY,N/A,UNKNOWN,MD,FE33EC96-6ABD-4BDC-B296-7DFE793CA3E2,FUNCTIONAL,ONE OCLOCK,PASSENGER CAR,SLOWING OR STOPPING,South,55,No,No,2019,TOYOTA,CAMRY,39.12856167,-77.20401,"(39.12856167, -77.20401)"
MCP2871003V,17000281,Montgomery County Police,Property Damage Crash,01/02/2017 06:43:00 PM,County,DEMOCRACY BLVD,STRUC #M0144 CABIN JOHN CREEK,,N/A,,SINGLE VEHICLE,RAINING,WET,DARK NO LIGHTS,NO CONTROLS,NONE DETECTED,,38970306-650C-4863-A622-4E452CFE192D,Yes,NO APPARENT INJURY,"RAIN, SNOW, WET",OTHER DISTRACTION,MD,228AA26F-0E0F-4ED6-85BA-DA713CF894BD,DISABLING,ELEVEN OCLOCK,PASSENGER CAR,MOVING CONSTANT SPEED,West,35,No,No,2005,BMW,530I,39.02326167,-77.157035,"(39.02326167, -77.157035)"
MCP3225001M,210026298,Montgomery County Police,Injury Crash,07/08/2021 05:15:00 PM,,,,"116 UNIVERSITY BLVD W.
SILVER SPRING, MD",,PEDESTRIAN,OTHER,CLOUDY,,DAYLIGHT,N/A,UNKNOWN,NONE DETECTED,8D83815B-20D8-4F01-9E4E-7FD632095FB8,Yes,NO APPARENT INJURY,N/A,UNKNOWN,,B226601B-63F2-46A2-897A-AA7C7722B189,NO DAMAGE,SEVEN OCLOCK,PASSENGER CAR,STARTING FROM PARKED,Unknown,15,No,No,1900,HONDA,ACCORD,39.02120545,-77.01557047,"(39.02120545, -77.01557047)"
MCP2444000X,15022895,Montgomery County Police,Injury Crash,05/13/2015 04:07:00 PM,Interstate (State),EISENHOWER MEMORIAL HWY,RAMP 4 FR IS 270 NB TO MONTROSE RD EB,,N/A,,SAME DIR REAR END,CLEAR,DRY,DAYLIGHT,N/A,NONE DETECTED,,8EAC23C2-7653-498F-BD29-9049B43E8DDC,No,SUSPECTED MINOR INJURY,N/A,NOT DISTRACTED,MD,13529621-F257-4983-95DF-A4A24574453A,DESTROYED,SIX OCLOCK,PASSENGER CAR,SLOWING OR STOPPING,North,55,No,No,2013,VOLKS,2.0,39.05102333,-77.14919667,"(39.05102333, -77.14919667)"
MCP13780177,240004859,MONTGOMERY,Injury Crash,01/30/2024 05:59:00 PM,Maryland (State) Route,OLD GEORGETOWN RD,,,,,Front to Rear,Cloudy,Dry,Dark - Lighted,No Controls,"Not Suspect of Alcohol Use, Not Suspect of Drug Use",,DD711A08-5964-4ABF-8707-BB40FE73EDF1,No,No Apparent Injury,,Not Distracted,MD,5DAB6BE7-87B2-459B-9715-B19884A3B0D8,Functional,Six O Clock,Sport Utility Vehicle,Slowing or Stopping,Northbound,35,No,,2018,LEXUS,GX,39.04274256,-77.12175547,"(39.04274256, -77.12175547)"
MCP2291006Q,230013191,Montgomery County Police,Property Damage Crash,03/18/2023 03:20:00 PM,Maryland (State),RIVER RD,NORTON RD,,N/A,,SAME DIRECTION SIDESWIPE,CLEAR,DRY,N/A,NO CONTROLS,N/A,,F9463037-38D8-41E9-A1E7-DA35B604A7BB,No,NO APPARENT INJURY,N/A,NOT DISTRACTED,VA,299DD087-D0C2-4598-A291-14FD6AA294ED,SUPERFICIAL,THREE OCLOCK,VAN,STOPPED IN TRAFFIC LANE,East,35,No,No,2017,HONDA,ODYSSEY,39.02589049,-77.21940527,"(39.02589049, -77.21940527)"
MCP2752001L,17012245,Montgomery County Police,Injury Crash,03/08/2017 04:00:00 PM,Maryland (State),GOLDSBORO RD,RIVER RD,,N/A,,HEAD ON,CLEAR,DRY,DAYLIGHT,TRAFFIC SIGNAL,N/A,,A7F3492F-F7FB-4D3A-B98C-366CD6EFEE87,No,NO APPARENT INJURY,N/A,NOT DISTRACTED,MD,B0CC36F9-48BB-40E1-B1F3-B541B0C4EB24,DISABLING,TWELVE OCLOCK,PASSENGER CAR,STOPPED IN TRAFFIC LANE,North,35,No,No,2005,HOND,ODDESY,38.97326933,-77.121855,"(38.97326933, -77.121855)"
MCP2339006S,220008272,Montgomery County Police,Injury Crash,02/25/2022 04:06:00 PM,Municipality,PICCARD DR,GAITHER RD,,ROCKVILLE,"OTHER, PEDESTRIAN",OTHER,CLEAR,DRY,DAYLIGHT,TRAFFIC SIGNAL,NONE DETECTED,NONE DETECTED,FDFF4CF9-A0FA-4DB4-8C36-8BDAB9042CB8,Yes,NO APPARENT INJURY,N/A,LOOKED BUT DID NOT SEE,MD,2E416F01-6487-4A1B-AC6B-C95F73EE301A,NO DAMAGE,ONE OCLOCK,PICKUP TRUCK,MAKING RIGHT TURN,South,35,No,No,2021,FORD,F150,39.115235,-77.17854167,"(39.115235, -77.17854167)"
MCP2861006V,250025136,MONTGOMERY,Injury Crash,06/05/2025 06:10:00 PM,Local Route,MONTGOMERY MALL ENTRANCE CUT,AUTO PARK AVE MONTGOMERY MALL EXIT CUT WESTLAKE TERR,,,,Angle,Clear,Dry,Daylight,Traffic Control Signal,"Not Suspect of Alcohol Use, Not Suspect of Drug Use",,ECD2D174-10E8-47FE-9C55-FE243D0B7E76,No,Suspected Minor Injury,,Not Distracted,MD,1E102ED6-0A9E-4BC8-BE89-283585E7EE79,Disabling,Twelve O Clock,Sport Utility Vehicle,Moving Constant Speed,,30,No,No,2018,HONDA,CR-V,39.0266804,-77.14557179,"(39.0266804, -77.14557179)"
MCP32380022,220053217,Montgomery County Police,Property Damage Crash,12/02/2022 12:56:00 PM,US (State),GEORGIA AVE,SPUR TO MD 410,,N/A,,HEAD ON LEFT TURN,CLEAR,DRY,DAYLIGHT,NO CONTROLS,NONE DETECTED,,70569940-CECC-4A85-9307-4F870AEFB53F,No,NO APPARENT INJURY,N/A,NOT DISTRACTED,MD,B0158E7F-979A-4AD0-9E1E-D3C9806A1026,SUPERFICIAL,TWELVE OCLOCK,PASSENGER CAR,MOVING CONSTANT SPEED,West,30,No,No,2019,MINI,COOPER,38.98830333,-77.02743667,"(38.98830333, -77.02743667)"
MCP3173000L,190028139,Montgomery County Police,Injury Crash,06/12/2019 10:35:00 PM,Maryland (State),SPENCERVILLE RD,KRUHM RD,,N/A,,HEAD ON,RAINING,WET,DARK NO LIGHTS,NO CONTROLS,ALCOHOL PRESENT,,1A52EE29-8DC3-4A97-9867-3843748AE762,Yes,POSSIBLE INJURY,"RAIN, SNOW, WET",INATTENTIVE OR LOST IN THOUGHT,MD,3ED35C0C-775D-452C-A8D8-365DC4DAAAA9,DISABLING,TWELVE OCLOCK,PASSENGER CAR,MOVING CONSTANT SPEED,West,40,No,No,2010,NISSIAN,FRONTIER,39.110888,-76.94937967,"(39.110888, -76.94937967)"
MCP2048001P,170542786,Montgomery County Police,Property Damage Crash,11/14/2017 04:30:00 PM,,,,PARKING LOT OF 13814 OUTLET DR,,,SAME DIRECTION SIDESWIPE,CLEAR,,DAYLIGHT,N/A,NONE DETECTED,,53A15A4D-C058-4E1E-BA6D-00E06856CCE7,Yes,NO APPARENT INJURY,N/A,NOT DISTRACTED,MD,F97B4D35-D5E1-45D0-BAC1-0AA1BEF61D5C,FUNCTIONAL,ELEVEN OCLOCK,PASSENGER CAR,BACKING,West,15,No,No,2009,TOYT,4S,39.08366667,-76.94655,"(39.08366667, -76.94655)"
MCP2801002B,180028598,Montgomery County Police,Property Damage Crash,06/10/2018 02:29:00 AM,Maryland (State),COLESVILLE RD,16TH ST,,N/A,,SAME DIR REAR END,CLEAR,DRY,DARK LIGHTS ON,YIELD SIGN,N/A,,47DB5EF1-A4C7-43D6-B2A9-9BC744C1312E,No,NO APPARENT INJURY,N/A,NOT DISTRACTED,MD,3CB06450-FB25-4B9D-98C5-CE495D8BD08C,FUNCTIONAL,SIX OCLOCK,PASSENGER CAR,SLOWING OR STOPPING,South,30,No,No,2014,VOLK,PASSAT,38.99238167,-77.03593,"(38.99238167, -77.03593)"
MCP2676001P,15058958,MONTGOMERY,Injury Crash,11/18/2015 06:51:00 PM,County,GOSHEN RD,WIGHTMAN RD,,N/A,,HEAD ON LEFT TURN,CLOUDY,WET,DARK LIGHTS ON,TRAFFIC SIGNAL,N/A,,B18DAF0C-52AE-4940-B900-2E5120DFECEB,No,NO APPARENT INJURY,"N/A, WET",NOT DISTRACTED,MD,F0B1081D-4B42-4CD9-8A36-652CC5AF254B,DISABLING,TWELVE OCLOCK,PASSENGER CAR,STOPPED IN TRAFFIC LANE,East,35,No,No,1998,HONDA,ACCORD,39.18783167,-77.18696667,"(39.18783167, -77.18696667)"
MCP2274000Q,16023318,Montgomery County Police,Property Damage Crash,05/11/2016 07:56:00 AM,Maryland (State),QUINCE ORCHARD RD,EISENHOWER MEMORIAL HWY,,N/A,,SAME DIR REAR END,CLOUDY,WET,DAYLIGHT,NO CONTROLS,NONE DETECTED,,0AC57AFF-30FC-4B12-ADAA-66EECA572FEC,Yes,NO APPARENT INJURY,N/A,UNKNOWN,MD,E2295574-8197-4332-BFA4-9D8EB49D66E4,DISABLING,TWELVE OCLOCK,PASSENGER CAR,SLOWING OR STOPPING,South,35,No,No,2012,HYUN,ACCENT,39.15114333,-77.21402833,"(39.15114333, -77.21402833)"
MCP3068004V,230028653,Montgomery County Police,Injury Crash,06/14/2023 04:05:00 PM,Maryland (State),MONTGOMERY AVE,PEARL ST,,N/A,,SAME DIRECTION SIDESWIPE,CLEAR,DRY,DAYLIGHT,NO CONTROLS,N/A,,7317F941-2FC2-4376-9A62-567583361F9B,No,NO APPARENT INJURY,N/A,NOT DISTRACTED,MD,F1920BF3-686A-49D0-9A13-05476E7549E2,FUNCTIONAL,THREE OCLOCK,VAN,MOVING CONSTANT SPEED,East,35,No,No,2008,TOYT,VN,38.98404383,-77.09060733,"(38.98404383, -77.09060733)"
MCP0617006G,240055314,MONTGOMERY,Injury Crash,11/18/2024 01:45:00 PM,Maryland (State) Route,LAYHILL RD,,,,,Front to Rear,Clear,Dry,Daylight,No Controls,"Not Suspect of Alcohol Use, Not Suspect of Drug Use",,43FCDC5D-779A-4976-9D5F-BAA410D969E5,Yes,No Apparent Injury,,Not Distracted,MD,8D89F850-4E82-48A5-BDFE-A3BC5C684932,Functional,Twelve O Clock,Passenger Car,Slowing or Stopping,Northbound,40,No,No,2018,LEXUS,ES,39.08193228,-77.0475014,"(39.08193228, -77.0475014)"
MCP2518000X,15055375,MONTGOMERY,Property Damage Crash,10/31/2015 09:57:00 AM,County,STRINGTOWN RD,KINGSLEY RD,,N/A,,SINGLE VEHICLE,CLEAR,DRY,DAYLIGHT,NO CONTROLS,NONE DETECTED,,B33B5B66-27A3-4F07-8A26-350D53F68780,Yes,NO APPARENT INJURY,N/A,NOT DISTRACTED,MD,DF45EFB2-C5BC-4F8B-AB9F-43D379BA0993,SUPERFICIAL,ONE OCLOCK,FIRE VEHICLE/NON EMERGENCY,BACKING,North,30,No,No,2008,SPARTAN,TK,39.24883333,-77.25844667,"(39.24883333, -77.25844667)"
MCP2617002Y,16066636,Montgomery County Police,Property Damage Crash,12/27/2016 06:48:00 PM,Maryland (State),WISCONSIN AVE,EAST WEST HWY (W/B COUPLET),,N/A,,SAME DIR REAR END,CLEAR,DRY,DARK LIGHTS ON,NO CONTROLS,NONE DETECTED,,37EEE6FE-409B-4A5F-92A5-57AF26BD1130,Yes,NO APPARENT INJURY,"DEBRIS OR OBSTRUCTION, N/A",UNKNOWN,MD,51EDD31E-FE31-4C2E-AD0E-E130D9F0C281,DISABLING,TWELVE OCLOCK,PASSENGER CAR,MOVING CONSTANT SPEED,North,25,No,No,1994,HONDA,CIVIC,38.98545167,-77.09439333,"(38.98545167, -77.09439333)"
MCP2931001R,16065790,Montgomery County Police,Property Damage Crash,12/22/2016 06:34:00 PM,Interstate (State),EISENHOWER MEMORIAL HWY,EXIT #10,,N/A,,SAME DIR REAR END,CLEAR,DRY,N/A,NO CONTROLS,N/A,,1AA301D1-A2AA-4001-BB5C-1615471BAD91,No,NO APPARENT INJURY,N/A,NOT DISTRACTED,MD,0B187CFA-B978-4122-8A52-9A4CE1C73106,DISABLING,SIX OCLOCK,PASSENGER CAR,MOVING CONSTANT SPEED,North,55,No,No,2005,FORD,4S,39.13118333,-77.20619667,"(39.13118333, -77.20619667)"
MCP2358009N,220023440,Montgomery County Police,Property Damage Crash,06/01/2022 02:00:00 PM,Maryland (State),WILSON LA,BRADLEY BLVD,,N/A,,STRAIGHT MOVEMENT ANGLE,CLEAR,DRY,DAYLIGHT,TRAFFIC SIGNAL,NONE DETECTED,,FB931AA3-A20C-4E79-B3A4-183C07ED5D48,Yes,NO APPARENT INJURY,N/A,NOT DISTRACTED,MD,6E1EAA1A-9E9D-4137-A707-2A033E28371B,DISABLING,TWELVE OCLOCK,PASSENGER CAR,MOVING CONSTANT SPEED,South,35,No,No,2012,HYUNDAI,SONATA,38.98609467,-77.11541183,"(38.98609467, -77.11541183)"
MCP1453009S,220045015,Montgomery County Police,Property Damage Crash,10/14/2022 10:20:00 AM,County,WISTERIA DR,GERMANTOWN RD,,N/A,,SAME DIR REAR END,CLEAR,DRY,DAYLIGHT,TRAFFIC SIGNAL,NONE DETECTED,,59350F2D-CF82-4ECF-AFE5-EA112D2ECC89,Unknown,NO APPARENT INJURY,N/A,NOT DISTRACTED,MD,6E7F5C92-F576-48EB-B127-1187282AA38F,SUPERFICIAL,SIX OCLOCK,(SPORT) UTILITY VEHICLE,UNKNOWN,West,30,No,No,2016,TOYOTA,RAV4,39.17682167,-77.26925167,"(39.17682167, -77.26925167)"