Report Number,Local Case Number,Agency Name,ACRS Report Type,Crash Date/Time,Route Type,Road Name,Cross-Street Name,Off-Road Description,Municipality,Related Non-Motorist,Collision Type,Weather,Surface Condition,Light,Traffic Control,Driver Substance Abuse,Non-Motorist Substance Abuse,Person ID,Driver At Fault,Injury Severity,Circumstance,Driver Distracted By,Drivers License State,Vehicle ID,Vehicle Damage Extent,Vehicle First Impact Location,Vehicle Body Type,Vehicle Movement,Vehicle Going Dir,Speed Limit,Driverless Vehicle,Parked Vehicle,Vehicle Year,Vehicle Make,Vehicle Model,Latitude,Longitude,Location
MCP3084005B,220002617,Montgomery County Police,Injury Crash,01/21/2022 08:18:00 AM,Maryland (State),CONNECTICUT AVE,FRANKLIN ST,,CHEVY CHASE VIEW,,SAME DIRECTION SIDESWIPE,CLEAR,ICE,DAYLIGHT,NO CONTROLS,NONE DETECTED,,9929328E-F69E-4C80-9B8F-4E3FAE5496EB,Yes,NO APPARENT INJURY,"ICY OR SNOW-COVERED, N/A",LOOKED BUT DID NOT SEE,MD,E5497B7A-418C-45A2-9C9A-C4A38E1CE313,DISABLING,NINE OCLOCK,PICKUP TRUCK,MOVING CONSTANT SPEED,South,35,No,No,2008,CHEVY,SILVERADO,39.017165,-77.078295,"(39.017165, -77.078295)"
MCP2859007F,190046522,Montgomery County Police,Property Damage Crash,09/28/2019 12:35:00 PM,,,,"PARKING LOT AND IN THE AREA OF 527 QUINCE ORCHARD RD, GAITHERSBURG, MD.",,,OTHER,CLEAR,,DAYLIGHT,NO CONTROLS,NONE DETECTED,,A5E65CF4-67C5-4EC3-AB17-69B43B07DD35,No,NO APPARENT INJURY,N/A,NOT DISTRACTED,MD,6D201235-18FC-4BB4-B31C-B2369B35894A,SUPERFICIAL,SIX OCLOCK,PASSENGER CAR,PARKED,,15,No,Yes,2006,CHEV,HHR,39.14428512,-77.21964194,"(39.14428512, -77.21964194)"
MCP27380011,15046737,MONTGOMERY,Injury Crash,09/15/2015 04:52:00 PM,US (State),COLUMBIA PIKE,INDUSTRIAL PKWY,,N/A,,SAME DIR REAR END,CLEAR,DRY,DAYLIGHT,NO CONTROLS,NONE DETECTED,,7BC527ED-ED17-4924-B4BD-AA6A4B180404,No,SUSPECTED MINOR INJURY,N/A,NOT DISTRACTED,MD,32DD333E-25B9-462A-9963-5D6DF3A972C9,SUPERFICIAL,SIX OCLOCK,PASSENGER CAR,SLOWING OR STOPPING,North,50,No,No,2008,HONDA,ACCORD,39.05277833,-76.977045,"(39.05277833, -76.977045)"
MCP204600BH,190059252,Montgomery County Police,Property Damage Crash,12/09/2019 06:33:00 AM,County,E RANDOLPH RD,SMITH VILLAGE RD,,N/A,,SAME DIRECTION SIDESWIPE,FOGGY,WET,DARK LIGHTS ON,NO CONTROLS,NONE DETECTED,,599A52C3-5BB6-469E-B9C4-8869C80B3581,Yes,NO APPARENT INJURY,"N/A, WET",NOT DISTRACTED,MD,21AAF6BB-C048-4C2D-961D-CE39B2665198,DISABLING,TWELVE OCLOCK,PASSENGER CAR,MOVING CONSTANT SPEED,West,40,No,No,2001,FORD,TAURUS,39.070535,-76.98769333,"(39.070535, -76.98769333)"
MCP2863002N,230012863,Montgomery County Police,Injury Crash,03/16/2023 07:15:00 PM,County,WASHINGTON GROVE LA,AMITY DR,,N/A,,SAME DIRECTION LEFT TURN,CLEAR,DRY,N/A,OTHER,NONE DETECTED,,B3BD572A-F085-470F-95DC-6291BF810D01,Yes,POSSIBLE INJURY,N/A,LOOKED BUT DID NOT SEE,MD,32C27BC7-0815-4A6F-A302-9A32FCC74702,DISABLING,TEN OCLOCK,PASSENGER CAR,CHANGING LANES,North,25,No,No,2012,TOYT,SD,39.1468,-77.16976,"(39.1468, -77.16976)"
MCP2738002Y,180054650,Montgomery County Police,Injury Crash,10/31/2018 06:49:00 PM,US (State),COLUMBIA PIKE,GREENCASTLE RD,,N/A,,SAME DIR REAR END,CLEAR,DRY,DARK LIGHTS ON,NO CONTROLS,N/A,,E9078BCC-5347-427E-8AD5-3705C69A6273,Yes,NO APPARENT INJURY,N/A,UNKNOWN,MD,00C93BE7-E6E4-424A-AF27-824A442FB0E3,SUPERFICIAL,TWELVE OCLOCK,PASSENGER CAR,SLOWING OR STOPPING,North,55,No,No,2009,SUBARU,IMPREZA,39.09448667,-76.93870167,"(39.09448667, -76.93870167)"
MCP31230023,210016471,Montgomery County Police,Injury Crash,05/03/2021 08:08:00 AM,County,AVERY RD,SOUTHLAWN LA,,N/A,,STRAIGHT MOVEMENT ANGLE,RAINING,WET,DAYLIGHT,STOP SIGN,NONE DETECTED,,03CC4E21-646D-4E13-8B2C-2DC30C08C9F9,No,NO APPARENT INJURY,"RAIN, SNOW, WET",NOT DISTRACTED,MD,7C411561-E867-4D51-AAB6-4C066673C5DC,FUNCTIONAL,ELEVEN OCLOCK,"OTHER LIGHT TRUCKS (10,000LBS (4,536KG) OR LESS)",MAKING LEFT TURN,East,35,No,No,2010,FORD,F250,39.10679417,-77.12103783,"(39.10679417, -77.12103783)"
EJ7895002L,220034706,Gaithersburg Police Depar,Property Damage Crash,08/12/2022 01:15:00 PM,,,,FESTIVAL SHOPPING CENTER DRIVEWAY TO 221 MUDDY BRANCH ROAD,,BICYCLIST,STRAIGHT MOVEMENT ANGLE,CLEAR,,DAYLIGHT,NO CONTROLS,NONE DETECTED,NONE DETECTED,789CE2F3-035B-44C8-B8FF-34A94AD08CA8,No,NO APPARENT INJURY,N/A,NOT DISTRACTED,MD,884D9275-68FB-4A80-9A3C-EE0BD4DF6486,NO DAMAGE,NINE OCLOCK,PASSENGER CAR,MAKING LEFT TURN,East,5,No,No,2014,TOYOTA,PRIUS,39.11101895,-77.23904253,"(39.11101895, -77.23904253)"
MCP3078003Z,210029984,Montgomery County Police,Injury Crash,08/02/2021 05:21:00 PM,Maryland (State),ASHTON RD,TUCKER LA,,N/A,,HEAD ON,CLEAR,DRY,DAYLIGHT,NO CONTROLS,NONE DETECTED,,84395745-B348-4FF5-B893-0A81AB4984A0,No,POSSIBLE INJURY,N/A,NOT DISTRACTED,MD,C58E3F92-A54C-4538-8194-72522587DFF1,DISABLING,NINE OCLOCK,PASSENGER CAR,MOVING CONSTANT SPEED,East,30,No,No,2006,TOYOTA,VAN,39.16048167,-76.97564333,"(39.16048167, -76.97564333)"
MCP27830040,210013325,Montgomery County Police,Property Damage Crash,04/09/2021 09:49:00 PM,County,SELFRIDGE RD,MAHAN RD,,N/A,,SAME DIR REAR END,CLEAR,DRY,DARK NO LIGHTS,NO CONTROLS,NONE DETECTED,,0EA662D6-F15D-4DA0-B2D5-15C9D2E45CDD,Yes,NO APPARENT INJURY,N/A,TALKING OR LISTENING TO CELLULAR PHONE,MD,51BD3549-0358-4D5B-A8F0-4E2BECBC3788,DESTROYED,TWELVE OCLOCK,PASSENGER CAR,MOVING CONSTANT SPEED,South,15,No,No,2002,HONDA,ODYSSEY,39.05468833,-77.08249,"(39.05468833, -77.08249)"
DM8376000Z,210002024,Takoma Park Police Depart,Property Damage Crash,01/16/2021 09:24:00 PM,Municipality,HOLLY AVE,TULIP AVE,,TAKOMA PARK,,OTHER,CLEAR,DRY,DARK LIGHTS ON,N/A,N/A,,6406B8E4-0B70-4406-9965-7C9A77270510,Yes,NO APPARENT INJURY,N/A,NOT DISTRACTED,MD,2FA9AD3D-660F-4B44-9483-20D0E9952EE2,SUPERFICIAL,FOUR OCLOCK,POLICE VEHICLE/NON EMERGENCY,PARKING,North,25,No,No,2018,FORD,FUSION,38.97903039,-77.01598148,"(38.97903039, -77.01598148)"
MCP2981001J,170508176,Montgomery County Police,Property Damage Crash,05/16/2017 08:20:00 PM,Maryland (State),WISCONSIN AVE,WISCONSIN CIR,,N/A,,SAME DIRECTION LEFT TURN,CLEAR,DRY,DARK LIGHTS ON,NO CONTROLS,NONE DETECTED,,45282252-0E32-4862-A272-3295A33403E8,Unknown,NO APPARENT INJURY,N/A,NOT DISTRACTED,MD,98C468AF-33DC-4D50-BFD7-35777878C922,SUPERFICIAL,ONE OCLOCK,TRUCK TRACTOR,SLOWING OR STOPPING,North,30,No,No,0,X,X,38.96229,-77.086295,"(38.96229, -77.086295)"
EJ7856001G,16027329,Gaithersburg Police Depar,Injury Crash,06/01/2016 11:20:00 AM,County,MUDDY BRANCH RD,ENT TO MUDDY BRANCH SQUARE,,N/A,,SAME DIR REAR END,CLEAR,DRY,DAYLIGHT,NO CONTROLS,N/A,,9CFA9638-8669-459F-B476-3E40954BB5BA,Yes,POSSIBLE INJURY,N/A,OTHER ELECTRONIC DEVICE (NAVIGATIONAL PALM PILOT),MD,18728881-E8BB-432F-9854-5155CBDE5D5C,DISABLING,TWELVE OCLOCK,PASSENGER CAR,SLOWING OR STOPPING,West,45,No,No,2012,DODGE,CHARGER,39.113615,-77.216075,"(39.113615, -77.216075)"
EJ7871007H,240030826,GAITHERSBURG,Property Damage Crash,06/29/2024 10:38:00 PM,Maryland (State) Route,S FREDERICK RD,E DEER PARK DR,,,,Front to Rear,Clear,Dry,Dark - Lighted,Traffic Control Signal,"Suspect of Alcohol Use, Not Suspect of Drug Use",,306DA6B2-7C6E-42FC-A724-6BB6AFCB6504,No,No Apparent Injury,,Not Distracted,,4D365E66-CE29-41A0-A4B9-172433D94B39,Superficial,Twelve O Clock,Passenger Car,Moving Constant Speed,,35,No,,2007,NISSAN,XTERRA,39.1321709,-77.18882083,"(39.1321709, -77.18882083)"
MCP3045003R,210009461,Montgomery County Police,Property Damage Crash,03/13/2021 01:06:00 PM,County,GREENTREE RD,BRADMOOR DR,,N/A,,STRAIGHT MOVEMENT ANGLE,CLEAR,DRY,DAYLIGHT,NO CONTROLS,NONE DETECTED,,6DAE5C4C-2265-4162-B500-EA4267E1FED4,Yes,NO APPARENT INJURY,N/A,LOOKED BUT DID NOT SEE,MD,08E37EA2-71EB-4AE7-8D14-21E50A46E404,DISABLING,TWELVE OCLOCK,PASSENGER CAR,MAKING LEFT TURN,North,35,No,No,2018,SUBARU,LEGACY,39.001085,-77.121195,"(39.001085, -77.121195)"
MCP2637004H,220009804,Montgomery County Police,Property Damage Crash,03/07/2022 01:15:00 PM,County,ESWORTHY RD,SENECA RD,,N/A,,SAME DIRECTION LEFT TURN,CLOUDY,DRY,DAYLIGHT,NO CONTROLS,NONE DETECTED,,DA549D37-B3AA-49A8-B684-99FCE8176535,No,NO APPARENT INJURY,N/A,NOT DISTRACTED,MD,0DE86DDD-FCAE-4295-853D-B62E97302E29,DISABLING,ONE OCLOCK,PASSENGER CAR,MOVING CONSTANT SPEED,East,35,No,No,2020,CADI,XT6,39.08213667,-77.29438833,"(39.08213667, -77.29438833)"
MCP2446003Y,180046025,Montgomery County Police,Injury Crash,09/14/2018 08:44:00 PM,County,SUNDOWN RD,ZION RD,,N/A,,HEAD ON,CLOUDY,DRY,DARK NO LIGHTS,NO CONTROLS,NONE DETECTED,,F846CE6C-8679-4780-868D-2F97DFDD3014,No,POSSIBLE INJURY,N/A,NOT DISTRACTED,MD,9F479B2B-045B-481B-BA71-40184CD9E05A,DISABLING,TWELVE OCLOCK,PASSENGER CAR,MOVING CONSTANT SPEED,West,40,No,No,2005,CHEVY,MALIBU,39.223,-77.08068667,"(39.223, -77.08068667)"
MCP3209003J,220038089,Montgomery County Police,Injury Crash,09/02/2022 04:23:00 PM,Maryland (State),COLESVILLE RD,WAYNE AVE,,N/A,,SAME DIRECTION LEFT TURN,CLEAR,DRY,DAYLIGHT,TRAFFIC SIGNAL,NONE DETECTED,,9D12F541-C729-480D-9833-BAD284F693A1,Yes,POSSIBLE INJURY,N/A,LOOKED BUT DID NOT SEE,MD,6C4527F3-4165-48B3-B42A-75F2A03FC4B1,DISABLING,EIGHT OCLOCK,PASSENGER CAR,CHANGING LANES,East,35,No,No,2021,TOYOTA,COROLLA,38.99485333,-77.02966167,"(38.99485333, -77.02966167)"
DD5653002B,230030992,Rockville Police Departme,Property Damage Crash,06/28/2023 10:21:00 PM,Maryland (State),ROCKVILLE PIKE,RICHARD MONTGOMERY DR,,ROCKVILLE,,HEAD ON LEFT TURN,CLOUDY,DRY,DARK LIGHTS ON,TRAFFIC SIGNAL,NONE DETECTED,,457979C7-3165-44B9-B0CA-479F0E7A32D0,No,NO APPARENT INJURY,N/A,NOT DISTRACTED,MD,74C08F5E-0E4B-4D55-A7F5-37555B9F463B,DISABLING,FIVE OCLOCK,PASSENGER CAR,MOVING CONSTANT SPEED,North,30,No,No,2008,MERCEDEZ,UT,39.08038132,-77.14411035,"(39.08038132, -77.14411035)"
MCP05390054,180036783,Montgomery County Police,Injury Crash,07/25/2018 08:36:00 AM,County,E RANDOLPH RD,NEW HAMPSHIRE AVE,,N/A,,SAME DIR REAR END,CLOUDY,DRY,DAYLIGHT,TRAFFIC SIGNAL,NONE DETECTED,,1043352A-9078-41C2-8CAC-DC8282A36B71,Yes,NO APPARENT INJURY,N/A,NOT DISTRACTED,MD,8AB04713-6045-481A-A45D-09D9260E1D68,FUNCTIONAL,TWELVE OCLOCK,PASSENGER CAR,SLOWING OR STOPPING,West,40,No,No,1995,MERZ,C220,39.07608167,-77.00242833,"(39.07608167, -77.00242833)"
MCP3168003G,210035531,Montgomery County Police,Property Damage Crash,09/09/2021 09:13:00 PM,Maryland (State),NORBECK RD,BALTIMORE RD,,N/A,,SAME DIR REAR END,CLEAR,DRY,DARK LIGHTS ON,TRAFFIC SIGNAL,N/A,,D59202F8-6E63-4B90-92C8-2B7038BAC1B0,No,NO APPARENT INJURY,N/A,NOT DISTRACTED,MD,CC97D01A-DD8B-472B-8C53-0657B858E61C,FUNCTIONAL,SIX OCLOCK,PASSENGER CAR,SLOWING OR STOPPING,East,35,No,No,2015,VOLK,JETTA,39.09557833,-77.11132833,"(39.09557833, -77.11132833)"
MCP2825000W,170543678,Montgomery County Police,Property Damage Crash,11/19/2017 03:45:00 AM,County,WARING STATION RD,CLOPPER RD,,N/A,,SINGLE VEHICLE,RAINING,WET,DARK NO LIGHTS,NO CONTROLS,NONE DETECTED,,A47F7F05-E4BA-4AF1-915A-E441869006A6,Yes,NO APPARENT INJURY,"RAIN, SNOW, WET",NOT DISTRACTED,MD,60A891CD-EC28-414C-B775-CA0DD026820B,DISABLING,TWELVE OCLOCK,PASSENGER CAR,MOVING CONSTANT SPEED,South,30,No,No,2009,FORD,FOCUS,39.15508333,-77.2545,"(39.15508333, -77.2545)"
MCP28750071,230016667,Montgomery County Police,Property Damage Crash,04/07/2023 04:59:00 PM,Maryland (State),DAMASCUS RD,MULLINIX MILL RD,,N/A,,SAME DIRECTION SIDESWIPE,CLOUDY,DRY,DAYLIGHT,NO CONTROLS,NONE DETECTED,,3500DA92-9D8D-4765-877F-643BF52A3ECB,Yes,NO APPARENT INJURY,N/A,UNKNOWN,VA,30EB6CD1-F009-4951-8988-4677AE744350,DISABLING,TWO OCLOCK,PASSENGER CAR,MOVING CONSTANT SPEED,East,50,No,No,2019,LAMBORGHINI,AVENTADOR,39.28134667,-77.17254667,"(39.28134667, -77.17254667)"
MCP2932004T,210027812,Montgomery County Police,Property Damage Crash,07/18/2021 11:57:00 PM,Maryland (State),VEIRS MILL RD,GEORGIA AVE,,N/A,,SAME DIR REAR END,CLEAR,DRY,DARK LIGHTS ON,TRAFFIC SIGNAL,UNKNOWN,,8244F390-3307-4399-998D-DAD8FD258C25,Yes,NO APPARENT INJURY,N/A,UNKNOWN,,CB2406C8-362C-4D02-811A-33D17CB32646,UNKNOWN,TWELVE OCLOCK,PASSENGER CAR,SLOWING OR STOPPING,East,35,No,No,2013,TOYOTA,PRIUS,39.0360176,-77.05008522,"(39.0360176, -77.05008522)"
MCP2846009L,240040231,MONTGOMERY,Injury Crash,08/25/2024 04:58:00 PM,Maryland (State) Route,GEORGIA AVE (SB/L),,,,,Front to Rear,Clear,Dry,Daylight,No Controls,"Not Suspect of Alcohol Use, Not Suspect of Drug Use",,DE7E9EE5-F211-49E5-BB89-02D7DE432531,No,Suspected Minor Injury,,Not Distracted,DC,86F87149-20D4-4DCE-9DFF-5EDAE750B84D,Superficial,Six O Clock,Passenger Car,Moving Constant Speed,Southbound,35,No,No,2010,MERCEDES-BENZ,ML-CLASS,39.02773856,-77.0469279,"(39.02773856, -77.0469279)"
MCP2805001Y,16032206,Montgomery County Police,Property Damage Crash,06/25/2016 04:13:00 PM,Maryland (State),MUNCASTER MILL RD,OLDE MILL RUN,,N/A,,SAME DIR REAR END,CLEAR,DRY,N/A,NO CONTROLS,NONE DETECTED,,9BEA44C2-458B-4C77-8EF9-8C6A058300DB,No,NO APPARENT INJURY,N/A,NOT DISTRACTED,MD,E22846A3-4171-4609-A8CF-6E599A890D7E,DISABLING,SIX OCLOCK,PASSENGER CAR,SLOWING OR STOPPING,East,45,No,No,2009,TOYOTA,COROLLA,39.14019667,-77.13510333,"(39.14019667, -77.13510333)"
MCP29660015,15053149,MONTGOMERY,Property Damage Crash,10/20/2015 07:48:00 AM,County,ISBELL ST,DELANCY DR,,N/A,,SAME DIR REAR END,CLEAR,DRY,DAYLIGHT,NO CONTROLS,NONE DETECTED,,07427D5A-2971-47F4-84EA-8D26F9BA1C33,No,NO APPARENT INJURY,N/A,NOT DISTRACTED,MD,A5246563-5177-4951-8333-6E02DC524CFF,SUPERFICIAL,ONE OCLOCK,PASSENGER CAR,MOVING CONSTANT SPEED,West,25,No,No,1998,SUBA,TK,39.06511048,-77.0836401,"(39.06511048, -77.0836401)"
MCP3091002S,210031835,Montgomery County Police,Injury Crash,08/16/2021 11:57:00 AM,County,INDIANOLA DR,END BRIDGE,,N/A,,HEAD ON,CLOUDY,WET,DAYLIGHT,OTHER,N/A,,3EE0B0AD-CA26-4612-8046-813021AF63C4,Yes,SUSPECTED MINOR INJURY,"N/A, WET",UNKNOWN,MD,A02066AD-EF30-4089-AE37-9AAC811623C9,DISABLING,TWELVE OCLOCK,OTHER,NEGOTIATING A CURVE,North,30,No,No,2010,FORD,USPS,39.11482433,-77.1595285,"(39.11482433, -77.1595285)"
DD5614001N,16064725,Rockville Police Departme,Property Damage Crash,12/15/2016 07:45:00 AM,County,E JEFFERSON ST,SPUR TO MONTROSE RD,,N/A,,SAME DIRECTION RIGHT TURN,N/A,DRY,DAYLIGHT,TRAFFIC SIGNAL,UNKNOWN,,33B01BDB-1B59-43AA-9D51-DB223E5FD3A6,No,NO APPARENT INJURY,N/A,NOT DISTRACTED,MD,731A4944-B31D-4EEE-9B63-5F3252FC84D6,SUPERFICIAL,FOUR OCLOCK,PASSENGER CAR,MAKING RIGHT TURN,South,30,No,No,2012,VOLKSWAGON,4S,39.05283904,-77.12631539,"(39.05283904, -77.12631539)"
MCP2745000Y,15016761,Montgomery County Police,Property Damage Crash,04/11/2015 10:41:00 AM,Maryland (State),MUNCASTER MILL RD,PHELPS HILL LA,,N/A,,SAME DIRECTION SIDESWIPE,N/A,DRY,DAYLIGHT,N/A,NONE DETECTED,,55BBA0EF-449F-40E4-BA6F-0AEC825906A1,Yes,NO APPARENT INJURY,N/A,NOT DISTRACTED,MD,72493FAC-5FC3-4E05-BE3D-4C13B1FA90C9,FUNCTIONAL,ONE OCLOCK,PASSENGER CAR,CHANGING LANES,East,35,No,No,2013,CHEVORLET,CAPTIVA,39.14694833,-77.14576167,"(39.14694833, -77.14576167)"
MCP2246001K,170500244,Montgomery County Police,Injury Crash,04/03/2017 06:49:00 PM,US (State),COLESVILLE RD,BREWSTER AVE,,N/A,,SAME DIR REAR END,CLEAR,DRY,DAYLIGHT,NO CONTROLS,NONE DETECTED,,B7966393-7D1E-48B7-9ADC-C1345A94EF32,Yes,NO APPARENT INJURY,N/A,LOOKED BUT DID NOT SEE,MD,97134196-F7E6-4F3D-866E-78E9E4D6E8BB,FUNCTIONAL,TWELVE OCLOCK,PASSENGER CAR,MOVING CONSTANT SPEED,North,40,No,No,2017,HOND,4S,39.01182967,-77.01702895,"(39.01182967, -77.01702895)"
MCP3039003L,190012240,Montgomery County Police,Property Damage Crash,03/16/2019 08:12:00 PM,Maryland (State),OLD GEORGETOWN RD,CEDARWOOD DR,,N/A,,OPPOSITE DIRECTION SIDESWIPE,CLEAR,DRY,DARK LIGHTS ON,NO CONTROLS,NONE DETECTED,,EE163FF5-4405-4F00-80F7-BE8EDF9615DD,No,NO APPARENT INJURY,N/A,NOT DISTRACTED,MD,D06B9FF7-FB68-45D2-A553-783D448EA5FF,SUPERFICIAL,TEN OCLOCK,PASSENGER CAR,MOVING CONSTANT SPEED,North,30,No,No,2017,CHEVROLET,CRUZE,39.03645,-77.123505,"(39.03645, -77.123505)"
MCP20870010,17013048,Montgomery County Police,Injury Crash,03/13/2017 06:42:00 AM,County,NORWOOD RD,NEW HAMPSHIRE AVE,,N/A,,HEAD ON LEFT TURN,N/A,DRY,DARK LIGHTS ON,TRAFFIC SIGNAL,N/A,,1E686A09-C09C-4ABF-9384-2FF9052A8043,Yes,NO APPARENT INJURY,N/A,NOT DISTRACTED,MD,BDDA7723-D091-4E8B-8543-7B9A614EE29D,FUNCTIONAL,ONE OCLOCK,"CARGO VAN/LIGHT TRUCK 2 AXLES (OVER 10,000LBS (4,536 KG))",MAKING LEFT TURN,West,45,No,No,2013,CHEVY,VAN,39.10608167,-77.00138167,"(39.10608167, -77.00138167)"
MCP9134000X,170544469,Montgomery County Police,Property Damage Crash,11/23/2017 02:18:00 AM,,,,"PARKING GARAGE 4, 8110 FENTON STREET, SILVER SPRING, MD",,,STRAIGHT MOVEMENT ANGLE,CLEAR,,DARK LIGHTS ON,N/A,UNKNOWN,,EF436C16-E642-4AB7-9D77-135BB491B1A8,Yes,NO APPARENT INJURY,N/A,UNKNOWN,,759710B5-79B2-4CD3-BA62-290A8966E1F9,SUPERFICIAL,SIX OCLOCK,PASSENGER CAR,BACKING,South,0,No,No,1998,FORD,MUSTANG,38.99109833,-77.02543667,"(38.99109833, -77.02543667)"
MCP3284000J,210013139,Montgomery County Police,Property Damage Crash,04/08/2021 03:40:00 PM,US (State),COLUMBIA PIKE,STEWART LA,,N/A,,SAME DIR REAR END,CLEAR,DRY,DAYLIGHT,TRAFFIC SIGNAL,NONE DETECTED,,520A10EA-C575-42CC-AE0B-F8C2D5BFD2AC,No,NO APPARENT INJURY,N/A,NOT DISTRACTED,MD,C0645593-07FB-4D64-85BF-8461217D2FE0,SUPERFICIAL,SIX OCLOCK,PASSENGER CAR,STOPPED IN TRAFFIC LANE,South,45,No,No,2016,FORD,4S,39.04677833,-76.98657667,"(39.04677833, -76.98657667)"
MCP22030016,16028983,Montgomery County Police,Injury Crash,06/09/2016 02:05:00 PM,Maryland (State),UNIVERSITY BLVD W,INWOOD AVE,,N/A,,SAME DIR REAR END,CLEAR,DRY,DAYLIGHT,TRAFFIC SIGNAL,NONE DETECTED,,AE18ED29-C32A-4E09-8848-876F75AA9CBF,No,POSSIBLE INJURY,N/A,NOT DISTRACTED,MD,4E701223-57C3-428D-A330-50F09684DDFB,DESTROYED,SIX OCLOCK,PASSENGER CAR,STARTING FROM LANE,East,40,No,No,2004,TOYOTA,COROLLA,39.03657833,-77.03192667,"(39.03657833, -77.03192667)"
MCP0036005J,16066917,Montgomery County Police,Property Damage Crash,12/29/2016 10:06:00 AM,Maryland (State),GERMANTOWN RD,CLOPPER RD,,N/A,,SAME DIR REAR END,RAINING,WET,DAYLIGHT,TRAFFIC SIGNAL,NONE DETECTED,,3E72C9C7-9BDF-4149-9542-A6544981A22A,No,NO APPARENT INJURY,"N/A, WET",NOT DISTRACTED,WV,53F280D2-B769-4AEF-A6F0-87A808C11FD3,FUNCTIONAL,SIX OCLOCK,PASSENGER CAR,STOPPED IN TRAFFIC LANE,South,40,No,No,2014,DODGE,CHARGER,39.16219167,-77.28334167,"(39.16219167, -77.28334167)"
MCP3089001K,180033536,Montgomery County Police,Property Damage Crash,07/06/2018 06:30:00 PM,,,,PARKING LOT AT 11221 NEW HAMPSHIRE AVE,,,SAME DIR REAR END,N/A,,DAYLIGHT,N/A,N/A,,197F1C34-CF00-48A6-8B03-DC9FE6F4F0B1,Yes,NO APPARENT INJURY,N/A,LOOKED BUT DID NOT SEE,,E4DA7D0A-5508-4CA5-B578-4AF56122349B,FUNCTIONAL,TWELVE OCLOCK,PASSENGER CAR,PARKING,North,5,No,No,2018,NISSAN,N/A,39.04536,-76.99019333,"(39.04536, -76.99019333)"
MCP2969001L,16008306,Montgomery County Police,Injury Crash,02/19/2016 09:27:00 AM,Maryland (State),UNIVERSITY BLVD W,EISNER ST,,N/A,,SAME DIR REAR END,CLEAR,DRY,DAYLIGHT,STOP SIGN,NONE DETECTED,,8EAEB637-E748-416F-A93A-0C5F92C25F51,Yes,NO APPARENT INJURY,N/A,UNKNOWN,MD,59DE91A3-B803-4FF0-8A24-A7AFE234ECE2,FUNCTIONAL,TWELVE OCLOCK,(SPORT) UTILITY VEHICLE,MOVING CONSTANT SPEED,West,35,No,No,2001,FORD,EXPEDITION,39.029915,-77.02081333,"(39.029915, -77.02081333)"
MCP2008007F,200011170,Montgomery County Police,Injury Crash,03/06/2020 04:13:00 PM,Maryland (State),ROCKVILLE PIKE,CROSSOVER,,N/A,,SAME DIRECTION SIDESWIPE,CLEAR,DRY,DAYLIGHT,TRAFFIC SIGNAL,NONE DETECTED,,EF6E3710-CD43-4862-BECD-4B5D0BC0DAA8,No,NO APPARENT INJURY,N/A,NOT DISTRACTED,MD,B3C882FB-0696-420E-A786-219DF3E3AADF,FUNCTIONAL,ONE OCLOCK,PASSENGER CAR,MOVING CONSTANT SPEED,North,40,No,No,2019,NISS,PATHFINDER,39.02237167,-77.10285167,"(39.02237167, -77.10285167)"
MCP1393000G,15023297,Montgomery County Police,Property Damage Crash,05/15/2015 05:04:00 PM,,,,"Parking Lot of 19781 Frederick Road, Germantown, Montgomery County, Maryland 20876",,,STRAIGHT MOVEMENT ANGLE,CLEAR,,DAYLIGHT,N/A,N/A,,54C6B3BB-C2C4-4405-B503-A7D836E2AD9D,Yes,NO APPARENT INJURY,N/A,UNKNOWN,MD,59ED9C0B-3B1A-4CE4-B248-72D1CA20DFC1,SUPERFICIAL,SIX OCLOCK,PASSENGER CAR,BACKING,West,25,No,No,2002,FORD,TAURUS,39.17948667,-77.23816333,"(39.17948667, -77.23816333)"
MCP1501000L,15031425,Montgomery County Police,Property Damage Crash,06/27/2015 01:15:00 PM,County,RIDGE RD,OBSERVATION DR,,N/A,,SAME DIR REAR END,RAINING,WET,DAYLIGHT,TRAFFIC SIGNAL,N/A,,24677190-AFF1-4AA5-81E5-4535B8C44AB1,No,NO APPARENT INJURY,"RAIN, SNOW, WET",NOT DISTRACTED,MD,244C16E1-9E80-44FF-902C-DFDC5E3131BC,FUNCTIONAL,SIX OCLOCK,PASSENGER CAR,STOPPED IN TRAFFIC LANE,South,30,No,No,2015,BMW,4S,39.20204653,-77.25313425,"(39.20204653, -77.25313425)"
MCP24960035,210048865,Montgomery County Police,Property Damage Crash,12/02/2021 07:17:00 AM,Maryland (State),DARNESTOWN RD,TURKEY FOOT RD,,N/A,,SAME DIR REAR END,CLEAR,DRY,DAWN,NO CONTROLS,NONE DETECTED,,8E17E3CC-458F-4E96-9E93-B7D30A306017,No,NO APPARENT INJURY,N/A,NOT DISTRACTED,MD,09197B35-9C3A-4F22-9E41-073BF619577A,FUNCTIONAL,SIX OCLOCK,PASSENGER CAR,SLOWING OR STOPPING,East,30,No,No,2018,CHEV,UT,39.10405582,-77.28625022,"(39.10405582, -77.28625022)"