Report Number,Local Case Number,Agency Name,ACRS Report Type,Crash Date/Time,Route Type,Road Name,Cross-Street Name,Off-Road Description,Municipality,Related Non-Motorist,Collision Type,Weather,Surface Condition,Light,Traffic Control,Driver Substance Abuse,Non-Motorist Substance Abuse,Person ID,Driver At Fault,Injury Severity,Circumstance,Driver Distracted By,Drivers License State,Vehicle ID,Vehicle Damage Extent,Vehicle First Impact Location,Vehicle Body Type,Vehicle Movement,Vehicle Going Dir,Speed Limit,Driverless Vehicle,Parked Vehicle,Vehicle Year,Vehicle Make,Vehicle Model,Latitude,Longitude,Location
MCP14380028,16020367,Montgomery County Police,Injury Crash,04/25/2016 03:25:00 PM,Interstate (State),EISENHOWER MEMORIAL HWY,RAMP 5 FR IS 270 SB TO IS 370 EB,,N/A,,SAME DIRECTION RIGHT TURN,CLEAR,DRY,DAYLIGHT,N/A,NONE DETECTED,,D2DB0EB1-B1B5-4828-B7F1-500B31F7ED4B,No,POSSIBLE INJURY,N/A,NOT DISTRACTED,DC,DB15BB70-5867-4B0E-A14E-D9C8C67ECA73,SUPERFICIAL,ELEVEN OCLOCK,POLICE VEHICLE/NON EMERGENCY,MOVING CONSTANT SPEED,South,55,No,No,2013,FORD,EXP,39.12125333,-77.19895167,"(39.12125333, -77.19895167)"
MCP2487000N,180034418,Montgomery County Police,Injury Crash,07/12/2018 08:40:00 AM,Maryland (State),DARNESTOWN RD,SPRING MEADOWS DR,,N/A,,SAME DIR REAR END,CLEAR,DRY,DAYLIGHT,NO CONTROLS,NONE DETECTED,,D333571A-EAC5-4ED1-B373-DE5786678C7E,No,NO APPARENT INJURY,N/A,DISTRACTED BY OUTSIDE PERSON OBJECT OR EVENT,IL,CDAC6047-412C-4DDA-9763-FEB1BE0FB549,SUPERFICIAL,TWELVE OCLOCK,PASSENGER CAR,SLOWING OR STOPPING,West,40,No,No,2016,NISSAN,ALTIMA,39.11313,-77.30798667,"(39.11313, -77.30798667)"
MCP3199003H,210051330,Montgomery County Police,Property Damage Crash,12/17/2021 08:12:00 AM,Maryland (State),LAYHILL RD,NORBECK RD,,N/A,,STRAIGHT MOVEMENT ANGLE,CLEAR,DRY,DAYLIGHT,TRAFFIC SIGNAL,NONE DETECTED,,60433A52-387E-4AA3-9F4D-6F95C29742A0,No,NO APPARENT INJURY,N/A,NOT DISTRACTED,MD,2248563C-AF8C-43E1-909B-F1A4D1763A07,DISABLING,ELEVEN OCLOCK,VAN,STARTING FROM LANE,South,40,No,No,2021,FORD,TRANSIT,39.12044833,-77.03421833,"(39.12044833, -77.03421833)"
MCP33170035,240062214,MONTGOMERY,Property Damage Crash,12/30/2024 06:39:00 PM,Maryland (State) Route,,,,,,Single Vehicle,Clear,Dry,Dark - Lighted,No Controls,"Suspect of Alcohol Use, Not Suspect of Drug Use",,F5646B9D-1BF6-4C3D-B929-98FB4E4E033E,Yes,No Apparent Injury,,Not Distracted,MD,983DC0DC-1C87-41AB-8B1D-C4E62F9A7B7D,Superficial,Twelve O Clock,Pickup,Turning Left,,35,No,No,2005,FORD,F-150,39.11644771,-76.96591698,"(39.11644771, -76.96591698)"
MCP2868000V,15001445,Montgomery County Police,Property Damage Crash,01/09/2015 06:03:00 PM,Maryland (State),RIVER RD,NORTON RD,,N/A,,SAME DIR REAR END,CLOUDY,WET,DARK LIGHTS ON,NO CONTROLS,NONE DETECTED,,4E5557EB-38CD-4E77-843E-A8D6056B0373,Yes,NO APPARENT INJURY,"ICY OR SNOW-COVERED, N/A, WET",NOT DISTRACTED,MD,53AD2F2D-8CFF-42BE-B7F6-58AF0D39EBB0,DISABLING,TWELVE OCLOCK,PASSENGER CAR,SLOWING OR STOPPING,East,35,No,No,2000,MERCURY,SABLE,39.02587667,-77.21957667,"(39.02587667, -77.21957667)"
MCP2278001H,16040118,Montgomery County Police,Property Damage Crash,08/08/2016 08:15:00 AM,Maryland (State),OLD GEORGETOWN RD,CEDAR LA,,N/A,,SAME DIRECTION SIDESWIPE,CLEAR,DRY,DAYLIGHT,NO CONTROLS,NONE DETECTED,,F7B17CA6-DFFC-4E5F-A9E9-F6DE427C3963,No,NO APPARENT INJURY,N/A,NOT DISTRACTED,DC,0CF15B48-9FE0-49D5-9433-CEDB8376DB19,DISABLING,TEN OCLOCK,PASSENGER CAR,MOVING CONSTANT SPEED,North,35,No,No,2016,NISSAN,VERSA,39.00438226,-77.11048365,"(39.00438226, -77.11048365)"
MCP2693003L,210016944,Montgomery County Police,Property Damage Crash,05/05/2021 09:07:00 PM,County,RALPH RD,LOYOLA ST,,N/A,,OTHER,CLEAR,DRY,DARK LIGHTS ON,N/A,ALCOHOL CONTRIBUTED,,5838F8AF-596D-4148-B407-B28B3277A909,Yes,NO APPARENT INJURY,N/A,UNKNOWN,MD,B810682A-D5CD-4D4E-ABDE-D4B7DBA5B4EB,DISABLING,TWELVE OCLOCK,PASSENGER CAR,MOVING CONSTANT SPEED,North,25,No,No,2004,ACURA,TL,39.07720122,-77.07281981,"(39.07720122, -77.07281981)"
MCP15150005,15003603,Montgomery County Police,Injury Crash,01/22/2015 06:28:00 PM,Maryland (State),DARNESTOWN RD,ENT TO POTOMAC VALLEY SHOPPING CTR,,N/A,,HEAD ON LEFT TURN,CLOUDY,DRY,DARK LIGHTS ON,TRAFFIC SIGNAL,NONE DETECTED,,0F2732AD-C2D0-4C86-A8FC-A1F00806A827,Yes,SUSPECTED MINOR INJURY,N/A,NOT DISTRACTED,MD,30C5D141-FCB4-4AF4-B2B2-EF8CB76D585A,DISABLING,ONE OCLOCK,PASSENGER CAR,MAKING LEFT TURN,South,30,No,No,2013,HONDA,4S,39.11764,-77.251045,"(39.11764, -77.251045)"
MCP2372000J,180020765,Montgomery County Police,Injury Crash,04/28/2018 09:10:00 AM,County,ARLINGTON RD,WILSON LA,,N/A,,SINGLE VEHICLE,CLEAR,DRY,DAYLIGHT,N/A,NONE DETECTED,,7AEC7F6E-5654-43F6-A17B-350017C1FB5E,Yes,SUSPECTED MINOR INJURY,N/A,TEXTING FROM A CELLULAR PHONE,MD,35F4C901-DCF1-496F-9989-7E8B1F817F84,DISABLING,ONE OCLOCK,(SPORT) UTILITY VEHICLE,MOVING CONSTANT SPEED,West,30,No,No,2012,HOND,PILOT,38.98727333,-77.09882833,"(38.98727333, -77.09882833)"
MCP1221003P,170521099,Montgomery County Police,Injury Crash,07/25/2017 04:26:00 PM,Interstate (State),EISENHOWER MEMORIAL HWY,GAME PRESERVE RD,,N/A,,SAME DIR REAR END,CLEAR,DRY,DAYLIGHT,NO CONTROLS,NONE DETECTED,,9B964667-53C1-491B-86D3-DE015E735F2E,Yes,NO APPARENT INJURY,N/A,UNKNOWN,MD,951B1406-A137-45C3-95B8-4C7EFB8F18FB,DISABLING,TWELVE OCLOCK,PASSENGER CAR,SLOWING OR STOPPING,North,55,No,No,2005,PONTIAC,VIBE,39.162055,-77.23488,"(39.162055, -77.23488)"
MCP2686003S,190046065,Montgomery County Police,Property Damage Crash,09/25/2019 08:16:00 PM,Maryland (State),CLOPPER RD,ENT TO BUSINESS,,N/A,,STRAIGHT MOVEMENT ANGLE,CLEAR,DRY,DARK LIGHTS ON,NO CONTROLS,NONE DETECTED,,B97398C1-FC37-447C-8E76-B7F7E4C268A8,No,NO APPARENT INJURY,N/A,NOT DISTRACTED,MD,1796CA0A-F164-47CE-85FF-6529C82AD1B4,FUNCTIONAL,ONE OCLOCK,PICKUP TRUCK,MOVING CONSTANT SPEED,West,35,No,No,2017,TOYT,TACOMA,39.156485,-77.26599167,"(39.156485, -77.26599167)"
MCP2969003R,170535439,Montgomery County Police,Property Damage Crash,10/08/2017 10:10:00 AM,County,RANDOLPH RD,TIVOLI LAKE BLVD,,N/A,,SAME DIR REAR END,RAINING,WET,DAYLIGHT,TRAFFIC SIGNAL,NONE DETECTED,,113A1027-EF3D-4F20-9F99-B7DCC3AF1886,No,NO APPARENT INJURY,"RAIN, SNOW, WET",NOT DISTRACTED,MD,87589F6D-39F9-438F-A36D-31D296C9A8F6,FUNCTIONAL,SIX OCLOCK,PASSENGER CAR,STOPPED IN TRAFFIC LANE,East,40,No,No,2007,HYUNDAI,TUCSON,39.06581383,-77.03484283,"(39.06581383, -77.03484283)"
MCP29950065,200012791,Montgomery County Police,Property Damage Crash,03/15/2020 09:13:00 PM,Maryland (State),VEIRS MILL RD,RANDOLPH RD,,N/A,,SAME DIR REAR END,CLEAR,DRY,DARK LIGHTS ON,TRAFFIC SIGNAL,ALCOHOL PRESENT,,8583B52E-C207-46E6-AA4B-5398974B8D8D,Yes,NO APPARENT INJURY,N/A,NOT DISTRACTED,DE,0A42EFD8-0B43-462D-8384-CEA266069874,DISABLING,TWELVE OCLOCK,PASSENGER CAR,MOVING CONSTANT SPEED,West,45,No,No,2003,HONDA,CIVIC,39.05584333,-77.08199167,"(39.05584333, -77.08199167)"
DD5583006G,200013280,Rockville Police Departme,Property Damage Crash,03/19/2020 01:18:00 PM,Maryland (State),ROCKVILLE PIKE,VEIRS MILL RD,,N/A,,STRAIGHT MOVEMENT ANGLE,CLEAR,DRY,DAYLIGHT,TRAFFIC SIGNAL,NONE DETECTED,,9B39CA67-20C7-41A3-BF92-7010C04E6CCA,Yes,NO APPARENT INJURY,N/A,NOT DISTRACTED,MD,8E8D9318-1CB0-4A39-80C0-57B832680C7C,DISABLING,TWELVE OCLOCK,PASSENGER CAR,MOVING CONSTANT SPEED,South,35,No,No,2013,DODGE,4 DOOR,39.0816315,-77.14618917,"(39.0816315, -77.14618917)"
MCP3082000B,170527581,Montgomery County Police,Property Damage Crash,08/30/2017 01:30:00 PM,Maryland (State),UNIVERSITY BLVD E,COLESVILLE RD,,N/A,,SAME DIR REAR END,RAINING,WET,DAYLIGHT,TRAFFIC SIGNAL,N/A,,43E9D853-1041-42FE-98EC-8FCE75E6AC17,Yes,NO APPARENT INJURY,"N/A, WET",LOOKED BUT DID NOT SEE,MD,7799E361-282D-4368-BB17-78AE91D10911,SUPERFICIAL,TWELVE OCLOCK,POLICE VEHICLE/EMERGENCY,MOVING CONSTANT SPEED,East,35,No,No,2015,TOYOTA,TAKOMA,39.01984845,-77.01332733,"(39.01984845, -77.01332733)"
MCP26510042,200037160,Montgomery County Police,Property Damage Crash,09/22/2020 10:10:00 AM,,,,PARKING LOT OF 10801 LOCKWOOD DR,,,OTHER,CLEAR,,DAYLIGHT,N/A,N/A,,A6F6FD47-764E-4946-B14B-E33F7CAAD7F8,Yes,NO APPARENT INJURY,N/A,NOT DISTRACTED,MD,1DD928DC-7358-473D-8F31-FF32D9DE4780,FUNCTIONAL,SIX OCLOCK,PASSENGER CAR,ACCELERATING,South,0,No,No,2008,MERZ,E CLASS,39.03281317,-77.00206333,"(39.03281317, -77.00206333)"
MCP27850017,16009360,MONTGOMERY,Property Damage Crash,02/25/2016 06:47:00 AM,Maryland (State),OLD COLUMBIA PIKE,ENT TO BUSINESS,,N/A,,HEAD ON LEFT TURN,RAINING,WET,DAWN,NO CONTROLS,N/A,,40CF025A-4A9C-4864-B648-5299CC720C5B,No,NO APPARENT INJURY,"RAIN, SNOW, WET",NOT DISTRACTED,MD,ECF11539-CF1D-4753-B941-393EBAA5BD3E,DISABLING,TWELVE OCLOCK,PASSENGER CAR,MOVING CONSTANT SPEED,East,40,No,No,2006,HOND,CIVIC,39.045425,-76.99073667,"(39.045425, -76.99073667)"
MCP2941001J,16058270,Montgomery County Police,Injury Crash,11/11/2016 09:50:00 PM,County,KING ST,GEORGIA AVE,,N/A,,SAME DIR REAR END,CLEAR,DRY,DARK LIGHTS ON,NO CONTROLS,NONE DETECTED,,F1BE90C7-959E-4C5E-A421-818FF2BBEFE0,No,NO APPARENT INJURY,N/A,NOT DISTRACTED,VA,75D7932C-9879-491C-A980-3676CEA38AE7,SUPERFICIAL,SIX OCLOCK,PASSENGER CAR,SLOWING OR STOPPING,South,35,No,No,1997,PLYMOUTH,GRAND VOYAGE,38.98596995,-77.02667266,"(38.98596995, -77.02667266)"
MCP3055002K,200017917,Montgomery County Police,Property Damage Crash,05/02/2020 11:30:00 AM,Maryland (State),NORBECK RD,BARN RIDGE DR,,N/A,,HEAD ON,CLEAR,DRY,DAYLIGHT,NO CONTROLS,N/A,,6DD5AFB8-081D-4994-B181-119ACB5649E8,Yes,NO APPARENT INJURY,N/A,NOT DISTRACTED,MD,BEB91CF5-5BCE-4D97-A4BC-6605E7EBA06E,FUNCTIONAL,ELEVEN OCLOCK,PASSENGER CAR,MOVING CONSTANT SPEED,West,40,No,No,2007,BMW,4S,39.11972333,-77.042155,"(39.11972333, -77.042155)"
EJ78850014,210025430,Gaithersburg Police Depar,Property Damage Crash,07/02/2021 03:15:00 PM,Maryland (State),FREDERICK RD,MARYLAND AVE,,GAITHERSBURG,,HEAD ON LEFT TURN,CLEAR,DRY,DAYLIGHT,NO CONTROLS,NONE DETECTED,,056D1928-E4E0-494C-9377-4E7A28963BA1,Yes,NO APPARENT INJURY,N/A,LOOKED BUT DID NOT SEE,MD,117B2F03-7BEC-4FB8-914C-F2C48A32B486,DISABLING,EIGHT OCLOCK,PASSENGER CAR,MAKING LEFT TURN,East,30,No,No,2009,HYUN,SD,39.144829,-77.20263333,"(39.144829, -77.20263333)"
MCP2829003Q,170544127,Montgomery County Police,Property Damage Crash,11/21/2017 03:20:00 PM,US (State),COLESVILLE RD,FENTON ST,,N/A,,ANGLE MEETS RIGHT TURN,N/A,DRY,DAYLIGHT,NO CONTROLS,NONE DETECTED,,AA762000-D965-428B-9DB9-E95768CFE88F,Yes,NO APPARENT INJURY,"N/A, RUTS, HOLES, BUMPS",LOOKED BUT DID NOT SEE,OH,2A280C84-5ACC-4B1C-B048-3F586109D6FF,SUPERFICIAL,ELEVEN OCLOCK,PASSENGER CAR,MAKING RIGHT TURN,East,35,No,No,2012,HONDA,ACCORD,38.99810333,-77.02684333,"(38.99810333, -77.02684333)"
MCP2973002S,17014448,Montgomery County Police,Property Damage Crash,03/21/2017 02:44:00 PM,,,,ASPEN HILL SHOPPING CENTER PARKING LOT,,,OTHER,CLEAR,,DAYLIGHT,NO CONTROLS,NONE DETECTED,,B8794582-0CDE-45BA-B926-5D79A22B2F15,No,NO APPARENT INJURY,N/A,NOT DISTRACTED,MD,D21B7BA9-41E6-4064-974B-769D51EF3AC7,FUNCTIONAL,ONE OCLOCK,PASSENGER CAR,MOVING CONSTANT SPEED,East,5,No,No,2010,FORD,4S,39.07839167,-77.07992667,"(39.07839167, -77.07992667)"
MCP3136001T,190022543,Montgomery County Police,Property Damage Crash,05/13/2019 02:30:00 PM,Maryland (State),NEW HAMPSHIRE AVE,OAKVIEW DR,,N/A,,SAME DIR REAR END,CLOUDY,DRY,DAYLIGHT,N/A,NONE DETECTED,,C17D3E93-0862-4720-8051-BDE1D5A8DCF3,No,NO APPARENT INJURY,N/A,NOT DISTRACTED,MD,7C823CA6-05A2-45FE-AAF0-24B39643A46D,SUPERFICIAL,SIX OCLOCK,PASSENGER CAR,STOPPED IN TRAFFIC LANE,North,40,No,No,2017,CHEV,SILVERADO,39.014505,-76.97801167,"(39.014505, -76.97801167)"
MCP102200D6,190050859,Montgomery County Police,Property Damage Crash,10/23/2019 07:14:00 AM,Maryland (State),WOODFIELD RD,VALLEY PARK DR,,N/A,,SAME DIR REAR END,CLEAR,WET,DAWN,NO CONTROLS,NONE DETECTED,,F883C205-233B-4F1B-A528-DF615CC50760,No,NO APPARENT INJURY,N/A,NOT DISTRACTED,MD,615CD69F-B84E-43FA-A07D-899518ACD5AD,SUPERFICIAL,SIX OCLOCK,PASSENGER CAR,STOPPED IN TRAFFIC LANE,South,40,No,No,2004,FORD,TAURUS,39.27964667,-77.20320667,"(39.27964667, -77.20320667)"
EJ78630019,170534416,Gaithersburg Police Depar,Property Damage Crash,10/02/2017 10:02:00 PM,County,MUDDY BRANCH RD,WEST SIDE DR,,GAITHERSBURG,,STRAIGHT MOVEMENT ANGLE,CLEAR,DRY,DARK LIGHTS ON,TRAFFIC SIGNAL,NONE DETECTED,,42B7218C-1D28-4F7F-B975-36D4A885AB7D,Yes,NO APPARENT INJURY,N/A,NOT DISTRACTED,MD,C576064C-CCAA-4F8F-8206-3C7508D6F92E,FUNCTIONAL,TWELVE OCLOCK,PASSENGER CAR,MOVING CONSTANT SPEED,East,40,No,No,2007,TOYOTA,4S,39.12742195,-77.20963955,"(39.12742195, -77.20963955)"
MCP158000CL,200007122,Montgomery County Police,Property Damage Crash,02/12/2020 01:38:00 PM,,,,"9901 MEDICAL CENTER DR,  SHADY GROVE HOSPITAL EMERGENCY DEPT PARKING BAY",,,OTHER,CLOUDY,,DAYLIGHT,NO CONTROLS,N/A,,2CBDE46F-B9EB-40FB-9659-A71A943880B8,No,NO APPARENT INJURY,N/A,NOT DISTRACTED,MD,E4D643F0-2345-419A-9F68-51A352D3EF1D,SUPERFICIAL,ONE OCLOCK,AMBULANCE/NON EMERGENCY,PARKED,,10,Unknown,Yes,2000,UNK,UNK,39.09863833,-77.19767667,"(39.09863833, -77.19767667)"
DD5529000Q,15022300,Rockville Police Departme,Injury Crash,05/10/2015 02:29:00 PM,Municipality,TWINBROOK PKWY,ROCKVILLE PIKE,,N/A,,STRAIGHT MOVEMENT ANGLE,CLEAR,DRY,DAYLIGHT,TRAFFIC SIGNAL,NONE DETECTED,,EC23DD15-7983-4215-9FB2-D7950404580D,No,SUSPECTED MINOR INJURY,N/A,NOT DISTRACTED,MD,7E577D04-8F77-4736-BB00-C8F1B8736057,DISABLING,TEN OCLOCK,PASSENGER CAR,STARTING FROM LANE,West,40,No,No,2011,HONDA,CIVIC,39.05901667,-77.12137833,"(39.05901667, -77.12137833)"
MCP2965008W,240031557,MONTGOMERY,Property Damage Crash,07/04/2024 01:10:00 PM,,,,Parking Lot Way        GIANT - 18140 VILLAGE CENTER DR,,,Rear To Side,Clear,,Daylight,,"Unknown, Unknown",,9D4798F0-5152-43EC-B3BF-760F958E86BE,No,,,,,15A059C0-A33A-49D5-8C65-16564566E794,Superficial,Nine O Clock,Passenger Car,Parked,,0,No,Yes,2013,BMW,528I,39.15316371,-77.06413985,"(39.15316371, -77.06413985)"
MCP27700015,16040377,Montgomery County Police,Property Damage Crash,08/09/2016 04:09:00 PM,,,,PARKING LOT OF 16021 INDUSTRIAL DRIVE,,,OTHER,CLEAR,,DAYLIGHT,N/A,N/A,,193123A0-A3E7-4073-86A7-5CD3926E6ACD,No,NO APPARENT INJURY,N/A,NO DRIVER PRESENT,MD,687EEEFF-CC27-4B96-A6AA-69811954E486,SUPERFICIAL,ELEVEN OCLOCK,PASSENGER CAR,PARKED,,5,No,Yes,2015,BMW,428I,39.11979167,-77.18797,"(39.11979167, -77.18797)"
MCP2475004Q,200006552,Montgomery County Police,Property Damage Crash,02/08/2020 08:34:00 PM,Maryland (State),NEW HAMPSHIRE AVE,OAKVIEW DR,,N/A,,SAME DIR REAR END,N/A,DRY,DARK LIGHTS ON,NO CONTROLS,NONE DETECTED,,005587F1-FC47-432A-8EE9-700E3B1B56B2,Yes,NO APPARENT INJURY,N/A,TALKING OR LISTENING TO CELLULAR PHONE,NY,A8590176-3C2A-4738-9FB8-7FAE36CCD4A6,DISABLING,TWELVE OCLOCK,PASSENGER CAR,MOVING CONSTANT SPEED,North,40,No,No,2013,NISSAN,QUEST,39.01454,-76.97796,"(39.01454, -76.97796)"
MCP1220007F,180054383,Montgomery County Police,Property Damage Crash,10/30/2018 03:05:00 PM,Maryland (State),GEORGIA AVE,DENNIS AVE,,N/A,,SAME DIRECTION SIDESWIPE,CLEAR,DRY,DAYLIGHT,TRAFFIC SIGNAL,NONE DETECTED,,81D57C8C-4B74-42FC-AEE4-76A93AE41490,Yes,NO APPARENT INJURY,N/A,UNKNOWN,MD,B60EF691-E882-4856-B0C3-30A37CD15B55,SUPERFICIAL,TWO OCLOCK,(SPORT) UTILITY VEHICLE,MAKING LEFT TURN,North,35,No,No,2010,TOYOTA,LAND CRUISER,39.02496167,-77.04596667,"(39.02496167, -77.04596667)"
MCP13780109,220003460,Montgomery County Police,Injury Crash,01/26/2022 02:15:00 PM,County,RIDGEFIELD RD,WESTBARD AVE,,N/A,PEDESTRIAN,SINGLE VEHICLE,CLEAR,DRY,DAYLIGHT,TRAFFIC SIGNAL,NONE DETECTED,NONE DETECTED,829E6633-BEDC-4E7E-B8E7-E323E0B7DE4D,Yes,NO APPARENT INJURY,N/A,NOT DISTRACTED,DC,E2E07FD6-5316-4B65-83E8-EA794CD99C71,NO DAMAGE,TWELVE OCLOCK,PASSENGER CAR,MAKING LEFT TURN,South,25,No,No,2015,SUBARU,IMPREZA,38.96586344,-77.10730828,"(38.96586344, -77.10730828)"
DM8374000J,15056410,TAKOMA,Property Damage Crash,11/05/2015 04:09:00 PM,Maryland (State),ETHAN ALLEN AVE,CARROLL AVE (BACK),,N/A,,OTHER,CLEAR,DRY,DAYLIGHT,TRAFFIC SIGNAL,N/A,,C83E34FF-1669-4959-8C29-E84276884A9D,Yes,NO APPARENT INJURY,N/A,NOT DISTRACTED,MD,4C29FDB6-1B94-4859-80CD-66215E5E0B60,SUPERFICIAL,TWO OCLOCK,(SPORT) UTILITY VEHICLE,PASSING,West,15,No,No,2004,SUBARU,FORESTER,38.97819,-77.00641333,"(38.97819, -77.00641333)"
EJ7865002H,180005532,Gaithersburg Police Depar,Injury Crash,02/01/2018 02:55:00 PM,Maryland (State),FREDERICK RD,MONTGOMERY VILLAGE AVE,,N/A,,SAME DIR REAR END,CLEAR,DRY,DAYLIGHT,NO CONTROLS,NONE DETECTED,,967022D1-3CE2-4F72-A4C7-7D0F78C977B4,No,POSSIBLE INJURY,N/A,NOT DISTRACTED,MD,39F447D2-C331-4AF8-A0A1-2F4680968710,SUPERFICIAL,SIX OCLOCK,PASSENGER CAR,SLOWING OR STOPPING,South,40,No,No,2012,FIAT,2S,39.15195,-77.21148167,"(39.15195, -77.21148167)"
MCP2848002K,16004910,Montgomery County Police,Property Damage Crash,01/30/2016 11:10:00 AM,County,EXECUTIVE BLVD,OLD GEORGETOWN RD,,N/A,,STRAIGHT MOVEMENT ANGLE,CLEAR,DRY,DAYLIGHT,TRAFFIC SIGNAL,NONE DETECTED,,F08C409B-27CB-46BF-97B6-3A9230ACE045,Yes,NO APPARENT INJURY,N/A,UNKNOWN,MD,5E901FEE-A657-4110-A4E5-16D63D671FE2,DISABLING,ELEVEN OCLOCK,PASSENGER CAR,STARTING FROM LANE,West,35,No,No,2016,MERCEDES,E350,39.04829667,-77.11893,"(39.04829667, -77.11893)"
MCP3075000V,170547638,Montgomery County Police,Property Damage Crash,12/09/2017 08:51:00 PM,County,FATHER HURLEY BLVD,WYNNFIELD DR,,N/A,,HEAD ON LEFT TURN,SNOW,ICE,DARK LIGHTS ON,TRAFFIC SIGNAL,NONE DETECTED,,C657E3A6-2FE1-4CA0-85D5-DEEAF16C9359,Yes,NO APPARENT INJURY,"ICY OR SNOW-COVERED, RAIN, SNOW, WET",LOOKED BUT DID NOT SEE,MD,850E5FDD-1F3C-4640-9D34-A7C833EC8A27,DISABLING,ONE OCLOCK,PASSENGER CAR,MAKING LEFT TURN,North,35,No,No,2006,NISSIAN,ALTIMA,39.18632333,-77.27388833,"(39.18632333, -77.27388833)"
MCP2930001N,200025373,Montgomery County Police,Property Damage Crash,06/29/2020 11:10:00 PM,Maryland (State),LAYHILL RD,INTERCOUNTY CONNECTOR,,N/A,,SINGLE VEHICLE,CLEAR,DRY,DARK LIGHTS ON,TRAFFIC SIGNAL,NONE DETECTED,,3A4AD915-B642-4975-8FDD-751D99357D75,Yes,NO APPARENT INJURY,N/A,UNKNOWN,MD,CD22AFDF-6A9F-4E17-8409-BCE2B2F0DA6E,DESTROYED,ELEVEN OCLOCK,PASSENGER CAR,UNKNOWN,East,15,No,No,2012,HONDA,4S,39.09891,-77.04280833,"(39.09891, -77.04280833)"
MCP2946004G,220034464,Montgomery County Police,Property Damage Crash,08/11/2022 07:16:00 AM,Maryland (State),CLARKSBURG RD,RAMP 7 FR MD 121 WB TO IS 270 SB,,N/A,,SAME DIR REAR END,RAINING,WET,DAYLIGHT,TRAFFIC SIGNAL,NONE DETECTED,,E59DD364-FEA2-4803-87AE-E9A1C4F2BD89,No,NO APPARENT INJURY,N/A,NOT DISTRACTED,MD,04DC7D32-E8AD-4AB6-8046-0B6892D6F02F,SUPERFICIAL,SIX OCLOCK,(SPORT) UTILITY VEHICLE,STOPPED IN TRAFFIC LANE,South,35,No,No,2020,MERCEDES,SUV,39.23335,-77.28336,"(39.23335, -77.28336)"
MCP3205000F,190046970,Montgomery County Police,Injury Crash,10/07/2019 06:58:00 AM,Maryland (State),CONNECTICUT AVE,INDEPENDENCE ST,,N/A,,STRAIGHT MOVEMENT ANGLE,N/A,DRY,DAWN,TRAFFIC SIGNAL,NONE DETECTED,,A4D3E96B-EF4B-42F8-8A9A-CADA7C7D1331,Yes,NO APPARENT INJURY,N/A,NOT DISTRACTED,MD,CCD57768-B357-429C-9C84-2CC5A2302F6F,FUNCTIONAL,FIVE OCLOCK,PASSENGER CAR,MAKING RIGHT TURN,West,35,No,No,2017,NISSAN,ROGUE,39.07621464,-77.08075635,"(39.07621464, -77.08075635)"
MCP2814004F,240016632,MONTGOMERY,Property Damage Crash,04/10/2024 07:55:00 AM,County Route,WASHINGTON GROVE LA,TOWNE CREST DR,,,,Rear To Side,Clear,Dry,Daylight,Stop Sign,"Not Suspect of Alcohol Use, Not Suspect of Drug Use",,3F4E65EA-1ED6-44C6-A59A-A78445D21B99,No,No Apparent Injury,,Not Distracted,MD,B6E9A526-247E-4F8F-B187-25C74F6C7FFC,Disabling,Twelve O Clock,Passenger Car,Moving Constant Speed,Northbound,35,No,No,2014,NISSAN,MURANO,39.14397243,-77.17336499,"(39.14397243, -77.17336499)"
EJ7913000V,250031174,GAITHERSBURG,Injury Crash,07/13/2025 10:10:00 AM,Municipality Route,BUREAU DR,,,,,Angle,Clear,Dry,Daylight,No Controls,"Not Suspect of Alcohol Use, Not Suspect of Drug Use",,E6AD4B87-C039-4A27-9AC0-8FD830310B35,No,Suspected Minor Injury,,Unknown,MD,F94735D1-305E-492A-9D85-F025941B5787,Disabling,Twelve O Clock,Passenger Car,Moving Constant Speed,Northbound,25,No,No,2010,ACURA,RDX,39.14304228,-77.21724719,"(39.14304228, -77.21724719)"
MCP2723006C,220022227,Montgomery County Police,Property Damage Crash,05/24/2022 07:19:00 PM,Maryland (State),GEORGIA AVE,LAYHILL RD,,N/A,,SAME DIR REAR END,N/A,DRY,DAYLIGHT,TRAFFIC SIGNAL,NONE DETECTED,,9188217C-F441-45CD-8F9D-3B4CB3474C7E,Yes,NO APPARENT INJURY,N/A,UNKNOWN,MD,34781400-3185-4E3D-95D6-9A01F38A7A40,SUPERFICIAL,TWELVE OCLOCK,"OTHER LIGHT TRUCKS (10,000LBS (4,536KG) OR LESS)",SLOWING OR STOPPING,North,35,No,No,2005,PTBT,379,39.06325167,-77.053185,"(39.06325167, -77.053185)"
MCP3003001P,170528996,Montgomery County Police,Injury Crash,12/24/2016 08:32:00 PM,Maryland (State),GERMANTOWN RD,OBSERVATION DR,,N/A,,SAME DIRECTION SIDESWIPE,CLEAR,DRY,DARK NO LIGHTS,NO CONTROLS,NONE DETECTED,,B6836902-FBEC-4302-A2C2-ACB5A88825DD,No,POSSIBLE INJURY,N/A,NOT DISTRACTED,MD,57F8FC24-CAF2-47C5-B40A-6224014DE70A,SUPERFICIAL,TWO OCLOCK,PASSENGER CAR,UNKNOWN,North,40,No,No,2015,CHEVROLET,SPARK,39.19171145,-77.24478722,"(39.19171145, -77.24478722)"
MCP12680009,15002276,Montgomery County Police,Injury Crash,01/15/2015 01:00:00 AM,Maryland (State),BEALLSVILLE RD,JERUSALEM RD,,N/A,,SINGLE VEHICLE,CLEAR,ICE,DARK NO LIGHTS,NO CONTROLS,NONE DETECTED,,2D778ED1-7CAD-4596-A31E-7F309B93CC18,Yes,POSSIBLE INJURY,"ICY OR SNOW-COVERED, V WIPERS|W OTHER ENVIRONMENTAL",UNKNOWN,MD,BC0CDCF8-C5C2-4AA8-A53A-BAB4AB921857,DESTROYED,TWELVE OCLOCK,PASSENGER CAR,MOVING CONSTANT SPEED,West,40,No,No,2011,FORD,FUSION,39.161375,-77.41909333,"(39.161375, -77.41909333)"