Report Number,Local Case Number,Agency Name,ACRS Report Type,Crash Date/Time,Route Type,Road Name,Cross-Street Name,Off-Road Description,Municipality,Related Non-Motorist,Collision Type,Weather,Surface Condition,Light,Traffic Control,Driver Substance Abuse,Non-Motorist Substance Abuse,Person ID,Driver At Fault,Injury Severity,Circumstance,Driver Distracted By,Drivers License State,Vehicle ID,Vehicle Damage Extent,Vehicle First Impact Location,Vehicle Body Type,Vehicle Movement,Vehicle Going Dir,Speed Limit,Driverless Vehicle,Parked Vehicle,Vehicle Year,Vehicle Make,Vehicle Model,Latitude,Longitude,Location
MCP3080005N,250023921,MONTGOMERY,Property Damage Crash,05/29/2025 06:00:00 PM,County Route,MATENY RD (NB/L),GREAT SENECA HWY,,,,Front to Rear,Clear,Dry,Daylight,No Controls,"Not Suspect of Alcohol Use, Not Suspect of Drug Use",,2E36EF05-F353-417E-A273-77C67BFB38D4,No,No Apparent Injury,,Not Distracted,MD,FBBC5CB8-D47D-406C-A26A-628CD4F1ECF0,Disabling,Twelve O Clock,Passenger Car,Moving Constant Speed,Northbound,40,No,No,2021,MERCEDES-BENZ,C-CLASS,39.1644858,-77.27334419,"(39.1644858, -77.27334419)"
MCP3307001C,220017837,Montgomery County Police,Property Damage Crash,04/27/2022 11:30:00 AM,Maryland (State),LAYHILL RD,GLENALLAN AVE,,N/A,,SINGLE VEHICLE,CLEAR,DRY,DAYLIGHT,N/A,NONE DETECTED,,A5A0CDCE-93B3-4F9E-8190-3897DEFDE252,Yes,NO APPARENT INJURY,N/A,UNKNOWN,MD,A2B50A6B-C44B-406D-B5A1-F7A6913B32AF,DISABLING,ELEVEN OCLOCK,PASSENGER CAR,MOVING CONSTANT SPEED,South,40,No,No,2015,TOYOTA,COROLLA,39.06242833,-77.05049833,"(39.06242833, -77.05049833)"
MCP28370040,210048737,Montgomery County Police,Injury Crash,12/01/2021 12:24:00 PM,Maryland (State),ROCKVILLE PIKE,BOU AVE,,N/A,,HEAD ON LEFT TURN,CLEAR,DRY,DAYLIGHT,TRAFFIC SIGNAL,N/A,,46ABD838-1C47-4DB8-B815-1ED35EFBA179,Yes,POSSIBLE INJURY,N/A,LOOKED BUT DID NOT SEE,MD,63C645B8-A01A-4792-B9D6-D46901464986,DISABLING,TWELVE OCLOCK,PASSENGER CAR,MOVING CONSTANT SPEED,South,40,No,No,2019,NISSAN,SENTRA,39.05624333,-77.11909667,"(39.05624333, -77.11909667)"
MCP2358006C,190033111,Montgomery County Police,Property Damage Crash,07/12/2019 12:11:00 PM,County,WESTLAKE TERR,MOTOR CITY DR,,N/A,,HEAD ON,CLEAR,DRY,DAYLIGHT,NO CONTROLS,NONE DETECTED,,87E9167E-8419-467C-8942-3CC8E576EEB1,No,NO APPARENT INJURY,N/A,NOT DISTRACTED,NY,7E3F042B-1CD6-4B45-B5FF-ABF39826751D,SUPERFICIAL,TWELVE OCLOCK,PASSENGER CAR,STOPPED IN TRAFFIC LANE,West,35,No,No,2010,HONDA,CRV,39.02727,-77.1447,"(39.02727, -77.1447)"
DM8386001H,210034743,Takoma Park Police Depart,Injury Crash,09/04/2021 06:30:00 PM,Municipality,HOLTON LA,NEW HAMPSHIRE AVE,,N/A,MACHINE OPERATOR/RIDER,SAME DIRECTION RIGHT TURN,CLEAR,DRY,DAYLIGHT,TRAFFIC SIGNAL,NONE DETECTED,NONE DETECTED,E70811A7-B90D-4ABB-BC04-CD096D6DB938,Yes,NO APPARENT INJURY,N/A,UNKNOWN,MD,C4A14FFA-0E16-4AF5-BDA0-8F9E5594286E,SUPERFICIAL,FOUR OCLOCK,PASSENGER CAR,MAKING RIGHT TURN,West,35,No,No,2009,VOLKSWAGEN,PASSAT,38.98152167,-77.01008,"(38.98152167, -77.01008)"
MCP2846002B,16054839,Montgomery County Police,Injury Crash,10/25/2016 06:48:00 AM,County,AMHERST AVE,UNIVERSITY BLVD W,,N/A,,SAME DIR REAR END,CLEAR,DRY,DAWN,NO CONTROLS,NONE DETECTED,,601E4C59-9C3A-4FC2-A620-67CF681B3282,No,NO APPARENT INJURY,N/A,NOT DISTRACTED,MD,1EDDE6BE-D55F-4F45-99C5-466631159712,FUNCTIONAL,SIX OCLOCK,PASSENGER CAR,MAKING LEFT TURN,South,30,No,No,2003,CHEV,TK,39.04273,-77.047815,"(39.04273, -77.047815)"
MCP3208003Q,220040222,Montgomery County Police,Property Damage Crash,09/15/2022 10:21:00 PM,Maryland (State),GEORGIA AVE,FOREST GLEN RD,,N/A,,SAME DIR REAR END,CLEAR,DRY,DARK LIGHTS ON,TRAFFIC SIGNAL,NONE DETECTED,,42A852C7-DE80-4A6E-B6D7-0AD12960BE2D,No,NO APPARENT INJURY,N/A,NOT DISTRACTED,MD,ED757D16-389C-4E0A-80A8-C66A439B79F9,DISABLING,SIX OCLOCK,PASSENGER CAR,STOPPED IN TRAFFIC LANE,South,35,No,No,2015,NISSAN,ALTIMA,39.015722,-77.042814,"(39.015722, -77.042814)"
MCP2745002T,230028150,Montgomery County Police,Property Damage Crash,06/12/2023 12:56:00 AM,County,PINECROFT CT,CUL DE SAC,,N/A,,STRAIGHT MOVEMENT ANGLE,CLEAR,DRY,DARK LIGHTS ON,NO CONTROLS,N/A,,3714AA5F-CA11-4C14-9EB0-9B917C6B9B25,Yes,NO APPARENT INJURY,N/A,UNKNOWN,MD,156396CE-78C6-471A-BD24-F4A885F06DCF,SUPERFICIAL,TWELVE OCLOCK,PASSENGER CAR,MOVING CONSTANT SPEED,Unknown,10,No,No,0,KIA,SORENTO,39.1540271,-77.1609588,"(39.1540271, -77.1609588)"
MCP33170033,240061901,MONTGOMERY,Injury Crash,12/28/2024 03:14:00 PM,County Route,BRIGGS CHANEY RD (WB/L),COLUMBIA PIKE,,,,Front to Rear,Rain,Wet,Daylight,Traffic Control Signal,"Not Suspect of Alcohol Use, Not Suspect of Drug Use",,D317C6D9-54CA-4229-B4EC-C323E28BA91A,No,No Apparent Injury,,Not Distracted,MD,F8A94448-17E2-472E-AF79-517FBB98DC5D,Superficial,Eleven O Clock,Sport Utility Vehicle,Slowing or Stopping,,35,No,No,2016,MAZDA,CX-5,39.08297008,-76.94827841,"(39.08297008, -76.94827841)"
MCP28670019,15023259,Montgomery County Police,Injury Crash,05/15/2015 02:52:00 PM,US (State),COLESVILLE RD,UNIVERSITY BLVD E,,N/A,PEDESTRIAN,OTHER,CLEAR,DRY,DAYLIGHT,TRAFFIC SIGNAL,NONE DETECTED,NONE DETECTED,D53FFACA-0611-433E-A4EC-B5F2CC5E8EEF,Unknown,NO APPARENT INJURY,N/A,UNKNOWN,MD,22FB93AD-A2CF-41C6-8A80-C981D2879507,NO DAMAGE,,(SPORT) UTILITY VEHICLE,MAKING LEFT TURN,South,40,No,No,2013,CHEVY,TRAVERSE LS,39.02033333,-77.01328667,"(39.02033333, -77.01328667)"
MCP29690033,17013557,Montgomery County Police,Injury Crash,03/16/2017 02:48:00 PM,Maryland (State),DAMASCUS RD,HOWARD CHAPEL RD,,N/A,,STRAIGHT MOVEMENT ANGLE,CLEAR,DRY,DAYLIGHT,STOP SIGN,NONE DETECTED,,276CDCB1-7B70-4316-86F4-D2136E629E98,No,NO APPARENT INJURY,N/A,NOT DISTRACTED,MD,E047716E-3D3A-4F33-8C80-8DD20CA9E23D,DISABLING,TEN OCLOCK,PASSENGER CAR,MOVING CONSTANT SPEED,South,45,No,No,2009,TOYOTA,COROLLA,39.22699267,-77.07599133,"(39.22699267, -77.07599133)"
MCP27710056,250022133,MONTGOMERY,Injury Crash,05/19/2025 01:40:00 PM,County Route,DEWEY RD,,,,,"Sideswipe, Same Direction",Clear,Dry,Daylight,No Controls,"Not Suspect of Alcohol Use, Not Suspect of Drug Use",,F64E4209-DCA6-46A5-B1FC-A039F8E1CCA7,Yes,No Apparent Injury,Improper Passing,Not Distracted,MD,AF93B40E-1511-4A16-A8FD-EA7F6D9807A6,Superficial,One O Clock,Single-Unit Truck,Overtaking/Passing,Southbound,25,No,No,2019,MACK,LR,39.0477735,-77.08837733,"(39.0477735, -77.08837733)"
MCP2765001Z,16006799,Montgomery County Police,Injury Crash,02/09/2016 08:41:00 PM,Maryland (State),W MONTGOMERY AVE,HURLEY AVE,,ROCKVILLE,,SAME DIR REAR END,CLEAR,WET,DARK LIGHTS ON,TRAFFIC SIGNAL,NONE DETECTED,,8106259B-EEC0-48DA-BD32-B3ECA02D35AE,Yes,POSSIBLE INJURY,"N/A, WET",NOT DISTRACTED,MD,62B7D849-4EEE-4EF7-84CA-BC7B0A59DE43,SUPERFICIAL,SIX OCLOCK,PASSENGER CAR,SLOWING OR STOPPING,East,35,No,No,2005,NISS,SENTRA,39.08915149,-77.17765689,"(39.08915149, -77.17765689)"
MCP29340067,250004077,MONTGOMERY,Property Damage Crash,01/28/2025 05:54:00 PM,Maryland (State) Route,ROCKVILLE PIKE,,,,,Front to Rear,Clear,Dry,Dark - Not Lighted,No Controls,"Not Suspect of Alcohol Use, Not Suspect of Drug Use",,0B95777D-B6EC-410C-A791-F7CBF2E452D8,No,No Apparent Injury,,Not Distracted,TX,9B21405B-D4FB-4447-B26B-5C20A13D67A6,Disabling,Eleven O Clock,Passenger Car,Moving Constant Speed,Northbound,35,No,No,2011,HYUNDAI,SONATA,39.01613837,-77.10010131,"(39.01613837, -77.10010131)"
DD5615009P,200050484,Rockville Police Departme,Injury Crash,12/23/2020 01:00:00 PM,Maryland (State),VEIRS MILL RD,ROCKVILLE PIKE,,N/A,,SAME DIR REAR END,CLEAR,DRY,DAYLIGHT,YIELD SIGN,N/A,,AD3E26C6-E18E-40D7-A058-58140BE3B9B2,No,POSSIBLE INJURY,N/A,NOT DISTRACTED,MD,606274DA-22FA-4F51-9F84-242D776E0347,FUNCTIONAL,SIX OCLOCK,PASSENGER CAR,STOPPED IN TRAFFIC LANE,East,35,No,No,2017,TOYT,CAMRY,39.08176402,-77.14582072,"(39.08176402, -77.14582072)"
MCP2914007H,180042699,Montgomery County Police,Injury Crash,08/27/2018 05:06:00 PM,,,,ON RAMP FROM NORTHBOUND NEW HAMPSHIRE AVENUE TO IL495.,,,SAME DIR REAR END,CLEAR,,N/A,N/A,N/A,,0477BF54-850B-41CA-A23B-AF0C066C0B3B,Yes,NO APPARENT INJURY,N/A,NOT DISTRACTED,MD,17C277F9-0C15-4D3C-BF22-F832166D80B6,DISABLING,TWELVE OCLOCK,PASSENGER CAR,MOVING CONSTANT SPEED,East,30,No,No,2002,SATURN,L200,39.01773333,-76.97364,"(39.01773333, -76.97364)"
MCP102200GM,220055665,Montgomery County Police,Property Damage Crash,12/16/2022 09:27:00 AM,Maryland (State),CONNECTICUT AVE,TEMPLE EMANUEL,,N/A,,OTHER,CLEAR,WET,DAYLIGHT,NO CONTROLS,NONE DETECTED,,2A4BB8BE-D9F4-4C3E-BA67-CE942FB98A62,Yes,NO APPARENT INJURY,N/A,NOT DISTRACTED,MD,3A8B24FE-E920-4650-B09F-251523D13138,NO DAMAGE,SIX OCLOCK,OTHER,BACKING,South,35,No,No,1961,GMC,MH,39.02147667,-77.07664333,"(39.02147667, -77.07664333)"
MCP31070034,250016943,MONTGOMERY,Property Damage Crash,04/18/2025 08:59:00 PM,County Route,,,,,,Front to Rear,Clear,Dry,Dark - Lighted,Traffic Control Signal,"Not Suspect of Alcohol Use, Not Suspect of Drug Use",,1B65F717-1AAB-449B-8C08-4056E815C4D2,No,No Apparent Injury,,Not Distracted,MD,15FF0083-0C2D-4A4C-B818-A47BE78326D7,Superficial,Six O Clock,Pickup,Stopped in Traffic,Westbound,40,No,No,2019,FORD,F-150,39.09656062,-77.20336733,"(39.09656062, -77.20336733)"
MCP3140000L,180054490,Montgomery County Police,Property Damage Crash,10/30/2018 09:33:00 PM,Maryland (State),CONNECTICUT AVE,CHEVY CHASE CIR,,N/A,,SAME DIRECTION SIDESWIPE,CLEAR,DRY,DARK -- UNKNOWN LIGHTING,N/A,UNKNOWN,,017956FE-35CE-4C22-99FA-650D847E5A1D,Yes,NO APPARENT INJURY,N/A,UNKNOWN,,B16491AB-5FBF-4B76-850B-4EF5596E07F2,UNKNOWN,UNKNOWN,PASSENGER CAR,MOVING CONSTANT SPEED,North,30,No,No,2015,MASE,CN,38.96871841,-77.07709595,"(38.96871841, -77.07709595)"
MCP2361003C,250021149,MONTGOMERY,Property Damage Crash,05/13/2025 06:27:00 PM,Maryland (State) Route,MUNCASTER MILL RD,,,,,Front to Rear,Rain,Wet,Daylight,Traffic Control Signal,"Not Suspect of Alcohol Use, Not Suspect of Drug Use",,3080D295-5C4D-44ED-B5CE-932E34DF4AA2,No,No Apparent Injury,,Not Distracted,MD,CD9C0281-DCCE-4FF3-9F6D-E8B95A47E857,Disabling,Six O Clock,Sport Utility Vehicle,Slowing or Stopping,Northbound,35,No,No,2020,FORD,EXPLORER,39.13221967,-77.12095367,"(39.13221967, -77.12095367)"
MCP2588001T,16048475,Montgomery County Police,Injury Crash,09/21/2016 07:29:00 AM,Maryland (State),VEIRS MILL RD,TURKEY BRANCH PKWY,,N/A,,SAME DIR REAR END,CLOUDY,DRY,DAYLIGHT,OTHER,N/A,,DDDEFD9B-8F8C-483C-BA02-8E82D4907108,No,POSSIBLE INJURY,N/A,NOT DISTRACTED,MD,822D7E37-0D61-48BD-A6F0-87109B23B9A2,DISABLING,SIX OCLOCK,PASSENGER CAR,STOPPED IN TRAFFIC LANE,West,45,No,No,1998,TOYOTA,COROLLA,39.05989,-77.08879667,"(39.05989, -77.08879667)"
MCP2588004G,180034828,Montgomery County Police,Property Damage Crash,07/14/2018 11:57:00 AM,Maryland (State),GEORGIA AVE,CONNECTICUT AVE,,N/A,,SAME DIR REAR END,CLEAR,DRY,DAYLIGHT,TRAFFIC SIGNAL,NONE DETECTED,,F480DFCB-8796-40E9-9D59-156BDBDBF0CF,Yes,NO APPARENT INJURY,N/A,UNKNOWN,MD,A7311239-75A7-4A5C-8CDE-8563A999498C,FUNCTIONAL,TWO OCLOCK,STATION WAGON,MAKING LEFT TURN,North,45,No,No,2007,FORD,TK,39.08392833,-77.07754167,"(39.08392833, -77.07754167)"
MCP21620023,17011539,Montgomery County Police,Injury Crash,03/04/2017 04:38:00 PM,Maryland (State),GEORGIA AVE,EMORY LA,,N/A,,SAME DIR REAR END,CLEAR,DRY,DAYLIGHT,TRAFFIC SIGNAL,N/A,,16CA48E6-1554-4FED-B487-A9D83308B080,No,SUSPECTED MINOR INJURY,N/A,NOT DISTRACTED,MD,99D239E3-5134-436B-871E-D78E7514E1E4,DESTROYED,SIX OCLOCK,PASSENGER CAR,STOPPED IN TRAFFIC LANE,North,50,No,No,2009,ACURA,TLX,39.12585,-77.07233833,"(39.12585, -77.07233833)"
DD5604004F,220042302,Rockville Police Departme,Injury Crash,09/28/2022 01:40:00 PM,,,,PARKING LOT OF 77 S. WASHINGTON STREET.,,PEDESTRIAN,OTHER,CLEAR,,DAYLIGHT,NO CONTROLS,NONE DETECTED,NONE DETECTED,9E07EE0E-DE7E-4DA1-9503-E5B6021D4748,Yes,NO APPARENT INJURY,N/A,LOOKED BUT DID NOT SEE,MD,72BCDFFF-C577-41D8-95C4-1D41FA9D3499,NO DAMAGE,SIX OCLOCK,PASSENGER CAR,BACKING,Unknown,5,No,No,2012,MERZ,C300,39.08384217,-77.15290933,"(39.08384217, -77.15290933)"
MCP2399008K,240023540,MONTGOMERY,Property Damage Crash,05/18/2024 07:21:00 PM,County Route,WATKINS MILL RD,,,,,"Sideswipe, Same Direction",Cloudy,Wet,Daylight,No Controls,"Unknown, Unknown",,5E956B4C-3E69-4025-A1B2-B13031B094ED,No,No Apparent Injury,,Unknown,MD,27683DE7-78BF-49C2-95E9-065860E07482,Vehicle Not at Scene,Vehicle Not at Scene,Sport Utility Vehicle,Moving Constant Speed,Southbound,35,No,No,2004,FORD,EXPLORER,39.18204244,-77.21037847,"(39.18204244, -77.21037847)"
MCP2868002R,190004764,Montgomery County Police,Property Damage Crash,01/22/2019 01:30:00 AM,,,,"PARKING LOT OF 22880 WHELAN LANE, BOYDS, MONTGOMERY COUNTY, MD.",,,SINGLE VEHICLE,WINTRY MIX,,DARK LIGHTS ON,NO CONTROLS,NONE DETECTED,,F1A5E2A8-DB58-4C3E-92AE-754627415D84,Yes,NO APPARENT INJURY,"ICY OR SNOW-COVERED, SLEET, HAIL, FREEZ. RAIN",LOOKED BUT DID NOT SEE,WV,798613EF-8D42-4E24-9A13-740CE674A3DC,FUNCTIONAL,TWELVE OCLOCK,PASSENGER CAR,PARKING,West,15,No,No,2017,FORD,INTERCEPTOR,39.23756607,-77.29136443,"(39.23756607, -77.29136443)"
DD56110027,17010948,Rockville Police Departme,Injury Crash,03/01/2017 05:00:00 PM,Maryland (State),VEIRS MILL RD,ATLANTIC AVE,,ROCKVILLE,,SAME DIR REAR END,CLOUDY,DRY,DAYLIGHT,TRAFFIC SIGNAL,NONE DETECTED,,FB0D9AF1-0D0B-4B10-A763-0D27EF72BF99,No,POSSIBLE INJURY,N/A,NOT DISTRACTED,MD,4D17D0B9-CCC5-4C95-ACD2-C73F8E87ABB1,NO DAMAGE,SIX OCLOCK,PASSENGER CAR,STOPPED IN TRAFFIC LANE,East,40,No,No,2008,HONDA,4D,39.07502,-77.11582833,"(39.07502, -77.11582833)"
MCP2615001K,16067375,Montgomery County Police,Injury Crash,12/31/2016 09:24:00 AM,,,,"FAMILY DOLLAR
13817 OUTLET DRIVE
SILVER SPRING, MD, 20904",,,SINGLE VEHICLE,CLEAR,,DARK LIGHTS ON,NO CONTROLS,NONE DETECTED,,E714C0BF-EA0D-416A-82BE-7C15186289DA,Yes,POSSIBLE INJURY,N/A,NOT DISTRACTED,XX,D2EFA725-8AD6-49F6-BB3B-9D7F90DF48C7,DISABLING,TWELVE OCLOCK,PASSENGER CAR,MOVING CONSTANT SPEED,Unknown,15,No,No,2007,SATURN,ION,39.08215833,-76.945985,"(39.08215833, -76.945985)"
EJ7833001Y,16020195,Gaithersburg Police Depar,Property Damage Crash,04/24/2016 03:15:00 PM,Interstate (State),EISENHOWER MEMORIAL HWY,SPUR FR C/D LANE (NB/L),,N/A,,SAME DIRECTION SIDESWIPE,CLEAR,DRY,DAYLIGHT,NO CONTROLS,NONE DETECTED,,6B4F2FA8-7030-48F6-83B8-A46144FFFD74,Yes,NO APPARENT INJURY,N/A,NOT DISTRACTED,MD,26800454-43D9-4B0A-A8B3-8C1BF5490E49,FUNCTIONAL,ONE OCLOCK,PASSENGER CAR,CHANGING LANES,North,55,No,No,2014,HONDA,ACCORD,39.12924463,-77.20414639,"(39.12924463, -77.20414639)"
MCP2902000L,15001701,Montgomery County Police,Property Damage Crash,01/11/2015 01:28:00 PM,,,,"Commercial Parking Lot of 20500 Senceca Meadows Pkwy, (Healthtrax fitness and wellness)",,,OPPOSITE DIRECTION SIDESWIPE,CLEAR,,DAYLIGHT,NO CONTROLS,N/A,,B9B875E3-D05C-42D2-852C-6EF449203B82,Unknown,NO APPARENT INJURY,N/A,NOT DISTRACTED,MA,25DF83AA-D009-44D4-82C6-B7B20B7244F4,SUPERFICIAL,TEN OCLOCK,FIRE VEHICLE/NON EMERGENCY,MOVING CONSTANT SPEED,West,10,No,No,2008,SPARTAN,ENGINE,39.198295,-77.25777833,"(39.198295, -77.25777833)"
MCP2853007J,200028316,Montgomery County Police,Injury Crash,07/21/2020 03:14:00 PM,US (State),COLUMBIA PIKE,ENT TO BURNT MILLS SHOPPING CENTER,,N/A,PEDESTRIAN,OTHER,CLEAR,DRY,DAYLIGHT,TRAFFIC SIGNAL,N/A,N/A,30F59614-3BF4-4AAA-889E-DE87FE5A8786,Yes,NO APPARENT INJURY,N/A,TALKING OR LISTENING TO CELLULAR PHONE,DC,696A3E89-B698-4C34-B9BA-A2AD2E1C4012,NO DAMAGE,TWELVE OCLOCK,PASSENGER CAR,MAKING LEFT TURN,North,40,No,No,2019,ACURA,ILX,39.03138833,-77.00444,"(39.03138833, -77.00444)"
MCP1502000F,15024791,Montgomery County Police,Property Damage Crash,05/23/2015 10:22:00 AM,Maryland (State),FREDERICK RD,SHADY GROVE RD,,N/A,,SAME DIR REAR END,CLEAR,DRY,DAYLIGHT,NO CONTROLS,NONE DETECTED,,5F954AF4-0231-4DC7-946E-B0CA314922A4,No,NO APPARENT INJURY,N/A,NOT DISTRACTED,NL,B2975590-37B0-45B0-BC8E-2C69C2551F02,DISABLING,SIX OCLOCK,(SPORT) UTILITY VEHICLE,SLOWING OR STOPPING,South,45,No,No,2002,CHEV,TRAILBLAZER,39.12144667,-77.17617,"(39.12144667, -77.17617)"
MCP24560056,210001738,Montgomery County Police,Injury Crash,01/14/2021 01:50:00 PM,Maryland (State),NEW HAMPSHIRE AVE,RAMP 8 FR MD 650 SB TO US 29 WB,,N/A,,SAME DIRECTION RIGHT TURN,CLEAR,DRY,DAYLIGHT,TRAFFIC SIGNAL,NONE DETECTED,,00D96AF1-D510-45B3-9773-D9BF4B31FC2B,No,NO APPARENT INJURY,N/A,NOT DISTRACTED,MD,171F5740-31EA-46A7-96BB-D4ABD3AB6A68,SUPERFICIAL,TEN OCLOCK,VAN,MOVING CONSTANT SPEED,South,40,No,No,2000,DODG,CG,39.044885,-76.99238833,"(39.044885, -76.99238833)"
MCP33290037,240050061,MONTGOMERY,Property Damage Crash,10/19/2024 06:27:00 PM,US (State),COLUMBIA PIKE (SB/L),,,,,Front to Rear,Clear,Dry,Dark - Not Lighted,No Controls,"Not Suspect of Alcohol Use, Not Suspect of Drug Use",,BC542E9D-0258-4F62-99F5-D9324D8F2FCE,Yes,No Apparent Injury,,Unknown,MD,E9E7CF3F-CB47-4913-9159-CE876D039707,Disabling,Twelve O Clock,Passenger Car,Moving Constant Speed,Southbound,50,No,No,2019,TOYOTA,HIGHLANDER,39.10743211,-76.93143904,"(39.10743211, -76.93143904)"
DD56170020,190034751,Rockville Police Departme,Property Damage Crash,07/22/2019 08:01:00 AM,Municipality,E GUDE DR,TAFT CT,,ROCKVILLE,,SAME DIR REAR END,CLEAR,DRY,DAYLIGHT,TRAFFIC SIGNAL,N/A,,FA210FAC-32E0-4C9A-907D-4AB5AB91B439,No,NO APPARENT INJURY,N/A,NOT DISTRACTED,MD,C68DC5FB-D28A-4FA9-95A9-A092B2C8095A,FUNCTIONAL,SIX OCLOCK,N/A,SLOWING OR STOPPING,West,40,No,No,2015,VOLK,4DR,39.09295333,-77.131305,"(39.09295333, -77.131305)"
MCP2952005M,180002273,Montgomery County Police,Injury Crash,01/15/2018 08:33:00 AM,Maryland (State),GEORGIA AVE,FOREST GLEN RD,,N/A,,SAME DIR REAR END,CLEAR,DRY,DAYLIGHT,TRAFFIC SIGNAL,NONE DETECTED,,145FB541-2C81-432D-89B2-4330060EB0B0,No,POSSIBLE INJURY,N/A,NOT DISTRACTED,MD,1DB43A76-F945-4F88-8795-42AC465F0EF7,DISABLING,SIX OCLOCK,"MEDIUM/HEAVY TRUCKS 3 AXLES (OVER 10,000LBS (4,536KG))",STOPPED IN TRAFFIC LANE,North,35,No,No,2012,RECON ISUZU,BOX TRUCK,39.01516667,-77.04241,"(39.01516667, -77.04241)"
MCP13340099,200000406,Montgomery County Police,Property Damage Crash,01/03/2020 12:12:00 PM,Maryland (State),FREDERICK RD,WATKINS MILL RD,,N/A,,SAME DIRECTION SIDESWIPE,CLOUDY,WET,DAYLIGHT,NO CONTROLS,NONE DETECTED,,3276E08E-45BD-430D-AF1D-32A43BD5289D,Yes,NO APPARENT INJURY,N/A,OTHER ELECTRONIC DEVICE (NAVIGATIONAL PALM PILOT),MD,418FE3EB-E4FD-48DE-AC08-91E3E866BD22,FUNCTIONAL,TEN OCLOCK,PASSENGER CAR,CHANGING LANES,North,40,No,No,2012,HYUNDAI,ELANTRA,39.15873889,-77.21872881,"(39.15873889, -77.21872881)"
MCP2941003S,190052812,Montgomery County Police,Property Damage Crash,11/02/2019 03:28:00 PM,,,,8110 FENTON STREET PARKING GARAGE,,,ANGLE MEETS LEFT HEAD ON,CLEAR,,DAYLIGHT,NO CONTROLS,NONE DETECTED,,3F4467F8-A2E2-4881-890D-A83FB87E6CE3,No,NO APPARENT INJURY,N/A,NOT DISTRACTED,DC,F64385A8-4054-42FB-B939-BD47E7FE7F92,SUPERFICIAL,TWELVE OCLOCK,PASSENGER CAR,MAKING LEFT TURN,West,15,No,No,2010,NISSAN,4D,38.99110833,-77.03235333,"(38.99110833, -77.03235333)"
MCP31230044,220028965,Montgomery County Police,Injury Crash,07/06/2022 12:56:00 PM,County,E GUDE DR,CRABBS BRANCH WAY,,N/A,,SAME DIR REAR END,CLEAR,DRY,DAYLIGHT,TRAFFIC SIGNAL,N/A,,84CF8762-A9B3-4907-8F11-29B6E73F4146,No,POSSIBLE INJURY,N/A,NOT DISTRACTED,MD,74F5B46D-38AC-4A40-AAB7-01348C93884A,FUNCTIONAL,SIX OCLOCK,"OTHER LIGHT TRUCKS (10,000LBS (4,536KG) OR LESS)",MOVING CONSTANT SPEED,East,35,No,No,2018,RAM,1500,39.106341,-77.151259,"(39.106341, -77.151259)"
MCP9419004G,230034701,Montgomery County Police,Property Damage Crash,07/21/2023 07:13:00 AM,,,,SHADY GROVE METRO ACCESS ROAD EAST SIDE,,,SINGLE VEHICLE,CLOUDY,,DAYLIGHT,NO CONTROLS,NONE DETECTED,,9180F24F-86A3-4B17-9861-50D44FDA4E2E,Yes,NO APPARENT INJURY,"N/A, WET",NOT DISTRACTED,MD,2EABD981-B73C-43C1-A91F-BB5C7255E541,DISABLING,TWELVE OCLOCK,PASSENGER CAR,MOVING CONSTANT SPEED,South,0,No,No,2017,HONDA,CIVIC,39.11977333,-77.16137667,"(39.11977333, -77.16137667)"
DD55270041,220025946,Rockville Police Departme,Property Damage Crash,06/16/2022 03:40:00 PM,Maryland (State),ROCKVILLE PIKE,CONGRESSIONAL LA,,N/A,,SAME DIR REAR END,CLEAR,DRY,DAYLIGHT,TRAFFIC SIGNAL,NONE DETECTED,,3E25DDDE-69ED-4799-AF46-48EB2D0B4C61,Yes,NO APPARENT INJURY,N/A,LOOKED BUT DID NOT SEE,MD,AC93B6A6-665D-453A-A6CD-9B9DADCC4651,DISABLING,TWELVE OCLOCK,PASSENGER CAR,MOVING CONSTANT SPEED,South,40,No,No,2016,HOND,4H,39.06421695,-77.12610458,"(39.06421695, -77.12610458)"
MCP2866002S,16043093,Montgomery County Police,Property Damage Crash,08/24/2016 08:23:00 PM,Maryland (State),NEW HAMPSHIRE AVE,NOTLEY RD,,N/A,,SINGLE VEHICLE,CLEAR,DRY,DARK LIGHTS ON,NO CONTROLS,NONE DETECTED,,EA781683-E87F-485F-97AE-A12FDA9FDDBF,Yes,NO APPARENT INJURY,N/A,UNKNOWN,MD,9AE03200-8560-409F-AA64-B521A1BD76C2,DISABLING,ELEVEN OCLOCK,PASSENGER CAR,MOVING CONSTANT SPEED,South,40,No,No,2008,HONDA,ACCORD,39.080155,-77.00135333,"(39.080155, -77.00135333)"
MCP3233003W,230007382,Montgomery County Police,Property Damage Crash,02/09/2023 08:00:00 PM,County,BILTMORE DR,INDIAN SPRING DR,,N/A,,SAME DIR BOTH LEFT TURN,CLEAR,DRY,DARK LIGHTS ON,NO CONTROLS,NONE DETECTED,,97446113-55F9-4978-8C72-A5F012B148E3,No,NO APPARENT INJURY,N/A,NOT DISTRACTED,MD,A4DB415F-705C-438D-A1C7-D36A0A293DCB,SUPERFICIAL,ELEVEN OCLOCK,PASSENGER CAR,MOVING CONSTANT SPEED,South,25,No,No,2011,SUBARU,FORESTER,39.03362667,-77.00325817,"(39.03362667, -77.00325817)"