Report Number,Local Case Number,Agency Name,ACRS Report Type,Crash Date/Time,Route Type,Road Name,Cross-Street Name,Off-Road Description,Municipality,Related Non-Motorist,Collision Type,Weather,Surface Condition,Light,Traffic Control,Driver Substance Abuse,Non-Motorist Substance Abuse,Person ID,Driver At Fault,Injury Severity,Circumstance,Driver Distracted By,Drivers License State,Vehicle ID,Vehicle Damage Extent,Vehicle First Impact Location,Vehicle Body Type,Vehicle Movement,Vehicle Going Dir,Speed Limit,Driverless Vehicle,Parked Vehicle,Vehicle Year,Vehicle Make,Vehicle Model,Latitude,Longitude,Location
MCP14170079,170505844,Montgomery County Police,Injury Crash,05/04/2017 10:54:00 AM,,,,PARKING LOT OF 417 N. FREDERICK ROAD,,PEDESTRIAN,SINGLE VEHICLE,N/A,,DAYLIGHT,NO CONTROLS,NONE DETECTED,NONE DETECTED,BB424C42-AE44-4A83-8325-F2CD77E921BE,Yes,NO APPARENT INJURY,N/A,UNKNOWN,VA,94557614-039E-4755-9C29-0DC4BB4B44EA,SUPERFICIAL,TWELVE OCLOCK,PASSENGER CAR,SLOWING OR STOPPING,West,15,No,No,2015,LEXUS,ES350,39.1466118,-77.20472306,"(39.1466118, -77.20472306)"
MCP31820022,220043140,Montgomery County Police,Property Damage Crash,09/27/2022 04:44:00 PM,US (State),COLUMBIA PIKE,MUSGROVE RD,,N/A,,SAME DIRECTION SIDESWIPE,N/A,DRY,DAYLIGHT,TRAFFIC SIGNAL,NONE DETECTED,,7C154C99-3AC3-4ED1-A850-7C28853CBC1F,No,NO APPARENT INJURY,N/A,NOT DISTRACTED,MD,1C55B210-34E0-4352-A71C-75E124EC7B9E,FUNCTIONAL,FOUR OCLOCK,PICKUP TRUCK,MOVING CONSTANT SPEED,South,50,No,No,2022,GMC,CANYON,39.06759845,-76.95954233,"(39.06759845, -76.95954233)"
MCP3121000S,180020956,Montgomery County Police,Injury Crash,04/29/2018 04:28:00 PM,County,GOSHEN RD,BRAMBLE BUSH DR,,N/A,,OPPOSITE DIRECTION SIDESWIPE,CLEAR,DRY,DAYLIGHT,NO CONTROLS,NONE DETECTED,,527BB437-E864-41A0-B2FA-6D1E417B80F2,Yes,NO APPARENT INJURY,N/A,OTHER DISTRACTION,MD,DE1324D0-C51F-4F15-9B6F-7A06B02E665F,DISABLING,ELEVEN OCLOCK,PASSENGER CAR,MOVING CONSTANT SPEED,North,35,No,No,2018,FORD,FOCUS,39.17992833,-77.18930833,"(39.17992833, -77.18930833)"
MCP1283000R,16053203,Montgomery County Police,Injury Crash,10/16/2016 01:50:00 PM,Maryland (State),CLARKSBURG RD,WEST OLD BALTIMORE RD,,N/A,,HEAD ON LEFT TURN,CLEAR,DRY,DAYLIGHT,N/A,NONE DETECTED,,7B042E5B-AB1C-4D5F-92BE-AA92EA453DF7,Yes,NO APPARENT INJURY,N/A,NOT DISTRACTED,MD,73016618-2EE4-4937-891D-ECECF50FA579,FUNCTIONAL,TWELVE OCLOCK,PASSENGER CAR,MAKING LEFT TURN,West,40,No,No,2004,CHEVY,CAVALIER,39.21383167,-77.29776333,"(39.21383167, -77.29776333)"
EJ7851001C,16007932,Gaithersburg Police Depar,Property Damage Crash,02/17/2016 09:22:00 AM,Municipality,VICTORY FARM DR,GIRARD ST,,GAITHERSBURG,,SAME DIR REAR END,CLEAR,N/A,DAYLIGHT,YIELD SIGN,UNKNOWN,,9DE0208D-5C8B-45DD-85D9-968F08EDA435,Yes,NO APPARENT INJURY,N/A,UNKNOWN,,12632CC7-85B5-4873-906F-55B23CE648EF,FUNCTIONAL,ONE OCLOCK,PASSENGER CAR,ACCELERATING,West,20,No,No,2003,HONDA,PILOT,39.14660868,-77.18489349,"(39.14660868, -77.18489349)"
MCP3057000F,170530121,Montgomery County Police,Property Damage Crash,09/12/2017 01:37:00 PM,Maryland (State),FREDERICK RD,LITTLE SENECA PKWY,,N/A,,SAME DIR REAR END,N/A,DRY,DAYLIGHT,N/A,NONE DETECTED,,108968B1-BF6A-4689-9EF0-03FE41FDB398,Yes,NO APPARENT INJURY,N/A,DISTRACTED BY OUTSIDE PERSON OBJECT OR EVENT,MD,0471C58F-73A0-4F83-B4F8-763C7E596CDE,SUPERFICIAL,TWELVE OCLOCK,PASSENGER CAR,MOVING CONSTANT SPEED,South,35,No,No,2007,FORD,EXPLORER,39.22432333,-77.261655,"(39.22432333, -77.261655)"
MCP29620062,210043945,Montgomery County Police,Injury Crash,10/31/2021 11:56:00 AM,Maryland (State),CLOPPER RD,ALLSPICE RD,,N/A,,SAME DIR REAR END,CLOUDY,DRY,DAYLIGHT,NO CONTROLS,NONE DETECTED,,43B866AF-D163-4A51-B3EA-5E8548673CCE,No,NO APPARENT INJURY,N/A,NOT DISTRACTED,MD,CE5465E6-62E5-4E81-B946-78105943D569,FUNCTIONAL,SIX OCLOCK,PASSENGER CAR,SLOWING OR STOPPING,East,35,No,No,2006,HOND,CRV,39.15552167,-77.26152333,"(39.15552167, -77.26152333)"
MCP29140027,16001460,Montgomery County Police,Injury Crash,01/08/2016 06:50:00 PM,,,,"PARKING LOT OF VALUE VILLAGE AT 10121 NEW HAMPSHIRE AVENUE, SILVER SPRING, MD, 20903",,,OTHER,N/A,,DARK LIGHTS ON,NO CONTROLS,N/A,,DE5BF44B-ED3F-4544-857A-38BF4868AE50,Yes,NO APPARENT INJURY,N/A,NOT DISTRACTED,DC,37E79CB3-B0ED-417B-A39E-AFF2A097BEE0,SUPERFICIAL,SIX OCLOCK,PASSENGER CAR,OTHER,Unknown,10,No,No,1999,VOLKSWAGON,PASSAT,39.02164265,-76.97519302,"(39.02164265, -76.97519302)"
MCP3113002P,200034668,Montgomery County Police,Property Damage Crash,09/03/2020 05:15:00 PM,County,SPRING ST,FIRST AVE,,N/A,,SAME DIRECTION SIDESWIPE,RAINING,N/A,DAYLIGHT,N/A,N/A,,C70A41FF-D293-4253-A106-7CEC24A744A1,No,NO APPARENT INJURY,N/A,NOT DISTRACTED,MD,61D073AE-943C-456F-B0FE-13035BD16865,SUPERFICIAL,EIGHT OCLOCK,PASSENGER CAR,PARKED,,30,No,Yes,2018,HONDA,4S,38.99908345,-77.03259863,"(38.99908345, -77.03259863)"
MCP2791003F,170522679,Montgomery County Police,Property Damage Crash,08/03/2017 03:39:00 AM,County,ASPEN HILL RD,PARKLAND DR,,N/A,,SAME DIR REAR END,CLEAR,DRY,DARK LIGHTS ON,NO CONTROLS,NONE DETECTED,,58B31403-449E-4625-865B-3F2CCA620D80,Yes,NO APPARENT INJURY,N/A,NOT DISTRACTED,MD,CA6960A7-8955-417E-9885-2DA95076C232,FUNCTIONAL,TWELVE OCLOCK,PASSENGER CAR,MOVING CONSTANT SPEED,North,35,No,No,2017,HONDA,RIDGELINE,39.07908667,-77.08869667,"(39.07908667, -77.08869667)"
MCP32990045,250005091,MONTGOMERY,Property Damage Crash,02/04/2025 11:17:00 AM,County Route,CLARIDGE RD,,,,,Rear To Rear,Clear,Dry,Daylight,No Controls,"Unknown, Unknown",,742DE473-3362-4062-8A34-D57AE6E53E39,No,,,,,D19FAEF0-72FE-4F6E-8574-990C42E38DB9,Functional,Twelve O Clock,Passenger Car,Parked,,25,No,Yes,2023,INFINITI,Q50,39.0518982,-77.06585954,"(39.0518982, -77.06585954)"
DM85140016,240026879,TAKOMA,Injury Crash,06/06/2024 05:22:00 AM,,,,Parking Lot Way        UNIT ONE STRUCK PED WHEN EXITING PARKING LOT,,Pedestrian,Unknown,Clear,,Dark - Not Lighted,,"Not Suspect of Alcohol Use, Not Suspect of Drug Use","Not Suspect of Alcohol Use, Not Suspect of Drug Use",717B16CD-4A7A-4064-881E-23AB17EEBCFE,No,No Apparent Injury,Failed to Yield Right-of-Way,Not Distracted,MD,EB476759-30E1-4111-B6D2-D466AA82C3D6,Superficial,Two O Clock,Passenger Car,Entering Traffic Lane,Westbound,0,No,No,2017,MAZDA,CX-5,38.97583083,-76.99340711,"(38.97583083, -76.99340711)"
MCP11740021,17014608,Montgomery County Police,Property Damage Crash,03/22/2017 09:20:00 AM,County,WOODMONT AVE,RUGBY AVE,,N/A,,OTHER,CLEAR,DRY,DAYLIGHT,NO CONTROLS,NONE DETECTED,,971374DC-239C-476B-B434-389F43E34E81,Yes,NO APPARENT INJURY,N/A,NOT DISTRACTED,MD,84A85B7C-0DEB-4F29-91C4-B33BD01DB4E3,DISABLING,TWELVE OCLOCK,PASSENGER CAR,MOVING CONSTANT SPEED,South,25,No,No,2010,NISSAN,MAXIMA,38.99159167,-77.096485,"(38.99159167, -77.096485)"
MCP2436007K,190027663,Montgomery County Police,Injury Crash,06/10/2019 11:55:00 AM,County,DENNIS AVE,TENBROOK DR,,N/A,,STRAIGHT MOVEMENT ANGLE,RAINING,WET,DAYLIGHT,STOP SIGN,NONE DETECTED,,26D5159D-F52B-428A-B224-39DAC1A68D33,No,NO APPARENT INJURY,"N/A, WET",NOT DISTRACTED,MD,6D95D2B4-522F-4FE8-86FB-3791A68B6E9D,FUNCTIONAL,TWELVE OCLOCK,SCHOOL BUS,MOVING CONSTANT SPEED,East,25,No,No,2015,FREIGHT,BUS,39.02368,-77.02902167,"(39.02368, -77.02902167)"
MCP2588005S,190023494,Montgomery County Police,Injury Crash,05/18/2019 10:24:00 AM,County,RANDOLPH RD,SELFRIDGE RD,,N/A,,STRAIGHT MOVEMENT ANGLE,CLOUDY,DRY,DAYLIGHT,TRAFFIC SIGNAL,NONE DETECTED,,EAFE7E07-DED1-4978-A301-9DD747B1874A,No,SUSPECTED MINOR INJURY,N/A,NOT DISTRACTED,MD,8CB2386C-7C9A-40FA-96E8-FCF9C1F5FE68,DESTROYED,TEN OCLOCK,PASSENGER CAR,MOVING CONSTANT SPEED,East,35,No,No,2001,VOLKSWAGEN,JETTA,39.05549167,-77.08336333,"(39.05549167, -77.08336333)"
MCP2552002Q,190003847,Montgomery County Police,Property Damage Crash,01/24/2019 08:26:00 PM,Maryland (State),ROCKVILLE PIKE,ENT TO FEDERAL PLAZA S.C.,,N/A,,SAME DIR REAR END,N/A,DRY,DARK LIGHTS ON,TRAFFIC SIGNAL,NONE DETECTED,,04149484-0BEC-4BF5-9BC3-5FA1C9E5CD0C,No,NO APPARENT INJURY,N/A,NOT DISTRACTED,MD,E6CBFC5F-3021-4A30-8D55-E5CAFCDAE0AB,FUNCTIONAL,SIX OCLOCK,PASSENGER CAR,MAKING LEFT TURN,East,35,No,No,2014,TOYOTA,CAMRY,39.05733333,-77.12056667,"(39.05733333, -77.12056667)"
DM8494000C,200049952,Takoma Park Police Depart,Property Damage Crash,12/19/2020 08:00:00 PM,Maryland (State),NEW HAMPSHIRE AVE,UNIVERSITY BLVD,,N/A,,SAME DIRECTION LEFT TURN,CLEAR,DRY,DARK LIGHTS ON,NO CONTROLS,N/A,,029B00E7-DFF3-4F7A-9026-E2AA7F84E2B5,No,NO APPARENT INJURY,N/A,NOT DISTRACTED,MD,3B7423DB-42BD-40FA-B731-A715BC17D071,FUNCTIONAL,FIVE OCLOCK,PASSENGER CAR,PASSING,East,35,No,No,2014,TOYOTA,CAMRY,38.9878895,-76.9877501,"(38.9878895, -76.9877501)"
DM8434000Z,170502457,Takoma Park Police Depart,Property Damage Crash,04/16/2017 02:16:00 PM,Maryland (State),NEW HAMPSHIRE AVE,HOLTON LA,,TAKOMA PARK,,OTHER,CLEAR,DRY,DAYLIGHT,TRAFFIC SIGNAL,NONE DETECTED,,E72A315F-9C0D-49E4-A806-46F99428F33D,No,NO APPARENT INJURY,N/A,NOT DISTRACTED,MD,A3C301AB-F4AF-4757-AFD2-13EB84936499,SUPERFICIAL,TWELVE OCLOCK,PASSENGER CAR,STOPPED IN TRAFFIC LANE,North,35,No,No,2005,TOYT,SCION,38.98580628,-76.98800862,"(38.98580628, -76.98800862)"
MCP2987003D,180020777,Montgomery County Police,Injury Crash,04/28/2018 11:20:00 AM,Maryland (State),UNIVERSITY BLVD W,BRUNETT AVE,,N/A,,SAME DIRECTION SIDESWIPE,CLEAR,DRY,DAYLIGHT,NO CONTROLS,NONE DETECTED,,05005712-3FC6-4044-B624-5DBFD5A4E185,No,NO APPARENT INJURY,N/A,NOT DISTRACTED,MD,094F09F2-573D-48E1-B797-0D76D323187B,SUPERFICIAL,ONE OCLOCK,PASSENGER CAR,MOVING CONSTANT SPEED,West,40,No,No,2002,FORD,WINDSTAR,39.02337667,-77.01691167,"(39.02337667, -77.01691167)"
MCP1563006B,200041964,Montgomery County Police,Property Damage Crash,10/24/2020 10:55:00 AM,Maryland (State),CONNECTICUT AVE,TAYLOR ST,,CHEVY CHASE #3,,SAME DIRECTION RIGHT TURN,CLOUDY,DRY,DAYLIGHT,NO CONTROLS,NONE DETECTED,,13C50A00-6392-4BEF-92EA-519C05FD53F5,No,NO APPARENT INJURY,N/A,NOT DISTRACTED,DC,8EC45E8C-589D-428E-BF15-BBB47F90C348,DISABLING,EIGHT OCLOCK,PASSENGER CAR,MOVING CONSTANT SPEED,South,30,No,No,2013,JEEP,GRAND CHEROKEE,38.98028167,-77.07723333,"(38.98028167, -77.07723333)"
MCP32380035,240058345,MONTGOMERY,Injury Crash,12/06/2024 11:37:00 AM,US (State),GEORGIA AVE (SB/L),,,,Scooter (electric),Single Vehicle,Clear,Dry,Daylight,No Controls,"Not Suspect of Alcohol Use, Not Suspect of Drug Use","Not Suspect of Alcohol Use, Not Suspect of Drug Use",F373FAE6-7F41-4A78-9C4C-1347DCCBF6C2,No,No Apparent Injury,,Not Distracted,MD,AE361A8A-6160-4EE1-AB57-3FFA0BE0C23E,Superficial,Nine O Clock,Sport Utility Vehicle,Stopped in Traffic,Eastbound,30,No,No,2018,HONDA,CR-V,38.99197858,-77.02684686,"(38.99197858, -77.02684686)"
EJ7829005Y,190022274,Gaithersburg Police Depar,Property Damage Crash,05/11/2019 04:35:00 PM,Municipality,MAIN ST,ALFANDRE ST,,GAITHERSBURG,,SAME DIRECTION RIGHT TURN,CLOUDY,DRY,DAYLIGHT,NO CONTROLS,NONE DETECTED,,6CB583E8-851D-4576-9E45-D38C15933ED2,Yes,NO APPARENT INJURY,N/A,UNKNOWN,MD,8B873EE2-864C-4D21-8857-7AE32B0EA355,DISABLING,TWELVE OCLOCK,PASSENGER CAR,MAKING RIGHT TURN,East,25,No,No,2017,NISSIAN,4D,39.12170833,-77.23796,"(39.12170833, -77.23796)"
MCP3133005D,240039859,MONTGOMERY,Property Damage Crash,08/23/2024 09:39:00 AM,Maryland (State) Route,,NORWOOD RD,,,,"Sideswipe, Same Direction",Clear,Dry,Daylight,Traffic Control Signal,"Not Suspect of Alcohol Use, Not Suspect of Drug Use",,7ED41EC1-3F38-4862-B7C2-7781990A96A3,No,No Apparent Injury,,Not Distracted,MD,FD834B9A-98C2-438C-A87C-82CDA99E276E,Disabling,Twelve O Clock,Passenger Car,Moving Constant Speed,Eastbound,30,No,No,2018,TOYOTA,RAV4,39.14911094,-77.0291838,"(39.14911094, -77.0291838)"
MCP2968001D,170501807,Montgomery County Police,Property Damage Crash,04/12/2017 03:48:00 PM,County,TRAVILAH RD,PINEY MEETINGHOUSE RD,,N/A,,SAME DIR REAR END,CLEAR,DRY,DAYLIGHT,NO CONTROLS,N/A,,0EF2B984-5E7A-4716-9EB3-9FB15466D36B,No,NO APPARENT INJURY,N/A,NOT DISTRACTED,MD,37FD76D1-3C6E-4E02-AEFA-CD971999A730,FUNCTIONAL,SIX OCLOCK,PASSENGER CAR,MAKING LEFT TURN,South,30,No,No,2015,MERZ,4S,39.08651167,-77.21855167,"(39.08651167, -77.21855167)"
MCP1438006R,180039580,Montgomery County Police,Property Damage Crash,08/09/2018 04:05:00 PM,County,MONTGOMERY VILLAGE AVE,LAKE SHORE DR,,N/A,,SINGLE VEHICLE,CLEAR,DRY,DAYLIGHT,TRAFFIC SIGNAL,NONE DETECTED,,604884FE-691B-4562-AE38-75A4C8B2774F,Yes,NO APPARENT INJURY,N/A,NOT DISTRACTED,MD,0FB0857F-053B-44CB-AF6A-F72A0BFC811D,DESTROYED,TEN OCLOCK,PASSENGER CAR,ACCELERATING,North,35,No,No,1998,LEXS,4S,39.16138667,-77.20178167,"(39.16138667, -77.20178167)"
MCP2962001F,170515958,Montgomery County Police,Property Damage Crash,06/27/2017 08:41:00 AM,County,SCENERY DR,GERMANTOWN RD,,N/A,,HEAD ON LEFT TURN,CLEAR,DRY,DAYLIGHT,TRAFFIC SIGNAL,NONE DETECTED,,4EEA19A6-2793-40D3-9CC4-9F305E15645C,Yes,NO APPARENT INJURY,N/A,NOT DISTRACTED,MD,85DF56F7-AD1D-4800-B0F9-199FBD997864,FUNCTIONAL,ELEVEN OCLOCK,PASSENGER CAR,MAKING LEFT TURN,South,35,No,No,2016,FORD,FUSION,39.19213709,-77.23343141,"(39.19213709, -77.23343141)"
MCP2782000T,15020749,Montgomery County Police,Property Damage Crash,05/02/2015 01:16:00 PM,Maryland (State),NORBECK RD,BAUER DR,,N/A,,SAME DIR REAR END,CLEAR,DRY,DAYLIGHT,TRAFFIC SIGNAL,NONE DETECTED,,60E88A97-BDC6-40EC-8BFF-E6C44BD729ED,Yes,NO APPARENT INJURY,N/A,NOT DISTRACTED,MD,C2186B42-F0F4-4174-B2C3-060C33982B46,SUPERFICIAL,TWELVE OCLOCK,TRANSIT BUS,SLOWING OR STOPPING,East,45,No,No,2004,ORIO,BUS,39.09601167,-77.11032667,"(39.09601167, -77.11032667)"
MCP2428001K,190054291,Montgomery County Police,Property Damage Crash,11/11/2019 08:18:00 AM,Maryland (State),WHITES FERRY RD,DARNESTOWN RD,,N/A,,SAME DIR REAR END,N/A,DRY,DAYLIGHT,STOP SIGN,NONE DETECTED,,5E2AECF4-CD73-4957-B54A-43C1E70554B5,Yes,NO APPARENT INJURY,N/A,NOT DISTRACTED,MD,FEDA8E55-2A88-4C5D-93F0-2E5298501479,DISABLING,TWELVE OCLOCK,PASSENGER CAR,ACCELERATING,East,40,No,No,2013,LEXUS,ES,39.12848341,-77.34324258,"(39.12848341, -77.34324258)"
MCP2708001M,16058417,Montgomery County Police,Property Damage Crash,11/12/2016 07:10:00 PM,US (State),COLESVILLE RD,UNIVERSITY BLVD E,,N/A,,SAME DIR BOTH LEFT TURN,N/A,DRY,DARK LIGHTS ON,NO CONTROLS,N/A,,B3ACA09B-5F36-49B5-B7C8-7164682FEFB7,Yes,NO APPARENT INJURY,N/A,UNKNOWN,,079AB5AD-5AC4-4C2A-9B14-FCCEDD85E8F5,SUPERFICIAL,ELEVEN OCLOCK,,MAKING LEFT TURN,West,40,No,No,0,UNKNOWN,UNKNOWN,39.02022772,-77.01271445,"(39.02022772, -77.01271445)"
MCP2784002W,16059915,Montgomery County Police,Injury Crash,11/21/2016 03:34:00 PM,County,NORBECK RD,NEW HAMPSHIRE AVE,,N/A,,SAME DIRECTION SIDESWIPE,CLEAR,DRY,DAYLIGHT,TRAFFIC SIGNAL,NONE DETECTED,,F921BA33-98D9-46F0-9CBA-2127F25E82E4,Yes,NO APPARENT INJURY,N/A,UNKNOWN,MD,9CC4E0F3-FCA0-4084-BB61-D8CECC59B324,DISABLING,TWELVE OCLOCK,PASSENGER CAR,SLOWING OR STOPPING,East,45,No,No,2008,CHEVY,COBALT,39.12128333,-76.99018,"(39.12128333, -76.99018)"
MCP2789005M,190009162,Montgomery County Police,Injury Crash,02/26/2019 03:40:00 PM,Maryland (State),EAST WEST HWY,ENT TO BUSINESS,,N/A,,HEAD ON LEFT TURN,N/A,DRY,DAYLIGHT,NO CONTROLS,N/A,,C8FC6026-48E2-441E-80A2-31B48219F869,No,POSSIBLE INJURY,N/A,NOT DISTRACTED,MD,5B4C7943-2469-4114-8AA6-BB7ED65E55D5,DESTROYED,TWELVE OCLOCK,PASSENGER CAR,CHANGING LANES,East,35,No,No,2012,NISSAN,ALTIMA,38.988535,-77.02765667,"(38.988535, -77.02765667)"
MCP2584000J,190060219,Montgomery County Police,Injury Crash,12/14/2019 12:31:00 AM,Maryland (State),VEIRS MILL RD,BROADWOOD DR,,ROCKVILLE,,STRAIGHT MOVEMENT ANGLE,RAINING,WET,DARK LIGHTS ON,FLASHING TRAFFIC SIGNAL,NONE DETECTED,,C6E9EA59-7B04-4558-A155-207CC444E414,Unknown,POSSIBLE INJURY,"RAIN, SNOW, WET",UNKNOWN,MD,CC33717F-E8BC-4366-B42D-ED8A23BEEE11,DISABLING,TWELVE OCLOCK,PASSENGER CAR,MOVING CONSTANT SPEED,North,40,No,No,2010,HOND,4H,39.07714167,-77.12364,"(39.07714167, -77.12364)"
MCP27830041,210014136,Montgomery County Police,Property Damage Crash,04/15/2021 06:57:00 PM,Maryland (State),GEORGIA AVE,LINDELL ST,,N/A,,STRAIGHT MOVEMENT ANGLE,CLEAR,DRY,DAYLIGHT,NO CONTROLS,NONE DETECTED,,53F520C9-B233-4A44-9BB5-4D51E6D70205,No,NO APPARENT INJURY,N/A,UNKNOWN,MD,33CD1BC0-40F8-4432-B629-1EAE2F6C9201,SUPERFICIAL,TWELVE OCLOCK,PASSENGER CAR,MOVING CONSTANT SPEED,South,35,No,No,2018,FORD,FUSION,39.05470167,-77.050805,"(39.05470167, -77.050805)"
MCP30050024,170510492,Montgomery County Police,Injury Crash,05/29/2017 08:15:00 AM,Maryland (State),UNIVERSITY BLVD W,ARCOLA AVE,,N/A,,SAME DIR REAR END,CLOUDY,DRY,DAYLIGHT,NO CONTROLS,NONE DETECTED,,72222CED-E48C-4E4E-B90F-614D20913CE0,No,POSSIBLE INJURY,N/A,NOT DISTRACTED,MD,EC1C12C2-C5D4-41ED-9B4B-CFC90787423C,FUNCTIONAL,SIX OCLOCK,PASSENGER CAR,MOVING CONSTANT SPEED,West,40,No,No,2011,TOYOTA,PRIUS,39.03476956,-77.0246315,"(39.03476956, -77.0246315)"
MCP3262004X,240048271,MONTGOMERY,Property Damage Crash,10/09/2024 06:00:00 PM,County Route,BROADBIRCH DR,,,,,Other,Clear,Dry,Dusk,No Controls,"Not Suspect of Alcohol Use, Not Suspect of Drug Use",,E529F560-94EA-4E31-AE3C-0D887B4A2D31,No,No Apparent Injury,,Not Distracted,MD,F0BACB4F-E4A3-42D3-ABA4-5352F0226F81,Functional,Twelve O Clock,Passenger Car,Moving Constant Speed,Westbound,30,No,No,2019,FORD,F-250,39.0556685,-76.95614633,"(39.0556685, -76.95614633)"
MCP23960044,240027945,MONTGOMERY,Injury Crash,06/12/2024 10:56:00 AM,Ramp,RAMP 7 FR MD 109 WB TO RAMP 6 (TO IS270),OLD HUNDRED RD,,,,Angle,Clear,Dry,Daylight,No Controls,"Not Suspect of Alcohol Use, Not Suspect of Drug Use",,81E9393F-25AC-4CF3-9D0D-87DAEA9ECD81,No,Suspected Minor Injury,,Not Distracted,MD,4ACED606-6F12-4542-AF1A-0526DD266D64,Disabling,Eleven O Clock,Passenger Car,Moving Constant Speed,Eastbound,30,No,No,2022,FORD,TRANSIT,39.27745633,-77.32502967,"(39.27745633, -77.32502967)"
MCP3352002B,240055029,MONTGOMERY,Property Damage Crash,11/16/2024 04:00:00 PM,County Route,ROTHBURY DR,ARROWHEAD RD ROTHBURY DR,,,,Angle,Clear,Dry,Daylight,Stop Sign,"Not Suspect of Alcohol Use, Not Suspect of Drug Use",,45BB4168-350A-4DF3-BB27-AD0A730621FD,No,No Apparent Injury,,Not Distracted,MD,E0BB66AE-DC87-4D16-A236-7A38846F84A5,Functional,Twelve O Clock,Passenger Car,Accelerating,,25,No,No,2014,JEEP,PATRIOT,39.18516587,-77.19394348,"(39.18516587, -77.19394348)"
MCP3051001G,180011784,Montgomery County Police,Injury Crash,03/08/2018 04:00:00 PM,Other Public Roadway,MONTROSE PKWY,E JEFFERSON ST,,N/A,,OTHER,CLEAR,DRY,DAYLIGHT,TRAFFIC SIGNAL,NONE DETECTED,,463FA3ED-B554-42D7-8140-0D0CA4E19B96,Yes,NO APPARENT INJURY,N/A,NOT DISTRACTED,CO,FD55EBAA-DA15-4378-B86F-607922D81690,DISABLING,ONE OCLOCK,PASSENGER CAR,MAKING LEFT TURN,West,40,No,No,2016,TOYOTA,AVALON,39.05082333,-77.12629667,"(39.05082333, -77.12629667)"
MCP2886001S,16036117,Montgomery County Police,Property Damage Crash,07/16/2016 10:53:00 PM,Maryland (State),VEIRS MILL RD,CONNECTICUT AVE,,N/A,,SAME DIR REAR END,CLEAR,DRY,DARK LIGHTS ON,N/A,ALCOHOL PRESENT,,0D913458-410F-423C-89DB-F7E966841155,Yes,NO APPARENT INJURY,N/A,UNKNOWN,MD,EDFA82AC-9FE6-4B28-B346-A10E4F15C1F2,SUPERFICIAL,TWELVE OCLOCK,PASSENGER CAR,MOVING CONSTANT SPEED,West,35,No,No,2009,HONDA,CIVIC,39.05111333,-77.07396833,"(39.05111333, -77.07396833)"
MCP2298009T,16048145,Montgomery County Police,Property Damage Crash,09/19/2016 04:28:00 PM,County,FATHER HURLEY BLVD,RAMP 5 FR RAMP 8 TO FATHER HURLEY BLVD,,N/A,,SAME DIR REAR END,CLOUDY,WET,DAYLIGHT,TRAFFIC SIGNAL,NONE DETECTED,,4E4A6AC6-EB4D-4671-97C4-DA446C9F0FDA,No,NO APPARENT INJURY,"N/A, WET",NOT DISTRACTED,MD,49635F91-A48C-4869-8642-29BBF83A3ECA,SUPERFICIAL,SIX OCLOCK,PASSENGER CAR,STOPPED IN TRAFFIC LANE,South,45,No,No,1998,TOYT,SUPRA,39.19906,-77.26101,"(39.19906, -77.26101)"
MCP1472000Q,16053352,Montgomery County Police,Property Damage Crash,10/17/2016 03:00:00 PM,Maryland (State),DARNESTOWN RD,ARGOSY DR,,GAITHERSBURG,,SAME DIR REAR END,CLEAR,DRY,DAYLIGHT,NO CONTROLS,NONE DETECTED,,2015ED36-F13F-4967-81A4-C9D662BB94E7,No,NO APPARENT INJURY,N/A,NOT DISTRACTED,MD,0EBEB879-09B3-401C-8DBE-7D824451A5C2,FUNCTIONAL,SIX OCLOCK,PASSENGER CAR,SLOWING OR STOPPING,West,40,No,No,1996,LEXU,4D,39.10277333,-77.22132167,"(39.10277333, -77.22132167)"
MCP2522000L,16059364,Montgomery County Police,Injury Crash,11/18/2016 07:50:00 AM,,,,"DRIVEWAY PRIVATE RESIDENCE,SINLE FAMILY HOME
OCCURRED IN FRONT OF 9045 HOLLY LEAF LANE, POTOMAC, MD",,,SINGLE VEHICLE,N/A,,DAYLIGHT,NO CONTROLS,NONE DETECTED,,5B615C76-847C-466E-BDE6-BFD870C1ED87,Yes,SUSPECTED SERIOUS INJURY,N/A,OTHER DISTRACTION,MA,76756849-0133-4652-8992-0F59685EB2D9,NO DAMAGE,NINE OCLOCK,OTHER,STARTING FROM PARKED,South,0,No,No,2017,VOLVO,XC60,38.98693167,-77.18724833,"(38.98693167, -77.18724833)"
MCP30860033,190050609,Montgomery County Police,Injury Crash,10/22/2019 07:15:00 AM,County,SHADY GROVE RD,MILL RUN DR,,N/A,,ANGLE MEETS LEFT TURN,RAINING,WET,DAWN,TRAFFIC SIGNAL,NONE DETECTED,,C194CF06-2BF7-4AA0-BAEF-BE7FA36CA751,No,SUSPECTED MINOR INJURY,"RAIN, SNOW, WET",NOT DISTRACTED,MD,C316F4C6-5BE1-4754-89EB-9CD8BD6EBF8B,DESTROYED,TWELVE OCLOCK,PASSENGER CAR,MOVING CONSTANT SPEED,North,45,No,No,2015,FORD,FOCUS,39.14485067,-77.15000867,"(39.14485067, -77.15000867)"