Report Number,Local Case Number,Agency Name,ACRS Report Type,Crash Date/Time,Route Type,Road Name,Cross-Street Name,Off-Road Description,Municipality,Related Non-Motorist,Collision Type,Weather,Surface Condition,Light,Traffic Control,Driver Substance Abuse,Non-Motorist Substance Abuse,Person ID,Driver At Fault,Injury Severity,Circumstance,Driver Distracted By,Drivers License State,Vehicle ID,Vehicle Damage Extent,Vehicle First Impact Location,Vehicle Body Type,Vehicle Movement,Vehicle Going Dir,Speed Limit,Driverless Vehicle,Parked Vehicle,Vehicle Year,Vehicle Make,Vehicle Model,Latitude,Longitude,Location
MCP2694002F,16059085,Montgomery County Police,Property Damage Crash,11/16/2016 05:45:00 PM,Maryland (State),OLD GEORGETOWN RD,EXECUTIVE BLVD,,N/A,,HEAD ON LEFT TURN,CLEAR,WET,DARK LIGHTS ON,TRAFFIC SIGNAL,NONE DETECTED,,6BC837D1-F20E-4454-AB99-4BD169F2C277,Yes,NO APPARENT INJURY,"N/A, WET",LOOKED BUT DID NOT SEE,MD,B5674727-81CF-4B57-97C9-76123B28CC1D,DISABLING,ONE OCLOCK,PASSENGER CAR,MAKING LEFT TURN,North,40,No,No,2015,TOYOTA,CAMRY,39.04835833,-77.11921833,"(39.04835833, -77.11921833)"
MCP21600021,200041769,Montgomery County Police,Property Damage Crash,10/22/2020 07:20:00 PM,Maryland (State),WOODFIELD RD,ENT TO SHOPPING CENTER,,N/A,,SAME DIR REAR END,CLEAR,DRY,DARK LIGHTS ON,NO CONTROLS,NONE DETECTED,,36AF8878-32CB-4E71-9385-72C40B6660F9,No,NO APPARENT INJURY,N/A,NOT DISTRACTED,MD,5F8EEFDB-4A97-47EE-8733-FE41F7DEF204,FUNCTIONAL,SIX OCLOCK,(SPORT) UTILITY VEHICLE,STOPPED IN TRAFFIC LANE,South,35,No,No,2018,TOYOTA,RAV 4,39.157247,-77.16262033,"(39.157247, -77.16262033)"
MCP28230015,15013420,Montgomery County Police,Injury Crash,03/23/2015 06:26:00 PM,County,ASPEN HILL RD,CONNECTICUT AVE,,N/A,,STRAIGHT MOVEMENT ANGLE,CLEAR,DRY,DAYLIGHT,TRAFFIC SIGNAL,NONE DETECTED,,0DE97F27-600B-461F-95BF-503EF26B02EE,No,NO APPARENT INJURY,N/A,NOT DISTRACTED,MD,5DDB56A0-3CEB-458A-B26F-D5F87216F7F2,FUNCTIONAL,TWELVE OCLOCK,PASSENGER CAR,MOVING CONSTANT SPEED,South,40,No,No,2000,CHEVEROLET,TRACKER,39.08027,-77.08017167,"(39.08027, -77.08017167)"
EJ7885000F,210006407,Gaithersburg Police Depar,Property Damage Crash,02/18/2021 07:26:00 PM,Municipality,DUVALL LA,W DEER PARK RD,,GAITHERSBURG,,OTHER,SNOW,SLUSH,DARK LIGHTS ON,N/A,NONE DETECTED,,F15C1BD2-A82D-47DD-A7E5-7B7A28728ABE,Yes,NO APPARENT INJURY,"ICY OR SNOW-COVERED, SLEET, HAIL, FREEZ. RAIN",INATTENTIVE OR LOST IN THOUGHT,MD,1EDFFCF2-F8F3-44EF-8AD8-60FC057B8761,SUPERFICIAL,TWO OCLOCK,"OTHER LIGHT TRUCKS (10,000LBS (4,536KG) OR LESS)",MOVING CONSTANT SPEED,East,10,No,No,2019,FORD,F-350 SUPER DUTY,39.12964633,-77.2003495,"(39.12964633, -77.2003495)"
MCP1151007C,180013612,Montgomery County Police,Property Damage Crash,03/19/2018 06:15:00 AM,Maryland (State),CLARKSBURG RD,RIDGEOAK DR,,N/A,,SAME DIR REAR END,CLEAR,DRY,DUSK,NO CONTROLS,UNKNOWN,,1E16BDF7-3A48-4908-9E80-2B0CE44FEAAB,Yes,NO APPARENT INJURY,N/A,UNKNOWN,MD,03CEE9EE-2BAC-43E1-8AF4-12C2CFF89F92,UNKNOWN,TWELVE OCLOCK,(SPORT) UTILITY VEHICLE,SLOWING OR STOPPING,South,40,No,No,2005,FORD,EXPLORER,39.19315167,-77.306235,"(39.19315167, -77.306235)"
MCP2767007Y,200009620,Montgomery County Police,Property Damage Crash,02/26/2020 06:43:00 PM,Maryland (State),GEORGIA AVE,ARCOLA AVE,,N/A,,SAME DIRECTION SIDESWIPE,RAINING,WET,DARK LIGHTS ON,NO CONTROLS,NONE DETECTED,,94AEB6CA-28C7-46D6-961F-B9CEFC33CB39,Yes,NO APPARENT INJURY,"RAIN, SNOW, WET",LOOKED BUT DID NOT SEE,MD,AB512571-3B6F-476A-93FD-14402D89A80E,SUPERFICIAL,ELEVEN OCLOCK,OTHER,CHANGING LANES,South,35,No,No,1987,GENERAL MOTORS,LLV-A,39.04726858,-77.05195011,"(39.04726858, -77.05195011)"
DD5651002P,230000033,Rockville Police Departme,Property Damage Crash,01/01/2023 05:27:00 AM,Municipality,MARYLAND AVE,E MONTGOMERY AVE AT COURTHOUSE SQ,,ROCKVILLE,,OTHER,CLEAR,WET,DARK LIGHTS ON,N/A,UNKNOWN,,E0E79766-090C-4441-91DC-A8DAB1547130,Yes,NO APPARENT INJURY,"N/A, WET",UNKNOWN,MD,05166502-857D-429C-A382-02B2410B3646,DESTROYED,TWELVE OCLOCK,PASSENGER CAR,UNKNOWN,South,25,No,No,2017,HONDA,CIVIC,39.08339234,-77.14903604,"(39.08339234, -77.14903604)"
EJ78370029,170542408,Gaithersburg Police Depar,Injury Crash,11/12/2017 05:30:00 PM,Maryland (State),W DIAMOND AVE,BUREAU DR,,GAITHERSBURG,,SAME DIR REAR END,CLEAR,DRY,DARK NO LIGHTS,TRAFFIC SIGNAL,ALCOHOL PRESENT,,B3579FEA-7258-4C3F-9E2D-181A934E6933,Yes,NO APPARENT INJURY,N/A,NOT DISTRACTED,MD,3C430587-4B43-487B-A1ED-D9D883243E9D,DISABLING,TWELVE OCLOCK,PASSENGER CAR,MOVING CONSTANT SPEED,West,35,No,No,2003,FORD,EXPLORER,39.14124667,-77.21622667,"(39.14124667, -77.21622667)"
MCP26880020,16016197,Montgomery County Police,Property Damage Crash,04/03/2016 12:07:00 AM,Maryland (State),NEW HAMPSHIRE AVE,POWDER MILL RD,,N/A,,SAME DIR REAR END,CLEAR,DRY,DARK LIGHTS ON,TRAFFIC SIGNAL,ALCOHOL PRESENT,,2CF754F6-F01A-4657-921F-85038C59E171,Yes,NO APPARENT INJURY,N/A,NOT DISTRACTED,MD,BD589089-AA93-4395-ABA4-F3BECFCD51A6,FUNCTIONAL,TWELVE OCLOCK,(SPORT) UTILITY VEHICLE,MOVING CONSTANT SPEED,South,40,No,No,2007,GMC,YUKON,39.022223,-76.97754264,"(39.022223, -76.97754264)"
MCP3091002T,210034357,Montgomery County Police,Injury Crash,09/02/2021 10:16:00 AM,Maryland (State),FREDERICK RD,REDLAND RD,,N/A,,OTHER,CLEAR,DRY,DAYLIGHT,TRAFFIC SIGNAL,N/A,,F9F03BD4-8C6E-4F73-9FF6-D050F2D558E1,Yes,NO APPARENT INJURY,N/A,UNKNOWN,MD,85C0CB77-CD32-4292-93EC-93C9253EAB39,DISABLING,ONE OCLOCK,PASSENGER CAR,MAKING U TURN,South,40,No,No,2014,SUBARU,CROSSTREK XV,39.11540967,-77.16607317,"(39.11540967, -77.16607317)"
MCP27370061,240008798,MONTGOMERY,Property Damage Crash,02/22/2024 12:18:00 AM,County Route,WOLF DR,,,,,Rear To Rear,Cloudy,Wet,Dark - Not Lighted,No Controls,"Not Suspect of Alcohol Use, Not Suspect of Drug Use",,22D2AA44-7E7E-4260-B469-29C374217EBF,No,No Apparent Injury,Other Improper Action,Not Distracted,MD,3E0F6677-8EE4-4347-8688-8775B316B1B7,Disabling,One O Clock,Passenger Car,Moving Constant Speed,Westbound,25,No,No,2014,HONDA,CIVIC,39.07370682,-77.00404732,"(39.07370682, -77.00404732)"
MCP1220004W,170501350,Montgomery County Police,Injury Crash,04/10/2017 08:15:00 AM,Maryland (State),GEORGIA AVE,COLESVILLE RD,,N/A,,SAME DIRECTION LEFT TURN,CLEAR,DRY,DAYLIGHT,NO CONTROLS,NONE DETECTED,,4A864195-1AF7-4FC6-8F04-175417B1FAB2,No,POSSIBLE INJURY,N/A,UNKNOWN,MD,5EECBFD5-51E1-44B9-959E-A122679D54A6,SUPERFICIAL,THREE OCLOCK,PASSENGER CAR,MOVING CONSTANT SPEED,South,35,No,No,2007,HONDA,ELEMENT,38.99648114,-77.02874199,"(38.99648114, -77.02874199)"
DD56690007,230063850,Rockville Police Departme,Property Damage Crash,11/01/2023 07:25:00 PM,Maryland (State),ROCKVILLE PIKE,W EDMONSTON DR,,ROCKVILLE,,SAME DIR REND LEFT TURN,CLEAR,DRY,DARK LIGHTS ON,NO CONTROLS,N/A,,D20AD3CF-07F0-483C-B5F8-6353B886B599,No,NO APPARENT INJURY,N/A,NOT DISTRACTED,MD,76F3E6AC-A8C8-409B-BAEA-B4D2A7D72D7A,FUNCTIONAL,SEVEN OCLOCK,PASSENGER CAR,MAKING LEFT TURN,East,35,No,No,2014,TOYOTA,COROLLA,39.0756989,-77.1386121,"(39.0756989, -77.1386121)"
MCP3452000V,250015391,MONTGOMERY,Property Damage Crash,04/09/2025 09:17:00 AM,,,,Parking Aisle        STUDENT DROP OFF AT 10611 TENBROOK,,,Rear To Side,Clear,,Daylight,,"Not Suspect of Alcohol Use, Not Suspect of Drug Use",,D80D971A-20E9-455E-A676-C90C533C7F78,No,No Apparent Injury,,Unknown,MD,7C357FDB-982F-4181-BE8D-C4CCEF4D4E6F,Superficial,Seven O Clock,Bus - School,Parked,,0,No,Yes,2021,THOMAS BUILT,HDX,39.03037352,-77.02695212,"(39.03037352, -77.02695212)"
MCP20590064,200003985,Montgomery County Police,Property Damage Crash,01/24/2020 01:30:00 PM,,,,"PARKING LOT NEXT TO 11915 GEORGIA AVE, SILVER SPRING, MD",,,OTHER,CLOUDY,,DAYLIGHT,NO CONTROLS,NONE DETECTED,,BBF27034-164F-4222-BED3-EFD8F88F390A,No,NO APPARENT INJURY,N/A,NOT DISTRACTED,MD,67E1680E-9560-4007-8B0F-7184458080A0,SUPERFICIAL,TWELVE OCLOCK,PASSENGER CAR,STOPPED IN TRAFFIC LANE,West,10,No,No,2009,NISSAN,ALTIMA,39.05201939,-77.05088021,"(39.05201939, -77.05088021)"
MCP2008007C,200008730,Montgomery County Police,Property Damage Crash,02/21/2020 04:00:00 PM,Interstate (State),EISENHOWER MEMORIAL HWY,ROCKLEDGE BLVD,,N/A,,SAME DIR REAR END,CLEAR,DRY,DAYLIGHT,N/A,NONE DETECTED,,04F707FF-7E9F-46D6-B3BC-6BF8D65DC737,No,NO APPARENT INJURY,N/A,NOT DISTRACTED,MD,5C3FCC04-3CB2-4C5D-813E-0FFE21BB6F26,SUPERFICIAL,SIX OCLOCK,PASSENGER CAR,SLOWING OR STOPPING,North,55,No,No,2015,CHEV,TK,39.03240333,-77.13688833,"(39.03240333, -77.13688833)"
MCP2372004Q,220037641,Montgomery County Police,Injury Crash,08/31/2022 06:45:00 AM,Maryland (State),ROCKVILLE PIKE,TUCKERMAN LA,,N/A,,SAME DIR REAR END,CLEAR,DRY,DAYLIGHT,TRAFFIC SIGNAL,NONE DETECTED,,73561851-BCBD-4C7F-9CA8-F3162D7CA33B,Yes,SUSPECTED MINOR INJURY,N/A,LOOKED BUT DID NOT SEE,MD,7B688F61-16EA-46C2-A0C3-CF6E1499D59F,DISABLING,TWELVE OCLOCK,PASSENGER CAR,SLOWING OR STOPPING,North,40,No,No,2021,TOYOTA,COROLLA,39.02963424,-77.12971363,"(39.02963424, -77.12971363)"
MCP2832001Y,15065477,MONTGOMERY,Property Damage Crash,12/22/2015 11:52:00 AM,Maryland (State),WISCONSIN AVE,WOODMONT AVE,,N/A,,SAME DIR REAR END,CLOUDY,WET,DAYLIGHT,TRAFFIC SIGNAL,NONE DETECTED,,406C13C3-0365-411B-BAAF-E163A91C5D66,No,NO APPARENT INJURY,"N/A, WET",NOT DISTRACTED,MD,AA9A6082-EA8C-446B-971C-AE2890D580DC,FUNCTIONAL,SIX OCLOCK,(SPORT) UTILITY VEHICLE,STOPPED IN TRAFFIC LANE,South,25,No,No,2002,MAZD,TK,38.99535,-77.09625333,"(38.99535, -77.09625333)"
MCP2954003N,170521130,Montgomery County Police,Property Damage Crash,07/25/2017 06:25:00 AM,Maryland (State),PINEY BRANCH RD,UNIVERSITY BLVD E,,N/A,,SAME DIR REAR END,CLEAR,DRY,DAYLIGHT,TRAFFIC SIGNAL,NONE DETECTED,,04D6B04C-5C16-4827-879E-829A997B5ACE,No,NO APPARENT INJURY,N/A,NOT DISTRACTED,MA,0A586FFF-34A0-4216-A1A9-CBB47C825FBA,SUPERFICIAL,SIX OCLOCK,PASSENGER CAR,STOPPED IN TRAFFIC LANE,North,30,No,No,2010,TOYT,4S,38.99932167,-76.99566833,"(38.99932167, -76.99566833)"
EJ7888007K,250004981,GAITHERSBURG,Property Damage Crash,02/03/2025 04:40:00 PM,Maryland (State) Route,FREDERICK RD,CHRISTOPHER AVE (SB/L),,,,Angle,Clear,Dry,Daylight,Yield Sign,"Unknown, Unknown",,DC7F76E0-9BE4-4400-894F-B7FC13C4E32B,No,,,,,DDDC6696-F641-4D2D-A161-048321F63E40,Vehicle Not at Scene,Vehicle Not at Scene,,Entering Traffic Lane,,35,No,No,0,,,39.15585731,-77.21601795,"(39.15585731, -77.21601795)"
EJ78360002,16016672,Gaithersburg Police Depar,Property Damage Crash,04/05/2016 08:47:00 PM,Maryland (State),W DIAMOND AVE,KING JAMES WAY,,N/A,,STRAIGHT MOVEMENT ANGLE,N/A,DRY,DARK LIGHTS ON,NO CONTROLS,N/A,,A9336873-E245-4C84-B107-9A3641A4BA84,No,NO APPARENT INJURY,N/A,NOT DISTRACTED,MD,2421ECCC-F0A3-46AF-9E33-51E6CBC95624,SUPERFICIAL,ELEVEN OCLOCK,PASSENGER CAR,SLOWING OR STOPPING,North,25,No,No,2004,BMW,TK,39.14017667,-77.20632333,"(39.14017667, -77.20632333)"
MCP31740041,230028439,Montgomery County Police,Property Damage Crash,06/13/2023 12:48:00 PM,,,,IN PARKING LOT IFO 480 N FREDERICK AVE,,,HEAD ON,CLEAR,,DAYLIGHT,NO CONTROLS,NONE DETECTED,,BCC249BE-6C37-4C9A-B639-53312C5EBDE5,Yes,NO APPARENT INJURY,N/A,UNKNOWN,MD,22C534D1-DC66-41F5-B58C-C1B9D0231152,DISABLING,TWELVE OCLOCK,PASSENGER CAR,MAKING LEFT TURN,North,10,No,No,2007,TOYOTA,RAV4,39.147795,-77.20758833,"(39.147795, -77.20758833)"
DM8423002G,210014258,Takoma Park Police Depart,Property Damage Crash,04/16/2021 05:00:00 PM,Maryland (State),CARROLL AVE,LINCOLN AVE,,TAKOMA PARK,,STRAIGHT MOVEMENT ANGLE,CLEAR,DRY,DAYLIGHT,STOP SIGN,NONE DETECTED,,E9DF4491-FCB2-465C-BB1F-0A0C41DE79A0,Yes,NO APPARENT INJURY,N/A,LOOKED BUT DID NOT SEE,DC,E6C9D40E-BA6B-43AF-816C-6F49FF5F6A91,FUNCTIONAL,TWELVE OCLOCK,PASSENGER CAR,ACCELERATING,East,25,No,No,2011,FORD,EDGE,38.98150333,-77.00305,"(38.98150333, -77.00305)"
MCP2977005D,190009823,Montgomery County Police,Injury Crash,03/02/2019 01:07:00 PM,Maryland (State),NEW HAMPSHIRE AVE,OAKVIEW DR,,N/A,,SAME DIR REAR END,CLOUDY,N/A,DAYLIGHT,TRAFFIC SIGNAL,N/A,,1168E03A-A3AF-46BA-8C74-B0E68339AC01,Yes,NO APPARENT INJURY,N/A,UNKNOWN,MD,EFFCC4CB-1BDF-414C-9341-2DF4028C983B,DISABLING,TWELVE OCLOCK,PASSENGER CAR,SLOWING OR STOPPING,North,35,No,No,2011,DODGE,AVENGER,39.01506167,-76.977295,"(39.01506167, -76.977295)"
MCP1205006C,200026295,Montgomery County Police,Property Damage Crash,07/07/2020 07:50:00 AM,Maryland (State),CONNECTICUT AVE,PLYERS MILL RD,,N/A,,OPPOSITE DIRECTION SIDESWIPE,CLOUDY,DRY,DAYLIGHT,TRAFFIC SIGNAL,NONE DETECTED,,BD27EFEF-B84D-4FFB-8C6A-D48F4CCC5AEA,No,NO APPARENT INJURY,N/A,NOT DISTRACTED,MD,ED20A6F4-D237-4EDE-83FA-BD2D1DDB2C89,SUPERFICIAL,EIGHT OCLOCK,PASSENGER CAR,MOVING CONSTANT SPEED,South,30,No,No,2011,CHEVROLET,TAHOE,39.02966407,-77.07599815,"(39.02966407, -77.07599815)"
MCP33920024,250017385,MONTGOMERY,Property Damage Crash,04/22/2025 08:02:00 AM,Maryland (State) Route,UNIVERSITY BLVD W (WB/L),REEDIE DR,,,,Front to Rear,Clear,Dry,Daylight,Flashing Traffic Control Signal,"Not Suspect of Alcohol Use, Not Suspect of Drug Use",,D6570E87-9FD4-4457-84F7-D97DA92B989E,No,No Apparent Injury,,Not Distracted,MD,E6CD5109-2C59-40BB-BD64-3F5B853FF9CA,Disabling,Eleven O Clock,Passenger Car,Moving Constant Speed,Eastbound,35,No,No,2024,CHEVROLET,SILVERADO,39.03988953,-77.04300484,"(39.03988953, -77.04300484)"
MCP2077001T,170524759,Montgomery County Police,Injury Crash,08/14/2017 12:00:00 PM,County,ASPEN HILL RD,CONNECTICUT AVE,,N/A,,STRAIGHT MOVEMENT ANGLE,CLOUDY,DRY,DAYLIGHT,N/A,NONE DETECTED,,9972122A-8A2E-47FD-AEC8-33FDC11D46C2,No,NO APPARENT INJURY,N/A,NOT DISTRACTED,MD,C4D125C2-9280-48A1-9CFC-10F76409DA86,FUNCTIONAL,TWELVE OCLOCK,RECREATIONAL VEHICLE,SLOWING OR STOPPING,North,35,No,No,2016,HONDA,CRV,39.080163,-77.081486,"(39.080163, -77.081486)"
MCP30730041,190038343,Montgomery County Police,Injury Crash,08/11/2019 08:11:00 PM,Maryland (State),VEIRS MILL RD,TURKEY BRANCH PKWY,,N/A,,SAME DIR REAR END,N/A,N/A,DUSK,OTHER,N/A,,E5498472-2222-46CD-B4F8-EF509D6D55BC,Yes,NO APPARENT INJURY,N/A,UNKNOWN,MD,66FD5F22-762F-4DF3-8751-9269268FDE90,DISABLING,TWELVE OCLOCK,PASSENGER CAR,MOVING CONSTANT SPEED,West,45,No,No,2001,BMW,SUV,39.06021,-77.08919333,"(39.06021, -77.08919333)"
MCP09360034,190028879,Montgomery County Police,Property Damage Crash,06/17/2019 10:17:00 AM,County,NICHOLSON LA,ROCKVILLE PIKE,,N/A,,SAME DIR REAR END,CLEAR,DRY,DAYLIGHT,TRAFFIC SIGNAL,NONE DETECTED,,9986D13F-51C6-491E-8016-418DC220E63B,No,NO APPARENT INJURY,N/A,NOT DISTRACTED,MD,F4B01161-6650-4B47-89B6-42BE640D7288,SUPERFICIAL,SIX OCLOCK,RECREATIONAL VEHICLE,STOPPED IN TRAFFIC LANE,East,30,No,No,2019,AUDI,TK,39.04427167,-77.11193333,"(39.04427167, -77.11193333)"
MCP2678004B,230056621,Montgomery County Police,Injury Crash,09/24/2023 12:42:00 PM,County,RANDOLPH RD,LIVINGSTON ST,,N/A,,SAME DIRECTION SIDESWIPE,RAINING,WET,DAYLIGHT,NO CONTROLS,NONE DETECTED,,FA48FF6B-EC7E-462C-B9CD-94F02D956BE2,Yes,POSSIBLE INJURY,"SLEET, HAIL, FREEZ. RAIN, WET",LOOKED BUT DID NOT SEE,MD,67EF008C-A67A-4EC0-AA93-EAD4368DF60E,DISABLING,ELEVEN OCLOCK,PASSENGER CAR,MOVING CONSTANT SPEED,East,35,No,No,2020,HYUN,SD,39.05778733,-77.0536,"(39.05778733, -77.0536)"
MCP3057001V,190044266,Montgomery County Police,Injury Crash,09/16/2019 07:28:00 AM,Maryland (State),GREAT SENECA HWY,LONGDRAFT RD,,N/A,,SAME DIR REAR END,CLEAR,DRY,DAYLIGHT,N/A,NONE DETECTED,,8766161D-4871-48A4-86B8-4B95DA283534,No,NO APPARENT INJURY,N/A,NOT DISTRACTED,MD,E26BD246-A60D-4D1C-AF97-9CB0B7CFD92A,SUPERFICIAL,TWELVE OCLOCK,PASSENGER CAR,MOVING CONSTANT SPEED,South,55,No,No,2004,CHEV,SUBURBAN,39.13767333,-77.26360167,"(39.13767333, -77.26360167)"
MCP3409000K,240059391,MONTGOMERY,Injury Crash,12/12/2024 10:40:00 AM,Maryland (State) Route,KEY WEST AVE (WB/L),GREAT SENECA HWY,,,,Angle,Clear,Dry,Daylight,Traffic Control Signal,"Not Suspect of Alcohol Use, Not Suspect of Drug Use",,7B859F19-6B3A-4AEB-BA2B-15ED07A026B9,Yes,Suspected Minor Injury,Failed to Yield Right-of-Way,Not Distracted,MD,69BB12DD-2AF2-4EB1-942C-46FBEC88F246,Disabling,Twelve O Clock,Pickup,Turning Left,Eastbound,40,No,No,2000,CHEVROLET,SILVERADO,39.1034658,-77.20617041,"(39.1034658, -77.20617041)"
MCP3057002P,200032823,Montgomery County Police,Property Damage Crash,08/22/2020 02:00:00 PM,Maryland (State),FREDERICK RD,ENT TO FOX CHAPEL CENTER,,N/A,,STRAIGHT MOVEMENT ANGLE,N/A,DRY,DAYLIGHT,TRAFFIC SIGNAL,NONE DETECTED,,7037B9AA-1D22-4E8F-ABAF-B537098E5FBF,Unknown,NO APPARENT INJURY,N/A,NOT DISTRACTED,MD,5FEB7FE2-A233-4E34-ADAD-605092D8719B,SUPERFICIAL,TWELVE OCLOCK,PASSENGER CAR,MOVING CONSTANT SPEED,South,45,No,No,2012,TOYOTA,RAV4,39.17854167,-77.23818967,"(39.17854167, -77.23818967)"
DD5595006Z,180057432,Rockville Police Departme,Injury Crash,11/16/2018 06:30:00 AM,Maryland (State),VEIRS MILL RD,BEGIN BRIDGE,,N/A,,OTHER,SNOW,ICE,DAWN,NO CONTROLS,NONE DETECTED,,6BEAB8AB-2C64-4F13-BBFF-F9E88679DA87,Yes,NO APPARENT INJURY,"ICY OR SNOW-COVERED, SLEET, HAIL, FREEZ. RAIN",NOT DISTRACTED,MD,AAB284EC-5A34-42C0-82A6-BD942943F3BB,FUNCTIONAL,TWELVE OCLOCK,PASSENGER CAR,MOVING CONSTANT SPEED,East,35,No,No,2010,TOYOTA,TUNDRA,39.0804695,-77.1417255,"(39.0804695, -77.1417255)"
MCP26890078,200038913,Montgomery County Police,Injury Crash,10/03/2020 10:14:00 AM,County,DUFIEF MILL RD,QUINCE ORCHARD RD,,N/A,,SINGLE VEHICLE,CLEAR,DRY,DAYLIGHT,NO CONTROLS,NONE DETECTED,,ED0E0260-6A58-43EF-BDEF-AF0C225F1F8E,Yes,POSSIBLE INJURY,N/A,UNKNOWN,MD,84179AD1-9C08-4112-8DDC-33A3A9211A4D,DISABLING,TWELVE OCLOCK,PASSENGER CAR,MAKING U TURN,North,30,No,No,2013,BMW,X3,39.08412667,-77.248365,"(39.08412667, -77.248365)"
MCP2871006B,190042025,Montgomery County Police,Property Damage Crash,09/02/2019 05:49:00 PM,Maryland (State),MONTROSE PKWY,MONTROSE PKWY (BACK),,N/A,,OTHER,RAINING,WET,DAYLIGHT,NO CONTROLS,NONE DETECTED,,E42F0FF6-9BAB-400E-9212-759DB4F6C001,No,NO APPARENT INJURY,"N/A, WET",NOT DISTRACTED,MD,32DB91AA-CA1C-416E-B104-FA3994150CE4,FUNCTIONAL,SIX OCLOCK,PASSENGER CAR,MOVING CONSTANT SPEED,East,30,No,No,2004,BMW,325XI,39.05127167,-77.13357833,"(39.05127167, -77.13357833)"
MCP3269001J,220011500,Montgomery County Police,Property Damage Crash,03/17/2022 12:41:00 PM,Maryland (State),NEW HAMPSHIRE AVE,CANNON RD,,N/A,,SAME DIR REAR END,RAINING,WET,DAYLIGHT,NO CONTROLS,NONE DETECTED,,7C5AAAE2-1FA2-4071-9921-C4CE1C3BA468,Yes,NO APPARENT INJURY,"N/A, WET",NOT DISTRACTED,CA,E4F8ADE6-362E-4937-9474-07D40A3FEA23,FUNCTIONAL,TWELVE OCLOCK,PASSENGER CAR,ACCELERATING,South,35,No,No,2013,TOYOTA,COROLLA,39.07058019,-77.00352492,"(39.07058019, -77.00352492)"
MCP9379004K,230011183,Montgomery County Police,Property Damage Crash,03/07/2023 01:30:00 PM,County,REDLAND RD,FREDERICK RD,,N/A,,HEAD ON LEFT TURN,CLEAR,DRY,DAYLIGHT,TRAFFIC SIGNAL,NONE DETECTED,,BF0E53FA-C9CD-410C-B84B-D54F542F5778,No,NO APPARENT INJURY,N/A,NOT DISTRACTED,MD,582E2FFE-D9DD-4813-97AD-776D92C721C4,FUNCTIONAL,TWELVE OCLOCK,PASSENGER CAR,MOVING CONSTANT SPEED,West,30,No,No,2009,HOND,4S,39.11552183,-77.1664525,"(39.11552183, -77.1664525)"
MCP23980020,170548333,Montgomery County Police,Property Damage Crash,12/13/2017 01:13:00 PM,County,CENTRAL AVE,OAKMONT ST,,N/A,,OTHER,CLEAR,DRY,DAYLIGHT,NO CONTROLS,NONE DETECTED,,85FEE719-8108-4C85-B4AE-73F084D2FA4F,No,NO APPARENT INJURY,N/A,NOT DISTRACTED,MD,D9DC1F6B-FB24-4D62-A3BC-FD9CB6BB2ACD,SUPERFICIAL,TWELVE OCLOCK,PASSENGER CAR,STOPPED IN TRAFFIC LANE,North,35,No,No,2012,TOYT,COROLLA,39.13436667,-77.180875,"(39.13436667, -77.180875)"
MCP1174005R,230003273,Montgomery County Police,Property Damage Crash,01/20/2023 02:15:00 PM,County,WOODMONT AVE,RUGBY AVE,,N/A,,SAME DIR REAR END,CLEAR,DRY,DAYLIGHT,NO CONTROLS,NONE DETECTED,,EA0AEF3A-DF27-4CDC-9A6F-50888AC67C5F,No,NO APPARENT INJURY,N/A,NOT DISTRACTED,MD,90C656E6-C70D-4B4B-B4EA-F81FFB63E8E9,FUNCTIONAL,TWELVE OCLOCK,PASSENGER CAR,STOPPED IN TRAFFIC LANE,South,25,No,No,2016,MITSBSHI,OUTLANDER,38.99133267,-77.09678509,"(38.99133267, -77.09678509)"
DD5540001C,210034989,Rockville Police Departme,Injury Crash,09/06/2021 03:59:00 PM,,,,1001 ROCKVILLE PIKE,,,STRAIGHT MOVEMENT ANGLE,CLEAR,,DAYLIGHT,NO CONTROLS,NONE DETECTED,,23856026-89C3-4000-A78C-9E5423A22A36,Yes,POSSIBLE INJURY,N/A,NOT DISTRACTED,MD,C5F652DD-75CC-4869-993C-B895231EB118,DISABLING,TWELVE OCLOCK,PASSENGER CAR,MOVING CONSTANT SPEED,West,15,No,No,2017,HYUN,4S,39.08906178,-77.17656312,"(39.08906178, -77.17656312)"
MCP3187000L,190028773,Montgomery County Police,Property Damage Crash,06/16/2019 03:40:00 PM,County,BAUER DR,NORBECK RD,,N/A,,SAME DIR REND RIGHT TURN,CLEAR,DRY,DAYLIGHT,NO CONTROLS,N/A,,7D142F35-A96C-4F3C-9B05-B557D767FFDB,No,NO APPARENT INJURY,N/A,NOT DISTRACTED,US,EDFEABED-90D4-4258-B5D6-5B484CA46419,SUPERFICIAL,SIX OCLOCK,PASSENGER CAR,MAKING RIGHT TURN,South,30,No,No,2017,VOLK,PASSAT,39.09530667,-77.10985167,"(39.09530667, -77.10985167)"
MCP3161000Z,190001794,Montgomery County Police,Property Damage Crash,01/11/2019 03:37:00 PM,County,PARKWOOD DR,WESTBROOK LA,,N/A,,SAME DIRECTION SIDESWIPE,CLEAR,DRY,DAYLIGHT,STOP SIGN,NONE DETECTED,,3BD830C6-3902-4002-89D1-C33C1372AEF0,Yes,NO APPARENT INJURY,N/A,UNKNOWN,MD,3E03F417-E767-49BB-B980-5D844255EB07,SUPERFICIAL,ONE OCLOCK,SCHOOL BUS,SLOWING OR STOPPING,East,25,No,No,2006,THOMAS,BUS,39.02620333,-77.090285,"(39.02620333, -77.090285)"