Report Number,Local Case Number,Agency Name,ACRS Report Type,Crash Date/Time,Route Type,Road Name,Cross-Street Name,Off-Road Description,Municipality,Related Non-Motorist,Collision Type,Weather,Surface Condition,Light,Traffic Control,Driver Substance Abuse,Non-Motorist Substance Abuse,Person ID,Driver At Fault,Injury Severity,Circumstance,Driver Distracted By,Drivers License State,Vehicle ID,Vehicle Damage Extent,Vehicle First Impact Location,Vehicle Body Type,Vehicle Movement,Vehicle Going Dir,Speed Limit,Driverless Vehicle,Parked Vehicle,Vehicle Year,Vehicle Make,Vehicle Model,Latitude,Longitude,Location
MCP3118003X,220043982,Montgomery County Police,Property Damage Crash,10/08/2022 01:30:00 AM,County,TYGART LA,TYGART CT,,N/A,,UNKNOWN,UNKNOWN,UNKNOWN,UNKNOWN,N/A,UNKNOWN,,7C6E096D-5EA8-4651-B84A-E888D0AD9645,Yes,NO APPARENT INJURY,N/A,UNKNOWN,,E665619E-DB25-4946-85C2-E2438AADB65A,UNKNOWN,UNKNOWN,UNKNOWN,UNKNOWN,Unknown,25,No,No,0,UNKNOWN,UNKNOWN,39.18421909,-77.16079016,"(39.18421909, -77.16079016)"
MCP3299000W,210041699,Montgomery County Police,Property Damage Crash,10/17/2021 05:57:00 PM,,,,"2400 ARCOLA AVENUE, SILVER SPRING, MARYLAND 20902",,,SINGLE VEHICLE,CLEAR,,DAYLIGHT,NO CONTROLS,NONE DETECTED,,0B698E52-481A-456A-A57A-2931387E4760,Yes,NO APPARENT INJURY,N/A,NOT DISTRACTED,MD,B1753BBC-B4F7-4CC6-BE47-809856E97B76,SUPERFICIAL,EIGHT OCLOCK,FIRE VEHICLE/NON EMERGENCY,MAKING RIGHT TURN,South,0,No,No,2004,SPAR,CB,39.04680749,-77.05152419,"(39.04680749, -77.05152419)"
MCP2845002P,170507398,Montgomery County Police,Property Damage Crash,05/12/2017 02:12:00 PM,Maryland (State),NEW HAMPSHIRE AVE,RUPPERT RD,,N/A,,STRAIGHT MOVEMENT ANGLE,CLOUDY,DRY,DAYLIGHT,NO CONTROLS,NONE DETECTED,,27F05707-09C2-49F5-B7A9-B072624D5105,Yes,NO APPARENT INJURY,N/A,UNKNOWN,MD,B5C035A5-A82E-4C43-9065-4EDEE1B66EC3,DISABLING,ONE OCLOCK,PASSENGER CAR,MAKING LEFT TURN,East,35,No,No,2016,FORD,FOCUS,39.032655,-76.98518667,"(39.032655, -76.98518667)"
MCP211600D9,210027381,Montgomery County Police,Injury Crash,07/15/2021 04:14:00 PM,Maryland (State),VEIRS MILL RD,MEADOW HALL DR,,ROCKVILLE,,STRAIGHT MOVEMENT ANGLE,CLEAR,DRY,DAYLIGHT,NO CONTROLS,NONE DETECTED,,F0A1B6B9-24E4-4910-A290-7F8DC89E55E8,Yes,NO APPARENT INJURY,N/A,LOOKED BUT DID NOT SEE,MD,9615D17B-2A15-4413-B193-12B391F10598,FUNCTIONAL,TWELVE OCLOCK,PASSENGER CAR,MAKING LEFT TURN,West,40,No,No,2011,MERZ,ML350,39.07429833,-77.11382333,"(39.07429833, -77.11382333)"
MCP2752004G,210051626,Montgomery County Police,Property Damage Crash,12/18/2021 08:40:00 PM,,,,"PARKING LOT OF 8001 RIVER ROAD, POTOMAC, MD 20854",,,N/A,CLEAR,,DARK LIGHTS ON,NO CONTROLS,N/A,,2C091602-CA98-4249-A142-6A3DCDA667CD,Yes,NO APPARENT INJURY,N/A,NOT DISTRACTED,MD,E4271574-2885-46E0-ABAB-1926C1259E96,SUPERFICIAL,SIX OCLOCK,"OTHER LIGHT TRUCKS (10,000LBS (4,536KG) OR LESS)",BACKING,West,0,No,No,2006,DODGE,RAM 3500,38.99519167,-77.16382,"(38.99519167, -77.16382)"
MCP2877009R,220021657,Montgomery County Police,Injury Crash,05/21/2022 09:25:00 AM,Maryland (State),RIVER RD,LITTLE FALLS PKWY,,N/A,,SAME DIR REAR END,CLEAR,DRY,DAYLIGHT,TRAFFIC SIGNAL,NONE DETECTED,,7CB7920A-5236-459F-A574-CF52E72D2AD1,No,NO APPARENT INJURY,N/A,NOT DISTRACTED,DC,E265EF2C-A30D-4F4D-95F0-6BB096885056,FUNCTIONAL,SIX OCLOCK,PASSENGER CAR,STOPPED IN TRAFFIC LANE,West,35,No,No,2015,NISSAN,SENTRA,38.96268894,-77.10043691,"(38.96268894, -77.10043691)"
MCP2212002P,170545297,Montgomery County Police,Injury Crash,11/28/2017 07:32:00 AM,County,INDUSTRIAL PKWY,OLD COLUMBIA PIKE,,N/A,,STRAIGHT MOVEMENT ANGLE,CLEAR,DRY,DAYLIGHT,TRAFFIC SIGNAL,N/A,,8526D151-9AEB-44D8-BCB5-311F27565373,Yes,NO APPARENT INJURY,N/A,NOT DISTRACTED,MD,79DA2F09-7C76-41F9-988E-089545A93F17,UNKNOWN,TWELVE OCLOCK,PASSENGER CAR,MAKING LEFT TURN,North,25,No,No,2016,TOYOTA,CAMRY,39.055825,-76.97081167,"(39.055825, -76.97081167)"
EJ7777001H,170532855,Gaithersburg Police Depar,Property Damage Crash,09/24/2017 02:34:00 PM,,,,PARKING LOT OF 121 KENTLANDS BLVD,,,SINGLE VEHICLE,CLEAR,,DAYLIGHT,N/A,NONE DETECTED,,997D89DB-06F8-4ACF-B9D6-15AA3D38F934,Yes,NO APPARENT INJURY,N/A,LOOKED BUT DID NOT SEE,MD,625D64BA-E4FC-4FD0-A712-7CC89948708E,SUPERFICIAL,ONE OCLOCK,POLICE VEHICLE/EMERGENCY,PARKING,Unknown,5,No,No,2016,FORD,EXPLORER,39.12363,-77.23334167,"(39.12363, -77.23334167)"
MCP24450008,190008906,Montgomery County Police,Injury Crash,02/25/2019 07:47:00 AM,Maryland (State),CLOPPER RD,WARING STATION RD,,N/A,,SAME DIR REAR END,CLEAR,DRY,DAYLIGHT,NO CONTROLS,NONE DETECTED,,49D7E971-DFEA-43B5-B56B-6D64D00EA033,Yes,NO APPARENT INJURY,"BACKUP DUE TO REGULAR CONGESTION, N/A",UNKNOWN,MD,6EBD0265-A79C-4187-9645-903FF35F7BAB,DISABLING,TWELVE OCLOCK,PASSENGER CAR,MOVING CONSTANT SPEED,East,45,No,No,2007,HOND,4S,39.15485267,-77.2581585,"(39.15485267, -77.2581585)"
DD5606001Z,15021967,Rockville Police Departme,Property Damage Crash,05/08/2015 04:13:00 PM,County,MONTROSE RD,EVELYN DR,,ROCKVILLE,,SAME DIR REAR END,CLEAR,N/A,DAYLIGHT,NO CONTROLS,NONE DETECTED,,CA70D7BF-1037-407A-B4B1-DFB7D6FEE263,Yes,NO APPARENT INJURY,N/A,LOOKED BUT DID NOT SEE,MD,5BEFE786-93FC-4C57-9696-F061DAE4F696,DISABLING,TWELVE OCLOCK,(SPORT) UTILITY VEHICLE,MOVING CONSTANT SPEED,West,40,No,No,2011,TOYT,RAV4,39.05352167,-77.13381833,"(39.05352167, -77.13381833)"
MCP29460069,230070136,Montgomery County Police,Injury Crash,12/06/2023 08:09:00 AM,Maryland (State),OLD HUNDRED RD,RAMP 6 FR MD 109 EB TO IS 270 SB,,N/A,,HEAD ON LEFT TURN,CLOUDY,WET,DAYLIGHT,NO CONTROLS,NONE DETECTED,,69CFC0A8-5E2E-443B-B74F-A791AB12D133,Yes,NO APPARENT INJURY,N/A,INATTENTIVE OR LOST IN THOUGHT,MD,4C12F392-7A73-43D4-AFBD-9CAC12A763B0,DISABLING,TWELVE OCLOCK,PASSENGER CAR,MAKING LEFT TURN,South,35,No,No,2018,SUBARU,CROSSTREK,39.27746167,-77.324731,"(39.27746167, -77.324731)"
MCP289100B9,220006320,Montgomery County Police,Injury Crash,02/13/2022 03:02:00 PM,Maryland (State),CAPITOL VIEW AVE,POST OFFICE RD,,N/A,,HEAD ON,CLEAR,DRY,DAYLIGHT,N/A,NONE DETECTED,,F0E7A996-43AC-41B3-9785-122DCD06DE2D,No,POSSIBLE INJURY,N/A,NOT DISTRACTED,MD,2E12E6C9-33F1-4AED-BCD4-542AF04C49BD,DISABLING,TWELVE OCLOCK,PASSENGER CAR,MOVING CONSTANT SPEED,East,35,No,No,2019,RAM,PROMASTER CITY - VAN,39.01491624,-77.05532033,"(39.01491624, -77.05532033)"
MCP25830029,220021735,Montgomery County Police,Injury Crash,05/21/2022 06:36:00 PM,County,WHITES FERRY RD,WASCHE RD,,N/A,,STRAIGHT MOVEMENT ANGLE,CLEAR,DRY,DAYLIGHT,STOP SIGN,NONE DETECTED,,8FC8A4AD-0612-4502-88AF-40D0B4C4845A,No,POSSIBLE INJURY,N/A,NOT DISTRACTED,MD,4650B203-28F3-4804-B0CB-0F5A41A0A0DA,DESTROYED,TWELVE OCLOCK,PASSENGER CAR,MOVING CONSTANT SPEED,West,40,No,No,2009,NISSAN,SENTRA,39.15882667,-77.45195333,"(39.15882667, -77.45195333)"
MCP1522000Q,15049521,MONTGOMERY,Injury Crash,09/30/2015 08:48:00 AM,County,FATHER HURLEY BLVD,WATERS LANDING DR,,N/A,,SAME DIR REAR END,RAINING,WET,DAYLIGHT,TRAFFIC SIGNAL,N/A,,10EC44BB-7D61-40CB-BCAC-4463DA502CA1,No,SUSPECTED MINOR INJURY,"N/A, WET",NOT DISTRACTED,MD,27094B3F-1499-4718-A9F7-33765BAF8309,SUPERFICIAL,SIX OCLOCK,PASSENGER CAR,STOPPED IN TRAFFIC LANE,South,35,No,No,2003,FORD,EXPLORER,39.182265,-77.258015,"(39.182265, -77.258015)"
MCP3109000C,180011776,Montgomery County Police,Injury Crash,03/08/2018 03:35:00 PM,County,GRACEFIELD RD,CHERRY HILL RD,,N/A,,ANGLE MEETS LEFT TURN,CLEAR,DRY,DAYLIGHT,STOP SIGN,NONE DETECTED,,DC243327-6F24-4AD9-9FA4-17EDB940E72B,No,POSSIBLE INJURY,N/A,NOT DISTRACTED,MD,CFCD8D20-45AA-4FCE-BC04-8AAB9B9D24DC,DISABLING,ONE OCLOCK,PASSENGER CAR,MOVING CONSTANT SPEED,West,35,No,No,2002,FORD,FOCUS,39.04978333,-76.95263833,"(39.04978333, -76.95263833)"
MCP1064005F,17009798,Montgomery County Police,Property Damage Crash,02/23/2017 02:42:00 PM,,,,"EASTERN MIDDLE SCHOOL PARKING LOT
300 UNIVERSITY BLVD E
SILVER SPRING, MD 20901",,,OTHER,CLEAR,,DAYLIGHT,N/A,N/A,,B86152C4-EF6F-41F8-81A2-FD5BDF68DC7D,Yes,NO APPARENT INJURY,N/A,UNKNOWN,MD,4433D162-EEF9-4DA1-B646-B2549A65C77C,SUPERFICIAL,FOUR OCLOCK,VAN,PARKING,North,0,No,No,2004,HOND,ODYSSEY,39.01246333,-77.00213333,"(39.01246333, -77.00213333)"
MCP32800050,240024231,MONTGOMERY,Injury Crash,03/26/2024 07:45:00 AM,US (State),COLUMBIA PIKE,,,,,Front to Rear,Clear,Dry,Daylight,No Controls,"Not Suspect of Alcohol Use, Not Suspect of Drug Use",,B24C2063-ECBD-435D-9CF2-539651CBD2DD,No,No Apparent Injury,,Not Distracted,MD,EB653DD8-8A41-4F60-988D-55397E14C4C7,Functional,Six O Clock,Passenger Car,Slowing or Stopping,Northbound,50,No,No,2007,TOYOTA,CAMRY,39.1005488,-76.9350497,"(39.1005488, -76.9350497)"
MCP2764001P,180053939,Montgomery County Police,Property Damage Crash,10/28/2018 03:00:00 AM,,,,2504 ENNALLS,,,OTHER,RAINING,,DARK LIGHTS ON,NO CONTROLS,NONE DETECTED,,62BD6A3B-472F-4A3B-A6CB-62348D3FB7A2,Yes,NO APPARENT INJURY,N/A,NOT DISTRACTED,MD,4B55A989-C055-483F-B7C2-64B4A1FE8FE7,SUPERFICIAL,ONE OCLOCK,PASSENGER CAR,BACKING,Unknown,0,No,No,2008,ACURA,MDX,39.039765,-77.05307333,"(39.039765, -77.05307333)"
MCP3030004Q,220013759,Montgomery County Police,Injury Crash,03/31/2022 05:03:00 PM,Interstate (State),CAPITAL BELTWAY,EXIT #34,,N/A,,SAME DIR REAR END,CLEAR,DRY,DAYLIGHT,NO CONTROLS,N/A,,42767EA2-362F-449E-89B7-EDEE29040E3A,No,POSSIBLE INJURY,N/A,NOT DISTRACTED,MD,25CC1F98-9CED-4627-98B7-1FBDD6671383,SUPERFICIAL,SIX OCLOCK,PASSENGER CAR,MOVING CONSTANT SPEED,West,55,No,No,2020,HYUN,4S,39.01512576,-77.09536439,"(39.01512576, -77.09536439)"
MCP2411005P,200031352,Montgomery County Police,Injury Crash,08/12/2020 09:59:00 AM,County,NEBEL ST,RANDOLPH RD,,N/A,,SAME DIR REAR END,CLEAR,DRY,DAYLIGHT,TRAFFIC SIGNAL,NONE DETECTED,,C0BECED8-26C7-4F43-8978-06400F806832,No,POSSIBLE INJURY,N/A,NOT DISTRACTED,MD,F5AD093E-FEDE-4FD0-991B-8367A48DFA21,FUNCTIONAL,SIX OCLOCK,PASSENGER CAR,STOPPED IN TRAFFIC LANE,South,25,No,No,2008,HONDA,SUV,39.05366667,-77.111165,"(39.05366667, -77.111165)"
MCP25030028,250026034,MONTGOMERY,Injury Crash,06/11/2025 12:18:00 PM,Maryland (State) Route,,TURKEY FOOT RD,,,,Front to Rear,Clear,Dry,Daylight,No Controls,"Not Suspect of Alcohol Use, Not Suspect of Drug Use",,0EFE5F2E-A44C-4773-AA4E-94AA8BC11C68,No,No Apparent Injury,,Not Distracted,MD,739B52AE-6652-4815-B44E-16D28D09CB2D,Superficial,Six O Clock,Passenger Car,Stopped in Traffic,Westbound,30,No,No,2018,VOLKSWAGEN,JETTA,39.10424167,-77.28614333,"(39.10424167, -77.28614333)"
HA2419000K,17001416,Maryland-National Capital,Injury Crash,10/24/2017 06:48:00 PM,,LAKE RIDGE DR,BLACK HILLS RD,,N/A,,SINGLE VEHICLE,CLEAR,DRY,DARK NO LIGHTS,NO CONTROLS,COMBINATION CONTRIBUTED,,9CB7300A-A785-49D5-981F-74F52F51A948,Yes,SUSPECTED MINOR INJURY,N/A,INATTENTIVE OR LOST IN THOUGHT,MD,F0BC3E83-BA43-4EA6-A7A9-1C23A78EE962,DESTROYED,TWELVE OCLOCK,PASSENGER CAR,MOVING CONSTANT SPEED,North,25,No,No,2001,NISS,PATHFINDER,39.19662558,-77.29109019,"(39.19662558, -77.29109019)"
MCP2690001P,16035682,Montgomery County Police,Property Damage Crash,07/14/2016 04:07:00 PM,Maryland (State),MUNCASTER MILL RD,MILLER FALL RD,,N/A,,SAME DIR REAR END,CLEAR,DRY,DAYLIGHT,NO CONTROLS,NONE DETECTED,,FEF3DF17-68BA-4CF3-BDB4-E99F8108C4BA,Yes,NO APPARENT INJURY,N/A,NOT DISTRACTED,MD,AA3D70EE-1080-4C49-A9F8-9F39809C1E9A,DISABLING,TWELVE OCLOCK,PICKUP TRUCK,SKIDDING,East,35,No,No,2009,TOYT,TACOMA,39.15157333,-77.15016333,"(39.15157333, -77.15016333)"
EJ7870005F,220013346,Gaithersburg Police Depar,Injury Crash,03/29/2022 09:30:00 AM,Maryland (State),FREDERICK RD,ODENDHAL AVE,,GAITHERSBURG,,SAME DIRECTION SIDESWIPE,CLEAR,DRY,DAYLIGHT,TRAFFIC SIGNAL,NONE DETECTED,,5D61D4D5-94E6-4205-AF64-151C8765A991,No,NO APPARENT INJURY,"BACKUP DUE TO NON-RECURRING INCIDENT, N/A",NOT DISTRACTED,MD,31C196B3-C35D-4439-9801-83F47E245B54,FUNCTIONAL,ONE OCLOCK,TRUCK TRACTOR,MOVING CONSTANT SPEED,South,30,No,No,2016,VOLV,VNM,39.14912318,-77.20803983,"(39.14912318, -77.20803983)"
MCP3361001D,250006300,MONTGOMERY,Property Damage Crash,02/12/2025 01:14:00 AM,County Route,RANDOLPH RD,,,,,Single Vehicle,Snow,Slush,Dark - Lighted,Flashing Traffic Control Signal,"Not Suspect of Alcohol Use, Not Suspect of Drug Use",,CB61DB35-5A19-4342-B910-00D40DC62123,No,No Apparent Injury,,Not Distracted,MD,AAFB6669-51BF-4900-AA5D-685A92EFF02D,Functional,Eight O Clock,Sport Utility Vehicle,Slowing or Stopping,Eastbound,40,No,No,2021,FORD,EXPLORER,39.0659832,-77.03446391,"(39.0659832, -77.03446391)"
MCP2398000W,16057215,Montgomery County Police,Property Damage Crash,11/06/2016 07:40:00 AM,County,WASHINGTON GROVE LA,TOWNE CREST DR,,N/A,,SINGLE VEHICLE,CLEAR,DRY,DAYLIGHT,N/A,NONE DETECTED,,0BEB4203-C2DC-463F-9B77-2806C5F3FFB7,Yes,NO APPARENT INJURY,N/A,INATTENTIVE OR LOST IN THOUGHT,MD,A271B857-35D9-4570-9C91-C1A2D6A09D6F,SUPERFICIAL,TWELVE OCLOCK,PASSENGER CAR,MOVING CONSTANT SPEED,North,30,No,No,2012,HYUNDI,ELANTRA,39.143695,-77.17371167,"(39.143695, -77.17371167)"
MCP1213007J,230007740,Montgomery County Police,Property Damage Crash,02/15/2023 04:35:00 PM,Maryland (State),LAYHILL RD,MIDDLEBRIDGE DR,,N/A,,STRAIGHT MOVEMENT ANGLE,CLEAR,DRY,DAYLIGHT,STOP SIGN,NONE DETECTED,,4778CBE5-7F26-4BC9-AFAF-ABB1BDC4FCB8,No,NO APPARENT INJURY,N/A,NOT DISTRACTED,MD,6DBD27BC-C855-4565-9A65-41ECF113B0F1,DESTROYED,TEN OCLOCK,PASSENGER CAR,MOVING CONSTANT SPEED,North,40,No,No,2015,TOYOTA,AVALON,39.072905,-77.04515833,"(39.072905, -77.04515833)"
MCP2820001T,15062897,MONTGOMERY,Property Damage Crash,12/09/2015 03:20:00 PM,County,ASPEN HILL RD,PARKLAND DR,,N/A,,STRAIGHT MOVEMENT ANGLE,CLOUDY,DRY,DAYLIGHT,TRAFFIC SIGNAL,NONE DETECTED,,4F43D0EA-245F-4FF0-B115-B2FF6E404B09,Yes,NO APPARENT INJURY,N/A,LOOKED BUT DID NOT SEE,MD,D14FEE1E-8C3D-4496-B379-881B73328133,FUNCTIONAL,TWO OCLOCK,PASSENGER CAR,ACCELERATING,South,30,No,No,1999,TOYOTA,TK,39.07916628,-77.08711624,"(39.07916628, -77.08711624)"
MCP2810000T,16059791,Montgomery County Police,Property Damage Crash,11/20/2016 08:35:00 PM,County,LOST KNIFE RD,CONTOUR RD,,N/A,,HEAD ON,CLEAR,N/A,DARK LIGHTS ON,NO CONTROLS,N/A,,86BE8DBC-1D3C-4FD0-AC88-4EF91A3C3837,No,NO APPARENT INJURY,N/A,NOT DISTRACTED,MD,78CCF7ED-0032-41D3-A7EF-C49D208D0BAB,FUNCTIONAL,TWELVE OCLOCK,PASSENGER CAR,MOVING CONSTANT SPEED,South,25,No,No,2003,NISSAN,PATHFINDER,39.15896167,-77.19894333,"(39.15896167, -77.19894333)"
MCP2727002V,240032725,MONTGOMERY,Property Damage Crash,07/11/2024 10:31:00 AM,Maryland (State) Route,CONNECTICUT AVE (SB/L),CULVER ST,,,,Angle,Clear,Dry,Daylight,No Controls,"Not Suspect of Alcohol Use, Not Suspect of Drug Use",,F40ECA85-84FB-4D59-880C-2B7ACC11F3BC,No,No Apparent Injury,Failed to Yield Right-of-Way,Not Distracted,MD,30C3183C-CDB3-49DD-B9A8-8B450A50A9D0,Disabling,Three O Clock,Passenger Car,Accelerating,Westbound,35,No,No,2013,HYUNDAI,SONATA,39.00932246,-77.08090745,"(39.00932246, -77.08090745)"
DD56480047,250027033,ROCKVILLE,Property Damage Crash,06/17/2025 02:30:00 PM,,,,Parking Lot Way        SHELL GAS STATION AT THE PUMPS - 2240 VEIRS MILL RD,,,Front to Rear,Clear,,Daylight,,"Not Suspect of Alcohol Use, Not Suspect of Drug Use",,63DCAA86-4BD0-4D0C-9584-BB785C4D1891,No,No Apparent Injury,,Not Distracted,MD,E3ABB1BE-F937-496D-A3A3-1AB9DBCCDDF6,Superficial,Twelve O Clock,Passenger Car,Parked,Not On Roadway,0,No,Yes,2017,TOYOTA,COROLLA,39.07477706,-77.11445741,"(39.07477706, -77.11445741)"
MCP22430008,16015857,Montgomery County Police,Injury Crash,04/01/2016 05:33:00 AM,Maryland (State),COLESVILLE RD,GEORGIA AVE,,N/A,,SAME DIRECTION LEFT TURN,CLEAR,DRY,DARK LIGHTS ON,OTHER,NONE DETECTED,,6D60CCEA-CFCC-4594-8FB2-E711DAC23687,Yes,POSSIBLE INJURY,N/A,UNKNOWN,MD,D98C71CC-60F3-41BC-90E7-B9E95184F5F8,FUNCTIONAL,THREE OCLOCK,PASSENGER CAR,PASSING,North,35,No,No,2010,TOYOTA,CAMRY,38.99618167,-77.02753167,"(38.99618167, -77.02753167)"
MCP3201003P,230003202,Montgomery County Police,Injury Crash,01/20/2023 09:07:00 AM,County,MIDDLEBROOK RD,CELEBRATION WAY,,N/A,,STRAIGHT MOVEMENT ANGLE,CLEAR,DRY,DAYLIGHT,STOP SIGN,NONE DETECTED,,974E6765-3074-4CAD-A823-BCBE1E1E2584,No,POSSIBLE INJURY,N/A,NOT DISTRACTED,MD,4CD81AF7-B8EE-4CCC-AEC7-29F8A4C579CF,DISABLING,TEN OCLOCK,PASSENGER CAR,MOVING CONSTANT SPEED,South,35,No,No,2021,MAZD,UT,39.18147167,-77.26969767,"(39.18147167, -77.26969767)"
MCP27770055,190022807,Montgomery County Police,Property Damage Crash,05/14/2019 08:39:00 PM,Maryland (State),ROCKVILLE PIKE,JONES BRIDGE RD,,N/A,,SAME DIR REAR END,CLOUDY,DRY,DARK LIGHTS ON,NO CONTROLS,ALCOHOL PRESENT,,82967DFC-E23B-4484-A20B-0CBB98436A2A,Yes,NO APPARENT INJURY,N/A,LOOKED BUT DID NOT SEE,MD,32ABFB1D-BE23-4829-B07D-D78FC1AF4386,SUPERFICIAL,TWELVE OCLOCK,PASSENGER CAR,CHANGING LANES,North,25,No,No,2003,HOND,ACCORD,38.99653667,-77.09645333,"(38.99653667, -77.09645333)"
MCP3239001W,220002593,Montgomery County Police,Property Damage Crash,01/20/2022 10:07:00 PM,,,,"FRONT YARD OF 3083 SCHUBERT DR, SILVER SPRING, MD 20904.",,,SINGLE VEHICLE,CLEAR,,DARK LIGHTS ON,NO CONTROLS,UNKNOWN,,FE100541-C2A6-498C-A896-F64EF84D87F7,Yes,NO APPARENT INJURY,N/A,UNKNOWN,,73662BD7-CEFB-4CFE-BC17-A1531250F15A,UNKNOWN,SIX OCLOCK,,MAKING U TURN,East,15,No,No,0,UNKNOWN,UNKNOWN,39.0693937,-76.94180318,"(39.0693937, -76.94180318)"
MCP30210056,200009910,Montgomery County Police,Property Damage Crash,02/28/2020 01:10:00 PM,US (State),COLUMBIA PIKE,TECH RD,,N/A,,SAME DIR REAR END,CLOUDY,DRY,DAYLIGHT,NO CONTROLS,NONE DETECTED,,BE3DAFA4-1870-4BBA-813F-F631BFED2453,Yes,NO APPARENT INJURY,N/A,NOT DISTRACTED,MD,CCA779A5-206E-4248-8565-8FAD8D0A541D,DISABLING,TWELVE OCLOCK,PASSENGER CAR,SLOWING OR STOPPING,South,50,No,No,2011,ACURA,RL,39.05736333,-76.96965333,"(39.05736333, -76.96965333)"
MCP26950017,17008441,Montgomery County Police,Property Damage Crash,02/16/2017 02:30:00 PM,County,OLD COLUMBIA PIKE,TECH RD,,N/A,,STRAIGHT MOVEMENT ANGLE,CLEAR,DRY,DAYLIGHT,TRAFFIC SIGNAL,N/A,,A524C1C2-912E-4752-AFAB-6FF8116EA29D,Yes,NO APPARENT INJURY,N/A,NOT DISTRACTED,MD,6816CB13-7A96-4682-BFB3-F10C65473A24,DISABLING,FIVE OCLOCK,PASSENGER CAR,MOVING CONSTANT SPEED,South,35,No,No,2006,TOYOTA,AVALON,39.05753376,-76.96828365,"(39.05753376, -76.96828365)"
MCP2110000T,16015954,Montgomery County Police,Property Damage Crash,04/01/2016 05:00:00 PM,County,SHADY GROVE RD,FREDERICK RD,,N/A,,OTHER,CLEAR,DRY,DAYLIGHT,N/A,N/A,,B96FA5B9-0EDC-4248-9C3A-988BE69AE1FE,No,NO APPARENT INJURY,N/A,NOT DISTRACTED,MD,1BD8C773-F3D7-45EB-9B8C-F0E37FEBEFA6,SUPERFICIAL,FOUR OCLOCK,PASSENGER CAR,SLOWING OR STOPPING,West,40,No,No,2013,BMW,4S,39.12291707,-77.1774289,"(39.12291707, -77.1774289)"
MCP2740000V,15021303,Montgomery County Police,Property Damage Crash,05/05/2015 12:42:00 PM,Maryland (State),UNIVERSITY BLVD E,PINEY BRANCH RD,,N/A,,SAME DIR REAR END,CLEAR,DRY,DAYLIGHT,TRAFFIC SIGNAL,NONE DETECTED,,D88A54B1-C1D8-4981-BC78-777212554679,Yes,NO APPARENT INJURY,N/A,UNKNOWN,VA,74845704-F716-4680-BE79-36B38001F093,DISABLING,TWELVE OCLOCK,PASSENGER CAR,ACCELERATING,East,40,No,No,2005,HONDA,CIVIC,38.99962667,-76.99546167,"(38.99962667, -76.99546167)"
MCP3319001W,230028766,Montgomery County Police,Property Damage Crash,06/15/2023 10:10:00 AM,US (State),COLESVILLE RD,NOYES CT,,N/A,,SAME DIR REAR END,CLEAR,DRY,DAYLIGHT,N/A,N/A,,CE7AC838-D36F-4962-BC6D-796D113CF66C,No,NO APPARENT INJURY,N/A,NOT DISTRACTED,MD,983BA922-6722-43C4-ABF9-49B43A7F65BB,SUPERFICIAL,SIX OCLOCK,(SPORT) UTILITY VEHICLE,SLOWING OR STOPPING,South,35,No,No,2021,HOND,UT,39.00058167,-77.026045,"(39.00058167, -77.026045)"
DD56050055,180010597,Rockville Police Departme,Property Damage Crash,03/01/2018 12:30:00 PM,Maryland (State),HUNGERFORD DR,FREDERICK AVE #2,,ROCKVILLE,,SAME DIR REAR END,RAINING,WET,DAYLIGHT,TRAFFIC SIGNAL,NONE DETECTED,,96F9926B-558C-4C94-B037-924D6966FE28,No,NO APPARENT INJURY,"RAIN, SNOW, WET",NOT DISTRACTED,MD,D9919543-B75B-41F7-A79C-C8B08E0BD6D5,FUNCTIONAL,SIX OCLOCK,PASSENGER CAR,STOPPED IN TRAFFIC LANE,South,40,No,No,2012,TOYT,4S,39.0941815,-77.15315733,"(39.0941815, -77.15315733)"
MCP2436007Q,190031456,Montgomery County Police,Injury Crash,07/02/2019 06:38:00 AM,Maryland (State),PINEY BRANCH RD,NO NAME,,N/A,,STRAIGHT MOVEMENT ANGLE,CLEAR,DRY,DAYLIGHT,NO CONTROLS,NONE DETECTED,,B16A990C-1B72-48DE-9E94-5AE47DF85E4F,No,SUSPECTED MINOR INJURY,N/A,NOT DISTRACTED,FL,1E672A18-ED69-4813-9231-507E5A9E12A6,DISABLING,TWELVE OCLOCK,PASSENGER CAR,MOVING CONSTANT SPEED,South,30,No,No,2013,FORD,FOCUS,39.00120333,-76.98640667,"(39.00120333, -76.98640667)"
MCP2372003C,200042325,Montgomery County Police,Property Damage Crash,10/27/2020 07:49:00 AM,Other Public Roadway,MONTROSE PKWY,E JEFFERSON ST,,N/A,,HEAD ON LEFT TURN,CLOUDY,DRY,DAYLIGHT,TRAFFIC SIGNAL,NONE DETECTED,,871DF681-C2A0-4D5A-8922-EF8B9FC85EDE,No,NO APPARENT INJURY,N/A,NOT DISTRACTED,VA,4A6C0801-A957-4C7E-9F51-5E6997B2B3C2,DISABLING,TWELVE OCLOCK,PASSENGER CAR,MOVING CONSTANT SPEED,East,40,No,No,2003,BMW,330XI,39.05071967,-77.12639583,"(39.05071967, -77.12639583)"