Report Number,Local Case Number,Agency Name,ACRS Report Type,Crash Date/Time,Route Type,Road Name,Cross-Street Name,Off-Road Description,Municipality,Related Non-Motorist,Collision Type,Weather,Surface Condition,Light,Traffic Control,Driver Substance Abuse,Non-Motorist Substance Abuse,Person ID,Driver At Fault,Injury Severity,Circumstance,Driver Distracted By,Drivers License State,Vehicle ID,Vehicle Damage Extent,Vehicle First Impact Location,Vehicle Body Type,Vehicle Movement,Vehicle Going Dir,Speed Limit,Driverless Vehicle,Parked Vehicle,Vehicle Year,Vehicle Make,Vehicle Model,Latitude,Longitude,Location
MCP24640032,230064807,Montgomery County Police,Property Damage Crash,11/06/2023 10:30:00 PM,Interstate (State),CAPITAL BELTWAY,NEW HAMPSHIRE AVE,,N/A,,SAME DIR REAR END,CLEAR,DRY,DARK LIGHTS ON,OTHER,NONE DETECTED,,25F6EFEA-5278-4BA1-94D9-CDC52DDE3BD5,No,NO APPARENT INJURY,"N/A, ROAD UNDER CONSTRUCTION/MAINTENANCE",NOT DISTRACTED,MD,C1CDD6F5-6AF5-49EB-A31B-DDAB153C247C,FUNCTIONAL,SIX OCLOCK,PASSENGER CAR,SLOWING OR STOPPING,East,55,No,No,2019,TOYOTA,COROLLA,39.01934,-76.98698617,"(39.01934, -76.98698617)"
MCP23630025,210032174,Montgomery County Police,Injury Crash,08/18/2021 04:20:00 PM,Maryland (State),OLD HUNDRED RD,RAMP 6 FR MD 109 EB TO IS 270 SB,,N/A,,SAME DIRECTION SIDESWIPE,CLEAR,DRY,DAYLIGHT,N/A,NONE DETECTED,,3A88DDF0-EA0F-4443-881F-B9F1C795FED6,Yes,NO APPARENT INJURY,N/A,OTHER CELLULAR PHONE RELATED,MD,B0B37652-FA71-4291-A455-3F077A6119FC,DISABLING,ELEVEN OCLOCK,PASSENGER CAR,ENTERING TRAFFIC LANE,South,30,No,No,2008,TOYT,COROLLA,39.27737167,-77.32585667,"(39.27737167, -77.32585667)"
MCP3031004M,220050381,Montgomery County Police,Property Damage Crash,11/14/2022 08:45:00 PM,County,RANDOLPH RD,BREGMAN RD,,N/A,,SAME DIRECTION RIGHT TURN,CLEAR,DRY,DARK LIGHTS ON,NO CONTROLS,NONE DETECTED,,9CADABC5-E762-4BFC-9D92-51D76ECE370B,No,NO APPARENT INJURY,N/A,NOT DISTRACTED,MD,398A0222-94AF-4726-9DFB-CF49418E7698,DISABLING,ELEVEN OCLOCK,PASSENGER CAR,MOVING CONSTANT SPEED,East,40,No,No,2011,HYUNDAI,SONATA,39.07511833,-77.00465167,"(39.07511833, -77.00465167)"
MCP3031005H,240024705,MONTGOMERY,Injury Crash,05/24/2024 08:35:00 PM,County Route,HOWARD CHAPEL RD,,,,,Single Vehicle,Clear,Dry,Dark - Not Lighted,No Controls,"Not Suspect of Alcohol Use, Not Suspect of Drug Use",,B8CE790D-88D6-41B9-A7DB-893421F05DFD,No,Possible Injury,,Not Distracted,MD,0395CD47-9C52-4CE6-8AF7-55A785C723E3,Disabling,Eleven O Clock,Passenger Car,Moving Constant Speed,Southbound,35,No,No,2016,TOYOTA,CAMRY,39.24736217,-77.06639017,"(39.24736217, -77.06639017)"
MCP3262002Z,230018533,Montgomery County Police,Property Damage Crash,04/18/2023 05:15:00 PM,US (State),COLUMBIA PIKE,INDUSTRIAL PKWY,,N/A,,SAME DIR REAR END,CLEAR,DRY,DAYLIGHT,NO CONTROLS,NONE DETECTED,,8F1F46DC-8A2B-4019-85C5-8FAE08458094,No,NO APPARENT INJURY,N/A,NOT DISTRACTED,MD,BA3A0FDC-2B51-472E-8299-A671AC7C446F,FUNCTIONAL,SIX OCLOCK,SCHOOL BUS,SLOWING OR STOPPING,North,45,No,No,2016,HSB,THOM BU,39.054695,-76.97346433,"(39.054695, -76.97346433)"
MCP2739002Y,190055741,Montgomery County Police,Property Damage Crash,11/18/2019 09:25:00 PM,Maryland (State),NEW HAMPSHIRE AVE,OVERLOOK DR,,N/A,,STRAIGHT MOVEMENT ANGLE,RAINING,WET,DARK LIGHTS ON,NO CONTROLS,NONE DETECTED,,37B760C4-D665-44B8-8442-CBF7A719D158,Yes,NO APPARENT INJURY,"N/A, WET",LOOKED BUT DID NOT SEE,MD,D89E2136-21AD-41B5-8DBD-DF3BAB6A8289,DISABLING,FOUR OCLOCK,PASSENGER CAR,MAKING LEFT TURN,South,40,No,No,2005,SUBARU,FORESTOR,39.024505,-76.97936,"(39.024505, -76.97936)"
MCP295200F4,230073332,Montgomery County Police,Property Damage Crash,12/23/2023 02:49:00 PM,US (State),COLESVILLE RD,DALE DR,,N/A,,SAME DIR REND LEFT TURN,CLOUDY,DRY,DAYLIGHT,TRAFFIC SIGNAL,NONE DETECTED,,F5BDE0D1-56B4-45BB-ACE3-C4DE93C90858,Yes,NO APPARENT INJURY,N/A,NOT DISTRACTED,MD,BC47A0A5-3AD5-42EE-B10D-043C8E9A3EA0,FUNCTIONAL,ELEVEN OCLOCK,PASSENGER CAR,MOVING CONSTANT SPEED,North,35,No,No,2015,BMW,X1,39.00512706,-77.02295105,"(39.00512706, -77.02295105)"
MCP3156001H,210007189,Montgomery County Police,Property Damage Crash,02/25/2021 05:41:00 AM,Maryland (State),BURLINGTON AVE,GEORGIA AVE,,N/A,,SAME DIRECTION SIDESWIPE,N/A,DRY,DAWN,TRAFFIC SIGNAL,UNKNOWN,,DCDEBCF4-3D18-4B3D-9B50-CB6D122E027E,Yes,NO APPARENT INJURY,N/A,UNKNOWN,,49112385-FB23-4C69-8138-1402E23ABB91,UNKNOWN,TWO OCLOCK,PASSENGER CAR,ACCELERATING,East,30,No,No,2011,KIA,SEDAN,38.98759,-77.02724167,"(38.98759, -77.02724167)"
MCP26830069,220053904,Montgomery County Police,Property Damage Crash,12/06/2022 04:46:00 PM,County,LOST KNIFE RD,CONTOUR RD,,N/A,,STRAIGHT MOVEMENT ANGLE,RAINING,WET,DARK LIGHTS ON,YIELD SIGN,NONE DETECTED,,09C8929A-63C2-4A88-80A8-B7A976D6E9E4,No,NO APPARENT INJURY,"N/A, RAIN, SNOW",NOT DISTRACTED,MD,2D93CE1C-ECBC-4785-9702-91DAD4D85C2E,FUNCTIONAL,TWELVE OCLOCK,PASSENGER CAR,MOVING CONSTANT SPEED,North,35,No,No,2001,HOND,ODY,39.15633833,-77.20258333,"(39.15633833, -77.20258333)"
MCP31220033,200022137,Montgomery County Police,Property Damage Crash,06/05/2020 09:40:00 AM,County,DEAN RD,GOODHILL RD,,N/A,,SAME DIRECTION SIDESWIPE,CLEAR,DRY,DAYLIGHT,N/A,UNKNOWN,,1430077C-8820-4925-88C8-3199AF129E9B,Yes,NO APPARENT INJURY,N/A,UNKNOWN,,BABAC407-6A40-455C-89D7-D838ACE790A6,UNKNOWN,ONE OCLOCK,PASSENGER CAR,MOVING CONSTANT SPEED,East,25,No,No,0,UNKNOWN,UNKNOWN,39.06733335,-77.07167576,"(39.06733335, -77.07167576)"
MCP30300072,240055718,MONTGOMERY,Property Damage Crash,11/20/2024 03:27:00 PM,,,,"Parking Stall        5401 WESTBARD AVE
WESTWOOD TOWER APARTMENT LOT",,,Rear To Side,Clear,,Daylight,,"Not Suspect of Alcohol Use, Not Suspect of Drug Use",,A401A6CB-30CB-4CF4-B503-7DA2067B2334,Yes,No Apparent Injury,"Improper Backing, Operated Motor Vehicle in Inattentive, Careless, Negligent, or Erratic Manner, Other Improper Action",Unknown,,E7080BCF-7852-4431-9E6A-BB287989CB06,Superficial,Six O Clock,Passenger Car,Backing,Not On Roadway,0,No,No,2006,TOYOTA,COROLLA MATRIX,38.964385,-77.10672324,"(38.964385, -77.10672324)"
MCP3232000V,200019969,Montgomery County Police,Injury Crash,05/18/2020 09:22:00 PM,County,CONNECTICUT AVE,GEORGIA AVE,,N/A,,STRAIGHT MOVEMENT ANGLE,CLEAR,DRY,DARK LIGHTS ON,TRAFFIC SIGNAL,NONE DETECTED,,D2A67D6C-7FCF-4836-9F04-E81BC5D23BE6,Yes,POSSIBLE INJURY,N/A,UNKNOWN,MD,5B3FCC0D-7DE8-4AC0-ADF9-7A487334EA4C,DISABLING,TWO OCLOCK,PASSENGER CAR,MOVING CONSTANT SPEED,North,35,No,No,2008,KIA,OPTIMA,39.08392667,-77.07778,"(39.08392667, -77.07778)"
EJ7875006K,250017464,GAITHERSBURG,Injury Crash,04/22/2025 02:53:00 PM,County Route,MUDDY BRANCH RD,,,,,Front to Rear,Clear,Dry,Daylight,No Controls,"Not Suspect of Alcohol Use, Not Suspect of Drug Use",,E44F2901-EE84-4F0F-A214-4BA28E86C17D,No,Possible Injury,,Not Distracted,MD,B9C4C177-6318-4D35-80C8-0628D3F4CEB0,Superficial,Six O Clock,Passenger Car,Slowing or Stopping,Northbound,40,No,No,2016,NISSAN,ROGUE,39.13653145,-77.20558059,"(39.13653145, -77.20558059)"
DD56070034,190058135,Rockville Police Departme,Property Damage Crash,12/02/2019 10:00:00 PM,,,,PARKING LOT OF 703 FIRST ST.,,,OTHER,N/A,,DARK LIGHTS ON,NO CONTROLS,NONE DETECTED,,A3D83034-D77D-41E9-BCA8-656D5539C1BF,Yes,NO APPARENT INJURY,"N/A, WET",INATTENTIVE OR LOST IN THOUGHT,MD,18C30DF2-4A84-4B81-AE14-93073ADCE227,SUPERFICIAL,ELEVEN OCLOCK,PASSENGER CAR,PARKING,East,10,No,No,2007,CHEVROLET,IMPALA,39.08521667,-77.13617,"(39.08521667, -77.13617)"
MCP3014002M,200024083,Montgomery County Police,Property Damage Crash,06/19/2020 11:31:00 PM,Maryland (State),VEIRS MILL RD,RANDOLPH RD,,N/A,,HEAD ON LEFT TURN,RAINING,WET,DARK LIGHTS ON,TRAFFIC SIGNAL,NONE DETECTED,,0B8370DD-AF86-430F-8AC3-2CE87A495C5D,No,NO APPARENT INJURY,N/A,NOT DISTRACTED,MD,F3916182-5B52-4D6F-974A-A98E86462AD1,FUNCTIONAL,TWELVE OCLOCK,PASSENGER CAR,MOVING CONSTANT SPEED,East,35,No,No,1999,TOYOTA,CAMRY,39.05608833,-77.08253283,"(39.05608833, -77.08253283)"
MCP3063001F,180063636,Montgomery County Police,Injury Crash,12/25/2018 05:11:00 PM,County,BRIGGS CHANEY RD,AUTOMOBILE BLVD,,N/A,,SAME DIR REAR END,RAINING,N/A,DARK LIGHTS ON,N/A,N/A,,2C78E326-5E87-42C8-8218-1B87F1B8A198,No,SUSPECTED MINOR INJURY,"RAIN, SNOW, WET",NOT DISTRACTED,MD,CD817197-EAC0-4E2D-BBD5-F68D66434CF3,SUPERFICIAL,SIX OCLOCK,PASSENGER CAR,SLOWING OR STOPPING,East,35,No,No,2015,NISSAN,4S,39.08145343,-76.94675291,"(39.08145343, -76.94675291)"
MCP2723009K,250010665,MONTGOMERY,Injury Crash,03/11/2025 03:40:00 PM,Maryland (State) Route,GEORGIA AVE,,,,,Angle,Clear,Dry,Daylight,No Controls,"Not Suspect of Alcohol Use, Not Suspect of Drug Use",,4AB19394-0B05-4072-B26D-9604AE088C21,No,No Apparent Injury,,Not Distracted,MD,C4D198EA-92EB-47E8-88CA-A79183E6F8D3,Disabling,Twelve O Clock,Passenger Car,Moving Constant Speed,Southbound,35,No,No,2013,NISSAN,ROGUE,39.08502308,-77.07870561,"(39.08502308, -77.07870561)"
MCP3063002H,200016298,Montgomery County Police,Property Damage Crash,04/17/2020 03:49:00 PM,US (State),COLUMBIA PIKE,CROSSOVER,,N/A,,STRAIGHT MOVEMENT ANGLE,CLEAR,DRY,DAYLIGHT,TRAFFIC SIGNAL,NONE DETECTED,,F8A28176-A87D-410D-81F5-9A5FA6FBB03E,Yes,NO APPARENT INJURY,N/A,LOOKED BUT DID NOT SEE,MD,4D07EAB0-DA23-4588-878E-AA4E14712BEB,DISABLING,TEN OCLOCK,PASSENGER CAR,MAKING LEFT TURN,North,0,No,No,2016,TOYOTA,COROLLA,39.04714083,-76.98583767,"(39.04714083, -76.98583767)"
DD56330051,210004614,Rockville Police Departme,Property Damage Crash,02/05/2021 01:00:00 PM,Municipality,PARK RD,N STONESTREET AVE,,ROCKVILLE,,HEAD ON LEFT TURN,CLEAR,DRY,DAYLIGHT,TRAFFIC SIGNAL,NONE DETECTED,,27571807-DE41-41C2-B694-593F096E5A65,Yes,NO APPARENT INJURY,N/A,NOT DISTRACTED,MD,5E4871B2-3407-4B50-9827-2AE0D716CF62,SUPERFICIAL,TWELVE OCLOCK,PASSENGER CAR,ACCELERATING,South,25,No,No,2006,MAZDA,4S,39.08578493,-77.14520053,"(39.08578493, -77.14520053)"
MCP3085000V,180000499,Montgomery County Police,Property Damage Crash,01/03/2018 07:20:00 PM,County,SEVEN LOCKS RD,BRADLEY BLVD,,N/A,,SAME DIR REAR END,CLEAR,DRY,DARK LIGHTS ON,TRAFFIC SIGNAL,NONE DETECTED,,BE6C99AB-B024-43F7-A91B-C110D41009AC,No,NO APPARENT INJURY,N/A,NOT DISTRACTED,MD,ED8DB209-FADD-4684-BE46-A6816CE2BB05,FUNCTIONAL,SIX OCLOCK,OTHER,STOPPED IN TRAFFIC LANE,North,35,No,No,2019,UNKNOWN,UNKNOWN,39.01127667,-77.15998167,"(39.01127667, -77.15998167)"
MCP23350018,200004248,Montgomery County Police,Property Damage Crash,01/26/2020 03:15:00 AM,Maryland (State),GERMANTOWN RD,WISTERIA DR,,N/A,,STRAIGHT MOVEMENT ANGLE,CLEAR,DRY,DARK LIGHTS ON,TRAFFIC SIGNAL,NONE DETECTED,,17EF1656-BCDF-4ADD-8663-F7B699B64BDA,No,NO APPARENT INJURY,N/A,NOT DISTRACTED,MD,F4EC4165-FBA9-4041-B41F-706514F89765,DISABLING,FIVE OCLOCK,PASSENGER CAR,MOVING CONSTANT SPEED,South,40,No,No,2019,LEXUS,NX 300,39.1768,-77.27039,"(39.1768, -77.27039)"
MCP2612000X,15028991,Montgomery County Police,Injury Crash,06/14/2015 05:41:00 PM,Maryland (State),LAYHILL RD,GLENALLAN AVE,,N/A,,STRAIGHT MOVEMENT ANGLE,RAINING,WET,DAYLIGHT,TRAFFIC SIGNAL,NONE DETECTED,,5D3605B0-596C-45DA-8F46-DF3A76B883A9,Yes,NO APPARENT INJURY,"RAIN, SNOW, WET",UNKNOWN,MD,5BCF720A-9E8F-4CB8-ABCF-63B46D532A92,DISABLING,TWELVE OCLOCK,PASSENGER CAR,MOVING CONSTANT SPEED,West,30,No,No,2006,HONDA,CRV,39.06303,-77.05014167,"(39.06303, -77.05014167)"
MCP2917000Q,15036211,MONTGOMERY,Property Damage Crash,07/22/2015 10:38:00 PM,County,WELLER RD,CONNECTICUT AVE,,N/A,,OPPOSITE DIRECTION SIDESWIPE,CLEAR,DRY,DARK NO LIGHTS,NO CONTROLS,NONE DETECTED,,312CFD63-7491-4C71-B55E-4D868F265128,No,NO APPARENT INJURY,N/A,NOT DISTRACTED,MD,89882209-29D9-4157-A487-921A3C2ABDCD,SUPERFICIAL,TEN OCLOCK,PASSENGER CAR,MOVING CONSTANT SPEED,East,35,No,No,2006,FORD,EXPEDITION,39.06360686,-77.07181692,"(39.06360686, -77.07181692)"
MCP235300BB,220055515,Montgomery County Police,Property Damage Crash,12/15/2022 01:32:00 PM,Maryland (State),BRADLEY BLVD,OFFUTT LA,,N/A,,SAME DIRECTION SIDESWIPE,RAINING,WET,DAYLIGHT,NO CONTROLS,NONE DETECTED,,D6953B78-7478-42DC-BF95-80BB7C266B9C,Yes,NO APPARENT INJURY,"RAIN, SNOW, WET",DISTRACTED BY OUTSIDE PERSON OBJECT OR EVENT,MD,F85038C7-318B-4F3D-BA1E-A4595DA1F04C,SUPERFICIAL,TWO OCLOCK,VAN,MOVING CONSTANT SPEED,North,25,No,No,2018,DODGE,SPRINTER,38.977853,-77.09285983,"(38.977853, -77.09285983)"
MCP21160080,180003577,Montgomery County Police,Property Damage Crash,01/22/2018 08:58:00 AM,Maryland (State),ROCKVILLE PIKE,ENT TO FEDERAL PLAZA S.C.,,N/A,,STRAIGHT MOVEMENT ANGLE,CLOUDY,WET,DAYLIGHT,FLASHING TRAFFIC SIGNAL,NONE DETECTED,,DB404A79-73FD-4886-826B-BDD0292F752F,Yes,NO APPARENT INJURY,"N/A, WET",LOOKED BUT DID NOT SEE,MD,8B9F4003-F32C-4494-8061-321E0BB0ADD5,DISABLING,THREE OCLOCK,PASSENGER CAR,ACCELERATING,East,25,No,No,2005,TOYT,TK,39.05769333,-77.11965167,"(39.05769333, -77.11965167)"
MCP22880006,15040120,MONTGOMERY,Property Damage Crash,08/12/2015 05:57:00 AM,County,WOODMONT AVE,HAMPDEN LA,,N/A,,STRAIGHT MOVEMENT ANGLE,CLEAR,DRY,DAWN,TRAFFIC SIGNAL,NONE DETECTED,,922D2FD5-C4F8-455F-B30B-BE87440CAFAC,No,NO APPARENT INJURY,N/A,NOT DISTRACTED,DC,130562BC-B05C-42EB-A128-B09A968F90CD,FUNCTIONAL,TWO OCLOCK,PASSENGER CAR,MOVING CONSTANT SPEED,West,25,No,No,2014,SUBARU,OUTBACK,39.26220833,-77.2243,"(39.26220833, -77.2243)"
MCP2823001Z,16044724,Montgomery County Police,Injury Crash,09/01/2016 06:39:00 PM,Maryland (State),CONNECTICUT AVE,ATHERTON DR,,N/A,,STRAIGHT MOVEMENT ANGLE,RAINING,WET,DAYLIGHT,NO CONTROLS,NONE DETECTED,,13B46DB5-2EBF-474F-AD4A-AA96294D3E2A,No,POSSIBLE INJURY,"N/A, WET",NOT DISTRACTED,MD,19013F66-9ED6-49D1-9831-6ADAAE7C8D6F,DISABLING,TWELVE OCLOCK,PASSENGER CAR,MOVING CONSTANT SPEED,South,45,No,No,2008,ACUR,TL,39.06704833,-77.07473,"(39.06704833, -77.07473)"
DD5674000N,240054465,ROCKVILLE,Injury Crash,11/13/2024 08:30:00 AM,Maryland (State) Route,NORBECK RD,,,,,Front to Rear,Clear,Dry,Daylight,No Controls,"Not Suspect of Alcohol Use, Not Suspect of Drug Use",,277BE08F-8678-4825-8057-7DA04CAE21B6,Yes,Possible Injury,,Unknown,MD,CD3E35FC-DA5D-4C54-9A57-C5B75223DCC1,Disabling,Twelve O Clock,Passenger Car,Moving Constant Speed,Eastbound,40,No,No,2015,VOLKSWAGEN,JETTA,39.09106722,-77.12673565,"(39.09106722, -77.12673565)"
DD5636002S,200029180,Rockville Police Departme,Injury Crash,07/27/2020 07:02:00 PM,Municipality,EDMONSTON DR,ROCKVILLE PIKE,,N/A,,STRAIGHT MOVEMENT ANGLE,CLEAR,DRY,DAYLIGHT,NO CONTROLS,NONE DETECTED,,FCD56BC3-64CE-4CE6-A5AC-D97C072EB56B,No,NO APPARENT INJURY,N/A,NOT DISTRACTED,MD,DC8DAF3E-823B-4855-9609-28800113E779,DISABLING,ONE OCLOCK,PASSENGER CAR,STOPPED IN TRAFFIC LANE,West,0,No,No,2016,MITSUBISHI,OUTLANDER,39.07474441,-77.13489472,"(39.07474441, -77.13489472)"
MCP13340034,15055688,MONTGOMERY,Injury Crash,11/02/2015 07:29:00 AM,Maryland (State),CLOPPER RD,FIRSTFIELD RD,,GAITHERSBURG,,SAME DIRECTION RIGHT TURN,CLOUDY,DRY,DAYLIGHT,TRAFFIC SIGNAL,NONE DETECTED,,3982F030-24C1-4572-870A-C3A0CB07C2E0,No,POSSIBLE INJURY,N/A,NOT DISTRACTED,MD,30BD59C9-B907-4A29-8974-FB05818374B7,FUNCTIONAL,ELEVEN OCLOCK,PASSENGER CAR,MOVING CONSTANT SPEED,West,35,No,No,1999,ACURA,RL,39.14374114,-77.22362995,"(39.14374114, -77.22362995)"
MCP2008007C,200008730,Montgomery County Police,Property Damage Crash,02/21/2020 04:00:00 PM,Interstate (State),EISENHOWER MEMORIAL HWY,ROCKLEDGE BLVD,,N/A,,SAME DIR REAR END,CLEAR,DRY,DAYLIGHT,N/A,NONE DETECTED,,9C5C829E-F850-4437-A553-D553C239A1FD,Yes,NO APPARENT INJURY,N/A,NOT DISTRACTED,MD,4AC6DB68-707B-46A8-AFAB-519878FB1CF6,DISABLING,TWELVE OCLOCK,PASSENGER CAR,SLOWING OR STOPPING,North,55,No,No,2001,CHEV,4S,39.03240333,-77.13688833,"(39.03240333, -77.13688833)"
MCP1580009Y,180064581,Montgomery County Police,Injury Crash,12/26/2018 03:41:00 PM,County,SHADY GROVE RD,RAMP 5 FR IS 270 SB TO SHADY GROVE RD,,N/A,,STRAIGHT MOVEMENT ANGLE,CLEAR,DRY,DAYLIGHT,TRAFFIC SIGNAL,NONE DETECTED,,FF6755ED-7381-43F2-A8E3-C66A57115FFC,No,POSSIBLE INJURY,"N/A, VISION OBSTRUCTION (INCL. BLINDED BY SUN)",NOT DISTRACTED,MD,AEB4C5FE-1934-49AD-8C36-A70F6319F4A6,DISABLING,NINE OCLOCK,(SPORT) UTILITY VEHICLE,ACCELERATING,East,45,No,No,2012,HOND,PILOT,39.10962,-77.18821167,"(39.10962, -77.18821167)"
MCP20390021,16053805,Montgomery County Police,Injury Crash,10/19/2016 02:48:00 PM,Maryland (State),GEORGIA AVE,HATHAWAY DR,,N/A,,SAME DIR REAR END,CLOUDY,DRY,DAYLIGHT,TRAFFIC SIGNAL,N/A,,3341FA7A-8672-4066-B35F-3852BF5D6A35,No,NO APPARENT INJURY,N/A,NOT DISTRACTED,MD,2E4DCE8A-20F2-40F0-B9EE-1750BF99B561,DISABLING,SIX OCLOCK,PASSENGER CAR,STOPPED IN TRAFFIC LANE,South,50,No,No,2002,FORD,TK,39.12642,-77.09565333,"(39.12642, -77.09565333)"
MCP3048000D,17009816,Montgomery County Police,Property Damage Crash,02/23/2017 04:48:00 AM,,,,PARKING LOT OF 11802 ROCKVILLE PIKE,,,STRAIGHT MOVEMENT ANGLE,CLEAR,,DAWN,N/A,N/A,,381B85D1-F2EB-496A-9E0A-9851ACB0C139,No,NO APPARENT INJURY,N/A,NOT DISTRACTED,MD,432CFBEA-C98A-48D9-A9EF-51138D1D54DC,SUPERFICIAL,ONE OCLOCK,PASSENGER CAR,MOVING CONSTANT SPEED,North,5,No,No,2012,AUDI,4S,39.04994667,-77.11494833,"(39.04994667, -77.11494833)"
EJ7839000V,15060970,GAITHERSBURG,Property Damage Crash,11/29/2015 02:46:00 PM,County,MUDDY BRANCH RD,W DIAMOND AVE,,N/A,,SINGLE VEHICLE,RAINING,WET,DAYLIGHT,N/A,NONE DETECTED,,F3D51E6B-2BBD-42A4-A6E9-F6160071D261,No,NO APPARENT INJURY,"N/A, WET",NOT DISTRACTED,MD,67657E54-26CD-4EC7-A467-D286F4FBAE03,DISABLING,ONE OCLOCK,PASSENGER CAR,MOVING CONSTANT SPEED,South,45,No,No,1999,FORD,MUSTANG,39.13916,-77.20539833,"(39.13916, -77.20539833)"
MCP2867003L,17013101,Montgomery County Police,Injury Crash,03/13/2017 01:52:00 PM,US (State),COLUMBIA PIKE,OAK LEAF DR,,N/A,,SAME DIR REAR END,CLEAR,DRY,DAYLIGHT,N/A,NONE DETECTED,,13783B03-E376-4C84-941A-27A9FE48645F,Yes,POSSIBLE INJURY,N/A,UNKNOWN,MD,C0D812CC-DFD8-4614-9130-35392874EDD9,DISABLING,TWELVE OCLOCK,PASSENGER CAR,MOVING CONSTANT SPEED,North,40,No,No,2010,TOYOTA,COROLLA,39.04215333,-76.99385667,"(39.04215333, -76.99385667)"
MCP913000KZ,250023272,MONTGOMERY,Property Damage Crash,05/26/2025 10:34:00 AM,County Route,NEW HAMPSHIRE AVE SER RD,,,,,Single Vehicle,Cloudy,Dry,Daylight,No Controls,"Not Suspect of Alcohol Use, Not Suspect of Drug Use",,63422012-FCCF-41FA-B892-264136DDB95D,Yes,No Apparent Injury,,Unknown,MD,CDB01D5F-1D8E-43C6-A5C9-FB878EB7FAF7,Disabling,Twelve O Clock,Passenger Car,Accelerating,Eastbound,25,No,No,2006,HONDA,CIVIC,39.01661016,-76.97778779,"(39.01661016, -76.97778779)"
MCP2588005P,190019736,Montgomery County Police,Injury Crash,04/27/2019 12:00:00 PM,County,ASPEN HILL RD,CONNECTICUT AVE,,N/A,,SAME DIR REAR END,CLEAR,DRY,DAYLIGHT,NO CONTROLS,NONE DETECTED,,881A53A8-26D3-45D4-9429-29A148FE23DB,Yes,POSSIBLE INJURY,N/A,NOT DISTRACTED,MD,7F063F57-476A-415C-BFBD-83BBA1622F4C,FUNCTIONAL,TWELVE OCLOCK,MOTORCYCLE,MOVING CONSTANT SPEED,East,30,No,No,2005,YAMA,MC,39.08035333,-77.078825,"(39.08035333, -77.078825)"
MCP27770052,19002724,Montgomery County Police,Property Damage Crash,01/17/2019 05:15:00 PM,Maryland (State),EAST WEST HWY (W/B COUPLET),WISCONSIN AVE,,N/A,,SAME DIRECTION SIDESWIPE,CLOUDY,DRY,DARK LIGHTS ON,TRAFFIC SIGNAL,NONE DETECTED,,56EB6BBB-522D-420A-BBEA-9CA77433A8B1,No,NO APPARENT INJURY,N/A,NOT DISTRACTED,MD,97FC5B48-ED9A-4DA8-B35F-1296F60880F6,SUPERFICIAL,ELEVEN OCLOCK,PICKUP TRUCK,STOPPED IN TRAFFIC LANE,West,25,No,No,2016,CHEVROLET,SILVERADO,38.98494667,-77.09448,"(38.98494667, -77.09448)"
MCP2902004T,210001472,Montgomery County Police,Injury Crash,01/12/2021 01:31:00 PM,Other Public Roadway,HILLCREST DR,FREDERICK RD,,N/A,PEDESTRIAN,OTHER,CLEAR,DRY,DAYLIGHT,STOP SIGN,N/A,N/A,F7506829-78D1-40BD-ADCA-89E3FAEE9284,Yes,NO APPARENT INJURY,N/A,UNKNOWN,MD,4E955AFF-6E16-4B91-820E-62A295403D5A,NO DAMAGE,ELEVEN OCLOCK,VAN,ENTERING TRAFFIC LANE,East,45,No,No,2018,DODGE,VAN,39.17666333,-77.238335,"(39.17666333, -77.238335)"
MCP2198006Y,190060309,Montgomery County Police,Property Damage Crash,12/14/2019 04:30:00 PM,Municipality,PERRY PKWY,STRUC OV CSX R/R,,N/A,,SINGLE VEHICLE,CLEAR,WET,DAYLIGHT,N/A,N/A,,4799DDB5-D645-4E9D-A2D4-1368C3A79683,Yes,NO APPARENT INJURY,"N/A, WET",NOT DISTRACTED,MD,25A41EB6-636B-4AB4-8DEE-1BBB8B823755,DESTROYED,EIGHT OCLOCK,PASSENGER CAR,MOVING CONSTANT SPEED,North,30,No,No,2007,HOND,4S,39.14560833,-77.22395,"(39.14560833, -77.22395)"
MCP3322000B,220006385,Montgomery County Police,Property Damage Crash,02/14/2022 10:01:00 AM,County,TURKEY BRANCH PKWY,ROSEBUD DR,,N/A,,OTHER,N/A,DRY,DAYLIGHT,NO CONTROLS,N/A,,5A7B3C33-E930-41C3-9FBB-4CFB22AB9812,Yes,NO APPARENT INJURY,N/A,INATTENTIVE OR LOST IN THOUGHT,MD,7C89AD1C-5E43-4788-B0C0-438C239D440A,DISABLING,ONE OCLOCK,(SPORT) UTILITY VEHICLE,MOVING CONSTANT SPEED,East,25,No,No,2018,MERZ,TK,39.062201,-77.0885006,"(39.062201, -77.0885006)"
MCP27100028,180053323,Montgomery County Police,Injury Crash,10/24/2018 06:00:00 PM,County,SHADY GROVE RD,BRIARDALE RD,,N/A,,SAME DIR REAR END,N/A,DRY,DAYLIGHT,N/A,NONE DETECTED,,49590C0D-B5A3-46F3-8FF4-D4B0F6D4C665,No,POSSIBLE INJURY,N/A,NOT DISTRACTED,MD,4595FDE8-B4BC-42FC-A4B2-8901FBB9D1DD,SUPERFICIAL,SIX OCLOCK,PASSENGER CAR,SLOWING OR STOPPING,North,45,No,No,2018,NISS,4S,39.13206667,-77.15997833,"(39.13206667, -77.15997833)"