Report Number,Local Case Number,Agency Name,ACRS Report Type,Crash Date/Time,Route Type,Road Name,Cross-Street Name,Off-Road Description,Municipality,Related Non-Motorist,Collision Type,Weather,Surface Condition,Light,Traffic Control,Driver Substance Abuse,Non-Motorist Substance Abuse,Person ID,Driver At Fault,Injury Severity,Circumstance,Driver Distracted By,Drivers License State,Vehicle ID,Vehicle Damage Extent,Vehicle First Impact Location,Vehicle Body Type,Vehicle Movement,Vehicle Going Dir,Speed Limit,Driverless Vehicle,Parked Vehicle,Vehicle Year,Vehicle Make,Vehicle Model,Latitude,Longitude,Location
MCP3238000S,200032875,Montgomery County Police,Property Damage Crash,08/22/2020 11:11:00 PM,County,RANDOLPH RD,SHERWOOD FOREST DR,,N/A,,STRAIGHT MOVEMENT ANGLE,CLEAR,DRY,DARK LIGHTS ON,STOP SIGN,NONE DETECTED,,2291628F-DE95-46D7-A662-3D26F469AC66,Yes,NO APPARENT INJURY,N/A,OTHER DISTRACTION,MD,CF7AC87C-8B4A-4FB8-93A7-7D2F1E23DDB8,DISABLING,NINE OCLOCK,PASSENGER CAR,MOVING CONSTANT SPEED,South,25,No,No,2001,HONDA,CIVIC,39.0733825,-77.00800917,"(39.0733825, -77.00800917)"
MCP1252000M,15029017,Montgomery County Police,Property Damage Crash,06/14/2015 07:26:00 PM,County,CENTURY BLVD,CLOVERLEAF CENTER DR,,N/A,,SINGLE VEHICLE,CLEAR,DRY,DAYLIGHT,N/A,NONE DETECTED,,22843718-27E4-4245-953E-02436049E3B7,Yes,NO APPARENT INJURY,N/A,NOT DISTRACTED,MD,255ABB7E-C2B1-4033-983D-21A0E53DE3D3,DISABLING,TWELVE OCLOCK,RECREATIONAL VEHICLE,ACCELERATING,South,15,No,No,2002,MITS,MONTERO,39.18893167,-77.26228833,"(39.18893167, -77.26228833)"
MCP22980108,220027692,Montgomery County Police,Injury Crash,06/27/2022 05:44:00 PM,Maryland (State),FREDERICK ROAD,CLARKSBURG SQUARE RD,,N/A,,ANGLE MEETS LEFT TURN,CLEAR,DRY,DAYLIGHT,STOP SIGN,NONE DETECTED,,DABC3F21-FB83-483C-B779-FBF169FFF297,No,POSSIBLE INJURY,N/A,NOT DISTRACTED,MD,C6B0B9AB-0C18-4BC7-B239-CC42AD8120EF,DISABLING,TWELVE OCLOCK,(SPORT) UTILITY VEHICLE,MOVING CONSTANT SPEED,South,30,No,No,2017,GMC,TERRAIN,39.23917167,-77.27915333,"(39.23917167, -77.27915333)"
MCP229800ZJ,210052004,Montgomery County Police,Property Damage Crash,12/21/2021 11:35:00 AM,Maryland (State),NORBECK RD,AVERY RD,,ROCKVILLE,,SAME DIR REAR END,CLOUDY,DRY,DAYLIGHT,NO CONTROLS,NONE DETECTED,,5D94F930-2D22-418A-9046-F82AC6DA2B80,No,NO APPARENT INJURY,N/A,NOT DISTRACTED,OH,1A9E4541-F455-4313-BDAB-879DCDDDB93B,FUNCTIONAL,SIX OCLOCK,(SPORT) UTILITY VEHICLE,SLOWING OR STOPPING,East,50,No,No,2020,LINC,CORSAIR,39.09400167,-77.11775667,"(39.09400167, -77.11775667)"
MCP26740020,200046069,Montgomery County Police,Property Damage Crash,11/21/2020 08:20:00 PM,Maryland (State),FREDERICK RD,SHAKESPEARE BLVD,,N/A,,HEAD ON LEFT TURN,CLEAR,DRY,DARK LIGHTS ON,TRAFFIC SIGNAL,NONE DETECTED,,E1A34DEB-B27E-40B0-B258-003D2FEA04D6,Yes,NO APPARENT INJURY,N/A,NOT DISTRACTED,MD,A666C42E-5C5D-4AD3-B508-FDB684135E71,DISABLING,FOUR OCLOCK,(SPORT) UTILITY VEHICLE,MAKING LEFT TURN,South,40,No,No,2012,TOYT,TK,39.1985325,-77.24480333,"(39.1985325, -77.24480333)"
MCP13780065,15025729,Montgomery County Police,Injury Crash,05/28/2015 03:08:00 PM,Maryland (State),QUINCE ORCHARD RD,RAMP 1 FR RAMP 8 (FR IS270) TO MD 124 EB,,N/A,,SAME DIRECTION LEFT TURN,CLOUDY,DRY,DAYLIGHT,NO CONTROLS,NONE DETECTED,,A0011966-C233-45E4-9DF3-922899C3CC85,No,NO APPARENT INJURY,N/A,NOT DISTRACTED,MD,A68B642F-48EE-4852-8688-931A1520A485,DISABLING,FOUR OCLOCK,(SPORT) UTILITY VEHICLE,MOVING CONSTANT SPEED,South,35,No,No,2015,ACURA,MDX,39.14775833,-77.21858167,"(39.14775833, -77.21858167)"
DD5615009L,200047909,Rockville Police Departme,Property Damage Crash,12/05/2020 08:22:00 AM,Interstate (State),EISENHOWER MEMORIAL HWY,SHADY GROVE RD,,N/A,,SINGLE VEHICLE,CLOUDY,WET,DAYLIGHT,NO CONTROLS,NONE DETECTED,,B87B0847-CD67-440D-88BF-BEE793FA684F,Yes,NO APPARENT INJURY,"N/A, RAIN, SNOW",NOT DISTRACTED,MD,5E70A778-388F-46E6-88B9-6795CAE319E5,DISABLING,TWELVE OCLOCK,PASSENGER CAR,MOVING CONSTANT SPEED,North,45,No,No,2014,CHEVROLET,CRUSE,39.10999845,-77.18535289,"(39.10999845, -77.18535289)"
MCP3271004J,240016440,MONTGOMERY,Property Damage Crash,04/09/2024 06:40:00 AM,Maryland (State) Route,ROCKVILLE PIKE (SB/L),,,,,"Sideswipe, Same Direction",Clear,Dry,Daylight,Traffic Control Signal,"Not Suspect of Alcohol Use, Not Suspect of Drug Use",,0ACB0711-30B1-41BE-B185-02C8BE6B5B51,No,No Apparent Injury,,Not Distracted,PA,02AAAC07-EF36-4D3E-B3AA-852B220CE359,Superficial,Five O Clock,Sport Utility Vehicle,Slowing or Stopping,Southbound,35,No,No,2020,FORD,EXPEDITION MAX,39.01608114,-77.10091154,"(39.01608114, -77.10091154)"
DD5628000W,180040233,Rockville Police Departme,Property Damage Crash,08/13/2018 02:45:00 PM,Service Road,N CAMPUS DR,HUNGERFORD DR,,N/A,,SAME DIR REAR END,CLEAR,DRY,DAYLIGHT,TRAFFIC SIGNAL,N/A,,1F5D042C-0F3B-4A0D-A019-987F3EFC234B,No,NO APPARENT INJURY,N/A,NOT DISTRACTED,MD,4B2E5946-1043-4091-8479-0685CAE8FC9E,SUPERFICIAL,SIX OCLOCK,PASSENGER CAR,STOPPED IN TRAFFIC LANE,East,15,No,No,2016,TOYT,4S,39.10093,-77.15529833,"(39.10093, -77.15529833)"
DM8338000M,16058469,Takoma Park Police Depart,Property Damage Crash,11/13/2016 03:09:00 AM,Municipality,FLOWER AVE,GARLAND AVE,,TAKOMA PARK,,OTHER,CLEAR,DRY,DARK LIGHTS ON,NO CONTROLS,ALCOHOL PRESENT,,7E614939-5766-472E-809E-FCDA60871FD8,Yes,NO APPARENT INJURY,N/A,NOT DISTRACTED,MD,9B9C7F84-E71C-4F74-BD26-2FC50E78E852,DESTROYED,ELEVEN OCLOCK,PASSENGER CAR,UNKNOWN,West,25,No,No,2015,TOYOTA,COROLLA,38.98129653,-76.9951272,"(38.98129653, -76.9951272)"
MCP2353002G,16012830,MONTGOMERY,Property Damage Crash,03/15/2016 06:25:00 PM,Maryland (State),EAST WEST HWY (W/B COUPLET),WAVERLY ST,,N/A,,SAME DIRECTION SIDESWIPE,CLEAR,DRY,DAYLIGHT,TRAFFIC SIGNAL,NONE DETECTED,,F69FAEA7-DC95-46A4-B56C-69020FF05112,Yes,NO APPARENT INJURY,N/A,UNKNOWN,MD,93CEBDA3-08E1-4BF1-A231-9E8ED0DCB68C,DESTROYED,ELEVEN OCLOCK,PASSENGER CAR,CHANGING LANES,West,25,No,No,2016,BMW,X1,38.98453833,-77.09199,"(38.98453833, -77.09199)"
EJ7801000Y,190006414,Gaithersburg Police Depar,Property Damage Crash,02/09/2019 12:12:00 PM,Maryland (State),S FREDERICK RD,CENTRAL AVE,,N/A,,HEAD ON LEFT TURN,CLEAR,DRY,DAYLIGHT,NO CONTROLS,N/A,,2D79468C-C81C-4707-BE81-29116210FB29,Yes,NO APPARENT INJURY,N/A,LOOKED BUT DID NOT SEE,MD,E188CF34-881E-4906-B9A4-29EECCA7251F,SUPERFICIAL,EIGHT OCLOCK,(SPORT) UTILITY VEHICLE,ACCELERATING,South,35,No,No,2002,FORD,EXPLORER,39.13017463,-77.1872961,"(39.13017463, -77.1872961)"
MCP3401001Q,240047457,MONTGOMERY,Property Damage Crash,10/04/2024 08:10:00 PM,US (State),COLUMBIA PIKE,,,,,"Sideswipe, Opposite Direction",Clear,Dry,Dark - Not Lighted,No Controls,"Not Suspect of Alcohol Use, Not Suspect of Drug Use",,52D9D526-6652-4100-8A53-43725AF786F6,No,No Apparent Injury,,Not Distracted,MD,66D83BA1-CACB-4C40-9247-12E92E2D6F98,Functional,One O Clock,Passenger Car,Moving Constant Speed,Northbound,35,No,No,2004,HONDA,CIVIC,39.0392115,-76.99780009,"(39.0392115, -76.99780009)"
MCP2917008X,220006471,Montgomery County Police,Property Damage Crash,02/14/2022 04:04:00 PM,Maryland (State),GEORGIA AVE,ASPEN HILL RD,,N/A,,SAME DIR REAR END,CLEAR,DRY,DAYLIGHT,TRAFFIC SIGNAL,ALCOHOL PRESENT,,32B4FF5F-2C92-43E7-B747-CE9C393642D9,Yes,NO APPARENT INJURY,N/A,NOT DISTRACTED,MD,67848B30-56D3-427A-9683-1615F7E119DF,SUPERFICIAL,TWELVE OCLOCK,PASSENGER CAR,MOVING CONSTANT SPEED,South,35,No,No,2004,HONDA,ODYSSEY,39.08072763,-77.0754004,"(39.08072763, -77.0754004)"
MCP2690000P,15000584,Montgomery County Police,Property Damage Crash,01/04/2015 03:37:00 PM,,,,"Parking lot of Costco at 11160 Veirs Mill Rd. Silver Spring, MD 20902",,,OTHER,CLOUDY,,DUSK,NO CONTROLS,NONE DETECTED,,9073F1BB-BE00-42F8-87B9-96E2DFDC35E9,Yes,NO APPARENT INJURY,"N/A, WET",NOT DISTRACTED,DC,223BD35B-FD75-448E-87A7-B424D355C952,DISABLING,TWELVE OCLOCK,STATION WAGON,ACCELERATING,West,15,No,No,1990,VOLVO,740,39.03566961,-77.05643177,"(39.03566961, -77.05643177)"
MCP2717008J,16058925,Montgomery County Police,Property Damage Crash,11/15/2016 06:54:00 PM,Maryland (State),ROCKVILLE PIKE,RAMP 5 FR MD 355 SB TO IS 495 EB,,N/A,,SAME DIR REAR END,CLEAR,DRY,DARK LIGHTS ON,NO CONTROLS,NONE DETECTED,,F6D2DE53-82E8-47E1-86A3-B2C2604244A0,Yes,NO APPARENT INJURY,N/A,UNKNOWN,WA,3B088F8D-392F-4462-909F-755ECFD7E861,DISABLING,TWELVE OCLOCK,(SPORT) UTILITY VEHICLE,MOVING CONSTANT SPEED,North,40,No,No,2000,FORD,EXPLORER,38.98411833,-77.09258167,"(38.98411833, -77.09258167)"
MCP3341001H,230019380,Montgomery County Police,Property Damage Crash,04/23/2023 10:15:00 AM,Maryland (State),LAYHILL RD,HATHAWAY DR,,N/A,,SAME DIR REAR END,CLEAR,DRY,DAYLIGHT,NO CONTROLS,N/A,,3185A48D-F5ED-4C1B-8B3E-761EDF584151,Yes,NO APPARENT INJURY,N/A,UNKNOWN,MD,EC12E7C4-C394-4CE5-824E-DCC9045A088B,FUNCTIONAL,TWELVE OCLOCK,PASSENGER CAR,MOVING CONSTANT SPEED,North,40,No,No,2013,NISSAN,CP,39.0747035,-77.045899,"(39.0747035, -77.045899)"
MCP271700BK,170500920,Montgomery County Police,Injury Crash,04/07/2017 03:30:00 PM,Maryland (State),RIVER RD,GOLDSBORO RD,,N/A,,OTHER,CLEAR,DRY,DAYLIGHT,TRAFFIC SIGNAL,NONE DETECTED,,EF78079E-A8A4-42A2-85B1-03B7CFA4B962,No,NO APPARENT INJURY,N/A,NOT DISTRACTED,MD,51213696-7C09-47EE-8C27-24312A4C1C09,SUPERFICIAL,THREE OCLOCK,VAN,SLOWING OR STOPPING,West,45,No,No,2002,TOYOTA,VAN,38.97288317,-77.12160233,"(38.97288317, -77.12160233)"
MCP3122001W,190011713,Montgomery County Police,Property Damage Crash,03/13/2019 10:00:00 PM,Maryland (State),GEORGIA AVE,SHOREFIELD RD,,N/A,,STRAIGHT MOVEMENT ANGLE,CLEAR,DRY,DARK LIGHTS ON,STOP SIGN,NONE DETECTED,,192632B3-FCD2-4B8B-A1BC-554351CBA2CE,Yes,NO APPARENT INJURY,N/A,LOOKED BUT DID NOT SEE,MD,7D1D5D32-DB1B-4F04-B71A-26C89DA15DAF,FUNCTIONAL,SEVEN OCLOCK,PASSENGER CAR,MAKING LEFT TURN,West,35,No,No,2011,CHRYSLER,SEBRING,39.05275333,-77.05098,"(39.05275333, -77.05098)"
MCP2162003Z,190032798,Montgomery County Police,Injury Crash,07/10/2019 06:15:00 AM,Maryland (State),GEORGIA AVE,RAMP 4 FR MD 97 NB TO MD 200 EB,,N/A,,SAME DIR REAR END,CLEAR,DRY,DAYLIGHT,TRAFFIC SIGNAL,N/A,,47CE2929-CE45-4599-B165-4914465590E8,No,NO APPARENT INJURY,N/A,NOT DISTRACTED,MD,7104A11F-5A44-43E5-BCDB-56665EF7559D,DISABLING,SIX OCLOCK,PASSENGER CAR,STOPPED IN TRAFFIC LANE,North,45,No,No,2006,VOLVO,XC90,39.114865,-77.07515833,"(39.114865, -77.07515833)"
MCP32750016,220042879,Montgomery County Police,Injury Crash,10/01/2022 09:13:00 PM,County,E RANDOLPH RD,TAMARACK RD,,N/A,,STRAIGHT MOVEMENT ANGLE,CLEAR,DRY,DARK LIGHTS ON,TRAFFIC SIGNAL,NONE DETECTED,,CB2A8189-9F2E-433B-8CC0-4346B483CB7E,Unknown,NO APPARENT INJURY,N/A,LOOKED BUT DID NOT SEE,MD,84159393-EE86-44E2-B7F4-4A45ABCCBFBE,SUPERFICIAL,TWELVE OCLOCK,PICKUP TRUCK,MOVING CONSTANT SPEED,East,40,No,No,2000,FORD,F350,39.06767833,-76.98589,"(39.06767833, -76.98589)"
MCP2667006D,190043819,Montgomery County Police,Property Damage Crash,09/13/2019 07:00:00 AM,Maryland (State),MONTGOMERY VILLAGE AVE,RUSSELL AVE,,GAITHERSBURG,,SAME DIRECTION LEFT TURN,N/A,DRY,DAYLIGHT,TRAFFIC SIGNAL,NONE DETECTED,,BB9905C6-9235-40D1-B33C-358A43B062F6,No,NO APPARENT INJURY,N/A,NOT DISTRACTED,MD,A7BFF849-4EF6-4B3B-B13D-C4A5E2D25F05,FUNCTIONAL,TWELVE OCLOCK,PASSENGER CAR,STOPPED IN TRAFFIC LANE,South,35,No,No,2018,NISSAN,SUV,39.15463867,-77.2095645,"(39.15463867, -77.2095645)"
MCP1119004L,170550173,Montgomery County Police,Property Damage Crash,12/22/2017 02:24:00 PM,County,ASPEN HILL RD,VEIRS MILL RD,,N/A,,OTHER,CLOUDY,DRY,DAYLIGHT,TRAFFIC SIGNAL,NONE DETECTED,,903734AE-7007-4C37-954F-120C778127A4,Unknown,NO APPARENT INJURY,N/A,NOT DISTRACTED,MD,082C0D65-79EC-4A58-BE2B-6D3C5A635A3C,SUPERFICIAL,ELEVEN OCLOCK,TRANSIT BUS,MAKING RIGHT TURN,South,30,No,No,2013,GILLAG,BUS,39.06934333,-77.10499833,"(39.06934333, -77.10499833)"
MCP32640044,230067205,Montgomery County Police,Property Damage Crash,11/19/2023 08:51:00 AM,County,FENTON ST,THAYER AVE,,N/A,,SAME DIRECTION SIDESWIPE,CLEAR,DRY,DAYLIGHT,NO CONTROLS,ALCOHOL CONTRIBUTED,,C3753E89-277B-4EAD-8751-0DB0A65CFC27,Yes,NO APPARENT INJURY,N/A,UNKNOWN,MD,A3F8A93A-1D82-45BF-9378-05C6A52E3EFD,SUPERFICIAL,TWO OCLOCK,ALL TERRAIN VEHICLE (ATV),MOVING CONSTANT SPEED,East,25,No,No,2023,FORD,EDGE,38.99323783,-77.02392032,"(38.99323783, -77.02392032)"
MCP2473001F,170530275,Montgomery County Police,Property Damage Crash,09/13/2017 07:25:00 AM,County,E RANDOLPH RD,TOURMALINE CT,,N/A,,SAME DIR REAR END,RAINING,WET,DAYLIGHT,WARNING SIGN,N/A,,FF64C470-5AD3-444A-93A5-3A318AEE9DE8,No,NO APPARENT INJURY,"RAIN, SNOW, WET",NOT DISTRACTED,MD,44585EB8-9459-4336-ADF9-F5C4F1D3F93B,FUNCTIONAL,SIX OCLOCK,PASSENGER CAR,SLOWING OR STOPPING,West,40,No,No,2006,INFI,G35X,39.06583167,-76.97333333,"(39.06583167, -76.97333333)"
MCP1310000H,250003139,MONTGOMERY,Injury Crash,01/22/2025 11:00:00 PM,Interstate (State),CAPITAL BELTWAY (WB/L),,,,,Angle,Clear,Dry,Dark - Lighted,No Controls,"Unknown, Not Suspect of Drug Use",,FE7417D2-0DB2-47E6-91AA-7A1F6032DD35,Yes,No Apparent Injury,"Improper Passing, Too Fast For Conditions","Other Action (looking away from task, etc.)",,19380D9C-CC19-48AD-A466-E37FDF950BE4,Disabling,Five O Clock,Passenger Car,Changing Lanes,Westbound,55,No,No,2024,CADILLAC,CT5,38.98671933,-77.15752117,"(38.98671933, -77.15752117)"
MCP31370008,180041641,Montgomery County Police,Property Damage Crash,08/21/2018 04:51:00 PM,,BLAIR MILL RD,GEORGIA AVE,,N/A,,OTHER,CLOUDY,DRY,DAYLIGHT,N/A,N/A,,5DE6BF9D-03D1-465C-AFBF-4F8DEE5C8F83,No,NO APPARENT INJURY,N/A,NOT DISTRACTED,MD,04BE6464-A95D-4664-B9A7-ABBBC78ABE83,SUPERFICIAL,TWELVE OCLOCK,POLICE VEHICLE/NON EMERGENCY,STOPPED IN TRAFFIC LANE,North,25,No,No,2013,FORD,EXPLORER,38.98905228,-77.0269754,"(38.98905228, -77.0269754)"
EJ7902001C,240030298,GAITHERSBURG,Injury Crash,06/26/2024 09:47:00 PM,Maryland (State) Route,MONTGOMERY VILLAGE AVE,FREDERICK RD,,,,Angle,Rain,Wet,Dark - Lighted,Other,"Not Suspect of Alcohol Use, Not Suspect of Drug Use",,C3059E20-DE20-4BD4-A64B-AADEA3F8BE7E,Yes,No Apparent Injury,,Unknown,MD,FE284C80-2C52-4662-B17A-1A6C01C01F2E,Disabling,Twelve O Clock,Passenger Car,Turning Left,Westbound,35,No,No,2013,MERCEDES-BENZ,C-CLASS,39.15257395,-77.21197393,"(39.15257395, -77.21197393)"
MCP2656003N,180054023,Montgomery County Police,Property Damage Crash,10/28/2018 04:34:00 PM,County,RANDOLPH RD,LOCKSLEY LA,,N/A,,OTHER,N/A,DRY,DAYLIGHT,N/A,N/A,,28EADF49-731C-43EF-A90F-A2A1D8411EB6,No,NO APPARENT INJURY,N/A,NOT DISTRACTED,VA,B49A3F61-8A0A-452C-9448-6DF9FDDC11C9,DISABLING,ONE OCLOCK,PASSENGER CAR,MOVING CONSTANT SPEED,East,40,No,No,2010,TOYOTA,HIGHLANDER,39.07029167,-77.01302167,"(39.07029167, -77.01302167)"
MCP2843001W,230003335,Montgomery County Police,Property Damage Crash,01/20/2023 07:15:00 PM,Maryland (State),WOODFIELD RD,MUNCASTER MILL RD,,N/A,,HEAD ON LEFT TURN,CLEAR,DRY,DARK LIGHTS ON,TRAFFIC SIGNAL,N/A,,0C8450C2-410C-4B46-AC17-008ED2839D1B,No,NO APPARENT INJURY,N/A,NOT DISTRACTED,MD,79296C83-E482-453B-934F-1FAE54CA340A,FUNCTIONAL,EIGHT OCLOCK,PICKUP TRUCK,STOPPED IN TRAFFIC LANE,West,45,No,No,2004,DODGE,RAM,39.15880833,-77.16013167,"(39.15880833, -77.16013167)"
MCP2715000R,15047394,MONTGOMERY,Property Damage Crash,09/18/2015 05:22:00 PM,US (State),COLUMBIA PIKE,FAIRLAND RD,,N/A,,SAME DIR REAR END,CLEAR,DRY,DAYLIGHT,TRAFFIC SIGNAL,NONE DETECTED,,C2008190-7F61-4BC1-A36C-AAE83C3DF0F2,Yes,NO APPARENT INJURY,N/A,NOT DISTRACTED,MD,12FBBEAB-76B9-4C3D-B950-375B8E3BA520,FUNCTIONAL,TWELVE OCLOCK,PASSENGER CAR,SLOWING OR STOPPING,South,50,No,No,2002,FORD,E250,39.07309833,-76.95596667,"(39.07309833, -76.95596667)"
MCP26890034,170507042,Montgomery County Police,Injury Crash,05/10/2017 08:07:00 AM,County,E GUDE DR,DOVER RD,,N/A,,SAME DIR REAR END,N/A,DRY,DAYLIGHT,NO CONTROLS,NONE DETECTED,,B043CF5E-0CF5-4395-95A2-6032A7BC26A3,No,POSSIBLE INJURY,N/A,NOT DISTRACTED,MD,8B7A2931-F81D-485A-B251-37264292F75A,SUPERFICIAL,SIX OCLOCK,PASSENGER CAR,STOPPED IN TRAFFIC LANE,East,40,No,No,2010,NISSAN,ROGUE,39.10152485,-77.14151278,"(39.10152485, -77.14151278)"
MCP2853009G,230070670,Montgomery County Police,Injury Crash,12/08/2023 06:05:00 PM,Maryland (State),UNIVERSITY BLVD E,BEGIN BRIDGE,,N/A,,STRAIGHT MOVEMENT ANGLE,CLEAR,DRY,DARK LIGHTS ON,TRAFFIC SIGNAL,N/A,,AD793758-35E5-460E-A1F9-E1147615ED22,Yes,NO APPARENT INJURY,N/A,UNKNOWN,MD,C8A2E97B-9914-4927-9C25-DE6CD626F0F6,DESTROYED,TWELVE OCLOCK,PASSENGER CAR,MOVING CONSTANT SPEED,West,35,No,No,2013,BMW,XI,39.01569666,-77.00523551,"(39.01569666, -77.00523551)"
HA2399000F,15001153,MCPARK,Property Damage Crash,10/12/2015 02:45:00 PM,Maryland (State),CONNECTICUT AVE,PLYERS MILL RD,,N/A,,SAME DIRECTION SIDESWIPE,N/A,DRY,DAYLIGHT,TRAFFIC SIGNAL,N/A,,A0651CA5-7276-4894-87AF-F932BF688F5C,No,NO APPARENT INJURY,N/A,NOT DISTRACTED,VA,815904D9-0B33-4574-9E69-1B166863C3D7,SUPERFICIAL,SEVEN OCLOCK,PICKUP TRUCK,STOPPED IN TRAFFIC LANE,West,35,No,No,2010,CHEVROLET,SILVERADO,39.02965244,-77.07564712,"(39.02965244, -77.07564712)"
MCP31170026,190049847,Montgomery County Police,Property Damage Crash,10/17/2019 04:08:00 PM,County,S GLEN RD,DEEP GLEN DR,,N/A,,OTHER,CLEAR,DRY,DAYLIGHT,NO CONTROLS,NONE DETECTED,,62A7CBF4-F952-41CB-A299-19105CD9EE90,No,NO APPARENT INJURY,N/A,NOT DISTRACTED,MD,33AFB34E-ACD0-49B3-A0BA-9354CEC4E5E1,SUPERFICIAL,TEN OCLOCK,SCHOOL BUS,MOVING CONSTANT SPEED,East,35,No,No,2007,THOMAS,BUS,39.03416,-77.21701167,"(39.03416, -77.21701167)"
MCP29590027,17001566,Montgomery County Police,Injury Crash,01/10/2017 08:15:00 AM,Maryland (State),UNIVERSITY BLVD W,ARCOLA AVE,,N/A,,SAME DIR REAR END,CLEAR,DRY,DAYLIGHT,TRAFFIC SIGNAL,NONE DETECTED,,EDB6CF3D-7C73-4C03-8841-BD576F53E022,Yes,NO APPARENT INJURY,N/A,ADJUSTING AUDIO AND OR CLIMATE CONTROLS,MD,C9EC8E81-763A-4DC0-B35D-5169E4BD97E8,FUNCTIONAL,TWELVE OCLOCK,PASSENGER CAR,SLOWING OR STOPPING,East,40,No,No,1997,HONDA,ACCORD,39.03558419,-77.02607587,"(39.03558419, -77.02607587)"
MCP2809002S,16000772,Montgomery County Police,Injury Crash,01/05/2016 01:22:00 PM,Maryland (State),UNIVERSITY BLVD W,GRANDVIEW AVE,,N/A,BICYCLIST,OTHER,CLEAR,N/A,DAYLIGHT,NO CONTROLS,N/A,N/A,DAEACBDA-AC21-40DD-A2B1-521B6DF21987,No,NO APPARENT INJURY,N/A,NOT DISTRACTED,DC,1391FCED-85A8-46D7-A25A-57E7056CAD9D,NO DAMAGE,TWELVE OCLOCK,PASSENGER CAR,MOVING CONSTANT SPEED,East,35,No,No,2000,HONDA,ACCORD,39.042895,-77.0529,"(39.042895, -77.0529)"
MCP3066001C,190051611,Montgomery County Police,Property Damage Crash,10/27/2019 12:05:00 AM,Maryland (State),RIVER RD,WILLARD AVE,,N/A,,STRAIGHT MOVEMENT ANGLE,RAINING,WET,DARK LIGHTS ON,TRAFFIC SIGNAL,N/A,,A03B929D-7B6F-451C-94F1-FE03D4CDAB73,No,NO APPARENT INJURY,"N/A, WET",NOT DISTRACTED,VA,71C53E91-3C97-47C6-ABD7-23E2D19909CB,DESTROYED,ONE OCLOCK,PASSENGER CAR,MOVING CONSTANT SPEED,West,35,No,No,2003,HONDA,ELEMENT,38.960655,-77.09709167,"(38.960655, -77.09709167)"
MCP2047001S,170528180,Montgomery County Police,Injury Crash,09/01/2017 03:12:00 PM,County,DUFIEF MILL RD,SADDLEVIEW DR,,N/A,,SINGLE VEHICLE,CLOUDY,DRY,DAYLIGHT,NO CONTROLS,NONE DETECTED,,8EA4EBF1-A6DF-4251-9175-52BB68B6E828,Yes,SUSPECTED MINOR INJURY,N/A,OTHER CELLULAR PHONE RELATED,MD,CD8C9875-35CF-4964-992C-A47D7ADB5A12,DISABLING,TWELVE OCLOCK,(SPORT) UTILITY VEHICLE,MOVING CONSTANT SPEED,South,35,No,No,2004,ACURA,MDX,39.085245,-77.241415,"(39.085245, -77.241415)"
MCP25980025,180060145,Montgomery County Police,Property Damage Crash,12/01/2018 07:30:00 PM,Maryland (State),GEORGIA AVE,SPRING ST,,N/A,,SAME DIRECTION SIDESWIPE,RAINING,WET,DARK LIGHTS ON,TRAFFIC SIGNAL,NONE DETECTED,,D4B54AFA-AC22-4D9B-BC21-F572C9C685B7,No,NO APPARENT INJURY,N/A,NOT DISTRACTED,MD,F3F326CE-E88D-4857-9696-B93662B75F45,SUPERFICIAL,TEN OCLOCK,OTHER BUS,STOPPED IN TRAFFIC LANE,North,35,No,No,2016,GILL,BU,38.99915667,-77.03161167,"(38.99915667, -77.03161167)"
MCP2967004C,200031296,Montgomery County Police,Injury Crash,08/11/2020 07:43:00 PM,Maryland (State),WISCONSIN AVE,WISCONSIN CIR,,N/A,,STRAIGHT MOVEMENT ANGLE,CLEAR,DRY,DAYLIGHT,TRAFFIC SIGNAL,N/A,,34D76C9F-F4F4-4B8B-AD82-702232669137,Yes,POSSIBLE INJURY,N/A,UNKNOWN,MD,4D216785-113B-44EC-AAC8-8F34EFDF2956,DISABLING,EIGHT OCLOCK,PASSENGER CAR,MOVING CONSTANT SPEED,North,35,No,No,2014,ACURA,ILX,38.96210017,-77.086361,"(38.96210017, -77.086361)"
MCP1064008Z,190015627,Montgomery County Police,Property Damage Crash,04/04/2019 12:31:00 PM,,,,"HILLANDALE SHOPPING CENTER

10115 NEW HAMPSHIRE AVE

SILVER SPRING, MD 20903",,,SAME DIR REAR END,CLOUDY,,DAYLIGHT,N/A,N/A,,DE116C50-BEDC-4D03-9093-786BFCF29B0F,No,NO APPARENT INJURY,N/A,NOT DISTRACTED,MD,A16B79FA-10BD-429C-AF5C-A18E2CEF08C6,NO DAMAGE,SIX OCLOCK,PASSENGER CAR,PARKED,,0,No,Yes,2013,TOYT,4S,39.02103833,-76.97538833,"(39.02103833, -76.97538833)"
MCP3134004Q,240020040,MONTGOMERY,Property Damage Crash,04/29/2024 04:40:00 PM,County Route,AUTOMOBILE BLVD (NB/L),,,,,Front to Front,Clear,Dry,Daylight,No Controls,"Not Suspect of Alcohol Use, Not Suspect of Drug Use",,3B7BE203-A629-4195-BBF5-642DF4330213,No,No Apparent Injury,,Not Distracted,MD,A1AECC29-817C-44EF-B406-E7054E1CCE3D,Functional,One O Clock,Pickup,Accelerating,Northbound,30,No,No,2023,CHEVROLET,SILVERADO,39.08080767,-76.94689767,"(39.08080767, -76.94689767)"
MCP2799007H,230062157,Montgomery County Police,Property Damage Crash,10/23/2023 04:11:00 PM,Maryland (State),16TH ST,EAST WEST HWY,,N/A,,SAME DIR REAR END,CLEAR,DRY,DAYLIGHT,NO CONTROLS,NONE DETECTED,,C15BA141-4DBA-4763-851A-3D38F4FEAF0F,No,NO APPARENT INJURY,N/A,NOT DISTRACTED,MD,4853CEF0-2899-4857-B975-D6A1F648A14C,DISABLING,FIVE OCLOCK,PASSENGER CAR,STOPPED IN TRAFFIC LANE,North,35,No,No,2018,TOYT,COROLLA,38.9956888,-77.0387233,"(38.9956888, -77.0387233)"