Report Number,Local Case Number,Agency Name,ACRS Report Type,Crash Date/Time,Route Type,Road Name,Cross-Street Name,Off-Road Description,Municipality,Related Non-Motorist,Collision Type,Weather,Surface Condition,Light,Traffic Control,Driver Substance Abuse,Non-Motorist Substance Abuse,Person ID,Driver At Fault,Injury Severity,Circumstance,Driver Distracted By,Drivers License State,Vehicle ID,Vehicle Damage Extent,Vehicle First Impact Location,Vehicle Body Type,Vehicle Movement,Vehicle Going Dir,Speed Limit,Driverless Vehicle,Parked Vehicle,Vehicle Year,Vehicle Make,Vehicle Model,Latitude,Longitude,Location
MCP3222002N,230073587,Montgomery County Police,Injury Crash,12/25/2023 08:39:00 PM,County,DEMOCRACY BLVD,RAMP 8 FR IS 270Y SB TO DEMOCRACY BLVD,,N/A,,SAME DIR REAR END,N/A,DRY,DARK LIGHTS ON,NO CONTROLS,NONE DETECTED,,9BECDD72-8003-4ECB-82FB-97431E056703,No,NO APPARENT INJURY,N/A,NOT DISTRACTED,VA,DC5D3C0D-3A57-451E-8196-498AB6C9A004,SUPERFICIAL,TWELVE OCLOCK,VAN,MOVING CONSTANT SPEED,South,55,No,No,2019,FORD,TRANSIT,39.0236128,-77.14274459,"(39.0236128, -77.14274459)"
MCP3132000D,180047605,Montgomery County Police,Property Damage Crash,09/23/2018 08:21:00 PM,Maryland (State),CONNECTICUT AVE,CHEVY CHASE CIR,,N/A,,SAME DIRECTION RIGHT TURN,RAINING,WET,DARK LIGHTS ON,YIELD SIGN,UNKNOWN,,C72ACDCA-C60B-4302-8E9F-63B4E1008D79,Yes,NO APPARENT INJURY,"RAIN, SNOW, WET",UNKNOWN,,E332D5A5-30D3-4A80-A4E4-310D62D01741,DESTROYED,TWELVE OCLOCK,PASSENGER CAR,MOVING CONSTANT SPEED,South,15,No,No,2011,HONDA,CRV,38.9676385,-77.07964667,"(38.9676385, -77.07964667)"
MCP2689005J,190020045,Montgomery County Police,Property Damage Crash,04/29/2019 12:33:00 PM,County,CRABBS BRANCH WAY,CALHOUN PL,,N/A,,SAME DIRECTION SIDESWIPE,CLOUDY,DRY,DAYLIGHT,NO CONTROLS,NONE DETECTED,,1F343DD5-1A34-42BD-A2A0-09EFA1C9971B,No,NO APPARENT INJURY,N/A,NOT DISTRACTED,MD,0C78CD61-2D38-4B27-9FC2-27D43E075736,SUPERFICIAL,SEVEN OCLOCK,POLICE VEHICLE/EMERGENCY,MOVING CONSTANT SPEED,North,35,No,No,2018,FORD,INTERCEPTOR SEDAN,39.10853333,-77.15221667,"(39.10853333, -77.15221667)"
MCP2986002P,180035674,Montgomery County Police,Injury Crash,07/19/2018 12:45:00 AM,Maryland (State),UNIVERSITY BLVD E,INDIAN SPRING DR,,N/A,,SINGLE VEHICLE,N/A,DRY,DARK LIGHTS ON,NO CONTROLS,ALCOHOL PRESENT,,3EA9704B-8ACC-4E59-B824-AD878385057D,Yes,SUSPECTED MINOR INJURY,N/A,LOOKED BUT DID NOT SEE,MD,09F4A294-77E6-4473-8643-A8FB006D6619,SUPERFICIAL,TWELVE OCLOCK,PASSENGER CAR,MAKING LEFT TURN,South,35,No,No,2004,KIA,SORRENTO,39.03155667,-77.00514,"(39.03155667, -77.00514)"
MCP24980017,200042901,Montgomery County Police,Injury Crash,10/31/2020 01:21:00 AM,County,WISTERIA DR,WILLOW SPRING DR,,N/A,,SINGLE VEHICLE,CLEAR,DRY,DARK LIGHTS ON,N/A,NONE DETECTED,,3A2C2FC6-C6B5-4ACA-9549-8553AB5C211B,Yes,POSSIBLE INJURY,"ANIMAL, N/A",UNKNOWN,MD,0398257C-8521-41D5-9CF2-532E5B292304,FUNCTIONAL,TWELVE OCLOCK,PASSENGER CAR,MOVING CONSTANT SPEED,East,30,No,No,2008,DODGE,CARAVAN,39.16751446,-77.25979099,"(39.16751446, -77.25979099)"
MCP1148001G,16053342,Montgomery County Police,Property Damage Crash,10/17/2016 01:35:00 PM,Maryland (State),MONTGOMERY AVE,WAVERLY ST,,N/A,,SAME DIRECTION LEFT TURN,CLEAR,DRY,DAYLIGHT,TRAFFIC SIGNAL,NONE DETECTED,,FE3E1E78-BDF9-4AFB-BA84-C75D475364F7,No,NO APPARENT INJURY,N/A,NOT DISTRACTED,MD,375C7162-DD7B-47D6-9340-32BC353D3654,SUPERFICIAL,TWO OCLOCK,PASSENGER CAR,MOVING CONSTANT SPEED,East,25,No,No,2007,CHEVY,TAHOE,38.98424667,-77.09215667,"(38.98424667, -77.09215667)"
MCP2931003J,190027332,Montgomery County Police,Property Damage Crash,06/07/2019 10:31:00 PM,Maryland (State),HUNGERFORD DR,MANNAKEE ST,,ROCKVILLE,,STRAIGHT MOVEMENT ANGLE,CLEAR,DRY,DARK LIGHTS ON,TRAFFIC SIGNAL,N/A,,D907580A-4481-4EE0-AD82-ACFD3D81F2AA,Yes,NO APPARENT INJURY,N/A,UNKNOWN,MD,750BBBB0-112A-49E6-B068-FE90ACC8CB9A,DESTROYED,TWELVE OCLOCK,PASSENGER CAR,MAKING LEFT TURN,North,40,No,No,2005,NISS,ALTIMA,39.09666167,-77.153405,"(39.09666167, -77.153405)"
EJ78370053,200030974,Gaithersburg Police Depar,Property Damage Crash,08/09/2020 05:30:00 PM,,,,PARKING LOT OF 10003 FIELDS ROAD,,,OTHER,CLEAR,,DAYLIGHT,NO CONTROLS,UNKNOWN,,C2853777-662B-4E10-AEAB-451AD9A2B8CD,Yes,NO APPARENT INJURY,N/A,UNKNOWN,MD,0B9456D9-1BF9-4141-8CA8-3B7A5D1207B8,UNKNOWN,ONE OCLOCK,PASSENGER CAR,MOVING CONSTANT SPEED,West,15,No,No,2011,FORD,CROWN VICTORIA,39.11675308,-77.20611514,"(39.11675308, -77.20611514)"
MCP21160057,16055337,Montgomery County Police,Property Damage Crash,10/27/2016 04:12:00 PM,County,TWINBROOK PKWY,PARKLAWN DR,,N/A,,SAME DIR REAR END,CLOUDY,WET,DAYLIGHT,TRAFFIC SIGNAL,NONE DETECTED,,DEEBC05E-1534-4954-A3C8-89327853CBDF,Yes,NO APPARENT INJURY,"N/A, WET",OTHER DISTRACTION,MD,E183F6E1-FA0F-4E2F-ADDF-194DFEEEA26D,SUPERFICIAL,TWELVE OCLOCK,PASSENGER CAR,SLOWING OR STOPPING,North,35,No,No,2002,MITSU,4S,39.061065,-77.11641,"(39.061065, -77.11641)"
MCP27530051,210036939,Montgomery County Police,Property Damage Crash,09/19/2021 07:52:00 AM,County,HEWITT AVE,GEORGIA AVE,,N/A,,OTHER,CLEAR,DRY,DAYLIGHT,NO CONTROLS,NONE DETECTED,,44213EF3-6661-4D09-97D0-24FBFD6463EC,Yes,NO APPARENT INJURY,N/A,NOT DISTRACTED,MD,99815364-6478-4DD6-8955-655F5EDF2E52,FUNCTIONAL,ONE OCLOCK,PASSENGER CAR,MOVING CONSTANT SPEED,East,30,No,No,2001,LINC,4S,39.08006616,-77.06165879,"(39.08006616, -77.06165879)"
MCP2782000X,15028802,Montgomery County Police,Property Damage Crash,06/13/2015 12:59:00 PM,Maryland (State),NORBECK RD,ROCKING SPRING DR,,N/A,,STRAIGHT MOVEMENT ANGLE,CLEAR,DRY,DAYLIGHT,STOP SIGN,NONE DETECTED,,043EBD34-0905-4F6F-AB1C-60EFF6C14432,Yes,NO APPARENT INJURY,N/A,LOOKED BUT DID NOT SEE,MD,F5AA7080-E547-4E64-9C41-A6591D6B4CD0,FUNCTIONAL,TWELVE OCLOCK,(SPORT) UTILITY VEHICLE,ACCELERATING,South,25,No,No,2006,TOYT,HIGHLANDER,39.09793833,-77.10498167,"(39.09793833, -77.10498167)"
MCP27360047,17002620,Montgomery County Police,Property Damage Crash,01/15/2017 04:02:00 PM,Maryland (State),WISCONSIN AVE,CORDELL AVE,,N/A,,SAME DIR REAR END,CLEAR,DRY,DAYLIGHT,TRAFFIC SIGNAL,NONE DETECTED,,54BDC69B-97AC-4203-9D1B-B7033C194AE3,Yes,NO APPARENT INJURY,N/A,NOT DISTRACTED,MD,420506E8-02CE-4A19-96E0-322DEB550067,DISABLING,TWELVE OCLOCK,PICKUP TRUCK,MOVING CONSTANT SPEED,North,30,No,No,2007,FORD,TRK,38.99124267,-77.09529,"(38.99124267, -77.09529)"
MCP3200000P,190052239,Montgomery County Police,Property Damage Crash,10/30/2019 01:25:00 PM,,,,LOADING DOCK OF 11825 GRAND PARK AVE,,,SAME DIRECTION SIDESWIPE,CLEAR,,DAYLIGHT,NO CONTROLS,UNKNOWN,,46D4CA10-4FCB-4244-88BD-C0AF9716E565,Yes,NO APPARENT INJURY,N/A,UNKNOWN,,6047352C-0A49-422F-A7CA-90C765B39744,UNKNOWN,UNKNOWN,UNKNOWN,STARTING FROM PARKED,North,5,No,No,0,UNKNOWN,UNKNOWN,39.04962167,-77.11600667,"(39.04962167, -77.11600667)"
MCP3136004H,210028490,Montgomery County Police,Injury Crash,07/23/2021 06:54:00 AM,Maryland (State),UNIVERSITY BLVD E,INDIAN SPRING DR,,N/A,,SAME DIR REAR END,CLEAR,DRY,DAYLIGHT,NO CONTROLS,NONE DETECTED,,5A065A47-5CE5-4AC3-9D8F-240C0B19943F,No,POSSIBLE INJURY,N/A,NOT DISTRACTED,DC,AD960FCC-8922-45AD-A0E3-F089871C2C49,SUPERFICIAL,SIX OCLOCK,PASSENGER CAR,SLOWING OR STOPPING,West,35,No,No,2012,DODGE,AVENGER,39.01348771,-77.0036763,"(39.01348771, -77.0036763)"
MCP2831001M,16056134,Montgomery County Police,Injury Crash,10/31/2016 08:05:00 PM,Maryland (State),GERMANTOWN RD,CROSSOVER,,N/A,,STRAIGHT MOVEMENT ANGLE,CLEAR,DRY,DARK LIGHTS ON,TRAFFIC SIGNAL,N/A,,7DC4EB51-2886-48DD-91CA-BDF3170BD195,No,SUSPECTED MINOR INJURY,N/A,NOT DISTRACTED,MD,DB4C3F87-3BBD-489D-AA5B-0DE98F387CBA,DISABLING,NINE OCLOCK,PASSENGER CAR,MAKING LEFT TURN,South,40,No,No,2012,CHEV,4S,39.18344667,-77.257205,"(39.18344667, -77.257205)"
MCP2777004L,180025351,Montgomery County Police,Injury Crash,05/23/2018 05:22:00 PM,Maryland (State),WILSON LA,EXETER RD,,N/A,,SAME DIR REAR END,CLEAR,DRY,DAYLIGHT,NO CONTROLS,NONE DETECTED,,BF6FAF64-BEBD-460E-B432-AD7190ABE0E6,Yes,NO APPARENT INJURY,N/A,NOT DISTRACTED,MD,67F169EB-8861-4246-8C1C-B0E8CDC3DA80,FUNCTIONAL,TWELVE OCLOCK,PASSENGER CAR,SLOWING OR STOPPING,West,25,No,No,2011,SUBARU,OUTBACK,38.98732667,-77.10332833,"(38.98732667, -77.10332833)"
MCP2786001K,17002392,Montgomery County Police,Injury Crash,01/14/2017 03:20:00 AM,Maryland (State),GEORGIA AVE,FOREST GLEN RD,,N/A,,SAME DIR REAR END,CLEAR,DRY,DARK LIGHTS ON,NO CONTROLS,NONE DETECTED,,C7821FFF-4BE9-48BD-91E4-DF3F7A697253,No,NO APPARENT INJURY,N/A,NOT DISTRACTED,MD,DB341471-D074-49F2-B3E5-903BB13C2C0E,FUNCTIONAL,SIX OCLOCK,PASSENGER CAR,MOVING CONSTANT SPEED,South,35,No,No,2015,HONDA,CIVIC,39.016115,-77.04297333,"(39.016115, -77.04297333)"
MCP10220020,15003122,Montgomery County Police,Property Damage Crash,01/20/2015 08:02:00 AM,County,LONG CORNER RD,DAMASCUS RD,,N/A,,SINGLE VEHICLE,CLEAR,DRY,DAYLIGHT,NO CONTROLS,NONE DETECTED,,DF46C2DC-B562-4F84-B410-7C719260EB49,Yes,NO APPARENT INJURY,N/A,NOT DISTRACTED,MD,176E9C15-68F1-4B62-BA30-890FB5706F56,DISABLING,ONE OCLOCK,PASSENGER CAR,MOVING CONSTANT SPEED,South,30,No,No,2006,FORD,MUSTANG,39.28228333,-77.16135,"(39.28228333, -77.16135)"
MCP2853006S,190048348,Montgomery County Police,Property Damage Crash,10/08/2019 04:41:00 PM,Maryland (State),NEW HAMPSHIRE AVE,ADELPHI RD,,N/A,,SAME DIRECTION SIDESWIPE,CLEAR,DRY,DAYLIGHT,TRAFFIC SIGNAL,N/A,,310FE899-3268-41C5-B7E6-68DF93CFFE93,Yes,NO APPARENT INJURY,N/A,LOOKED BUT DID NOT SEE,MD,E98D9CB4-BF25-4551-95C6-964B2E9D7429,SUPERFICIAL,ONE OCLOCK,"CARGO VAN/LIGHT TRUCK 2 AXLES (OVER 10,000LBS (4,536 KG))",CHANGING LANES,North,40,No,No,2017,WEST,4700SB,39.011295,-76.97866167,"(39.011295, -76.97866167)"
MCP137800KW,180011993,Montgomery County Police,Injury Crash,03/09/2018 05:00:00 PM,County,MONTGOMERY VILLAGE AVE,SPUR TO WIGHTMAN RD,,N/A,,SAME DIR REAR END,CLOUDY,DRY,DAYLIGHT,YIELD SIGN,NONE DETECTED,,E5B55C47-0A91-4B58-977A-BCB091058A07,No,POSSIBLE INJURY,N/A,NOT DISTRACTED,MD,0E12C03A-CF5C-488F-92F3-FE0FC3682186,FUNCTIONAL,SIX OCLOCK,PASSENGER CAR,SLOWING OR STOPPING,North,35,No,No,2014,VOLK,PASSAT,39.18974333,-77.191435,"(39.18974333, -77.191435)"
MCP2546002F,180013100,Montgomery County Police,Fatal Crash,03/15/2018 08:02:00 PM,Maryland (State),NORBECK RD,AVERY RD,,ROCKVILLE,,SAME DIR REAR END,CLEAR,DRY,DARK NO LIGHTS,TRAFFIC SIGNAL,UNKNOWN,,C3FD3782-872B-4048-BF0E-D07B93D231DB,Unknown,FATAL INJURY,N/A,UNKNOWN,MD,004F49A1-197D-4A90-B0E7-5F409A3F0994,DESTROYED,TWELVE OCLOCK,(SPORT) UTILITY VEHICLE,MOVING CONSTANT SPEED,East,50,No,No,2009,HONDA,ELEMENT,39.09274333,-77.12353167,"(39.09274333, -77.12353167)"
MCP2608000M,15002586,Montgomery County Police,Property Damage Crash,01/16/2015 03:56:00 PM,County,MEDICAL PARK DR,FLOWERING TREE TERR,,N/A,,OTHER,CLEAR,DRY,DAYLIGHT,NO CONTROLS,NONE DETECTED,,2FE8FFE7-4698-4A88-A2E5-4D5D0BFC4A7F,Yes,NO APPARENT INJURY,"N/A, SEVERE CROSSWINDS",NOT DISTRACTED,MD,C0760241-235D-4F15-B37E-FCCC29CB0103,NO DAMAGE,ONE OCLOCK,SCHOOL BUS,SLOWING OR STOPPING,East,15,No,No,2008,THOMAS,SCHOOL BUS,39.02399333,-77.041335,"(39.02399333, -77.041335)"
DD5575001H,190011917,Rockville Police Departme,Property Damage Crash,03/15/2019 12:16:00 AM,Municipality,FREDERICK AVE,LENMOR AVE,,ROCKVILLE,,OTHER,CLEAR,DRY,DARK LIGHTS ON,NO CONTROLS,NONE DETECTED,,18ED587C-2437-44B3-9192-0BDD1A98FD58,Yes,NO APPARENT INJURY,N/A,UNKNOWN,MD,34262717-E3F4-4331-B427-4628D0F00F5C,SUPERFICIAL,TWO OCLOCK,PASSENGER CAR,MOVING CONSTANT SPEED,East,25,No,No,2013,HYUND,ELANTRA,39.09461291,-77.15006556,"(39.09461291, -77.15006556)"
MCP3113005L,230066707,Montgomery County Police,Property Damage Crash,11/16/2023 02:00:00 PM,Maryland (State),NEW HAMPSHIRE AVE,WOLF DR,,N/A,,SAME DIR REAR END,CLEAR,DRY,DAYLIGHT,TRAFFIC SIGNAL,N/A,,D5FD9A91-18CF-4267-8ED8-61BB7CC94C19,No,NO APPARENT INJURY,"N/A, VISION OBSTRUCTION (INCL. BLINDED BY SUN)",NOT DISTRACTED,MD,0D2D34E3-4070-4332-84E2-BE0B139D7585,FUNCTIONAL,SIX OCLOCK,PASSENGER CAR,STOPPED IN TRAFFIC LANE,South,40,No,No,2020,HONDA,CIVIC,39.07307692,-77.00285176,"(39.07307692, -77.00285176)"
MCP3392001N,240058545,MONTGOMERY,Property Damage Crash,12/07/2024 12:51:00 PM,County Route,ENNALLS AVE,VEIRS MILL RD,,,,Front to Front,Clear,Dry,Daylight,No Controls,"Not Suspect of Alcohol Use, Not Suspect of Drug Use",,125BD56E-C759-4DED-B453-4A1EDA4787A2,Yes,No Apparent Injury,,Unknown,MD,0AFD906E-897D-4D8B-AA17-B466A8EC3F16,Disabling,Eleven O Clock,Pickup,Entering Traffic Lane,Eastbound,25,No,No,2011,HONDA,RIDGELINE,39.03936696,-77.05427845,"(39.03936696, -77.05427845)"
MCP32550051,230072625,Montgomery County Police,Injury Crash,12/19/2023 05:30:00 PM,County,MEDICAL CENTER DR,GREAT SENECA HWY,,N/A,,STRAIGHT MOVEMENT ANGLE,CLEAR,DRY,DARK LIGHTS ON,TRAFFIC SIGNAL,N/A,,18AF0191-E66A-4454-B8DB-CEEE7560A2CB,Yes,NO APPARENT INJURY,N/A,UNKNOWN,MD,BACC7CF1-C88C-40A5-BF28-E4976ED94F65,DISABLING,TWELVE OCLOCK,PASSENGER CAR,MAKING LEFT TURN,South,45,No,No,2005,ACUR,4S,39.09873083,-77.2040625,"(39.09873083, -77.2040625)"
MCP13780052,15010956,Montgomery County Police,Property Damage Crash,03/09/2015 08:39:00 PM,,,,PARKING LOT OF WHOLE FOODS MARKET 316 KENTLANDS BLVD,,,STRAIGHT MOVEMENT ANGLE,CLEAR,,DARK LIGHTS ON,NO CONTROLS,NONE DETECTED,,03B0CDAF-0E3F-4922-862A-CEA8F6F59E05,No,NO APPARENT INJURY,"N/A, WET",NOT DISTRACTED,MD,777E4AAB-A933-442E-B305-6DF609BF13FD,FUNCTIONAL,TEN OCLOCK,(SPORT) UTILITY VEHICLE,MOVING CONSTANT SPEED,North,15,No,No,2009,FORD,EXPLORER,39.12272333,-77.23645833,"(39.12272333, -77.23645833)"
DD5595004M,170531594,Rockville Police Departme,Property Damage Crash,09/19/2017 07:48:00 PM,Municipality,FALLSGROVE BLVD,SHADY GROVE RD,,N/A,,SAME DIR REAR END,CLOUDY,DRY,DARK LIGHTS ON,TRAFFIC SIGNAL,NONE DETECTED,,AD043F1F-C125-43DB-8FC0-309A7AC9D9ED,No,NO APPARENT INJURY,N/A,NOT DISTRACTED,MD,B2AA5507-84A3-4A0A-A88C-04C8A6BA51B9,SUPERFICIAL,SIX OCLOCK,PASSENGER CAR,STOPPED IN TRAFFIC LANE,West,25,No,No,2014,TOYT,4S,39.09733467,-77.19374067,"(39.09733467, -77.19374067)"
MCP32470014,210019635,Montgomery County Police,Injury Crash,05/24/2021 04:58:00 PM,Maryland (State),GEORGIA AVE,WHITE OAK DR,,N/A,,SAME DIRECTION LEFT TURN,RAINING,WET,DAYLIGHT,OTHER,NONE DETECTED,,578BA123-1DCE-4F8C-9CEE-F6EC10DF0B86,Yes,NO APPARENT INJURY,"BACKUP DUE TO REGULAR CONGESTION, RAIN, SNOW, WET",UNKNOWN,MD,2D3EE257-9E86-4734-B883-D6F73A309A2C,FUNCTIONAL,ONE OCLOCK,PICKUP TRUCK,MOVING CONSTANT SPEED,North,35,No,No,2016,CHEV,TK,39.01046333,-77.04058333,"(39.01046333, -77.04058333)"
DD5638000F,190033934,Rockville Police Departme,Property Damage Crash,07/17/2019 02:52:00 PM,Maryland (State),W JEFFERSON ST,W MONTGOMERY AVE,,ROCKVILLE,,HEAD ON LEFT TURN,CLEAR,DRY,DAYLIGHT,TRAFFIC SIGNAL,NONE DETECTED,,FC0249A7-1F95-44E2-B9F2-F91E1A3D4DAE,No,NO APPARENT INJURY,N/A,NOT DISTRACTED,MD,462F97EE-9E8C-4FA5-9005-BE42CFA44799,DISABLING,ELEVEN OCLOCK,PASSENGER CAR,MOVING CONSTANT SPEED,East,25,No,No,2016,JEEP,WRANGLER,39.08401667,-77.15693333,"(39.08401667, -77.15693333)"
MCP94280011,16008161,Montgomery County Police,Property Damage Crash,02/18/2016 02:54:00 PM,County,MIDDLEBROOK RD,OBSERVATION DR,,N/A,,SAME DIRECTION LEFT TURN,CLEAR,DRY,N/A,TRAFFIC SIGNAL,NONE DETECTED,,BF3E2441-686C-4CB7-B744-292EB5DD865F,No,NO APPARENT INJURY,N/A,NOT DISTRACTED,MD,CB893258-4F15-4A91-BE4D-24025052BAC6,DISABLING,ONE OCLOCK,(SPORT) UTILITY VEHICLE,MOVING CONSTANT SPEED,East,40,No,No,2004,JEEP,GRAND CHEROKEE,39.17922667,-77.24066167,"(39.17922667, -77.24066167)"
MCP32440027,230001822,Montgomery County Police,Injury Crash,01/12/2023 06:15:00 AM,Maryland (State),PINEY BRANCH RD,PARKSIDE RD,,N/A,,STRAIGHT MOVEMENT ANGLE,RAINING,WET,DARK LIGHTS ON,STOP SIGN,NONE DETECTED,,C06BE3D2-2E81-469F-A687-1B5A94F08869,Yes,POSSIBLE INJURY,N/A,LOOKED BUT DID NOT SEE,MD,FC7B1214-A60F-4ABC-9337-D847DBF4A159,DISABLING,ELEVEN OCLOCK,PASSENGER CAR,MAKING RIGHT TURN,East,30,No,No,2018,FORD,FUSION,38.989248,-77.0115,"(38.989248, -77.0115)"
MCP2407000J,16045848,Montgomery County Police,Property Damage Crash,09/07/2016 05:40:00 PM,,,,IN PARKING GARAGE OF 275 N. WASHINGTON STREET ROCKVILLE MD 20855,,,SINGLE VEHICLE,RAINING,,DAYLIGHT,NO CONTROLS,N/A,,17FE45AD-2845-4CBE-BF75-41668A84CEC9,Yes,NO APPARENT INJURY,N/A,LOOKED BUT DID NOT SEE,VA,AD08E544-07B3-4B6C-A35E-11486585C767,FUNCTIONAL,TEN OCLOCK,POLICE VEHICLE/EMERGENCY,STARTING FROM PARKED,East,5,No,No,2014,DODGE,CHARGER,39.08808454,-77.15331584,"(39.08808454, -77.15331584)"
MCP1174003P,190031672,Montgomery County Police,Property Damage Crash,07/03/2019 10:00:00 AM,Maryland (State),EAST WEST HWY (W/B COUPLET),WAVERLY ST,,N/A,,SAME DIR REAR END,CLEAR,DRY,DAYLIGHT,NO CONTROLS,NONE DETECTED,,AFBD3958-5088-45E2-BBAF-D50A12655255,No,NO APPARENT INJURY,N/A,NOT DISTRACTED,MD,A1803149-E641-4FB2-AAF5-7247A62AF458,FUNCTIONAL,SIX OCLOCK,PASSENGER CAR,STOPPED IN TRAFFIC LANE,West,25,No,No,2019,SUBARU,4S,38.98496851,-77.09182042,"(38.98496851, -77.09182042)"
DD55950049,170513813,Rockville Police Departme,Injury Crash,06/15/2017 11:45:00 AM,Maryland (State),FIRST ST,ROCKVILLE PIKE,,N/A,,OTHER,CLOUDY,DRY,DAYLIGHT,TRAFFIC SIGNAL,NONE DETECTED,,B4D2DB0A-538D-416C-B6B4-8CCEC3FA5FE0,No,NO APPARENT INJURY,N/A,NOT DISTRACTED,MD,1763B3A5-BA1D-4FE3-AC30-1ACBE7F10F2A,SUPERFICIAL,TWELVE OCLOCK,PASSENGER CAR,STOPPED IN TRAFFIC LANE,West,30,No,No,2006,FORD,E350,39.07757633,-77.13903633,"(39.07757633, -77.13903633)"
MCP285900B5,210027738,Montgomery County Police,Injury Crash,07/18/2021 12:10:00 PM,County,MONTGOMERY VILLAGE AVE,STEDWICK RD,,N/A,,SAME DIR REAR END,CLOUDY,DRY,DAYLIGHT,NO CONTROLS,NONE DETECTED,,F94C87E3-CC6A-4885-B8F2-0150E055A3FA,No,NO APPARENT INJURY,N/A,NOT DISTRACTED,MD,69B311BB-9369-4C91-9BCF-F092C2547BF8,FUNCTIONAL,SIX OCLOCK,PASSENGER CAR,SLOWING OR STOPPING,South,35,No,No,2020,ACUR,MDX,39.168485,-77.20489,"(39.168485, -77.20489)"
MCP2948004P,210049915,Montgomery County Police,Property Damage Crash,12/08/2021 08:00:00 PM,County,HENDERSON AVE,CLARIDGE RD,,N/A,,SAME DIRECTION SIDESWIPE,CLEAR,DRY,DARK LIGHTS ON,NO CONTROLS,N/A,,8293CFD1-5055-4BB4-8978-1CB359736FF5,Yes,NO APPARENT INJURY,N/A,LOOKED BUT DID NOT SEE,MD,60CDC5EE-1472-45A9-8449-646EA5F7979B,SUPERFICIAL,TWO OCLOCK,TRANSIT BUS,MAKING RIGHT TURN,East,25,No,No,2013,GILLIG,BUS,39.054755,-77.064024,"(39.054755, -77.064024)"
MCP3129005T,220054205,Montgomery County Police,Property Damage Crash,12/08/2022 07:28:00 AM,County,BEL PRE RD,ASTRODOME DR,,N/A,,SAME DIR REAR END,CLEAR,WET,DAYLIGHT,OTHER,NONE DETECTED,,6A74AEE1-568D-436D-A1F0-FD11728FF132,No,NO APPARENT INJURY,"N/A, WET",NOT DISTRACTED,MD,44EC57DB-0589-4FC3-998F-A67E1A05F805,SUPERFICIAL,SIX OCLOCK,PASSENGER CAR,SLOWING OR STOPPING,West,35,No,No,2003,TOYT,PV,39.09046,-77.05044,"(39.09046, -77.05044)"
MCP3249004F,220047417,Montgomery County Police,Property Damage Crash,10/28/2022 05:28:00 PM,US (State),COLUMBIA PIKE,GREENCASTLE RD,,N/A,,STRAIGHT MOVEMENT ANGLE,CLEAR,DRY,DUSK,TRAFFIC SIGNAL,NONE DETECTED,,53175479-E936-4C27-8B39-0D59285EDCEE,No,NO APPARENT INJURY,N/A,NOT DISTRACTED,MD,C4CAB174-196D-4C9E-870F-C373B1772CAD,DISABLING,SEVEN OCLOCK,PASSENGER CAR,STARTING FROM LANE,South,55,No,No,2020,FORD,MUSTANG,39.09562667,-76.93827333,"(39.09562667, -76.93827333)"
DD559500DS,230047945,Rockville Police Departme,Property Damage Crash,08/05/2023 12:15:00 PM,Maryland (State),ROCKVILLE PIKE,MT VERNON PL,,ROCKVILLE,,STRAIGHT MOVEMENT ANGLE,CLOUDY,DRY,DAYLIGHT,STOP SIGN,NONE DETECTED,,095CAB03-85B1-4932-A3BE-142B11D20487,Yes,NO APPARENT INJURY,N/A,NOT DISTRACTED,MD,E37F908C-D853-4B2F-A341-E401951B5E71,DISABLING,TWELVE OCLOCK,PASSENGER CAR,ACCELERATING,East,25,No,No,2014,SUBA,WG,39.078854,-77.14208983,"(39.078854, -77.14208983)"
MCP2694001J,15036556,MONTGOMERY,Property Damage Crash,07/24/2015 01:22:00 PM,County,JONES BRIDGE RD,CONNECTICUT AVE,,N/A,,SAME DIRECTION SIDESWIPE,CLEAR,DRY,DAYLIGHT,TRAFFIC SIGNAL,UNKNOWN,,95B10211-0EF1-4A91-B4B8-A8ABF923A341,Yes,NO APPARENT INJURY,N/A,UNKNOWN,,59AFC262-8B83-4152-9AFA-9DE2A0038A65,UNKNOWN,ELEVEN OCLOCK,PASSENGER CAR,CHANGING LANES,East,35,No,No,2014,SUBARU,UNKNOWN,38.99974237,-77.0775032,"(38.99974237, -77.0775032)"
MCP2948006C,230047713,Montgomery County Police,Injury Crash,08/03/2023 09:50:00 PM,County,RANDOLPH RD,CONNECTICUT AVE,,N/A,,HEAD ON LEFT TURN,RAINING,WET,DARK -- UNKNOWN LIGHTING,TRAFFIC SIGNAL,N/A,,7DDA3049-BDCF-4B7A-9B02-4FD4B6B895AC,Yes,NO APPARENT INJURY,"RAIN, SNOW, WET",UNKNOWN,MD,00888E8A-C6E3-4E62-BAA7-4627D099B6E5,DISABLING,ONE OCLOCK,PASSENGER CAR,MAKING LEFT TURN,West,35,No,No,2021,TOYOTA,HIGHLANDER,39.05699167,-77.07359167,"(39.05699167, -77.07359167)"
MCP3163007K,240046409,MONTGOMERY,Property Damage Crash,09/28/2024 08:06:00 PM,Maryland (State) Route,MONTGOMERY AVE,,,,,"Sideswipe, Same Direction",Clear,Dry,Dark - Lighted,No Controls,"Not Suspect of Alcohol Use, Not Suspect of Drug Use",,02F42956-FF70-4A0E-A78A-32C324226DC2,No,No Apparent Injury,,Not Distracted,US,1D7BAB23-7E45-4617-A2C5-8FD55AE88BC2,Functional,Three O Clock,Sport Utility Vehicle,Moving Constant Speed,Eastbound,35,No,No,2021,TOYOTA,RAV4,38.98382314,-77.09310563,"(38.98382314, -77.09310563)"