Report Number,Local Case Number,Agency Name,ACRS Report Type,Crash Date/Time,Route Type,Road Name,Cross-Street Name,Off-Road Description,Municipality,Related Non-Motorist,Collision Type,Weather,Surface Condition,Light,Traffic Control,Driver Substance Abuse,Non-Motorist Substance Abuse,Person ID,Driver At Fault,Injury Severity,Circumstance,Driver Distracted By,Drivers License State,Vehicle ID,Vehicle Damage Extent,Vehicle First Impact Location,Vehicle Body Type,Vehicle Movement,Vehicle Going Dir,Speed Limit,Driverless Vehicle,Parked Vehicle,Vehicle Year,Vehicle Make,Vehicle Model,Latitude,Longitude,Location
MCP1174004R,210012301,Montgomery County Police,Property Damage Crash,04/02/2021 10:01:00 AM,Maryland (State),WISCONSIN AVE,MONTGOMERY AVE,,N/A,,SAME DIR REAR END,CLEAR,DRY,DAYLIGHT,WARNING SIGN,NONE DETECTED,,2BD2146E-DEA7-467A-B9C6-2E90CE4B0226,Yes,NO APPARENT INJURY,"BACKUP DUE TO REGULAR CONGESTION, N/A",NOT DISTRACTED,MD,0E5C5F19-79BB-46AE-9668-473162EE8521,SUPERFICIAL,ONE OCLOCK,PASSENGER CAR,CHANGING LANES,South,25,No,No,2010,TOYOTA,HIGHLANDER,38.98345925,-77.09383708,"(38.98345925, -77.09383708)"
MCP2712000G,15007593,Montgomery County Police,Injury Crash,02/15/2015 09:31:00 AM,Maryland (State),OLD COLUMBIA PIKE,ENT TO OLD COLUMBIA SHOPPING CENTER,,N/A,,OPPOSITE DIRECTION SIDESWIPE,CLEAR,ICE,DAYLIGHT,TRAFFIC SIGNAL,NONE DETECTED,,92B6EBF7-9DA1-4EBA-BEB1-6D2C3EFDA976,No,POSSIBLE INJURY,"ICY OR SNOW-COVERED, N/A",NOT DISTRACTED,MD,8C06C4DA-5032-443C-A2CD-A96A2D379053,DISABLING,TEN OCLOCK,PICKUP TRUCK,STOPPED IN TRAFFIC LANE,East,45,No,No,2011,FORD,F150,39.11244333,-76.93285,"(39.11244333, -76.93285)"
MCP2072005H,220017543,Montgomery County Police,Property Damage Crash,04/12/2022 12:30:00 PM,Maryland (State),GERMANTOWN RD,FREDERICK RD,,N/A,,SAME DIR REAR END,CLEAR,DRY,DAYLIGHT,NO CONTROLS,UNKNOWN,,F56DF7C8-17B5-45FB-9A17-4414399D77D5,Yes,NO APPARENT INJURY,N/A,NOT DISTRACTED,,BB7F34E0-DD5F-47B1-BDE0-3AF6767FBBDF,UNKNOWN,UNKNOWN,PASSENGER CAR,MOVING CONSTANT SPEED,North,30,No,No,2010,TOYT,TK,39.20891333,-77.24462667,"(39.20891333, -77.24462667)"
MCP3107000M,180016247,Montgomery County Police,Property Damage Crash,04/04/2018 08:44:00 AM,County,E GUDE DR,CALHOUN DR,,N/A,,SAME DIR REAR END,CLOUDY,WET,DAYLIGHT,N/A,NONE DETECTED,,3EBAABF5-CC22-4564-899C-699C38793CB6,Yes,NO APPARENT INJURY,"N/A, WET",NOT DISTRACTED,MD,439E0096-CF6A-48C9-8543-89113363BFF8,DISABLING,TWELVE OCLOCK,PASSENGER CAR,SLOWING OR STOPPING,East,40,No,No,1998,HONDA,4S,39.10629127,-77.14915305,"(39.10629127, -77.14915305)"
MCP3208002L,220004068,Montgomery County Police,Property Damage Crash,01/31/2022 01:07:00 AM,,,,REAR PARKING LOT OF 1100 CORLISS ST,,,SINGLE VEHICLE,CLEAR,,DARK LIGHTS ON,NO CONTROLS,N/A,,4BF60D20-037C-44E1-BFAE-358831E09282,Yes,NO APPARENT INJURY,"ICY OR SNOW-COVERED, N/A",NOT DISTRACTED,MD,82754E83-B54E-4A97-84AA-53BBB1326926,DISABLING,ELEVEN OCLOCK,(SPORT) UTILITY VEHICLE,NEGOTIATING A CURVE,East,10,No,No,2017,HONDA,CRV,39.01816573,-76.98926502,"(39.01816573, -76.98926502)"
MCP28100025,220054810,Montgomery County Police,Injury Crash,12/11/2022 05:15:00 PM,County,GOSHEN RD,SNOUFFERS SCHOOL RD,,N/A,PEDESTRIAN,ANGLE MEETS LEFT HEAD ON,CLEAR,DRY,DARK NO LIGHTS,TRAFFIC SIGNAL,N/A,N/A,6D542754-C634-4A73-82D7-13FEA1F691B6,No,NO APPARENT INJURY,N/A,NOT DISTRACTED,MD,01D31935-9E02-4149-A397-24E989348D54,NO DAMAGE,TWELVE OCLOCK,PASSENGER CAR,MAKING LEFT TURN,North,35,No,No,2000,TOYT,4S,39.18785883,-77.186636,"(39.18785883, -77.186636)"
HA2401000C,17001580,Maryland-National Capital,Property Damage Crash,11/29/2017 04:45:00 PM,Maryland (State),SPENCERVILLE RD,PEACH ORCHARD RD,,N/A,,STRAIGHT MOVEMENT ANGLE,CLEAR,DRY,DUSK,N/A,NONE DETECTED,,5F08A082-E05E-4B1C-AFC2-38AE2165F87B,Unknown,NO APPARENT INJURY,N/A,NOT DISTRACTED,MD,1AD45EB7-CB1D-434C-85FE-DA5AD12838EA,SUPERFICIAL,ELEVEN OCLOCK,POLICE VEHICLE/EMERGENCY,MAKING LEFT TURN,West,40,No,No,2017,FORD,EXPLORER,39.1155682,-76.96109936,"(39.1155682, -76.96109936)"
MCP271700QF,190043822,Montgomery County Police,Property Damage Crash,09/13/2019 07:10:00 AM,County,SUNDALE DR,EAST WEST HWY,,N/A,,SAME DIR REAR END,CLEAR,DRY,DAYLIGHT,TRAFFIC SIGNAL,NONE DETECTED,,FA916AC4-B550-4A70-8163-0870301F124F,No,NO APPARENT INJURY,N/A,NOT DISTRACTED,MD,23D914C0-0CD7-4B15-9EC7-AE09813A11E5,SUPERFICIAL,SIX OCLOCK,(SPORT) UTILITY VEHICLE,STOPPED IN TRAFFIC LANE,South,25,No,No,2019,TOYOTA,RAV4,38.99537933,-77.0456205,"(38.99537933, -77.0456205)"
MCP2763002L,190055077,Montgomery County Police,Property Damage Crash,11/15/2019 10:30:00 AM,County,SNOUFFERS SCHOOL RD,WOODFIELD RD,,N/A,,SAME DIR REAR END,CLEAR,DRY,DAYLIGHT,NO CONTROLS,NONE DETECTED,,EDE5467A-59DA-4B54-969A-A64A485B9DF8,Yes,NO APPARENT INJURY,N/A,UNKNOWN,MD,78033994-029F-4FA4-A4B2-0AAF2750AD5C,SUPERFICIAL,TWELVE OCLOCK,PICKUP TRUCK,SLOWING OR STOPPING,North,40,No,No,2005,FORD,F150,39.16066167,-77.16259667,"(39.16066167, -77.16259667)"
MCP13050011,16053170,Montgomery County Police,Injury Crash,10/16/2016 09:22:00 AM,County,SHADY GROVE RD,MILL RUN DR,,N/A,,STRAIGHT MOVEMENT ANGLE,CLEAR,N/A,DAYLIGHT,TRAFFIC SIGNAL,NONE DETECTED,,4E1931FD-86A9-4EA7-9F01-1F7620B29A52,No,SUSPECTED MINOR INJURY,N/A,NOT DISTRACTED,MD,02F3C342-B1BD-44B6-81F8-45A79EEBCE67,DISABLING,TWELVE OCLOCK,PASSENGER CAR,MOVING CONSTANT SPEED,North,45,No,No,1997,HONDA,CIVIC 4S,39.14511616,-77.14997783,"(39.14511616, -77.14997783)"
MCP2928001H,17000180,Montgomery County Police,Property Damage Crash,01/02/2017 12:51:00 AM,US (State),COLESVILLE RD,FENTON ST,,N/A,,STRAIGHT MOVEMENT ANGLE,CLEAR,DRY,DARK LIGHTS ON,TRAFFIC SIGNAL,NONE DETECTED,,1462827C-85E4-41A5-958A-0678E74AF563,Yes,NO APPARENT INJURY,N/A,NOT DISTRACTED,MD,1FAEAC5B-8157-4734-8BD7-D92A5780A56D,DISABLING,TWELVE OCLOCK,PASSENGER CAR,MOVING CONSTANT SPEED,North,25,No,No,2000,MAZD,4S,38.99762868,-77.02699453,"(38.99762868, -77.02699453)"
MCP3317001W,240028560,MONTGOMERY,Property Damage Crash,06/15/2024 08:23:00 PM,County Route,,BRIGGS CHANEY RD (WB/L),,,,Angle,Clear,Dry,Dusk,Traffic Control Signal,"Not Suspect of Alcohol Use, Not Suspect of Drug Use",,591F1BFC-C687-49B2-A703-5D7496543E30,Yes,No Apparent Injury,,Not Distracted,MD,5F0C5774-5583-42C5-9737-FA6A957D1A4F,Disabling,Twelve O Clock,Sport Utility Vehicle,Moving Constant Speed,,35,No,No,2016,NISSAN,ROGUE,39.0843116,-76.95100534,"(39.0843116, -76.95100534)"
MCP30020036,190007237,Montgomery County Police,Property Damage Crash,02/14/2019 03:21:00 PM,County,RADNOR RD,TANGLEWOOD DR,,N/A,,SAME DIRECTION SIDESWIPE,CLEAR,DRY,DAYLIGHT,NO CONTROLS,NONE DETECTED,,4D0BE63A-CE08-4C7D-AF4A-B98E887BCBB4,Yes,NO APPARENT INJURY,N/A,NOT DISTRACTED,MD,0E3483B5-2C2F-4ABA-AB30-94B5FD5C1BB1,SUPERFICIAL,FOUR OCLOCK,SCHOOL BUS,MAKING RIGHT TURN,East,25,No,No,2006,THOMAS,BUS,38.980103,-77.11473433,"(38.980103, -77.11473433)"
MCP3149002C,210023131,Montgomery County Police,Property Damage Crash,06/17/2021 08:13:00 AM,US (State),COLESVILLE RD,RAMP 4 FR US 29 NB TO IS 495 EB,,N/A,,SAME DIRECTION LEFT TURN,CLEAR,DRY,DAYLIGHT,N/A,UNKNOWN,,02F62699-4A57-45D8-8256-001D2E881803,Yes,NO APPARENT INJURY,N/A,UNKNOWN,,B09F7B6E-9546-4CE6-A236-C4244528ED0F,UNKNOWN,SEVEN OCLOCK,PASSENGER CAR,ACCELERATING,North,35,No,No,2016,HYUNDAI,UNKNOWN,39.015485,-76.97870833,"(39.015485, -76.97870833)"
MCP1305003P,190061811,Montgomery County Police,Injury Crash,12/23/2019 03:30:00 PM,Maryland (State),MUNCASTER MILL RD,BOWIE MILL RD,,N/A,,SAME DIR REAR END,CLEAR,DRY,DAYLIGHT,TRAFFIC SIGNAL,NONE DETECTED,,FB2E8014-BBD4-430F-BA9A-7DEB6143009B,Yes,NO APPARENT INJURY,N/A,UNKNOWN,MD,6E425095-893B-4855-A2EA-52A80940F4EB,SUPERFICIAL,TWELVE OCLOCK,PICKUP TRUCK,SLOWING OR STOPPING,East,35,No,No,2003,DODGE,RAM PICK-UP,39.13371915,-77.12242121,"(39.13371915, -77.12242121)"
MCP229800MM,190011821,Montgomery County Police,Injury Crash,03/14/2019 02:18:00 PM,Maryland (State),GREAT SENECA HWY,MATENY RD,,N/A,,HEAD ON LEFT TURN,CLEAR,DRY,DAYLIGHT,TRAFFIC SIGNAL,NONE DETECTED,,BC27B3F1-F513-4AA9-82AF-1C8B8EACF335,No,POSSIBLE INJURY,N/A,NOT DISTRACTED,MD,2AB53F40-D100-432F-BE06-65F3380EAC5E,FUNCTIONAL,EIGHT OCLOCK,(SPORT) UTILITY VEHICLE,STOPPED IN TRAFFIC LANE,West,40,No,No,2018,NISSAN,ROGUE,39.14619117,-77.274589,"(39.14619117, -77.274589)"
DD5612000M,170503099,Rockville Police Departme,Property Damage Crash,04/20/2017 09:38:00 AM,Municipality,REDLAND BLVD,PICCARD DR,,ROCKVILLE,,SAME DIRECTION RIGHT TURN,CLOUDY,WET,DAYLIGHT,TRAFFIC SIGNAL,NONE DETECTED,,084374A4-9F00-4CC4-AAD6-9698B98DDA61,No,NO APPARENT INJURY,N/A,NOT DISTRACTED,MD,290DD922-C5F6-4B16-8B3F-6113B9659287,DISABLING,ELEVEN OCLOCK,PASSENGER CAR,ACCELERATING,East,25,No,No,2014,CHEV,4S,39.10868667,-77.18200333,"(39.10868667, -77.18200333)"
MCP93790018,170506980,Montgomery County Police,Injury Crash,05/10/2017 08:46:00 AM,Maryland (State),NORBECK RD,AVERY RD,,ROCKVILLE,,STRAIGHT MOVEMENT ANGLE,CLEAR,DRY,DAYLIGHT,TRAFFIC SIGNAL,NONE DETECTED,,8FF67C3A-953C-49F1-8C4E-9EECE8ED1478,Yes,NO APPARENT INJURY,N/A,NOT DISTRACTED,MD,691B7F0C-73A5-4D75-ADC3-AC1D0A5E5B8C,DISABLING,FIVE OCLOCK,SCHOOL BUS,MAKING LEFT TURN,East,40,No,No,2017,THOMAS,PUSHER,39.09309167,-77.12249,"(39.09309167, -77.12249)"
MCP2674000T,180040086,Montgomery County Police,Injury Crash,08/12/2018 04:10:00 PM,County,MIDDLEBROOK RD,FREDERICK RD,,N/A,,HEAD ON LEFT TURN,RAINING,WET,DAYLIGHT,TRAFFIC SIGNAL,NONE DETECTED,,64857E2C-F9DF-4EE3-A77B-7A7F28747B1E,No,NO APPARENT INJURY,"RAIN, SNOW, WET",NOT DISTRACTED,MD,7A7064B8-0ED0-4665-B87B-510EB1DE2DC9,DISABLING,THREE OCLOCK,PASSENGER CAR,ACCELERATING,West,40,No,No,2006,VW,TOUREG,39.18102667,-77.23886667,"(39.18102667, -77.23886667)"
MCP31210054,220057216,Montgomery County Police,Property Damage Crash,12/25/2022 05:03:00 PM,County,CENTERWAY RD,BROADWATER DR,,N/A,,STRAIGHT MOVEMENT ANGLE,CLEAR,DRY,DARK -- UNKNOWN LIGHTING,NO CONTROLS,NONE DETECTED,,DFC904D7-A847-4F39-A5E7-4CD8C769283C,No,NO APPARENT INJURY,N/A,NOT DISTRACTED,MD,1BA56855-61AC-4615-B52B-A9C1BB285B02,OTHER,ONE OCLOCK,PASSENGER CAR,SLOWING OR STOPPING,South,35,No,No,2015,NISSAN,ROUGE,39.16946084,-77.19360308,"(39.16946084, -77.19360308)"
MCP22980056,15017816,Montgomery County Police,Property Damage Crash,04/16/2015 06:52:00 PM,County,SNOWDEN FARM PKWY (PROP),FOREMAN BLVD,,N/A,,ANGLE MEETS RIGHT TURN,CLOUDY,DRY,DUSK,STOP SIGN,NONE DETECTED,,7EBFC1C1-C3E9-48AD-A74D-0212F2F5E921,Yes,NO APPARENT INJURY,N/A,LOOKED BUT DID NOT SEE,MD,224629D0-203B-4047-9F31-C61A7EC6623E,FUNCTIONAL,TEN OCLOCK,(SPORT) UTILITY VEHICLE,MAKING RIGHT TURN,East,40,No,No,2015,MERZ,GLA250,39.23167167,-77.25847333,"(39.23167167, -77.25847333)"
MCP2908001V,16053207,Montgomery County Police,Injury Crash,10/16/2016 02:53:00 PM,Maryland (State),NEW HAMPSHIRE AVE,ADELPHI RD,,N/A,,SAME DIR REAR END,CLEAR,DRY,DAYLIGHT,NO CONTROLS,NONE DETECTED,,7244073B-5B85-410B-B4A3-B4F33D1CA21B,No,POSSIBLE INJURY,N/A,NOT DISTRACTED,MD,15795309-5806-4995-8993-ED7C4DFFB8BF,DISABLING,SIX OCLOCK,PASSENGER CAR,STOPPED IN TRAFFIC LANE,North,40,No,No,2006,BMW,X3,39.01256667,-76.97869167,"(39.01256667, -76.97869167)"
MCP2722001Q,16038862,Montgomery County Police,Injury Crash,08/01/2016 09:38:00 AM,Maryland (State),GEORGIA AVE,ENT TO BUSINESS,,N/A,,STRAIGHT MOVEMENT ANGLE,CLEAR,DRY,DAYLIGHT,STOP SIGN,N/A,,C55D3B77-A569-4A3D-8B6E-6040A76DACCD,Yes,NO APPARENT INJURY,N/A,NOT DISTRACTED,MD,A8E041CF-188D-4C3F-8C98-BB6B94B339D6,DISABLING,TEN OCLOCK,PASSENGER CAR,MAKING LEFT TURN,East,15,No,No,2016,AUDI,A6,39.085165,-77.07864,"(39.085165, -77.07864)"
MCP913000DM,220054929,Montgomery County Police,Injury Crash,12/12/2022 01:10:00 PM,Maryland (State),UNIVERSITY BLVD E,E FRANKLIN AVE,,N/A,,SAME DIR REAR END,CLEAR,DRY,DAYLIGHT,TRAFFIC SIGNAL,NONE DETECTED,,2859B14F-1786-4812-9B2B-EEA8A158B8A2,Yes,NO APPARENT INJURY,N/A,UNKNOWN,MD,A38DE3E4-73A4-4EA0-9F1B-FD744ED0D368,FUNCTIONAL,TWELVE OCLOCK,(SPORT) UTILITY VEHICLE,SLOWING OR STOPPING,West,35,No,No,2022,TOYOTA,HIGHLANDER,39.0119791,-77.00242217,"(39.0119791, -77.00242217)"
MCP3136001B,190003018,Montgomery County Police,Property Damage Crash,01/19/2019 06:00:00 AM,County,QUEBEC ST,PRINCE GEORGES CO/L,,N/A,,SAME DIR REAR END,CLOUDY,WET,DARK LIGHTS ON,N/A,UNKNOWN,,2C0306CA-DD92-462D-A7B2-1B4F1EA7067B,Yes,NO APPARENT INJURY,N/A,UNKNOWN,,8A2EA02F-39A5-4274-9D55-162FE76EA81E,SUPERFICIAL,TWELVE OCLOCK,UNKNOWN,MOVING CONSTANT SPEED,West,25,No,No,0,UNKNOWN,UNKNOWN,39.00064333,-76.98768333,"(39.00064333, -76.98768333)"
MCP1205008D,220043097,Montgomery County Police,Property Damage Crash,10/03/2022 02:15:00 PM,Municipality,THORNAPPLE ST,CONNECTICUT AVE,,N/A,,SAME DIRECTION RIGHT TURN,RAINING,WET,DAYLIGHT,NO CONTROLS,NONE DETECTED,,4773F2AE-19D6-4D76-82AA-50327BDFDF93,Yes,NO APPARENT INJURY,N/A,NOT DISTRACTED,MD,06F294D6-1FFF-4616-963B-40606EFE878F,SUPERFICIAL,TWO OCLOCK,PICKUP TRUCK,MOVING CONSTANT SPEED,West,25,No,No,2020,FORD,F150,38.98209134,-77.07902954,"(38.98209134, -77.07902954)"
MCP28090038,16036035,Montgomery County Police,Property Damage Crash,07/16/2016 09:57:00 AM,Maryland (State),CONNECTICUT AVE,VEIRS MILL RD,,N/A,,SAME DIR REAR END,CLEAR,DRY,DAYLIGHT,TRAFFIC SIGNAL,N/A,,97CF6241-4349-478D-A406-F1FCEC9CE68F,No,NO APPARENT INJURY,N/A,NOT DISTRACTED,VA,1B5374D3-BE57-4ABE-ADEA-6B93AE86BC58,SUPERFICIAL,SIX OCLOCK,"MEDIUM/HEAVY TRUCKS 3 AXLES (OVER 10,000LBS (4,536KG))",STOPPED IN TRAFFIC LANE,North,40,No,No,2004,GMC,TRUCK,39.05106167,-77.07488667,"(39.05106167, -77.07488667)"
MCP3176001S,220027468,Montgomery County Police,Property Damage Crash,06/26/2022 04:32:00 AM,US (State),GEORGIA AVE,WAYNE AVE,,N/A,,SAME DIR REAR END,CLEAR,DRY,DARK LIGHTS ON,TRAFFIC SIGNAL,NONE DETECTED,,CCC6A453-4892-4D63-8743-5D962953AC21,No,NO APPARENT INJURY,N/A,NOT DISTRACTED,MD,C59A3595-42B3-4FC6-AA86-7A93477B1246,SUPERFICIAL,SIX OCLOCK,PASSENGER CAR,STOPPED IN TRAFFIC LANE,South,40,No,No,2007,GMC,DENALI,38.99474,-77.027045,"(38.99474, -77.027045)"
DM8336002K,190022541,Takoma Park Police Depart,Property Damage Crash,05/13/2019 02:25:00 PM,Maryland (State),CARROLL AVE,PHILADELPHIA AVE,,N/A,,OTHER,CLOUDY,DRY,DAYLIGHT,NO CONTROLS,NONE DETECTED,,4BDEC831-8EC3-4ED6-9826-DC0C42B0AD56,Unknown,NO APPARENT INJURY,N/A,NOT DISTRACTED,MD,7BEBB471-8261-43AB-9EFE-43A09E857DCB,SUPERFICIAL,TWELVE OCLOCK,FIRE VEHICLE/EMERGENCY,SLOWING OR STOPPING,South,10,No,No,2001,SEAGRAVE,PUMPER,38.97748,-77.00782,"(38.97748, -77.00782)"
DD5643002P,230016505,Rockville Police Departme,Injury Crash,04/06/2023 06:19:00 PM,Maryland (State),W MONTGOMERY AVE,THOMAS ST,,ROCKVILLE,,SAME DIR REAR END,RAINING,WET,DAYLIGHT,NO CONTROLS,NONE DETECTED,,7DAD19E7-BB37-4974-ACDC-C9E3F7A633B8,No,NO APPARENT INJURY,"N/A, WET",NOT DISTRACTED,MD,E71806BE-22CF-45BD-A6DE-B79B3E0906F1,DISABLING,SEVEN OCLOCK,PASSENGER CAR,SLOWING OR STOPPING,West,30,No,No,2010,TOYOTA,4S,39.08465969,-77.16115427,"(39.08465969, -77.16115427)"
DD5657002K,240048000,ROCKVILLE,Injury Crash,10/08/2024 09:20:00 AM,Municipality Route,N ADAMS ST,S ADAMS ST W MONTGOMERY AVE,,,,Angle,Clear,Dry,Daylight,No Controls,"Not Suspect of Alcohol Use, Not Suspect of Drug Use",,09EFDE1B-0A19-4428-8D1F-CBD1791FC2D3,No,No Apparent Injury,,Not Distracted,MD,37EDEACE-C8E6-42CA-AB25-3E4C5B66EF0E,Functional,One O Clock,Passenger Car,Moving Constant Speed,Eastbound,30,No,No,2010,LEXUS,ES,39.08403707,-77.15470596,"(39.08403707, -77.15470596)"
MCP2330001V,190024718,Montgomery County Police,Injury Crash,05/24/2019 01:50:00 PM,Maryland (State),UNIVERSITY BLVD W,VEIRS MILL RD,,N/A,,SAME DIRECTION SIDESWIPE,N/A,DRY,DAYLIGHT,TRAFFIC SIGNAL,NONE DETECTED,,D9F1C889-5E21-48C4-ABE4-8AE5E16E7A82,No,POSSIBLE INJURY,N/A,NOT DISTRACTED,MD,8AE05F5F-94A4-4B1D-AC63-F62ACAB4A9D2,SUPERFICIAL,NINE OCLOCK,PASSENGER CAR,MOVING CONSTANT SPEED,East,40,No,No,2014,NISSAN,VERSA,39.039555,-77.05614167,"(39.039555, -77.05614167)"
MCP2948000X,17001053,Montgomery County Police,Property Damage Crash,01/06/2017 07:55:00 PM,County,HIGHVIEW AVE,ADAMS DR,,N/A,,SAME DIRECTION SIDESWIPE,CLEAR,DRY,DARK LIGHTS ON,N/A,N/A,,FCCEE087-A301-453E-A71F-FC45DEE72DA7,Yes,NO APPARENT INJURY,N/A,UNKNOWN,,98998BAF-9B65-4A7A-87A1-1E92C2266565,DISABLING,TWELVE OCLOCK,PASSENGER CAR,MOVING CONSTANT SPEED,North,30,No,No,1998,HONDA,ACCORD,39.04705352,-77.07256928,"(39.04705352, -77.07256928)"
MCP3129002C,200042031,Montgomery County Police,Property Damage Crash,10/24/2020 08:44:00 PM,County,BEL PRE RD,LAYHILL RD,,N/A,,SAME DIR REAR END,CLEAR,DRY,DARK LIGHTS ON,TRAFFIC SIGNAL,NONE DETECTED,,79EF2E4F-5393-4506-8E9D-A677CB4F3D6A,No,NO APPARENT INJURY,N/A,NOT DISTRACTED,MD,627A628E-71FD-4A01-9882-B6790162E8D6,SUPERFICIAL,SIX OCLOCK,PASSENGER CAR,STOPPED IN TRAFFIC LANE,East,35,No,No,2010,4T1BF3EK0AU523771,SD,39.09059442,-77.04495254,"(39.09059442, -77.04495254)"
DD5642002C,210048208,Rockville Police Departme,Property Damage Crash,11/27/2021 07:08:00 PM,Maryland (State),W MONTGOMERY AVE,FALLSGROVE DR,,ROCKVILLE,,STRAIGHT MOVEMENT ANGLE,CLEAR,DRY,DARK LIGHTS ON,TRAFFIC SIGNAL,NONE DETECTED,,D1F3290E-1A1F-4EAD-A915-4E31B9F292B1,Unknown,NO APPARENT INJURY,N/A,UNKNOWN,MD,400AAF90-ABC5-44FD-8947-819AF41D212C,DISABLING,FIVE OCLOCK,PASSENGER CAR,MAKING LEFT TURN,West,45,No,No,2011,CHEV,4S,39.09973567,-77.18488317,"(39.09973567, -77.18488317)"
MCP1378009P,16024864,Montgomery County Police,Injury Crash,05/19/2016 12:45:00 PM,Maryland (State),WOODFIELD RD,SNOUFFERS SCHOOL RD,,N/A,,SAME DIR REAR END,CLOUDY,DRY,DAYLIGHT,NO CONTROLS,NONE DETECTED,,21080A2F-013C-421C-A479-CE43165DB6C3,No,NO APPARENT INJURY,N/A,NOT DISTRACTED,MD,E16DD379-2543-49D4-9CC2-DCABCBB25416,FUNCTIONAL,SEVEN OCLOCK,(SPORT) UTILITY VEHICLE,STOPPED IN TRAFFIC LANE,South,45,No,No,2014,JEEP,WRANGLER,39.15972667,-77.15977667,"(39.15972667, -77.15977667)"
MCP0251000M,15041328,MONTGOMERY,Property Damage Crash,08/18/2015 03:41:00 PM,,,,"parking lot of 12900 Middlebrook Rd. Germantown, Md. 20874",,,UNKNOWN,CLEAR,,DAYLIGHT,NO CONTROLS,UNKNOWN,,EFF35917-6D6A-4A25-BBEB-CE84679D9D25,Yes,NO APPARENT INJURY,N/A,UNKNOWN,,9A4FEA06-EAF1-40D1-A6E5-C1A3073757F6,UNKNOWN,UNKNOWN,UNKNOWN,UNKNOWN,Unknown,15,Unknown,No,0,UU,UU,39.17911,-77.26914667,"(39.17911, -77.26914667)"
DD55670049,240026968,ROCKVILLE,Property Damage Crash,06/06/2024 04:36:00 PM,Municipality Route,TWINBROOK PKWY,,,,,Front to Rear,Clear,Wet,Daylight,No Controls,"Not Suspect of Alcohol Use, Not Suspect of Drug Use",,B1D9F885-DD15-443E-AC01-8202EF3DD8E5,No,No Apparent Injury,,Not Distracted,MD,352636A8-F277-44AC-B8CA-734441A57C06,Functional,Six O Clock,Passenger Car,Stopped in Traffic,Eastbound,30,No,,2023,TOYOTA,CAMRY,39.07813137,-77.11233058,"(39.07813137, -77.11233058)"
MCP2725000V,15030031,Montgomery County Police,Property Damage Crash,06/19/2015 10:36:00 PM,County,BEL PRE RD,HOMECREST RD,,N/A,,N/A,CLEAR,DRY,DARK LIGHTS ON,NO CONTROLS,NONE DETECTED,,C5834801-7848-4A48-AAA3-0E3512C9C16E,Yes,NO APPARENT INJURY,N/A,NOT DISTRACTED,MD,7BA90D21-6D4E-473A-8EA6-78A915F2980B,DISABLING,TWELVE OCLOCK,PASSENGER CAR,UNKNOWN,West,45,No,No,2003,JAG,XTYPE,39.09133833,-77.06341,"(39.09133833, -77.06341)"
MCP291400FZ,250005726,MONTGOMERY,Injury Crash,02/07/2025 11:36:00 PM,US (State),GEORGIA AVE (SB/L),,,,Pedestrian,Single Vehicle,Clear,Dry,Dark - Lighted,No Controls,"Unknown, Unknown","Suspect of Alcohol Use, Not Suspect of Drug Use",845697E5-2D9D-4406-A1FF-E2E7C2D2603C,No,No Apparent Injury,,Unknown,,49F9D176-1DB2-413E-BA1F-7BDBC96AAD5F,Vehicle Not at Scene,Vehicle Not at Scene,Passenger Car,Moving Constant Speed,Southbound,35,No,No,0,,,38.99256369,-77.02672456,"(38.99256369, -77.02672456)"
MCP12210046,170544249,Montgomery County Police,Injury Crash,11/22/2017 05:51:00 AM,County,SNOUFFERS SCHOOL RD,CHERRY LAUREL LA,,N/A,,STRAIGHT MOVEMENT ANGLE,CLEAR,DRY,DARK NO LIGHTS,TRAFFIC SIGNAL,NONE DETECTED,,F87D7FA3-3DC0-466E-A376-260241558E31,Yes,NO APPARENT INJURY,N/A,OTHER ELECTRONIC DEVICE (NAVIGATIONAL PALM PILOT),MD,3ACCFA57-0AF5-43DF-AC18-61018D0FC2DC,DISABLING,TWO OCLOCK,PASSENGER CAR,MOVING CONSTANT SPEED,South,40,No,No,2003,FORD,TK,39.16258333,-77.16586667,"(39.16258333, -77.16586667)"
MCP2743001K,240056874,MONTGOMERY,Property Damage Crash,11/26/2024 09:33:00 PM,Maryland (State) Route,ROCKVILLE PIKE (SB/L),,,,,"Sideswipe, Same Direction",Clear,Dry,Dark - Lighted,Traffic Control Signal,"Not Suspect of Alcohol Use, Not Suspect of Drug Use",,8BB24B72-B995-4311-933C-739F14F0A0B2,No,No Apparent Injury,,Not Distracted,MD,DB224486-FC9A-4E94-90CA-DDD9DF4A5BD9,Disabling,Eleven O Clock,Passenger Car,Moving Constant Speed,Southbound,35,No,No,1998,CHEVROLET,GEO PRIZM,39.0125443,-77.09858157,"(39.0125443, -77.09858157)"
DM83360039,200011948,Takoma Park Police Depart,Property Damage Crash,03/11/2020 09:00:00 AM,Maryland (State),PINEY BRANCH RD,GRANT AVE #2,,TAKOMA PARK,,SAME DIR REAR END,CLEAR,DRY,DAYLIGHT,N/A,N/A,,39EFF85C-CBFC-42C3-B68B-5087E4A0EFDB,No,NO APPARENT INJURY,N/A,NOT DISTRACTED,VA,AA60AA9C-42F3-4B34-A725-6D6B052DC32A,UNKNOWN,SIX OCLOCK,PASSENGER CAR,SLOWING OR STOPPING,North,25,No,No,2018,CHEVY,MALIBU,38.98472692,-77.01473237,"(38.98472692, -77.01473237)"