Report Number,Local Case Number,Agency Name,ACRS Report Type,Crash Date/Time,Route Type,Road Name,Cross-Street Name,Off-Road Description,Municipality,Related Non-Motorist,Collision Type,Weather,Surface Condition,Light,Traffic Control,Driver Substance Abuse,Non-Motorist Substance Abuse,Person ID,Driver At Fault,Injury Severity,Circumstance,Driver Distracted By,Drivers License State,Vehicle ID,Vehicle Damage Extent,Vehicle First Impact Location,Vehicle Body Type,Vehicle Movement,Vehicle Going Dir,Speed Limit,Driverless Vehicle,Parked Vehicle,Vehicle Year,Vehicle Make,Vehicle Model,Latitude,Longitude,Location
MCP137800TJ,200034646,Montgomery County Police,Property Damage Crash,09/04/2020 12:12:00 PM,County,MONTGOMERY VILLAGE AVE,CENTERWAY RD,,N/A,,STRAIGHT MOVEMENT ANGLE,CLEAR,DRY,DAYLIGHT,TRAFFIC SIGNAL,NONE DETECTED,,A6D81A86-BC83-4A6F-9872-4C0BBE8815D1,No,NO APPARENT INJURY,N/A,NOT DISTRACTED,MD,4A32E5D7-38FB-47BC-A4F5-F3F444FD71FC,DISABLING,TWELVE OCLOCK,PASSENGER CAR,MOVING CONSTANT SPEED,South,35,No,No,2017,HONDA,CIVIC,39.17213167,-77.20382,"(39.17213167, -77.20382)"
EJ7873003K,200051485,Gaithersburg Police Depar,Property Damage Crash,12/31/2020 02:24:00 PM,,,,PARKING LOT OF 600 N FREDERICK AVE,,,OTHER,CLOUDY,,DAYLIGHT,NO CONTROLS,NONE DETECTED,,EAFA8BC0-C491-47D3-A3CB-B5A978001BCD,No,NO APPARENT INJURY,"N/A, WET",NOT DISTRACTED,MD,7C80D816-CC33-4033-96DD-D76216073ADF,DISABLING,ELEVEN OCLOCK,(SPORT) UTILITY VEHICLE,MOVING CONSTANT SPEED,West,20,No,No,2005,KIA,TK,39.15076115,-77.2115524,"(39.15076115, -77.2115524)"
MCP263900DY,220014255,Montgomery County Police,Property Damage Crash,04/04/2022 09:12:00 AM,Maryland (State),WOODFIELD RD,ROCKY RD,,N/A,,SAME DIRECTION SIDESWIPE,CLEAR,DRY,DAYLIGHT,NO CONTROLS,NONE DETECTED,,30AE1B3A-9209-41B0-BED7-740E01100107,Yes,NO APPARENT INJURY,"ANIMAL, V EXHAUST SYSTEM|R OTHER ROAD",NOT DISTRACTED,MD,5BECEEE8-6243-4D44-B8CB-065A54F8441F,FUNCTIONAL,TEN OCLOCK,SCHOOL BUS,MOVING CONSTANT SPEED,South,50,No,No,2015,THOMAS,SCHOOL BUS,39.22796023,-77.17752067,"(39.22796023, -77.17752067)"
DD56150013,15065500,ROCKVILLE,Injury Crash,12/22/2015 01:10:00 PM,Municipality,GREAT FALLS RD,EVANS ST,,ROCKVILLE,,STRAIGHT MOVEMENT ANGLE,CLOUDY,WET,DAYLIGHT,NO CONTROLS,NONE DETECTED,,EA7B02C2-6891-4ACF-93B9-A40DDE98DB64,No,NO APPARENT INJURY,"N/A, WET",NOT DISTRACTED,CA,93097B95-8974-4D1F-BB52-7086233F69BC,FUNCTIONAL,SEVEN OCLOCK,PASSENGER CAR,MOVING CONSTANT SPEED,South,30,No,No,2016,SUBARU,WAGON,39.08315762,-77.15797082,"(39.08315762, -77.15797082)"
MCP21070063,240061723,MONTGOMERY,Property Damage Crash,12/27/2024 10:23:00 AM,Maryland (State) Route,,ROCKY RD,,,,Single Vehicle,Clear,Dry,Daylight,Stop Sign,"Not Suspect of Alcohol Use, Not Suspect of Drug Use",,D8BFB6AD-787D-4526-9858-73AC77FF6BAA,Yes,No Apparent Injury,,Not Distracted,MD,FE974DEA-6E50-4A6B-B952-2FDECAE97F02,Superficial,Four O Clock,Bus - School,Turning Right,Westbound,30,No,No,2024,THOMAS BUILT,HDX,39.22790359,-77.17746612,"(39.22790359, -77.17746612)"
MCP3180003T,230072650,Montgomery County Police,Injury Crash,12/19/2023 08:26:00 PM,Maryland (State),GEORGIA AVE,HOLIDAY DR,,N/A,,SINGLE VEHICLE,CLEAR,DRY,DARK NO LIGHTS,NO CONTROLS,NONE DETECTED,,EA6FD0BB-7632-4680-8466-DA17D4697C44,No,POSSIBLE INJURY,"ANIMAL, N/A",NOT DISTRACTED,MD,9C947125-9B79-4BEC-90FE-8EAE552E19F3,DESTROYED,TWELVE OCLOCK,PASSENGER CAR,MOVING CONSTANT SPEED,South,40,No,No,2018,SUBA,OUTBACK,39.18670703,-77.06403239,"(39.18670703, -77.06403239)"
DD5610003T,170539128,Rockville Police Departme,Injury Crash,10/27/2017 09:58:00 AM,Maryland (State),VEIRS MILL RD,ROCKVILLE PIKE,,N/A,,SAME DIR REAR END,CLEAR,DRY,DAYLIGHT,YIELD SIGN,N/A,,8A780322-9997-4AFB-BCBC-AE50E10540C1,No,NO APPARENT INJURY,N/A,NOT DISTRACTED,MD,15992619-20E4-407D-9F0B-7DB37BBCDC11,FUNCTIONAL,SIX OCLOCK,PASSENGER CAR,STOPPED IN TRAFFIC LANE,North,35,No,No,2002,HONDA,4S,39.081745,-77.14582667,"(39.081745, -77.14582667)"
MCP292300CP,240035123,MONTGOMERY,Property Damage Crash,07/25/2024 01:42:00 PM,Maryland (State) Route,UNIVERSITY BLVD W (WB/L),AMHERST AVE,,,,"Sideswipe, Opposite Direction",Cloudy,Dry,Daylight,Traffic Control Signal,"Not Suspect of Alcohol Use, Not Suspect of Drug Use",,3C42995A-2154-49A7-BBD7-8ADF3485D060,No,No Apparent Injury,,Not Distracted,MD,3F93E467-83D2-430B-B633-9E3B724C68AE,Disabling,Four O Clock,Passenger Car,Turning Left,,25,No,No,2010,CADILLAC,DTS,39.04131111,-77.04810455,"(39.04131111, -77.04810455)"
MCP3180000P,190033472,Montgomery County Police,Property Damage Crash,07/14/2019 03:15:00 PM,County,SPARTAN RD,GEORGIA AVE,,N/A,,HEAD ON LEFT TURN,CLEAR,DRY,DAYLIGHT,N/A,NONE DETECTED,,CC4F5D96-332A-4ABA-80CE-9EA20A5D1B93,Yes,NO APPARENT INJURY,N/A,LOOKED BUT DID NOT SEE,MD,FA5ED14F-6005-40DF-8C1F-A0EB9E736636,SUPERFICIAL,FIVE OCLOCK,PASSENGER CAR,MAKING LEFT TURN,East,30,No,No,2010,CHRY,TOWN AND COUNTRY,39.15080833,-77.06650833,"(39.15080833, -77.06650833)"
MCP137800TV,200038171,Montgomery County Police,Property Damage Crash,09/28/2020 06:27:00 PM,Maryland (State),QUINCE ORCHARD RD,KENTLANDS BLVD,,GAITHERSBURG,,STRAIGHT MOVEMENT ANGLE,CLOUDY,DRY,DUSK,TRAFFIC SIGNAL,NONE DETECTED,,45C7730B-4325-4CA6-997C-1F4726D5949A,No,NO APPARENT INJURY,N/A,NOT DISTRACTED,MD,68F1F167-18DC-4A68-A1B3-1CD956DF883B,DISABLING,ELEVEN OCLOCK,PASSENGER CAR,ACCELERATING,North,35,No,No,2018,TSMR,3,39.12644333,-77.24362333,"(39.12644333, -77.24362333)"
DD5527001J,180030643,Rockville Police Departme,Injury Crash,06/21/2018 01:22:00 PM,Municipality,WOOTTON PKWY,TOWER OAKS BLVD,,ROCKVILLE,,STRAIGHT MOVEMENT ANGLE,CLEAR,DRY,DAYLIGHT,TRAFFIC SIGNAL,NONE DETECTED,,B92B083F-DB70-4A11-8176-E5C803AD1BCB,No,NO APPARENT INJURY,N/A,NOT DISTRACTED,MD,4B82B42D-3678-45EB-8364-234EA07300FF,DISABLING,TWELVE OCLOCK,PASSENGER CAR,MOVING CONSTANT SPEED,East,40,No,No,2016,FERR,CN,39.06673833,-77.15384667,"(39.06673833, -77.15384667)"
MCP2798002T,170504397,Montgomery County Police,Property Damage Crash,04/26/2017 08:00:00 PM,County,TECH RD,INDUSTRIAL PKWY,,N/A,,STRAIGHT MOVEMENT ANGLE,CLEAR,DRY,DUSK,STOP SIGN,NONE DETECTED,,3FA33BCD-ED5C-4DC7-A4F7-2937D64216EF,Yes,NO APPARENT INJURY,N/A,LOOKED BUT DID NOT SEE,MD,1C9A1D04-55D1-4B1B-9B43-C0559037F668,DISABLING,TWELVE OCLOCK,PASSENGER CAR,ACCELERATING,South,30,No,No,2000,TOYOTA,CAMERY,39.057495,-76.96816333,"(39.057495, -76.96816333)"
MCP2740004Z,180010062,Montgomery County Police,Injury Crash,02/27/2018 08:18:00 AM,Maryland (State),GEORGIA AVE,DAYTON ST,,N/A,,SAME DIRECTION SIDESWIPE,CLEAR,DRY,DAYLIGHT,STOP SIGN,N/A,,14618D98-4352-433F-BDE0-C80D06178CF9,No,NO APPARENT INJURY,"BACKUP DUE TO PRIOR CRASH, BACKUP DUE TO REGULAR CONGESTION, N/A",NOT DISTRACTED,MD,D965D81D-3CFD-4E4E-A17D-C5C4DEDAFECD,DISABLING,ELEVEN OCLOCK,PASSENGER CAR,MOVING CONSTANT SPEED,South,35,No,No,2011,TOYOTA,PRIUS,39.02830833,-77.04704,"(39.02830833, -77.04704)"
MCP1563009X,240051450,MONTGOMERY,Property Damage Crash,10/25/2024 06:15:00 PM,County Route,COLSTON DR,,,,,Rear To Side,Unknown,Dry,Dusk,No Controls,"Unknown, Unknown",,9276706D-5D5C-44DB-BE65-401E97365221,Yes,No Apparent Injury,Improper Backing,Unknown,MD,5909F034-9372-4991-B2CF-DD8B79987DD4,Functional,Five O Clock,Van - Passenger (&lt;9 Seats),Backing,Northbound,25,No,No,2023,FORD,TRANSIT,38.99443354,-77.04849433,"(38.99443354, -77.04849433)"
MCP2263000Q,15051177,MONTGOMERY,Injury Crash,10/09/2015 08:03:00 AM,County,BRIGHTON DAM RD,NEW HAMPSHIRE AVE,,N/A,,SAME DIR REAR END,RAINING,WET,DAYLIGHT,NO CONTROLS,NONE DETECTED,,C1C5A270-621D-4605-87B9-AE588FA2B555,No,NO APPARENT INJURY,"N/A, WET",NOT DISTRACTED,MD,2A0E784A-B970-4ECF-ABAB-5D8F420B83A6,FUNCTIONAL,SIX OCLOCK,STATION WAGON,SLOWING OR STOPPING,West,35,No,No,2013,VOLVO,XC90,39.29643333,-77.20466333,"(39.29643333, -77.20466333)"
MCP2671003R,240007206,MONTGOMERY,Injury Crash,02/13/2024 04:50:00 PM,US (State),COLESVILLE RD (SB/L),,,,,"Sideswipe, Same Direction",Clear,Dry,Daylight,No Controls,"Not Suspect of Alcohol Use, Not Suspect of Drug Use",,6DD91320-3559-4AA2-BB2A-0C4F858F2FEE,Yes,No Apparent Injury,,Not Distracted,MD,D6AEA005-6941-4553-89A0-6CC8B5B0920C,Superficial,Eight O Clock,Passenger Car,Negotiating a Curve,Northbound,30,No,No,2006,VOLKSWAGEN,PASSAT,39.01114464,-77.01735945,"(39.01114464, -77.01735945)"
MCP28050053,220021828,Montgomery County Police,Injury Crash,05/22/2022 02:00:00 PM,Municipality,RUSSELL AVE,CHRISTOPHER AVE,,GAITHERSBURG,,STRAIGHT MOVEMENT ANGLE,CLEAR,DRY,DAYLIGHT,TRAFFIC SIGNAL,NONE DETECTED,,63788775-2513-4D87-8B35-083FE9DF5F55,Yes,POSSIBLE INJURY,N/A,NOT DISTRACTED,MD,010996BE-CF42-4B8C-AC41-132AE0C9827C,DISABLING,ONE OCLOCK,VAN,MOVING CONSTANT SPEED,South,30,No,No,2017,NISSAN,NV200,39.157779,-77.21366267,"(39.157779, -77.21366267)"
MCP3076001Q,180032990,Montgomery County Police,Property Damage Crash,07/04/2018 02:35:00 PM,US (State),COLESVILLE RD,FENTON ST,,N/A,,SAME DIRECTION SIDESWIPE,CLEAR,DRY,DAYLIGHT,NO CONTROLS,NONE DETECTED,,BD8B3E0C-B77C-480F-BB98-AFE3A8FD78C5,Yes,NO APPARENT INJURY,N/A,NOT DISTRACTED,MD,B7B01657-FD0E-4288-A7C4-081EC1BA0D52,SUPERFICIAL,TWO OCLOCK,POLICE VEHICLE/NON EMERGENCY,SLOWING OR STOPPING,East,25,No,No,2013,FORD,EXPLORER,38.99771624,-77.0272547,"(38.99771624, -77.0272547)"
MCP2412000F,16026557,Montgomery County Police,Property Damage Crash,05/28/2016 03:23:00 AM,Maryland (State),UNIVERSITY BLVD E,PINEY BRANCH RD,,N/A,,SAME DIR REAR END,CLEAR,DRY,DARK LIGHTS ON,TRAFFIC SIGNAL,NONE DETECTED,,1907647E-9C81-4A54-BA8D-191A7F0F0FB9,Yes,NO APPARENT INJURY,N/A,DIALING CELLULAR PHONE,MD,43D66FC7-7159-464A-B5A5-2AF7F29CFAF2,DISABLING,TWELVE OCLOCK,PASSENGER CAR,SLOWING OR STOPPING,West,35,No,No,2008,LEXU,IS250,38.999155,-76.99508833,"(38.999155, -76.99508833)"
MCP1151008N,180060957,Montgomery County Police,Property Damage Crash,12/06/2018 08:35:00 AM,County,CRYSTAL ROCK DR,SHADYSIDE LA,,N/A,,SAME DIRECTION SIDESWIPE,CLOUDY,DRY,DAYLIGHT,N/A,NONE DETECTED,,989FB32A-49BE-48C9-B785-2907786A0D20,Yes,NO APPARENT INJURY,N/A,LOOKED BUT DID NOT SEE,MD,7F70C4FC-2FA4-4546-9B28-24310A6A6A29,SUPERFICIAL,FOUR OCLOCK,"OTHER LIGHT TRUCKS (10,000LBS (4,536KG) OR LESS)",MOVING CONSTANT SPEED,South,40,No,No,2006,ISU,DS,39.19508083,-77.271721,"(39.19508083, -77.271721)"
MCP13540010,180042438,Montgomery County Police,Property Damage Crash,08/26/2018 12:35:00 AM,County,ESWORTHY RD,SENECA RD,,N/A,,SINGLE VEHICLE,CLEAR,DRY,DARK NO LIGHTS,STOP SIGN,NONE DETECTED,,B0574E79-08E3-4364-A5F6-624D2DC19DE2,Yes,NO APPARENT INJURY,N/A,UNKNOWN,MD,31C87973-0156-433B-BC4F-08C0AC23DB44,DISABLING,TWELVE OCLOCK,PASSENGER CAR,SKIDDING,North,35,No,No,1998,VOLK,4S,39.08804667,-77.30283,"(39.08804667, -77.30283)"
MCP24250051,15030611,Montgomery County Police,Property Damage Crash,06/23/2015 01:23:00 PM,County,WAYNE AVE,GEORGIA AVE,,N/A,,SAME DIRECTION SIDESWIPE,CLEAR,DRY,DAYLIGHT,TRAFFIC SIGNAL,UNKNOWN,,696C7B91-313A-453E-8382-E8D01C9F5E93,Yes,NO APPARENT INJURY,N/A,UNKNOWN,,E6E63FF1-05A1-467D-9B1A-454AF4E88673,FUNCTIONAL,UNKNOWN,PASSENGER CAR,MAKING LEFT TURN,East,30,No,No,2015,FORD,CROWN VIC,38.994575,-77.02609,"(38.994575, -77.02609)"
MCP2889003P,190021744,Montgomery County Police,Property Damage Crash,05/08/2019 04:34:00 PM,Maryland (State),CONNECTICUT AVE,BRIGHTVIEW ST,,N/A,,SAME DIRECTION RIGHT TURN,N/A,DRY,DAYLIGHT,N/A,NONE DETECTED,,64713FFE-9AA2-4E20-9D04-9F0E52F20869,No,NO APPARENT INJURY,N/A,NOT DISTRACTED,MD,F263DC03-1180-4A6C-A035-9321943E814F,SUPERFICIAL,TWELVE OCLOCK,TRANSIT BUS,MOVING CONSTANT SPEED,South,40,No,No,2016,NWFL,BUS,39.05386333,-77.07450167,"(39.05386333, -77.07450167)"
MCP1151003T,15061681,MONTGOMERY,Injury Crash,12/03/2015 07:08:00 AM,County,MIDDLEBROOK RD,CRYSTAL ROCK DR,,N/A,,SAME DIR REAR END,CLEAR,DRY,DUSK,N/A,NONE DETECTED,,A95E6E0B-53DB-4C5B-87FB-2D02E18D1BD8,No,SUSPECTED MINOR INJURY,"N/A, VISION OBSTRUCTION (INCL. BLINDED BY SUN)",NOT DISTRACTED,MD,5A3AD649-B687-4C4C-A4B8-91B50B9EDE98,FUNCTIONAL,SIX OCLOCK,(SPORT) UTILITY VEHICLE,SLOWING OR STOPPING,East,30,No,No,2013,TOYT,HIGHLANDER,39.17786667,-77.26617333,"(39.17786667, -77.26617333)"
MCP3149002S,210042120,Montgomery County Police,Property Damage Crash,10/20/2021 10:16:00 AM,Maryland (State),NEW HAMPSHIRE AVE,POWDER MILL RD,,N/A,,SAME DIR REAR END,CLEAR,DRY,DAYLIGHT,TRAFFIC SIGNAL,NONE DETECTED,,58C0791D-D926-44AD-B4F9-D7EB32C87A74,No,NO APPARENT INJURY,"BACKUP DUE TO REGULAR CONGESTION, N/A",NOT DISTRACTED,MD,FF56540B-CA13-45F4-B095-9BC0CED91E26,FUNCTIONAL,SIX OCLOCK,PASSENGER CAR,STOPPED IN TRAFFIC LANE,South,40,No,No,2010,KIA,SOUL,39.022755,-76.97808,"(39.022755, -76.97808)"
MCP2944000H,15025792,Montgomery County Police,Property Damage Crash,05/28/2015 08:07:00 PM,Maryland (State),RIVER RD,RIDGEFIELD RD,,N/A,,HEAD ON LEFT TURN,CLEAR,N/A,DAYLIGHT,TRAFFIC SIGNAL,NONE DETECTED,,8AB0D372-0560-478D-ABC6-71AFE3DFD250,Yes,NO APPARENT INJURY,N/A,NOT DISTRACTED,MD,62ADE7A4-C4C4-4CE5-ABA9-2DEA56FD9121,DISABLING,ONE OCLOCK,PASSENGER CAR,ACCELERATING,North,35,No,No,2011,HYUNDAI,SONATA,38.96637457,-77.10596681,"(38.96637457, -77.10596681)"
MCP32170017,210040479,Montgomery County Police,Property Damage Crash,10/10/2021 12:06:00 PM,Maryland (State),GERMANTOWN RD,FATHER HURLEY BLVD,,N/A,,SAME DIRECTION SIDESWIPE,CLEAR,DRY,DAYLIGHT,TRAFFIC SIGNAL,NONE DETECTED,,99D995B5-6634-47EA-B804-09ECBDDE72D2,No,NO APPARENT INJURY,N/A,NOT DISTRACTED,MD,1A84022B-42B7-4993-AC47-3126D6ED87A2,SUPERFICIAL,FOUR OCLOCK,PASSENGER CAR,MOVING CONSTANT SPEED,North,40,No,No,1997,MERCURY,VN,39.16705369,-77.2804509,"(39.16705369, -77.2804509)"
MCP14650037,180005507,Montgomery County Police,Injury Crash,02/01/2018 12:57:00 PM,Maryland (State),FREDERICK RD,E GUDE DR,,N/A,,STRAIGHT MOVEMENT ANGLE,CLOUDY,DRY,DAYLIGHT,NO CONTROLS,NONE DETECTED,,F7E9051B-638D-4D7F-8E0A-82C4CD78A28F,No,SUSPECTED MINOR INJURY,N/A,NOT DISTRACTED,MD,A122E8DF-58A9-44B1-9796-3A2AE29434A3,DISABLING,TWO OCLOCK,PASSENGER CAR,MOVING CONSTANT SPEED,South,40,No,No,2015,HONDA,CIVIC,39.10482,-77.15709167,"(39.10482, -77.15709167)"
MCP13820045,180026892,Montgomery County Police,Property Damage Crash,06/01/2018 07:52:00 AM,County,BONIFANT ST,RAMSEY AVE,,N/A,,OTHER,CLEAR,DRY,DAYLIGHT,STOP SIGN,NONE DETECTED,,DA5F73DE-E4E6-46EB-9150-9863AB151157,Yes,NO APPARENT INJURY,N/A,LOOKED BUT DID NOT SEE,MD,65B1E16B-FD2A-4617-BD33-1CF2D9C266D5,FUNCTIONAL,TWELVE OCLOCK,TRANSIT BUS,STARTING FROM LANE,South,30,No,No,2012,GILLIG,BUS,38.99346833,-77.02904,"(38.99346833, -77.02904)"
MCP2440000Y,220042496,Montgomery County Police,Property Damage Crash,09/29/2022 01:58:00 PM,County,GOSHEN RD,MIDCOUNTY HWY,,N/A,,ANGLE MEETS RIGHT TURN,CLEAR,DRY,DAYLIGHT,TRAFFIC SIGNAL,NONE DETECTED,,B7A0B315-EAE4-41F7-AF1D-71A7A5F89222,Yes,NO APPARENT INJURY,N/A,NOT DISTRACTED,MD,68FACAED-5BAE-4DA0-AB20-3135CE38E1DC,DISABLING,ONE OCLOCK,PASSENGER CAR,MAKING RIGHT TURN,North,35,No,No,1996,DODGE,VAN,39.15773,-77.19168167,"(39.15773, -77.19168167)"
MCP2813004S,180019545,Montgomery County Police,Property Damage Crash,04/21/2018 03:30:00 PM,County,RANDOLPH RD,ATHERTON DR,,N/A,,SAME DIR REAR END,CLEAR,DRY,DAYLIGHT,NO CONTROLS,N/A,,351B333E-49A6-4F0F-B22E-3DD0BA435D06,No,NO APPARENT INJURY,N/A,NOT DISTRACTED,MD,1036099E-DEBD-4F4F-9E01-5AE7D73B4DEB,SUPERFICIAL,SIX OCLOCK,PASSENGER CAR,SLOWING OR STOPPING,West,15,No,No,2006,DODGE,CHARGER,39.05743333,-77.07646167,"(39.05743333, -77.07646167)"
MCP3036002L,250012754,MONTGOMERY,Property Damage Crash,03/23/2025 09:55:00 PM,County Route,JOHNS HOPKINS DR,,,,,Angle,Clear,Dry,Dark - Lighted,No Controls,"Not Suspect of Alcohol Use, Not Suspect of Drug Use",,BB3C59FD-305B-4978-8BEC-C4BF32920A45,No,No Apparent Injury,,Not Distracted,MD,D4002873-DD54-48FF-9959-8E582B67754A,Disabling,Twelve O Clock,Passenger Car,Moving Constant Speed,Westbound,40,No,No,2014,TOYOTA,COROLLA,39.10173848,-77.21071068,"(39.10173848, -77.21071068)"
MCP30200016,170532643,Montgomery County Police,Property Damage Crash,09/23/2017 10:30:00 AM,,,,PARKING LOT IN FRONT OF 14217 PEAR TREE LANE,,,SAME DIRECTION LEFT TURN,CLEAR,,DAYLIGHT,NO CONTROLS,UNKNOWN,,69B8EB68-6F44-47AD-8A4B-EDE04E9BECAC,Yes,NO APPARENT INJURY,N/A,UNKNOWN,,E5060DBA-EC26-4ED3-BAF5-D860677FEC0E,SUPERFICIAL,ELEVEN OCLOCK,PASSENGER CAR,STARTING FROM PARKED,North,15,No,No,2011,HONDA,ACCORD,39.09097333,-77.06863333,"(39.09097333, -77.06863333)"
MCP26860078,240024665,MONTGOMERY,Property Damage Crash,05/24/2024 04:50:00 PM,,,,Parking Stall        PARKING LOT OF 12900 MIDDLEBROOK RD GERMANTOWN,,,"Sideswipe, Opposite Direction",Clear,,Daylight,,"Not Suspect of Alcohol Use, Not Suspect of Drug Use",,DCC933F0-CA29-4EAC-A716-F70623800E98,No,No Apparent Injury,,Not Distracted,MD,63E8376A-A3CD-48F8-B11B-D16DFF103AA4,No Damage,Non-Collision,Van - Passenger (&lt;9 Seats),Backing,Unknown,0,No,No,2023,CHEVROLET,EXPRESS,39.17911173,-77.26944902,"(39.17911173, -77.26944902)"
MCP3348000S,230035172,Montgomery County Police,Property Damage Crash,07/24/2023 08:32:00 AM,County,PARKLAND DR,JUPITER ST,,N/A,,SAME DIR REAR END,CLEAR,WET,DAYLIGHT,NO CONTROLS,NONE DETECTED,,3656CA2E-769C-4061-8B2C-B020B153DBB6,Yes,NO APPARENT INJURY,N/A,TEXTING FROM A CELLULAR PHONE,MD,FE2148B8-F1DB-417A-A1A9-EC1870DFB77D,DISABLING,ONE OCLOCK,PASSENGER CAR,MOVING CONSTANT SPEED,North,25,No,No,2010,MAZD,HB,39.074795,-77.08660833,"(39.074795, -77.08660833)"
MCP1020000X,15030819,Montgomery County Police,Property Damage Crash,06/24/2015 03:03:00 PM,County,WHELAN LA,ROAD END,,N/A,,OPPOSITE DIRECTION SIDESWIPE,CLEAR,DRY,DAYLIGHT,N/A,NONE DETECTED,,2AA8B3C3-B329-4420-A918-C486248F800A,Yes,NO APPARENT INJURY,N/A,INATTENTIVE OR LOST IN THOUGHT,PA,CDBF2B11-7C59-4DBC-A433-29F044333181,SUPERFICIAL,TEN OCLOCK,POLICE VEHICLE/NON EMERGENCY,MOVING CONSTANT SPEED,South,25,No,No,2008,FORD,CROWN VIC,39.23741,-77.290295,"(39.23741, -77.290295)"
MCP243600GW,230031673,Montgomery County Police,Property Damage Crash,04/06/2023 01:07:00 AM,County,SUTHERLAND RD,LORAIN AVE,,N/A,,HEAD ON,CLEAR,DRY,DARK -- UNKNOWN LIGHTING,N/A,UNKNOWN,,A440BBED-536C-4FFA-B68F-74D8D98199AB,Yes,NO APPARENT INJURY,N/A,UNKNOWN,,35510A09-CFD1-4283-9C9B-7C8DFB636A32,FUNCTIONAL,TWELVE OCLOCK,,MOVING CONSTANT SPEED,North,30,No,No,0,UNKNOWN,UNKNOWN,39.02262283,-77.01272447,"(39.02262283, -77.01272447)"
MCP33870021,240055271,MONTGOMERY,Injury Crash,11/18/2024 10:09:00 AM,US (State),OLD COLUMBIA PIKE (SB/L),OLD COLUMBIA PIKE RAMP 6 FR MD 198 EB TO US 29 SB,,,,Angle,Clear,Dry,Daylight,Traffic Control Signal,"Not Suspect of Alcohol Use, Not Suspect of Drug Use",,315C5775-8333-44BA-AFCD-3D7C3362074A,Yes,No Apparent Injury,"Failed to Yield Right-of-Way, Over-Correcting/Over-Steering",Not Distracted,MD,367DCFD0-C86E-41E6-9167-0AB6576D5A1E,Disabling,Seven O Clock,Passenger Car,Slowing or Stopping,Eastbound,35,No,No,2009,MERCEDES-BENZ,GL-CLASS,39.11121445,-76.93209503,"(39.11121445, -76.93209503)"
DM85220018,240004364,TAKOMA,Property Damage Crash,01/27/2024 07:19:00 PM,,,,Parking Lot Way        7413 NEW HAMPSHIRE AVE RED CARPET INN PARKING LOT,,,Single Vehicle,Clear,,Dark - Lighted,,"Not Suspect of Alcohol Use, Not Suspect of Drug Use",,07D26DE2-91AA-42A3-833F-8966F3E13DA3,No,No Apparent Injury,,Not Distracted,MD,7AA53BBA-1A65-4358-8358-E86633424AD3,Disabling,One O Clock,Passenger Car,Accelerating,Southbound,0,No,No,2017,TOYOTA,CAMRY,38.98449111,-76.98756719,"(38.98449111, -76.98756719)"
MCP3123005P,230028629,Montgomery County Police,Injury Crash,06/14/2023 01:30:00 PM,Maryland (State),ROCKVILLE PIKE,WOOTTON PKWY,,ROCKVILLE,,STRAIGHT MOVEMENT ANGLE,CLEAR,DRY,DAYLIGHT,N/A,N/A,,C09DFD03-1F1D-4340-932E-AAE83B8D51DC,No,SUSPECTED MINOR INJURY,N/A,NOT DISTRACTED,MD,7D9C695E-C61B-470D-865E-E02073BD6F0F,SUPERFICIAL,THREE OCLOCK,PASSENGER CAR,MOVING CONSTANT SPEED,South,35,No,No,2022,JEEP,GRAND CHEROKEE,39.07587102,-77.13780813,"(39.07587102, -77.13780813)"
MCP2134001S,180061818,Montgomery County Police,Property Damage Crash,12/11/2018 09:00:00 AM,Maryland (State),WOODFIELD RD,BRINK RD,,N/A,,SAME DIR REAR END,CLEAR,DRY,DAYLIGHT,N/A,N/A,,56ED896B-54AE-4B4E-8AE0-02DA40AD8BF6,Yes,NO APPARENT INJURY,N/A,OTHER DISTRACTION,MD,7C003E1C-5744-44F6-9A6C-99A8B1A49274,FUNCTIONAL,TWELVE OCLOCK,(SPORT) UTILITY VEHICLE,SLOWING OR STOPPING,South,50,No,No,1999,LEXU,5S,39.20922667,-77.16986333,"(39.20922667, -77.16986333)"
MCP3136001B,190003018,Montgomery County Police,Property Damage Crash,01/19/2019 06:00:00 AM,County,QUEBEC ST,PRINCE GEORGES CO/L,,N/A,,SAME DIR REAR END,CLOUDY,WET,DARK LIGHTS ON,N/A,NONE DETECTED,,2662F999-B652-4542-942B-0AB0EEB7B023,No,NO APPARENT INJURY,N/A,NOT DISTRACTED,MD,3CC6100E-C058-4B1C-9713-782384BCA769,DISABLING,SIX OCLOCK,PASSENGER CAR,SLOWING OR STOPPING,West,25,No,No,2014,HOND,4S,39.00064333,-76.98768333,"(39.00064333, -76.98768333)"
MCP2898004P,240017032,MONTGOMERY,Injury Crash,04/12/2024 02:44:00 PM,Maryland (State) Route,FREDERICK RD (SB/L),HENDERSON CORNER RD,,,,Front to Rear,Clear,Dry,Daylight,Traffic Control Signal,"Not Suspect of Alcohol Use, Not Suspect of Drug Use",,29328302-F852-4642-975B-7BC0D5B9F368,No,Suspected Minor Injury,,Not Distracted,MD,5D8B03A2-959D-4B77-88C7-A8134EAAC05A,Disabling,Nine O Clock,Passenger Car,Accelerating,,40,No,No,2018,TOYOTA,CAMRY,39.20244011,-77.24552054,"(39.20244011, -77.24552054)"