Report Number,Local Case Number,Agency Name,ACRS Report Type,Crash Date/Time,Route Type,Road Name,Cross-Street Name,Off-Road Description,Municipality,Related Non-Motorist,Collision Type,Weather,Surface Condition,Light,Traffic Control,Driver Substance Abuse,Non-Motorist Substance Abuse,Person ID,Driver At Fault,Injury Severity,Circumstance,Driver Distracted By,Drivers License State,Vehicle ID,Vehicle Damage Extent,Vehicle First Impact Location,Vehicle Body Type,Vehicle Movement,Vehicle Going Dir,Speed Limit,Driverless Vehicle,Parked Vehicle,Vehicle Year,Vehicle Make,Vehicle Model,Latitude,Longitude,Location
MCP3075001R,180055366,Montgomery County Police,Property Damage Crash,11/04/2018 06:00:00 PM,County,GUNNERS BRANCH RD,FREDERICK RD,,N/A,,OTHER,CLEAR,DRY,DARK LIGHTS ON,N/A,N/A,,394369EC-D414-417A-8C32-C9FF2C26A8CD,No,NO APPARENT INJURY,N/A,NOT DISTRACTED,MD,9836F8C9-A314-4D0B-AC53-DA8FBA9052BE,SUPERFICIAL,ELEVEN OCLOCK,PASSENGER CAR,MOVING CONSTANT SPEED,East,30,No,No,2017,TOYOTA,CAMRY,39.17834167,-77.23896167,"(39.17834167, -77.23896167)"
MCP2396001S,16061248,Montgomery County Police,Injury Crash,11/29/2016 02:51:00 PM,Maryland (State),GEORGIA AVE,RIPPLING BROOK DR,,N/A,,STRAIGHT MOVEMENT ANGLE,RAINING,WET,DAYLIGHT,NO CONTROLS,NONE DETECTED,,CAEC20A3-6377-41A6-A31B-04EB4D708985,Yes,POSSIBLE INJURY,"N/A, WET",LOOKED BUT DID NOT SEE,MD,FA4FBCAA-83FC-4869-BE40-99F6F4C6464E,DISABLING,TWELVE OCLOCK,PASSENGER CAR,MOVING CONSTANT SPEED,East,45,No,No,2015,DODGE,DART,39.07249065,-77.06466079,"(39.07249065, -77.06466079)"
MCP2906002V,200037581,Montgomery County Police,Property Damage Crash,09/24/2020 05:00:00 PM,Municipality,WASHINGTONIAN BLVD,CROSSOVER,,N/A,,SINGLE VEHICLE,CLEAR,DRY,DAYLIGHT,N/A,NONE DETECTED,,DB72427A-1322-43B0-B1AC-41D17A95DB8B,Yes,NO APPARENT INJURY,N/A,UNKNOWN,MD,C271527B-8D7C-4E1A-865B-4ED5F4CBBC71,DISABLING,ELEVEN OCLOCK,PASSENGER CAR,CHANGING LANES,South,25,No,No,2004,HOND,TK,39.11697833,-77.20463333,"(39.11697833, -77.20463333)"
MCP3129007S,230055429,Montgomery County Police,Injury Crash,09/17/2023 09:11:00 PM,Maryland (State),LAYHILL RD,HATHAWAY DR,,N/A,,HEAD ON LEFT TURN,RAINING,WET,DARK NO LIGHTS,NO CONTROLS,NONE DETECTED,,9E50EE1E-9052-47ED-B85F-C4DAB54B45B5,No,NO APPARENT INJURY,"N/A, WET",NOT DISTRACTED,MN,BE5D4947-FBC8-47ED-97D7-38B459CA200D,DISABLING,TWELVE OCLOCK,PASSENGER CAR,MOVING CONSTANT SPEED,South,35,No,No,2013,TOYOTA,CAMRY,39.07480071,-77.04577265,"(39.07480071, -77.04577265)"
MCP263900GR,240013309,MONTGOMERY,Property Damage Crash,03/20/2024 01:08:00 PM,County Route,,GEORGIA AVE,,,,Front to Rear,Clear,Dry,Daylight,Traffic Control Signal,"Suspect of Alcohol Use, Not Suspect of Drug Use",,459A7339-CCC7-4CB7-BACE-B324FB095FA9,Yes,No Apparent Injury,,Not Distracted,MD,7F04328C-0B30-4A90-B668-31AEE7F526B8,Disabling,Twelve O Clock,Passenger Car,Moving Constant Speed,,25,No,No,2014,NISSAN,SENTRA,39.04710293,-77.05194731,"(39.04710293, -77.05194731)"
EJ7869002F,180050050,Gaithersburg Police Depar,Injury Crash,10/06/2018 06:18:00 PM,County,MIDCOUNTY HWY,SAYBROOKE OAKS BLVD,,GAITHERSBURG,,SAME DIR REAR END,CLEAR,DRY,DAYLIGHT,TRAFFIC SIGNAL,NONE DETECTED,,E4041CD0-885D-4D61-BECA-7464B4460C24,No,NO APPARENT INJURY,N/A,NOT DISTRACTED,MD,A17E7B0E-DDEC-4345-B693-943F2C415A23,FUNCTIONAL,SIX OCLOCK,PASSENGER CAR,ACCELERATING,South,50,No,No,2015,TOYOTA,RAV4,39.15079566,-77.17460518,"(39.15079566, -77.17460518)"
MCP3084001M,180030020,Montgomery County Police,Property Damage Crash,06/18/2018 09:10:00 AM,Maryland (State),BRADLEY BLVD,RAYBURN RD,,N/A,,HEAD ON LEFT TURN,CLEAR,DRY,DAYLIGHT,NO CONTROLS,NONE DETECTED,,7E917843-DAD1-46A0-8E3B-900E8211CAD7,Yes,NO APPARENT INJURY,N/A,LOOKED BUT DID NOT SEE,MD,4FBC489C-9D09-423F-B654-A94F8827C765,FUNCTIONAL,SIX OCLOCK,PASSENGER CAR,MAKING LEFT TURN,West,35,No,No,2014,FORD,ECONOLINE,38.9931805,-77.1201805,"(38.9931805, -77.1201805)"
MCP28710082,220037592,Montgomery County Police,Property Damage Crash,08/30/2022 05:55:00 PM,Maryland (State),ROCKVILLE PIKE,BELLEVUE DR,,N/A,,SAME DIRECTION SIDESWIPE,CLEAR,WET,N/A,NO CONTROLS,N/A,,CEBAA19E-3EF9-40C7-93B2-2545CBE1B7F6,Yes,NO APPARENT INJURY,N/A,UNKNOWN,,0E9D9027-5343-4159-AAA8-DEDAE0B074D6,FUNCTIONAL,ELEVEN OCLOCK,(SPORT) UTILITY VEHICLE,CHANGING LANES,North,35,No,No,2021,TOYOTA,SUV,39.01294078,-77.09856216,"(39.01294078, -77.09856216)"
MCP23350025,230073492,Montgomery County Police,Property Damage Crash,12/24/2023 08:00:00 PM,Maryland (State),RIDGE RD,PREAKNESS DR,,N/A,,SAME DIR REAR END,CLEAR,DRY,DARK NO LIGHTS,NO CONTROLS,NONE DETECTED,,97906D1D-4887-4A45-8EF6-7A32EE209CAA,Yes,NO APPARENT INJURY,N/A,NOT DISTRACTED,MD,7439A49E-D737-413E-8B87-8163ABE38B04,DISABLING,TWELVE OCLOCK,PASSENGER CAR,MOVING CONSTANT SPEED,South,45,No,No,2017,JEEP,CHEROKEE,39.25990032,-77.22342869,"(39.25990032, -77.22342869)"
MCP289100BP,220032310,Montgomery County Police,Injury Crash,07/27/2022 12:37:00 PM,Maryland (State),GEORGIA AVE,EVANS DR,,N/A,,STRAIGHT MOVEMENT ANGLE,CLEAR,DRY,DAYLIGHT,N/A,NONE DETECTED,,E619A7F1-4605-4E10-A790-4C6E865E81B2,Yes,NO APPARENT INJURY,N/A,NOT DISTRACTED,MD,0332360A-3E30-4851-AA37-F553FF9B1461,DISABLING,TWELVE OCLOCK,PASSENGER CAR,ENTERING TRAFFIC LANE,North,35,No,No,2016,HONDA,ODYSSEY,39.02669667,-77.04673667,"(39.02669667, -77.04673667)"
MCP271700S8,200034323,Montgomery County Police,Property Damage Crash,09/02/2020 01:00:00 PM,Maryland (State),FALLS RD,RIVER RD,,N/A,,HEAD ON LEFT TURN,CLEAR,DRY,DAYLIGHT,NO CONTROLS,NONE DETECTED,,6908AEA8-9DE1-492F-9E44-83C12D9EE895,No,NO APPARENT INJURY,N/A,NOT DISTRACTED,MD,3BEBCE64-204A-49E4-BC4A-6907D446924B,DISABLING,TWELVE OCLOCK,PASSENGER CAR,MOVING CONSTANT SPEED,North,30,No,No,2015,VOLKSWAGON,JETTA,39.0169185,-77.21033133,"(39.0169185, -77.21033133)"
MCP2635003S,170505476,Montgomery County Police,Property Damage Crash,05/02/2017 03:11:00 PM,Maryland (State),OLNEY SANDY SPRING RD,PRINCE PHILIP DR,,N/A,,SAME DIR REAR END,CLEAR,DRY,DAYLIGHT,NO CONTROLS,N/A,,69657ECE-88A5-4571-AF7A-2B4FD3E3CE49,No,NO APPARENT INJURY,N/A,NOT DISTRACTED,MD,5D757134-4324-43CA-A597-FC8FA9A251B5,SUPERFICIAL,SIX OCLOCK,(SPORT) UTILITY VEHICLE,STOPPED IN TRAFFIC LANE,West,30,No,No,2009,GMC,ACADIA,39.15013,-77.05969,"(39.15013, -77.05969)"
MCP2752002V,180055368,Montgomery County Police,Property Damage Crash,11/04/2018 08:20:00 PM,Maryland (State),RIVER RD,OGDEN RD,,N/A,,OTHER,CLEAR,DRY,DARK LIGHTS ON,NO CONTROLS,N/A,,62E7DABF-38B2-424E-A8BF-64D17203AD9E,No,NO APPARENT INJURY,N/A,LOOKED BUT DID NOT SEE,MD,BC31D31D-6ACA-493B-B460-5276BAE35A25,DISABLING,TWELVE OCLOCK,PASSENGER CAR,MOVING CONSTANT SPEED,East,30,No,No,1994,VOLV,4S,38.97062,-77.11708167,"(38.97062, -77.11708167)"
MCP2072003F,200001287,Montgomery County Police,Injury Crash,01/08/2020 12:38:00 PM,Maryland (State),FREDERICK RD,ENT TO MILESTONE SHOPPING CENTER,,N/A,,STRAIGHT MOVEMENT ANGLE,CLEAR,DRY,DAYLIGHT,STOP SIGN,NONE DETECTED,,C3EF5AC6-0EE8-4B14-A233-0B1CB47C9588,No,POSSIBLE INJURY,N/A,NOT DISTRACTED,MD,7E728E37-60D7-4247-8E2C-534F8AC1024E,DISABLING,ELEVEN OCLOCK,PASSENGER CAR,MOVING CONSTANT SPEED,North,25,No,No,2015,TOYT,COROLLA,39.200135,-77.24825,"(39.200135, -77.24825)"
MCP2892002D,170510758,Montgomery County Police,Property Damage Crash,05/30/2017 07:57:00 PM,US (State),COLESVILLE RD,SPRING ST,,N/A,,SAME DIRECTION RIGHT TURN,CLEAR,DRY,DAYLIGHT,TRAFFIC SIGNAL,NONE DETECTED,,E6B4F3EF-5D82-415E-A43C-85028F5BDDEE,No,NO APPARENT INJURY,N/A,NOT DISTRACTED,MD,667D8C71-2C06-4324-80FE-BA506B6794FB,SUPERFICIAL,TWELVE OCLOCK,TRANSIT BUS,STARTING FROM PARKED,North,35,No,No,2014,GI,L,38.99895667,-77.02575,"(38.99895667, -77.02575)"
MCP94240026,190021099,Montgomery County Police,Injury Crash,05/05/2019 12:46:00 AM,County,WARING STATION RD,FOREST BROOK RD,,N/A,,SAME DIR REAR END,RAINING,WET,DARK LIGHTS ON,NO CONTROLS,NONE DETECTED,,3E90797C-2E21-4647-B213-B3D383FEE737,Yes,SUSPECTED MINOR INJURY,"RAIN, SNOW, WET",NOT DISTRACTED,CA,F5CCDA88-7F58-4CFA-9793-3991E1B2D272,DISABLING,TWELVE OCLOCK,PASSENGER CAR,MOVING CONSTANT SPEED,South,30,No,No,2001,HONDA,ACCORD,39.16418833,-77.24767333,"(39.16418833, -77.24767333)"
MCP2765004C,170548811,Montgomery County Police,Property Damage Crash,12/15/2017 05:15:00 PM,County,MUDDY BRANCH RD,DUFIEF MILL RD,,N/A,,SINGLE VEHICLE,SNOW,SNOW,DARK -- UNKNOWN LIGHTING,NO CONTROLS,NONE DETECTED,,FCC15F5A-CFE1-454A-ADD6-86AFDEAB1995,Yes,NO APPARENT INJURY,"ICY OR SNOW-COVERED, RAIN, SNOW",UNKNOWN,MD,38BDE0E5-635B-4A60-86F7-953FEC4B9355,DISABLING,TWELVE OCLOCK,PASSENGER CAR,MOVING CONSTANT SPEED,South,35,No,No,2007,TOYT,4S,39.100525,-77.22421333,"(39.100525, -77.22421333)"
DD55830017,16013195,Rockville Police Departme,Property Damage Crash,03/17/2016 04:26:00 PM,Maryland (State),ROCKVILLE PIKE,CROSSOVER,,N/A,,STRAIGHT MOVEMENT ANGLE,CLEAR,DRY,DAYLIGHT,N/A,NONE DETECTED,,2395F561-C3DA-4663-AA61-DE8026947588,Yes,NO APPARENT INJURY,N/A,NOT DISTRACTED,MD,33D92555-3780-4009-A79B-FAE1F32C1E2F,DISABLING,NINE OCLOCK,PASSENGER CAR,ENTERING TRAFFIC LANE,East,40,No,No,2009,VOLKSWAGAN,JETTA,39.0763,-77.138425,"(39.0763, -77.138425)"
MCP2783005L,240029175,MONTGOMERY,Property Damage Crash,06/19/2024 05:36:00 PM,Maryland (State) Route,,ASHTON RD,,,,Angle,Clear,Dry,Daylight,Traffic Control Signal,"Not Suspect of Alcohol Use, Not Suspect of Drug Use",,69C57DF3-8934-4B61-8534-451ECEFC3A57,No,No Apparent Injury,,Not Distracted,MD,27058656-66A1-42B6-BB4A-3A525A1ED835,Disabling,Ten O Clock,Passenger Car,Moving Constant Speed,Westbound,30,No,No,2016,LEXUS,RX,39.149202,-77.01228467,"(39.149202, -77.01228467)"
MCP1465002D,16051545,Montgomery County Police,Property Damage Crash,10/07/2016 08:24:00 AM,County,CRABBS BRANCH WAY,E GUDE DR,,N/A,,OTHER,CLOUDY,DRY,DAYLIGHT,N/A,N/A,,5E57F0EB-0566-4A01-A429-EC93F086CE5E,Yes,NO APPARENT INJURY,N/A,UNKNOWN,,73CE53A9-5DBC-4493-8320-C06C4ABD7981,UNKNOWN,UNKNOWN,,MOVING CONSTANT SPEED,South,35,No,No,0,UNKNOWN,UNKNOWN,39.10800333,-77.15165,"(39.10800333, -77.15165)"
MCP22150005,16066652,Montgomery County Police,Property Damage Crash,12/27/2016 07:26:00 PM,Maryland (State),RIDGE RD,TRALEE TERR,,N/A,,SAME DIR REND LEFT TURN,CLEAR,DRY,DARK LIGHTS ON,NO CONTROLS,NONE DETECTED,,85014B79-A011-4AAF-9360-EC2D9B13F503,No,NO APPARENT INJURY,N/A,NOT DISTRACTED,MD,868AE1BF-EE6D-4BB5-81BE-66227A357016,FUNCTIONAL,SIX OCLOCK,PASSENGER CAR,STOPPED IN TRAFFIC LANE,South,30,No,No,2010,FORD,ESCAPE,39.278505,-77.21740667,"(39.278505, -77.21740667)"
MCP22140016,240016845,MONTGOMERY,Property Damage Crash,04/11/2024 01:54:00 PM,,,,Parking Lot Way        WALMART PARKING LOT,,,Angle,Clear,,Daylight,,"Not Suspect of Alcohol Use, Not Suspect of Drug Use",,3208599B-C724-4A61-9BD7-39BED1DF4360,No,No Apparent Injury,,Not Distracted,MD,6B452C48-3545-4A54-9205-E202AFA039E3,Disabling,Two O Clock,Passenger Car,Moving Constant Speed,Westbound,0,No,No,2023,TOYOTA,COROLLA,39.19841769,-77.25096758,"(39.19841769, -77.25096758)"
MCP32890025,23001647,Montgomery County Police,Property Damage Crash,01/11/2023 07:22:00 AM,US (State),COLUMBIA PIKE,LOCKWOOD DR,,N/A,,SAME DIRECTION LEFT TURN,CLEAR,N/A,DAWN,N/A,UNKNOWN,,270D471E-7D14-491B-969D-1A7A358D3E85,Yes,NO APPARENT INJURY,N/A,UNKNOWN,,C50BAD0F-DA37-47DE-AD28-C3F6D67DE98B,UNKNOWN,UNKNOWN,PASSENGER CAR,MOVING CONSTANT SPEED,South,40,No,No,2009,NISSAN,QUEST,39.03398426,-77.00226548,"(39.03398426, -77.00226548)"
MCP3457000P,250021310,MONTGOMERY,Property Damage Crash,05/14/2025 05:30:00 PM,US (State),COLESVILLE RD,ROWEN RD,,,,Angle,Clear,Dry,Daylight,No Controls,"Not Suspect of Alcohol Use, Not Suspect of Drug Use",,2EAA0303-10D2-4A81-9B24-4BBE36254D26,No,No Apparent Injury,,Not Distracted,MD,B6E98CD7-4F70-4A01-835A-B7584F11C381,Superficial,Three O Clock,Passenger Car,Moving Constant Speed,,35,No,No,2023,HONDA,ACCORD,39.00404891,-77.02365895,"(39.00404891, -77.02365895)"
MCP2586001F,15049221,MONTGOMERY,Property Damage Crash,09/28/2015 06:12:00 PM,US (State),COLUMBIA PIKE,FAIRLAND RD,,N/A,,SAME DIR REAR END,CLEAR,DRY,DAYLIGHT,TRAFFIC SIGNAL,NONE DETECTED,,B2B1E538-2094-4B52-8538-4B12AA574F5B,No,NO APPARENT INJURY,N/A,NOT DISTRACTED,MD,1635E020-9E2A-4871-9EF7-98858C162638,SUPERFICIAL,SIX OCLOCK,PASSENGER CAR,SLOWING OR STOPPING,North,50,No,No,1997,HONDA,CRV,39.07300167,-76.955655,"(39.07300167, -76.955655)"
DD56370013,200007152,Rockville Police Departme,Property Damage Crash,02/12/2020 02:30:00 PM,Municipality,FALLSGROVE DR,W MONTGOMERY AVE,,N/A,,SINGLE VEHICLE,CLEAR,DRY,DAYLIGHT,NO CONTROLS,NONE DETECTED,,56D42306-F3BB-4C72-9DD2-67904D339801,Yes,NO APPARENT INJURY,N/A,NOT DISTRACTED,MD,7308F9EF-B75D-48D4-871A-FDE98A6703BD,SUPERFICIAL,ELEVEN OCLOCK,PASSENGER CAR,MOVING CONSTANT SPEED,North,25,No,No,2001,TOYOTA,COROLLA,39.09973333,-77.18765733,"(39.09973333, -77.18765733)"
HA2525000B,24001009,MCPARK,Property Damage Crash,05/28/2024 06:00:00 PM,Maryland (State) Route,GEORGIA AVE,,,,,Front to Rear,Clear,Dry,Daylight,No Controls,"Not Suspect of Alcohol Use, Not Suspect of Drug Use",,C46F0139-7B63-465A-B4E9-B5BDF9F0A5FD,No,No Apparent Injury,,Unknown,MD,7F94DC42-DE25-4E1B-8F6D-FF68EB3AD6EA,Disabling,Twelve O Clock,Passenger Car,Accelerating,Northbound,30,No,No,2015,FORD,FIESTA,39.02735354,-77.04669219,"(39.02735354, -77.04669219)"
MCP31650024,200026048,Montgomery County Police,Injury Crash,07/05/2020 11:05:00 AM,,,,PARKING LOT OF 4341 ISESWOOD TER,,,SAME DIR REAR END,N/A,,DAYLIGHT,N/A,NONE DETECTED,,A3A7C0E9-62C7-4328-A1D9-33A9855B5C25,No,POSSIBLE INJURY,N/A,NOT DISTRACTED,MD,2BE899B3-E4D1-46DC-B1A4-79D9306B895E,FUNCTIONAL,SIX OCLOCK,PASSENGER CAR,SLOWING OR STOPPING,East,10,No,No,2019,VOLK,4S,39.09707833,-76.92128333,"(39.09707833, -76.92128333)"
MCP3055002H,200008493,Montgomery County Police,Property Damage Crash,02/20/2020 01:30:00 PM,Maryland (State),NORBECK RD,NORBECK BLVD,,N/A,,SAME DIR REAR END,CLEAR,DRY,DAYLIGHT,TRAFFIC SIGNAL,N/A,,9859862A-84E3-4D4A-A0C2-741E68D23726,No,NO APPARENT INJURY,N/A,NOT DISTRACTED,MD,43B063A4-FCCB-46D2-93C6-201F3A358F61,SUPERFICIAL,SIX OCLOCK,PASSENGER CAR,SLOWING OR STOPPING,West,35,No,No,2018,JEEP,TK,39.112375,-77.07136167,"(39.112375, -77.07136167)"
MCP2948007T,250010047,MONTGOMERY,Injury Crash,03/07/2025 03:32:00 PM,County Route,RANDOLPH RD,,,,,Front to Rear,Clear,Dry,Daylight,Traffic Control Signal,"Not Suspect of Alcohol Use, Not Suspect of Drug Use",,7EE2C075-A871-4E05-9C4E-90077F6E19A7,No,No Apparent Injury,,Not Distracted,MD,E388BC14-7B36-42C9-A6BD-0075A68F6916,Superficial,Two O Clock,Pickup,Stopped in Traffic,Eastbound,40,No,No,2014,FORD,F-150,39.06388167,-77.039389,"(39.06388167, -77.039389)"
MCP3162003R,210030416,Montgomery County Police,Injury Crash,08/05/2021 02:45:00 PM,US (State),COLESVILLE RD,SPUR TO SLIGO CREEK PKWY,,N/A,,SAME DIR REAR END,CLEAR,DRY,DAYLIGHT,N/A,NONE DETECTED,,2C2B05C3-7196-4B59-81A8-66FE4D6AFF5C,No,NO APPARENT INJURY,N/A,NOT DISTRACTED,MD,035C9ACE-464D-447E-9FA7-D024BBAC66CC,FUNCTIONAL,SIX OCLOCK,PASSENGER CAR,SLOWING OR STOPPING,North,35,No,No,2007,HONDA,ODYSSEY,39.00718833,-77.01889667,"(39.00718833, -77.01889667)"
MCP2914000W,15006621,Montgomery County Police,Injury Crash,02/09/2015 06:44:00 PM,County,ADELPHI RD,SIERRA ST,,N/A,,SAME DIR REND LEFT TURN,CLEAR,DRY,DARK LIGHTS ON,N/A,NONE DETECTED,,37EF4E09-9B3E-42CC-B87E-662A51B86C8F,Yes,NO APPARENT INJURY,N/A,NOT DISTRACTED,MD,6F5FA4DA-6C7A-49DC-8A60-BFC95B2F6067,FUNCTIONAL,TWELVE OCLOCK,PASSENGER CAR,MOVING CONSTANT SPEED,West,30,No,No,1996,TOYOTA,CAMRY,39.01114771,-76.97767138,"(39.01114771, -76.97767138)"
MCP2588008P,240025648,MONTGOMERY,Property Damage Crash,05/30/2024 03:10:00 PM,County Route,GOODHILL RD,,,,,"Sideswipe, Same Direction",Clear,Dry,Daylight,Other,"Not Suspect of Alcohol Use, Not Suspect of Drug Use",,637A6CA8-25DB-4B2B-912E-2FED875122F9,Yes,No Apparent Injury,Other Improper Action,Not Distracted,MD,DC5D6A1F-D0CB-4BBA-AC87-22BD356D7FBC,Functional,Eleven O Clock,Passenger Car,Parked,,25,No,Yes,2018,HONDA,CR-V,39.06552094,-77.07154716,"(39.06552094, -77.07154716)"
MCP2498001Z,220027143,Montgomery County Police,Property Damage Crash,06/19/2022 12:00:00 AM,,,,"IN PARKING LOT OF 19520 WATERS ROAD, GERMANTOWN MARYLAND 20874",,,OTHER,UNKNOWN,,UNKNOWN,N/A,N/A,,D2EFBD0E-F223-4539-A7F8-82639A5B729F,Yes,NO APPARENT INJURY,N/A,UNKNOWN,MD,5D38977A-C4EC-4994-A8A2-F6B2C4DAAA78,FUNCTIONAL,TWELVE OCLOCK,PASSENGER CAR,UNKNOWN,Unknown,20,No,No,2018,TOYOTA,C-HR,39.17547833,-77.273965,"(39.17547833, -77.273965)"
MCP3022002R,190028466,Montgomery County Police,Injury Crash,06/14/2019 04:28:00 PM,County,SUNDOWN RD,ZION RD,,N/A,,SAME DIR REAR END,CLEAR,DRY,DAYLIGHT,OTHER,N/A,,086C791E-EA01-43FA-AFB6-C28C6B99DB8C,No,NO APPARENT INJURY,N/A,NOT DISTRACTED,MD,A1B9356C-284C-4574-BFA0-2607DCF37581,SUPERFICIAL,SIX OCLOCK,VAN,MAKING RIGHT TURN,West,0,No,No,2006,CHEVY,VAN,39.22025,-77.0926,"(39.22025, -77.0926)"
MCP2765005N,210012375,Montgomery County Police,Injury Crash,04/02/2021 07:30:00 PM,Maryland (State),FREDERICK RD,REDLAND BLVD,,ROCKVILLE,,SAME DIR REAR END,CLEAR,DRY,DAYLIGHT,TRAFFIC SIGNAL,NONE DETECTED,,09795953-83AD-4C03-B85F-9BBC21435D26,No,NO APPARENT INJURY,N/A,NOT DISTRACTED,MD,B217709E-DF81-4C54-9AFD-61CBA6D3C260,DESTROYED,SIX OCLOCK,PASSENGER CAR,SLOWING OR STOPPING,South,40,No,No,2015,MERZ,C300,39.11568333,-77.16689167,"(39.11568333, -77.16689167)"
MCP2357001X,17001786,Montgomery County Police,Injury Crash,01/11/2017 09:42:00 AM,Maryland (State),PINEY BRANCH RD,GIST AVE,,N/A,,SAME DIR REAR END,CLEAR,WET,DAYLIGHT,N/A,NONE DETECTED,,EEBD92E8-CC74-4187-B873-716F5839FC98,Yes,NO APPARENT INJURY,"N/A, WET",NOT DISTRACTED,CA,DC26EAAB-300A-4461-BD93-164E5BD3B793,SUPERFICIAL,TWELVE OCLOCK,PASSENGER CAR,MOVING CONSTANT SPEED,South,35,No,No,2016,FORD,FIESTA,38.98616,-77.01386,"(38.98616, -77.01386)"
MCP3009007Y,240031684,MONTGOMERY,Property Damage Crash,07/05/2024 12:45:00 PM,Maryland (State) Route,FREDERICK RD (SB/L),RIDGE RD RIDGE RD (SB/L),,,,Front to Front,Clear,Dry,Daylight,Traffic Control Signal,"Not Suspect of Alcohol Use, Not Suspect of Drug Use",,D32990AA-3B55-4113-A0E8-EEFCB7E0F825,Yes,No Apparent Injury,,Not Distracted,MD,3189B8AC-52C0-446D-882B-574C1F6BCF51,Disabling,Eleven O Clock,Sport Utility Vehicle,Accelerating,Southbound,45,No,No,2015,AUDI,Q7,39.20470087,-77.24615716,"(39.20470087, -77.24615716)"
MCP2534004J,220045446,Montgomery County Police,Property Damage Crash,10/17/2022 02:12:00 AM,Maryland (State),GEORGIA AVE,REEDIE DR,,N/A,,SAME DIR REAR END,CLEAR,DRY,DARK LIGHTS ON,TRAFFIC SIGNAL,NONE DETECTED,,C0B67DA7-3A06-47B3-B03A-96E4E280C65C,No,NO APPARENT INJURY,N/A,NOT DISTRACTED,MD,6BBA8E66-1D97-4645-8091-6A988D8E0FFA,FUNCTIONAL,SIX OCLOCK,PASSENGER CAR,STOPPED IN TRAFFIC LANE,South,25,No,No,2017,HYUNDAI,SD,39.039067,-77.05106733,"(39.039067, -77.05106733)"
MCP291700BW,230015177,Montgomery County Police,Injury Crash,03/29/2023 03:13:00 PM,Maryland (State),GEORGIA AVE,ARCOLA AVE,,N/A,,STRAIGHT MOVEMENT ANGLE,CLEAR,DRY,DAYLIGHT,TRAFFIC SIGNAL,NONE DETECTED,,2318D5C2-8C6C-4B19-88B1-6EA3F1127C4B,No,SUSPECTED MINOR INJURY,N/A,LOOKED BUT DID NOT SEE,MD,30FDE45E-D1A1-46DE-9D72-79F660950285,DISABLING,TWELVE OCLOCK,PASSENGER CAR,MOVING CONSTANT SPEED,North,35,No,No,2007,JEEP,GRAND CHEROKEE,39.047223,-77.051928,"(39.047223, -77.051928)"
MCP1566000N,170509332,Montgomery County Police,Property Damage Crash,05/23/2017 02:43:00 AM,Maryland (State),MUNCASTER MILL RD,GRIST MILL DR,,N/A,,SINGLE VEHICLE,FOGGY,DRY,DARK NO LIGHTS,NO CONTROLS,NONE DETECTED,,682E79D2-8789-43F2-872B-00C7E403FBB0,Yes,NO APPARENT INJURY,N/A,NOT DISTRACTED,MD,ED170E85-8E5D-4247-B78F-19095927BD92,DISABLING,TWELVE OCLOCK,VAN,MOVING CONSTANT SPEED,East,40,No,No,2009,FORD,E350,39.11938833,-77.10786,"(39.11938833, -77.10786)"
MCP291700D3,240005912,MONTGOMERY,Injury Crash,02/06/2024 11:30:00 AM,County Route,BLUERIDGE AVE,,,,,Front to Rear,Clear,Dry,Daylight,No Controls,"Not Suspect of Alcohol Use, Not Suspect of Drug Use",,70BD0D7D-C5D3-4E98-A7CA-8F57F9B1D809,Yes,No Apparent Injury,Failed to Keep in Proper Lane,"Other Action (looking away from task, etc.)",MD,35454671-D4F4-475F-BA21-7B29293AAC3D,Disabling,One O Clock,Van - Cargo,Accelerating,Westbound,35,No,No,2012,MERCEDES-BENZ,UNKNOWN,39.04311975,-77.05052355,"(39.04311975, -77.05052355)"
MCP3164005J,220015302,Montgomery County Police,Injury Crash,04/11/2022 08:30:00 AM,Maryland (State),GEORGIA AVE,REEDIE DR,,N/A,,SAME DIRECTION SIDESWIPE,N/A,DRY,DAYLIGHT,TRAFFIC SIGNAL,NONE DETECTED,,477F9B07-AB4A-4477-B8A6-187639DDC670,Yes,NO APPARENT INJURY,N/A,LOOKED BUT DID NOT SEE,FL,2E1D2FDC-9074-42E0-A143-291C612D6A79,FUNCTIONAL,ONE OCLOCK,PASSENGER CAR,MAKING U TURN,North,25,No,No,2015,HOND,SD,39.03859,-77.05095667,"(39.03859, -77.05095667)"