Report Number,Local Case Number,Agency Name,ACRS Report Type,Crash Date/Time,Route Type,Road Name,Cross-Street Name,Off-Road Description,Municipality,Related Non-Motorist,Collision Type,Weather,Surface Condition,Light,Traffic Control,Driver Substance Abuse,Non-Motorist Substance Abuse,Person ID,Driver At Fault,Injury Severity,Circumstance,Driver Distracted By,Drivers License State,Vehicle ID,Vehicle Damage Extent,Vehicle First Impact Location,Vehicle Body Type,Vehicle Movement,Vehicle Going Dir,Speed Limit,Driverless Vehicle,Parked Vehicle,Vehicle Year,Vehicle Make,Vehicle Model,Latitude,Longitude,Location
MCP30670030,250014150,MONTGOMERY,Property Damage Crash,04/01/2025 01:15:00 PM,County Route,,GOSHEN RD WIGHTMAN RD,,,,Front to Rear,Clear,Dry,Daylight,Traffic Control Signal,"Not Suspect of Alcohol Use, Not Suspect of Drug Use",,5E26B074-9FD8-44A5-9DF7-CB3F57CE988B,No,No Apparent Injury,,Not Distracted,MD,E8CD4D18-FB12-4599-8D4F-4BB360A13133,Superficial,Nine O Clock,Passenger Car,Stopped in Traffic,Northbound,35,No,No,2014,HONDA,ODYSSEY,39.18766809,-77.18670003,"(39.18766809, -77.18670003)"
MCP32870009,210004670,Montgomery County Police,Injury Crash,02/05/2021 06:38:00 PM,Maryland (State),FALLS RD,FALLS CHAPEL WAY,,N/A,,SAME DIR REAR END,CLEAR,WET,DARK NO LIGHTS,TRAFFIC SIGNAL,NONE DETECTED,,8D69EC51-A12C-496D-9AB3-7D288941DA87,No,POSSIBLE INJURY,N/A,NOT DISTRACTED,NY,29CD564F-3F58-48BB-AB1C-6A583772CE5F,FUNCTIONAL,SIX OCLOCK,(SPORT) UTILITY VEHICLE,SLOWING OR STOPPING,North,35,No,No,2018,AUDI,Q7,39.048845,-77.18919,"(39.048845, -77.18919)"
MCP3301000W,210051883,Montgomery County Police,Property Damage Crash,12/20/2021 03:50:00 PM,County,SEMINARY PL,SELWAY LA,,N/A,,STRAIGHT MOVEMENT ANGLE,CLEAR,DRY,DAYLIGHT,STOP SIGN,NONE DETECTED,,1966BE45-A3AB-4AD4-8D2A-0DA05A56980C,Yes,NO APPARENT INJURY,N/A,LOOKED BUT DID NOT SEE,MD,AE00B52F-C8DA-4A2B-A8FC-F3388BBDC9AF,FUNCTIONAL,TWELVE OCLOCK,PASSENGER CAR,ENTERING TRAFFIC LANE,North,30,No,No,1995,TOYT,4S,39.00942833,-77.04134167,"(39.00942833, -77.04134167)"
MCP2717001M,15033804,MONTGOMERY,Property Damage Crash,07/10/2015 12:24:00 PM,,,,Rear Parking Lot of Tilden Middle School (11211 Old Georgetown Road),,,OTHER,CLEAR,,DAYLIGHT,NO CONTROLS,NONE DETECTED,,3665CB84-AE38-448C-93D4-185D022483D4,Yes,NO APPARENT INJURY,N/A,UNKNOWN,MD,0A1D3CAE-82DA-4DA7-A5E8-35E492DD4A85,FUNCTIONAL,EIGHT OCLOCK,PASSENGER CAR,BACKING,North,5,No,No,2015,BMW,528,39.03857167,-77.121225,"(39.03857167, -77.121225)"
MCP2748000Y,180037543,Montgomery County Police,Property Damage Crash,07/30/2018 03:23:00 AM,County,ROCKING HORSE RD,MACON RD,,N/A,,OTHER,N/A,DRY,DARK LIGHTS ON,N/A,ALCOHOL PRESENT,,B34374DF-A338-4CBF-A8B9-F44F9F068B3D,Yes,NO APPARENT INJURY,N/A,OTHER DISTRACTION,MD,663A850C-0C60-49F3-8FE3-63B08F6B083A,SUPERFICIAL,TWO OCLOCK,PASSENGER CAR,MOVING CONSTANT SPEED,North,25,No,No,2008,HONDA,CIVIC,38.99532315,-77.10191131,"(38.99532315, -77.10191131)"
MCP1022009H,180038124,Montgomery County Police,Injury Crash,08/01/2018 01:22:00 PM,Maryland (State),FREDERICK RD,GUNNERS BRANCH RD,,N/A,,HEAD ON LEFT TURN,CLEAR,DRY,DAYLIGHT,TRAFFIC SIGNAL,NONE DETECTED,,41CA0E58-1200-49FD-AF66-5DBEEF322904,No,POSSIBLE INJURY,N/A,NOT DISTRACTED,MD,FBB0DCB7-0007-4851-BE92-257049ABAC0C,DISABLING,TWELVE OCLOCK,VAN,MOVING CONSTANT SPEED,South,40,No,No,2006,CHRY,TOWN & COUNTRY,39.17849333,-77.23873833,"(39.17849333, -77.23873833)"
MCP2859001V,16014649,MONTGOMERY,Injury Crash,03/25/2016 09:06:00 AM,Ramp,RAMP 3 FR IS 370 EB TO IS 270 NB,EISENHOWER MEMORIAL HWY,,N/A,,SAME DIR REAR END,CLOUDY,WET,DAYLIGHT,NO CONTROLS,NONE DETECTED,,3E191798-BAEA-4704-9D99-1D9424CD8B63,Yes,SUSPECTED MINOR INJURY,"N/A, RAIN, SNOW",LOOKED BUT DID NOT SEE,MD,8B0159C6-2F18-45C9-BB3C-E7623CD04997,DISABLING,TWELVE OCLOCK,PASSENGER CAR,NEGOTIATING A CURVE,North,15,No,No,1990,CHEVY,TAHOE,39.12054696,-77.19723165,"(39.12054696, -77.19723165)"
MCP2001000Y,180055959,Montgomery County Police,Fatal Crash,11/07/2018 06:26:00 PM,County,RANDOLPH RD,GOODHILL RD,,N/A,BICYCLIST,SINGLE VEHICLE,CLEAR,DRY,DARK NO LIGHTS,NO CONTROLS,NONE DETECTED,UNKNOWN,C409DB54-59AA-46FE-88ED-F83383B46233,Unknown,NO APPARENT INJURY,N/A,UNKNOWN,MD,56B10537-FAAA-4C8B-ACE2-614F0C8A7B4D,SUPERFICIAL,TWELVE OCLOCK,PASSENGER CAR,MOVING CONSTANT SPEED,West,35,No,No,2019,BMW,M240I,39.05834631,-77.0711911,"(39.05834631, -77.0711911)"
MCP9365000Q,170512644,Montgomery County Police,Property Damage Crash,06/09/2017 09:41:00 AM,US (State),COLUMBIA PIKE,RAMP 8 FR US 29 SB TO E RANDOLPH RD WB,,N/A,,SAME DIR REAR END,CLEAR,DRY,DAYLIGHT,N/A,N/A,,0F5B341C-082D-4149-B2F2-0930AC58D4FB,No,NO APPARENT INJURY,N/A,NOT DISTRACTED,MA,E94E7E7D-728D-4181-886E-81E34B5CEF75,DISABLING,SIX OCLOCK,PASSENGER CAR,CHANGING LANES,South,50,No,No,2015,CHEVROLET,SPARK,39.064025,-76.96196,"(39.064025, -76.96196)"
EJ78760010,190038090,Gaithersburg Police Depar,Injury Crash,08/10/2019 12:05:00 AM,Maryland (State),GREAT SENECA HWY,MUDDY BRANCH RD,,N/A,,SAME DIR REAR END,CLEAR,DRY,DARK LIGHTS ON,N/A,UNKNOWN,,1CE4F3E5-4C82-4925-985C-B6D9ABAEBC2B,Yes,NO APPARENT INJURY,N/A,UNKNOWN,,410443C4-CF22-4D55-ACCA-07D773C9ACFA,UNKNOWN,TWELVE OCLOCK,UNKNOWN,MOVING CONSTANT SPEED,North,50,Unknown,No,0,UNKNOWN,UNKNOWN,39.10992333,-77.21657167,"(39.10992333, -77.21657167)"
DD56520020,220056230,Rockville Police Departme,Property Damage Crash,12/19/2022 01:59:00 PM,Municipality,REDLAND BLVD,PICCARD DR,,ROCKVILLE,,STRAIGHT MOVEMENT ANGLE,CLEAR,DRY,DAYLIGHT,TRAFFIC SIGNAL,NONE DETECTED,,BCE0E105-9DA7-42BA-B95A-A3C7585636A2,No,NO APPARENT INJURY,N/A,NOT DISTRACTED,MD,F9F7AA62-1E99-4B7D-9273-2C393A566332,DISABLING,TEN OCLOCK,PASSENGER CAR,MOVING CONSTANT SPEED,East,35,No,No,1998,VOLV,SD,39.10871653,-77.18173009,"(39.10871653, -77.18173009)"
MCP32070029,210052605,Montgomery County Police,Property Damage Crash,12/25/2021 06:37:00 PM,Maryland (State),NEW HAMPSHIRE AVE,SHAW AVE E,,N/A,,SAME DIRECTION SIDESWIPE,RAINING,WET,DARK LIGHTS ON,NO CONTROLS,NONE DETECTED,,A1FFF3BC-655C-40A3-B56C-658E01B19674,Yes,NO APPARENT INJURY,"RAIN, SNOW, WET",NOT DISTRACTED,MD,F38F542A-CE6F-4901-94D0-569DA68F37E9,DISABLING,TWO OCLOCK,PASSENGER CAR,MAKING U TURN,North,40,No,No,2009,HOND,CRV,39.069083,-77.00301733,"(39.069083, -77.00301733)"
MCP2783002P,180047916,Montgomery County Police,Injury Crash,09/25/2018 03:20:00 PM,County,HENDERSON AVE,BERRY ST,,N/A,,N/A,CLEAR,DRY,DAYLIGHT,NO CONTROLS,NONE DETECTED,,0B91A650-23F1-4DBD-9E39-6DCE4946D2BB,Yes,POSSIBLE INJURY,N/A,OTHER DISTRACTION,MD,E27A0241-4D76-474B-B372-56039C6D83EB,DISABLING,TWELVE OCLOCK,PASSENGER CAR,ACCELERATING,West,20,No,No,2018,TOYOTA,RAV4,39.05425333,-77.06279167,"(39.05425333, -77.06279167)"
MCP3360000M,230047060,Montgomery County Police,Injury Crash,07/31/2023 07:23:00 AM,Maryland (State),CLOPPER RD,LONGDRAFT RD,,N/A,,HEAD ON LEFT TURN,CLEAR,DRY,DAYLIGHT,TRAFFIC SIGNAL,NONE DETECTED,,EB0E2EB9-50FF-4B22-BFCF-22E307DF5D34,No,SUSPECTED MINOR INJURY,N/A,UNKNOWN,MD,AA2695C9-395D-4AD2-8CB8-32D882F48B90,DISABLING,TWELVE OCLOCK,PASSENGER CAR,MOVING CONSTANT SPEED,East,35,No,No,2021,TOYOTA,HIGLANDER,39.14825,-77.23786167,"(39.14825, -77.23786167)"
MCP2077001B,16058858,Montgomery County Police,Property Damage Crash,11/15/2016 03:05:00 PM,Maryland (State),GEORGIA AVE,EMORY LA,,N/A,,SAME DIR REAR END,CLEAR,DRY,DAYLIGHT,TRAFFIC SIGNAL,NONE DETECTED,,D56D8F07-BF18-401E-BB00-C69D37801D3A,No,NO APPARENT INJURY,N/A,NOT DISTRACTED,MD,A9F723C7-2B20-4EE7-A03F-DB650E21718E,SUPERFICIAL,SIX OCLOCK,VAN,SLOWING OR STOPPING,South,40,No,No,2007,TOYOTA,SIENNA,39.128497,-77.071642,"(39.128497, -77.071642)"
MCP2177003V,190026599,Montgomery County Police,Property Damage Crash,06/04/2019 08:50:00 AM,Maryland (State),FALLS RD,GLEN RD,,N/A,,SAME DIRECTION LEFT TURN,CLEAR,DRY,DAYLIGHT,TRAFFIC SIGNAL,NONE DETECTED,,8C694CFB-E687-467D-A1B8-73A336BB5B53,Yes,NO APPARENT INJURY,N/A,NOT DISTRACTED,MD,26151864-6AE8-4CF7-895C-4567E1FB8488,DISABLING,TEN OCLOCK,PASSENGER CAR,CHANGING LANES,North,35,No,No,2018,LEXS,TK,39.04607872,-77.19150971,"(39.04607872, -77.19150971)"
MCP24970016,180009727,Montgomery County Police,Property Damage Crash,02/25/2018 11:45:00 AM,County,RIVER RD,W WILLARD RD,,N/A,,SINGLE VEHICLE,RAINING,WET,DAYLIGHT,N/A,N/A,,A80F6F3D-B1FA-4237-A4E2-626B259AA593,Yes,NO APPARENT INJURY,"DEBRIS OR OBSTRUCTION, RAIN, SNOW, V WIPERS|W OTHER ENVIRONMENTAL, WET",NOT DISTRACTED,MD,DBC8C560-CA14-455A-B6CE-7E3D6B684B27,SUPERFICIAL,EIGHT OCLOCK,POLICE VEHICLE/EMERGENCY,STARTING FROM PARKED,West,40,No,No,2016,FORD,4S,39.08539333,-77.429945,"(39.08539333, -77.429945)"
MCP2821001B,180025592,Montgomery County Police,Property Damage Crash,05/24/2018 03:00:00 PM,County,AIRPARK RD,MUNCASTER MILL RD,,N/A,,SAME DIRECTION SIDESWIPE,N/A,DRY,DAYLIGHT,NO CONTROLS,NONE DETECTED,,D09780AC-6302-4E77-966F-D999C9217966,No,NO APPARENT INJURY,N/A,NOT DISTRACTED,US,3BB45A2A-588C-4D45-9B8D-0F67F94887E7,SUPERFICIAL,EIGHT OCLOCK,PASSENGER CAR,MOVING CONSTANT SPEED,East,35,No,No,2010,GMC,ACADIA,39.14858374,-77.14702606,"(39.14858374, -77.14702606)"
DD5502001L,15049253,ROCKVILLE,Injury Crash,09/28/2015 08:35:00 PM,Maryland (State),VEIRS MILL RD,ROCKVILLE PIKE,,N/A,,SAME DIR REAR END,CLEAR,DRY,DARK LIGHTS ON,TRAFFIC SIGNAL,NONE DETECTED,,91CEBAEE-1050-4203-ACE7-624D5443F090,Yes,NO APPARENT INJURY,N/A,NOT DISTRACTED,MD,B643FCC4-6819-4646-9F68-E0503F4946CD,FUNCTIONAL,TWELVE OCLOCK,PASSENGER CAR,MOVING CONSTANT SPEED,West,30,No,No,2001,HOND,4S,39.08136833,-77.14491,"(39.08136833, -77.14491)"
MCP233900BR,250031563,MONTGOMERY,Injury Crash,07/15/2025 03:51:00 PM,Municipality Route,WOOTTON PKWY,,,,,Angle,Clear,Dry,Daylight,No Controls,"Not Suspect of Alcohol Use, Not Suspect of Drug Use",,DDB2D56A-9EE0-4353-BDF9-51C361D02911,No,No Apparent Injury,,Not Distracted,MD,43466390-4005-4C9A-A5CF-0FB9E7796AEF,Functional,One O Clock,Passenger Car,Moving Constant Speed,Southbound,35,No,No,2009,FORD,ESCAPE,39.07562843,-77.14021827,"(39.07562843, -77.14021827)"
MCP10640079,180014140,Montgomery County Police,Property Damage Crash,03/22/2018 09:52:00 AM,County,INDIAN SPRING DR,MERWOOD LA,,N/A,,OTHER,CLEAR,WET,DAYLIGHT,STOP SIGN,N/A,,61C8AB35-B346-4545-A790-09F3F4DC6688,Yes,NO APPARENT INJURY,"N/A, WET",NOT DISTRACTED,MD,2C75999D-82E2-4A31-920C-5A227472D217,SUPERFICIAL,NINE OCLOCK,SCHOOL BUS,MAKING LEFT TURN,North,25,No,No,2011,THOM,BUS,39.01399167,-77.00282667,"(39.01399167, -77.00282667)"
EJ7888001L,210051818,Gaithersburg Police Depar,Property Damage Crash,12/20/2021 10:00:00 AM,,,,PARKING LOT OF 202 KENTLANDS BLVD,,,OTHER,CLEAR,,DAYLIGHT,NO CONTROLS,NONE DETECTED,,4BF9438D-2250-42F9-B70B-C29D91B94F6B,Yes,NO APPARENT INJURY,N/A,LOOKED BUT DID NOT SEE,MD,0EA1A2FF-F2E3-4888-8311-F9FF86BA9870,DISABLING,TWELVE OCLOCK,PASSENGER CAR,MOVING CONSTANT SPEED,Unknown,25,No,No,2003,HONDA,ODYSSEY,39.12252383,-77.2360855,"(39.12252383, -77.2360855)"
MCP3200005X,220025088,Montgomery County Police,Property Damage Crash,06/11/2022 12:24:00 PM,Maryland (State),ROCKVILLE PIKE,TUCKERMAN LA,,N/A,,OTHER,CLOUDY,WET,DAYLIGHT,TRAFFIC SIGNAL,NONE DETECTED,,BE89CEAD-6559-4AED-85D9-FDD931A53676,No,NO APPARENT INJURY,"BACKUP DUE TO REGULAR CONGESTION, N/A, WET",NOT DISTRACTED,MD,B58F67E8-5BEC-4C20-95DD-C2831013AFC0,FUNCTIONAL,SIX OCLOCK,PASSENGER CAR,STOPPED IN TRAFFIC LANE,South,35,No,No,2017,CADILLAC,XT5,39.024277,-77.10232133,"(39.024277, -77.10232133)"
MCP3113006B,240022795,MONTGOMERY,Property Damage Crash,05/14/2024 05:00:00 PM,Spur,,UNIVERSITY BLVD E (WB/L),,,,"Sideswipe, Same Direction",Rain,Wet,Daylight,Traffic Control Signal,"Not Suspect of Alcohol Use, Not Suspect of Drug Use",,A38733EA-7018-43D6-BCA5-FBBA6B68E5AD,No,No Apparent Injury,,Not Distracted,MD,805D4592-0A67-4011-ADE1-D058CD19957F,Superficial,One O Clock,Passenger Car,Moving Constant Speed,Northbound,25,No,No,2018,MERCEDES-BENZ,CL-CLASS,38.99928242,-76.99515234,"(38.99928242, -76.99515234)"
MCP9379001R,180003252,Montgomery County Police,Property Damage Crash,01/20/2018 08:26:00 AM,County,SHADY GROVE RD,RAMP 8 FR RAMP 5 TO SHADY GROVE RD,,N/A,,STRAIGHT MOVEMENT ANGLE,CLEAR,DRY,DAYLIGHT,TRAFFIC SIGNAL,N/A,,D31480B7-8B77-4AF1-ABB2-7CDA82C26C49,No,NO APPARENT INJURY,N/A,NOT DISTRACTED,MD,0DFAB41C-A27A-4BA5-B85A-26C745F29F66,DISABLING,ELEVEN OCLOCK,PASSENGER CAR,MAKING LEFT TURN,North,40,No,No,2014,MERZ,TK,39.11178667,-77.18709833,"(39.11178667, -77.18709833)"
MCP2539000R,16058283,Montgomery County Police,Property Damage Crash,11/11/2016 10:36:00 PM,County,NORFOLK AVE,WOODMONT AVE,,N/A,,OTHER,CLOUDY,DRY,DARK LIGHTS ON,NO CONTROLS,NONE DETECTED,,FC019808-2FCC-4BB1-8874-D08F3DF5D2A1,No,NO APPARENT INJURY,N/A,NOT DISTRACTED,MD,02395D32-D308-424E-9908-0A4E1EBFF399,SUPERFICIAL,TWELVE OCLOCK,PASSENGER CAR,PARKED,,25,No,Yes,2003,HONDA,SEDAN,38.98828333,-77.09543333,"(38.98828333, -77.09543333)"
MCP34220016,240057536,MONTGOMERY,Injury Crash,12/01/2024 06:19:00 PM,Maryland (State) Route,GEORGIA AVE (SB/L),,,,,Front to Rear,Clear,Dry,Dark - Lighted,No Controls,"Not Suspect of Alcohol Use, Not Suspect of Drug Use",,CA0A642A-A760-48EA-8BF2-4CDB77CF97CA,No,Suspected Minor Injury,,Not Distracted,MD,B659AB60-6F92-4261-9E0A-5091B3AD7AAC,Superficial,Six O Clock,Passenger Car,Moving Constant Speed,Southbound,35,No,No,2022,CHEVROLET,BLAZER,39.01123945,-77.04112057,"(39.01123945, -77.04112057)"
MCP1399000H,170517409,Montgomery County Police,Injury Crash,07/05/2017 12:51:00 PM,,,,PARKING LOT OF BEST BUY,,,HEAD ON LEFT TURN,CLEAR,,DAYLIGHT,STOP SIGN,N/A,,F47B4C93-D205-49EB-8949-03761A8486AB,Yes,NO APPARENT INJURY,N/A,NOT DISTRACTED,MD,960AADAC-70CE-4A95-A4DF-1CD3811EF3D6,SUPERFICIAL,TWELVE OCLOCK,PASSENGER CAR,MOVING CONSTANT SPEED,East,15,No,No,2015,TOYTA,HIGHLANDER,39.11530833,-77.18581833,"(39.11530833, -77.18581833)"
MCP3200005N,220022290,Montgomery County Police,Property Damage Crash,05/25/2022 09:04:00 AM,Other Public Roadway,MONTROSE PKWY,E JEFFERSON ST,,N/A,,HEAD ON LEFT TURN,CLOUDY,DRY,DAYLIGHT,TRAFFIC SIGNAL,NONE DETECTED,,8E175F0D-FA0C-4672-87BB-8EF1DD27B092,Yes,NO APPARENT INJURY,N/A,LOOKED BUT DID NOT SEE,MD,4DCF8709-D593-4806-8A67-8A680EF079CC,DISABLING,ONE OCLOCK,PASSENGER CAR,MAKING LEFT TURN,East,30,No,No,2010,HONDA,ODYSSEY,39.05124533,-77.12624267,"(39.05124533, -77.12624267)"
MCP2087000L,16061836,Montgomery County Police,Injury Crash,12/02/2016 07:28:00 AM,County,E RANDOLPH RD,NEW HAMPSHIRE AVE,,N/A,,STRAIGHT MOVEMENT ANGLE,CLEAR,DRY,DAYLIGHT,N/A,NONE DETECTED,,25345F5D-2E5C-4510-B03B-C4D0AC79023A,Yes,POSSIBLE INJURY,N/A,UNKNOWN,MD,C17122A4-099A-4E16-8DCC-B214941F68A4,DISABLING,FOUR OCLOCK,PASSENGER CAR,MAKING RIGHT TURN,North,40,No,No,2002,LEXU,GS300,39.0758,-77.00043167,"(39.0758, -77.00043167)"
DD5583003L,170548391,Rockville Police Departme,Property Damage Crash,12/13/2017 06:18:00 PM,Maryland (State),HUNGERFORD DR,COLLEGE PKWY,,ROCKVILLE,,SAME DIR REAR END,CLEAR,DRY,DARK LIGHTS ON,TRAFFIC SIGNAL,NONE DETECTED,,24023434-E418-440E-AE89-2FD6F6A0269A,No,NO APPARENT INJURY,N/A,NOT DISTRACTED,MD,70FFA86B-B5F5-40A5-8592-C3D8B577FA5F,FUNCTIONAL,TWELVE OCLOCK,PASSENGER CAR,SLOWING OR STOPPING,South,35,No,No,2014,BUICK,ENCORE,39.103124,-77.157062,"(39.103124, -77.157062)"
MCP28520027,190061185,Montgomery County Police,Property Damage Crash,12/19/2019 05:15:00 PM,Maryland (State),GREAT SENECA HWY,MATENY RD,,N/A,,SAME DIR REAR END,CLEAR,DRY,DARK LIGHTS ON,TRAFFIC SIGNAL,NONE DETECTED,,D8C0F79F-2D5A-4813-B21E-C7E21926C8FA,No,NO APPARENT INJURY,N/A,NOT DISTRACTED,MD,09FBEF0A-B4B2-45E4-A93E-B42B179A7AF8,SUPERFICIAL,SIX OCLOCK,PASSENGER CAR,MOVING CONSTANT SPEED,North,45,No,No,2018,BMW,GT330I,39.14649,-77.27491667,"(39.14649, -77.27491667)"
MCP29140085,180065371,Montgomery County Police,Property Damage Crash,12/31/2018 06:01:00 PM,Maryland (State),UNIVERSITY BLVD E,MONTGOMERY BLAIR HIGH SCHOOL,,N/A,,SINGLE VEHICLE,RAINING,WET,DARK LIGHTS ON,NO CONTROLS,N/A,,3757653E-6EE4-44B5-9E4E-8810E2575F34,Yes,NO APPARENT INJURY,"N/A, WET",NOT DISTRACTED,MD,4EB3D9A2-CE0D-4BC7-AB04-67BD66108C8C,FUNCTIONAL,TWELVE OCLOCK,PASSENGER CAR,MOVING CONSTANT SPEED,East,30,No,No,2000,TOYOTA,COROLA,39.01909833,-77.01190333,"(39.01909833, -77.01190333)"
MCP2688001S,16000344,Montgomery County Police,Property Damage Crash,01/03/2016 12:30:00 AM,Maryland (State),GEORGIA AVE,DENNIS AVE,,N/A,,SAME DIR REAR END,N/A,DRY,DARK LIGHTS ON,TRAFFIC SIGNAL,NONE DETECTED,,ADA0CBFD-8694-4BBD-981C-C139DBEEF40C,No,NO APPARENT INJURY,N/A,NOT DISTRACTED,MD,66877ECF-AFF5-4E26-98DC-536F62279941,SUPERFICIAL,SIX OCLOCK,PASSENGER CAR,STOPPED IN TRAFFIC LANE,South,35,No,No,2011,FORD,CROWN VICTORIA,39.02513833,-77.04601333,"(39.02513833, -77.04601333)"
MCP2516000R,16013390,MONTGOMERY,Injury Crash,03/18/2016 03:06:00 PM,Maryland (State),GEORGIA AVE,CONNECTICUT AVE,,N/A,,SAME DIRECTION LEFT TURN,CLEAR,DRY,DAYLIGHT,N/A,N/A,,0220C5E6-1205-4913-A00B-99CEFD233B68,Yes,SUSPECTED MINOR INJURY,N/A,LOOKED BUT DID NOT SEE,MD,69DAE24E-417B-45E4-A133-01FF43E05638,SUPERFICIAL,ELEVEN OCLOCK,PASSENGER CAR,CHANGING LANES,North,45,No,No,2012,HONDA,ACCORD,39.09453833,-77.07784667,"(39.09453833, -77.07784667)"
EJ7847001M,16001820,Gaithersburg Police Depar,Property Damage Crash,01/10/2016 07:15:00 PM,,,,"PARKING LOT OF GAITHERSBURG SQUARE SHOPPING CENTER, 500 BLOCK N. FREDERICK AVENUE.",,,OTHER,N/A,,DARK LIGHTS ON,NO CONTROLS,UNKNOWN,,D200861F-8BCF-4F44-851B-755D1784D6C6,Yes,NO APPARENT INJURY,N/A,UNKNOWN,,7122949C-CBE6-42C6-A9E5-13231A08BA89,SUPERFICIAL,SIX OCLOCK,,BACKING,North,5,No,No,0,UNKNOWN,UNKNOWN,39.14864333,-77.20985833,"(39.14864333, -77.20985833)"
MCP3225002L,220017146,Montgomery County Police,Property Damage Crash,04/22/2022 04:35:00 PM,County,ASPEN HILL RD,CONNECTICUT AVE,,N/A,,STRAIGHT MOVEMENT ANGLE,CLEAR,DRY,DAYLIGHT,NO CONTROLS,NONE DETECTED,,8B49C303-D25C-45EB-AE39-C4D421D39DC3,No,NO APPARENT INJURY,N/A,NOT DISTRACTED,MD,1C24F585-8A36-40B5-BD06-1800212EC318,FUNCTIONAL,TEN OCLOCK,PASSENGER CAR,ACCELERATING,South,35,No,No,2000,HONDA,CIVIC,39.0800885,-77.07991733,"(39.0800885, -77.07991733)"
EJ7849000S,15014159,Gaithersburg Police Depar,Injury Crash,03/27/2015 04:48:00 PM,Maryland (State),MONTGOMERY VILLAGE AVE,FREDERICK RD,,N/A,,SAME DIR REAR END,CLEAR,DRY,DAYLIGHT,TRAFFIC SIGNAL,N/A,,DBEDA7E0-1FA9-4ADA-9FC4-CC1AE792E8DB,No,POSSIBLE INJURY,N/A,NOT DISTRACTED,MD,1B410512-512E-4DDC-9926-3C9FC475CBB4,FUNCTIONAL,SIX OCLOCK,PASSENGER CAR,STOPPED IN TRAFFIC LANE,North,35,No,No,1994,FORD,TRK,39.14962167,-77.21528167,"(39.14962167, -77.21528167)"
MCP3230003R,220050698,Montgomery County Police,Property Damage Crash,11/16/2022 03:45:00 PM,County,HAVARD ST,BARBARA RD,,N/A,,SAME DIR REAR END,CLEAR,DRY,DAYLIGHT,NO CONTROLS,NONE DETECTED,,03924ABD-69BE-4E30-9B85-CFBABF581BC3,Yes,NO APPARENT INJURY,N/A,NOT DISTRACTED,MD,11662F63-C7EA-4246-AFA8-4951A291D324,DISABLING,TWELVE OCLOCK,PASSENGER CAR,MOVING CONSTANT SPEED,West,25,No,No,2001,HONDA,ODYSSEY,39.06284217,-77.081488,"(39.06284217, -77.081488)"
EJ78730059,21005342,Gaithersburg Police Depar,Injury Crash,12/22/2021 05:49:00 AM,Maryland (State),FREDERICK RD,MONTGOMERY VILLAGE AVE,,N/A,,OTHER,CLEAR,DRY,DARK LIGHTS ON,TRAFFIC SIGNAL,NONE DETECTED,,755429F1-0DCF-459F-827E-436431ACBBE6,No,SUSPECTED MINOR INJURY,N/A,NOT DISTRACTED,MD,C7067728-B92F-4067-9AD3-8F0BD0046CF1,DISABLING,TWELVE OCLOCK,PICKUP TRUCK,MOVING CONSTANT SPEED,North,35,No,No,2013,RAM,TK,39.15246782,-77.21200138,"(39.15246782, -77.21200138)"
MCP0036008D,180049025,Montgomery County Police,Injury Crash,10/01/2018 01:28:00 PM,County,MIDDLEBROOK RD,RAMP 7 FR MIDDLEBROOK RD TO RAMP 6,,N/A,,STRAIGHT MOVEMENT ANGLE,CLEAR,DRY,DAYLIGHT,FLASHING TRAFFIC SIGNAL,NONE DETECTED,,8A58ACA4-83FB-469A-B56B-61DDE19DCC64,No,POSSIBLE INJURY,N/A,NOT DISTRACTED,MD,81F91B74-8305-4A4D-B6BA-F11893B3049B,DISABLING,TWELVE OCLOCK,PASSENGER CAR,MOVING CONSTANT SPEED,East,45,No,No,2015,TOYOTA,4S,39.17449667,-77.24822667,"(39.17449667, -77.24822667)"
MCP1366005B,16056210,Montgomery County Police,Injury Crash,11/01/2016 08:58:00 AM,County,PARKLAWN DR,SPUR FR CO 125,,N/A,,SAME DIR REAR END,CLOUDY,DRY,DAYLIGHT,YIELD SIGN,NONE DETECTED,,B6852B21-35DF-48E7-ADEA-0B8D983336C5,No,NO APPARENT INJURY,N/A,NOT DISTRACTED,MD,7C8E6517-ECFD-437D-BFD9-1D190D96F3F6,FUNCTIONAL,SIX OCLOCK,"MEDIUM/HEAVY TRUCKS 3 AXLES (OVER 10,000LBS (4,536KG))",STOPPED IN TRAFFIC LANE,East,30,No,No,2008,KENW,TK,39.05171333,-77.10675667,"(39.05171333, -77.10675667)"
MCP3037000D,16066303,Montgomery County Police,Property Damage Crash,12/25/2016 03:24:00 PM,Maryland (State),FREDERICK RD,HENDERSON CORNER RD,,N/A,,STRAIGHT MOVEMENT ANGLE,CLEAR,DRY,DAYLIGHT,TRAFFIC SIGNAL,NONE DETECTED,,D49E7040-C56E-4C20-9141-CEC866687D0E,Yes,NO APPARENT INJURY,N/A,LOOKED BUT DID NOT SEE,MD,454819B2-4487-4A54-8B0C-6D0472E72922,FUNCTIONAL,ONE OCLOCK,POLICE VEHICLE/EMERGENCY,STARTING FROM LANE,South,40,No,No,2013,FORD,TAURUS,39.202275,-77.24592833,"(39.202275, -77.24592833)"
MCP24110037,190020637,Montgomery County Police,Injury Crash,05/02/2019 03:30:00 PM,Maryland (State),METRO ACCESS RD,CROSSOVER,,N/A,,SAME DIRECTION LEFT TURN,RAINING,WET,DAYLIGHT,NO CONTROLS,NONE DETECTED,,7B2F8EC1-5CB8-4F3A-B46A-9DDB3BAD96B4,Yes,NO APPARENT INJURY,"RAIN, SNOW, SEVERE CROSSWINDS, WET",NOT DISTRACTED,MD,E05907A0-419E-435A-B38B-2AD9EE7DBF28,DISABLING,ELEVEN OCLOCK,PASSENGER CAR,ACCELERATING,South,40,No,No,2015,FORD,MUSTANG,39.12322744,-77.16099532,"(39.12322744, -77.16099532)"