Report Number,Local Case Number,Agency Name,ACRS Report Type,Crash Date/Time,Route Type,Road Name,Cross-Street Name,Off-Road Description,Municipality,Related Non-Motorist,Collision Type,Weather,Surface Condition,Light,Traffic Control,Driver Substance Abuse,Non-Motorist Substance Abuse,Person ID,Driver At Fault,Injury Severity,Circumstance,Driver Distracted By,Drivers License State,Vehicle ID,Vehicle Damage Extent,Vehicle First Impact Location,Vehicle Body Type,Vehicle Movement,Vehicle Going Dir,Speed Limit,Driverless Vehicle,Parked Vehicle,Vehicle Year,Vehicle Make,Vehicle Model,Latitude,Longitude,Location
MCP2739000K,15052664,MONTGOMERY,Injury Crash,10/17/2015 02:53:00 AM,Maryland (State),CAPITOL VIEW AVE,POST OFFICE RD,,N/A,,HEAD ON,CLEAR,DRY,DARK LIGHTS ON,N/A,NONE DETECTED,,1B311978-634A-401E-8143-2D81E945498D,No,SUSPECTED MINOR INJURY,N/A,UNKNOWN,MD,987BEBC3-39C1-46D0-A42B-BE67B6162C8E,FUNCTIONAL,SEVEN OCLOCK,POLICE VEHICLE/EMERGENCY,PARKED,,30,No,Yes,2014,DODGE,CHARGER,39.01532,-77.05554333,"(39.01532, -77.05554333)"
MCP29770098,220035174,Montgomery County Police,Property Damage Crash,08/13/2022 06:51:00 AM,Maryland (State),PINEY BRANCH RD,CARROLL AVE,,N/A,,ANGLE MEETS LEFT TURN,CLEAR,DRY,DAYLIGHT,NO CONTROLS,NONE DETECTED,,26F2CF07-91C6-4B87-901B-50AC5A6166AC,No,NO APPARENT INJURY,N/A,NOT DISTRACTED,MD,C04FA0BB-23A6-4CC4-B812-679B57304EAF,FUNCTIONAL,NINE OCLOCK,PICKUP TRUCK,MOVING CONSTANT SPEED,North,35,No,No,2003,CHEV,SILVERADO,39.0013471,-76.9885813,"(39.0013471, -76.9885813)"
MCP13820058,190049246,Montgomery County Police,Injury Crash,10/14/2019 07:21:00 AM,County,BRIGGS CHANEY RD,ROBEY RD,,N/A,,STRAIGHT MOVEMENT ANGLE,CLEAR,DRY,DAYLIGHT,STOP SIGN,NONE DETECTED,,521D47FF-408F-4509-8457-D34F76960ED5,Yes,NO APPARENT INJURY,N/A,NOT DISTRACTED,MD,3B7F6D20-9F40-4E27-8FAB-EE661E35FB71,FUNCTIONAL,TWELVE OCLOCK,SCHOOL BUS,STARTING FROM LANE,South,35,No,No,2019,FRHT,BU,39.07931667,-76.94506833,"(39.07931667, -76.94506833)"
MCP1550005X,250012025,MONTGOMERY,Injury Crash,03/19/2025 12:55:00 PM,County Route,WOODGLEN DR (NB/L),SECURITY LA,,,Pedestrian,Single Vehicle,Clear,Dry,Daylight,Stop Sign,"Not Suspect of Alcohol Use, Not Suspect of Drug Use","Not Suspect of Alcohol Use, Not Suspect of Drug Use",21B07539-60BC-43B4-8BF3-8F16CEB2E507,Yes,No Apparent Injury,,Not Distracted,MD,7371FCC7-A5D9-41F3-B27C-818D56A033ED,Superficial,Twelve O Clock,Sport Utility Vehicle,Turning Left,,20,No,No,2018,FORD,EXPLORER,39.04194967,-77.11322117,"(39.04194967, -77.11322117)"
MCP3173002C,210052880,Montgomery County Police,Property Damage Crash,12/28/2021 05:00:00 AM,Maryland (State),OLD COLUMBIA PIKE,E RANDOLPH RD,,N/A,,STRAIGHT MOVEMENT ANGLE,N/A,DRY,DARK LIGHTS ON,FLASHING TRAFFIC SIGNAL,NONE DETECTED,,1F3FC7C2-CD74-43F7-90A6-A16CBB11CD38,Yes,NO APPARENT INJURY,N/A,LOOKED BUT DID NOT SEE,MD,A0D82C93-1291-4914-BC52-EA0BCE1D3551,DESTROYED,TWO OCLOCK,PASSENGER CAR,MOVING CONSTANT SPEED,North,30,No,No,2015,CHEVE,EQUINOX,39.06350183,-76.9658495,"(39.06350183, -76.9658495)"
MCP1580002T,15008838,Montgomery County Police,Property Damage Crash,02/24/2015 07:24:00 AM,Maryland (State),MIDCOUNTY HWY,GOSHEN RD,,N/A,,SAME DIR REAR END,CLEAR,DRY,DAYLIGHT,NO CONTROLS,NONE DETECTED,,2F714922-35F4-4B5F-B602-5648ABD7906F,Yes,NO APPARENT INJURY,"N/A, VISION OBSTRUCTION (INCL. BLINDED BY SUN)",OTHER DISTRACTION,MD,D1DE920B-0C7B-49A9-82E1-21918C77937F,DISABLING,TWELVE OCLOCK,PASSENGER CAR,SLOWING OR STOPPING,East,50,No,No,2013,CHEV,CRUZ,39.15754167,-77.19035167,"(39.15754167, -77.19035167)"
MCP3271002Q,220055535,Montgomery County Police,Property Damage Crash,12/15/2022 03:25:00 PM,County,MACARTHUR BLVD,MOHICAN RD,,N/A,,SAME DIR REAR END,RAINING,WET,DAYLIGHT,NO CONTROLS,NONE DETECTED,,9A77497E-A3E3-4877-A167-FC029F52F7F1,No,NO APPARENT INJURY,"RAIN, SNOW, WET",NOT DISTRACTED,US,60531FA6-C779-4E0E-A762-E2C5D4142A31,DISABLING,SIX OCLOCK,PASSENGER CAR,STOPPED IN TRAFFIC LANE,East,35,No,No,2022,VOLVO,XC60,38.96119677,-77.13327928,"(38.96119677, -77.13327928)"
MCP2455004T,220009558,Montgomery County Police,Injury Crash,03/05/2022 04:38:00 PM,Municipality,ELMCROFT BLVD,KING FARM BLVD,,ROCKVILLE,,SAME DIRECTION SIDESWIPE,CLEAR,DRY,DAYLIGHT,N/A,ALCOHOL PRESENT,,B7B25484-D2F5-46CC-A010-B121FC5FFA7C,Yes,POSSIBLE INJURY,N/A,UNKNOWN,TX,06082148-3CE5-4B65-8799-75E18C2D0025,DISABLING,ONE OCLOCK,PICKUP TRUCK,MOVING CONSTANT SPEED,West,25,No,No,2015,TOYOTA,TACOMA,39.11606554,-77.16946336,"(39.11606554, -77.16946336)"
DM8494000H,210002088,Takoma Park Police Depart,Property Damage Crash,01/17/2021 02:36:00 PM,Maryland (State),UNIVERSITY BLVD E,MERRIMAC DR,,TAKOMA PARK,,STRAIGHT MOVEMENT ANGLE,CLOUDY,DRY,DAYLIGHT,NO CONTROLS,N/A,,94BA31B9-AE09-4682-B626-5C1E9B2E5B9F,Yes,NO APPARENT INJURY,N/A,INATTENTIVE OR LOST IN THOUGHT,MD,7E84832B-6865-4B34-A5EC-9679FF5B5525,DISABLING,TWELVE OCLOCK,PASSENGER CAR,ACCELERATING,South,25,No,No,2011,VOLKSWAGEN,JETTA,38.9922475,-76.99124117,"(38.9922475, -76.99124117)"
MCP3093005S,240052059,MONTGOMERY,Property Damage Crash,10/30/2024 02:51:00 PM,Maryland (State) Route,WISCONSIN AVE,,,,,Other,Clear,Dry,Daylight,No Controls,"Not Suspect of Alcohol Use, Not Suspect of Drug Use",,F85C1CFB-A2B4-435F-AD88-F68D46DF2622,No,No Apparent Injury,,Not Distracted,MD,52DF6AF6-57F4-49F8-AED7-3C806C2297E5,Superficial,Eight O Clock,Sport Utility Vehicle,Stopped in Traffic,Northbound,35,No,No,2017,HONDA,CR-V,38.96182338,-77.08612718,"(38.96182338, -77.08612718)"
MCP1465005G,210012140,Montgomery County Police,Injury Crash,04/01/2021 09:44:00 AM,County,SHADY GROVE RD,BRIARDALE RD,,N/A,,SAME DIR REAR END,CLOUDY,DRY,DAYLIGHT,TRAFFIC SIGNAL,NONE DETECTED,,93E4BA8D-D566-42E9-9801-76881C76EB11,Yes,POSSIBLE INJURY,N/A,OTHER DISTRACTION,MD,01650EDE-86CF-40B1-9BE5-353FFFB5DF9E,DISABLING,TWELVE OCLOCK,PASSENGER CAR,SLOWING OR STOPPING,South,45,No,No,2010,TOYOTA,SIENNA,39.13393167,-77.15826667,"(39.13393167, -77.15826667)"
MCP23610039,250015141,MONTGOMERY,Property Damage Crash,04/07/2025 05:47:00 PM,Spur,,,,,,Front to Rear,Clear,Dry,Daylight,Pedestrian Crossing,"Not Suspect of Alcohol Use, Not Suspect of Drug Use",,98DA05E5-581D-4D00-A8FB-7AC3A09B2EB4,Yes,No Apparent Injury,"Followed Too Closely, Too Fast For Conditions",Unknown,MD,9610E29D-E975-413A-8AC3-817309F49D43,Functional,Twelve O Clock,Pickup,Turning Right,Northbound,35,No,No,2015,TOYOTA,TACOMA,39.15973317,-77.20214383,"(39.15973317, -77.20214383)"
MCP1151002D,15007258,Montgomery County Police,Property Damage Crash,02/13/2015 08:40:00 AM,,,,14035 BLK  of parking area of Gallop Terrace,,,OTHER,CLEAR,,DAYLIGHT,NO CONTROLS,NONE DETECTED,,6DB0C418-1BD1-4093-8AB3-355CA38ED050,No,NO APPARENT INJURY,N/A,NOT DISTRACTED,MD,4D7B6059-36A4-4239-8354-6FFDCDC1CF5B,SUPERFICIAL,SEVEN OCLOCK,SCHOOL BUS,STOPPED IN TRAFFIC LANE,West,25,No,No,2005,IC,BUS,39.17358,-77.288465,"(39.17358, -77.288465)"
MCP3353000W,230021914,Montgomery County Police,Property Damage Crash,05/08/2023 07:10:00 AM,County,SHADY GROVE RD,CAVANAUGH DR,,N/A,,SAME DIR REAR END,CLEAR,WET,DAYLIGHT,TRAFFIC SIGNAL,N/A,,34B9524D-65A2-4AD1-A9DB-06DDB5F6355B,No,NO APPARENT INJURY,N/A,NOT DISTRACTED,MD,FFB7FB72-12D5-448B-9265-1C91B54C6C38,FUNCTIONAL,TWELVE OCLOCK,PASSENGER CAR,STOPPED IN TRAFFIC LANE,North,30,No,No,2017,TOYT,4S,39.08306917,-77.21754133,"(39.08306917, -77.21754133)"
DD5657001P,240012427,ROCKVILLE,Injury Crash,03/15/2024 09:50:00 AM,Maryland (State) Route,W MONTGOMERY AVE,,,,,Front to Rear,Cloudy,Dry,Daylight,Traffic Control Signal,"Not Suspect of Alcohol Use, Not Suspect of Drug Use",,A112EBA0-C965-439F-9F06-675728148333,No,Suspected Minor Injury,,Not Distracted,MD,BAD1E74F-6C78-48F6-9499-3A34C205198C,Superficial,Six O Clock,Sport Utility Vehicle,Stopped in Traffic,Southbound,40,No,,2012,VOLVO,XC90,39.09998911,-77.18500218,"(39.09998911, -77.18500218)"
DD5522001J,15011603,Rockville Police Departme,Injury Crash,03/13/2015 01:03:00 PM,Maryland (State),W JEFFERSON ST,S WASHINGTON ST,,ROCKVILLE,,HEAD ON LEFT TURN,CLEAR,DRY,DAYLIGHT,TRAFFIC SIGNAL,NONE DETECTED,,DB6BAFE8-41B2-4799-AC17-03AD0C0CA078,Yes,NO APPARENT INJURY,N/A,NOT DISTRACTED,DC,4C4E7761-5324-4CE1-8F8F-41A2B780D058,FUNCTIONAL,TWELVE OCLOCK,PASSENGER CAR,MAKING LEFT TURN,East,25,No,No,2009,HONDA,CIVIC,39.08316803,-77.15284109,"(39.08316803, -77.15284109)"
MCP2278003J,210037766,Montgomery County Police,Property Damage Crash,09/24/2021 09:42:00 AM,County,DEMOCRACY BLVD,RAMP 6 FR DEMOCRACY BLVD TO IS 270Y SB,,N/A,,SAME DIRECTION LEFT TURN,N/A,DRY,DAYLIGHT,NO CONTROLS,NONE DETECTED,,C91AF351-354E-4280-8043-7ED8415B2E82,No,NO APPARENT INJURY,N/A,NOT DISTRACTED,GA,C4264432-A6C6-4E06-AAE1-69A6101FA60F,DISABLING,ONE OCLOCK,PASSENGER CAR,MOVING CONSTANT SPEED,West,35,No,No,2019,FORD,TRANSIT,39.02161,-77.14162333,"(39.02161, -77.14162333)"
MCP2652000F,17002781,Montgomery County Police,Property Damage Crash,01/16/2017 04:12:00 PM,Maryland (State),GEORGIA AVE,HIGHLAND DR,,N/A,,SAME DIR REAR END,CLOUDY,DRY,DAYLIGHT,NO CONTROLS,NONE DETECTED,,E1B3D193-C5D6-427D-B84D-88C7E5C190B5,Yes,NO APPARENT INJURY,N/A,NOT DISTRACTED,MD,29A326E7-7861-4116-A526-E1AE2117EEAE,DISABLING,TWELVE OCLOCK,PASSENGER CAR,MOVING CONSTANT SPEED,South,35,No,No,2012,TOYT,4S,39.00408667,-77.03708667,"(39.00408667, -77.03708667)"
EJ7856007R,190049778,Gaithersburg Police Depar,Property Damage Crash,10/17/2019 11:03:00 AM,Maryland (State),FREDERICK RD,CHRISTOPHER AVE,,GAITHERSBURG,,SAME DIR REAR END,CLEAR,DRY,DAYLIGHT,N/A,N/A,,FB234B06-C1E7-47C7-A5F9-BFA015EF6699,No,NO APPARENT INJURY,N/A,NOT DISTRACTED,MD,F15F6306-CC43-4EC7-8BB3-A47E7041F5F0,FUNCTIONAL,SIX OCLOCK,VAN,MOVING CONSTANT SPEED,South,35,No,No,2018,DODGE,CARAVAN,39.15001333,-77.21510167,"(39.15001333, -77.21510167)"
MCP0613000T,180041728,Montgomery County Police,Property Damage Crash,08/22/2018 07:35:00 AM,County,RANDOLPH RD,KIMBLEWICK DR,,N/A,,SAME DIR REAR END,CLEAR,N/A,DAYLIGHT,N/A,NONE DETECTED,,8FA04AC5-9FCA-49C0-9178-23969B1A68D1,Yes,NO APPARENT INJURY,N/A,NOT DISTRACTED,MD,21962A6E-2F92-4F2F-97C3-0D99435717EF,SUPERFICIAL,TWELVE OCLOCK,PASSENGER CAR,SLOWING OR STOPPING,West,45,No,No,2014,INFINITE,Q60S,39.07107333,-77.01304,"(39.07107333, -77.01304)"
MCP26880021,16031294,Montgomery County Police,Property Damage Crash,06/21/2016 06:08:00 AM,County,ADELPHI RD,NEW HAMPSHIRE AVE,,N/A,,SAME DIRECTION RIGHT TURN,CLEAR,DRY,DAYLIGHT,TRAFFIC SIGNAL,NONE DETECTED,,228E53B7-B5C7-4C34-A33C-FCDCCDBA2598,Yes,NO APPARENT INJURY,N/A,NOT DISTRACTED,VA,D5B9829D-9829-4C7E-A929-D11D264400EF,FUNCTIONAL,TWELVE OCLOCK,PASSENGER CAR,MOVING CONSTANT SPEED,North,40,No,No,2008,TOYOTA,CAMRY,39.01143667,-76.97863333,"(39.01143667, -76.97863333)"
MCP31550010,190009293,Montgomery County Police,Property Damage Crash,02/27/2019 09:26:00 AM,Maryland (State),PINEY BRANCH RD,BARRON ST,,N/A,,N/A,CLEAR,DRY,DAYLIGHT,NO CONTROLS,NONE DETECTED,,9B247B19-96C5-40FD-8D47-0DB6B2D6E18E,No,NO APPARENT INJURY,N/A,NOT DISTRACTED,MD,3329570D-BFDE-405C-A25D-A075AC67EBB6,SUPERFICIAL,ELEVEN OCLOCK,TRANSIT BUS,N/A,South,30,No,No,2009,GILLIG,LOW FLOOR,39.08421375,-76.90977954,"(39.08421375, -76.90977954)"
MCP27180028,16056333,Montgomery County Police,Property Damage Crash,11/01/2016 06:08:00 PM,Municipality,ATLANTIC AVE,VEIRS MILL RD,,N/A,,OTHER,CLEAR,DRY,DUSK,TRAFFIC SIGNAL,N/A,,01D92941-2D63-436E-BB0D-CB583F476B24,Yes,NO APPARENT INJURY,N/A,UNKNOWN,MD,5E004288-DED6-4EED-AF51-1291A2D91624,DISABLING,FIVE OCLOCK,PASSENGER CAR,MAKING LEFT TURN,West,40,No,No,2013,FORD,FOCUS,39.07493167,-77.11570833,"(39.07493167, -77.11570833)"
MCP1512000G,15018962,Montgomery County Police,Injury Crash,04/22/2015 08:33:00 PM,Maryland (State),W DIAMOND AVE,DAVIS AVE,,N/A,,SAME DIR REAR END,CLEAR,DRY,DARK LIGHTS ON,NO CONTROLS,NONE DETECTED,,15CF945C-1E77-46A9-9D60-0F69A8059681,No,SUSPECTED MINOR INJURY,N/A,NOT DISTRACTED,MD,C5A95D2E-6AAF-48C4-99A1-DBF528D244F7,SUPERFICIAL,SIX OCLOCK,PASSENGER CAR,STOPPED IN TRAFFIC LANE,West,35,No,No,2003,SATU,4S,39.13996833,-77.209275,"(39.13996833, -77.209275)"
MCP320000B9,240005703,MONTGOMERY,Injury Crash,02/05/2024 08:06:00 AM,County Route,DEMOCRACY BLVD,,,,,Front to Rear,Clear,Dry,Daylight,Traffic Control Signal,"Not Suspect of Alcohol Use, Not Suspect of Drug Use",,66932746-3BD8-46DA-9F26-6A2780504017,No,No Apparent Injury,,Not Distracted,MD,640D025F-FE80-466F-A88D-4FC2593E66C4,Superficial,Eleven O Clock,Bus - Transit,Moving Constant Speed,Westbound,35,No,,2021,NEW FLYER,TRANSIT BUS,39.02291718,-77.13227339,"(39.02291718, -77.13227339)"
MCP2687004H,240050918,MONTGOMERY,Property Damage Crash,10/24/2024 12:56:00 PM,County Route,CORDELL AVE,,,,,Unknown,Clear,Dry,Daylight,No Controls,"Unknown, Unknown",,97AB4713-7A39-49AF-8D38-3DA723DDBF21,No,,,,,9262301A-7576-47A8-84A5-A21F1D206CA5,Vehicle Not at Scene,Vehicle Not at Scene,Unknown,Backing,Westbound,25,No,No,2006,FREIGHTLINER,UNKNOWN,38.98993432,-77.09724044,"(38.98993432, -77.09724044)"
MCP9301005J,240052633,MONTGOMERY,Injury Crash,11/02/2024 10:42:00 AM,Ramp,RAMP 5 FR IS 270 SB TO SHADY GROVE RD,SHADY GROVE RD (SB/L),,,,Angle,Clear,Dry,Daylight,Traffic Control Signal,"Not Suspect of Alcohol Use, Not Suspect of Drug Use",,7078FF7F-270D-43D6-8E67-8E39F46A53E9,No,Possible Injury,,Not Distracted,MD,E8512D24-4615-4AD7-AE56-51745A9DAE72,Functional,Twelve O Clock,Passenger Car,Turning Left,,30,No,No,2022,ACURA,MDX,39.10949258,-77.18826697,"(39.10949258, -77.18826697)"
MCP2816001T,170514356,Montgomery County Police,Property Damage Crash,06/18/2017 03:44:00 AM,Maryland (State),KEY WEST AVE,SPUR FR SHADY GROVE RD,,N/A,,SINGLE VEHICLE,N/A,DRY,DARK LIGHTS ON,NO CONTROLS,NONE DETECTED,,B8D5A1DF-48B4-4B92-A542-B8313F14020D,Yes,NO APPARENT INJURY,N/A,OTHER DISTRACTION,MD,49B3F1F6-30A1-4257-8423-97100388BB1C,DISABLING,ELEVEN OCLOCK,PASSENGER CAR,MAKING RIGHT TURN,North,40,No,No,2008,HONDA,ACCORD,39.10369,-77.19118667,"(39.10369, -77.19118667)"
MCP3149000W,190011562,Montgomery County Police,Property Damage Crash,03/13/2019 12:49:00 AM,Maryland (State),UNIVERSITY BLVD E,COLESVILLE RD,,N/A,,STRAIGHT MOVEMENT ANGLE,CLEAR,DRY,DARK LIGHTS ON,TRAFFIC SIGNAL,NONE DETECTED,,0FDC70F1-B851-4423-A06A-BA44C9203022,Yes,NO APPARENT INJURY,N/A,INATTENTIVE OR LOST IN THOUGHT,MD,AFBF9C4A-539C-4E65-96EB-512C9C1EDDC0,DISABLING,TWELVE OCLOCK,PASSENGER CAR,MOVING CONSTANT SPEED,East,40,No,No,2009,SUBARU,TK,39.02041637,-77.01279371,"(39.02041637, -77.01279371)"
MCP2931000N,15034812,MONTGOMERY,Property Damage Crash,07/15/2015 05:40:00 PM,Maryland (State),ROCKVILLE PIKE,TALBOTT ST,,ROCKVILLE,,HEAD ON LEFT TURN,CLEAR,DRY,DAYLIGHT,NO CONTROLS,N/A,,A0A908CB-36FC-41C1-A15C-4F4733A95217,Yes,NO APPARENT INJURY,N/A,NOT DISTRACTED,MD,FC4E5889-CCAC-42CC-A081-1928F1C8A2B9,FUNCTIONAL,TWELVE OCLOCK,PASSENGER CAR,MAKING LEFT TURN,South,40,No,No,2008,LEXUS,GX470,39.07227333,-77.13315833,"(39.07227333, -77.13315833)"
MCP29320085,250014612,MONTGOMERY,Property Damage Crash,04/03/2025 11:13:00 PM,,,,"Driveway        VEHICLE DROVE ON PRIVATE DRIVE WAY OF 9913 DILSTON ROAD INTO BACKYARD, THEN STRUCK A TREE IN BACKYARD",,,Single Vehicle,Clear,,Dark - Lighted,,"Suspect of Alcohol Use, Not Suspect of Drug Use",,669BB2D5-BDA9-4EAC-976F-37D951E90944,Yes,No Apparent Injury,Ran Off Roadway,Unknown,MD,47D57408-3A0B-49D3-850C-2A51552A0EA1,Disabling,Eleven O Clock,Passenger Car,Moving Constant Speed,Not On Roadway,0,No,No,2012,FORD,FOCUS,39.01805765,-76.97802511,"(39.01805765, -76.97802511)"
MCP21890004,170523280,Montgomery County Police,Property Damage Crash,08/06/2017 02:20:00 AM,County,EPWORTH CT,LYONS CREST WAY,,N/A,,SINGLE VEHICLE,CLEAR,DRY,DARK LIGHTS ON,NO CONTROLS,NONE DETECTED,,66153BB9-6C1F-47D4-870A-058458D46018,Yes,NO APPARENT INJURY,"ANIMAL, N/A",UNKNOWN,MD,02BAD16E-732D-497D-AC93-5069A07462E3,DISABLING,ONE OCLOCK,PASSENGER CAR,MOVING CONSTANT SPEED,East,25,No,No,2016,VOLK,4S,39.18924594,-77.16602147,"(39.18924594, -77.16602147)"
MCP106400C7,220004318,Montgomery County Police,Property Damage Crash,02/01/2022 11:09:00 AM,,,,"PARKING LOT
11604 STEWART LN
SILVER SPRING, MD 20904",,,OTHER,CLEAR,,DAYLIGHT,N/A,N/A,,13931657-3BCB-4953-A8C0-DC0F288DAE38,Yes,NO APPARENT INJURY,N/A,DISTRACTED BY OUTSIDE PERSON OBJECT OR EVENT,MD,01B64048-4131-4554-8EB4-E8B9921C0066,FUNCTIONAL,SIX OCLOCK,(SPORT) UTILITY VEHICLE,BACKING,South,0,No,No,2018,TOYT,RAV4,39.04366667,-76.98618167,"(39.04366667, -76.98618167)"
MCP3129007V,230057809,Montgomery County Police,Injury Crash,10/01/2023 07:30:00 AM,Maryland (State),GEORGIA AVE,ASPEN HILL RD,,N/A,PEDESTRIAN,OTHER,CLEAR,DRY,DAYLIGHT,TRAFFIC SIGNAL,NONE DETECTED,NONE DETECTED,AEBB82E9-1E38-4C5B-A845-BE11E93B601F,Unknown,NO APPARENT INJURY,"N/A, VISION OBSTRUCTION (INCL. BLINDED BY SUN)",LOOKED BUT DID NOT SEE,MD,942CE1E4-BC7D-4D25-9FD4-B43347E914E4,NO DAMAGE,TWELVE OCLOCK,PASSENGER CAR,MAKING RIGHT TURN,East,35,No,No,2004,HOND,PV,39.08041082,-77.07525236,"(39.08041082, -77.07525236)"
DD5624003B,190053113,Rockville Police Departme,Property Damage Crash,11/04/2019 03:00:00 PM,Maryland (State),ROCKVILLE PIKE,ENT TO WOODMONT COUNTRY CLUB,,N/A,,OTHER,CLEAR,DRY,DAYLIGHT,NO CONTROLS,NONE DETECTED,,1D3455FD-A03A-4CC3-98FF-BBE8F3C2E9FE,Yes,NO APPARENT INJURY,N/A,DISTRACTED BY OUTSIDE PERSON OBJECT OR EVENT,,0EFE1697-475C-43A9-B8C3-2FD521EE08F6,SUPERFICIAL,FIVE OCLOCK,PASSENGER CAR,BACKING,South,35,No,No,2019,NISSAN,4D,39.07011328,-77.13123206,"(39.07011328, -77.13123206)"
MCP27280059,180014415,Montgomery County Police,Injury Crash,03/23/2018 05:25:00 PM,Maryland (State),UNIVERSITY BLVD W,LORAIN AVE,,N/A,,STRAIGHT MOVEMENT ANGLE,CLOUDY,DRY,DAYLIGHT,NO CONTROLS,NONE DETECTED,,9AB30574-969F-4C11-BA3C-709154A420B3,No,POSSIBLE INJURY,N/A,NOT DISTRACTED,MD,D06ED372-12DD-4BD4-8B63-6DA7187734E6,DISABLING,ELEVEN OCLOCK,PASSENGER CAR,MOVING CONSTANT SPEED,East,35,No,No,2010,TOYOTA,RAV4,39.02176167,-77.01530333,"(39.02176167, -77.01530333)"
MCP2783002Z,180062821,Montgomery County Police,Injury Crash,12/16/2018 05:50:00 PM,Maryland (State),GEORGIA AVE,LEESBOROUGH DR,,N/A,,SAME DIR REAR END,CLEAR,DRY,DARK LIGHTS ON,NO CONTROLS,NONE DETECTED,,96E8D17F-78D4-4D53-8644-D946571B094F,No,NO APPARENT INJURY,N/A,UNKNOWN,DC,2AE270E6-6CD5-475B-B3A9-6D1324321665,SUPERFICIAL,SIX OCLOCK,PASSENGER CAR,MOVING CONSTANT SPEED,North,35,No,No,2010,ACURA,SD,39.04489333,-77.05200333,"(39.04489333, -77.05200333)"
MCP3076001Y,190003318,Montgomery County Police,Injury Crash,01/22/2019 08:15:00 AM,Maryland (State),GEORGIA AVE,HILDAROSE DR,,N/A,,STRAIGHT MOVEMENT ANGLE,CLEAR,DRY,DAYLIGHT,STOP SIGN,NONE DETECTED,,F41F8086-7F27-4122-8C73-E313DE9FA171,No,NO APPARENT INJURY,N/A,NOT DISTRACTED,MD,10D07B08-3737-4C71-AC5F-AD271A259A6A,SUPERFICIAL,ONE OCLOCK,PASSENGER CAR,MOVING CONSTANT SPEED,South,35,No,No,2010,TOYOTA,HIGHLANDER,39.00637076,-77.0389491,"(39.00637076, -77.0389491)"
MCP1472000X,170530322,Montgomery County Police,Injury Crash,09/13/2017 12:15:00 PM,Maryland (State),W DIAMOND AVE,BUREAU DR,,GAITHERSBURG,,HEAD ON LEFT TURN,CLEAR,N/A,DAYLIGHT,TRAFFIC SIGNAL,N/A,,86735924-D76F-49A8-95B2-E68E997B9131,No,POSSIBLE INJURY,N/A,NOT DISTRACTED,MD,442E2807-CD73-4D59-9083-569F69401168,DISABLING,ELEVEN OCLOCK,PASSENGER CAR,ACCELERATING,West,35,No,No,2015,SUBA,WRX 4S,39.14168689,-77.21778676,"(39.14168689, -77.21778676)"
MCP3207001M,210015556,Montgomery County Police,Injury Crash,04/26/2021 03:23:00 PM,County,BROADBIRCH DR,CHERRY HILL RD,,N/A,,SAME DIR REAR END,CLEAR,DRY,DAYLIGHT,TRAFFIC SIGNAL,NONE DETECTED,,3D4B3B46-BB07-43F3-A913-84D0234C8DB1,No,POSSIBLE INJURY,N/A,NOT DISTRACTED,MD,A459A18F-8CAE-4436-B227-E2D2DCB6FFCE,FUNCTIONAL,SIX OCLOCK,PASSENGER CAR,SLOWING OR STOPPING,North,35,No,No,2012,NISSAN,ATIMA,39.05591376,-76.95471967,"(39.05591376, -76.95471967)"
MCP25880065,190040632,Montgomery County Police,Injury Crash,08/25/2019 05:59:00 AM,County,RANDOLPH RD,GLENMONT CIR #1,,N/A,,SINGLE VEHICLE,CLEAR,DRY,DAWN,TRAFFIC SIGNAL,NONE DETECTED,,635C6277-3F61-4D73-8FE2-879FC9481D7A,Yes,NO APPARENT INJURY,N/A,OTHER DISTRACTION,XX,CD8520D4-1B21-4A7B-B95E-ED39E177C58E,DESTROYED,TWELVE OCLOCK,PASSENGER CAR,MOVING CONSTANT SPEED,West,35,No,No,1999,LINC,TOWNCAR,39.05905724,-77.04769735,"(39.05905724, -77.04769735)"
MCP3145000V,180063233,Montgomery County Police,Property Damage Crash,12/18/2018 06:49:00 PM,Maryland (State),OLNEY SANDY SPRING RD,DR BIRD RD,,N/A,,SAME DIRECTION SIDESWIPE,CLEAR,DRY,DARK NO LIGHTS,NO CONTROLS,N/A,,DB8D3FEF-5C8D-4EEA-A98A-C4ADA12F61D1,Yes,NO APPARENT INJURY,N/A,UNKNOWN,MD,78890C0D-CA37-4398-A6DA-6D0661D0DB8D,SUPERFICIAL,TEN OCLOCK,AMBULANCE/EMERGENCY,CHANGING LANES,East,35,No,No,2012,HONDA,2S,39.14,-77.04,"(39.14, -77.04)"
MCP2349000W,16040309,Montgomery County Police,Property Damage Crash,08/09/2016 08:30:00 AM,Maryland (State),CLOPPER RD,WARING STATION RD,,N/A,,SAME DIR REAR END,CLOUDY,DRY,DAYLIGHT,TRAFFIC SIGNAL,NONE DETECTED,,A35823E5-61A0-44E9-978B-76F574C14E27,No,NO APPARENT INJURY,N/A,NOT DISTRACTED,MD,A3AD6CD5-185F-41AD-BCBC-E0027679D08D,FUNCTIONAL,SIX OCLOCK,PASSENGER CAR,STOPPED IN TRAFFIC LANE,East,40,No,No,2013,TOYT,HIGHLANDER,39.15452,-77.256685,"(39.15452, -77.256685)"