Report Number,Local Case Number,Agency Name,ACRS Report Type,Crash Date/Time,Route Type,Road Name,Cross-Street Name,Off-Road Description,Municipality,Related Non-Motorist,Collision Type,Weather,Surface Condition,Light,Traffic Control,Driver Substance Abuse,Non-Motorist Substance Abuse,Person ID,Driver At Fault,Injury Severity,Circumstance,Driver Distracted By,Drivers License State,Vehicle ID,Vehicle Damage Extent,Vehicle First Impact Location,Vehicle Body Type,Vehicle Movement,Vehicle Going Dir,Speed Limit,Driverless Vehicle,Parked Vehicle,Vehicle Year,Vehicle Make,Vehicle Model,Latitude,Longitude,Location
DM83740027,190002946,Takoma Park Police Depart,Property Damage Crash,01/18/2019 08:15:00 PM,Municipality,ERSKINE ST,NEW HAMPSHIRE AVE,,N/A,,HEAD ON LEFT TURN,CLEAR,WET,DARK LIGHTS ON,TRAFFIC SIGNAL,N/A,,80C56775-776E-4114-85E6-09C8EAE353AE,No,NO APPARENT INJURY,"N/A, WET",NOT DISTRACTED,MD,8E34869A-818C-4DCB-9325-D4E8F69F6DAD,FUNCTIONAL,TWELVE OCLOCK,PASSENGER CAR,MOVING CONSTANT SPEED,South,35,No,No,2000,CHEVY,IMPALA,38.98159167,-76.98904333,"(38.98159167, -76.98904333)"
MCP2181003W,210010703,Montgomery County Police,Property Damage Crash,03/21/2021 05:10:00 PM,Maryland (State),FREDERICK RD,LAKE FOREST BLVD,,GAITHERSBURG,,SAME DIRECTION SIDESWIPE,CLEAR,DRY,DAYLIGHT,TRAFFIC SIGNAL,N/A,,B28A17AE-CBE1-4F94-B062-1A7084CDD72C,No,NO APPARENT INJURY,N/A,NOT DISTRACTED,MD,73FF5E12-C198-4469-937B-4EA00A12254B,FUNCTIONAL,TWO OCLOCK,PASSENGER CAR,SLOWING OR STOPPING,North,35,No,No,2015,ACUR,TLX,39.15053167,-77.20864667,"(39.15053167, -77.20864667)"
MCP32570035,210043610,Montgomery County Police,Property Damage Crash,10/29/2021 12:10:00 AM,Maryland (State),ROCKVILLE PIKE,MARINELLI RD,,N/A,,SINGLE VEHICLE,CLOUDY,DRY,DARK LIGHTS ON,NO CONTROLS,ALCOHOL PRESENT,,C09327E1-16F1-4540-AF50-B4FF0EB66464,Yes,NO APPARENT INJURY,N/A,OTHER DISTRACTION,MD,7B385C57-CFAF-42CD-AD36-39B4C2200990,DISABLING,TWELVE OCLOCK,PASSENGER CAR,MOVING CONSTANT SPEED,East,35,No,No,2019,HYUNDAI,ELANTRA,39.04690276,-77.1126371,"(39.04690276, -77.1126371)"
DD5628002K,190049944,Rockville Police Departme,Property Damage Crash,10/18/2019 08:10:00 AM,Municipality,WOOTTON PKWY,SCOTT DR,,ROCKVILLE,,SAME DIR REAR END,CLEAR,DRY,DAYLIGHT,TRAFFIC SIGNAL,NONE DETECTED,,DDC2F149-B559-40A0-9083-71E561128ED4,Yes,NO APPARENT INJURY,"ANIMAL, N/A",NOT DISTRACTED,MD,53A1AD5A-0EB7-42ED-9590-109E80835626,FUNCTIONAL,TWELVE OCLOCK,PASSENGER CAR,SLOWING OR STOPPING,West,25,No,No,2012,MISS,GALANT,39.07292,-77.18153333,"(39.07292, -77.18153333)"
MCP2290000S,170517559,Montgomery County Police,Injury Crash,07/06/2017 08:14:00 AM,Municipality,SOUTHLAWN LA,LOFSTRAND LA,,ROCKVILLE,,STRAIGHT MOVEMENT ANGLE,RAINING,WET,DAYLIGHT,STOP SIGN,NONE DETECTED,,AD399673-4040-474A-8452-32A5BA713ED5,No,POSSIBLE INJURY,"RAIN, SNOW, WET",NOT DISTRACTED,MD,C27DCF4E-6F70-4AA8-A37D-C3944F724A74,DISABLING,TWELVE OCLOCK,PASSENGER CAR,MOVING CONSTANT SPEED,East,35,No,No,2002,NISS,4S,39.0966235,-77.13800433,"(39.0966235, -77.13800433)"
MCP2203001C,16035661,Montgomery County Police,Injury Crash,07/14/2016 02:39:00 PM,Maryland (State),GEORGIA AVE,ARCOLA AVE,,N/A,,STRAIGHT MOVEMENT ANGLE,CLEAR,DRY,DAYLIGHT,TRAFFIC SIGNAL,NONE DETECTED,,4B3F5A75-DF7C-4053-A4C7-E088E1440BF0,No,POSSIBLE INJURY,N/A,NOT DISTRACTED,MD,756F4A59-6B5C-4F06-83E8-E3A60FC21579,DESTROYED,TWELVE OCLOCK,(SPORT) UTILITY VEHICLE,MOVING CONSTANT SPEED,West,35,No,No,2015,TOYT,RAV4,39.04710167,-77.05247333,"(39.04710167, -77.05247333)"
MCP2094004Y,15025248,Montgomery County Police,Property Damage Crash,05/26/2015 08:29:00 AM,County,SEVEN LOCKS RD,DEMOCRACY BLVD,,N/A,,HEAD ON LEFT TURN,CLEAR,DRY,DAYLIGHT,TRAFFIC SIGNAL,NONE DETECTED,,C27C03E0-42E9-4034-9B68-94801117C41B,No,NO APPARENT INJURY,N/A,NOT DISTRACTED,MD,4A6F3524-EEA2-4F48-8715-693A4FD9F347,DISABLING,TWELVE OCLOCK,PASSENGER CAR,MOVING CONSTANT SPEED,East,35,No,No,2001,LEXUS,LS430,39.02308,-77.16217667,"(39.02308, -77.16217667)"
MCP3084005V,220023258,Montgomery County Police,Injury Crash,05/31/2022 01:36:00 PM,County,EDSON LA,OLD GEORGETOWN RD,,N/A,,OPPOSITE DIR BOTH LEFT TURN,CLEAR,DRY,DAYLIGHT,TRAFFIC SIGNAL,NONE DETECTED,,1384BCC6-8CFE-445F-9B4A-D8982166E867,No,POSSIBLE INJURY,N/A,NOT DISTRACTED,MD,7D6C488D-31A6-481B-B955-02EC2A57E2E4,FUNCTIONAL,TEN OCLOCK,PASSENGER CAR,MAKING LEFT TURN,West,40,No,No,2006,LEXU,4S,39.04020833,-77.122155,"(39.04020833, -77.122155)"
EJ7858005S,210021544,Gaithersburg Police Depar,Property Damage Crash,06/06/2021 10:31:00 PM,Maryland (State),GREAT SENECA HWY,HIGH GABLES DR,,N/A,,SINGLE VEHICLE,CLEAR,DRY,DARK LIGHTS ON,NO CONTROLS,ALCOHOL PRESENT,,2143C236-7BE9-4AA9-B1A3-C0858E686D52,Yes,NO APPARENT INJURY,N/A,NOT DISTRACTED,MD,44214EE5-BCEE-469F-8A23-2DD6E384B6BA,DISABLING,ONE OCLOCK,PASSENGER CAR,MOVING CONSTANT SPEED,North,50,No,No,2005,ACUR,4S,39.11337702,-77.22219437,"(39.11337702, -77.22219437)"
MCP2894000W,15023056,Montgomery County Police,Property Damage Crash,05/14/2015 02:06:00 PM,County,SHAFTSBURY ST,MERTFORD ST,,N/A,,OPPOSITE DIRECTION SIDESWIPE,CLEAR,DRY,DAYLIGHT,NO CONTROLS,NONE DETECTED,,928E320C-BE81-43CD-B593-0178C2C42936,Yes,NO APPARENT INJURY,N/A,NOT DISTRACTED,MD,954D07EA-339B-4944-8748-344E378F8198,SUPERFICIAL,ELEVEN OCLOCK,FIRE VEHICLE/EMERGENCY,SLOWING OR STOPPING,North,35,No,No,2008,SPARTAN,FIRETRUCK,39.031865,-77.07774833,"(39.031865, -77.07774833)"
MCP3330000R,220053992,Montgomery County Police,Property Damage Crash,12/07/2022 07:34:00 AM,County,SHADY GROVE RD,SHINING WILLOW DR,,N/A,,SINGLE VEHICLE,RAINING,WET,DAYLIGHT,NO CONTROLS,N/A,,9CD249DE-597C-46DF-BD12-AA786090D90F,Yes,NO APPARENT INJURY,"N/A, WET",UNKNOWN,MD,7E896770-CA28-48EC-85BF-50A68BFFEDFA,DISABLING,TWELVE OCLOCK,PASSENGER CAR,MOVING CONSTANT SPEED,East,40,No,No,2014,HONDA,CRV,39.086414,-77.212961,"(39.086414, -77.212961)"
MCP2528000C,240001593,MONTGOMERY,Property Damage Crash,01/10/2024 06:27:00 PM,Maryland (State) Route,CLOPPER RD,,,,,Single Vehicle,Clear,Dry,Dark - Lighted,No Controls,"Not Suspect of Alcohol Use, Not Suspect of Drug Use",,A1981196-0069-49C3-B4A7-DD22C5190C24,No,No Apparent Injury,,Not Distracted,MD,7A5896BF-4D35-4AF2-BBBF-3B8474E14567,Disabling,Six O Clock,Passenger Car,Slowing or Stopping,Southbound,40,No,No,2023,JEEP,GRAND CHEROKEE,39.15951833,-77.27674319,"(39.15951833, -77.27674319)"
MCP3006002Q,180017403,Montgomery County Police,Injury Crash,04/10/2018 12:16:00 PM,Maryland (State),VEIRS MILL RD,FERRARA AVE,,N/A,,ANGLE MEETS LEFT TURN,N/A,DRY,DAYLIGHT,TRAFFIC SIGNAL,NONE DETECTED,,E45B1094-E136-4B63-9F1B-AE4D489B4F9D,Yes,NO APPARENT INJURY,N/A,LOOKED BUT DID NOT SEE,MD,04154973-BEF7-401D-A443-61EF9C6617CD,DISABLING,TWELVE OCLOCK,PASSENGER CAR,MAKING LEFT TURN,West,40,No,No,2008,HONDA,PILOT,39.052795,-77.07668833,"(39.052795, -77.07668833)"
MCP2357000Y,15023620,Montgomery County Police,Property Damage Crash,05/17/2015 01:12:00 PM,County,SLIGO AVE,PINEY BRANCH RD,,N/A,,SAME DIR REAR END,N/A,DRY,DAYLIGHT,N/A,UNKNOWN,,0DED15C3-DC39-41EC-984C-2B851E1D1D08,Yes,NO APPARENT INJURY,N/A,UNKNOWN,,C5085410-CA63-45E7-BFA7-EABE90D7BF63,UNKNOWN,TWELVE OCLOCK,PASSENGER CAR,SLOWING OR STOPPING,East,35,No,No,2001,HONDA,CRV,38.991535,-77.00996,"(38.991535, -77.00996)"
MCP30040026,180000611,Montgomery County Police,Injury Crash,01/04/2018 04:56:00 PM,Maryland (State),BRADLEY LA,EAST AVE,,CHEVY CHASE #4,,SAME DIR REAR END,CLEAR,DRY,DUSK,N/A,NONE DETECTED,,C38B8F82-F86D-48DD-9A2C-44D55A5590D7,Yes,NO APPARENT INJURY,N/A,INATTENTIVE OR LOST IN THOUGHT,MD,89F2A0F5-1CFE-4DDE-92C2-D80C347F234C,SUPERFICIAL,TWELVE OCLOCK,(SPORT) UTILITY VEHICLE,MOVING CONSTANT SPEED,East,25,No,No,2014,NISSAN,ROGUE,38.97716182,-77.08667904,"(38.97716182, -77.08667904)"
MCP3168000P,190022595,Montgomery County Police,Injury Crash,05/13/2019 06:14:00 PM,Maryland (State),CONNECTICUT AVE,KNOWLES AVE,,N/A,,SAME DIR REAR END,CLOUDY,N/A,DAYLIGHT,TRAFFIC SIGNAL,NONE DETECTED,,463CE791-0062-4ABE-A56C-C3360977B272,Yes,NO APPARENT INJURY,N/A,LOOKED BUT DID NOT SEE,MD,A4F3C538-8EFE-4EA1-BE4B-95BB6C3E18BF,FUNCTIONAL,TWELVE OCLOCK,(SPORT) UTILITY VEHICLE,STOPPED IN TRAFFIC LANE,North,35,No,No,2006,FORD,TK,39.02823,-77.076535,"(39.02823, -77.076535)"
DD5615006Z,190013959,Rockville Police Departme,Property Damage Crash,03/26/2019 02:38:00 PM,Maryland (State),VEIRS MILL RD,FIRST ST,,N/A,,SAME DIR REAR END,CLEAR,DRY,DAYLIGHT,TRAFFIC SIGNAL,NONE DETECTED,,15C1474C-E91F-43B6-B3D2-EE8DE5C1F2C2,No,NO APPARENT INJURY,N/A,NOT DISTRACTED,MD,89F8C35B-BE70-48BA-A6B4-F15DFECBCF7F,FUNCTIONAL,SIX OCLOCK,PASSENGER CAR,STOPPED IN TRAFFIC LANE,East,35,No,No,2015,DODGE,CHARGER,39.07985833,-77.13837833,"(39.07985833, -77.13837833)"
MCP27450011,15037611,MONTGOMERY,Injury Crash,07/29/2015 09:47:00 PM,County,SNOUFFERS SCHOOL RD,CENTERWAY RD,,N/A,,HEAD ON,CLEAR,DRY,DARK LIGHTS ON,N/A,NONE DETECTED,,B89A9134-7C6E-4C2C-B810-FF0157EEDC77,Yes,POSSIBLE INJURY,N/A,OTHER DISTRACTION,MD,A09A6A7F-B74F-4ECB-9DD5-BD731546F24C,DISABLING,TWELVE OCLOCK,PASSENGER CAR,MOVING CONSTANT SPEED,North,35,No,No,2002,TOYOTA,PRIUS,39.17052667,-77.17726667,"(39.17052667, -77.17726667)"
MCP1119005G,180022470,Montgomery County Police,Property Damage Crash,05/07/2018 04:45:00 PM,Maryland (State),GEORGIA AVE,DAMASCUS RD,,N/A,,STRAIGHT MOVEMENT ANGLE,CLEAR,DRY,DAYLIGHT,N/A,NONE DETECTED,,DB102BFD-1444-4CDB-A9F9-F2878CCB35BD,No,NO APPARENT INJURY,N/A,NOT DISTRACTED,MD,96444C6D-E066-46AE-B7AE-7D02B565E226,DISABLING,TWELVE OCLOCK,PASSENGER CAR,MAKING LEFT TURN,West,30,No,No,2017,ALFA ROMEO,GIULIA,39.22135167,-77.05983833,"(39.22135167, -77.05983833)"
EJ78510055,190053323,Gaithersburg Police Depar,Injury Crash,11/05/2019 05:10:00 PM,County,DIAMONDBACK DR,SAM EIG HWY,,N/A,,SAME DIR REAR END,CLEAR,DRY,DARK LIGHTS ON,NO CONTROLS,NONE DETECTED,,2167ED27-F266-4041-82E4-C3A90BCD39A1,Yes,POSSIBLE INJURY,N/A,INATTENTIVE OR LOST IN THOUGHT,MD,E2DD8ED9-888F-45E0-8215-70FD75073436,DISABLING,TWELVE OCLOCK,PASSENGER CAR,MOVING CONSTANT SPEED,West,25,No,No,2014,GMC,TERRAIN,39.11370332,-77.20828705,"(39.11370332, -77.20828705)"
MCP33370012,220057229,Montgomery County Police,Injury Crash,12/25/2022 09:06:00 PM,Maryland (State),GEORGIA AVE,KAYSON ST,,N/A,,STRAIGHT MOVEMENT ANGLE,CLEAR,DRY,DARK LIGHTS ON,NO CONTROLS,NONE DETECTED,,54B75A56-CCDE-4ADD-8BCE-CA2347D628C0,Yes,SUSPECTED MINOR INJURY,N/A,LOOKED BUT DID NOT SEE,MD,E7F0A04A-28C9-47B1-93D0-7EA59A88A592,DISABLING,TWELVE OCLOCK,PASSENGER CAR,ACCELERATING,East,35,No,No,1999,LEXUS,SUV,39.07318817,-77.00344783,"(39.07318817, -77.00344783)"
MCP22980117,220039687,Montgomery County Police,Property Damage Crash,09/12/2022 07:15:00 PM,Maryland (State),FREDERICK RD,REDLAND BLVD,,ROCKVILLE,,HEAD ON LEFT TURN,RAINING,WET,DARK LIGHTS ON,TRAFFIC SIGNAL,NONE DETECTED,,DFB4F4F7-090E-4BCF-8F64-0D4FB424262E,No,NO APPARENT INJURY,"RAIN, SNOW, WET",NOT DISTRACTED,MD,5C1D7440-2832-4EEC-AAFB-DE6B8885846D,DISABLING,TWELVE OCLOCK,PICKUP TRUCK,MOVING CONSTANT SPEED,South,40,No,No,2005,FORD,F150,39.11581833,-77.16639833,"(39.11581833, -77.16639833)"
MCP28810069,240020315,MONTGOMERY,Property Damage Crash,05/01/2024 01:01:00 PM,Maryland (State) Route,FREDERICK RD,GUNNERS BRANCH RD,,,,Angle,Clear,Dry,Daylight,Traffic Control Signal,"Not Suspect of Alcohol Use, Not Suspect of Drug Use",,A081E825-E186-4430-AEF2-79136EC5EBC3,Yes,No Apparent Injury,Ran Red Light,"Other Action (looking away from task, etc.)",MD,8BBE6438-DB74-45C2-9F80-33B6BC804D38,Disabling,Twelve O Clock,Passenger Car,Turning Left,,40,No,No,2022,TOYOTA,CAMRY,39.17841238,-77.23849811,"(39.17841238, -77.23849811)"
MCP2298005Y,15042478,MONTGOMERY,Injury Crash,08/24/2015 05:30:00 PM,Maryland (State),GERMANTOWN RD,CRYSTAL ROCK DR,,N/A,,SAME DIR REAR END,RAINING,WET,DAYLIGHT,TRAFFIC SIGNAL,NONE DETECTED,,472D5989-73AC-4CB1-9832-DDDBDB3D540B,No,SUSPECTED MINOR INJURY,"RAIN, SNOW, WET",NOT DISTRACTED,MD,4B7D267D-946F-4AA1-BB4D-1728CE46C060,FUNCTIONAL,SIX OCLOCK,(SPORT) UTILITY VEHICLE,SLOWING OR STOPPING,North,40,No,No,2014,LEX,350,39.1809424,-77.26242542,"(39.1809424, -77.26242542)"
MCP26890017,15051261,MONTGOMERY,Property Damage Crash,10/09/2015 02:34:00 PM,Maryland (State),ROCKVILLE PIKE,TWINBROOK PKWY,,ROCKVILLE,,SAME DIR REAR END,CLOUDY,DRY,DAYLIGHT,N/A,NONE DETECTED,,A3F327A0-0195-4FE8-B2AA-AEDE227B861A,No,NO APPARENT INJURY,N/A,NOT DISTRACTED,MD,DC3C34AF-AEF6-4474-8EFA-EFDA35A09AF2,FUNCTIONAL,SIX OCLOCK,PASSENGER CAR,STOPPED IN TRAFFIC LANE,North,35,No,No,2006,BUICK,LACROSSE,39.05774167,-77.12036833,"(39.05774167, -77.12036833)"
DD561500FZ,240005122,ROCKVILLE,Property Damage Crash,02/01/2024 07:45:00 AM,Bicycle Route,,,,,,Front to Rear,Clear,Dry,Daylight,No Controls,"Not Suspect of Alcohol Use, Not Suspect of Drug Use",,98BB9703-D977-4D9F-A38C-BBEAC7606BE1,No,No Apparent Injury,Followed Too Closely,Not Distracted,MD,7C95B52D-660F-48B2-8521-B5BBC8992E46,Disabling,Twelve O Clock,Passenger Car,Moving Constant Speed,Northbound,35,No,No,2017,NISSAN,LEAF,39.06367068,-77.17591405,"(39.06367068, -77.17591405)"
MCP2620001Q,190008562,Montgomery County Police,Property Damage Crash,02/22/2019 05:30:00 PM,County,BEL PRE RD,GRAND PRE RD,,N/A,,SAME DIR REAR END,CLOUDY,DRY,DAYLIGHT,NO CONTROLS,NONE DETECTED,,F480ED55-B91F-4EEF-900C-2DEAE48C2EA4,No,NO APPARENT INJURY,N/A,NOT DISTRACTED,MD,D67C7AA2-5278-480B-B381-2B687DE215E9,FUNCTIONAL,SIX OCLOCK,PASSENGER CAR,SLOWING OR STOPPING,East,35,No,No,2006,TOYOTA,COROLLA,39.09330667,-77.07514,"(39.09330667, -77.07514)"
MCP2588000V,15024784,Montgomery County Police,Property Damage Crash,05/23/2015 09:49:00 AM,Maryland (State),GEORGIA AVE,ENT TO BUSINESS,,N/A,,STRAIGHT MOVEMENT ANGLE,CLEAR,DRY,DAYLIGHT,NO CONTROLS,NONE DETECTED,,60BCC009-E3F9-4BE1-829A-E75615809380,No,NO APPARENT INJURY,N/A,NOT DISTRACTED,MD,1428B0CF-9287-42AD-A0A6-495548E92AF8,FUNCTIONAL,ELEVEN OCLOCK,PASSENGER CAR,MOVING CONSTANT SPEED,South,45,No,No,1995,HONDA,4DR,39.08497333,-77.07932667,"(39.08497333, -77.07932667)"
DM8465001K,190056871,Takoma Park Police Depart,Injury Crash,11/25/2019 09:50:00 AM,Maryland (State),PINEY BRANCH RD,RAY DR,,N/A,,SAME DIRECTION SIDESWIPE,CLEAR,DRY,DAYLIGHT,N/A,NONE DETECTED,,87599258-F36B-4B09-8DC9-5C0E567DFEA0,Yes,NO APPARENT INJURY,N/A,NOT DISTRACTED,DC,991A2CE9-E85A-403F-B142-AA7B6171A1DF,NO DAMAGE,FIVE OCLOCK,"MEDIUM/HEAVY TRUCKS 3 AXLES (OVER 10,000LBS (4,536KG))",SLOWING OR STOPPING,East,15,No,No,2011,AUTOCAR,LEACH,38.98595224,-77.01500305,"(38.98595224, -77.01500305)"
MCP302600CC,240002318,MONTGOMERY,Injury Crash,01/15/2024 06:17:00 AM,County Route,BRAEBURN PKWY,RIVER RD,,,,Front to Rear,Blowing Snow,Ice/Frost,Dark - Not Lighted,No Controls,"Not Suspect of Alcohol Use, Not Suspect of Drug Use",,31B63918-4C32-4E53-95C0-29116DC735D2,Yes,No Apparent Injury,"Other Improper Action, Too Fast For Conditions",Not Distracted,MD,CB02A58D-5899-4AF3-A695-0DDF8D0A3BBC,Disabling,Twelve O Clock,Passenger Car,Moving Constant Speed,Eastbound,35,No,No,2019,LEXUS,NX,38.98024001,-77.13354015,"(38.98024001, -77.13354015)"
MCP3115005K,220000879,Montgomery County Police,Property Damage Crash,01/08/2022 10:15:00 AM,Maryland (State),NEW HAMPSHIRE AVE,LOCKWOOD DR,,N/A,,SAME DIR REAR END,CLEAR,DRY,DAYLIGHT,TRAFFIC SIGNAL,N/A,,A2F828E2-023D-4C60-A994-D0965F3C3B49,Yes,NO APPARENT INJURY,N/A,LOOKED BUT DID NOT SEE,MD,33305B43-D328-462C-851F-7B2F77105B71,DISABLING,TWELVE OCLOCK,PASSENGER CAR,SLOWING OR STOPPING,North,40,No,No,2010,TOYOTA,MATRIX,39.04009167,-76.990655,"(39.04009167, -76.990655)"
DM8494003S,240030141,TAKOMA,Injury Crash,06/26/2024 12:07:00 AM,Maryland (State) Route,PHILADELPHIA AVE,CHICAGO AVE,,,,"Sideswipe, Opposite Direction",Clear,Dry,Dark - Lighted,No Controls,"Not Suspect of Alcohol Use, Not Suspect of Drug Use",,E016E680-31F4-4045-BA30-8A9B01621DD9,No,No Apparent Injury,,Unknown,MD,547C01B5-75AB-4B6A-B3D3-AEDD68A85465,Disabling,Twelve O Clock,Passenger Car,Moving Constant Speed,Eastbound,35,No,No,2020,MITSUBISHI,OUTLANDER,38.98671647,-77.02149039,"(38.98671647, -77.02149039)"
MCP2377000Q,16032975,Montgomery County Police,Property Damage Crash,06/29/2016 06:36:00 PM,County,SHADY GROVE RD,CRABBS BRANCH WAY,,N/A,,ANGLE MEETS LEFT TURN,CLEAR,DRY,DAYLIGHT,TRAFFIC SIGNAL,NONE DETECTED,,F47360D7-24E5-467B-A7A7-E2CCBB608C98,Yes,NO APPARENT INJURY,N/A,NOT DISTRACTED,MD,42F70238-38A0-4888-96C3-BB690639AB20,DISABLING,FIVE OCLOCK,PASSENGER CAR,MAKING LEFT TURN,South,45,No,No,2006,VOLKSWAGON,PASSAT,39.12885295,-77.16759726,"(39.12885295, -77.16759726)"
MCP14380037,16051004,Montgomery County Police,Property Damage Crash,10/04/2016 05:34:00 PM,Maryland (State),FREDERICK RD,ODENDHAL AVE,,GAITHERSBURG,,SAME DIR REAR END,CLEAR,DRY,DAYLIGHT,TRAFFIC SIGNAL,NONE DETECTED,,1B82F2A5-A27F-41F6-88F0-9515118FD229,No,NO APPARENT INJURY,N/A,NOT DISTRACTED,RI,0AB2B857-6DFB-46AD-BC09-40C8DE720C09,SUPERFICIAL,SIX OCLOCK,PASSENGER CAR,MAKING RIGHT TURN,East,40,No,No,2009,CHEV,4D,39.14872667,-77.20671333,"(39.14872667, -77.20671333)"
MCP2699001B,190019509,Montgomery County Police,Injury Crash,04/26/2019 05:26:00 AM,County,RANDOLPH RD,PARKLAWN DR,,N/A,,STRAIGHT MOVEMENT ANGLE,RAINING,WET,DARK LIGHTS ON,FLASHING TRAFFIC SIGNAL,N/A,,7651F96B-8859-4BE4-A9DF-07CAACAE1EA1,No,SUSPECTED MINOR INJURY,"RAIN, SNOW, WET",NOT DISTRACTED,MD,788BEF39-B55E-4011-80C3-D0BB36C442CB,DISABLING,ELEVEN OCLOCK,PASSENGER CAR,MOVING CONSTANT SPEED,West,35,No,No,2017,TOYOTA,CAROLLA,39.05361667,-77.10679667,"(39.05361667, -77.10679667)"
MCP3402002S,250007964,MONTGOMERY,Property Damage Crash,02/23/2025 09:31:00 AM,Maryland (State) Route,,,,,,Angle,Clear,Dry,Daylight,No Controls,"Not Suspect of Alcohol Use, Not Suspect of Drug Use",,596898D0-D3BA-4B2B-8885-057DE1483C91,Yes,No Apparent Injury,,Unknown,MD,F1A28370-1253-4D77-9E18-BE7BC68130DE,Disabling,Ten O Clock,Passenger Car,Turning Right,Not On Roadway,35,No,No,2009,HONDA,CIVIC,38.99812923,-77.0038734,"(38.99812923, -77.0038734)"
DM8478003D,250008564,TAKOMA,Property Damage Crash,02/26/2025 05:26:00 PM,Maryland (State) Route,NEW HAMPSHIRE AVE (SB/L),SLIGO CREEK PKWY,,,,Angle,Clear,Dry,Dusk,Traffic Control Signal,"Not Suspect of Alcohol Use, Not Suspect of Drug Use",,26FE170A-57C1-4189-BE64-255C41903CE0,No,No Apparent Injury,,Not Distracted,MD,315A8E64-75BB-4D42-BDF7-A10B23F3C47E,Disabling,Three O Clock,Passenger Car,Moving Constant Speed,Northbound,35,No,No,2018,TOYOTA,PRIUS,38.98055118,-76.98964936,"(38.98055118, -76.98964936)"
MCP2159003C,250021830,MONTGOMERY,Injury Crash,05/17/2025 04:07:00 PM,Interstate (State),EISENHOWER MEMORIAL HWY,,,,,Front to Rear,Cloudy,Dry,Daylight,No Controls,"Not Suspect of Alcohol Use, Not Suspect of Drug Use",,18DF10AE-E008-497B-AAA7-64FA49C659F2,No,No Apparent Injury,,Unknown,MD,B19F6249-9C7A-49E1-B1FE-ED401EC8756E,Functional,Six O Clock,Sport Utility Vehicle,Slowing or Stopping,Northbound,55,No,No,2022,SUBARU,OUTBACK,39.24978,-77.3001425,"(39.24978, -77.3001425)"
MCP31700029,210052505,Montgomery County Police,Injury Crash,12/24/2021 03:51:00 PM,Maryland (State),FREDERICK RD,GUNNERS BRANCH RD,,N/A,,HEAD ON LEFT TURN,CLOUDY,DRY,DAYLIGHT,TRAFFIC SIGNAL,NONE DETECTED,,B78C2EA7-0AFD-4D97-A299-7995E4EE2B0B,No,POSSIBLE INJURY,N/A,NOT DISTRACTED,MD,DDB8F763-E3D7-43A9-A96E-FB1B6161BB3C,DISABLING,TWELVE OCLOCK,PASSENGER CAR,MOVING CONSTANT SPEED,North,40,No,No,2017,FORD,TK,39.17837833,-77.23840333,"(39.17837833, -77.23840333)"
MCP2927002P,180046287,Montgomery County Police,Property Damage Crash,09/16/2018 03:44:00 PM,County,FOREST GLEN RD,ADMIRALTY DR,,N/A,,SAME DIR REAR END,CLEAR,DRY,DAYLIGHT,NO CONTROLS,NONE DETECTED,,88222835-6EEB-46D5-9BD4-E1C8D12BCBAA,No,NO APPARENT INJURY,N/A,NOT DISTRACTED,MD,5950744E-5F1D-4A33-9503-A7EF89B655CC,FUNCTIONAL,SIX OCLOCK,PASSENGER CAR,STOPPED IN TRAFFIC LANE,West,25,No,No,2017,CHEV,4 DOOR,39.015865,-77.03807333,"(39.015865, -77.03807333)"
MCP23050034,230072095,Montgomery County Police,Property Damage Crash,12/16/2023 06:38:00 PM,County,LITTLE SENECA PKWY,FAIR GARDEN LA,,N/A,,SINGLE VEHICLE,CLEAR,DRY,DARK LIGHTS ON,NO CONTROLS,NONE DETECTED,,42C97827-C01F-413A-B8BA-A62EF5EC9D9B,Yes,NO APPARENT INJURY,N/A,INATTENTIVE OR LOST IN THOUGHT,MD,9845A7BB-AA8D-425A-B289-E95B95D8CE3E,DISABLING,TWELVE OCLOCK,PASSENGER CAR,MOVING CONSTANT SPEED,South,30,No,No,2018,KIA,2S,39.21750333,-77.267535,"(39.21750333, -77.267535)"
MCP137800T4,190051891,Montgomery County Police,Property Damage Crash,10/28/2019 04:49:00 PM,County,MUDDY BRANCH RD,SUFFIELD DR,,GAITHERSBURG,,STRAIGHT MOVEMENT ANGLE,CLEAR,DRY,DAYLIGHT,NO CONTROLS,NONE DETECTED,,68657788-19CA-4686-A7E0-D839BACE509E,No,NO APPARENT INJURY,N/A,NOT DISTRACTED,MD,8A265C14-A52E-4359-9BB5-84E3DD59618E,DISABLING,ELEVEN OCLOCK,PASSENGER CAR,MOVING CONSTANT SPEED,North,40,No,No,2008,CADI,DTS,39.11247,-77.21640333,"(39.11247, -77.21640333)"