Report Number,Local Case Number,Agency Name,ACRS Report Type,Crash Date/Time,Route Type,Road Name,Cross-Street Name,Off-Road Description,Municipality,Related Non-Motorist,Collision Type,Weather,Surface Condition,Light,Traffic Control,Driver Substance Abuse,Non-Motorist Substance Abuse,Person ID,Driver At Fault,Injury Severity,Circumstance,Driver Distracted By,Drivers License State,Vehicle ID,Vehicle Damage Extent,Vehicle First Impact Location,Vehicle Body Type,Vehicle Movement,Vehicle Going Dir,Speed Limit,Driverless Vehicle,Parked Vehicle,Vehicle Year,Vehicle Make,Vehicle Model,Latitude,Longitude,Location
MCP3012007R,200049337,Montgomery County Police,Injury Crash,12/15/2020 07:46:00 AM,Maryland (State),VEIRS MILL RD,GAYNOR RD,,N/A,,OTHER,CLEAR,DRY,DAYLIGHT,TRAFFIC SIGNAL,NONE DETECTED,,39344892-D31E-4669-BE75-1C557D9EAFCB,No,POSSIBLE INJURY,"N/A, VISION OBSTRUCTION (INCL. BLINDED BY SUN)",NOT DISTRACTED,MD,8EDCEE95-4C64-407E-B230-45040B93DC53,FUNCTIONAL,TEN OCLOCK,(SPORT) UTILITY VEHICLE,STARTING FROM LANE,North,25,No,No,2017,GMC,ACADIA,39.06145833,-77.09214833,"(39.06145833, -77.09214833)"
MCP2636000P,180023437,Montgomery County Police,Property Damage Crash,05/12/2018 11:18:00 AM,County,CHERRY HILL RD,GRACEFIELD RD,,N/A,,SAME DIR REAR END,N/A,WET,DARK NO LIGHTS,N/A,UNKNOWN,,3A27E322-D337-46EE-946D-4C1601474FE9,Yes,NO APPARENT INJURY,N/A,UNKNOWN,DC,F52E4808-B7B3-479C-AE4A-25623E42CA75,UNKNOWN,TWELVE OCLOCK,PASSENGER CAR,MOVING CONSTANT SPEED,West,35,No,No,2015,HYUNDAI,4S,39.04931379,-76.95239827,"(39.04931379, -76.95239827)"
MCP29610034,180038188,Montgomery County Police,Property Damage Crash,08/01/2018 06:00:00 PM,County,RANDOLPH RD,BLUHILL RD,,N/A,,SAME DIR REAR END,CLEAR,DRY,DAYLIGHT,NO CONTROLS,NONE DETECTED,,9F9A64F7-7852-4981-B0D9-F68710C23CAE,No,NO APPARENT INJURY,N/A,NOT DISTRACTED,MD,15C7DE87-7533-4C15-AABE-EAED35CF3688,SUPERFICIAL,SIX OCLOCK,PASSENGER CAR,STOPPED IN TRAFFIC LANE,East,35,No,No,2007,HOND,CIVIC,39.05904167,-77.06566833,"(39.05904167, -77.06566833)"
DD5615002F,16044603,Rockville Police Departme,Injury Crash,09/01/2016 09:41:00 AM,County,DARNESTOWN RD,SHADY GROVE RD,,N/A,,SAME DIR REAR END,CLEAR,WET,DAYLIGHT,TRAFFIC SIGNAL,NONE DETECTED,,C3F0C5EB-59E3-4B13-821A-4882B66B3123,Yes,NO APPARENT INJURY,"N/A, RAIN, SNOW",NOT DISTRACTED,DC,A3A90B99-C288-4887-9424-D7844309F3F5,FUNCTIONAL,SIX OCLOCK,PASSENGER CAR,STOPPED IN TRAFFIC LANE,East,35,No,No,2008,HONDA,CRV,39.09299333,-77.19558,"(39.09299333, -77.19558)"
MCP2305003D,240016938,MONTGOMERY,Property Damage Crash,04/11/2024 11:39:00 PM,Other Public Roadway,CRYSTAL ROCK DR (SB/L),,,,,Single Vehicle,Rain,Wet,Dark - Lighted,Traffic Control Signal,"Not Suspect of Alcohol Use, Not Suspect of Drug Use",,6182E7EB-8D35-456D-BEE8-08E4A3CFBEF6,No,No Apparent Injury,,Not Distracted,GA,704B0107-B1C3-44C1-9FBE-3083B802A896,Disabling,Ten O Clock,Sport Utility Vehicle,Stopped in Traffic,Eastbound,25,No,No,2024,FORD,EXPLORER,39.180905,-77.26223167,"(39.180905, -77.26223167)"
MCP3214001G,220010609,Montgomery County Police,Injury Crash,03/11/2022 08:23:00 PM,County,CRYSTAL ROCK DR,CLOVERLEAF CENTER DR,,N/A,,ANGLE MEETS LEFT TURN,CLEAR,DRY,DARK LIGHTS ON,STOP SIGN,NONE DETECTED,,48B4AF46-60D0-4BE1-BE3B-5BCE0DEE5345,Yes,SUSPECTED MINOR INJURY,N/A,LOOKED BUT DID NOT SEE,MD,7BC696EC-EA93-4C75-BA3C-EAD40FA205E6,FUNCTIONAL,ONE OCLOCK,(SPORT) UTILITY VEHICLE,MAKING LEFT TURN,East,35,No,No,2019,NISSAN,ROGUE,39.19016333,-77.26659667,"(39.19016333, -77.26659667)"
MCP2765003G,16066864,Montgomery County Police,Injury Crash,12/28/2016 10:35:00 PM,Maryland (State),DARNESTOWN RD,MUDDY BRANCH RD,,N/A,,HEAD ON LEFT TURN,CLEAR,DRY,DARK LIGHTS ON,TRAFFIC SIGNAL,NONE DETECTED,,53ACD0BA-CEAE-417A-B8CD-76CB0BB49F5B,No,NO APPARENT INJURY,N/A,NOT DISTRACTED,VA,3A4A70B3-1FFD-4CFE-B7A6-191B1969B980,DESTROYED,FOUR OCLOCK,PASSENGER CAR,MAKING LEFT TURN,West,35,No,No,2015,CHEV,TRAX,39.102405,-77.22074833,"(39.102405, -77.22074833)"
MCP3003000T,16054268,Montgomery County Police,Property Damage Crash,10/21/2016 04:38:00 PM,County,WAYFARER RD,ROUNDABOUT,,N/A,,SAME DIR REAR END,CLEAR,WET,DAYLIGHT,NO CONTROLS,NONE DETECTED,,E5DFCF28-9476-4588-AC3A-802BC97124D5,No,NO APPARENT INJURY,"N/A, WET",NOT DISTRACTED,MD,B6C529D7-9BA6-48A7-AA9C-CE4E64D16E27,SUPERFICIAL,SIX OCLOCK,PICKUP TRUCK,NEGOTIATING A CURVE,East,20,No,No,2004,TOYOTA,TACOMA,39.19066667,-77.22543,"(39.19066667, -77.22543)"
MCP1378005L,15016596,Montgomery County Police,Property Damage Crash,04/10/2015 12:26:00 PM,Municipality,RUSSELL AVE,CHRISTOPHER AVE,,GAITHERSBURG,,STRAIGHT MOVEMENT ANGLE,CLOUDY,WET,DAYLIGHT,TRAFFIC SIGNAL,NONE DETECTED,,1BED305C-EC8F-444B-9366-3CE04FA64740,No,NO APPARENT INJURY,"N/A, WET",NOT DISTRACTED,MD,F6044F5E-200E-4E20-83B1-AC285EB5E7CC,DISABLING,ELEVEN OCLOCK,PASSENGER CAR,MOVING CONSTANT SPEED,South,35,No,No,2001,NISS,MAXIMA,39.15757667,-77.21338833,"(39.15757667, -77.21338833)"
EJ7844001B,220037076,Gaithersburg Police Depar,Property Damage Crash,08/27/2022 03:40:00 PM,County,MUDDY BRANCH RD,SCHOOL DR,,GAITHERSBURG,BICYCLIST,STRAIGHT MOVEMENT ANGLE,CLEAR,DRY,DAYLIGHT,N/A,NONE DETECTED,NONE DETECTED,2B5B92C3-74BC-4BB4-B78A-BBEF703B5932,No,NO APPARENT INJURY,N/A,NOT DISTRACTED,MD,BD93F1B0-9EC2-4FD6-8408-06B2BDC6A222,SUPERFICIAL,TWO OCLOCK,POLICE VEHICLE/NON EMERGENCY,SLOWING OR STOPPING,South,25,No,No,2018,FORD,EXPLORER,39.120622,-77.216776,"(39.120622, -77.216776)"
EJ7880001H,230000808,Gaithersburg Police Depar,Property Damage Crash,01/05/2023 08:15:00 PM,Municipality,WEST SIDE DR,MUDDY BRANCH RD,,N/A,,SAME DIR REAR END,RAINING,WET,DARK LIGHTS ON,YIELD SIGN,NONE DETECTED,,24948F0B-AC3E-4DD8-8BC6-76BBA76238E9,Yes,NO APPARENT INJURY,"SLEET, HAIL, FREEZ. RAIN, WET",NOT DISTRACTED,MD,5BD86966-A5CF-4329-AFB8-7EC1195988CE,SUPERFICIAL,TWELVE OCLOCK,PASSENGER CAR,MOVING CONSTANT SPEED,West,25,No,No,2019,CHEVROLET,TRAVERSE,39.12731627,-77.20904589,"(39.12731627, -77.20904589)"
MCP3130004K,220013362,Montgomery County Police,Property Damage Crash,03/28/2022 12:00:00 PM,County,SPRING ST,FIRST AVE,,N/A,,OPPOSITE DIRECTION SIDESWIPE,N/A,DRY,DAYLIGHT,N/A,UNKNOWN,,E018396D-B0A9-452A-847C-2874F724C8FE,Yes,NO APPARENT INJURY,N/A,UNKNOWN,MD,96CC4CC4-3C0E-470C-A399-40C7FE54AA31,SUPERFICIAL,ONE OCLOCK,PASSENGER CAR,MOVING CONSTANT SPEED,East,25,No,No,2013,KIA,4D,38.99840178,-77.03354709,"(38.99840178, -77.03354709)"
MCP3258001K,210042894,Montgomery County Police,Property Damage Crash,10/25/2021 08:42:00 AM,County,CLAY ST,CENTERHILL ST,,N/A,,SAME DIRECTION SIDESWIPE,CLEAR,DRY,DAYLIGHT,STOP SIGN,N/A,,7E1B48C4-D1F6-4A19-BFA9-F6D672CF85D6,Yes,NO APPARENT INJURY,N/A,NOT DISTRACTED,MD,3479DD62-019F-4FA6-91A5-E3759013FB8C,SUPERFICIAL,FOUR OCLOCK,SCHOOL BUS,MOVING CONSTANT SPEED,West,15,No,No,2011,THOMAS,BUS,39.05741667,-77.06809833,"(39.05741667, -77.06809833)"
MCP3228005R,240017107,MONTGOMERY,Injury Crash,04/12/2024 09:35:00 PM,US (State),,13TH ST BURLINGTON AVE,,,,Front to Front,Clear,Dry,Dark - Lighted,Traffic Control Signal,"Not Suspect of Alcohol Use, Not Suspect of Drug Use",,6D6D9E85-A14A-4BC3-9DBC-2271C4F97EA2,Yes,Possible Injury,Failed to Yield Right-of-Way,Unknown,,E1E9058D-B3B7-44F9-A4C3-C413DBB60070,Disabling,Twelve O Clock,Moped Or motorized bicycle,Turning Left,,35,No,No,2023,UNKNOWN,UNKNOWN,38.98739033,-77.02664617,"(38.98739033, -77.02664617)"
MCP2894002G,16035424,Montgomery County Police,Property Damage Crash,07/13/2016 10:16:00 AM,Interstate (State),CAPITAL BELTWAY,RAMP 3 FR IS 495 EB TO MD 97 NB,,N/A,,SAME DIR REAR END,CLEAR,DRY,DAYLIGHT,N/A,NONE DETECTED,,9820B925-0DB7-47A6-B1AA-216B137E5C65,No,NO APPARENT INJURY,N/A,NOT DISTRACTED,VA,143674B4-3444-469A-BE52-E93B29181DC8,FUNCTIONAL,SIX OCLOCK,VAN,SLOWING OR STOPPING,East,55,No,No,2008,CHEVY,VAN,39.01349,-77.04628333,"(39.01349, -77.04628333)"
MCP25520043,220002195,Montgomery County Police,Property Damage Crash,01/18/2022 03:30:00 PM,Municipality,W MONTGOMERY AVE,S ADAMS ST,,ROCKVILLE,,STRAIGHT MOVEMENT ANGLE,N/A,N/A,DAYLIGHT,STOP SIGN,N/A,,2E48B7AA-A6BF-4A39-8223-5B9A491D9878,Yes,NO APPARENT INJURY,N/A,NOT DISTRACTED,MI,B57292B1-F837-49DD-81EA-6C2596ED5E05,FUNCTIONAL,TWELVE OCLOCK,PASSENGER CAR,STARTING FROM LANE,North,25,No,No,2011,CHEVROLET,HHR,39.08415051,-77.15481898,"(39.08415051, -77.15481898)"
MCP3200004F,210048418,Montgomery County Police,Property Damage Crash,11/29/2021 01:16:00 PM,Maryland (State),CONNECTICUT AVE,CHEVY CHASE LAKE DR,,N/A,,HEAD ON LEFT TURN,CLOUDY,DRY,DAYLIGHT,TRAFFIC SIGNAL,NONE DETECTED,,8E3E1DAD-E135-43E0-98E6-F1B3D2B7510A,Yes,NO APPARENT INJURY,N/A,UNKNOWN,MD,1667128B-EA77-4FE7-B346-62F67AC3063C,DISABLING,ONE OCLOCK,PASSENGER CAR,MAKING LEFT TURN,South,35,No,No,2000,HONDA,ODYSSEY,38.993886,-77.0769615,"(38.993886, -77.0769615)"
MCP3140002C,230048155,Montgomery County Police,Injury Crash,08/07/2023 12:53:00 AM,County,BROOKVILLE RD,STEWART AVE,,N/A,,OTHER,CLEAR,WET,DARK LIGHTS ON,NO CONTROLS,UNKNOWN,,C115C5B1-09C6-408D-9010-2E312BB2ECCA,Yes,SUSPECTED SERIOUS INJURY,"RAIN, SNOW, WET",OTHER DISTRACTION,FL,C101710B-5A34-4920-B765-833091BD5F1B,DISABLING,TWELVE OCLOCK,PASSENGER CAR,MOVING CONSTANT SPEED,South,30,No,No,2013,KIA,SOUL,39.0045974,-77.05095086,"(39.0045974, -77.05095086)"
MCP285900JC,250028163,MONTGOMERY,Injury Crash,06/24/2025 03:20:00 PM,Interstate (State),EISENHOWER MEMORIAL HWY (SB/L),,,,,Front to Rear,Clear,Dry,Daylight,No Controls,"Not Suspect of Alcohol Use, Not Suspect of Drug Use",,11A46939-FF94-4840-B7DF-4BFC8943B298,No,Possible Injury,,Not Distracted,MD,60AD7D41-EBDD-487C-BF4C-C661D6D92B16,Disabling,Five O Clock,Passenger Car,Slowing or Stopping,Southbound,55,No,No,2017,FORD,TAURUS,39.14588899,-77.21510213,"(39.14588899, -77.21510213)"
MCP2931000X,15062773,MONTGOMERY,Injury Crash,12/08/2015 11:38:00 PM,Maryland (State),HUNGERFORD DR,ROCKVILLE FIRE DEPARTMENT,,N/A,,SAME DIR REAR END,CLEAR,DRY,DARK LIGHTS ON,TRAFFIC SIGNAL,N/A,,AD3A6F0F-D490-4507-ADB4-DACFA2D198BA,No,SUSPECTED MINOR INJURY,N/A,NOT DISTRACTED,MD,02E51CB1-A74F-48B2-AC43-CC98F12D094D,DISABLING,SIX OCLOCK,PASSENGER CAR,STOPPED IN TRAFFIC LANE,South,35,No,No,2004,NISS,TK,39.08798333,-77.150705,"(39.08798333, -77.150705)"
EJ7898002F,240010059,GAITHERSBURG,Injury Crash,03/01/2024 01:00:00 PM,,,,Parking Aisle        655 WATKINS MILL RD (KAISER PERMANENTE),,,Single Vehicle,Clear,,Daylight,,"Not Suspect of Alcohol Use, Not Suspect of Drug Use",,7136E2B3-4806-4B6D-AB6A-D405F03B20C0,Yes,Possible Injury,Ran Off Roadway,Unknown,MD,5F0A3F0D-FB20-48D7-B649-307D15953A27,Disabling,Twelve O Clock,Passenger Car,Slowing or Stopping,Southbound,0,No,No,2011,MERCEDES-BENZ,300,39.15620325,-77.22175635,"(39.15620325, -77.22175635)"
MCP2717002B,15039945,MONTGOMERY,Injury Crash,08/11/2015 11:15:00 AM,Maryland (State),WISCONSIN AVE,STANFORD ST,,N/A,,SAME DIR REAR END,CLEAR,DRY,DAYLIGHT,NO CONTROLS,NONE DETECTED,,159D6408-73EB-4A0A-ADDB-CCE141A99EAC,Yes,NO APPARENT INJURY,N/A,UNKNOWN,MD,88805D3E-4CFF-4557-9A6A-3165921BFA36,FUNCTIONAL,TWELVE OCLOCK,(SPORT) UTILITY VEHICLE,MOVING CONSTANT SPEED,South,25,No,No,2012,TOYOTA,HIGHLANDER,38.97948167,-77.09186167,"(38.97948167, -77.09186167)"
MCP31960015,190057568,Montgomery County Police,Injury Crash,11/29/2019 03:20:00 PM,,,,"PARKING LOT AREA OF THE GREEN TURTLE LOCATED AT 19961 CENTURY BLVD, GERMANTOWN, MD",,,SAME DIRECTION SIDESWIPE,CLOUDY,,DAYLIGHT,N/A,NONE DETECTED,,E2D732CF-A9C2-48DF-BEE3-706ADED5182F,No,NO APPARENT INJURY,N/A,NOT DISTRACTED,MD,D5CE4E84-3CFF-491D-BB52-4167A1FA7F92,FUNCTIONAL,TWO OCLOCK,PASSENGER CAR,STOPPED IN TRAFFIC LANE,South,15,No,No,2017,NISSAN,ALTIMS,39.18292283,-77.26158467,"(39.18292283, -77.26158467)"
DD5615002P,16053959,Rockville Police Departme,Property Damage Crash,10/20/2016 09:20:00 AM,Municipality,MONROE ST,MONROE PL,,N/A,,OTHER,CLEAR,DRY,DAYLIGHT,NO CONTROLS,NONE DETECTED,,41C6782D-3769-4E97-A04B-F224F58C616F,No,NO APPARENT INJURY,N/A,NOT DISTRACTED,MD,6F3D83FA-6E21-4CD4-B5BA-3D68FE14C2BC,DISABLING,TWELVE OCLOCK,PASSENGER CAR,MOVING CONSTANT SPEED,South,25,No,No,2005,FORD,MUSTANG,39.08297333,-77.14871333,"(39.08297333, -77.14871333)"
MCP2843001Z,230022487,Montgomery County Police,Injury Crash,05/10/2023 07:32:00 PM,Maryland (State),WOODFIELD RD,FIELDCREST RD,,N/A,,HEAD ON LEFT TURN,CLEAR,DRY,DUSK,TRAFFIC SIGNAL,NONE DETECTED,,4D001529-3CDC-48E4-8BF2-B962070A785E,No,NO APPARENT INJURY,N/A,NOT DISTRACTED,MD,D63E0FBE-A4E5-4E4A-BC76-4EA814689DCB,DISABLING,TWELVE OCLOCK,PICKUP TRUCK,MOVING CONSTANT SPEED,North,45,No,No,1994,FORD,RANGER,39.18540084,-77.15075726,"(39.18540084, -77.15075726)"
MCP3263003B,230023356,Montgomery County Police,Property Damage Crash,05/15/2023 05:00:00 PM,Maryland (State),WISCONSIN AVE,EAST WEST HWY (W/B COUPLET),,N/A,,STRAIGHT MOVEMENT ANGLE,CLEAR,DRY,DAYLIGHT,TRAFFIC SIGNAL,NONE DETECTED,,43DAE257-2E59-4B4D-AC6A-BBE1D71EEAFE,No,NO APPARENT INJURY,N/A,NOT DISTRACTED,MD,77ACAE10-E7B9-4DC1-B5F9-796CEF805763,SUPERFICIAL,EIGHT OCLOCK,PASSENGER CAR,MOVING CONSTANT SPEED,South,25,No,No,2001,HONDA,CIVIC,38.98473895,-77.0939512,"(38.98473895, -77.0939512)"
MCP2898005X,250012128,MONTGOMERY,Injury Crash,03/19/2025 07:35:00 PM,County Route,RIDGE RD (NB/L),,,,,Front to Rear,Clear,Dry,Dark - Lighted,No Controls,"Not Suspect of Alcohol Use, Not Suspect of Drug Use",,B4BAAF1B-4CFC-4A4B-A60A-B1C86CEF2844,Yes,No Apparent Injury,,Not Distracted,MD,FC16B20D-8258-4CDC-9474-3AA7FFACF5E3,Functional,Twelve O Clock,Pickup,Slowing or Stopping,Northbound,40,No,No,1998,MAZDA,B-SERIES,39.20442785,-77.24685077,"(39.20442785, -77.24685077)"
MCP2475005N,210003893,Montgomery County Police,Injury Crash,01/30/2021 04:10:00 PM,Maryland (State),NEW HAMPSHIRE AVE,OAKVIEW DR,,N/A,,SAME DIR REAR END,N/A,DRY,DAYLIGHT,NO CONTROLS,NONE DETECTED,,343BAEC4-10BE-4127-A67F-1E31BD2AF89A,No,POSSIBLE INJURY,N/A,NOT DISTRACTED,MD,34559830-F477-4DE2-A5FD-68A9A051937C,SUPERFICIAL,SIX OCLOCK,PASSENGER CAR,SLOWING OR STOPPING,North,40,No,No,2016,HOND,SD,39.01306,-76.97840167,"(39.01306, -76.97840167)"
DD5614002C,170502107,Rockville Police Departme,Property Damage Crash,04/14/2017 12:40:00 PM,Maryland (State),FREDERICK RD,WATKINS POND BLVD,,ROCKVILLE,,STRAIGHT MOVEMENT ANGLE,CLEAR,DRY,DAYLIGHT,TRAFFIC SIGNAL,NONE DETECTED,,71F6796B-8CE8-41FA-8692-11F54CC7BFF2,No,NO APPARENT INJURY,N/A,UNKNOWN,MD,079210AB-1C21-4E59-86FE-1058D11C2348,DISABLING,EIGHT OCLOCK,(SPORT) UTILITY VEHICLE,MOVING CONSTANT SPEED,South,40,No,No,2001,NISSAN,SUV,39.11211017,-77.1616875,"(39.11211017, -77.1616875)"
MCP3258004R,250005353,MONTGOMERY,Property Damage Crash,02/05/2025 04:47:00 PM,County Route,ENNALLS AVE,VEIRS MILL RD (WB/L),,,,Rear To Side,Clear,Dry,Daylight,No Controls,"Not Suspect of Alcohol Use, Not Suspect of Drug Use",,76D8C029-1F85-4389-BC4B-7E4327B095B5,Yes,No Apparent Injury,,Not Distracted,MD,0817F6B1-8971-4127-9B3F-48192B7B542E,Disabling,Two O Clock,Passenger Car,Moving Constant Speed,Westbound,25,No,No,1999,TOYOTA,CAMRY,39.0394435,-77.05415117,"(39.0394435, -77.05415117)"
DD5673000M,240048723,ROCKVILLE,Property Damage Crash,10/12/2024 07:48:00 AM,Maryland (State) Route,VEIRS MILL RD,TWINBROOK PKWY,,,,Other,Clear,Dry,Daylight,Traffic Control Signal,"Not Suspect of Alcohol Use, Not Suspect of Drug Use",,8520B196-4FC7-4B57-BDE8-04E09B0391D3,No,No Apparent Injury,,Not Distracted,MD,CDF0DEEA-35DB-453C-84D0-A8ECD4685EE0,Superficial,Twelve O Clock,Passenger Car,Stopped in Traffic,Eastbound,35,No,No,2010,DODGE,GRAND CARAVAN,39.0733085,-77.11202373,"(39.0733085, -77.11202373)"
MCP3262002T,230010578,Montgomery County Police,Injury Crash,03/03/2023 03:45:00 PM,US (State),COLUMBIA PIKE,FAIRLAND RD,,N/A,,STRAIGHT MOVEMENT ANGLE,RAINING,WET,DAYLIGHT,TRAFFIC SIGNAL,NONE DETECTED,,74A13DC5-08B4-4215-89F9-50A642325F2A,No,NO APPARENT INJURY,"N/A, WET",NOT DISTRACTED,MD,6F4F85CD-F566-4672-82DC-F285314B9184,SUPERFICIAL,SIX OCLOCK,PASSENGER CAR,MAKING RIGHT TURN,West,50,No,No,2020,FORD,CV,39.07330817,-76.95548833,"(39.07330817, -76.95548833)"
MCP2559003P,190052367,Montgomery County Police,Injury Crash,10/31/2019 09:11:00 AM,Maryland (State),FREDERICK RD,ENT TO LOCKHEED MARTIN,,N/A,,SAME DIR REAR END,RAINING,WET,DAYLIGHT,TRAFFIC SIGNAL,N/A,,A7B25E6A-E4CE-42CF-8AFC-073A68958610,No,SUSPECTED MINOR INJURY,"BACKUP DUE TO REGULAR CONGESTION, RAIN, SNOW, WET",NOT DISTRACTED,MD,28BC80E7-C7AA-4E3E-A511-7C865B2D9BA1,FUNCTIONAL,SIX OCLOCK,PASSENGER CAR,STOPPED IN TRAFFIC LANE,South,40,No,No,2009,NISSAN,MURANO,39.153515,-77.21331,"(39.153515, -77.21331)"
MCP2445005F,240003270,MONTGOMERY,Injury Crash,01/22/2024 07:49:00 AM,County Route,MIDDLEBROOK RD,,,,,Front to Rear,Clear,Dry,Daylight,No Controls,"Not Suspect of Alcohol Use, Not Suspect of Drug Use",,6065C7BC-C2CD-4BE9-86C2-779EB2C6D602,Yes,No Apparent Injury,Followed Too Closely,Unknown,MD,68A2A906-0F55-45CF-9D7C-E9AB0DD12A43,Functional,Twelve O Clock,Sport Utility Vehicle,Moving Constant Speed,Eastbound,40,No,No,1999,CHEVROLET,TAHOE,39.1749615,-77.2533445,"(39.1749615, -77.2533445)"
MCP29040018,15043814,MONTGOMERY,Property Damage Crash,08/31/2015 08:20:00 PM,County,FLOWER AVE,E WAYNE AVE,,N/A,,OPPOSITE DIRECTION SIDESWIPE,CLEAR,DRY,DARK NO LIGHTS,TRAFFIC SIGNAL,NONE DETECTED,,6251EA29-FAB6-4F90-9D69-B1C36D46424E,No,NO APPARENT INJURY,N/A,NOT DISTRACTED,MD,7C46F8CE-20FD-40C4-9A61-EA98D97F1BF1,SUPERFICIAL,TEN OCLOCK,PASSENGER CAR,MOVING CONSTANT SPEED,North,30,No,No,2010,TOYOTA,VENZA,39.00296073,-77.00529814,"(39.00296073, -77.00529814)"
MCP15240009,180031843,Montgomery County Police,Property Damage Crash,06/28/2018 12:01:00 PM,Maryland (State),FREDERICK RD,CHESTNUT ST,,GAITHERSBURG,,SAME DIR REAR END,CLEAR,DRY,DAYLIGHT,TRAFFIC SIGNAL,NONE DETECTED,,45C62A47-3FEF-4653-8667-B347EEAC55B5,Yes,NO APPARENT INJURY,N/A,NOT DISTRACTED,MD,8D09277E-CF08-44C1-A6E3-0B8AD5F365C3,UNKNOWN,TWELVE OCLOCK,PASSENGER CAR,SLOWING OR STOPPING,South,30,No,No,2014,MAZDA,6,39.14402509,-77.20169887,"(39.14402509, -77.20169887)"
EJ7856006S,190028315,Gaithersburg Police Depar,Property Damage Crash,06/13/2019 07:47:00 PM,County,FIELDS RD,SPUR TO SAM EIG HWY,,N/A,,SAME DIR REAR END,CLEAR,DRY,DUSK,N/A,N/A,,1E8F47F1-7F3F-4AFD-9BC9-820CBC85F465,No,NO APPARENT INJURY,N/A,NOT DISTRACTED,VA,CD10C359-3559-4EA6-A404-A5E87FC13637,FUNCTIONAL,SIX OCLOCK,PASSENGER CAR,STARTING FROM LANE,West,30,No,No,2010,TOYOTA,CAMRY,39.11631667,-77.206395,"(39.11631667, -77.206395)"
MCP31050038,200011423,Montgomery County Police,Injury Crash,03/08/2020 11:41:00 AM,County,RIDGE RD,RAMP 4 FR IS 270 NB TO RIDGE RD EB,,N/A,,STRAIGHT MOVEMENT ANGLE,CLEAR,DRY,DAYLIGHT,TRAFFIC SIGNAL,NONE DETECTED,,382985C9-2306-4378-9F8A-46E0CE051263,No,SUSPECTED MINOR INJURY,N/A,NOT DISTRACTED,MD,C016AD01-C4C1-4778-BD50-15624F3CDE40,DISABLING,TWELVE OCLOCK,PASSENGER CAR,MOVING CONSTANT SPEED,North,45,No,No,2014,NISSAN,ALTIMA,39.19900283,-77.26049333,"(39.19900283, -77.26049333)"
MCP1580005C,16015947,Montgomery County Police,Injury Crash,04/01/2016 04:07:00 PM,Interstate (State),EISENHOWER MEMORIAL HWY,RAMP 7 FR IS 370 WB TO IS 270 SB,,N/A,,SAME DIR REAR END,CLEAR,DRY,DAYLIGHT,NO CONTROLS,NONE DETECTED,,35C07196-EE65-4A9B-B7A4-B2C2CDEE367B,No,POSSIBLE INJURY,N/A,NOT DISTRACTED,MD,4FEC4104-BFE0-485A-93B4-36877C3BD2FA,SUPERFICIAL,SIX OCLOCK,(SPORT) UTILITY VEHICLE,SLOWING OR STOPPING,North,55,No,No,1992,JEEP,CHEROKEE,39.11654167,-77.19328667,"(39.11654167, -77.19328667)"
MCP0936000Q,15003156,Montgomery County Police,Property Damage Crash,01/20/2015 11:34:00 AM,Interstate (State),CAPITAL BELTWAY,ROCKVILLE PIKE,,N/A,,SAME DIR REAR END,CLOUDY,DRY,DAYLIGHT,NO CONTROLS,NONE DETECTED,,AFD71479-3B8E-476C-B9BB-0765571739DE,Yes,NO APPARENT INJURY,N/A,NOT DISTRACTED,MD,4767BA03-C421-4455-9C6F-E1DFA8E48BF8,DISABLING,TWELVE OCLOCK,"OTHER LIGHT TRUCKS (10,000LBS (4,536KG) OR LESS)",CHANGING LANES,West,55,No,No,1992,HONDA,UNK,39.00907667,-77.08796167,"(39.00907667, -77.08796167)"
MCP1575009D,190045509,Montgomery County Police,Injury Crash,09/23/2019 06:15:00 AM,County,MUDDY BRANCH RD,DIAMONDBACK DR,,N/A,,STRAIGHT MOVEMENT ANGLE,CLEAR,DRY,DARK LIGHTS ON,TRAFFIC SIGNAL,NONE DETECTED,,83BD9E1A-BD62-422C-8853-A32B0BBF001B,Yes,NO APPARENT INJURY,N/A,NOT DISTRACTED,MD,2106C8B0-FD0F-4194-8A0E-97C224B5A2E2,DISABLING,SEVEN OCLOCK,(SPORT) UTILITY VEHICLE,MAKING LEFT TURN,West,45,No,No,2019,CHEV,TRAVERSE,39.11513333,-77.216075,"(39.11513333, -77.216075)"
MCP3291000P,210025190,Montgomery County Police,Injury Crash,09/09/2021 03:04:00 AM,County,WAYNE AVE,SPUR FR GEORGIA AVE,,N/A,PEDESTRIAN,SINGLE VEHICLE,CLEAR,DRY,DARK LIGHTS ON,TRAFFIC SIGNAL,UNKNOWN,NONE DETECTED,855C011E-F50E-4064-B9CE-58C291F6FF18,Yes,NO APPARENT INJURY,N/A,UNKNOWN,,88527840-E90D-45DE-BC26-D3AE300FA0F7,UNKNOWN,UNKNOWN,,ACCELERATING,East,30,No,No,0,UNKNOWN,UNKNOWN,38.9945782,-77.0269542,"(38.9945782, -77.0269542)"
DD5610003Y,180018987,Rockville Police Departme,Property Damage Crash,04/18/2018 05:29:00 PM,Municipality,GREAT FALLS RD,MONUMENT ST,,ROCKVILLE,,SAME DIR REAR END,CLEAR,DRY,DAYLIGHT,NO CONTROLS,N/A,,DDAAAB1A-0BAA-4332-9138-4A7B402580C3,Yes,NO APPARENT INJURY,N/A,UNKNOWN,MD,97F773E7-3B86-4050-A7E8-9B46D26468D3,DISABLING,TWELVE OCLOCK,PASSENGER CAR,MOVING CONSTANT SPEED,North,30,No,No,2012,VOLK,4S,39.082135,-77.16106,"(39.082135, -77.16106)"