Report Number,Local Case Number,Agency Name,ACRS Report Type,Crash Date/Time,Route Type,Road Name,Cross-Street Name,Off-Road Description,Municipality,Related Non-Motorist,Collision Type,Weather,Surface Condition,Light,Traffic Control,Driver Substance Abuse,Non-Motorist Substance Abuse,Person ID,Driver At Fault,Injury Severity,Circumstance,Driver Distracted By,Drivers License State,Vehicle ID,Vehicle Damage Extent,Vehicle First Impact Location,Vehicle Body Type,Vehicle Movement,Vehicle Going Dir,Speed Limit,Driverless Vehicle,Parked Vehicle,Vehicle Year,Vehicle Make,Vehicle Model,Latitude,Longitude,Location
DD55940021,16025110,Rockville Police Departme,Injury Crash,05/20/2016 03:30:00 PM,Maryland (State),VEIRS MILL RD,TWINBROOK PKWY,,N/A,,HEAD ON LEFT TURN,CLEAR,DRY,DAYLIGHT,TRAFFIC SIGNAL,NONE DETECTED,,C27A80EE-C15E-4718-B44F-9A4005C34FAB,Unknown,POSSIBLE INJURY,N/A,UNKNOWN,DC,D74A307E-D98B-4E52-B2CE-97523AA16DEF,DISABLING,TWELVE OCLOCK,MOTORCYCLE,ACCELERATING,South,40,No,No,2012,MITT,MOTORCYCLE,39.07330167,-77.11221,"(39.07330167, -77.11221)"
MCP2008003V,170512161,Montgomery County Police,Injury Crash,06/06/2017 05:52:00 PM,Maryland (State),OLD GEORGETOWN RD,LONE OAK DR,,N/A,,SAME DIR REAR END,CLEAR,DRY,DAYLIGHT,N/A,NONE DETECTED,,4855F7EB-20AD-4FC5-B49E-BFE6FA5E7755,No,POSSIBLE INJURY,N/A,NOT DISTRACTED,MD,EBE91B3F-E151-4E84-A75C-9D7E7B525CBE,DISABLING,SIX OCLOCK,PASSENGER CAR,STOPPED IN TRAFFIC LANE,North,40,No,No,2001,CHRY,4S,39.01749333,-77.12010333,"(39.01749333, -77.12010333)"
MCP3403000Q,240008059,MONTGOMERY,Injury Crash,02/18/2024 10:08:00 PM,Maryland (State) Route,EAST WEST HWY (WB/L),16TH ST,,,,Angle,Clear,Dry,Dark - Lighted,Traffic Control Signal,"Not Suspect of Alcohol Use, Not Suspect of Drug Use",,63E523CB-9A4C-446F-8FF0-9BDD25804C7E,No,No Apparent Injury,,Not Distracted,MD,33494EF7-7E91-47C5-848D-6DF9B0FA2738,Disabling,Eleven O Clock,Passenger Car,Moving Constant Speed,Northbound,35,No,No,2018,ALFA ROMEO,GIULIA (952),38.99462339,-77.03626351,"(38.99462339, -77.03626351)"
MCP913000D2,220041078,Montgomery County Police,Property Damage Crash,09/21/2022 09:32:00 AM,Maryland (State),PINEY BRANCH RD,MANCHESTER RD,,N/A,,SAME DIR REAR END,CLEAR,DRY,DAYLIGHT,NO CONTROLS,NONE DETECTED,,901DBE3E-0494-41AF-952B-A3ED6675B2DC,Yes,NO APPARENT INJURY,N/A,UNKNOWN,MD,861F6AB3-F0DD-469F-B5FF-1F0913EBC1A0,FUNCTIONAL,TWELVE OCLOCK,PASSENGER CAR,ACCELERATING,South,35,No,No,2016,CHEVROLET,SPARK LT,38.99706367,-77.00525817,"(38.99706367, -77.00525817)"
MCP115100BC,190055037,Montgomery County Police,Property Damage Crash,11/15/2019 07:30:00 AM,,,,"TRAVEL PORTION OF BUSINESS AUTO SPA 20440 GERMANTOWN ROAD GERMANTOWN, MD 20876",,,SINGLE VEHICLE,N/A,,DAYLIGHT,NO CONTROLS,NONE DETECTED,,477E8BF4-F7DC-4DC6-9BA9-B829BEEE6504,Yes,NO APPARENT INJURY,N/A,LOOKED BUT DID NOT SEE,MD,3FA61761-B612-419B-AF5F-428D952A16D0,SUPERFICIAL,ROOF TOP,"OTHER LIGHT TRUCKS (10,000LBS (4,536KG) OR LESS)",MOVING CONSTANT SPEED,Unknown,0,No,No,2015,FORD,F350,39.19233083,-77.24378383,"(39.19233083, -77.24378383)"
MCP209400DM,190009685,Montgomery County Police,Property Damage Crash,03/01/2019 01:50:00 PM,Maryland (State),OLD GEORGETOWN RD,RAMP 5 FR MD 187 SB TO RAMP 4 (TO IS270),,N/A,,HEAD ON LEFT TURN,CLOUDY,DRY,DAYLIGHT,TRAFFIC SIGNAL,NONE DETECTED,,01588910-8441-4CA6-9BB2-3E04EFC3F8AD,No,NO APPARENT INJURY,N/A,NOT DISTRACTED,NJ,FCB813B2-98AA-4618-8470-549A8CECBE83,DISABLING,TWELVE OCLOCK,PASSENGER CAR,MAKING LEFT TURN,South,40,No,No,2015,CHEVY,CRUZE,39.03032333,-77.12628333,"(39.03032333, -77.12628333)"
MCP2866007H,210047508,Montgomery County Police,Injury Crash,11/22/2021 05:55:00 PM,County,FALLS RD,ENT SHOPPING CENTER,,N/A,,STRAIGHT MOVEMENT ANGLE,CLEAR,DRY,DARK LIGHTS ON,NO CONTROLS,NONE DETECTED,,78A034A5-1612-4752-AED9-EADB41FBB526,Yes,SUSPECTED MINOR INJURY,N/A,LOOKED BUT DID NOT SEE,MD,EC2D33E6-EB7A-438F-AB2F-6D7F39D504C6,DISABLING,TWELVE OCLOCK,PASSENGER CAR,MAKING LEFT TURN,North,35,No,No,2019,HONDA,CRV,39.01670923,-77.21031092,"(39.01670923, -77.21031092)"
MCP2962007D,230018625,Montgomery County Police,Property Damage Crash,04/19/2023 07:34:00 AM,Maryland (State),RIDGE RD,BETHESDA CHURCH RD,,N/A,,SAME DIR REAR END,CLEAR,DRY,DAYLIGHT,NO CONTROLS,NONE DETECTED,,3C3EA7E3-F7DC-442D-9F08-DA49EB4D8CCE,Yes,NO APPARENT INJURY,N/A,NOT DISTRACTED,MD,23D6AAD8-37E5-4026-9498-6C1AB4D4F7EE,FUNCTIONAL,TWELVE OCLOCK,PICKUP TRUCK,SLOWING OR STOPPING,South,35,No,No,2008,FORD,SUPER DUTY,39.28536233,-77.209561,"(39.28536233, -77.209561)"
MCP2710004B,230060881,Montgomery County Police,Property Damage Crash,10/16/2023 04:00:00 PM,County,PARKLAND DR,OAKVALE ST,,N/A,,STRAIGHT MOVEMENT ANGLE,N/A,DRY,DAYLIGHT,STOP SIGN,NONE DETECTED,,2F50C6D0-16A2-4026-A4DB-5018FC9EA191,Yes,NO APPARENT INJURY,N/A,LOOKED BUT DID NOT SEE,MD,2C9890FF-8AD6-490E-964D-4060CA381D4E,FUNCTIONAL,TWELVE OCLOCK,PASSENGER CAR,STARTING FROM LANE,West,25,No,No,2018,HONDA,CIVIC,39.08754,-77.08678833,"(39.08754, -77.08678833)"
DD5615007W,190049636,Rockville Police Departme,Injury Crash,10/16/2019 02:57:00 PM,Municipality,HALPINE RD,E JEFFERSON ST,,ROCKVILLE,PEDESTRIAN,OTHER,RAINING,WET,DAYLIGHT,TRAFFIC SIGNAL,NONE DETECTED,NONE DETECTED,ADC54E01-402F-4D53-915B-F44AC6CBD819,Yes,NO APPARENT INJURY,"N/A, WET",LOOKED BUT DID NOT SEE,MD,C141505E-3D7B-4563-83D9-E0CE7BCEF642,NO DAMAGE,TWELVE OCLOCK,PASSENGER CAR,STARTING FROM LANE,West,10,No,No,2018,VOLKWAGEN,ATLAS,39.09323,-77.15333167,"(39.09323, -77.15333167)"
MCP2667001Y,15067100,Montgomery County Police,Property Damage Crash,12/31/2015 11:21:00 AM,Maryland (State),QUINCE ORCHARD RD,RAMP 7 FR MD 124 WB TO IS 270 SB,,N/A,,SAME DIR REAR END,CLEAR,DRY,DAYLIGHT,NO CONTROLS,NONE DETECTED,,3025FF3C-7EEE-4CD9-B4E8-1DFB9C729194,Yes,NO APPARENT INJURY,N/A,NOT DISTRACTED,MD,1FAE28C8-B29B-44E7-BABF-47FACB5A1A23,DISABLING,TWELVE OCLOCK,PASSENGER CAR,MOVING CONSTANT SPEED,South,35,No,No,2009,BMW,328I,39.14884,-77.21674833,"(39.14884, -77.21674833)"
MCP3162001P,190004852,Montgomery County Police,Injury Crash,01/31/2019 08:50:00 AM,County,FOREST GLEN RD,WOODLAND DR,,N/A,,STRAIGHT MOVEMENT ANGLE,N/A,DRY,DAYLIGHT,N/A,NONE DETECTED,,7A38DC98-17CA-4C72-89C1-4FAC46E2A705,No,NO APPARENT INJURY,N/A,NOT DISTRACTED,WA,65C53569-336E-430D-BC40-F4799D578928,FUNCTIONAL,FOUR OCLOCK,PASSENGER CAR,MOVING CONSTANT SPEED,West,35,No,No,2014,BMW,X5,39.01564,-77.04145167,"(39.01564, -77.04145167)"
EJ7856000W,15049497,GAITHERSBURG,Property Damage Crash,09/30/2015 08:50:00 AM,Municipality,MAIN ST,KENTLANDS BLVD,,GAITHERSBURG,,SINGLE VEHICLE,RAINING,WET,DAYLIGHT,NO CONTROLS,N/A,,756A8C1A-A9EE-4DD5-A810-930C00F8C3E9,Yes,NO APPARENT INJURY,N/A,UNKNOWN,MD,2AEF1F11-A053-4B6A-9002-1DFC4C969FF2,DISABLING,TWELVE OCLOCK,VAN,MOVING CONSTANT SPEED,East,25,No,No,2001,DODGE,CARAVAN SXT,39.1231855,-77.23808169,"(39.1231855, -77.23808169)"
MCP1151008Q,180061201,Montgomery County Police,Injury Crash,12/07/2018 11:15:00 AM,Interstate (State),EISENHOWER MEMORIAL HWY,RAMP 1 FR IS 270 NB TO MIDDLEBROOK RD WB,,N/A,,SAME DIR REAR END,CLEAR,DRY,DAYLIGHT,N/A,NONE DETECTED,,CEC4DB7F-18D9-42F0-8FD3-108124D91F5A,Yes,NO APPARENT INJURY,N/A,LOOKED BUT DID NOT SEE,MD,A73C7474-4116-4114-BBAE-B9F0661089DB,SUPERFICIAL,TWELVE OCLOCK,PASSENGER CAR,SLOWING OR STOPPING,South,55,No,No,2003,NISS,ALTIMA,39.17629767,-77.2477945,"(39.17629767, -77.2477945)"
MCP30840074,240021732,MONTGOMERY,Property Damage Crash,05/08/2024 04:44:00 PM,County Route,RANDOLPH RD (WB/L),,,,,Rear To Side,Clear,Dry,Daylight,No Controls,"Not Suspect of Alcohol Use, Not Suspect of Drug Use",,D3F747D0-34ED-4D74-B794-91A49B856E7C,Yes,No Apparent Injury,,Not Distracted,,869DB817-2450-454F-A49B-DEAE7966151D,Functional,Eleven O Clock,Passenger Car,Turning Right,Not On Roadway,5,No,No,2016,TOYOTA,RAV4,39.0534542,-77.10765581,"(39.0534542, -77.10765581)"
MCP9386001K,15000850,Montgomery County Police,Property Damage Crash,01/06/2015 08:20:00 AM,Municipality,KENSINGTON PKWY,KENT ST,,KENSINGTON,,STRAIGHT MOVEMENT ANGLE,SNOW,SNOW,DAYLIGHT,STOP SIGN,NONE DETECTED,,AC6D35F5-1AAD-4E63-9273-D8D47B00137F,No,NO APPARENT INJURY,"ICY OR SNOW-COVERED, RAIN, SNOW",NOT DISTRACTED,VA,0AB4FD2E-BDCA-49A5-B645-B40E1829DFF0,FUNCTIONAL,SEVEN OCLOCK,STATION WAGON,STOPPED IN TRAFFIC LANE,North,25,No,No,2014,GILL,BUS,39.02352167,-77.07186667,"(39.02352167, -77.07186667)"
MCP3207002Z,220047404,Montgomery County Police,Property Damage Crash,10/28/2022 01:55:00 PM,County,BROADBIRCH DR,CHERRY HILL RD,,N/A,,SAME DIRECTION SIDESWIPE,CLEAR,DRY,DAYLIGHT,TRAFFIC SIGNAL,UNKNOWN,,00C00CEF-1354-44C4-A4BB-0666D1F3A912,Yes,NO APPARENT INJURY,N/A,NOT DISTRACTED,,57C2F16A-892E-4241-82F4-7CD2D2489693,SUPERFICIAL,ONE OCLOCK,PASSENGER CAR,CHANGING LANES,North,30,No,No,2000,LEXUS,ES,39.05600848,-76.95433917,"(39.05600848, -76.95433917)"
MCP3091002D,200048971,Montgomery County Police,Property Damage Crash,12/12/2020 10:47:00 AM,County,E GUDE DR,CRABBS BRANCH WAY,,N/A,,ANGLE MEETS RIGHT TURN,CLOUDY,DRY,DAYLIGHT,TRAFFIC SIGNAL,N/A,,65BBB9F4-069D-49F1-8B9B-8B66E784E47A,Yes,NO APPARENT INJURY,N/A,UNKNOWN,MD,E38E8ECA-7B2B-48CB-A3CC-7C8BA5AAE4B3,FUNCTIONAL,ELEVEN OCLOCK,PASSENGER CAR,ACCELERATING,West,10,No,No,2005,TOYOTA,COROLLA,39.10654333,-77.1528005,"(39.10654333, -77.1528005)"
MCP229800YW,210042398,Montgomery County Police,Property Damage Crash,10/21/2021 07:14:00 PM,US (State),COLESVILLE RD,LORAIN AVE,,N/A,,SAME DIRECTION SIDESWIPE,CLEAR,DRY,DARK -- UNKNOWN LIGHTING,NO CONTROLS,NONE DETECTED,,0C195C8A-9853-4D86-A72A-A24DB695C010,No,NO APPARENT INJURY,N/A,NOT DISTRACTED,MD,6D1B09EC-A706-4B91-AC54-CCC5608BA360,SUPERFICIAL,TWO OCLOCK,TRANSIT BUS,STARTING FROM LANE,Unknown,30,No,No,2020,NOVB,BUS,39.0240022,-77.01125627,"(39.0240022, -77.01125627)"
MCP23850008,15015606,Montgomery County Police,Property Damage Crash,04/04/2015 10:18:00 PM,Ramp,RAMP 4 FR IS 270 NB TO RIDGE RD EB,RIDGE RD,,N/A,,SAME DIR REAR END,CLEAR,DRY,DARK LIGHTS ON,NO CONTROLS,NONE DETECTED,,C15567F0-1758-4BE7-9698-AE113A8A05FD,No,NO APPARENT INJURY,N/A,NOT DISTRACTED,MD,88BDDECB-BCAD-431D-8524-330200E23D51,FUNCTIONAL,FIVE OCLOCK,PASSENGER CAR,SLOWING OR STOPPING,North,40,No,No,2011,SUBARU,OUTBACK,39.19698667,-77.26010667,"(39.19698667, -77.26010667)"
MCP3044001X,170530521,Montgomery County Police,Injury Crash,09/14/2017 12:24:00 PM,County,WAYNE AVE,GEORGIA AVE,,N/A,,SAME DIR REAR END,CLEAR,DRY,DAYLIGHT,NO CONTROLS,NONE DETECTED,,4D1E93EA-1A9E-4EBE-8448-59F17CE5D453,Yes,NO APPARENT INJURY,N/A,LOOKED BUT DID NOT SEE,MD,0B2B96BA-50B0-4AFA-97AF-8D60368C0CF4,FUNCTIONAL,TWELVE OCLOCK,(SPORT) UTILITY VEHICLE,MOVING CONSTANT SPEED,South,30,No,No,2017,HONDA,HRV,38.99483833,-77.02565333,"(38.99483833, -77.02565333)"
MCP29820025,170534337,Montgomery County Police,Injury Crash,10/02/2017 03:44:00 PM,County,WAYNE AVE,CEDAR ST,,N/A,,SAME DIR REAR END,CLEAR,DRY,DAYLIGHT,TRAFFIC SIGNAL,NONE DETECTED,,FAD1D903-AD9C-4921-BB81-C7759059F75D,Yes,NO APPARENT INJURY,N/A,INATTENTIVE OR LOST IN THOUGHT,MD,B171B779-B888-468C-8ED8-9E4AA8661154,FUNCTIONAL,TWELVE OCLOCK,PASSENGER CAR,MOVING CONSTANT SPEED,North,25,No,No,1996,FORD,F250,38.99716383,-77.02185541,"(38.99716383, -77.02185541)"
MCP2654000N,15044203,MONTGOMERY,Property Damage Crash,06/27/2015 06:40:00 PM,US (State),COLESVILLE RD,DALE DR,,N/A,,SAME DIR REAR END,RAINING,WET,DAYLIGHT,TRAFFIC SIGNAL,NONE DETECTED,,6BCE63B7-F3B1-4A51-9D5A-F730A88E136A,No,NO APPARENT INJURY,"N/A, WET",NOT DISTRACTED,MD,8492E1BC-7C13-4801-9F17-5BE0A6467406,FUNCTIONAL,SIX OCLOCK,PASSENGER CAR,STOPPED IN TRAFFIC LANE,North,35,No,No,2002,SUBARU,FORESTER,39.00504508,-77.02298999,"(39.00504508, -77.02298999)"
MCP2679000R,15029435,Montgomery County Police,Property Damage Crash,06/16/2015 11:40:00 PM,County,COLERIDGE DR,ELLIS ST,,N/A,,OTHER,CLEAR,DRY,DARK LIGHTS ON,N/A,NONE DETECTED,,C2C57739-3543-4481-B0A6-D6FFEC0E52C5,No,NO APPARENT INJURY,N/A,NOT DISTRACTED,MD,69395136-0DA1-4234-925B-B86BDB87B6E2,SUPERFICIAL,FOUR OCLOCK,"MEDIUM/HEAVY TRUCKS 3 AXLES (OVER 10,000LBS (4,536KG))",MOVING CONSTANT SPEED,South,25,No,No,2007,ISUZU,FLATBED,39.00074667,-77.029095,"(39.00074667, -77.029095)"
MCP2785002Q,170512971,Montgomery County Police,Injury Crash,06/10/2017 09:41:00 PM,US (State),GEORGIA AVE,JESSUP BLAIR DR,,N/A,,OPPOSITE DIRECTION SIDESWIPE,CLEAR,DRY,DARK LIGHTS ON,N/A,N/A,,7C6AA9AB-0EBC-4FBE-B6BF-305979227797,Yes,NO APPARENT INJURY,N/A,DISTRACTED BY OUTSIDE PERSON OBJECT OR EVENT,MD,AE39C5AA-ED0D-42E3-B8D4-E2C5F9EC16E7,DISABLING,ELEVEN OCLOCK,(SPORT) UTILITY VEHICLE,MOVING CONSTANT SPEED,North,30,No,No,2008,HONDA,PILOT,38.98518667,-77.02658667,"(38.98518667, -77.02658667)"
MCP32150027,210041790,Montgomery County Police,Injury Crash,10/18/2021 11:45:00 AM,Maryland (State),WISCONSIN AVE,BRADLEY LA,,N/A,,ANGLE MEETS LEFT HEAD ON,CLEAR,DRY,DAYLIGHT,TRAFFIC SIGNAL,NONE DETECTED,,E3B486BE-4CC2-4A79-8BE9-C7CD9A94EE90,No,NO APPARENT INJURY,N/A,NOT DISTRACTED,MD,4C60D618-A3F0-4771-B2BE-234CBFF7A2DB,DISABLING,ELEVEN OCLOCK,PASSENGER CAR,STOPPED IN TRAFFIC LANE,North,25,No,No,2014,JEEP,GRAND CHEROKEE,38.97704325,-77.09071307,"(38.97704325, -77.09071307)"
MCP2568000L,190030954,Montgomery County Police,Injury Crash,06/29/2019 03:25:00 AM,Maryland (State),ROCKVILLE PIKE,BOU AVE,,N/A,,STRAIGHT MOVEMENT ANGLE,CLEAR,DRY,DARK LIGHTS ON,NO CONTROLS,NONE DETECTED,,0C8307C5-6CAC-4605-8D4A-2C1345119D6E,Yes,NO APPARENT INJURY,N/A,LOOKED BUT DID NOT SEE,DC,F8AC05B1-9B41-4836-BCD2-F64DCC77E44E,SUPERFICIAL,SEVEN OCLOCK,PASSENGER CAR,CHANGING LANES,South,40,No,No,2011,TOYOTA,RAV 4,39.055531,-77.11870967,"(39.055531, -77.11870967)"
MCP2445002C,210012638,Montgomery County Police,Injury Crash,04/05/2021 09:45:00 AM,County,SHAKESPEARE BLVD,FREDERICK RD,,N/A,,SINGLE VEHICLE,CLEAR,DRY,DAYLIGHT,NO CONTROLS,NONE DETECTED,,A6B6D546-DA32-40A5-B51A-3D09F4871A92,Yes,POSSIBLE INJURY,N/A,UNKNOWN,MD,1C0339D7-0346-4ECE-8D49-86F5EB332FD0,DISABLING,TWELVE OCLOCK,PASSENGER CAR,MOVING CONSTANT SPEED,West,30,No,No,2001,TOYT,4S,39.19789833,-77.24657333,"(39.19789833, -77.24657333)"
DD5567004G,240029242,ROCKVILLE,Injury Crash,06/20/2024 09:40:00 AM,County Route,,FREDERICK RD REDLAND BLVD REDLAND BLVD (EB/L),,,,Angle,Clear,Dry,Daylight,Traffic Control Signal,"Not Suspect of Alcohol Use, Not Suspect of Drug Use",,45B8B001-7A91-40F2-9A75-D8A5F86684BE,No,No Apparent Injury,,Not Distracted,MD,448C0E77-95CB-43B4-9782-D915DF8DBE7A,Disabling,Twelve O Clock,Passenger Car,Moving Constant Speed,,30,No,,2023,MINI,COOPER,39.11567615,-77.16616599,"(39.11567615, -77.16616599)"
MCP28130090,220016094,Montgomery County Police,Injury Crash,04/16/2022 12:30:00 AM,County,RANDOLPH RD,KEMP MILL RD,,N/A,,STRAIGHT MOVEMENT ANGLE,CLEAR,DRY,DARK LIGHTS ON,TRAFFIC SIGNAL,N/A,,3541064B-5D04-4235-9554-FB333AAB8842,Yes,NO APPARENT INJURY,N/A,OTHER DISTRACTION,MD,AEB805E5-D70C-48AF-BE3A-0469166C7529,DISABLING,TWELVE OCLOCK,PASSENGER CAR,ACCELERATING,East,50,No,No,2021,NISSAN,FRONTIER,39.06648333,-77.03048833,"(39.06648333, -77.03048833)"
MCP29830040,190037351,Montgomery County Police,Injury Crash,08/05/2019 06:40:00 PM,Maryland (State),GEORGIA AVE,FOREST GLEN RD,,N/A,,SAME DIR REAR END,CLEAR,DRY,DAYLIGHT,N/A,NONE DETECTED,,79A50526-410E-48A9-9BE5-77D9F3D6C46F,Yes,NO APPARENT INJURY,N/A,INATTENTIVE OR LOST IN THOUGHT,VA,765E094A-3894-40E8-BC66-7FC9E2EF089D,SUPERFICIAL,TWELVE OCLOCK,AUTOCYCLE,STARTING FROM LANE,South,35,No,No,2016,TOYOTA,RAV4,39.01565333,-77.04307833,"(39.01565333, -77.04307833)"
DD56290004,180029515,Rockville Police Departme,Injury Crash,06/15/2018 08:24:00 AM,Maryland (State),FALLS RD,WOOTTON PKWY,,ROCKVILLE,,STRAIGHT MOVEMENT ANGLE,CLEAR,DRY,DAYLIGHT,TRAFFIC SIGNAL,NONE DETECTED,,FCFA8831-D972-4354-838F-0AEB1A868291,Yes,NO APPARENT INJURY,N/A,NOT DISTRACTED,XX,A694C5C0-2A91-4574-A912-29C42C139DDD,DESTROYED,FOUR OCLOCK,PICKUP TRUCK,MAKING LEFT TURN,North,40,No,No,2018,FORD,TK,39.06971276,-77.16998577,"(39.06971276, -77.16998577)"
MCP2637005L,240036852,MONTGOMERY,Property Damage Crash,08/05/2024 09:28:00 AM,County Route,LAKE WINDS WAY,DUFIEF MILL RD,,,,"Sideswipe, Opposite Direction",Clear,Dry,Daylight,Stop Sign,"Not Suspect of Alcohol Use, Not Suspect of Drug Use",,3A6C0A88-6EC0-41D1-A4CB-2A1D5BD826AF,No,No Apparent Injury,,Not Distracted,MD,C49DC5A9-3393-4606-AD86-FE7F0C3A927C,Functional,Eleven O Clock,Passenger Car,Turning Right,,35,No,No,2021,HONDA,ACCORD,39.09675167,-77.22987333,"(39.09675167, -77.22987333)"
MCP1334005R,170537703,Montgomery County Police,Property Damage Crash,10/20/2017 06:32:00 AM,Maryland (State),WOODFIELD RD,LINDBERGH DR,,N/A,,SINGLE VEHICLE,CLEAR,DRY,DARK LIGHTS ON,N/A,NONE DETECTED,,8BEA7EE4-9CB6-4082-B56F-2CB2F7BC580F,Yes,NO APPARENT INJURY,N/A,DISTRACTED BY OUTSIDE PERSON OBJECT OR EVENT,MD,6BEE5444-73A6-4F25-81E3-685BB0C2F0CE,DISABLING,TWO OCLOCK,PASSENGER CAR,CHANGING LANES,South,40,No,No,1997,TOYOTA,COROLLA,39.16349,-77.157675,"(39.16349, -77.157675)"
MCP2963000R,16043427,Montgomery County Police,Injury Crash,08/26/2016 01:24:00 PM,County,FENTON ST,WAYNE AVE,,N/A,,SAME DIRECTION SIDESWIPE,CLEAR,DRY,DAYLIGHT,NO CONTROLS,NONE DETECTED,,11D82149-4ED4-4C40-8534-B6AECE0471DA,Yes,NO APPARENT INJURY,N/A,LOOKED BUT DID NOT SEE,PA,23E54E9C-2828-4A06-BBCD-D514E60AE029,FUNCTIONAL,ELEVEN OCLOCK,PASSENGER CAR,ENTERING TRAFFIC LANE,South,25,No,No,2013,TOYOTA,PRIUS,38.99584667,-77.02483833,"(38.99584667, -77.02483833)"
MCP102200D7,190056497,Montgomery County Police,Injury Crash,11/22/2019 04:05:00 PM,,,,"SOUTHERN ENTRANCE ROAD TO MILESTONE SHOPPING CENTER 21050 FREDERICK RD GERMANTOWN, MD",,,HEAD ON LEFT TURN,CLEAR,,DAYLIGHT,NO CONTROLS,NONE DETECTED,,CF814EFD-5F15-411E-A732-3FE340A315D9,Yes,SUSPECTED MINOR INJURY,N/A,TALKING OR LISTENING TO CELLULAR PHONE,MD,04936E74-4506-4646-A348-0C5BCCA2E27A,FUNCTIONAL,THREE OCLOCK,PASSENGER CAR,MAKING LEFT TURN,East,25,No,No,2009,CHEVROLET,COBALT,39.20055833,-77.24662167,"(39.20055833, -77.24662167)"
DD5628000H,180012604,Rockville Police Departme,Property Damage Crash,03/13/2018 12:59:00 PM,Maryland (State),E JEFFERSON ST,MARYLAND AVE,,ROCKVILLE,,SAME DIR REND RIGHT TURN,CLEAR,DRY,DAYLIGHT,TRAFFIC SIGNAL,NONE DETECTED,,7C39F624-DC3D-49C9-A8AF-177A784FD616,No,NO APPARENT INJURY,N/A,NOT DISTRACTED,MD,9823497D-54C3-4B8D-A0B6-C82A158BCA83,FUNCTIONAL,SIX OCLOCK,PASSENGER CAR,STOPPED IN TRAFFIC LANE,East,25,No,No,2013,ACURA,IX,39.08271623,-77.1511513,"(39.08271623, -77.1511513)"
MCP2868002X,190009383,Montgomery County Police,Property Damage Crash,02/27/2019 05:17:00 PM,Maryland (State),WISCONSIN AVE,N CHELSEA LA,,N/A,,SAME DIR REAR END,CLOUDY,DRY,DUSK,NO CONTROLS,NONE DETECTED,,B9725F6E-004B-49CA-BEBD-BC6C78090FB0,No,NO APPARENT INJURY,N/A,NOT DISTRACTED,MD,4565B916-1DFE-4483-8255-65470698C39C,SUPERFICIAL,SIX OCLOCK,PASSENGER CAR,MOVING CONSTANT SPEED,North,30,No,No,2013,LEXUS,4D,38.99435333,-77.09564667,"(38.99435333, -77.09564667)"
MCP2800002G,16027156,Montgomery County Police,Property Damage Crash,05/31/2016 03:57:00 PM,Maryland (State),RIVER RD,BEECH TREE RD,,N/A,,SAME DIR REAR END,CLEAR,DRY,N/A,NO CONTROLS,NONE DETECTED,,E0AFDB95-23C0-4B64-A727-7CF78F41C157,Yes,NO APPARENT INJURY,N/A,NOT DISTRACTED,MD,7CF91572-9727-4377-BF76-5C90FA8570A7,SUPERFICIAL,TWELVE OCLOCK,PASSENGER CAR,MOVING CONSTANT SPEED,West,45,No,No,2015,AUDI,TK,38.985175,-77.139815,"(38.985175, -77.139815)"
MCP3112004J,200016405,Montgomery County Police,Property Damage Crash,04/18/2020 08:07:00 PM,County,WOODMONT AVE,WISCONSIN AVE,,N/A,,SAME DIRECTION LEFT TURN,CLEAR,DRY,DARK LIGHTS ON,TRAFFIC SIGNAL,NONE DETECTED,,3A666092-FAC5-4FC7-B848-B1C6117F0846,No,NO APPARENT INJURY,N/A,NOT DISTRACTED,MD,A561EB6C-E61F-49D5-AC03-40DE2D8548A4,SUPERFICIAL,TWELVE OCLOCK,PASSENGER CAR,MOVING CONSTANT SPEED,South,25,No,No,2007,LEXUS,IS250,38.98002028,-77.09289256,"(38.98002028, -77.09289256)"
DD56050030,16065252,Rockville Police Departme,Injury Crash,12/20/2016 02:48:00 PM,Maryland (State),HUNGERFORD DR,PARK RD,,ROCKVILLE,,STRAIGHT MOVEMENT ANGLE,CLEAR,DRY,DAYLIGHT,TRAFFIC SIGNAL,NONE DETECTED,,0BEFFBA2-C1B7-4C26-9AEA-C4043FD9784F,No,POSSIBLE INJURY,N/A,NOT DISTRACTED,MD,5378186B-1764-4508-83EE-5B77DAACE133,DISABLING,TWELVE OCLOCK,PASSENGER CAR,MOVING CONSTANT SPEED,South,35,No,No,1997,CHEV,2S,39.08536333,-77.14811333,"(39.08536333, -77.14811333)"
EJ7898000H,230031355,Gaithersburg Police Depar,Injury Crash,06/30/2023 11:00:00 PM,Municipality,WATKINS MILL RD,TRAVIS AVE,,GAITHERSBURG,,STRAIGHT MOVEMENT ANGLE,FOGGY,WET,DARK LIGHTS ON,STOP SIGN,N/A,,3FAE4C39-61A7-4020-AFC9-FB55DE9AD8D2,Yes,POSSIBLE INJURY,"N/A, SMOG, SMOKE",LOOKED BUT DID NOT SEE,MD,2216D54B-A2B6-4A53-9734-75BD2F4D6201,DISABLING,TWELVE OCLOCK,PASSENGER CAR,MOVING CONSTANT SPEED,South,35,No,No,2019,NISSAN,SENTRA,39.16222482,-77.21448117,"(39.16222482, -77.21448117)"
MCP137800N5,180053053,Montgomery County Police,Property Damage Crash,10/23/2018 12:29:00 PM,Maryland (State),W DIAMOND AVE,PERRY PKWY,,GAITHERSBURG,,SAME DIR REAR END,CLEAR,DRY,DAYLIGHT,TRAFFIC SIGNAL,UNKNOWN,,ED732111-D0E1-4B0B-AEA1-A90F5E701AD5,No,NO APPARENT INJURY,N/A,UNKNOWN,,0F37482E-DF51-41D2-BA52-3F2ABD56E9A8,UNKNOWN,SIX OCLOCK,,UNKNOWN,West,35,No,No,0,UNKNOWN,UNKNOWN,39.14052739,-77.20942084,"(39.14052739, -77.20942084)"