Report Number,Local Case Number,Agency Name,ACRS Report Type,Crash Date/Time,Route Type,Road Name,Cross-Street Name,Off-Road Description,Municipality,Related Non-Motorist,Collision Type,Weather,Surface Condition,Light,Traffic Control,Driver Substance Abuse,Non-Motorist Substance Abuse,Person ID,Driver At Fault,Injury Severity,Circumstance,Driver Distracted By,Drivers License State,Vehicle ID,Vehicle Damage Extent,Vehicle First Impact Location,Vehicle Body Type,Vehicle Movement,Vehicle Going Dir,Speed Limit,Driverless Vehicle,Parked Vehicle,Vehicle Year,Vehicle Make,Vehicle Model,Latitude,Longitude,Location
MCP2940000K,16019834,Montgomery County Police,Property Damage Crash,04/22/2016 02:47:00 PM,Maryland (State),RIVER RD,WILLARD AVE,,N/A,,OTHER,CLOUDY,DRY,DAYLIGHT,TRAFFIC SIGNAL,NONE DETECTED,,D76E47E8-FE8F-4D8E-9E0B-8FD83D824AB7,Yes,NO APPARENT INJURY,"N/A, ROAD UNDER CONSTRUCTION/MAINTENANCE",LOOKED BUT DID NOT SEE,MD,99D0B713-FC2F-4B48-9FC2-9C3BEFCF23FF,DISABLING,TWO OCLOCK,"OTHER LIGHT TRUCKS (10,000LBS (4,536KG) OR LESS)",MAKING LEFT TURN,East,40,No,No,2002,MERCEDES,C240,38.96030354,-77.09684595,"(38.96030354, -77.09684595)"
MCP2862000T,15025716,Montgomery County Police,Property Damage Crash,05/28/2015 06:20:00 AM,Maryland (State),DARNESTOWN RD,TREWORTHY RD,,GAITHERSBURG,,SAME DIRECTION SIDESWIPE,CLEAR,DRY,DAYLIGHT,N/A,UNKNOWN,,BB2FB80D-931B-40A2-9544-21C6BCCB3D17,Yes,NO APPARENT INJURY,N/A,UNKNOWN,,4FA5A47A-B818-447B-BC41-C59A3D13EC7E,FUNCTIONAL,,PICKUP TRUCK,MOVING CONSTANT SPEED,West,40,No,No,2014,NISSAN,ROGUE,39.10342833,-77.22549833,"(39.10342833, -77.22549833)"
MCP3126000H,180020744,Montgomery County Police,Property Damage Crash,04/28/2018 03:15:00 AM,County,FATHER HURLEY BLVD,RAMP 8 FR IS270 SB TO FATHER HURLEY BLVD,,N/A,,SINGLE VEHICLE,RAINING,WET,DARK LIGHTS ON,NO CONTROLS,NONE DETECTED,,C32C1DAD-6BD0-4ED3-9801-EB9515BBE959,Yes,NO APPARENT INJURY,"RAIN, SNOW, WET",NOT DISTRACTED,PA,1F8391FA-5DCD-4A0D-ABAB-4B712D3CC294,SUPERFICIAL,TWELVE OCLOCK,PASSENGER CAR,MOVING CONSTANT SPEED,North,45,No,No,2018,CHEVY,SPARK,39.19635833,-77.26518667,"(39.19635833, -77.26518667)"
MCP3030007W,250019135,MONTGOMERY,Property Damage Crash,05/01/2025 06:29:00 PM,County Route,,,,,,"Sideswipe, Same Direction",Clear,Dry,Daylight,No Controls,"Not Suspect of Alcohol Use, Not Suspect of Drug Use",,1B1FBA25-4FB5-4656-8977-FC25F41BC669,No,No Apparent Injury,,Unknown,MD,EF1C632E-7A8D-470A-8040-B0384AD8C260,Superficial,Twelve O Clock,Bus - Transit,Moving Constant Speed,Southbound,35,No,No,2011,GILLIG,LOW FLOOR BUS,38.9857002,-77.09706199,"(38.9857002, -77.09706199)"
MCP2964004F,200007847,Montgomery County Police,Injury Crash,02/16/2020 05:28:00 PM,County,FATHER HURLEY BLVD,EISENHOWER MEMORIAL HWY,,N/A,,SAME DIR REAR END,CLEAR,DRY,DAYLIGHT,N/A,NONE DETECTED,,FF5A46DA-647D-4B3E-8976-FAF5ECEA1B94,Yes,NO APPARENT INJURY,N/A,NOT DISTRACTED,MD,FA9ED6F2-B231-4959-9FA7-54912817E3F9,DISABLING,TWELVE OCLOCK,PASSENGER CAR,MOVING CONSTANT SPEED,South,45,No,No,2019,NISSAN,ALTIMA,39.19886667,-77.26126333,"(39.19886667, -77.26126333)"
DD5522004P,210007671,Rockville Police Departme,Property Damage Crash,03/01/2021 05:02:00 AM,Maryland (State),HUNGERFORD DR,N WASHINGTON ST,,ROCKVILLE,,STRAIGHT MOVEMENT ANGLE,RAINING,WET,DARK LIGHTS ON,FLASHING TRAFFIC SIGNAL,NONE DETECTED,,355B717D-FCBE-44A6-8C39-54977F392B71,No,NO APPARENT INJURY,"RAIN, SNOW, WET",NOT DISTRACTED,MD,F2ED9E9F-312E-4625-A8CE-94C2999CAD96,FUNCTIONAL,TWELVE OCLOCK,PICKUP TRUCK,MOVING CONSTANT SPEED,South,40,No,No,2002,NISSAN,FRONTIER,39.09185665,-77.15333399,"(39.09185665, -77.15333399)"
MCP3192001W,210016281,Montgomery County Police,Property Damage Crash,05/01/2021 04:29:00 PM,County,HENDERSON AVE,COOK CT,,N/A,,SAME DIRECTION SIDESWIPE,CLEAR,DRY,DAYLIGHT,NO CONTROLS,NONE DETECTED,,06FE7168-3560-4629-BA24-ACE3EA4D6309,Yes,NO APPARENT INJURY,N/A,UNKNOWN,MD,BC4F2379-A96F-45BC-981F-AC52D9170CCB,DISABLING,ONE OCLOCK,PASSENGER CAR,MOVING CONSTANT SPEED,North,25,No,No,2013,HONDA,ACCORD,39.05390383,-77.06139833,"(39.05390383, -77.06139833)"
MCP2872001S,170500301,Montgomery County Police,Injury Crash,04/04/2017 08:15:00 AM,Maryland (State),MIDCOUNTY HWY,MONTGOMERY VILLAGE AVE,,N/A,,HEAD ON LEFT TURN,CLOUDY,WET,DAWN,TRAFFIC SIGNAL,NONE DETECTED,,0270F296-A5FC-45F7-856A-C3EE12F3504F,Yes,SUSPECTED MINOR INJURY,"N/A, WET",NOT DISTRACTED,MD,EF173200-6F2F-4581-9C38-C87FFED08957,DISABLING,TWO OCLOCK,PASSENGER CAR,MAKING LEFT TURN,South,35,No,No,2001,HOND,TK,39.16003263,-77.20203951,"(39.16003263, -77.20203951)"
MCP2305002C,220033427,Montgomery County Police,Property Damage Crash,08/04/2022 12:27:00 AM,Maryland (State),DAMASCUS RD,CHROME MINE RD,,N/A,,SINGLE VEHICLE,N/A,DRY,DARK NO LIGHTS,NO CONTROLS,N/A,,79CCD55B-F21C-4900-A21D-2D78A7FE1676,No,NO APPARENT INJURY,N/A,NOT DISTRACTED,MD,478FA1B7-5F57-4C3A-A9C6-810226F51037,SUPERFICIAL,ELEVEN OCLOCK,POLICE VEHICLE/NON EMERGENCY,MOVING CONSTANT SPEED,West,40,No,No,2014,FORD,EXPLORER,39.26208,-77.14970167,"(39.26208, -77.14970167)"
EJ7889000F,210006712,Gaithersburg Police Depar,Property Damage Crash,02/21/2021 07:45:00 PM,County,SAM EIG HWY,RAMP 1 FR WASH. BLVD TO SAM EIG HWY WB,,N/A,,SAME DIR REAR END,CLEAR,DRY,DARK LIGHTS ON,NO CONTROLS,NONE DETECTED,,A02CF5B9-7F0B-4B75-B6AC-46360F6ADCF0,Yes,NO APPARENT INJURY,N/A,LOOKED BUT DID NOT SEE,MD,A837FF63-3717-4E07-9C63-32B123FC99D6,DISABLING,TWELVE OCLOCK,PASSENGER CAR,ACCELERATING,East,45,No,No,2005,CHEVY,COBALT,39.11855973,-77.20463107,"(39.11855973, -77.20463107)"
MCP29810010,16056329,Montgomery County Police,Property Damage Crash,11/01/2016 05:45:00 PM,Maryland (State),RIVER RD,LITTLE FALLS PKWY,,N/A,,SAME DIRECTION LEFT TURN,CLEAR,DRY,DAYLIGHT,N/A,UNKNOWN,,3F20A414-59A5-45A0-A37F-9451F4486F7E,Yes,NO APPARENT INJURY,N/A,NOT DISTRACTED,MD,96E754D9-01D8-43C3-8382-AFD24FC6861A,FUNCTIONAL,ONE OCLOCK,PASSENGER CAR,SLOWING OR STOPPING,East,35,No,No,1998,HONDA,CRV,38.96329949,-77.10148081,"(38.96329949, -77.10148081)"
MCP3059005T,210010385,Montgomery County Police,Injury Crash,03/19/2021 05:06:00 PM,Maryland (State),FREDERICK RD,SCENERY DR,,N/A,,STRAIGHT MOVEMENT ANGLE,CLEAR,DRY,DAYLIGHT,STOP SIGN,NONE DETECTED,,AB1BC8FE-5B06-4596-A6CA-15304D77FFA3,No,POSSIBLE INJURY,N/A,NOT DISTRACTED,MD,F78545CA-9046-4D82-A31F-5118B1518900,DESTROYED,TWELVE OCLOCK,PASSENGER CAR,MOVING CONSTANT SPEED,West,45,No,No,2003,TOYOTA,MATRIX,39.17576167,-77.2381,"(39.17576167, -77.2381)"
MCP15630028,16011775,MONTGOMERY,Property Damage Crash,03/09/2016 07:28:00 PM,Maryland (State),WISCONSIN AVE,WISCONSIN CIR,,N/A,,SAME DIR REAR END,CLEAR,DRY,DARK LIGHTS ON,TRAFFIC SIGNAL,NONE DETECTED,,B8740532-275F-4B7E-A2BB-3864056D33FD,Yes,NO APPARENT INJURY,N/A,INATTENTIVE OR LOST IN THOUGHT,MD,7F5510CE-9D6A-4E9A-97A8-A307DC2A14A1,FUNCTIONAL,TWELVE OCLOCK,TRANSIT BUS,STARTING FROM LANE,South,35,No,No,2002,ORION,BUS,38.96226333,-77.08623333,"(38.96226333, -77.08623333)"
MCP25830045,240020732,MONTGOMERY,Property Damage Crash,05/02/2024 02:59:00 PM,Municipality Route,HOSKINSON RD,,,,,Single Vehicle,Clear,Dry,Daylight,No Controls,"Unknown, Unknown",,6EA94E6A-C32E-42E5-AFB7-41875DFB398C,No,No Apparent Injury,,,,98862473-8C06-4FB2-88DA-B8A5429179C9,Vehicle Not at Scene,Vehicle Not at Scene,Sport Utility Vehicle,Backing,Northbound,25,No,No,2009,TOYOTA,4-RUNNER,39.14209147,-77.41178448,"(39.14209147, -77.41178448)"
MCP3334002G,240011478,MONTGOMERY,Property Damage Crash,03/09/2024 07:55:00 PM,Maryland (State) Route,GEORGIA AVE (SB/L),,,,,Front to Rear,Rain,Wet,Dark - Lighted,Traffic Control Signal,"Unknown, Unknown",,955AF834-DD2A-4E96-95B6-80C609F90D89,Yes,,,,,D7B06BD3-9F5D-4691-8533-CA8491F4E501,Vehicle Not at Scene,Vehicle Not at Scene,Passenger Car,,Southbound,35,No,No,2016,TOYOTA,CAMRY,39.01568652,-77.04271498,"(39.01568652, -77.04271498)"
MCP289200DG,230004486,Montgomery County Police,Property Damage Crash,01/27/2023 02:00:00 PM,Maryland (State),CLOPPER RD,GERMANTOWN RD,,N/A,,SAME DIR REAR END,CLEAR,DRY,DAYLIGHT,TRAFFIC SIGNAL,NONE DETECTED,,4795719B-C22B-4B71-B3D1-AB41D27B8A32,No,NO APPARENT INJURY,N/A,NOT DISTRACTED,MD,4E7D6A01-15F7-4C57-8608-5CEF95D9FE49,SUPERFICIAL,TWELVE OCLOCK,PASSENGER CAR,STOPPED IN TRAFFIC LANE,West,35,No,No,2006,HOND,SU,39.162757,-77.28280628,"(39.162757, -77.28280628)"
MCP3162005J,240037026,MONTGOMERY,Property Damage Crash,08/06/2024 10:15:00 AM,County Route,TILTON DR,,,,,Rear To Side,Clear,Dry,Daylight,No Controls,"Not Suspect of Alcohol Use, Not Suspect of Drug Use",,7342ECE8-6643-4CF4-B07B-6488DC21842D,No,No Apparent Injury,Failed to Yield Right-of-Way,Not Distracted,MD,24CA6719-1598-4727-A35C-97E02FC34566,Functional,Eleven O Clock,Passenger Car,Turning Left,,25,No,No,2015,LEXUS,RX,39.01838972,-77.04368161,"(39.01838972, -77.04368161)"
EJ78260015,P16009058,Gaithersburg Police Depar,Injury Crash,02/23/2016 12:41:00 PM,County,MUDDY BRANCH RD,SUFFIELD DR,,GAITHERSBURG,,STRAIGHT MOVEMENT ANGLE,RAINING,WET,DAYLIGHT,STOP SIGN,N/A,,2788D19D-82CD-42D9-B51D-BD2ABFD76EE5,No,SUSPECTED MINOR INJURY,"N/A, WET",NOT DISTRACTED,MD,EB760FC7-9AAC-45C0-9A87-FA7E9AA4EC8B,DISABLING,FOUR OCLOCK,PASSENGER CAR,MOVING CONSTANT SPEED,North,45,No,No,2016,MERZ,CLA250,39.1125,-77.21644667,"(39.1125, -77.21644667)"
MCP3119001P,190043468,Montgomery County Police,Property Damage Crash,09/11/2019 09:25:00 AM,County,STEDWICK RD,DUNBRIDGE WAY,,N/A,,SINGLE VEHICLE,CLEAR,DRY,DAYLIGHT,PERSON,NONE DETECTED,,F933EF96-A6EB-4836-B054-9EF1D94E9831,Yes,NO APPARENT INJURY,N/A,NOT DISTRACTED,MD,86511427-D489-4D4E-BE3C-4BF089F6C34F,NO DAMAGE,FOUR OCLOCK,SCHOOL BUS,MAKING RIGHT TURN,North,25,No,No,2019,THOMAS,BUS,39.1747255,-77.2119385,"(39.1747255, -77.2119385)"
MCP2968005J,240016291,MONTGOMERY,Property Damage Crash,04/08/2024 07:52:00 AM,County Route,CATTAIL RD,CATTAIL LA,,,,Angle,Clear,Dry,Daylight,No Controls,"Not Suspect of Alcohol Use, Not Suspect of Drug Use",,01A27168-F6B1-427E-8C5E-0025CA3ED7A6,No,No Apparent Injury,,Not Distracted,MD,22659B89-84E4-4EF2-961F-97D2D46ABD17,Disabling,Twelve O Clock,Passenger Car,Moving Constant Speed,,35,No,No,2005,NISSAN,MAXIMA,39.15495672,-77.38982734,"(39.15495672, -77.38982734)"
MCP2298006B,15050648,MONTGOMERY,Property Damage Crash,10/06/2015 04:08:00 PM,Maryland (State),WOODFIELD RD,MOYER RD,,N/A,,SAME DIR REAR END,CLEAR,DRY,DAYLIGHT,NO CONTROLS,NONE DETECTED,,2F94D629-C979-4A67-BBAF-04B045386640,Yes,NO APPARENT INJURY,N/A,LOOKED BUT DID NOT SEE,MD,1CF2E7FA-3264-4189-BF37-E8BC85DF586A,DISABLING,TWELVE OCLOCK,PASSENGER CAR,MOVING CONSTANT SPEED,North,40,No,No,2005,SCIO,XA,39.26609833,-77.20488667,"(39.26609833, -77.20488667)"
MCP2932002F,180049150,Montgomery County Police,Property Damage Crash,10/02/2018 03:58:00 AM,Maryland (State),GEORGIA AVE,COLESVILLE RD,,N/A,,SAME DIRECTION RIGHT TURN,CLEAR,N/A,DARK LIGHTS ON,TRAFFIC SIGNAL,NONE DETECTED,,90B07E33-C0E2-431F-A474-9D24206100E5,No,NO APPARENT INJURY,N/A,NOT DISTRACTED,WV,0A031CB7-B2F1-45B9-A612-A7E06F0D0F18,SUPERFICIAL,ELEVEN OCLOCK,TRANSIT BUS,MOVING CONSTANT SPEED,South,35,No,No,2009,NEW FLYER,DE62LFA,38.99626167,-77.02854833,"(38.99626167, -77.02854833)"
EJ7880000S,200027825,Gaithersburg Police Depar,Injury Crash,07/17/2020 07:57:00 PM,,,,VEHICLE STRUCK PED IN PARKING LOT AND FLED,,PEDESTRIAN,SINGLE VEHICLE,CLEAR,,DAYLIGHT,NO CONTROLS,UNKNOWN,NONE DETECTED,958D446B-BB97-4F40-81AA-FB166D19099C,Yes,NO APPARENT INJURY,N/A,UNKNOWN,,1AC57646-636D-49F7-ABC7-2E538330BDD2,UNKNOWN,SIX OCLOCK,,BACKING,North,10,No,No,0,UNKNOWN,UNKNOWN,39.14407711,-77.19320816,"(39.14407711, -77.19320816)"
MCP3233001Z,210038432,Montgomery County Police,Property Damage Crash,09/28/2021 04:30:00 PM,,,,PARKING LOT OF 10141 COLESVILLE ROAD,,,SAME DIR REAR END,CLEAR,,DAYLIGHT,NO CONTROLS,UNKNOWN,,E7A99474-16A2-46BE-B0AC-06080EF1A6AD,Yes,NO APPARENT INJURY,N/A,UNKNOWN,,561D7BC4-1CDF-4E6C-BE8E-B44DE2DF9866,UNKNOWN,ONE OCLOCK,PASSENGER CAR,PARKING,Unknown,0,No,No,2007,HONDA,ODYESSY,39.03522067,-77.00130133,"(39.03522067, -77.00130133)"
EJ7826001W,170500037,Gaithersburg Police Depar,Property Damage Crash,04/02/2017 01:20:00 PM,Maryland (State),S FREDERICK RD,EDUCATION BLVD,,GAITHERSBURG,,SINGLE VEHICLE,CLEAR,DRY,DAYLIGHT,TRAFFIC SIGNAL,N/A,,C593E843-5083-410D-BAFD-B6415466FE72,No,NO APPARENT INJURY,N/A,NOT DISTRACTED,MD,A32C9831-ACCE-4196-8304-3C8BBC851D79,FUNCTIONAL,TWELVE OCLOCK,PASSENGER CAR,SLOWING OR STOPPING,South,30,No,No,2008,DODGE,AVENGER,39.13643833,-77.192795,"(39.13643833, -77.192795)"
MCP2365002L,220009189,Montgomery County Police,Property Damage Crash,03/03/2022 09:15:00 AM,,,,12000 CHERRY HILL ROAD,,,SAME DIRECTION SIDESWIPE,CLEAR,,DAYLIGHT,NO CONTROLS,UNKNOWN,,407843D1-191C-4811-878F-0E23896E99C1,Yes,NO APPARENT INJURY,N/A,UNKNOWN,,26783E59-5883-4701-A90B-2450C7D86B51,UNKNOWN,THREE OCLOCK,PASSENGER CAR,PARKING,East,25,No,No,2016,HONDA,ODYSSEY,39.05221395,-76.95588823,"(39.05221395, -76.95588823)"
MCP2361000X,180037410,Montgomery County Police,Injury Crash,07/28/2018 10:37:00 AM,Maryland (State),WOODFIELD RD,EMORY GROVE RD,,N/A,,SINGLE VEHICLE,CLEAR,DRY,DAYLIGHT,TRAFFIC SIGNAL,NONE DETECTED,,8B474EBE-ABA1-4CA0-AB97-3F9E125989F7,Yes,SUSPECTED MINOR INJURY,N/A,NOT DISTRACTED,MD,DE5D20B0-3FDE-4EA9-B38F-1C2753371FA2,DISABLING,TWELVE OCLOCK,MOTORCYCLE,ACCELERATING,North,45,No,No,2007,DUCATI,1098R,39.15272167,-77.17146667,"(39.15272167, -77.17146667)"
MCP3368001L,230051760,Montgomery County Police,Property Damage Crash,08/28/2023 07:30:00 AM,,,,DRIVEWAY OF 218 CAULFIELD LANE,,,OTHER,CLEAR,,DAYLIGHT,NO CONTROLS,NONE DETECTED,,2F1D2415-C7D7-4B0E-9E58-A73DC2E7CB5B,Yes,NO APPARENT INJURY,N/A,UNKNOWN,VA,8C3A05B6-03EA-4EEF-AF5A-593667693263,FUNCTIONAL,SIX OCLOCK,PASSENGER CAR,BACKING,North,25,No,No,2017,MERCEDES BENZ,GLE,39.1450465,-77.22998083,"(39.1450465, -77.22998083)"
DD5648001X,230015761,Rockville Police Departme,Injury Crash,04/02/2023 10:46:00 AM,Municipality,FLEET ST,MONROE ST,,ROCKVILLE,,STRAIGHT MOVEMENT ANGLE,CLEAR,DRY,DAYLIGHT,TRAFFIC SIGNAL,NONE DETECTED,,3ED78AFE-A5D2-4E41-9147-5F2C4063D22C,Unknown,SUSPECTED MINOR INJURY,N/A,UNKNOWN,MD,28E60D2A-7A8E-44AE-8F3F-EF97078B2DEE,FUNCTIONAL,TEN OCLOCK,PASSENGER CAR,MAKING LEFT TURN,North,30,No,No,2022,DODGE,CHARGER,39.0807354,-77.15005649,"(39.0807354, -77.15005649)"
MCP3080001D,180060855,Montgomery County Police,Property Damage Crash,12/05/2018 04:03:00 PM,,,,PARKING LOT LOCATED IN FRONT OF 21 PINE RIDGE CT,,,SAME DIRECTION SIDESWIPE,CLEAR,,UNKNOWN,N/A,UNKNOWN,,B479B752-0A60-43CE-AD5E-56C806BB092A,Yes,NO APPARENT INJURY,N/A,UNKNOWN,,BB0032CF-2FC2-47B3-AE02-C8885BA56EFF,UNKNOWN,TWELVE OCLOCK,,ACCELERATING,Unknown,25,Unknown,No,0,UNKNOWN,UNKNOWN,39.16509039,-77.26995572,"(39.16509039, -77.26995572)"
MCP2939002K,180023229,Montgomery County Police,Injury Crash,05/11/2018 05:37:00 PM,Interstate (State),EISENHOWER MEMORIAL HWY,EXIT #16,,N/A,,SAME DIR REAR END,CLEAR,DRY,DAYLIGHT,NO CONTROLS,NONE DETECTED,,32D53D22-A9D5-4E07-A6EA-0E517E087040,No,POSSIBLE INJURY,N/A,NOT DISTRACTED,MD,612A0C08-E27A-4896-AEC7-7199B913E325,FUNCTIONAL,SIX OCLOCK,PASSENGER CAR,STOPPED IN TRAFFIC LANE,North,55,No,No,2018,DODGE,CARAVAN,39.20021333,-77.26574833,"(39.20021333, -77.26574833)"
MCP229800L9,180054393,Montgomery County Police,Injury Crash,10/30/2018 03:41:00 PM,County,STRINGTOWN RD,ST CLAIR RD,,N/A,,SAME DIRECTION SIDESWIPE,CLEAR,DRY,DAYLIGHT,N/A,NONE DETECTED,,2F463DF8-A4EA-46B9-8DD4-6202E43EEF9F,Yes,POSSIBLE INJURY,N/A,NOT DISTRACTED,MD,4206841D-0030-4A99-BE89-BD46355E1A1A,DESTROYED,ONE OCLOCK,(SPORT) UTILITY VEHICLE,ACCELERATING,North,35,No,No,1997,CHEVY,SUBURBAN,39.23162457,-77.28303737,"(39.23162457, -77.28303737)"
MCP2846007R,220010872,Montgomery County Police,Injury Crash,03/13/2022 08:35:00 PM,Maryland (State),VEIRS MILL RD,ENNALLS AVE,,N/A,,STRAIGHT MOVEMENT ANGLE,CLEAR,WET,DARK LIGHTS ON,NO CONTROLS,NONE DETECTED,,71AE4447-53AD-4BC2-BAB1-933DEE128BE5,No,NO APPARENT INJURY,N/A,NOT DISTRACTED,MD,371B9E4E-DE28-4E21-ADF6-B75332EBBFA6,DESTROYED,TWELVE OCLOCK,PASSENGER CAR,MOVING CONSTANT SPEED,West,35,No,No,2011,TOYT,COROLLA,39.03943632,-77.05421464,"(39.03943632, -77.05421464)"
MCP3058002L,190007245,Montgomery County Police,Property Damage Crash,02/14/2019 04:03:00 PM,Maryland (State),RIVER RD,PENNYFIELD LOCK RD,,N/A,,STRAIGHT MOVEMENT ANGLE,CLOUDY,DRY,DAYLIGHT,STOP SIGN,NONE DETECTED,,FE914AB7-AB10-422E-A6C5-E5619412A531,Yes,NO APPARENT INJURY,N/A,LOOKED BUT DID NOT SEE,MD,2857EA49-CFDB-4CCF-AEB9-8D1479742729,DISABLING,TEN OCLOCK,PASSENGER CAR,MAKING RIGHT TURN,South,50,No,No,2009,DODGE,CHALLENGER,39.06223667,-77.28438667,"(39.06223667, -77.28438667)"
EJ78330024,16036255,Gaithersburg Police Depar,Property Damage Crash,07/17/2016 07:30:00 PM,,,,PARKING LOT IN FRONT OF 7 TRENTO COURT,,,STRAIGHT MOVEMENT ANGLE,CLOUDY,,DAYLIGHT,NO CONTROLS,NONE DETECTED,,9D662B06-DDC3-4DB6-9D99-87CA4ABA9CD1,Yes,NO APPARENT INJURY,N/A,NOT DISTRACTED,MD,7BCAF950-1371-41F8-9E03-8D3C031C59C6,SUPERFICIAL,SIX OCLOCK,PASSENGER CAR,BACKING,East,10,No,No,1997,TOYOTA,CAMRY,39.14759333,-77.19272333,"(39.14759333, -77.19272333)"
MCP2395000Y,180009746,Montgomery County Police,Injury Crash,02/25/2018 02:31:00 PM,Maryland (State),DARNESTOWN RD,BEALLSVILLE RD,,N/A,,HEAD ON LEFT TURN,N/A,WET,DAYLIGHT,NO CONTROLS,NONE DETECTED,,548C71BC-D00A-4FAF-9E98-073AC7655B8E,Yes,POSSIBLE INJURY,"N/A, WET",UNKNOWN,MD,80B68260-8465-4BA6-92BD-9DDA0F4A8C0E,DISABLING,ONE OCLOCK,PASSENGER CAR,MAKING LEFT TURN,South,30,No,No,2006,MAZ,3,39.17888333,-77.412185,"(39.17888333, -77.412185)"
MCP211600BV,200002134,Montgomery County Police,Property Damage Crash,01/13/2020 02:31:00 PM,County,TWINBROOK PKWY,FISHERS LA,,N/A,,SINGLE VEHICLE,CLEAR,DRY,DAYLIGHT,TRAFFIC SIGNAL,NONE DETECTED,,10236DD8-7B48-4076-80B8-0503C00929B7,Yes,NO APPARENT INJURY,N/A,NOT DISTRACTED,MD,54E3692B-6F91-4D1A-8960-89ECFFAC1BA5,DISABLING,TWELVE OCLOCK,PASSENGER CAR,MAKING LEFT TURN,West,35,No,No,2012,HONDA,TK,39.06265,-77.11658167,"(39.06265, -77.11658167)"
MCP3222002M,230069140,Montgomery County Police,Injury Crash,11/30/2023 03:41:00 PM,Maryland (State),BRADLEY BLVD,ENT TO SCHOOL,,N/A,,SAME DIR REAR END,CLEAR,DRY,DAYLIGHT,NO CONTROLS,NONE DETECTED,,8533DF45-DCEF-4831-BD47-47B7ED920180,No,POSSIBLE INJURY,N/A,NOT DISTRACTED,MD,E4552654-0255-41FF-BDD2-994A93589AB0,SUPERFICIAL,SIX OCLOCK,PASSENGER CAR,STOPPED IN TRAFFIC LANE,South,35,No,No,2009,INFINITI,GX90,39.01193683,-77.155767,"(39.01193683, -77.155767)"
MCP28130010,15019367,Montgomery County Police,Property Damage Crash,04/13/2015 01:38:00 PM,County,AMHERST AVE,BLUERIDGE AVE,,N/A,,SAME DIRECTION SIDESWIPE,CLEAR,DRY,DAYLIGHT,NO CONTROLS,N/A,,9E091A25-B8ED-4338-BFCF-62B6A913EE19,No,NO APPARENT INJURY,N/A,NOT DISTRACTED,MD,DA4A76F5-07F7-4C05-9834-5125704077FE,SUPERFICIAL,ELEVEN OCLOCK,PASSENGER CAR,PARKED,,0,No,Yes,2005,CHEV,COLBOLT,39.04310833,-77.04792,"(39.04310833, -77.04792)"
DD5527002S,190045834,Rockville Police Departme,Property Damage Crash,09/24/2019 06:20:00 PM,Maryland (State),VEIRS MILL RD,ATLANTIC AVE,,ROCKVILLE,,OTHER,CLEAR,DRY,DAYLIGHT,TRAFFIC SIGNAL,NONE DETECTED,,4DAAC0E6-2C10-468E-BFDA-0096E10DCA7F,No,NO APPARENT INJURY,N/A,NOT DISTRACTED,MD,E529CF92-0DFD-4B08-9761-5F4E691C1FE5,FUNCTIONAL,SIX OCLOCK,PASSENGER CAR,MOVING CONSTANT SPEED,West,30,No,No,2018,VOLKSWAGON,4DR,39.074915,-77.11546,"(39.074915, -77.11546)"
MCP1020003P,180047853,Montgomery County Police,Injury Crash,09/25/2018 09:55:00 AM,Maryland (State),FREDERICK RD,FOREMAN BLVD,,N/A,,SAME DIR REAR END,RAINING,WET,DAYLIGHT,TRAFFIC SIGNAL,NONE DETECTED,,AFC23091-11E9-41FF-A2CA-233D2757CCBE,Yes,POSSIBLE INJURY,"N/A, RAIN, SNOW",NOT DISTRACTED,MD,4FD3EB04-1F94-4439-A9B1-717C7DE5ED6C,SUPERFICIAL,TWELVE OCLOCK,PASSENGER CAR,ACCELERATING,South,40,No,No,2007,PONT,4S,39.228361,-77.26652967,"(39.228361, -77.26652967)"
EJ7836000Z,170543079,Gaithersburg Police Depar,Injury Crash,11/15/2017 10:08:00 AM,County,MUDDY BRANCH RD,W DEER PARK RD,,GAITHERSBURG,,OTHER,CLEAR,DRY,DARK LIGHTS ON,TRAFFIC SIGNAL,N/A,,341DA812-AE5E-4D4E-B1B4-A3542D5231F4,No,NO APPARENT INJURY,N/A,NOT DISTRACTED,MD,0FE52FAA-A457-462D-BF6A-9D48103A017E,SUPERFICIAL,EIGHT OCLOCK,PASSENGER CAR,SLOWING OR STOPPING,West,45,No,No,2004,NISSAN,VN,39.13479188,-77.20571212,"(39.13479188, -77.20571212)"
MCP2372004J,220025331,Montgomery County Police,Injury Crash,06/13/2022 09:37:00 AM,Interstate (State),CABIN JOHN PKWY,BEGIN BRIDGE,,N/A,,SINGLE VEHICLE,CLEAR,DRY,DAYLIGHT,NO CONTROLS,NONE DETECTED,,27DA6AE8-CE97-4A3A-BA98-321540544CC0,Yes,SUSPECTED MINOR INJURY,N/A,BY MOVING OBJECT IN VEHICLE,MD,683EAF72-D237-410A-90EF-ECFEFABDE119,DISABLING,TWELVE OCLOCK,(SPORT) UTILITY VEHICLE,MOVING CONSTANT SPEED,South,55,No,No,2020,TOYOTA,RAV4,38.98011883,-77.15450917,"(38.98011883, -77.15450917)"
MCP3168000X,190035065,Montgomery County Police,Property Damage Crash,07/23/2019 08:00:00 PM,,,,"AT SUNOCO GAS STATION LOCATED AT 8240 WISCONSIN AVE, BETHESDA MD 20814",,,OTHER,CLEAR,,DAYLIGHT,NO CONTROLS,NONE DETECTED,,56DBD951-F3FF-4E57-84C6-3369B28652F9,Yes,NO APPARENT INJURY,N/A,LOOKED BUT DID NOT SEE,OH,4C9E97F1-9439-4C0F-B6DC-F71DA584953E,FUNCTIONAL,SIX OCLOCK,PASSENGER CAR,BACKING,South,5,No,No,2013,ACURA,ILX,38.99156402,-77.09598444,"(38.99156402, -77.09598444)"