Report Number,Local Case Number,Agency Name,ACRS Report Type,Crash Date/Time,Route Type,Road Name,Cross-Street Name,Off-Road Description,Municipality,Related Non-Motorist,Collision Type,Weather,Surface Condition,Light,Traffic Control,Driver Substance Abuse,Non-Motorist Substance Abuse,Person ID,Driver At Fault,Injury Severity,Circumstance,Driver Distracted By,Drivers License State,Vehicle ID,Vehicle Damage Extent,Vehicle First Impact Location,Vehicle Body Type,Vehicle Movement,Vehicle Going Dir,Speed Limit,Driverless Vehicle,Parked Vehicle,Vehicle Year,Vehicle Make,Vehicle Model,Latitude,Longitude,Location
MCP2291008N,250020634,MONTGOMERY,Injury Crash,05/10/2025 03:43:00 PM,Maryland (State) Route,,,,,,Front to Front,Clear,Dry,Daylight,No Controls,"Not Suspect of Alcohol Use, Not Suspect of Drug Use",,A4518DBB-8A7E-467A-A790-57746DDF4D08,No,Suspected Minor Injury,,Not Distracted,MD,BDBD0F4C-9F4B-4E7D-8AFF-739C585ADFE8,Disabling,Twelve O Clock,Sport Utility Vehicle,Moving Constant Speed,Northbound,35,No,No,2017,HONDA,CR-V,39.0211515,-77.20779367,"(39.0211515, -77.20779367)"
MCP26710038,220035356,Montgomery County Police,Property Damage Crash,08/17/2022 04:00:00 PM,US (State),GEORGIA AVE,WAYNE AVE,,N/A,,SAME DIRECTION SIDESWIPE,N/A,DRY,DAYLIGHT,TRAFFIC SIGNAL,N/A,,C9081C9F-AFF5-43C1-9A88-520D4EAA44AC,Yes,NO APPARENT INJURY,N/A,NOT DISTRACTED,,463C3225-F8F1-4CD8-B383-D84097F203E7,FUNCTIONAL,EIGHT OCLOCK,PASSENGER CAR,CHANGING LANES,North,35,No,No,2021,CHEVROLET,MALIBU,38.994335,-77.026715,"(38.994335, -77.026715)"
MCP3048001P,170531110,Montgomery County Police,Property Damage Crash,09/17/2017 12:40:00 PM,Maryland (State),MASSACHUSETTS AVE,JAMESTOWN RD,,N/A,,SAME DIRECTION SIDESWIPE,CLEAR,DRY,DAYLIGHT,TRAFFIC SIGNAL,NONE DETECTED,,1959D502-7669-46DD-8BCE-5427E3DC1ED3,Yes,NO APPARENT INJURY,N/A,LOOKED BUT DID NOT SEE,DC,9DC699B4-C9B4-429B-A382-580B9D0A4CA3,FUNCTIONAL,ELEVEN OCLOCK,PASSENGER CAR,MOVING CONSTANT SPEED,East,35,No,No,2003,TOYOTA,COROLLA,38.95010667,-77.10183833,"(38.95010667, -77.10183833)"
MCP23390022,17001866,Montgomery County Police,Property Damage Crash,01/11/2017 05:26:00 PM,Maryland (State),NORBECK RD,GEORGIA AVE,,N/A,,SAME DIRECTION SIDESWIPE,CLEAR,DRY,DARK LIGHTS ON,TRAFFIC SIGNAL,NONE DETECTED,,CB8AE88F-D913-47CE-B915-80AD9040BA1B,No,NO APPARENT INJURY,N/A,NOT DISTRACTED,MD,98CB5134-ACE0-4D80-8E64-5F761A9158F3,FUNCTIONAL,ELEVEN OCLOCK,VAN,MOVING CONSTANT SPEED,West,35,No,No,1997,FORD,ECONOLINE 350,39.109727,-77.076159,"(39.109727, -77.076159)"
MCP28590094,200023156,Montgomery County Police,Injury Crash,06/12/2020 06:30:00 PM,County,SAM EIG HWY,FIELDS RD,,N/A,,SAME DIRECTION SIDESWIPE,CLEAR,DRY,DAYLIGHT,TRAFFIC SIGNAL,NONE DETECTED,,EFC3F987-6201-4AD0-B772-CDDFD0CAEABC,Yes,POSSIBLE INJURY,N/A,UNKNOWN,MD,4C6F8C2A-6478-49C9-9274-F90380AAFC60,FUNCTIONAL,TWO OCLOCK,PASSENGER CAR,CHANGING LANES,South,35,No,No,2005,HOND,CRV,39.11616667,-77.208625,"(39.11616667, -77.208625)"
MCP27670080,200011863,Montgomery County Police,Injury Crash,03/09/2020 02:00:00 PM,,,,"DRIVEWAY TO RANDOLPH ROAD FROM PARKING LOT OF 17 RANDOLPH ROAD, SILVER SPRING MD 20904",,PEDESTRIAN,SINGLE VEHICLE,CLEAR,,DAYLIGHT,NO CONTROLS,UNKNOWN,UNKNOWN,CC41333D-6ED3-4A55-BA69-52847AD54812,Yes,NO APPARENT INJURY,N/A,LOOKED BUT DID NOT SEE,MD,732E9E8E-79FF-4D70-9651-7E7A760D3F0B,UNKNOWN,ONE OCLOCK,PASSENGER CAR,MAKING RIGHT TURN,West,0,No,No,2016,CHEVROLET,CAMARO,39.07585768,-77.00238284,"(39.07585768, -77.00238284)"
DD5607002N,190007681,Rockville Police Departme,Property Damage Crash,02/17/2019 03:14:00 AM,Maryland (State),FIRST ST,VEIRS MILL RD,,N/A,,HEAD ON LEFT TURN,CLEAR,DRY,DARK LIGHTS ON,TRAFFIC SIGNAL,NONE DETECTED,,F5F0F83C-971E-4ECF-8C23-A8DC2A453E38,No,NO APPARENT INJURY,N/A,NOT DISTRACTED,DC,E0F8B865-22E4-4CE8-8084-202350876CBD,FUNCTIONAL,TWO OCLOCK,PASSENGER CAR,STARTING FROM LANE,West,45,No,No,2006,HONDA,CIVIC,39.07992667,-77.13747,"(39.07992667, -77.13747)"
MCP23760017,220054692,Montgomery County Police,Property Damage Crash,12/10/2022 09:41:00 PM,,,,"7272 WISCONSIN AVE. BETHESDA, MD 20814
PARKING GARAGE, B1",,,OTHER,CLEAR,,DARK LIGHTS ON,NO CONTROLS,ALCOHOL CONTRIBUTED,,C97CDC24-D6EA-4519-B83D-68935B48A1D3,Yes,NO APPARENT INJURY,N/A,NOT DISTRACTED,MA,5F36B7B2-4D0E-41F2-83A8-0AFB645659EF,DISABLING,TWELVE OCLOCK,PICKUP TRUCK,BACKING,Unknown,0,No,No,2012,FORD,F150,38.982061,-77.093428,"(38.982061, -77.093428)"
MCP2868000T,15000944,Montgomery County Police,Property Damage Crash,01/06/2015 04:13:00 PM,County,BURBANK DR,THE CORRAL DR,,N/A,,SINGLE VEHICLE,BLOWING SNOW,ICE,DAYLIGHT,STOP SIGN,NONE DETECTED,,BA2827C6-2ECA-4255-96AC-C095FD092114,No,NO APPARENT INJURY,"ICY OR SNOW-COVERED, RAIN, SNOW",NOT DISTRACTED,US,9701E387-B814-4F38-99C3-6E9E80227D20,NO DAMAGE,ELEVEN OCLOCK,PASSENGER CAR,MOVING CONSTANT SPEED,West,10,No,No,2013,NISSAN,MSV,39.01712,-77.22163167,"(39.01712, -77.22163167)"
MCP32570059,220031670,Montgomery County Police,Property Damage Crash,07/23/2022 01:50:00 AM,County,NEBEL ST,OLD GEORGETOWN RD,,N/A,,OPPOSITE DIRECTION SIDESWIPE,CLEAR,N/A,DARK LIGHTS ON,NO CONTROLS,NONE DETECTED,,342578FE-EEB9-403D-BEF9-CE823C1A4278,Yes,NO APPARENT INJURY,N/A,TALKING OR LISTENING TO CELLULAR PHONE,VA,D0BE4B5E-6F16-4013-B349-300FF2E22A70,DISABLING,ELEVEN OCLOCK,PASSENGER CAR,MOVING CONSTANT SPEED,North,25,No,No,2002,HONDA,CRV,39.04682385,-77.08698901,"(39.04682385, -77.08698901)"
MCP2932008T,250031447,MONTGOMERY,Property Damage Crash,07/14/2025 09:53:00 PM,Maryland (State) Route,NEW HAMPSHIRE AVE,,,,,Front to Rear,Rain,Wet,Dark - Lighted,No Controls,"Not Suspect of Alcohol Use, Not Suspect of Drug Use",,28279E8B-3A96-410B-92B1-4E63F40E7672,No,No Apparent Injury,,Not Distracted,MD,F02ACD22-2B9E-4836-9127-9299689AC8C7,Disabling,Six O Clock,Passenger Car,Slowing or Stopping,Northbound,35,No,No,2018,HONDA,CIVIC,39.010815,-76.97908083,"(39.010815, -76.97908083)"
EJ7854000D,15009330,Gaithersburg Police Depar,Injury Crash,02/26/2015 10:42:00 PM,County,MIDCOUNTY HWY,WOODFIELD RD,,N/A,,STRAIGHT MOVEMENT ANGLE,CLEAR,DRY,DARK LIGHTS ON,TRAFFIC SIGNAL,NONE DETECTED,,851BA011-CBFE-4292-92EC-9F2FE6D98047,Yes,SUSPECTED MINOR INJURY,N/A,INATTENTIVE OR LOST IN THOUGHT,MD,535141BD-2DBB-4A63-B14E-5FB9CC486404,DISABLING,FOUR OCLOCK,PASSENGER CAR,MAKING LEFT TURN,East,50,No,No,1999,ACURA,TL,39.150715,-77.174305,"(39.150715, -77.174305)"
MCP3053000L,170539206,Montgomery County Police,Property Damage Crash,10/27/2017 04:20:00 PM,Maryland (State),GEORGIA AVE,INTERNATIONAL DR,,N/A,,SAME DIR REAR END,CLEAR,DRY,DAYLIGHT,TRAFFIC SIGNAL,N/A,,75081230-BAC9-4A1E-AF1D-4CDB81706034,No,NO APPARENT INJURY,N/A,NOT DISTRACTED,MD,93875A2D-C1B8-4019-9CC7-C7106448861E,SUPERFICIAL,SIX OCLOCK,PASSENGER CAR,MOVING CONSTANT SPEED,North,35,No,No,2013,TOYOTA,HIGHLANDER,39.10333167,-77.07665667,"(39.10333167, -77.07665667)"
MCP3228005M,240005625,MONTGOMERY,Property Damage Crash,01/29/2024 08:30:00 AM,Maryland (State) Route,16TH ST (SB/L),,,,,"Sideswipe, Same Direction",Clear,Dry,Daylight,No Controls,"Unknown, Unknown",,EC5AFB36-11C4-4901-BA65-9767955DE997,No,,,,,59747AC6-4E76-484B-9828-7BC1A822C28E,Vehicle Not at Scene,Vehicle Not at Scene,Passenger Car,Negotiating a Curve,Southbound,35,No,No,2014,KIA,OPTIMA,39.0068869,-77.04008864,"(39.0068869, -77.04008864)"
MCP2974005H,250011176,MONTGOMERY,Injury Crash,03/14/2025 10:16:00 AM,Maryland (State) Route,NEW HAMPSHIRE AVE (SB/L),VALLEY BROOK DR,,,,Front to Rear,Cloudy,Dry,Daylight,Traffic Control Signal,"Not Suspect of Alcohol Use, Not Suspect of Drug Use",,42EDC489-62A5-44FF-ACC9-A5CA3CB44EB0,Yes,No Apparent Injury,"Operated Motor Vehicle in Inattentive, Careless, Negligent, or Erratic Manner",Not Distracted,MD,68B3BCF8-08D0-47ED-BA2F-03A1FFF3B360,Functional,Twelve O Clock,Passenger Car,Accelerating,Southbound,40,No,No,2004,MERCEDES-BENZ,C-CLASS,39.05864453,-76.99785739,"(39.05864453, -76.99785739)"
MCP2016008L,250010601,MONTGOMERY,Property Damage Crash,03/11/2025 10:38:00 AM,County Route,MONTROSE RD (WB/L),,,,,Front to Rear,Clear,Dry,Daylight,No Controls,"Not Suspect of Alcohol Use, Not Suspect of Drug Use",,5FB6956F-82FC-49B3-8231-11D88B7455D1,No,No Apparent Injury,,Not Distracted,VA,8684733B-4157-489C-8602-6FD91614F953,Functional,Twelve O Clock,Passenger Car,Slowing or Stopping,Westbound,35,No,No,2002,TOYOTA,HIGHLANDER,39.05545583,-77.14802233,"(39.05545583, -77.14802233)"
MCP2116001C,15002552,Montgomery County Police,Injury Crash,01/16/2015 10:55:00 AM,Maryland (State),HUNGERFORD DR,COLLEGE PKWY,,ROCKVILLE,,STRAIGHT MOVEMENT ANGLE,CLEAR,DRY,DAYLIGHT,TRAFFIC SIGNAL,NONE DETECTED,,406D0CC1-75A1-4D6C-BC5D-0E2325C7EB36,No,SUSPECTED MINOR INJURY,N/A,NOT DISTRACTED,MD,7A2DE254-2A5E-460A-9CBD-4301DD16EA3C,DISABLING,TWELVE OCLOCK,PASSENGER CAR,STOPPED IN TRAFFIC LANE,North,40,No,No,2006,NISSAN,XTERA,39.103414,-77.155925,"(39.103414, -77.155925)"
MCP30190040,210038262,Montgomery County Police,Injury Crash,09/27/2021 03:45:00 PM,Maryland (State),ROCKVILLE PIKE,GROSVENOR LA,,N/A,,STRAIGHT MOVEMENT ANGLE,CLEAR,DRY,DAYLIGHT,TRAFFIC SIGNAL,N/A,,78C9930F-A5A3-43B2-8FCF-BAA848162876,No,POSSIBLE INJURY,N/A,NOT DISTRACTED,MD,B4937263-F844-4FDD-A6F9-66B0A42BEF52,DISABLING,TEN OCLOCK,PASSENGER CAR,MAKING LEFT TURN,West,45,No,No,2014,MAZD,4S,39.02210333,-77.10279833,"(39.02210333, -77.10279833)"
MCP2919004L,180013973,Montgomery County Police,Property Damage Crash,03/20/2018 07:53:00 PM,US (State),COLESVILLE RD,RAMP 4 FR US 29 NB TO IS 495 EB,,N/A,,OTHER,SNOW,WET,DARK LIGHTS ON,N/A,NONE DETECTED,,C9B8F6C7-465E-4BF9-9BE1-6855BBBF0071,No,NO APPARENT INJURY,"ICY OR SNOW-COVERED, RAIN, SNOW",NOT DISTRACTED,NC,768FEB2C-CF20-4146-8D26-5F69CEA77D27,SUPERFICIAL,ONE OCLOCK,PASSENGER CAR,MOVING CONSTANT SPEED,South,40,No,No,2001,HONDA,CIVIC,39.01564833,-77.01669167,"(39.01564833, -77.01669167)"
MCP219800HG,250025693,MONTGOMERY,Property Damage Crash,06/09/2025 01:10:00 PM,County Route,FENTON ST,,,,,Front to Rear,Clear,Dry,Daylight,Traffic Control Signal,"Unknown, Unknown",,2AA85E54-046F-42CF-80BD-1D31986A8412,No,,,,,B007526A-C101-43BD-A584-6351A458EF71,Vehicle Not at Scene,Vehicle Not at Scene,Passenger Car,Slowing or Stopping,Northbound,35,No,No,0,,,38.99694974,-77.02564317,"(38.99694974, -77.02564317)"
MCP2739003P,200041473,Montgomery County Police,Property Damage Crash,10/20/2020 10:16:00 PM,US (State),COLUMBIA PIKE,LOCKWOOD DR,,N/A,,SINGLE VEHICLE,CLEAR,DRY,DARK LIGHTS ON,NO CONTROLS,N/A,,9D7B5BD9-378A-4DC9-A675-7A3C3EC7E33D,Yes,NO APPARENT INJURY,N/A,NOT DISTRACTED,MD,122D80AF-8A4B-4520-A4CA-FD265396FE15,DISABLING,TWELVE OCLOCK,PASSENGER CAR,MOVING CONSTANT SPEED,South,40,No,No,2009,NISSAN,SENTRA,39.03311833,-77.00314833,"(39.03311833, -77.00314833)"
MCP11820012,16003995,Montgomery County Police,Injury Crash,01/22/2016 01:11:00 PM,Maryland (State),BRADLEY BLVD,ABERDEEN RD,,N/A,,STRAIGHT MOVEMENT ANGLE,SNOW,SNOW,DAYLIGHT,NO CONTROLS,NONE DETECTED,,E801D6C4-45D8-4208-A5C7-A6C27A45E423,Yes,NO APPARENT INJURY,"ICY OR SNOW-COVERED, RAIN, SNOW",LOOKED BUT DID NOT SEE,MD,438524D2-3F06-4E14-A81B-8CC52C8683B1,FUNCTIONAL,FOUR OCLOCK,PASSENGER CAR,MOVING CONSTANT SPEED,West,30,No,No,2008,VOLKSWAGON,JETTA,38.99116667,-77.118245,"(38.99116667, -77.118245)"
MCP1382002F,15051024,MONTGOMERY,Property Damage Crash,10/08/2015 01:27:00 PM,US (State),COLUMBIA PIKE,GREENCASTLE RD,,N/A,,SAME DIR REAR END,CLEAR,DRY,DAYLIGHT,TRAFFIC SIGNAL,NONE DETECTED,,86421A93-0524-4446-9940-ABA22BD2994F,No,NO APPARENT INJURY,N/A,NOT DISTRACTED,DC,C1964383-C2E5-4BEC-B1AD-DF27108AD816,DISABLING,TWELVE OCLOCK,PASSENGER CAR,SLOWING OR STOPPING,South,55,No,No,2005,TOYOTA,4DR PRIUS,39.096625,-76.93741333,"(39.096625, -76.93741333)"
MCP3048003L,180042665,Montgomery County Police,Injury Crash,08/27/2018 02:20:00 PM,County,TUCKERMAN LA,ROCKVILLE PIKE,,N/A,,HEAD ON LEFT TURN,CLEAR,DRY,DAYLIGHT,NO CONTROLS,N/A,,BB73B6B1-FBC1-4084-A24D-FB2F6AE4A5ED,No,NO APPARENT INJURY,N/A,NOT DISTRACTED,MD,7DD21711-2815-4355-91C3-C5C0BBF44558,FUNCTIONAL,TEN OCLOCK,PASSENGER CAR,MOVING CONSTANT SPEED,East,35,No,No,2012,DODGE,RAM,39.02932167,-77.11137,"(39.02932167, -77.11137)"
MCP2964003B,190006471,Montgomery County Police,Property Damage Crash,02/09/2019 06:29:00 PM,Maryland (State),CLOPPER RD,MATENY RD,,N/A,,HEAD ON LEFT TURN,CLEAR,DRY,DUSK,TRAFFIC SIGNAL,NONE DETECTED,,AF108CD6-9BF5-4CAB-BA52-53BB5F8EF5E9,No,NO APPARENT INJURY,N/A,NOT DISTRACTED,MD,0E3773EE-A58F-4C87-A47D-C894DDD33742,FUNCTIONAL,TWELVE OCLOCK,(SPORT) UTILITY VEHICLE,MOVING CONSTANT SPEED,East,40,No,No,2011,TOYOTA,4RUNNER,39.15681167,-77.26623167,"(39.15681167, -77.26623167)"
MCP263900BR,210009564,Montgomery County Police,Property Damage Crash,03/14/2021 12:36:00 PM,Maryland (State),GEORGIA AVE,CONNECTICUT AVE,,N/A,,SAME DIR REAR END,CLEAR,DRY,DAYLIGHT,NO CONTROLS,NONE DETECTED,,35FB1809-FDB5-4F61-8D9D-44F3515674A5,Yes,NO APPARENT INJURY,N/A,NOT DISTRACTED,MD,32A0E2BC-BA0D-480E-9184-61EF7A6D8239,FUNCTIONAL,SIX OCLOCK,PICKUP TRUCK,MOVING CONSTANT SPEED,West,35,No,No,2013,CHEVROLET,SILVERADO,39.083465,-77.07888667,"(39.083465, -77.07888667)"
MCP12130091,240001757,MONTGOMERY,Injury Crash,01/11/2024 02:45:00 PM,County Route,RANDOLPH RD,,,,,"Sideswipe, Same Direction",Clear,Dry,Daylight,No Controls,"Not Suspect of Alcohol Use, Not Suspect of Drug Use",,C8259811-94CA-4435-A14E-F56D7C29611E,No,No Apparent Injury,,Not Distracted,MD,13FAC299-AD74-4ED2-A1F5-ED0B209857D7,Superficial,Four O Clock,Sport Utility Vehicle,Moving Constant Speed,Eastbound,40,No,No,2007,TOYOTA,RAV4,39.06603635,-77.02494347,"(39.06603635, -77.02494347)"
MCP2347000Z,17008364,Montgomery County Police,Property Damage Crash,02/16/2017 06:59:00 AM,County,LOCKWOOD DR,NEW HAMPSHIRE AVE,,N/A,,SAME DIRECTION SIDESWIPE,CLEAR,DRY,DAYLIGHT,OTHER,NONE DETECTED,,A9C905B8-E7A1-41C8-A0C3-EB654071FF8C,No,NO APPARENT INJURY,N/A,NOT DISTRACTED,MD,EAEDDABA-08FA-4642-9BBB-F8A92B72BB2A,FUNCTIONAL,TEN OCLOCK,PASSENGER CAR,MOVING CONSTANT SPEED,North,30,No,No,2004,NISSAN,XTERRA,39.04016167,-76.99001,"(39.04016167, -76.99001)"
MCP102200G6,220002301,Montgomery County Police,Property Damage Crash,01/19/2022 10:06:00 AM,,,,"PARKING LOT OF MONTGOMERY COUNTY HEAVY EQUIPMENT GARAGE 16700 CRABBS BRANCH WAY ROCKVILLE, MD 20855",,,STRAIGHT MOVEMENT ANGLE,CLEAR,,DAYLIGHT,NO CONTROLS,NONE DETECTED,,EEBA1845-B065-445B-BBF1-33E640DA1254,Yes,NO APPARENT INJURY,N/A,NOT DISTRACTED,MD,AE6EA1A6-FA17-442E-834A-1A36757D2E68,FUNCTIONAL,SIX OCLOCK,"OTHER LIGHT TRUCKS (10,000LBS (4,536KG) OR LESS)",BACKING,South,0,No,No,2014,MACK,GU 712,39.12905167,-77.16868667,"(39.12905167, -77.16868667)"
MCP2935000P,16013620,Montgomery County Police,Property Damage Crash,03/19/2016 10:09:00 PM,Ramp,RAMP 4 FR US 29 NB TO CHERRY HILL RD EB,CHERRY HILL RD,,N/A,,SINGLE VEHICLE,RAINING,N/A,DARK LIGHTS ON,N/A,N/A,,0DEECA5B-3A5A-4ECC-B978-CF12B0C7F2AF,Yes,NO APPARENT INJURY,N/A,NOT DISTRACTED,MD,B19654D2-BD93-4889-A2FF-043001009708,SUPERFICIAL,ELEVEN OCLOCK,PASSENGER CAR,MAKING RIGHT TURN,North,20,No,No,2000,FORD,MUSTANG,39.06326667,-76.96187333,"(39.06326667, -76.96187333)"
MCP2845004N,190014747,Montgomery County Police,Property Damage Crash,03/30/2019 01:15:00 PM,US (State),COLESVILLE RD,SPUR TO WOODMOOR CIR,,N/A,,SAME DIR REAR END,CLEAR,DRY,DAYLIGHT,NO CONTROLS,NONE DETECTED,,7415FD3E-39CC-4619-B51C-E79B457F2E0A,No,NO APPARENT INJURY,N/A,NOT DISTRACTED,MD,01122630-0655-480C-A8B6-1FFE2722D7FF,FUNCTIONAL,SIX OCLOCK,(SPORT) UTILITY VEHICLE,STOPPED IN TRAFFIC LANE,North,40,No,No,2013,NISSAN,MURANO,39.022015,-77.01169,"(39.022015, -77.01169)"
MCP3063004R,240012930,MONTGOMERY,Property Damage Crash,03/18/2024 12:48:00 PM,Maryland (State) Route,UNIVERSITY BLVD E,LANGLEY DR,,,,"Sideswipe, Same Direction",Clear,Dry,Daylight,No Controls,"Not Suspect of Alcohol Use, Not Suspect of Drug Use",,49C11C16-DC7E-49A7-A1B1-79237666EC2F,Yes,No Apparent Injury,,Not Distracted,MD,B93706DA-6223-44E4-9F43-21AA32CFE188,Disabling,Ten O Clock,Sport Utility Vehicle,Stopped in Traffic,Eastbound,35,No,No,2020,JEEP,CHEROKEE,39.00149669,-76.99578015,"(39.00149669, -76.99578015)"
MCP9379003C,210043658,Montgomery County Police,Property Damage Crash,10/29/2021 11:20:00 AM,County,INDIANOLA DR,DERWOOD RD,,N/A,,SAME DIR REAR END,RAINING,WET,DAYLIGHT,NO CONTROLS,NONE DETECTED,,B478CA36-8310-4501-9C8F-EB9AB5842BA7,Yes,NO APPARENT INJURY,"RAIN, SNOW, WET",NOT DISTRACTED,MD,FAB9AE53-DF61-48C6-836E-D30BA19D0AFD,DISABLING,TWELVE OCLOCK,PASSENGER CAR,MOVING CONSTANT SPEED,East,25,No,No,1996,NISS,SD,39.11492167,-77.15886,"(39.11492167, -77.15886)"
MCP2845003N,180014958,Montgomery County Police,Property Damage Crash,03/27/2018 09:50:00 AM,Maryland (State),NEW HAMPSHIRE AVE,RAMP 4 FR MD 650 NB TO IS 495 EB,,N/A,,SAME DIR REAR END,CLEAR,DRY,DAYLIGHT,NO CONTROLS,NONE DETECTED,,E6450799-3346-4F9A-93C8-3408D85B12A3,No,NO APPARENT INJURY,N/A,NOT DISTRACTED,MD,EFE1C0BC-5623-4FD8-BC8B-228504BCA58E,DISABLING,SIX OCLOCK,(SPORT) UTILITY VEHICLE,STOPPED IN TRAFFIC LANE,North,40,No,No,2007,FORD,ESCAPE,39.016765,-76.97732667,"(39.016765, -76.97732667)"
MCP3264001X,210027125,Montgomery County Police,Property Damage Crash,06/25/2021 08:00:00 AM,,,,3D SILVER SPRING STATION BACK PARKING LOT,,,UNKNOWN,CLEAR,,DAYLIGHT,NO CONTROLS,NONE DETECTED,,C00F9443-A628-47E1-B225-8B90435C7833,Unknown,NO APPARENT INJURY,N/A,UNKNOWN,MD,A272DCF5-7FE2-491F-A23C-0631E95271E4,SUPERFICIAL,UNKNOWN,POLICE VEHICLE/NON EMERGENCY,PARKED,,0,No,Yes,2017,FORD,INTERCEPTOR,39.04582692,-76.99023443,"(39.04582692, -76.99023443)"
MCP3115004D,200036558,Montgomery County Police,Property Damage Crash,09/18/2020 05:55:00 AM,County,CHERRY HILL RD,PLUM ORCHARD DR,,N/A,,STRAIGHT MOVEMENT ANGLE,CLOUDY,WET,DAWN,TRAFFIC SIGNAL,N/A,,4EDAC0AC-DAAB-4821-A866-A9B539E9BEC3,No,NO APPARENT INJURY,N/A,NOT DISTRACTED,MD,B262B018-1920-48CF-8B8A-8F04EC30A55E,DESTROYED,TWELVE OCLOCK,PASSENGER CAR,MOVING CONSTANT SPEED,West,40,No,No,2006,HONDA,CRV,39.05286,-76.95327667,"(39.05286, -76.95327667)"
MCP2622002T,220008220,Montgomery County Police,Property Damage Crash,02/25/2022 09:39:00 AM,County,RANDOLPH RD,HAMMONTON PL,,N/A,,SAME DIRECTION SIDESWIPE,RAINING,WET,DAYLIGHT,STOP SIGN,N/A,,E898A24F-9968-4AB5-A1BB-5B343737D355,Yes,NO APPARENT INJURY,"RAIN, SNOW, WET",UNKNOWN,XX,800C82FB-2289-4CCD-A30D-7ADE6B7A1B3F,FUNCTIONAL,TWELVE OCLOCK,PASSENGER CAR,MAKING LEFT TURN,North,35,No,No,2006,ACURA,TL,39.06892468,-77.01507313,"(39.06892468, -77.01507313)"
MCP3388001Q,240053193,MONTGOMERY,Property Damage Crash,11/05/2024 09:45:00 PM,US (State),COLUMBIA PIKE,,,,,Single Vehicle,Clear,Dry,Dark - Lighted,No Controls,"Not Suspect of Alcohol Use, Not Suspect of Drug Use",,668159EB-B69C-4860-9904-60F686FB0564,Yes,No Apparent Injury,"Swerved or Avoided Due to Wind, Slippery Surface, Motor Vehicle, Object, Non-Motorist in Roadway, etc",Not Distracted,MD,B68DDBE7-740A-4AE8-9B5A-C7719A5CB972,Superficial,Two O Clock,Passenger Car,Moving Constant Speed,Northbound,50,No,No,2017,FORD,INTERCEPTOR,39.05500596,-76.97290872,"(39.05500596, -76.97290872)"
MCP3093004B,220055171,Montgomery County Police,Property Damage Crash,12/13/2022 03:34:00 PM,Maryland (State),EAST WEST HWY,16TH ST,,N/A,,OTHER,CLEAR,DRY,DAYLIGHT,TRAFFIC SIGNAL,N/A,,7D736A6A-BAEF-4AFD-8623-A01C9A9E46CA,No,NO APPARENT INJURY,N/A,NOT DISTRACTED,MD,07372F67-C1E4-431E-84B6-F2304AE0C9B8,FUNCTIONAL,TWELVE OCLOCK,PASSENGER CAR,MOVING CONSTANT SPEED,West,35,No,No,2013,HONDA,CIVIC,38.99481667,-77.03625167,"(38.99481667, -77.03625167)"
MCP3192003D,220052354,Montgomery County Police,Injury Crash,11/27/2022 06:52:00 PM,Maryland (State),UNIVERSITY BLVD W,AMHERST AVE,,N/A,,STRAIGHT MOVEMENT ANGLE,CLEAR,WET,DARK NO LIGHTS,TRAFFIC SIGNAL,NONE DETECTED,,6A261524-90F3-4B07-9FED-3C749B5BB062,Yes,NO APPARENT INJURY,"N/A, RAIN, SNOW",OTHER DISTRACTION,MD,C12DB256-6DA1-4A76-B0A7-D5BCA064E943,FUNCTIONAL,THREE OCLOCK,PASSENGER CAR,ACCELERATING,South,35,No,No,2016,TOYOTA,SIENNA,39.04649407,-77.03294615,"(39.04649407, -77.03294615)"
EJ7878003W,220002211,Gaithersburg Police Depar,Injury Crash,01/18/2022 04:45:00 PM,Maryland (State),S FREDERICK RD,S SUMMIT AVE,,GAITHERSBURG,,SAME DIR REAR END,N/A,DRY,DAYLIGHT,TRAFFIC SIGNAL,ALCOHOL PRESENT,,CAD2DAE8-22ED-44C2-9590-58203C192F4A,Yes,NO APPARENT INJURY,N/A,UNKNOWN,MD,9CED5CF9-6D55-4669-839A-692E68571922,DISABLING,TWELVE OCLOCK,PASSENGER CAR,MOVING CONSTANT SPEED,South,30,No,No,2003,ORDD,TRUCK,39.13809044,-77.19447797,"(39.13809044, -77.19447797)"
MCP3114000H,180018663,Montgomery County Police,Property Damage Crash,04/17/2018 03:48:00 AM,Maryland (State),NEW HAMPSHIRE AVE,RAMP 4 FR MD 650 NB TO IS 495 EB,,N/A,,N/A,CLEAR,DRY,DARK LIGHTS ON,N/A,NONE DETECTED,,AC236D1D-C034-4BE0-AE54-C59DAF024D0E,Unknown,NO APPARENT INJURY,N/A,NOT DISTRACTED,MD,84443FEA-4FC4-4144-A1EF-5EDF6B6928A2,DISABLING,ELEVEN OCLOCK,PASSENGER CAR,UNKNOWN,South,45,No,No,2002,CHRYSLER,SEBRING,39.02058333,-76.97676667,"(39.02058333, -76.97676667)"