Report Number,Local Case Number,Agency Name,ACRS Report Type,Crash Date/Time,Route Type,Road Name,Cross-Street Name,Off-Road Description,Municipality,Related Non-Motorist,Collision Type,Weather,Surface Condition,Light,Traffic Control,Driver Substance Abuse,Non-Motorist Substance Abuse,Person ID,Driver At Fault,Injury Severity,Circumstance,Driver Distracted By,Drivers License State,Vehicle ID,Vehicle Damage Extent,Vehicle First Impact Location,Vehicle Body Type,Vehicle Movement,Vehicle Going Dir,Speed Limit,Driverless Vehicle,Parked Vehicle,Vehicle Year,Vehicle Make,Vehicle Model,Latitude,Longitude,Location
MCP15540030,180029825,Montgomery County Police,Injury Crash,06/16/2018 08:26:00 PM,Maryland (State),MUNCASTER MILL RD,AVERY RD,,N/A,,HEAD ON,CLEAR,DRY,DAYLIGHT,N/A,OTHER,,ED67B472-4767-42C6-A2A9-0A2DC7D44C3F,Yes,SUSPECTED MINOR INJURY,N/A,NOT DISTRACTED,MD,3CB396D8-455F-44AE-8DA1-7945B58D9D38,DISABLING,TWELVE OCLOCK,(SPORT) UTILITY VEHICLE,SKIDDING,West,35,No,No,2007,GMC,YUKON SUV,39.12028892,-77.111063,"(39.12028892, -77.111063)"
MCP1202001P,16048119,Montgomery County Police,Injury Crash,09/19/2016 03:02:00 PM,Interstate (State),CAPITAL BELTWAY,BRADLEY BLVD,,N/A,,SAME DIRECTION RIGHT TURN,CLEAR,DRY,DAYLIGHT,NO CONTROLS,NONE DETECTED,,3ADC760B-B350-4700-9FEA-A20E2581FBC1,Yes,NO APPARENT INJURY,N/A,OTHER ELECTRONIC DEVICE (NAVIGATIONAL PALM PILOT),OH,607F0813-291D-42DF-A883-DBF1A93580BF,FUNCTIONAL,ONE OCLOCK,PASSENGER CAR,MOVING CONSTANT SPEED,East,55,No,No,2010,TOYOTA,CAMRY,39.00609333,-77.15343,"(39.00609333, -77.15343)"
MCP3220001B,210025817,Montgomery County Police,Property Damage Crash,07/05/2021 09:42:00 PM,County,EMORY GROVE RD,TEA ROSE DR,,N/A,,SAME DIR REAR END,CLEAR,DRY,DARK NO LIGHTS,NO CONTROLS,NONE DETECTED,,AC22B8DA-ECB1-4DF3-9A10-BD724C93D059,Yes,NO APPARENT INJURY,N/A,UNKNOWN,MD,E56029FC-EE8E-4B47-B7E8-2EDC500A2016,FUNCTIONAL,TWELVE OCLOCK,PASSENGER CAR,SLOWING OR STOPPING,West,35,No,No,2008,VOLKSWAGEN,JETTA,39.1560405,-77.17748683,"(39.1560405, -77.17748683)"
MCP29410015,16029812,Montgomery County Police,Property Damage Crash,06/13/2016 04:28:00 PM,County,POTOMAC AVE,TAKOMA AVE,,N/A,,N/A,CLEAR,DRY,DAYLIGHT,N/A,N/A,,C0E50E74-3BD7-4D12-A872-3B3D2650049E,Yes,NO APPARENT INJURY,N/A,INATTENTIVE OR LOST IN THOUGHT,MD,03237957-740C-42BC-924F-8ECD561D9F79,FUNCTIONAL,NINE OCLOCK,PASSENGER CAR,PARKED,,15,No,Yes,2010,TOYOTA,COROLLA,38.98752629,-77.0141454,"(38.98752629, -77.0141454)"
DM84650010,190000396,Takoma Park Police Depart,Property Damage Crash,03/14/2019 01:00:00 PM,,,,"PARKING LOT OF, 7676 NEW HAMPSHIRE AVENUE",,,SAME DIR REND LEFT TURN,CLEAR,,DAYLIGHT,N/A,N/A,,8DB4B2DC-1BCD-44BB-B8A5-DB404DB2033F,Yes,NO APPARENT INJURY,N/A,NOT DISTRACTED,MD,D776AE85-016D-4D50-B21F-CEFEDC635247,SUPERFICIAL,TWELVE OCLOCK,PASSENGER CAR,ACCELERATING,North,5,No,No,2004,HONDA,ACCORD,38.99073417,-76.99403183,"(38.99073417, -76.99403183)"
MCP9399001Z,230052666,Montgomery County Police,Injury Crash,09/01/2023 04:08:00 PM,Municipality,SEVEN LOCKS RD,WOOTTON PKWY,,ROCKVILLE,,SAME DIR REAR END,CLEAR,DRY,DAYLIGHT,YIELD SIGN,NONE DETECTED,,972C2446-9892-44BC-B6B4-5179E57E613F,No,POSSIBLE INJURY,N/A,NOT DISTRACTED,MD,F8DA5FEB-BE7A-44BB-99F9-10CF1FD80A76,SUPERFICIAL,SIX OCLOCK,PASSENGER CAR,MAKING RIGHT TURN,North,35,No,No,2012,HOND,CRV,39.24566833,-77.25255,"(39.24566833, -77.25255)"
MCP3165002D,200038729,Montgomery County Police,Property Damage Crash,10/02/2020 06:30:00 AM,US (State),COLUMBIA PIKE,BRIGGS CHANEY RD,,N/A,,SAME DIR REAR END,RAINING,WET,DARK LIGHTS ON,NO CONTROLS,NONE DETECTED,,ECE8FF4B-E8FB-4B72-B269-F6342ECBB5E7,No,NO APPARENT INJURY,"N/A, WET",NOT DISTRACTED,MD,137C5BA5-A89C-4E3D-B964-3AA518FFA608,FUNCTIONAL,SIX OCLOCK,"OTHER LIGHT TRUCKS (10,000LBS (4,536KG) OR LESS)",MOVING CONSTANT SPEED,North,50,No,No,2000,INTL,TK,39.0865,-76.94529333,"(39.0865, -76.94529333)"
MCP2710000M,15042497,MONTGOMERY,Property Damage Crash,08/24/2015 06:40:00 PM,County,MUDDY BRANCH RD,GREAT SENECA HWY,,N/A,,SAME DIR REAR END,RAINING,WET,DAYLIGHT,N/A,NONE DETECTED,,FE823452-496B-4F01-8511-57A8FD6794B9,No,NO APPARENT INJURY,"SLEET, HAIL, FREEZ. RAIN, WET",NOT DISTRACTED,MD,FF54D344-35A0-4349-B627-953761C1520C,N/A,TWELVE OCLOCK,(SPORT) UTILITY VEHICLE,MOVING CONSTANT SPEED,North,40,No,No,2006,FORD,ESCAPE,39.10948167,-77.21747833,"(39.10948167, -77.21747833)"
MCP26740015,190006280,Montgomery County Police,Property Damage Crash,02/08/2019 03:20:00 PM,Maryland (State),FREDERICK RD,APPLEDOWRE WAY,,N/A,,SAME DIR REAR END,CLEAR,DRY,DAYLIGHT,NO CONTROLS,NONE DETECTED,,CCB1F707-59D0-4987-A16A-0067C1E2D1E8,No,NO APPARENT INJURY,N/A,NOT DISTRACTED,MD,74F1558B-601C-42DD-870D-922A44B02105,FUNCTIONAL,SIX OCLOCK,PASSENGER CAR,SLOWING OR STOPPING,South,40,No,No,2006,SUZI,SU,39.18446833,-77.239325,"(39.18446833, -77.239325)"
DD5649001G,210046814,Rockville Police Departme,Property Damage Crash,11/18/2021 12:41:00 PM,,,,PARKING LOT OF 250 ROCKVILLE PIKE,,,OTHER,N/A,,DAYLIGHT,NO CONTROLS,N/A,,A8C890BB-FFA8-4D31-B3EA-22A275654547,No,NO APPARENT INJURY,N/A,NOT DISTRACTED,MD,6C5BA90C-3ACC-4948-B228-C38A0CDCD34C,FUNCTIONAL,SEVEN OCLOCK,TRANSIT BUS,PARKED,,0,No,Yes,2019,NFLY,BU,39.0838,-77.14665833,"(39.0838, -77.14665833)"
MCP2942002F,17009594,Montgomery County Police,Property Damage Crash,02/22/2017 10:30:00 AM,,,,PARKING LOT OF BETHESDA SPORT AND HEALTH LOCATED AT 4400 MONTGOMERY AVE,,,OTHER,CLEAR,,DAYLIGHT,N/A,NONE DETECTED,,48A63D8C-B62E-44E6-AB3C-46F1241FD407,Yes,NO APPARENT INJURY,N/A,UNKNOWN,MD,04822FDF-8133-4A2C-B816-6EA585AD8F48,SUPERFICIAL,SIX OCLOCK,PASSENGER CAR,PARKING,Unknown,25,No,No,2001,HONDA,ACCORD,38.98400179,-77.08981723,"(38.98400179, -77.08981723)"
MCP9147000T,16046547,Montgomery County Police,Property Damage Crash,09/11/2016 10:33:00 AM,US (State),COLESVILLE RD,LORAIN AVE,,N/A,,SAME DIRECTION SIDESWIPE,CLEAR,DRY,DAYLIGHT,NO CONTROLS,NONE DETECTED,,5C981AEC-547E-4C99-ACF0-066FD804F525,No,NO APPARENT INJURY,N/A,NOT DISTRACTED,MD,199FAFA5-D6E0-4757-BCEE-95FAE80F97BF,FUNCTIONAL,TWO OCLOCK,PASSENGER CAR,MOVING CONSTANT SPEED,South,35,No,No,2016,FORD,FUSION,39.02413,-77.01091833,"(39.02413, -77.01091833)"
MCP3285001M,220008199,Montgomery County Police,Injury Crash,02/25/2022 04:01:00 AM,County,FATHER HURLEY BLVD,RAMP 8 FR IS270 SB TO FATHER HURLEY BLVD,,N/A,,SINGLE VEHICLE,SLEET,ICE,DARK LIGHTS ON,NO CONTROLS,NONE DETECTED,,53A1D21A-2E43-42FC-8E06-DA7A874C74EC,Yes,SUSPECTED MINOR INJURY,"N/A, SLEET, HAIL, FREEZ. RAIN",UNKNOWN,MD,C67FBC4E-2975-41AF-A136-182DA1E80DF0,DISABLING,ELEVEN OCLOCK,PASSENGER CAR,MOVING CONSTANT SPEED,South,40,No,No,2003,GMC,YUKON,39.19876667,-77.26153667,"(39.19876667, -77.26153667)"
MCP24120014,190053986,Montgomery County Police,Property Damage Crash,11/09/2019 03:30:00 AM,Maryland (State),UNIVERSITY BLVD E,MERRIMAC DR,,N/A,,STRAIGHT MOVEMENT ANGLE,CLEAR,DRY,DARK LIGHTS ON,NO CONTROLS,NONE DETECTED,,96635FA0-211C-4AE2-A2E4-03427B38738B,Yes,NO APPARENT INJURY,N/A,LOOKED BUT DID NOT SEE,NC,DB9A70CF-9A3F-4C51-B382-7D4F66EE6D45,FUNCTIONAL,TWELVE OCLOCK,PASSENGER CAR,ACCELERATING,South,35,No,No,2008,BMW,X5,38.99275833,-76.99143333,"(38.99275833, -76.99143333)"
MCP1443000F,16007699,Montgomery County Police,Injury Crash,02/15/2016 06:03:00 PM,County,ROTHBURY DR,GOSHEN RD,,N/A,,STRAIGHT MOVEMENT ANGLE,SLEET,ICE,DARK LIGHTS ON,N/A,NONE DETECTED,,78B8B4E6-8B7B-4821-995D-0F5DF6F8AF68,No,NO APPARENT INJURY,"ICY OR SNOW-COVERED, SLEET, HAIL, FREEZ. RAIN",NOT DISTRACTED,MD,EEF793E3-D6CA-4F4D-A7EC-98537C887059,DISABLING,TWELVE OCLOCK,PASSENGER CAR,MOVING CONSTANT SPEED,West,25,No,No,2006,TOYT,CAMRY,39.185485,-77.18858667,"(39.185485, -77.18858667)"
MCP20940067,16016916,Montgomery County Police,Property Damage Crash,04/07/2016 08:42:00 AM,,,,"PARKING LOT OF
7607 MAC ARTHUR BLVD.",,,SINGLE VEHICLE,RAINING,,DAYLIGHT,N/A,NONE DETECTED,,AB4B0B87-8578-45B3-ACBC-5933ED5287E4,No,NO APPARENT INJURY,N/A,NOT DISTRACTED,MD,62C57C43-A308-4F7F-98F8-B059651C6326,FUNCTIONAL,SIX OCLOCK,FIRE VEHICLE/NON EMERGENCY,MAKING RIGHT TURN,Unknown,0,No,No,2007,PIER,LADDER TRUCK,38.97421833,-77.15581833,"(38.97421833, -77.15581833)"
MCP3021004R,190056467,Montgomery County Police,Property Damage Crash,11/22/2019 02:00:00 PM,Maryland (State),NEW HAMPSHIRE AVE,MIDLAND RD,,N/A,,STRAIGHT MOVEMENT ANGLE,RAINING,N/A,DAYLIGHT,TRAFFIC SIGNAL,NONE DETECTED,,3D254D58-57A7-4D08-9B2F-C5F14B0FE652,Yes,NO APPARENT INJURY,N/A,INATTENTIVE OR LOST IN THOUGHT,MD,FDE3096D-42A3-4174-97E7-F8B1867D942D,FUNCTIONAL,TWELVE OCLOCK,PASSENGER CAR,MOVING CONSTANT SPEED,South,35,No,No,2016,FORD,F150,39.077465,-77.001705,"(39.077465, -77.001705)"
MCP1291000G,15043253,MONTGOMERY,Property Damage Crash,08/28/2015 05:20:00 PM,County,MUDDY BRANCH RD,SUFFIELD DR,,GAITHERSBURG,,SAME DIR REAR END,CLEAR,DRY,DAYLIGHT,NO CONTROLS,N/A,,152636B4-5559-4A1A-89C7-B836D38AD4FA,No,NO APPARENT INJURY,N/A,NOT DISTRACTED,MD,2951311F-430A-4106-8570-8F194D28CA83,FUNCTIONAL,SIX OCLOCK,PASSENGER CAR,STOPPED IN TRAFFIC LANE,South,35,No,No,2008,HOND,4S,39.11229833,-77.21665833,"(39.11229833, -77.21665833)"
MCP2464001M,190034036,Montgomery County Police,Property Damage Crash,07/17/2019 11:37:00 PM,County,BRIGGS CHANEY RD,COLUMBIA PIKE,,N/A,,SAME DIR REAR END,N/A,DRY,DARK LIGHTS ON,TRAFFIC SIGNAL,NONE DETECTED,,D99BA292-5716-4E3A-8525-CECB299065F6,No,NO APPARENT INJURY,N/A,NOT DISTRACTED,MD,2DF8DCD0-2F18-40DA-A506-10B1A170BDEA,SUPERFICIAL,SIX OCLOCK,PASSENGER CAR,SLOWING OR STOPPING,West,35,No,No,2016,LINCOLN,NAVIGATOR,39.08381667,-76.94927,"(39.08381667, -76.94927)"
MCP29650019,16064701,Montgomery County Police,Property Damage Crash,12/17/2016 08:19:00 AM,Maryland (State),GEORGIA AVE,RAMP 8 FR MD 97 SB TO MD 200 WB,,N/A,,SAME DIR REAR END,SLEET,ICE,DAYLIGHT,NO CONTROLS,NONE DETECTED,,D2EB1FEB-5F8E-44B4-9261-6D5B5ECFDB82,No,NO APPARENT INJURY,"ICY OR SNOW-COVERED, N/A",NOT DISTRACTED,MD,6F49DAEE-9F12-49C7-BAFF-2632C3C96D6D,SUPERFICIAL,SEVEN OCLOCK,PICKUP TRUCK,PARKED,,50,No,Yes,2015,FORD,F550,39.1147545,-77.07551837,"(39.1147545, -77.07551837)"
MCP2776003R,220008457,Montgomery County Police,Property Damage Crash,02/26/2022 10:00:00 PM,County,HEWITT AVE,GEORGIA AVE,,N/A,,SAME DIR REAR END,CLEAR,DRY,DARK LIGHTS ON,NO CONTROLS,ALCOHOL PRESENT,,25C570E1-0611-40ED-82FE-5BB29F76DAE2,Yes,NO APPARENT INJURY,N/A,UNKNOWN,MD,3E2D31FA-005C-48D1-A5E2-F09B96857CA0,DISABLING,TWELVE OCLOCK,VAN,MOVING CONSTANT SPEED,West,30,No,No,2016,CHEVROLET,EXPRESS,39.079365,-77.06760833,"(39.079365, -77.06760833)"
MCP2760000G,15007928,Montgomery County Police,Property Damage Crash,02/18/2015 01:30:00 AM,Municipality,TRAVIS AVE,TANYARD HILL RD,,GAITHERSBURG,,SINGLE VEHICLE,CLEAR,DRY,DARK LIGHTS ON,STOP SIGN,ALCOHOL PRESENT,,CEA7F199-ECDB-4E6C-80ED-C17C52CA0ADE,Yes,NO APPARENT INJURY,N/A,NOT DISTRACTED,MD,14E1C9D6-455C-422B-91D3-5875CDCDBA30,DISABLING,TWELVE OCLOCK,"OTHER LIGHT TRUCKS (10,000LBS (4,536KG) OR LESS)",ACCELERATING,East,30,No,No,1999,HONDA,CIVIC,39.1623029,-77.2167464,"(39.1623029, -77.2167464)"
DD5652004C,240016363,ROCKVILLE,Property Damage Crash,04/08/2024 02:21:00 PM,Maryland (State) Route,VEIRS MILL RD,,,,,Front to Rear,Clear,Dry,Daylight,Traffic Control Signal,"Not Suspect of Alcohol Use, Not Suspect of Drug Use",,CF909423-AD85-40AB-9606-244BC35EDB70,Yes,No Apparent Injury,,Not Distracted,MD,05EE6D8C-7D37-496C-93A9-AA7C180E1870,Disabling,Twelve O Clock,Passenger Car,,Eastbound,40,No,No,2013,NISSAN,ALTIMA,39.07730443,-77.12511702,"(39.07730443, -77.12511702)"
MCP2937005N,240040000,MONTGOMERY,Injury Crash,08/23/2024 11:45:00 PM,County Route,CRESTHAVEN DR,NEW HAMPSHIRE AVE,,,,Front to Rear,Clear,Dry,Dark - Lighted,No Controls,"Not Suspect of Alcohol Use, Not Suspect of Drug Use",,E3C521CA-0D97-4FA6-BB4B-98A094D10347,Yes,No Apparent Injury,,Not Distracted,MD,DA22C345-D575-4B9B-9189-A5DF567CA9FE,Disabling,One O Clock,Passenger Car,Moving Constant Speed,Southbound,40,No,No,2006,HONDA,ACCORD,39.0308273,-76.98407531,"(39.0308273, -76.98407531)"
MCP1563002R,16052687,Montgomery County Police,Injury Crash,10/13/2016 04:49:00 PM,Maryland (State),CONNECTICUT AVE,LELAND ST,,CHEVY CHASE #5,,SAME DIRECTION RIGHT TURN,CLEAR,DRY,DAYLIGHT,NO CONTROLS,NONE DETECTED,,1B3776DD-F979-46E8-A1E4-CBE8099885B7,No,POSSIBLE INJURY,N/A,NOT DISTRACTED,MD,61481C9E-AE68-4067-8B51-07F885392A0F,FUNCTIONAL,SEVEN OCLOCK,PASSENGER CAR,MOVING CONSTANT SPEED,South,30,No,No,2009,NISSAN,ALTIMA,38.98355167,-77.093055,"(38.98355167, -77.093055)"
MCP3145003B,210034451,Montgomery County Police,Property Damage Crash,09/02/2021 06:00:00 PM,Maryland (State),NEW HAMPSHIRE AVE,INTERCOUNTY CONNECTOR,,N/A,,SAME DIRECTION LEFT TURN,CLEAR,DRY,DAYLIGHT,TRAFFIC SIGNAL,NONE DETECTED,,DF30350C-EC2C-4CEE-9789-C41C1181CCFE,No,NO APPARENT INJURY,N/A,NOT DISTRACTED,MD,8A4F1BAF-02BC-4455-9A9C-18681F49A98C,FUNCTIONAL,TWELVE OCLOCK,PASSENGER CAR,ACCELERATING,North,40,No,No,2017,HONDA,4D,39.08802667,-76.999665,"(39.08802667, -76.999665)"
MCP28270045,180034322,Montgomery County Police,Property Damage Crash,06/29/2018 05:24:00 PM,,,,PARKING LOT OF 12401 TWINBROOK PKWY ROCKVILLE MD 20852,,,SAME DIR REAR END,CLEAR,,DAYLIGHT,N/A,N/A,,F4F328E3-74BC-458A-B8B1-3504A7E52290,Yes,NO APPARENT INJURY,N/A,NOT DISTRACTED,,367B5173-EB6F-45A2-B8E0-50B269A9396E,SUPERFICIAL,ONE OCLOCK,PASSENGER CAR,CHANGING LANES,West,10,No,No,2010,TOYOTA,CAMRY,39.05222666,-77.11286008,"(39.05222666, -77.11286008)"
MCP24980011,17515473,Montgomery County Police,Property Damage Crash,06/24/2017 12:17:00 AM,County,GERMANTOWN RD,SHAKESPEARE BLVD,,N/A,,OTHER,CLEAR,DRY,DARK LIGHTS ON,NO CONTROLS,ALCOHOL PRESENT,,E8BC46CA-DCE7-402D-A4FE-338BAEB33C0A,Yes,NO APPARENT INJURY,N/A,NOT DISTRACTED,MD,0F4373A9-CCD8-40CB-B97E-70859B657460,DISABLING,ELEVEN OCLOCK,PASSENGER CAR,ACCELERATING,South,40,No,No,1999,AUDI,4 DOOR,39.19282,-77.23991333,"(39.19282, -77.23991333)"
MCP27650055,180062698,Montgomery County Police,Injury Crash,12/15/2018 04:45:00 PM,County,SHADY GROVE RD,CHOKE CHERRY RD,,ROCKVILLE,,STRAIGHT MOVEMENT ANGLE,RAINING,WET,DARK LIGHTS ON,TRAFFIC SIGNAL,NONE DETECTED,,C8D11C86-91FD-45B2-BC3B-589B72A60645,Yes,NO APPARENT INJURY,"RAIN, SNOW, WET",UNKNOWN,MD,C3D7A9DD-BDCA-4FEE-ACEB-5E4728B15F10,DISABLING,ELEVEN OCLOCK,PASSENGER CAR,MOVING CONSTANT SPEED,East,40,No,No,2014,LNDR,RANGEOVER,39.11444833,-77.18537333,"(39.11444833, -77.18537333)"
MCP30310056,240000125,MONTGOMERY,Property Damage Crash,01/01/2024 09:00:00 PM,Maryland (State) Route,,,,,,Single Vehicle,Rain,Wet,Dark - Lighted,No Controls,"Suspect of Alcohol Use, Not Suspect of Drug Use",,0B391AB8-8A2D-44C5-A182-A06717920820,No,No Apparent Injury,"Over-Correcting/Over-Steering, Ran Off Roadway",Not Distracted,MD,FF150F36-A0CC-4B99-BD89-D1392A350E0F,Disabling,Six O Clock,Passenger Car,Moving Constant Speed,Northbound,35,No,No,2006,MERCEDES-BENZ,SLK-CLASS,39.1489852,-77.01225449,"(39.1489852, -77.01225449)"
MCP2780007D,230061496,Montgomery County Police,Injury Crash,10/19/2023 05:45:00 PM,,SNOWDEN FARM PARKWAY,EMERALD GREEN WAY,,N/A,,STRAIGHT MOVEMENT ANGLE,CLOUDY,DRY,DAYLIGHT,STOP SIGN,NONE DETECTED,,0D7F7A62-3558-46E0-A4AD-BBF72D5A7778,No,POSSIBLE INJURY,N/A,NOT DISTRACTED,MD,0045D21D-578A-4EC1-82C5-EF3CA3B8469A,FUNCTIONAL,TWELVE OCLOCK,(SPORT) UTILITY VEHICLE,MOVING CONSTANT SPEED,North,40,No,No,2020,MERZ,UT,39.22346567,-77.24439417,"(39.22346567, -77.24439417)"
MCP29780020,170517452,Montgomery County Police,Injury Crash,07/05/2017 03:43:00 PM,Maryland (State),DARNESTOWN RD,SENECA RD,,N/A,,SAME DIR REAR END,CLEAR,DRY,DAYLIGHT,N/A,NONE DETECTED,,F9385B3C-113F-4571-865E-F0028155DE59,No,NO APPARENT INJURY,N/A,NOT DISTRACTED,MD,14EC1E10-043C-4BDF-A21C-7C9B8198CB3C,DISABLING,SIX OCLOCK,PASSENGER CAR,STOPPED IN TRAFFIC LANE,West,40,No,No,2017,HYUNDAI,4S,39.103605,-77.29207167,"(39.103605, -77.29207167)"
MCP9404002W,200044180,Montgomery County Police,Property Damage Crash,11/09/2020 10:50:00 AM,Maryland (State),W DIAMOND AVE,RAMP 6 FR MD 117 EB TO IS 270 SB,,N/A,,SAME DIR REAR END,CLEAR,DRY,DAYLIGHT,N/A,NONE DETECTED,,A5A21BD7-226B-45C1-ACFC-273A3891F85E,Yes,NO APPARENT INJURY,N/A,NOT DISTRACTED,MD,E7DDE4A9-B5F6-4950-B670-8C691FD4D8AD,FUNCTIONAL,TWELVE OCLOCK,PASSENGER CAR,MOVING CONSTANT SPEED,East,35,No,No,2010,BMW,4S,39.14075,-77.21491333,"(39.14075, -77.21491333)"
MCP2677000R,16037264,Montgomery County Police,Injury Crash,07/23/2016 04:13:00 AM,Interstate (State),EISENHOWER MEMORIAL HWY,CROSSOVER,,N/A,,SAME DIR REAR END,N/A,DRY,DARK LIGHTS ON,N/A,NONE DETECTED,,90F25DB1-2422-47BC-B8C5-1E23192340EE,No,SUSPECTED SERIOUS INJURY,N/A,NOT DISTRACTED,MD,F56F4BA5-13DB-4984-A280-1CB4B00BB73B,DESTROYED,SIX OCLOCK,PICKUP TRUCK,MOVING CONSTANT SPEED,South,55,No,No,2015,TOYOTA,TACOMA,39.15713861,-77.22676009,"(39.15713861, -77.22676009)"
MCP3280002X,220056047,Montgomery County Police,Property Damage Crash,12/18/2022 10:50:00 AM,Maryland (State),NEW HAMPSHIRE AVE,VALLEY BROOK DR,,N/A,,SAME DIR REAR END,CLEAR,DRY,DAYLIGHT,TRAFFIC SIGNAL,NONE DETECTED,,BB7224E2-A62E-4DF1-9AB2-940320835BDF,Yes,NO APPARENT INJURY,N/A,NOT DISTRACTED,MD,9A671224-2081-4251-B398-5C7A7D324F30,DISABLING,TWELVE OCLOCK,PASSENGER CAR,MOVING CONSTANT SPEED,South,40,No,No,2004,MERCEDES,S430,39.058825,-76.99768333,"(39.058825, -76.99768333)"
MCP3123006N,230069784,Montgomery County Police,Injury Crash,12/04/2023 11:58:00 AM,US (State),COLUMBIA PIKE,BLACKBURN RD,,N/A,PEDESTRIAN,SAME DIR REAR END,CLEAR,DRY,DAYLIGHT,TRAFFIC SIGNAL,N/A,N/A,194E4104-48E6-42B0-9B38-9752941BE940,Yes,POSSIBLE INJURY,N/A,LOOKED BUT DID NOT SEE,MD,D50F80D4-0933-4893-98E3-191892E3693A,DISABLING,TWELVE OCLOCK,PASSENGER CAR,SLOWING OR STOPPING,South,55,No,No,2009,VOLKSWAGEN,RABBIT,39.10491517,-76.9330545,"(39.10491517, -76.9330545)"
MCP2564001C,170511658,Montgomery County Police,Injury Crash,06/03/2017 11:48:00 PM,Maryland (State),W DIAMOND AVE,RAMP 7 FR MD 117 WB TO RAMP 6 (TO IS270),,N/A,,HEAD ON LEFT TURN,N/A,DRY,DARK LIGHTS ON,NO CONTROLS,NONE DETECTED,,4EEE1095-E7C6-4041-BB53-F111A83695F9,Yes,SUSPECTED MINOR INJURY,N/A,LOOKED BUT DID NOT SEE,MD,33DA4D43-0D61-4776-96F5-072645669D16,DISABLING,TWELVE OCLOCK,PASSENGER CAR,MAKING LEFT TURN,West,35,No,No,2016,TOYOTA,COROLLA,39.14062697,-77.21423417,"(39.14062697, -77.21423417)"
MCP3412001R,250012776,MONTGOMERY,Injury Crash,03/24/2025 04:20:00 AM,County Route,,,,,,Angle,Rain,Wet,Dark - Lighted,No Controls,"Not Suspect of Alcohol Use, Not Suspect of Drug Use",,4A5CC78F-A872-4E9F-A2B3-95723170FB52,Yes,Possible Injury,Failed to Yield Right-of-Way,"Other Action (looking away from task, etc.)",MD,353FD9CE-2D19-4225-A987-994A83F329DB,Disabling,Twelve O Clock,Passenger Car,Turning Right,Southbound,35,No,No,2017,TOYOTA,COROLLA,39.09356849,-77.07816935,"(39.09356849, -77.07816935)"
MCP1113004L,220050978,Montgomery County Police,Property Damage Crash,11/18/2022 08:38:00 AM,Maryland (State),RIDGE RD,BETHESDA CHURCH RD,,N/A,,SAME DIR REAR END,CLEAR,DRY,DAYLIGHT,TRAFFIC SIGNAL,NONE DETECTED,,8ABE1758-B6E9-4977-B730-9705F7ED09FC,Yes,NO APPARENT INJURY,N/A,LOOKED BUT DID NOT SEE,MD,D276085C-6B9D-42C8-89D4-24DDB1B90729,DISABLING,TWELVE OCLOCK,(SPORT) UTILITY VEHICLE,MOVING CONSTANT SPEED,South,30,No,No,2004,HOND,CRV,39.28556167,-77.209855,"(39.28556167, -77.209855)"
MCP2215001Y,220050695,Montgomery County Police,Property Damage Crash,11/16/2022 03:27:00 PM,,,,PARKING LOT OF 20910 FREDERICK RD,,,OTHER,CLEAR,,DAYLIGHT,N/A,NONE DETECTED,,883A0C0A-8E7E-45C2-9A71-BB3D7CE59F92,Yes,NO APPARENT INJURY,N/A,LOOKED BUT DID NOT SEE,MD,98269740-A6C4-4A94-836B-5AD8CF04B53C,NO DAMAGE,SEVEN OCLOCK,PASSENGER CAR,BACKING,Unknown,0,No,No,2004,LEXUS,RX330,39.20024015,-77.25060047,"(39.20024015, -77.25060047)"
MCP1233001H,17014923,Montgomery County Police,Property Damage Crash,03/23/2017 05:17:00 PM,County,KENT ST,WAKE DR,,N/A,,SAME DIR REAR END,CLEAR,DRY,DAYLIGHT,STOP SIGN,NONE DETECTED,,86417777-97C3-4D8F-9109-74A8A8249184,No,NO APPARENT INJURY,N/A,NOT DISTRACTED,MD,C242EECC-A87F-4E79-A3EF-AE6152BEC0BE,NO DAMAGE,TWELVE OCLOCK,PASSENGER CAR,SLOWING OR STOPPING,West,25,No,No,2001,DODGE,STRATUS,39.02145928,-77.06808329,"(39.02145928, -77.06808329)"
MCP31980011,190053756,Montgomery County Police,Property Damage Crash,11/07/2019 07:49:00 PM,County,RANDOLPH RD,GLENALLAN AVE,,N/A,,SAME DIR REAR END,RAINING,WET,DARK LIGHTS ON,TRAFFIC SIGNAL,NONE DETECTED,,0AE07412-6D6A-47F5-AFCD-545285E2536B,No,NO APPARENT INJURY,"RAIN, SNOW, WET",NOT DISTRACTED,MD,5C75B69C-B013-47BA-93C1-5F93C411DF58,SUPERFICIAL,SIX OCLOCK,PASSENGER CAR,STOPPED IN TRAFFIC LANE,West,40,No,No,2015,TOYOTA,VENZA,39.06068918,-77.04496244,"(39.06068918, -77.04496244)"
MCP2351000G,15050140,MONTGOMERY,Property Damage Crash,10/03/2015 02:29:00 PM,,,,COMPLEX PARKINGLOT,,,UNKNOWN,CLOUDY,,UNKNOWN,N/A,UNKNOWN,,99120C4E-E334-483F-96D6-6797F95FBF91,Unknown,NO APPARENT INJURY,"N/A, WET",UNKNOWN,MD,4ACCD855-A3FD-427B-A223-CDF3A659A827,UNKNOWN,UNKNOWN,(SPORT) UTILITY VEHICLE,UNKNOWN,Unknown,15,Unknown,No,2002,TOYOTA,CAMRY,39.05890667,-77.10967667,"(39.05890667, -77.10967667)"