Report Number,Local Case Number,Agency Name,ACRS Report Type,Crash Date/Time,Route Type,Road Name,Cross-Street Name,Off-Road Description,Municipality,Related Non-Motorist,Collision Type,Weather,Surface Condition,Light,Traffic Control,Driver Substance Abuse,Non-Motorist Substance Abuse,Person ID,Driver At Fault,Injury Severity,Circumstance,Driver Distracted By,Drivers License State,Vehicle ID,Vehicle Damage Extent,Vehicle First Impact Location,Vehicle Body Type,Vehicle Movement,Vehicle Going Dir,Speed Limit,Driverless Vehicle,Parked Vehicle,Vehicle Year,Vehicle Make,Vehicle Model,Latitude,Longitude,Location
MCP0961000N,15007939,Montgomery County Police,Injury Crash,02/18/2015 07:21:00 AM,County,LOST KNIFE RD,CONTOUR RD,,N/A,PEDESTRIAN,SINGLE VEHICLE,CLEAR,SLUSH,DAYLIGHT,OTHER,NONE DETECTED,NONE DETECTED,6841CCB1-299F-4835-A963-132B8117EF91,Yes,NO APPARENT INJURY,N/A,LOOKED BUT DID NOT SEE,MD,D7CFD8AC-C4FA-4B6B-800B-A107591EA809,SUPERFICIAL,TWELVE OCLOCK,PASSENGER CAR,MOVING CONSTANT SPEED,South,30,No,No,2006,HYUN,4S,39.15461,-77.20116833,"(39.15461, -77.20116833)"
MCP28930012,15012942,Montgomery County Police,Property Damage Crash,03/20/2015 08:02:00 PM,County,SHAKESPEARE BLVD,SHAKESPEARE DR,,N/A,,SAME DIR REAR END,N/A,WET,DARK LIGHTS ON,NO CONTROLS,NONE DETECTED,,CD05089E-935C-4AF3-8BAE-448FF1FF9A8F,No,NO APPARENT INJURY,N/A,NOT DISTRACTED,MD,5445BC51-6858-44E6-AA69-F75D3E1A6C8F,FUNCTIONAL,SIX OCLOCK,PASSENGER CAR,MAKING LEFT TURN,East,35,No,No,2014,TOYOYA,CAMRY,39.198285,-77.242215,"(39.198285, -77.242215)"
DD5642001D,200023724,Rockville Police Departme,Injury Crash,06/17/2020 11:11:00 AM,Municipality,MT VERNON PL,ROCKVILLE PIKE,,N/A,,STRAIGHT MOVEMENT ANGLE,CLEAR,DRY,DAYLIGHT,NO CONTROLS,NONE DETECTED,,851925EE-845E-439C-B0A8-C0D0577A8C60,Yes,POSSIBLE INJURY,N/A,NOT DISTRACTED,MD,0CFD91AD-1CCC-4713-8209-9818310F9CEA,DISABLING,ELEVEN OCLOCK,VAN,MOVING CONSTANT SPEED,North,5,No,No,2018,CHRYSLER,PACIFICA,39.07817333,-77.14245067,"(39.07817333, -77.14245067)"
MCP33300031,250026013,MONTGOMERY,Property Damage Crash,06/11/2025 10:14:00 AM,County Route,FERRARA AVE (SB/L),VEIRS MILL RD,,,,Angle,Clear,Dry,Daylight,Traffic Control Signal,"Unknown, Unknown",,56F0E34D-7F68-4797-AE83-AC61974EF770,Yes,No Apparent Injury,,Unknown,MD,67140F84-6993-469C-ACDE-26BD4E7E3B27,Functional,One O Clock,Passenger Car,Making U-Turn,,40,No,No,2019,JEEP,CHEROKEE,39.05293751,-77.07698825,"(39.05293751, -77.07698825)"
MCP2868002B,170502640,Montgomery County Police,Property Damage Crash,04/17/2017 06:20:00 PM,Maryland (State),BRADLEY LA,EAST AVE,,CHEVY CHASE #4,,SAME DIR REAR END,CLEAR,DRY,DAYLIGHT,NO CONTROLS,NONE DETECTED,,46B72D93-6770-4CA1-9C36-EBA78E46834C,No,NO APPARENT INJURY,N/A,NOT DISTRACTED,CT,EB3D4E18-BD39-4987-A788-07AD7DA78796,SUPERFICIAL,SIX OCLOCK,PASSENGER CAR,STOPPED IN TRAFFIC LANE,South,25,No,No,2017,INFINITI,4D,38.977275,-77.08801833,"(38.977275, -77.08801833)"
DD5598001G,170503007,Rockville Police Departme,Property Damage Crash,04/19/2017 05:14:00 PM,Maryland (State),VEIRS MILL RD,BROADWOOD DR,,ROCKVILLE,,SAME DIR REAR END,CLOUDY,DRY,DAYLIGHT,TRAFFIC SIGNAL,N/A,,41FBCFA1-4E1B-4594-A55E-769A01E87CB0,No,NO APPARENT INJURY,N/A,NOT DISTRACTED,MD,789C0B8A-D725-44D6-A6A3-88C3CB8152C8,FUNCTIONAL,SIX OCLOCK,PASSENGER CAR,SLOWING OR STOPPING,East,40,No,No,2001,AUDI,A6,39.07690867,-77.12387683,"(39.07690867, -77.12387683)"
MCP32250032,220030590,Montgomery County Police,Property Damage Crash,07/16/2022 05:00:00 PM,,,,"PARKING LOT OF 12210 VEIRS MILL RD, SILVER SPRING, MD 20906",,,OTHER,CLOUDY,,DAYLIGHT,N/A,NONE DETECTED,,AF00B482-6A33-4DE5-B2A0-7FD0B008D438,No,NO APPARENT INJURY,N/A,NOT DISTRACTED,MD,4D477FF1-CF4F-4B64-ADFB-295BF6C340AE,FUNCTIONAL,SIX OCLOCK,PASSENGER CAR,OTHER,South,10,No,No,2013,VOLK,GTI,39.056445,-77.08365183,"(39.056445, -77.08365183)"
DM8439000M,15027691,Takoma Park Police Depart,Property Damage Crash,06/08/2015 10:13:00 AM,,,,7633 New Hampshire Ave Parking Lot,,,OTHER,CLEAR,,DAYLIGHT,N/A,N/A,,6A3B21E5-A7AC-4461-8941-F82487A95101,Unknown,NO APPARENT INJURY,N/A,UNKNOWN,MD,22D77E12-7498-48E9-A709-C929073643F3,SUPERFICIAL,SEVEN OCLOCK,PASSENGER CAR,BACKING,North,20,No,No,1996,TOYOTA,4D,38.98685333,-76.98773167,"(38.98685333, -76.98773167)"
MCP2398000P,15067004,MONTGOMERY,Property Damage Crash,12/30/2015 07:26:00 PM,,,,PARKING LOT OF 19328 MONTGOMERY VILLAGE AVE (S.S VAPE STORE),,MACHINE OPERATOR/RIDER,SAME DIR REAR END,RAINING,,DARK LIGHTS ON,OTHER,ALCOHOL PRESENT,NONE DETECTED,3A39067F-D54B-4529-B078-93CEAA71DFD6,Yes,NO APPARENT INJURY,"N/A, RAIN, SNOW",UNKNOWN,MD,428D297A-F148-4428-B0BE-949858FC74C4,SUPERFICIAL,SIX OCLOCK,(SPORT) UTILITY VEHICLE,BACKING,North,15,No,No,2015,SUBARU,FORESTER,39.17306167,-77.204825,"(39.17306167, -77.204825)"
MCP2610000V,170512198,Montgomery County Police,Injury Crash,06/06/2017 08:38:00 PM,County,GREAT SENECA HWY,KEY WEST AVE,,N/A,,SAME DIR REAR END,N/A,DRY,DARK LIGHTS ON,TRAFFIC SIGNAL,NONE DETECTED,,692BEAD5-7B3D-47FA-891F-72EC61B4074A,No,POSSIBLE INJURY,N/A,NOT DISTRACTED,MD,79389830-678C-4307-B75D-369861C34056,FUNCTIONAL,SIX OCLOCK,(SPORT) UTILITY VEHICLE,SLOWING OR STOPPING,South,50,No,No,2012,ACURA,TK,39.103825,-77.206685,"(39.103825, -77.206685)"
MCP289200CT,220037595,Montgomery County Police,Property Damage Crash,08/30/2022 06:19:00 PM,US (State),COLESVILLE RD,DALE DR,,N/A,,SAME DIRECTION SIDESWIPE,CLEAR,DRY,DAYLIGHT,N/A,NONE DETECTED,,B9D4A987-736A-4FC9-8943-630D8F230563,Yes,NO APPARENT INJURY,N/A,LOOKED BUT DID NOT SEE,MD,5E591C93-91F5-498C-BD78-5366694EED35,DISABLING,TWO OCLOCK,PASSENGER CAR,CHANGING LANES,South,35,No,No,2022,TOYT,UT,38.99644955,-77.0103553,"(38.99644955, -77.0103553)"
MCP9134000M,170512598,Montgomery County Police,Injury Crash,06/08/2017 11:09:00 PM,Maryland (State),GEORGIA AVE,DENNIS AVE,,N/A,,SAME DIR REAR END,CLEAR,DRY,DARK LIGHTS ON,TRAFFIC SIGNAL,N/A,,261878BE-08D7-4F98-BDC2-06A329B80F9D,No,POSSIBLE INJURY,N/A,NOT DISTRACTED,MD,BD467599-EA5D-4468-9DB5-68BDD6607227,DISABLING,SIX OCLOCK,PASSENGER CAR,STOPPED IN TRAFFIC LANE,North,35,No,No,2003,HONDA,ACCORD,39.02493167,-77.04590833,"(39.02493167, -77.04590833)"
MCP2682001F,180051033,Montgomery County Police,Injury Crash,10/12/2018 08:45:00 AM,County,EAST VILLAGE AVE,SILVERFIELD DR,,N/A,,SAME DIR REND LEFT TURN,N/A,DRY,DAYLIGHT,N/A,NONE DETECTED,,D9B875EA-E813-43F1-A17C-67EC10A1993A,No,POSSIBLE INJURY,N/A,NOT DISTRACTED,MD,8BCE62E3-44D1-4F46-9248-6FC3D0812A3A,FUNCTIONAL,SIX OCLOCK,PASSENGER CAR,MAKING LEFT TURN,East,30,No,No,2006,CHRY,TOWN AND COUNTRY,39.18418667,-77.17420833,"(39.18418667, -77.17420833)"
MCP3016005H,240056371,MONTGOMERY,Property Damage Crash,11/24/2024 10:47:00 AM,County Route,AIRCRAFT DR,GERMANTOWN RD (SB/L),,,,Angle,Clear,Dry,Daylight,Traffic Control Signal,"Not Suspect of Alcohol Use, Not Suspect of Drug Use",,7C519CBC-09B6-4A9A-8BA6-A2273A5936F6,Yes,No Apparent Injury,"Other Improper Action, Ran Red Light",Unknown,,07F368F6-78CC-415C-BC1B-B4053DF10D1C,Disabling,Twelve O Clock,Passenger Car,Moving Constant Speed,Southbound,50,No,No,2016,NISSAN,SENTRA,39.18211624,-77.2602358,"(39.18211624, -77.2602358)"
MCP33170017,230054485,Montgomery County Police,Property Damage Crash,09/12/2023 04:04:00 PM,Maryland (State),PINEY BRANCH RD,PRINCE GEORGES CO/L,,N/A,,HEAD ON LEFT TURN,CLEAR,DRY,DAYLIGHT,NO CONTROLS,NONE DETECTED,,ABFCE047-C922-4064-A6D9-786BED5EFB28,Yes,NO APPARENT INJURY,N/A,LOOKED BUT DID NOT SEE,MD,86BC915A-0A8E-4C0A-A9E0-E0CB42132CAF,FUNCTIONAL,EIGHT OCLOCK,SCHOOL BUS,MAKING LEFT TURN,East,35,No,No,2018,TOYT,HB,39.00121333,-76.98594167,"(39.00121333, -76.98594167)"
MCP94390002,15017410,Montgomery County Police,Injury Crash,04/15/2015 10:32:00 PM,Maryland (State),FREDERICK RD,REDLAND BLVD,,ROCKVILLE,PEDESTRIAN,STRAIGHT MOVEMENT ANGLE,RAINING,WET,DARK LIGHTS ON,TRAFFIC SIGNAL,NONE DETECTED,N/A,A767C49F-C017-4BA5-BB88-865E9955A5ED,Yes,NO APPARENT INJURY,"SLEET, HAIL, FREEZ. RAIN, WET",LOOKED BUT DID NOT SEE,MD,35CF09BE-45CD-4D4B-88F1-AD681F2BB1E8,SUPERFICIAL,TWELVE OCLOCK,PASSENGER CAR,MAKING LEFT TURN,North,35,No,No,2013,TOYOTA,4S,39.11569,-77.166265,"(39.11569, -77.166265)"
MCP12130038,170543230,Montgomery County Police,Injury Crash,11/16/2017 04:25:00 PM,Maryland (State),NEW HAMPSHIRE AVE,NORWOOD RD,,N/A,,SAME DIR REAR END,CLEAR,DRY,DAYLIGHT,TRAFFIC SIGNAL,NONE DETECTED,,8085E29C-1847-49CE-9911-50A097FD5AD6,Yes,SUSPECTED MINOR INJURY,N/A,NOT DISTRACTED,MD,B7E5207D-9775-49AE-99A1-DAB2870E1512,DESTROYED,SIX OCLOCK,PASSENGER CAR,STOPPED IN TRAFFIC LANE,North,45,No,No,2011,HYUN,4S,39.10615833,-77.00116333,"(39.10615833, -77.00116333)"
MCP158000CY,200021626,Montgomery County Police,Injury Crash,06/01/2020 12:02:00 PM,Municipality,KENTLANDS BLVD,GREAT SENECA HWY,,N/A,BICYCLIST,STRAIGHT MOVEMENT ANGLE,CLEAR,DRY,DAYLIGHT,TRAFFIC SIGNAL,NONE DETECTED,NONE DETECTED,098121DD-6653-4CB9-A76F-74ED554F72CA,Yes,NO APPARENT INJURY,N/A,UNKNOWN,MD,28609B2A-E82B-4596-A7F0-B5B854392F48,SUPERFICIAL,FIVE OCLOCK,(SPORT) UTILITY VEHICLE,MAKING RIGHT TURN,East,25,No,No,2015,HONDA,CRV,39.123385,-77.23133333,"(39.123385, -77.23133333)"
DD56240017,180044755,Rockville Police Departme,Injury Crash,09/07/2018 04:21:00 PM,Maryland (State),HUNGERFORD DR,N CAMPUS DR,,N/A,,SAME DIR REAR END,CLOUDY,DRY,DAYLIGHT,N/A,NONE DETECTED,,E3E53D11-CCD4-479C-B1FA-DA2AE9778497,No,NO APPARENT INJURY,N/A,NOT DISTRACTED,MD,070BB344-9F1C-451D-AD44-4CC55A64215F,FUNCTIONAL,SIX OCLOCK,PASSENGER CAR,SLOWING OR STOPPING,North,35,No,No,2014,CHEV,TK,39.101227,-77.15466017,"(39.101227, -77.15466017)"
MCP3161001M,190042170,Montgomery County Police,Property Damage Crash,09/03/2019 03:30:00 PM,Maryland (State),EAST WEST HWY,CYPRESS PL,,N/A,,SAME DIR REAR END,CLEAR,DRY,DAYLIGHT,NO CONTROLS,NONE DETECTED,,896B6D71-0152-4CD4-9713-7321AFC88718,Yes,NO APPARENT INJURY,N/A,UNKNOWN,DC,D708E00A-DF93-4F5E-8997-E72A33130FFF,DISABLING,TWELVE OCLOCK,PASSENGER CAR,UNKNOWN,East,35,No,No,2003,NISSAN,ALTIMA,38.98854667,-77.073905,"(38.98854667, -77.073905)"
MCP26900014,15059344,MONTGOMERY,Injury Crash,11/20/2015 04:51:00 PM,Maryland (State),MUNCASTER MILL RD,JACOBS CT,,N/A,,SAME DIR REAR END,CLEAR,DRY,DUSK,NO CONTROLS,NONE DETECTED,,EB2BF3DD-5EA8-40A2-A9D2-0A50AE78C7D3,No,NO APPARENT INJURY,N/A,NOT DISTRACTED,MD,FA7A0E45-40DB-41C8-ACE6-7D89CCD4791F,SUPERFICIAL,SIX OCLOCK,PASSENGER CAR,STOPPED IN TRAFFIC LANE,East,30,No,No,2011,BM,328I,39.14233,-77.13925667,"(39.14233, -77.13925667)"
MCP0539001P,15043912,MONTGOMERY,Property Damage Crash,09/01/2015 10:47:00 AM,Maryland (State),GEORGIA AVE,ARCOLA AVE,,N/A,,SAME DIRECTION SIDESWIPE,CLEAR,DRY,DAYLIGHT,TRAFFIC SIGNAL,NONE DETECTED,,94479374-D45A-477B-885F-F0E92FFD32C0,Yes,NO APPARENT INJURY,N/A,NOT DISTRACTED,NJ,D7598B91-0E7F-4714-89FE-C7B2F263BBF8,SUPERFICIAL,TWO OCLOCK,AMBULANCE/EMERGENCY,PASSING,South,35,No,No,2010,FRHT,AMBULANCE,39.04718167,-77.05311,"(39.04718167, -77.05311)"
MCP29040080,210033988,Montgomery County Police,Property Damage Crash,08/31/2021 10:30:00 AM,County,SAYBROOK AVE,FRANKLIN AVE,,N/A,,OPPOSITE DIRECTION SIDESWIPE,CLEAR,DRY,DAYLIGHT,NO CONTROLS,NONE DETECTED,,C8066EE3-F1A8-41A1-A3A6-05C855E4C794,Yes,NO APPARENT INJURY,N/A,OTHER DISTRACTION,MD,8CDA0694-7943-43BF-8473-8B760F12151E,SUPERFICIAL,ELEVEN OCLOCK,PICKUP TRUCK,MOVING CONSTANT SPEED,South,25,No,No,2019,FORD,TK,39.01092167,-77.009335,"(39.01092167, -77.009335)"
MCP2203006M,220053990,Montgomery County Police,Property Damage Crash,12/07/2022 07:30:00 AM,Maryland (State),CONNECTICUT AVE,VEIRS MILL RD,,N/A,,SAME DIR REAR END,RAINING,WET,DAYLIGHT,TRAFFIC SIGNAL,NONE DETECTED,,D8BAF3AA-A4C8-4CC3-82B6-2B3BD89FCD49,Yes,NO APPARENT INJURY,"RAIN, SNOW, WET",NOT DISTRACTED,MD,4FDD5272-59DE-4449-B051-D75CAE312D29,DISABLING,TWELVE OCLOCK,PASSENGER CAR,SLOWING OR STOPPING,South,40,No,No,2014,HOND,CIVIC,39.0520555,-77.07486433,"(39.0520555, -77.07486433)"
MCP3317002F,240039932,MONTGOMERY,Injury Crash,08/23/2024 04:00:00 PM,Ramp,RAMP 9 FR RAMP 1 TO BRIGGS CHANEY RD EB,,,,,Front to Rear,Clear,Dry,Daylight,No Controls,"Not Suspect of Alcohol Use, Not Suspect of Drug Use",,C23BF1F0-EB27-4FB0-AAB1-81FEFD0F5E6B,Yes,No Apparent Injury,,Unknown,MD,8279DAB1-70AF-4064-A639-4DB81FC71FAF,Disabling,Twelve O Clock,Sport Utility Vehicle,Moving Constant Speed,Northbound,45,No,No,2017,HYUNDAI,ELANTRA,39.08234231,-76.94844357,"(39.08234231, -76.94844357)"
MCP21770049,190056742,Montgomery County Police,Injury Crash,11/24/2019 08:25:00 AM,County,MONTROSE RD,RAMP 8 FR IS 270 SB TO MD 927 WB,,N/A,,SAME DIR REAR END,CLOUDY,WET,DAYLIGHT,N/A,NONE DETECTED,,41A1BEF7-6D53-4393-A931-FA69179C1AF8,No,POSSIBLE INJURY,"N/A, V EXHAUST SYSTEM|R OTHER ROAD, WET",NOT DISTRACTED,MD,A0C0A9EF-3793-4BA2-B5FC-7047737CEFD3,DISABLING,SIX OCLOCK,PASSENGER CAR,STOPPED IN TRAFFIC LANE,East,25,No,No,2019,NISSAN,4DR,39.0570533,-77.1313682,"(39.0570533, -77.1313682)"
DD5630000F,180039755,Rockville Police Departme,Injury Crash,08/10/2018 10:34:00 AM,Maryland (State),FREDERICK RD,PARAMOUNT DR,,N/A,,HEAD ON,CLEAR,DRY,DAYLIGHT,NO CONTROLS,NONE DETECTED,,C1C6E24C-B9AA-41FC-A5EF-38DE71298BBB,No,NO APPARENT INJURY,N/A,NOT DISTRACTED,MD,25287513-D1F3-450A-A418-D1E074CB5202,FUNCTIONAL,FIVE OCLOCK,VAN,MOVING CONSTANT SPEED,South,40,No,No,2006,DODGE,CARAVAN,39.11706758,-77.16201425,"(39.11706758, -77.16201425)"
MCP1465002F,16056629,Montgomery County Police,Property Damage Crash,11/03/2016 07:01:00 AM,Maryland (State),HUNGERFORD DR,MANNAKEE ST,,ROCKVILLE,,HEAD ON LEFT TURN,CLOUDY,DRY,DARK LIGHTS ON,TRAFFIC SIGNAL,NONE DETECTED,,0AB31578-B102-49F0-9A64-7DF63B12DD1E,No,NO APPARENT INJURY,N/A,NOT DISTRACTED,MD,0FB537DF-7D4D-4914-AE8D-FFC82507A1A8,SUPERFICIAL,ELEVEN OCLOCK,TRANSIT BUS,MAKING LEFT TURN,North,40,No,No,2014,GILL,BUS,39.09663833,-77.15353833,"(39.09663833, -77.15353833)"
MCP3233004M,240011802,MONTGOMERY,Property Damage Crash,03/11/2024 09:23:00 PM,County Route,OLD COLUMBIA PIKE,SHERVIEW LA,,,,"Sideswipe, Same Direction",Clear,Dry,Dark - Lighted,No Controls,"Unknown, Not Suspect of Drug Use",,5821E626-0C7C-46B1-92E2-340041D5E595,No,No Apparent Injury,,"Other Action (looking away from task, etc.)",MD,894CF2BD-D5D7-4CBD-8C29-264E377A9753,Disabling,Twelve O Clock,Passenger Car,Moving Constant Speed,Southbound,35,No,No,2001,NISSAN,FRONTIER,39.08071304,-76.95491967,"(39.08071304, -76.95491967)"
DD5502004C,180025447,Rockville Police Departme,Injury Crash,05/24/2018 10:00:00 AM,Maryland (State),VEIRS MILL RD,SPUR TO MD 355,,N/A,,SAME DIR REAR END,CLEAR,DRY,DAYLIGHT,YIELD SIGN,NONE DETECTED,,B4836130-392D-43A6-85FC-D7D36D916EC9,No,SUSPECTED MINOR INJURY,N/A,NOT DISTRACTED,MD,FE61DDA0-5299-455E-B128-A33CAF9DE4D1,SUPERFICIAL,SIX OCLOCK,PASSENGER CAR,MAKING RIGHT TURN,East,35,No,No,2011,HOND,4S,39.2299,-77.288035,"(39.2299, -77.288035)"
MCP263900GZ,240045499,MONTGOMERY,Injury Crash,09/24/2024 07:58:00 AM,County Route,OGDEN RD,RIVER RD,,,,Angle,Rain,Wet,Daylight,No Controls,"Not Suspect of Alcohol Use, Not Suspect of Drug Use",,0529EA48-C623-4F11-9D33-0DA8BBBCCB15,Yes,No Apparent Injury,,Not Distracted,DC,999959DC-0DF4-4163-82AC-98F742488E74,Disabling,Ten O Clock,Station Wagon,Turning Left,,20,No,No,2014,VOLVO,XC70,38.97055245,-77.11629855,"(38.97055245, -77.11629855)"
MCP2946005V,230052123,Montgomery County Police,Injury Crash,08/30/2023 05:20:00 AM,Maryland (State),CLOPPER RD,CINNAMON DR,,N/A,,STRAIGHT MOVEMENT ANGLE,CLOUDY,WET,DARK LIGHTS ON,STOP SIGN,NONE DETECTED,,39438DC2-C295-4345-AA67-E1CF312E4853,Yes,SUSPECTED SERIOUS INJURY,"N/A, WET",UNKNOWN,MD,726F0358-C2FF-44FF-8DAA-C3F7759BFBE9,DESTROYED,TEN OCLOCK,PASSENGER CAR,MAKING LEFT TURN,South,35,No,No,2013,VOLVO,S60,39.15625067,-77.2646025,"(39.15625067, -77.2646025)"
MCP26980011,15032520,MONTGOMERY,Property Damage Crash,07/03/2015 01:28:00 PM,County,RANDOLPH RD,HAMMONTON PL,,N/A,,HEAD ON LEFT TURN,CLEAR,DRY,DAYLIGHT,NO CONTROLS,NONE DETECTED,,C4944E18-F687-4AD8-939B-1C1EEF55B7A8,No,NO APPARENT INJURY,N/A,NOT DISTRACTED,MD,FF860B18-AB07-4A2B-AF8D-994C5820F736,SUPERFICIAL,TEN OCLOCK,PASSENGER CAR,MOVING CONSTANT SPEED,West,40,No,No,2012,HONDA,CRV,39.06849833,-77.01598833,"(39.06849833, -77.01598833)"
DD5657001B,230060624,Rockville Police Departme,Property Damage Crash,10/15/2023 06:31:00 AM,Municipality,N WASHINGTON ST,BEALL AVE #2,,ROCKVILLE,,SINGLE VEHICLE,CLEAR,DRY,DARK LIGHTS ON,TRAFFIC SIGNAL,ALCOHOL CONTRIBUTED,,B25E91EA-ADD4-4926-A4E8-782345607FDF,Yes,NO APPARENT INJURY,N/A,NOT DISTRACTED,MD,F3091F46-FE31-454D-AEC3-AB231C1592BA,FUNCTIONAL,TWELVE OCLOCK,PASSENGER CAR,OTHER,North,25,No,No,2020,MERZ,SD,39.08699436,-77.15287825,"(39.08699436, -77.15287825)"
MCP2962006D,220010909,Montgomery County Police,Property Damage Crash,03/14/2022 07:44:00 AM,Maryland (State),GREAT SENECA HWY,QUEENSTOWN LA,,N/A,,SAME DIR REAR END,CLEAR,DRY,DAYLIGHT,NO CONTROLS,NONE DETECTED,,5A632585-9EAE-41AF-93A7-8E99F7347D8F,No,NO APPARENT INJURY,N/A,NOT DISTRACTED,MD,31F35E84-D17D-4CCE-81C1-4DACA3A387B0,FUNCTIONAL,SIX OCLOCK,PASSENGER CAR,STOPPED IN TRAFFIC LANE,South,45,No,No,2021,ACURA,RDX,39.1549955,-77.277183,"(39.1549955, -77.277183)"
MCP2286000D,15025740,Montgomery County Police,Property Damage Crash,05/28/2015 04:11:00 PM,Municipality,ROLLINS AVE,ROCKVILLE PIKE,,N/A,,HEAD ON LEFT TURN,CLEAR,DRY,DAYLIGHT,NO CONTROLS,NONE DETECTED,,46B541F4-E03E-4332-A55F-AD8815B1D60C,No,NO APPARENT INJURY,N/A,NOT DISTRACTED,MD,BCDF11DD-78B9-4B22-8ACE-9BA566EB9DD4,DISABLING,TWELVE OCLOCK,PASSENGER CAR,MOVING CONSTANT SPEED,East,35,No,No,2002,MERC,TK MOUNTAINEER,39.05879167,-77.1225,"(39.05879167, -77.1225)"
MCP3220004Y,240054904,MONTGOMERY,Injury Crash,11/15/2024 06:52:00 PM,Maryland (State) Route,KEY WEST AVE (WB/L),,,,,Front to Rear,Clear,Dry,Dark - Not Lighted,Traffic Control Signal,"Unknown, Unknown",,F87D84D4-7C58-4864-A43E-32BF8E3245EC,No,Possible Injury,,Unknown,,79390F20-E17D-43CB-AB6E-AC16355EE988,Vehicle Not at Scene,Vehicle Not at Scene,Unknown,,Westbound,40,No,No,0,,,39.103466,-77.2058925,"(39.103466, -77.2058925)"
MCP292300CD,240029354,MONTGOMERY,Property Damage Crash,06/20/2024 08:53:00 PM,County Route,FERN ST,,,,,Front to Rear,Clear,Dry,Dark - Lighted,Traffic Control Signal,"Suspect of Alcohol Use, Not Suspect of Drug Use",,673E010F-1CF0-4ADE-9CFE-FE1207A6F39D,No,No Apparent Injury,,Not Distracted,MD,736075D3-0128-4221-AF99-52D033E938AC,Superficial,Twelve O Clock,Sport Utility Vehicle,Accelerating,Southbound,25,No,,2020,MITSUBISHI,OUTLANDER,39.03907898,-77.04971368,"(39.03907898, -77.04971368)"
MCP2967005F,240015231,MONTGOMERY,Property Damage Crash,04/01/2024 06:11:00 PM,Maryland (State) Route,OLD GEORGETOWN RD (SB/L),,,,,Front to Rear,Cloudy,Dry,Daylight,Traffic Control Signal,"Not Suspect of Alcohol Use, Not Suspect of Drug Use",,CFCEEDFD-382E-40B3-B5E2-EE7595DCA66C,No,No Apparent Injury,Followed Too Closely,Unknown,MD,783CB30A-3956-406B-9AB7-ADC3197B4751,Disabling,Twelve O Clock,Passenger Car,Slowing or Stopping,Southbound,35,No,No,2018,MAZDA,MX-5,39.00287144,-77.10998484,"(39.00287144, -77.10998484)"
MCP2728002K,16030665,Montgomery County Police,Injury Crash,06/17/2016 03:34:00 PM,US (State),COLUMBIA PIKE,SOUTHWEST DR,,N/A,,SAME DIR REAR END,CLEAR,DRY,DAYLIGHT,TRAFFIC SIGNAL,NONE DETECTED,,76F142BA-0FCA-4CC9-B997-D1B01EA55D5C,Yes,NO APPARENT INJURY,N/A,LOOKED BUT DID NOT SEE,MD,C7AF5A53-C764-404A-A7D4-BF5813AE3729,DISABLING,TWELVE OCLOCK,PASSENGER CAR,STARTING FROM LANE,South,40,No,No,2009,HYUN,SANTA FE,39.037205,-76.999475,"(39.037205, -76.999475)"
MCP2254002T,200003968,Montgomery County Police,Injury Crash,01/24/2020 12:00:00 PM,Maryland (State),CLARKSBURG RD,WHELAN LA,,N/A,,SAME DIRECTION SIDESWIPE,N/A,DRY,DAYLIGHT,NO CONTROLS,NONE DETECTED,,E3013A5B-1292-4C29-A184-512FFA46D6CE,Unknown,NO APPARENT INJURY,N/A,NOT DISTRACTED,MD,81C86C84-622E-4B58-BBD5-9789D17665EB,SUPERFICIAL,ONE OCLOCK,PASSENGER CAR,MOVING CONSTANT SPEED,South,45,No,No,2015,SUBA,TK,39.228585,-77.28898333,"(39.228585, -77.28898333)"
MCP20720062,220047937,Montgomery County Police,Property Damage Crash,11/01/2022 07:43:00 AM,Maryland (State),RIDGE RD,SWEEPSTAKES RD,,N/A,,SAME DIR REAR END,RAINING,WET,DAYLIGHT,NO CONTROLS,NONE DETECTED,,10D60890-89F4-45CA-91D5-AF8943CF300D,No,NO APPARENT INJURY,"SLEET, HAIL, FREEZ. RAIN, WET",NOT DISTRACTED,MD,77E44BE6-0C3D-464B-9263-4F43ADCC591C,DESTROYED,SIX OCLOCK,PASSENGER CAR,SLOWING OR STOPPING,North,40,No,No,2015,NISS,4S,39.260725,-77.22283333,"(39.260725, -77.22283333)"
MCP2436008Y,190052357,Montgomery County Police,Injury Crash,10/31/2019 08:10:00 AM,County,NORTHAMPTON DR,NEW HAMPSHIRE AVE,,N/A,,SAME DIR REAR END,CLOUDY,WET,DAYLIGHT,NO CONTROLS,NONE DETECTED,,B9E4F90D-40F1-409E-9276-05C6FFF2CA1A,No,POSSIBLE INJURY,"N/A, WET",NOT DISTRACTED,MD,4E3CAB16-116C-4EFE-8C2D-1715922ABDF5,SUPERFICIAL,SIX OCLOCK,PASSENGER CAR,STOPPED IN TRAFFIC LANE,South,30,No,No,2018,TOYOTA,CAMRY,39.007225,-76.98277333,"(39.007225, -76.98277333)"
MCP137800S1,190042749,Montgomery County Police,Injury Crash,09/06/2019 02:16:00 PM,,,,PARKING LOT OF 500 PERRY PKWY,,,OTHER,CLOUDY,,DAYLIGHT,NO CONTROLS,NONE DETECTED,,0FACE145-4297-4D85-9726-AF38C19F64CB,No,NO APPARENT INJURY,N/A,NOT DISTRACTED,MD,8D0A8398-266E-4BAF-9136-FD897CF81C16,FUNCTIONAL,ONE OCLOCK,(SPORT) UTILITY VEHICLE,PARKED,,10,No,Yes,2010,HONDA,PILOT,39.14814167,-77.213995,"(39.14814167, -77.213995)"