Report Number,Local Case Number,Agency Name,ACRS Report Type,Crash Date/Time,Route Type,Road Name,Cross-Street Name,Off-Road Description,Municipality,Related Non-Motorist,Collision Type,Weather,Surface Condition,Light,Traffic Control,Driver Substance Abuse,Non-Motorist Substance Abuse,Person ID,Driver At Fault,Injury Severity,Circumstance,Driver Distracted By,Drivers License State,Vehicle ID,Vehicle Damage Extent,Vehicle First Impact Location,Vehicle Body Type,Vehicle Movement,Vehicle Going Dir,Speed Limit,Driverless Vehicle,Parked Vehicle,Vehicle Year,Vehicle Make,Vehicle Model,Latitude,Longitude,Location
DM8476001B,200038901,Takoma Park Police Depart,Property Damage Crash,10/03/2020 06:59:00 AM,Maryland (State),PINEY BRANCH RD,IN CORP LMTS TAKOMA PARK,,N/A,,STRAIGHT MOVEMENT ANGLE,CLEAR,DRY,DAWN,N/A,N/A,,9A5652A0-9C3C-4369-B4CB-3682321DE12C,Yes,NO APPARENT INJURY,N/A,LOOKED BUT DID NOT SEE,MD,A8B78F98-A823-48C0-BE7B-2A0DE841BA85,FUNCTIONAL,SEVEN OCLOCK,PASSENGER CAR,BACKING,East,30,No,No,2013,VOLK,SW,38.979138,-77.017778,"(38.979138, -77.017778)"
MCP32440002,200016895,Montgomery County Police,Property Damage Crash,04/23/2020 08:35:00 AM,County,SAM EIG HWY,GREAT SENECA HWY,,N/A,,SAME DIR REAR END,CLEAR,DRY,DAYLIGHT,TRAFFIC SIGNAL,N/A,,8EE79E25-1C4C-471E-984B-31412B476454,No,NO APPARENT INJURY,N/A,NOT DISTRACTED,MD,723B9E1C-3D99-4CBF-B09C-B726B056F2E6,DISABLING,SIX OCLOCK,PASSENGER CAR,MOVING CONSTANT SPEED,South,35,No,No,2017,HONDA,ACCORD,39.10893803,-77.21208711,"(39.10893803, -77.21208711)"
MCP2651001P,170536002,Montgomery County Police,Injury Crash,10/11/2017 11:35:00 AM,Maryland (State),NEW HAMPSHIRE AVE,ADELPHI RD,,N/A,,STRAIGHT MOVEMENT ANGLE,N/A,DRY,DAYLIGHT,FLASHING TRAFFIC SIGNAL,NONE DETECTED,,C05F8B4F-F725-484D-ACF8-684835970454,No,POSSIBLE INJURY,N/A,NOT DISTRACTED,MD,2ED69EA4-6B27-4CC3-9D1B-F1C2B2909C64,DISABLING,FOUR OCLOCK,PASSENGER CAR,ACCELERATING,West,40,No,No,2005,HONDA,CRV,39.01138946,-76.97908759,"(39.01138946, -76.97908759)"
MCP26410034,230024192,Montgomery County Police,Injury Crash,05/20/2023 11:10:00 AM,Maryland (State),MAIN ST,WOODFIELD RD,,N/A,,STRAIGHT MOVEMENT ANGLE,CLEAR,DRY,DAYLIGHT,N/A,NONE DETECTED,,5A1D1C87-B5C4-4770-875A-86008E5E7FFB,Yes,NO APPARENT INJURY,N/A,NOT DISTRACTED,MD,5A5A8974-40B4-47F8-88D5-B711B6A91C19,DISABLING,TWELVE OCLOCK,PASSENGER CAR,MAKING LEFT TURN,North,35,No,No,2015,BUICK,LOCROSSIE,39.289325,-77.20090167,"(39.289325, -77.20090167)"
MCP2418000X,200023109,Montgomery County Police,Property Damage Crash,06/12/2020 02:08:00 PM,,GEORGIA AVENUE,LOCUST GROVE,,N/A,,SAME DIRECTION LEFT TURN,CLEAR,DRY,DAYLIGHT,NO CONTROLS,NONE DETECTED,,70E35F56-2FD8-456B-BE2B-C2AC9A731008,No,NO APPARENT INJURY,N/A,NOT DISTRACTED,DC,C123C138-AE6E-44C2-B7F0-1B5A1BFA1294,DISABLING,TWELVE OCLOCK,PASSENGER CAR,MOVING CONSTANT SPEED,South,40,No,No,2018,INIFINITI,Q505,38.9971064,-77.0292033,"(38.9971064, -77.0292033)"
MCP26560044,190028680,Montgomery County Police,Injury Crash,06/15/2019 08:25:00 PM,US (State),COLUMBIA PIKE,STEWART LA,,N/A,,STRAIGHT MOVEMENT ANGLE,CLEAR,DRY,DARK LIGHTS ON,TRAFFIC SIGNAL,N/A,,9880A815-DE0F-459E-9415-8285C43573CF,Yes,POSSIBLE INJURY,N/A,LOOKED BUT DID NOT SEE,MD,823CCC64-1F9D-4DC8-A244-E6EDA1D620DF,DISABLING,TWO OCLOCK,PASSENGER CAR,STARTING FROM LANE,South,50,No,No,2011,TOYOTA,CAMRY,39.046505,-76.98691333,"(39.046505, -76.98691333)"
MCP14170054,16022423,Montgomery County Police,Injury Crash,05/06/2016 11:08:00 AM,County,SNOUFFERS SCHOOL RD,GOSHEN RD,,N/A,,SAME DIRECTION LEFT TURN,RAINING,WET,DAYLIGHT,NO CONTROLS,NONE DETECTED,,69278C83-3792-4605-852C-599D0FB15D88,Yes,NO APPARENT INJURY,"RAIN, SNOW, WET",UNKNOWN,MD,AE7E3811-6F51-4208-848E-20CED4677045,DISABLING,ELEVEN OCLOCK,PASSENGER CAR,MAKING U TURN,North,35,No,No,2006,NISSAN,SENTRA,39.18710833,-77.18562333,"(39.18710833, -77.18562333)"
MCP31120021,190016520,Montgomery County Police,Property Damage Crash,04/09/2019 04:00:00 PM,Maryland (State),OLD GEORGETOWN RD,CORDELL AVE,,N/A,,STRAIGHT MOVEMENT ANGLE,CLEAR,DRY,DAYLIGHT,STOP SIGN,NONE DETECTED,,9709B7B4-3E7B-4148-9FFC-A68315EE29A3,Yes,NO APPARENT INJURY,N/A,UNKNOWN,MD,2D4C1F4D-1DA8-46F6-BFF1-17AF295621E4,DISABLING,ONE OCLOCK,PASSENGER CAR,ACCELERATING,East,25,No,No,2017,HONDA,ACCORD,38.988157,-77.09962767,"(38.988157, -77.09962767)"
MCP1453009B,210021740,Montgomery County Police,Property Damage Crash,06/08/2021 07:20:00 AM,County,BETHESDA CHURCH RD,CLARKSBURG RD,,N/A,,OTHER,CLOUDY,DRY,DAYLIGHT,STOP SIGN,NONE DETECTED,,6865E918-8842-4934-8E35-CD165B89DFC8,No,NO APPARENT INJURY,N/A,NOT DISTRACTED,MD,C3A4CEFA-D1E4-4C61-A1AE-96F50F65DAB7,FUNCTIONAL,TWELVE OCLOCK,(SPORT) UTILITY VEHICLE,STOPPED IN TRAFFIC LANE,East,30,No,No,2016,SUBARU,FORSTER,39.30745333,-77.24327,"(39.30745333, -77.24327)"
MCP2361000C,170525693,Montgomery County Police,Property Damage Crash,08/19/2017 11:16:00 AM,Maryland (State),CLOPPER RD,STONERIDGE DR,,N/A,,HEAD ON LEFT TURN,CLEAR,DRY,DAYLIGHT,NO CONTROLS,NONE DETECTED,,D34D4BEC-52D3-447D-9064-7EACF9662B8F,No,NO APPARENT INJURY,N/A,NOT DISTRACTED,MD,3AEC3D53-806B-4F24-8515-81D17112F94E,DISABLING,TWELVE OCLOCK,PASSENGER CAR,MOVING CONSTANT SPEED,South,35,No,No,2013,TOYOTA,CAMRY,39.14891167,-77.24043333,"(39.14891167, -77.24043333)"
MCP2260002R,240060789,MONTGOMERY,Property Damage Crash,12/20/2024 05:25:00 AM,Maryland (State) Route,,BRINK RD BRINK RD (WB/L) SUNDOWN RD,,,,Front to Rear,Clear,Dry,Dark - Lighted,Flashing Traffic Control Signal,"Not Suspect of Alcohol Use, Not Suspect of Drug Use",,C7037298-EA04-4C37-8E79-8E10C16D8611,No,No Apparent Injury,,Unknown,MD,C5EE6804-592F-4E9A-92F5-9DEE847A2509,Functional,Four O Clock,Van - Cargo,Moving Constant Speed,Southbound,40,No,No,2020,NISSAN,NV,39.21219605,-77.14270537,"(39.21219605, -77.14270537)"
MCP1151007H,180017572,Montgomery County Police,Property Damage Crash,04/11/2018 09:40:00 AM,Maryland (State),GREAT SENECA HWY,COTTAGE GARDEN DR,,N/A,,SAME DIRECTION SIDESWIPE,CLEAR,DRY,DAYLIGHT,TRAFFIC SIGNAL,NONE DETECTED,,77B6A9FD-2ED7-45D9-9850-F0D0022372BB,No,NO APPARENT INJURY,N/A,NOT DISTRACTED,MD,EC554B9F-1862-48DC-AFD7-8D9ED27D547F,DISABLING,SEVEN OCLOCK,TRANSIT BUS,STOPPED IN TRAFFIC LANE,North,45,No,No,2017,GILG,BU,39.15292333,-77.27817667,"(39.15292333, -77.27817667)"
MCP2455000Y,15060285,MONTGOMERY,Injury Crash,11/25/2015 12:59:00 PM,County,CRABBS BRANCH WAY,INDIANOLA DR,,N/A,,HEAD ON,CLEAR,DRY,DAYLIGHT,TRAFFIC SIGNAL,N/A,,F8BF7E71-1265-4F16-AADE-53467DD79C0D,No,POSSIBLE INJURY,N/A,NOT DISTRACTED,MD,0A08D2AE-FA0A-46FE-80B1-7395BDEAE669,DISABLING,TWELVE OCLOCK,(SPORT) UTILITY VEHICLE,STOPPED IN TRAFFIC LANE,North,35,No,No,2002,TOYOTA,RAV4,39.114619,-77.156949,"(39.114619, -77.156949)"
MCP91130028,17013115,Montgomery County Police,Property Damage Crash,03/13/2017 02:59:00 PM,County,RANDOLPH RD,CONNECTICUT AVE,,N/A,,OTHER,CLEAR,DRY,DAYLIGHT,NO CONTROLS,NONE DETECTED,,27F6182B-CC5C-411E-9A90-23952814D287,Yes,NO APPARENT INJURY,N/A,NOT DISTRACTED,MD,3FA26252-FB89-4604-81BC-7063884716FD,SUPERFICIAL,FOUR OCLOCK,TRANSIT BUS,CHANGING LANES,West,35,No,No,2009,NEW FLYER,TRANSIT BUS,39.05756833,-77.07237833,"(39.05756833, -77.07237833)"
MCP3257003H,210047968,Montgomery County Police,Property Damage Crash,11/25/2021 11:00:00 PM,Maryland (State),ROCKVILLE PIKE,TUCKERMAN LA,,N/A,,SAME DIR REAR END,RAINING,WET,DARK LIGHTS ON,TRAFFIC SIGNAL,NONE DETECTED,,4598A028-C79B-4753-9542-19CFAC1A4E9D,No,NO APPARENT INJURY,N/A,NOT DISTRACTED,MD,BDB54405-32C0-4C42-BBD9-230050705575,SUPERFICIAL,SIX OCLOCK,POLICE VEHICLE/NON EMERGENCY,STOPPED IN TRAFFIC LANE,South,40,No,No,2017,CHEVY,TAHOE,39.03074039,-77.10520954,"(39.03074039, -77.10520954)"
MCP30890045,230060319,Montgomery County Police,Property Damage Crash,10/13/2023 02:50:00 PM,US (State),COLESVILLE RD,ROWEN RD,,N/A,,SAME DIR REAR END,CLEAR,DRY,DAYLIGHT,NO CONTROLS,N/A,,2BF6270F-FD3E-45AE-AEDA-8E349979A7EF,Yes,NO APPARENT INJURY,N/A,LOOKED BUT DID NOT SEE,DC,9A8A5097-685A-490A-BEAE-89B633588B49,DISABLING,TWELVE OCLOCK,PASSENGER CAR,MOVING CONSTANT SPEED,North,25,No,No,2018,CHEVY,EQUINOX,39.00417833,-77.02362833,"(39.00417833, -77.02362833)"
EJ78350006,16059818,Gaithersburg Police Depar,Property Damage Crash,11/21/2016 01:44:00 AM,Maryland (State),GREAT SENECA HWY,SPUR TO MD 124,,N/A,,SINGLE VEHICLE,CLEAR,DRY,DARK LIGHTS ON,TRAFFIC SIGNAL,ALCOHOL CONTRIBUTED,,CB12C6C9-8356-4C38-8A71-77B849A976E2,Yes,NO APPARENT INJURY,N/A,UNKNOWN,MD,AA00FD1D-9E16-4BA0-AE89-996F51770D3A,DISABLING,ONE OCLOCK,(SPORT) UTILITY VEHICLE,SKIDDING,North,50,No,No,2004,MERCURY,MOUNTAINEER,39.12831833,-77.23718333,"(39.12831833, -77.23718333)"
MCP9428003M,210030367,Montgomery County Police,Property Damage Crash,08/05/2021 09:17:00 AM,Maryland (State),RIDGE RD,DAVIS MILL RD,,N/A,,SAME DIR REAR END,N/A,DRY,DAYLIGHT,NO CONTROLS,NONE DETECTED,,6A5EBC52-0DCD-46AD-BFF4-23BB0E7D408B,No,NO APPARENT INJURY,N/A,NOT DISTRACTED,MD,9C5CDA5B-71A6-4D47-A19A-DDF55AFEA65F,DISABLING,SIX OCLOCK,(SPORT) UTILITY VEHICLE,STOPPED IN TRAFFIC LANE,South,40,No,No,2016,FORD,ESCAPE,39.24047,-77.23497167,"(39.24047, -77.23497167)"
MCP1235003K,210048264,Montgomery County Police,Property Damage Crash,11/28/2021 07:44:00 AM,County,MUSGROVE RD,SUMMER HILL DR,,N/A,,SINGLE VEHICLE,CLEAR,DRY,DAYLIGHT,NO CONTROLS,NONE DETECTED,,F7C947D0-ED1A-49D4-BCDD-49E3E70734FA,Yes,NO APPARENT INJURY,N/A,NOT DISTRACTED,MD,3D4B59A0-36AE-44C3-B940-8BFAB7129D8A,FUNCTIONAL,ONE OCLOCK,PASSENGER CAR,MOVING CONSTANT SPEED,West,40,No,No,2015,HYUNDAI,ELANTRA,39.06788667,-76.95615667,"(39.06788667, -76.95615667)"
MCP1378010V,220010163,Montgomery County Police,Injury Crash,03/09/2022 03:16:00 PM,US (State),COLESVILLE RD,EXIT FR SCHOOL,,N/A,,SAME DIR REAR END,RAINING,WET,DAYLIGHT,NO CONTROLS,NONE DETECTED,,5C738F1E-B328-412B-A7B5-97A65ADFD7B7,No,POSSIBLE INJURY,"RAIN, SNOW, WET",NOT DISTRACTED,MD,0FB951BB-CF4F-4374-A225-DA2D25414DEB,SUPERFICIAL,SIX OCLOCK,PASSENGER CAR,SLOWING OR STOPPING,North,35,No,No,2016,TOYT,CAMRY,39.01891349,-77.0139073,"(39.01891349, -77.0139073)"
MCP26370024,170542373,Montgomery County Police,Property Damage Crash,11/12/2017 12:07:00 PM,Maryland (State),FALLS RD,GLEN RD,,N/A,,OTHER,CLOUDY,DRY,DAYLIGHT,NO CONTROLS,UNKNOWN,,CF7EACDB-2D4D-4E29-B365-87515530F96B,No,NO APPARENT INJURY,N/A,NOT DISTRACTED,,77E95AF9-64BC-4B9F-894E-B32C0FCD44FD,SUPERFICIAL,TEN OCLOCK,,SLOWING OR STOPPING,North,35,No,No,0,UNKNOWN,UNKNOWN,39.04614425,-77.19126105,"(39.04614425, -77.19126105)"
MCP3192001M,200050547,Montgomery County Police,Property Damage Crash,12/23/2020 06:16:00 PM,Maryland (State),GEORGIA AVE,GEORGIAN WOODS PL,,N/A,,SAME DIR REAR END,CLEAR,DRY,DARK LIGHTS ON,NO CONTROLS,NONE DETECTED,,02950D90-80AB-4E44-BF18-6675312E136C,Yes,NO APPARENT INJURY,N/A,UNKNOWN,MD,C4D6490B-D46D-480D-8766-F3B21A1F6DF5,NO DAMAGE,TWELVE OCLOCK,AMBULANCE/EMERGENCY,SLOWING OR STOPPING,North,35,No,No,2020,INTL,TRUCK,39.05546767,-77.04996783,"(39.05546767, -77.04996783)"
MCP3130000W,180057950,Montgomery County Police,Injury Crash,11/19/2018 06:15:00 AM,,,,PARKING LOT LOCATED AT 3740 BEL PRE ROAD,,PEDESTRIAN,OTHER,CLEAR,,DARK NO LIGHTS,N/A,NONE DETECTED,NONE DETECTED,B234F2A6-9461-4B7E-8702-973080A7A2F0,Yes,NO APPARENT INJURY,N/A,UNKNOWN,MD,2C44AE90-81EA-4DF9-A794-C2ABCB858802,NO DAMAGE,TWELVE OCLOCK,PASSENGER CAR,MAKING LEFT TURN,West,0,No,No,2016,FORD,EXPLORER,39.092615,-77.07494,"(39.092615, -77.07494)"
MCP92150001,240045523,MONTGOMERY,Property Damage Crash,09/18/2024 07:14:00 AM,County Route,BRINK RD,,,,,Single Vehicle,Rain,Wet,Daylight,No Controls,"Not Suspect of Alcohol Use, Not Suspect of Drug Use",,69EA68FE-1A7D-4F7C-ACD8-E5B916B81ABF,No,No Apparent Injury,Ran Off Roadway,Not Distracted,MD,1078FBF6-CADE-4E86-832D-59BBDD952E72,Disabling,Twelve O Clock,Passenger Car,Moving Constant Speed,Northbound,30,No,No,2019,NISSAN,SENTRA,39.20079035,-77.19367943,"(39.20079035, -77.19367943)"
MCP2586007V,240058864,MONTGOMERY,Property Damage Crash,12/09/2024 02:25:00 PM,County Route,BRINK RD (WB/L),,,,,Single Vehicle,Clear,Oil,Daylight,No Controls,"Not Suspect of Alcohol Use, Not Suspect of Drug Use",,17023C7A-091D-40A6-8B47-0AEF6F5EE8B8,No,No Apparent Injury,,Not Distracted,MD,56BAAEAD-B57A-4F02-9CE7-C0C38757A95C,Disabling,Twelve O Clock,Passenger Car,Negotiating a Curve,Westbound,40,No,No,2009,TOYOTA,CAMRY,39.20616379,-77.18562866,"(39.20616379, -77.18562866)"
MCP3351000M,230019309,Montgomery County Police,Property Damage Crash,04/22/2023 08:16:00 PM,US (State),GEORGIA AVE,BURLINGTON AVE,,N/A,,SAME DIR REAR END,RAINING,WET,DARK LIGHTS ON,TRAFFIC SIGNAL,NONE DETECTED,,77F73E8B-930C-4498-BE75-02F9868EA192,No,NO APPARENT INJURY,N/A,NOT DISTRACTED,MD,25979330-B9C6-4B74-B778-4581D1238B87,SUPERFICIAL,FIVE OCLOCK,PASSENGER CAR,STOPPED IN TRAFFIC LANE,South,30,No,No,2019,AUDI,4S,38.98805672,-77.02671071,"(38.98805672, -77.02671071)"
MCP2894005J,190007862,Montgomery County Police,Injury Crash,02/18/2019 02:45:00 PM,Maryland (State),ROCKVILLE PIKE,TUCKERMAN LA,,N/A,,STRAIGHT MOVEMENT ANGLE,CLEAR,DRY,DAYLIGHT,NO CONTROLS,NONE DETECTED,,D89BB99A-00B7-4246-8C82-D626A8F11575,Yes,NO APPARENT INJURY,N/A,LOOKED BUT DID NOT SEE,MD,FF068EED-62AA-4A36-8A62-9F39C39511D9,DISABLING,TWELVE OCLOCK,PASSENGER CAR,MAKING LEFT TURN,North,45,No,No,2008,LEXUS,4 DOOR,39.02615333,-77.10360833,"(39.02615333, -77.10360833)"
MCP2752004J,220008423,Montgomery County Police,Property Damage Crash,02/26/2022 02:30:00 PM,,,,"PARKING GARAGE AT 7101 DEMOCRACY BLVD, BETHESDA, MONTGOMERY COUNTY, MD 20817",,,SAME DIRECTION SIDESWIPE,CLEAR,,DAYLIGHT,NO CONTROLS,UNKNOWN,,8D271065-2CE0-42E5-B15B-4DE2D7EEB63E,Yes,NO APPARENT INJURY,N/A,UNKNOWN,,7ABAE4E2-B356-4BDE-A47C-567F16F2FB27,UNKNOWN,UNKNOWN,AMBULANCE/EMERGENCY,UNKNOWN,Unknown,10,No,No,2008,TOYOTA,SEQUOIA,39.02397728,-77.14604542,"(39.02397728, -77.14604542)"
MCP94040039,210033308,Montgomery County Police,Injury Crash,08/26/2021 11:30:00 AM,County,SHADY GROVE RD,GAITHER RD,,N/A,,SAME DIR REND LEFT TURN,CLEAR,DRY,DAYLIGHT,TRAFFIC SIGNAL,N/A,,9574801D-FCD7-4CE9-B75E-D763EA175B47,No,POSSIBLE INJURY,N/A,NOT DISTRACTED,MD,F613C0DE-DC3C-40DA-9DA5-B5B4D82E8E07,NO DAMAGE,SIX OCLOCK,"OTHER LIGHT TRUCKS (10,000LBS (4,536KG) OR LESS)",STOPPED IN TRAFFIC LANE,North,40,No,No,2013,HINO,TRUCK,39.11737992,-77.18348119,"(39.11737992, -77.18348119)"
MCP31290099,240022013,MONTGOMERY,Property Damage Crash,05/10/2024 08:10:00 AM,Maryland (State) Route,,BAILEYS LA,,,,Front to Rear,Cloudy,Wet,Daylight,Traffic Control Signal,"Not Suspect of Alcohol Use, Not Suspect of Drug Use",,D99E4F18-2966-40A5-8616-1272D902970F,No,No Apparent Injury,,Not Distracted,MD,4FE47AF3-C626-4FAE-94F0-1F85F2CFF933,Superficial,Six O Clock,Passenger Car,Stopped in Traffic,Westbound,40,No,No,2016,MAZDA,CX-5,39.11240603,-77.06437961,"(39.11240603, -77.06437961)"
MCP1205002P,16059420,Montgomery County Police,Injury Crash,11/18/2016 01:45:00 PM,Maryland (State),EAST WEST HWY,GLENDALE RD,,N/A,,STRAIGHT MOVEMENT ANGLE,CLEAR,DRY,DAYLIGHT,STOP SIGN,NONE DETECTED,,939EFA16-9366-491B-8A1A-4B71A8DAB7E6,No,SUSPECTED MINOR INJURY,N/A,NOT DISTRACTED,MD,D5446C8B-C4A9-4392-A442-2534D25FB48C,DISABLING,ELEVEN OCLOCK,PASSENGER CAR,MOVING CONSTANT SPEED,West,35,No,No,1998,HOND,ACCORD,38.98803667,-77.076635,"(38.98803667, -77.076635)"
MCP2504004J,190032343,Montgomery County Police,Injury Crash,07/07/2019 09:42:00 PM,Maryland (State),DARNESTOWN RD,MUDDY BRANCH RD,,N/A,,SAME DIR REAR END,CLOUDY,DRY,DARK LIGHTS ON,TRAFFIC SIGNAL,NONE DETECTED,,2F3B464A-047C-4F4E-9BA6-E08A44D2CD9D,No,SUSPECTED MINOR INJURY,N/A,NOT DISTRACTED,MD,76702993-64D2-46C8-B26E-5E7E4D96932F,DISABLING,SIX OCLOCK,(SPORT) UTILITY VEHICLE,STOPPED IN TRAFFIC LANE,East,40,No,No,2003,TOYOTA,SUV,39.10287667,-77.22147833,"(39.10287667, -77.22147833)"
MCP2399006H,220057039,Montgomery County Police,Injury Crash,12/23/2022 09:05:00 PM,County,GOSHEN RD,ODENDHAL AVE,,N/A,,STRAIGHT MOVEMENT ANGLE,CLEAR,DRY,DARK LIGHTS ON,TRAFFIC SIGNAL,NONE DETECTED,,E5D54A80-E8DD-4EDF-9B83-415C9DC345D1,No,POSSIBLE INJURY,N/A,NOT DISTRACTED,MD,E7665E35-0830-4767-B80B-AB16E4E499EF,DISABLING,NINE OCLOCK,PASSENGER CAR,MOVING CONSTANT SPEED,South,30,No,No,2013,TOYT,CAMRY,39.1525789,-77.1925063,"(39.1525789, -77.1925063)"
DM83740023,180053148,Takoma Park Police Depart,Injury Crash,10/23/2018 07:48:00 PM,Maryland (State),UNIVERSITY BLVD E,PRINCE GEORGES CO/L,,N/A,,SAME DIRECTION SIDESWIPE,CLEAR,DRY,DARK LIGHTS ON,TRAFFIC SIGNAL,NONE DETECTED,,88B09E36-6CB2-4328-A280-6BA8A67E2FBA,No,NO APPARENT INJURY,N/A,NOT DISTRACTED,MD,4C550A76-BF0F-4C73-AC84-468EE235DC7F,SUPERFICIAL,FOUR OCLOCK,PASSENGER CAR,STOPPED IN TRAFFIC LANE,East,0,No,No,2012,HONDA,CRV,38.98999833,-76.988915,"(38.98999833, -76.988915)"
MCP3427000D,240043747,MONTGOMERY,Injury Crash,09/14/2024 08:15:00 AM,County Route,DELLCASTLE RD,APPLE RIDGE RD TORREY POND PL,,,,Angle,Clear,Dry,Daylight,Stop Sign,"Not Suspect of Alcohol Use, Not Suspect of Drug Use",,0EF36CB0-A693-40AB-9F59-D4ECFC38CA91,No,Suspected Minor Injury,,Not Distracted,MD,0BA640F8-DFF8-491C-BBE3-4D1AD81C30DE,Disabling,Twelve O Clock,Passenger Car,Moving Constant Speed,,25,No,No,2016,CHEVROLET,EQUINOX,39.185335,-77.203485,"(39.185335, -77.203485)"
MCP15800071,17007244,Montgomery County Police,Property Damage Crash,02/10/2017 06:51:00 AM,Interstate (State),NO NAME,RAMP 7 FR IS 370 WB TO MD 355 SB,,N/A,,SAME DIRECTION RIGHT TURN,CLEAR,DRY,DAWN,NO CONTROLS,NONE DETECTED,,C558CF27-6E90-4802-B14F-CA69A17CF7AC,No,NO APPARENT INJURY,N/A,NOT DISTRACTED,MD,5FF97A44-3DA8-4F01-9A33-3436100BD186,FUNCTIONAL,ELEVEN OCLOCK,TRANSIT BUS,MOVING CONSTANT SPEED,West,55,No,No,2003,ORION,RIDE ON BUS,39.12738,-77.17446833,"(39.12738, -77.17446833)"
MCP31300040,210037566,Montgomery County Police,Injury Crash,09/23/2021 07:10:00 AM,Maryland (State),CONNECTICUT AVE,ASPEN HILL RD,,N/A,PEDESTRIAN,SINGLE VEHICLE,RAINING,WET,DAWN,TRAFFIC SIGNAL,NONE DETECTED,N/A,2C284C5E-32EA-4EFA-B0D6-EA35775FF49C,No,NO APPARENT INJURY,"RAIN, SNOW, WET",LOOKED BUT DID NOT SEE,MD,EDB0A46F-A5C4-4D2C-AB4E-E9A3F3350F9A,NO DAMAGE,TWELVE OCLOCK,PASSENGER CAR,ACCELERATING,East,35,No,No,2007,GMC,SAVANA,39.08033167,-77.08037,"(39.08033167, -77.08037)"
MCP94170016,16008813,Montgomery County Police,Injury Crash,02/22/2016 09:05:00 AM,Maryland (State),OLD GEORGETOWN RD,EXECUTIVE BLVD,,N/A,,SAME DIR REAR END,CLEAR,DRY,DAYLIGHT,TRAFFIC SIGNAL,NONE DETECTED,,4E8EC0F4-870A-4A98-8E34-6678C337918B,No,POSSIBLE INJURY,N/A,NOT DISTRACTED,MD,DB85C9AD-A22E-4416-BDE1-BB4C0CFDE571,SUPERFICIAL,SIX OCLOCK,VAN,SLOWING OR STOPPING,North,35,No,No,2007,NISSAN,QUEST,39.04804193,-77.1191445,"(39.04804193, -77.1191445)"
MCP12210049,170546876,Montgomery County Police,Injury Crash,12/06/2017 07:12:00 AM,Maryland (State),FREDERICK RD,SHADY GROVE RD,,N/A,,SAME DIR REAR END,CLOUDY,DRY,DAWN,TRAFFIC SIGNAL,NONE DETECTED,,04D93B00-D3E3-432A-8511-CC94ACD3DF5A,Yes,NO APPARENT INJURY,N/A,NOT DISTRACTED,MD,07F12FC7-710B-4DA4-BDE3-96FBB1A68219,SUPERFICIAL,TWELVE OCLOCK,VAN,SLOWING OR STOPPING,South,45,No,No,2016,CHEV,EXPRESS,39.12282667,-77.17804833,"(39.12282667, -77.17804833)"
MCP3233003S,230000081,Montgomery County Police,Property Damage Crash,01/01/2023 04:06:00 PM,Maryland (State),PINEY BRANCH RD,GARLAND AVE,,N/A,,SAME DIR REAR END,CLEAR,DRY,DAYLIGHT,NO CONTROLS,NONE DETECTED,,41DCE066-AED1-4397-9DBA-101116F43764,No,NO APPARENT INJURY,N/A,NOT DISTRACTED,XX,0F8D338C-49D6-40F5-8E7F-F0442BA5B97B,SUPERFICIAL,SIX OCLOCK,PASSENGER CAR,MAKING LEFT TURN,South,35,No,No,2016,HONDA,4D,38.99879623,-76.99880355,"(38.99879623, -76.99880355)"
MCP3200000H,190045533,Montgomery County Police,Injury Crash,09/23/2019 09:38:00 AM,Maryland (State),OLD GEORGETOWN RD,EXECUTIVE BLVD,,N/A,,STRAIGHT MOVEMENT ANGLE,CLEAR,DRY,DAYLIGHT,TRAFFIC SIGNAL,NONE DETECTED,,F6F36FF3-FB8F-4E8F-B40B-636278AA6E7F,No,POSSIBLE INJURY,N/A,NOT DISTRACTED,MD,46621C0A-4265-4D19-978B-ACBC91951C61,DISABLING,TWELVE OCLOCK,PASSENGER CAR,ACCELERATING,South,35,No,No,2010,SUBARU,FORESTER,39.04844667,-77.11931667,"(39.04844667, -77.11931667)"
MCP2160002B,210052537,Montgomery County Police,Property Damage Crash,12/24/2021 08:55:00 PM,County,WATKINS MILL RD,STEDWICK RD,,N/A,,STRAIGHT MOVEMENT ANGLE,CLEAR,DRY,DARK LIGHTS ON,N/A,N/A,,338D6748-C33D-4560-B81B-A4C2FC01DCB2,Yes,NO APPARENT INJURY,N/A,TALKING OR LISTENING TO CELLULAR PHONE,MD,3B0CE942-E3DD-44B3-998B-2C30F62E19A3,DISABLING,TWELVE OCLOCK,PASSENGER CAR,MOVING CONSTANT SPEED,North,35,No,No,2015,KIA,4S,39.17242383,-77.20843983,"(39.17242383, -77.20843983)"
MCP2545000W,220024528,Montgomery County Police,Property Damage Crash,06/08/2022 07:45:00 AM,County,KEMP MILL RD,GLENALLAN AVE,,N/A,,SAME DIR REAR END,CLEAR,DRY,DAYLIGHT,NO CONTROLS,N/A,,1970CF7D-15BA-4AB0-97AB-3E85BA4AB5E3,No,NO APPARENT INJURY,N/A,NOT DISTRACTED,MD,2AE5E2AB-2142-4050-932F-1557F52A6F80,DISABLING,SIX OCLOCK,PASSENGER CAR,STOPPED IN TRAFFIC LANE,North,30,No,No,2016,HYUNDAI,SONATA,39.06205333,-77.02659167,"(39.06205333, -77.02659167)"