Report Number,Local Case Number,Agency Name,ACRS Report Type,Crash Date/Time,Route Type,Road Name,Cross-Street Name,Off-Road Description,Municipality,Related Non-Motorist,Collision Type,Weather,Surface Condition,Light,Traffic Control,Driver Substance Abuse,Non-Motorist Substance Abuse,Person ID,Driver At Fault,Injury Severity,Circumstance,Driver Distracted By,Drivers License State,Vehicle ID,Vehicle Damage Extent,Vehicle First Impact Location,Vehicle Body Type,Vehicle Movement,Vehicle Going Dir,Speed Limit,Driverless Vehicle,Parked Vehicle,Vehicle Year,Vehicle Make,Vehicle Model,Latitude,Longitude,Location
MCP24550061,230047531,Montgomery County Police,Property Damage Crash,08/02/2023 09:27:00 PM,County,PARKLAWN DR,WILKINS AVE,,N/A,,SINGLE VEHICLE,CLEAR,DRY,DARK LIGHTS ON,NO CONTROLS,ALCOHOL PRESENT,,9FC9B228-7352-4B75-B8ED-50A044EF5CBA,Yes,NO APPARENT INJURY,N/A,UNKNOWN,FL,015AB4BE-35A1-46E7-9C53-E8040489439E,DISABLING,TWELVE OCLOCK,PASSENGER CAR,NEGOTIATING A CURVE,South,30,No,No,2018,FORD,ESCAPE,39.05673179,-77.10935363,"(39.05673179, -77.10935363)"
MCP2771003X,240053287,MONTGOMERY,Injury Crash,11/06/2024 01:16:00 PM,County Route,,,,,,Front to Rear,Cloudy,Dry,Daylight,Traffic Control Signal,"Not Suspect of Alcohol Use, Not Suspect of Drug Use",,32DE5A3B-567E-4E1D-903D-8B26435FC98A,No,No Apparent Injury,,Not Distracted,MD,29D9BE23-F794-4087-AA1A-304295B21495,Superficial,Twelve O Clock,Sport Utility Vehicle,Accelerating,Westbound,35,No,No,2024,KIA,SELTOS,39.09620962,-77.10980238,"(39.09620962, -77.10980238)"
DM8477000V,200024288,Takoma Park Police Depart,Injury Crash,06/21/2020 01:30:00 PM,Maryland (State),PHILADELPHIA AVE,HOLT PL,,TAKOMA PARK,,SAME DIR REAR END,CLEAR,DRY,DAYLIGHT,NO CONTROLS,NONE DETECTED,,9BF91145-C4A3-44D6-8DCA-8F67FD510122,No,NO APPARENT INJURY,N/A,NOT DISTRACTED,DC,EFD687A7-74D7-4CED-8BA5-A3A30DB3357A,FUNCTIONAL,SIX OCLOCK,PASSENGER CAR,STOPPED IN TRAFFIC LANE,North,25,No,No,2012,CHEVY,IMPALA,38.9876556,-77.0229949,"(38.9876556, -77.0229949)"
MCP2969001X,16016376,Montgomery County Police,Injury Crash,04/04/2016 10:10:00 AM,Maryland (State),VEIRS MILL RD,CLARIDGE RD,,N/A,,SAME DIR REAR END,CLEAR,DRY,DAYLIGHT,TRAFFIC SIGNAL,NONE DETECTED,,3B941B9C-4470-4ED8-9B3D-097EEFD549C5,No,NO APPARENT INJURY,N/A,NOT DISTRACTED,MD,1003EB4A-A9BE-4911-A58B-081A09F509F1,DISABLING,SIX OCLOCK,"CARGO VAN/LIGHT TRUCK 2 AXLES (OVER 10,000LBS (4,536 KG))",STOPPED IN TRAFFIC LANE,West,40,No,No,2014,CHEVYROLET,EXPRESS,39.04873167,-77.06924667,"(39.04873167, -77.06924667)"
MCP2617005Y,180045736,Montgomery County Police,Property Damage Crash,09/13/2018 01:41:00 PM,Maryland (State),UNIVERSITY BLVD W,HEMMINGWAY CT,,N/A,,ANGLE MEETS RIGHT TURN,CLOUDY,WET,DAYLIGHT,NO CONTROLS,NONE DETECTED,,53C77073-559D-4398-8E4A-7A21F2A07EC4,Yes,NO APPARENT INJURY,"N/A, WET",UNKNOWN,MD,9FE62C67-DDC5-47C7-B253-97524567FFC8,DISABLING,TEN OCLOCK,PASSENGER CAR,MAKING RIGHT TURN,South,35,No,No,2000,HONDA,CIVIC,39.03613167,-77.02678,"(39.03613167, -77.02678)"
MCP30160036,210030931,Montgomery County Police,Property Damage Crash,08/09/2021 12:20:00 PM,County,MIDDLEBROOK RD,FREDERICK RD,,N/A,,SAME DIR REAR END,CLEAR,DRY,DAYLIGHT,TRAFFIC SIGNAL,N/A,,7B1D7B7E-0BFF-4214-97F4-8EABAE9AC19E,Yes,NO APPARENT INJURY,N/A,LOOKED BUT DID NOT SEE,MD,8FAE8D10-D4E1-4834-BFC3-80621B37FC47,DISABLING,TWELVE OCLOCK,PASSENGER CAR,ACCELERATING,East,40,No,No,2012,AUDI,4S,39.18082667,-77.23882167,"(39.18082667, -77.23882167)"
MCP06170039,210052155,Montgomery County Police,Property Damage Crash,12/22/2021 09:14:00 AM,Maryland (State),OLNEY LAYTONSVILLE RD,BOWIE MILL RD,,N/A,,SAME DIR REAR END,CLEAR,ICE,DAYLIGHT,TRAFFIC SIGNAL,NONE DETECTED,,6973B252-7D01-41F9-A912-E02A5252F543,Yes,NO APPARENT INJURY,"ICY OR SNOW-COVERED, N/A",NOT DISTRACTED,MD,9E0E5F4E-6D41-4DFC-8E03-C50F96EC655C,FUNCTIONAL,ONE OCLOCK,POLICE VEHICLE/NON EMERGENCY,SLOWING OR STOPPING,East,40,No,No,2015,HOND,VN,39.161195,-77.0798,"(39.161195, -77.0798)"
MCP15680016,210022348,Montgomery County Police,Injury Crash,06/11/2021 04:30:00 PM,Maryland (State),DARNESTOWN RD,WHITES FERRY RD,,N/A,,ANGLE MEETS LEFT HEAD ON,RAINING,WET,DAYLIGHT,STOP SIGN,N/A,,14240AC3-8C8B-4484-B5BE-E52BDE2F0D76,No,SUSPECTED SERIOUS INJURY,"RAIN, SNOW, WET",NOT DISTRACTED,VA,32B1C785-5627-4E3C-86A0-38049BA03DAF,DISABLING,THREE OCLOCK,PASSENGER CAR,MOVING CONSTANT SPEED,East,50,No,No,2015,FORD,EDGE,39.1285731,-77.342946,"(39.1285731, -77.342946)"
DD5633009B,250008290,ROCKVILLE,Property Damage Crash,02/25/2025 10:55:00 AM,Municipality Route,TAFT ST,E GUDE DR,,,,Angle,Clear,Dry,Daylight,Traffic Control Signal,"Not Suspect of Alcohol Use, Not Suspect of Drug Use",,B55340BF-C37A-45F6-8C09-AC0D81EF6AAC,No,No Apparent Injury,,Not Distracted,VA,90ED9913-F143-4EA6-8109-53D3C90FCE2B,Disabling,Ten O Clock,Pickup,Moving Constant Speed,,35,No,No,2012,CHEVROLET,SILVERADO,39.09420114,-77.13245497,"(39.09420114, -77.13245497)"
MCP2805004Y,220017365,Montgomery County Police,Property Damage Crash,04/24/2022 08:35:00 AM,County,SNOUFFERS SCHOOL RD,MALLORY PL,,N/A,,HEAD ON LEFT TURN,CLEAR,DRY,DAYLIGHT,NO CONTROLS,NONE DETECTED,,D28A86F5-19A4-4BD5-A1E1-E8D48543AE5E,Yes,NO APPARENT INJURY,N/A,NOT DISTRACTED,MD,13313415-4B84-4E0B-99D9-BA37BCBF16AD,SUPERFICIAL,TWELVE OCLOCK,PICKUP TRUCK,MAKING LEFT TURN,West,40,No,No,2009,TOYOTA,TACOMA,39.16526033,-77.16860933,"(39.16526033, -77.16860933)"
MCP2039007X,220040278,Montgomery County Police,Injury Crash,09/16/2022 12:51:00 PM,Maryland (State),VEIRS MILL RD,ASPEN HILL RD,,N/A,,HEAD ON LEFT TURN,CLEAR,DRY,DAYLIGHT,TRAFFIC SIGNAL,N/A,,9712466C-9BA4-42A8-8D85-8C07B2B54630,Yes,POSSIBLE INJURY,N/A,LOOKED BUT DID NOT SEE,MD,7E17C22A-0EC8-4AB8-8473-2B8F8C42FEF2,DISABLING,FIVE OCLOCK,PASSENGER CAR,MAKING LEFT TURN,North,45,No,No,2008,HONDA,ACCORD,39.069335,-77.10454167,"(39.069335, -77.10454167)"
MCP3153001N,190053936,Montgomery County Police,Injury Crash,11/08/2019 08:19:00 PM,Maryland (State),UNIVERSITY BLVD W,GLENPARK DR,,N/A,,SAME DIRECTION LEFT TURN,N/A,DRY,DARK LIGHTS ON,NO CONTROLS,NONE DETECTED,,E7AE59FE-AC7F-437E-BF4F-1389D84407C1,Yes,POSSIBLE INJURY,N/A,NOT DISTRACTED,MD,69275FDA-1F8D-4AFA-8846-1D2C45F1E9C5,DISABLING,EIGHT OCLOCK,PASSENGER CAR,CHANGING LANES,East,35,No,No,2008,HONDA,CRV,39.03648167,-77.03806,"(39.03648167, -77.03806)"
MCP2339004K,190036165,Montgomery County Police,Property Damage Crash,07/29/2019 04:00:00 PM,County,NEEDWOOD RD,REDLAND RD,,N/A,,SAME DIR REAR END,CLEAR,DRY,DAYLIGHT,TRAFFIC SIGNAL,N/A,,DF88B3BE-FDC6-4FA7-8861-73E42AA7F8FE,Yes,NO APPARENT INJURY,N/A,UNKNOWN,PA,08E599EF-DF88-4C9B-B62C-C8E2EC99CEEE,UNKNOWN,TWELVE OCLOCK,PASSENGER CAR,MAKING LEFT TURN,West,40,No,No,2010,HYUNDAI,4D,39.12405639,-77.15477092,"(39.12405639, -77.15477092)"
MCP2446003V,180032452,Montgomery County Police,Property Damage Crash,07/01/2018 03:18:00 PM,Maryland (State),RIDGE RD,BRINK RD,,N/A,,SAME DIR REAR END,CLEAR,DRY,DAYLIGHT,TRAFFIC SIGNAL,NONE DETECTED,,A5EF4BE6-8A01-415C-B020-FBE97612577C,No,NO APPARENT INJURY,N/A,NOT DISTRACTED,MD,D782B3BE-DAA8-4FE1-8707-45E97FEF0AAE,SUPERFICIAL,SIX OCLOCK,PASSENGER CAR,SLOWING OR STOPPING,North,40,No,No,2013,LEXUS,RX350,39.20965167,-77.24004167,"(39.20965167, -77.24004167)"
MCP2665001C,16011759,MONTGOMERY,Property Damage Crash,03/09/2016 05:36:00 PM,Maryland (State),OLD GEORGETOWN RD,ENT TO TILDEN MIDDLE SCHOOL,,N/A,,SAME DIRECTION SIDESWIPE,CLEAR,DRY,DUSK,NO CONTROLS,UNKNOWN,,67BC5731-C6D4-408D-BFBF-931C3CC31403,Yes,NO APPARENT INJURY,N/A,UNKNOWN,,6D9FA5CC-703B-40ED-82B8-8500401E42D2,UNKNOWN,UNKNOWN,,CHANGING LANES,South,40,Unknown,No,0,UNKNOWN,UNKNOWN,39.03245,-77.13565333,"(39.03245, -77.13565333)"
MCP29690026,16044362,Montgomery County Police,Injury Crash,08/31/2016 08:37:00 AM,Maryland (State),LAYHILL RD,MIDDLEVALE LA,,N/A,,SAME DIR REAR END,CLEAR,DRY,DAYLIGHT,TRAFFIC SIGNAL,NONE DETECTED,,5323ADFE-059B-4B50-B4AE-0512322AE3A7,No,NO APPARENT INJURY,N/A,NOT DISTRACTED,MD,4E578ADC-DF34-4A31-8CC9-1458B4A9FB66,SUPERFICIAL,SIX OCLOCK,PASSENGER CAR,SLOWING OR STOPPING,South,40,No,No,2008,GMC,ENVOY,39.08105833,-77.04733667,"(39.08105833, -77.04733667)"
MCP2869000M,15017774,Montgomery County Police,Injury Crash,04/16/2015 03:35:00 PM,Maryland (State),GEORGIA AVE,BLUERIDGE AVE,,N/A,,HEAD ON LEFT TURN,CLEAR,DRY,DAYLIGHT,TRAFFIC SIGNAL,NONE DETECTED,,053E69B9-D0AF-4EDD-9E70-83AD0DA9A440,Yes,POSSIBLE INJURY,N/A,NOT DISTRACTED,MD,64FA809E-489A-4B2F-94E3-B3EF2DC8985B,FUNCTIONAL,TWO OCLOCK,PASSENGER CAR,MAKING LEFT TURN,South,40,No,No,2000,CHEV,4S,39.04309868,-77.05200344,"(39.04309868, -77.05200344)"
MCP29620050,200003093,Montgomery County Police,Property Damage Crash,01/19/2020 06:41:00 AM,Maryland (State),CLOPPER RD,BAY BERRY DR,,N/A,,SINGLE VEHICLE,CLEAR,DRY,DARK LIGHTS ON,N/A,N/A,,C3CFA67C-A327-4B62-BCCA-E916DDAFC36B,Yes,NO APPARENT INJURY,N/A,UNKNOWN,XX,2F8CE735-F8FD-4152-A0BC-3E4EE37FF184,DISABLING,TWELVE OCLOCK,PASSENGER CAR,MOVING CONSTANT SPEED,East,35,No,No,2001,HONDA,ACCORD,39.15823118,-77.27336492,"(39.15823118, -77.27336492)"
MCP2539000H,15040679,MONTGOMERY,Property Damage Crash,08/14/2015 11:41:00 PM,Maryland (State),WISCONSIN AVE,EAST WEST HWY (W/B COUPLET),,N/A,,SAME DIR REAR END,CLOUDY,DRY,DARK LIGHTS ON,NO CONTROLS,UNKNOWN,,8A59A3CF-0CAF-4D39-B967-B0907CC922C6,Yes,NO APPARENT INJURY,N/A,UNKNOWN,,337171D8-707E-4EE1-9811-B96176C82FD5,UNKNOWN,TWELVE OCLOCK,PASSENGER CAR,SLOWING OR STOPPING,South,35,No,No,99,99,99,38.99004167,-77.09684167,"(38.99004167, -77.09684167)"
MCP3288000Y,210019463,Montgomery County Police,Injury Crash,05/23/2021 11:15:00 AM,County,MONTGOMERY VILLAGE AVE,WIGHTMAN RD,,N/A,,SAME DIR REAR END,CLEAR,DRY,DAYLIGHT,NO CONTROLS,NONE DETECTED,,22A7B69D-AD25-4E03-8D2F-E77389C9BA62,No,POSSIBLE INJURY,N/A,OTHER DISTRACTION,MD,91C4C7AC-BCF1-437E-B887-6DDB40E535CF,DISABLING,SIX OCLOCK,PASSENGER CAR,SLOWING OR STOPPING,South,35,No,No,2009,NISSAN,VERSA,39.19055333,-77.19279167,"(39.19055333, -77.19279167)"
MCP30190015,170526281,Montgomery County Police,Injury Crash,08/22/2017 07:45:00 PM,Interstate (State),CAPITAL BELTWAY,RIVER RD,,N/A,,SAME DIR REAR END,CLEAR,DRY,DAYLIGHT,NO CONTROLS,NONE DETECTED,,E218AAD1-7A7E-474F-8F1A-DB1448CC1B39,Unknown,SUSPECTED MINOR INJURY,N/A,UNKNOWN,VA,EDA00636-1950-49FE-AF05-D66DF9F6C864,DISABLING,SIX OCLOCK,PASSENGER CAR,SLOWING OR STOPPING,East,55,No,No,2009,NISSAN,VAN,38.99479167,-77.157965,"(38.99479167, -77.157965)"
MCP3274000J,210011955,Montgomery County Police,Injury Crash,03/31/2021 06:56:00 AM,Maryland (State),OLD GEORGETOWN RD,RAMP 8 FR MD 187 SB TO RAMP 9 (TO IS270),,N/A,,HEAD ON LEFT TURN,CLEAR,DRY,DAYLIGHT,TRAFFIC SIGNAL,NONE DETECTED,,530A4363-B0DE-4C73-AFDD-BB633CDA8AE0,No,SUSPECTED MINOR INJURY,N/A,NOT DISTRACTED,MD,1495AA82-0C67-4A66-A8E7-FAFE5E8B1C23,DISABLING,ELEVEN OCLOCK,PASSENGER CAR,ACCELERATING,South,35,No,No,2015,HOND,TK,39.03107817,-77.12653817,"(39.03107817, -77.12653817)"
MCP3168005X,230051344,Montgomery County Police,Property Damage Crash,08/25/2023 05:49:00 PM,Other Public Roadway,MONTROSE RD,MONTROSE PKWY,,N/A,,SAME DIR REAR END,CLEAR,WET,DAYLIGHT,TRAFFIC SIGNAL,NONE DETECTED,,DF6BBD83-17D2-4B4B-9991-7174987BCA4D,Yes,NO APPARENT INJURY,"N/A, WET",LOOKED BUT DID NOT SEE,XX,68E2651E-73E7-4346-B877-0053535C184E,SUPERFICIAL,TWELVE OCLOCK,PICKUP TRUCK,MOVING CONSTANT SPEED,East,35,No,No,1999,FORD,F150,39.05321728,-77.13612423,"(39.05321728, -77.13612423)"
MCP3360000J,230031984,Montgomery County Police,Property Damage Crash,07/06/2023 07:54:00 AM,County,HADLEY FARMS DR,FILBERT DR,,N/A,,SINGLE VEHICLE,CLEAR,DRY,DAYLIGHT,NO CONTROLS,UNKNOWN,,DE4066D8-6B1D-4C6E-951A-91A24B059C4D,Unknown,NO APPARENT INJURY,N/A,NO DRIVER PRESENT,,D992191E-95AF-40E6-B92F-516FF5D0E1DA,DISABLING,ONE OCLOCK,PASSENGER CAR,MOVING CONSTANT SPEED,West,25,Unknown,No,2011,LINCOLN,MKS,39.18085949,-77.15699585,"(39.18085949, -77.15699585)"
MCP3225000K,200019452,Montgomery County Police,Property Damage Crash,05/14/2020 04:30:00 PM,Maryland (State),GEORGIA AVE,UNIVERSITY BLVD W,,N/A,,SAME DIR REAR END,CLEAR,DRY,DAYLIGHT,NO CONTROLS,NONE DETECTED,,00B58718-0B19-4D2F-8E7E-1DB436237835,Yes,NO APPARENT INJURY,N/A,INATTENTIVE OR LOST IN THOUGHT,MD,69C3AE46-4234-41BC-B53B-BD700E9ABE66,SUPERFICIAL,TWELVE OCLOCK,PICKUP TRUCK,SLOWING OR STOPPING,North,25,No,No,2018,JEEP,WRANGLER,39.04185833,-77.05163167,"(39.04185833, -77.05163167)"
MCP3141001G,190049963,Montgomery County Police,Property Damage Crash,10/18/2019 10:17:00 AM,Maryland (State),OLD COLUMBIA PIKE,ENT TO BURTONSVILLE VILLAGE SHOPPING CTR,,N/A,,STRAIGHT MOVEMENT ANGLE,N/A,DRY,DAYLIGHT,TRAFFIC SIGNAL,NONE DETECTED,,D99C6DFE-61AE-4D2A-9DF1-7015A34C934B,Yes,NO APPARENT INJURY,N/A,INATTENTIVE OR LOST IN THOUGHT,MD,3E4DD351-699E-4898-966F-C5EE6A095837,SUPERFICIAL,ONE OCLOCK,(SPORT) UTILITY VEHICLE,MOVING CONSTANT SPEED,South,50,No,No,2008,HONDA,PILOT,39.11264178,-76.93286173,"(39.11264178, -76.93286173)"
MCP33690010,230021169,Montgomery County Police,Injury Crash,05/03/2023 03:16:00 PM,Maryland (State),SPENCERVILLE RD,PEACH ORCHARD RD,,N/A,,SAME DIR REAR END,CLOUDY,DRY,DAYLIGHT,NO CONTROLS,NONE DETECTED,,4F570CBA-C535-4EDD-BBD4-88D52AACDA00,Unknown,POSSIBLE INJURY,N/A,NOT DISTRACTED,MD,C7D91CC7-A406-4398-9A3E-552962D12FCA,SUPERFICIAL,TWELVE OCLOCK,PASSENGER CAR,MOVING CONSTANT SPEED,East,25,No,No,2015,TOYOTA,SD,39.11747716,-76.97044924,"(39.11747716, -76.97044924)"
MCP2046009Z,190026372,Montgomery County Police,Property Damage Crash,06/03/2019 06:50:00 AM,Maryland (State),NEW HAMPSHIRE AVE,LOCKWOOD DR,,N/A,,SAME DIR REAR END,CLEAR,DRY,DAYLIGHT,TRAFFIC SIGNAL,NONE DETECTED,,593D2DCF-3D94-4BD2-A61C-3C67A5596D51,Yes,NO APPARENT INJURY,N/A,NOT DISTRACTED,MD,76A3A7F2-5EC6-42F5-90C8-64F862E3438E,SUPERFICIAL,TWELVE OCLOCK,(SPORT) UTILITY VEHICLE,STARTING FROM LANE,South,40,No,No,2018,TOYOTA,RAV4,39.04041167,-76.99011667,"(39.04041167, -76.99011667)"
MCP3305001L,220010166,Montgomery County Police,Property Damage Crash,03/09/2022 03:26:00 PM,Maryland (State),COLESVILLE RD,EAST WEST HWY,,N/A,,SINGLE VEHICLE,RAINING,WET,DAYLIGHT,TRAFFIC SIGNAL,NONE DETECTED,,8B8B5B66-66E1-4D5D-B6A8-4E8024619ECD,Yes,NO APPARENT INJURY,"RAIN, SNOW, WET",LOOKED BUT DID NOT SEE,MD,9BF8C7C1-F0EC-4C71-B0FD-34034E141031,FUNCTIONAL,TWELVE OCLOCK,PASSENGER CAR,MAKING LEFT TURN,South,35,No,No,2016,FORD,CMAX,38.9937,-77.03205667,"(38.9937, -77.03205667)"
MCP2893002N,17001658,Montgomery County Police,Injury Crash,01/10/2017 04:24:00 PM,Maryland (State),FREDERICK RD,PLUMMER DR,,N/A,,SAME DIR REAR END,CLEAR,DRY,DAYLIGHT,NO CONTROLS,NONE DETECTED,,74522F90-BA81-4953-9035-16C02F2DF297,Yes,SUSPECTED MINOR INJURY,N/A,NOT DISTRACTED,MD,E5818E6E-9DD7-4430-8E77-9B182EB07C57,DESTROYED,TWELVE OCLOCK,PASSENGER CAR,MOVING CONSTANT SPEED,South,40,No,No,2007,CHEVY,IMPALA,39.17067,-77.23548833,"(39.17067, -77.23548833)"
MCP3113002T,200043179,Montgomery County Police,Property Damage Crash,11/02/2020 09:45:00 AM,,,,PARKING LOT OF HOME DEPOT AT 2300 BROADBIRCH DRIVE SILVER SPRING MD,,,STRAIGHT MOVEMENT ANGLE,CLEAR,,DAYLIGHT,N/A,N/A,,975CD1F2-737F-4DB8-A605-0C48BF79EF6B,Yes,NO APPARENT INJURY,N/A,UNKNOWN,,FE6FF415-E9DD-4293-BB1E-E2CAE655E09B,UNKNOWN,TWELVE OCLOCK,PASSENGER CAR,STARTING FROM PARKED,West,5,No,No,2018,NISSAN,VERSA,39.0584992,-76.96158339,"(39.0584992, -76.96158339)"
MCP3031005D,240016867,MONTGOMERY,Injury Crash,04/11/2024 03:45:00 PM,County Route,NORBECK RD (WB/L),,,,,Front to Rear,Cloudy,Wet,Daylight,No Controls,"Not Suspect of Alcohol Use, Not Suspect of Drug Use",,BA203571-06FD-4C6E-8FD4-FB99886C8097,No,No Apparent Injury,,Not Distracted,MD,CDD52075-53FA-4EF6-B70B-35B430D0AED2,Disabling,Twelve O Clock,Passenger Car,Accelerating,Westbound,35,No,No,2015,VOLKSWAGEN,GTI,39.12118449,-76.9889124,"(39.12118449, -76.9889124)"
MCP9134001G,190056843,Montgomery County Police,Property Damage Crash,11/25/2019 01:57:00 AM,County,SILVER SPRING AVE,MAYOR LA,,N/A,,SAME DIRECTION SIDESWIPE,CLEAR,DRY,DARK LIGHTS ON,NO CONTROLS,N/A,,989CEFE2-853B-4411-9A48-4D736186CF50,No,NO APPARENT INJURY,N/A,NOT DISTRACTED,MD,45567545-3A92-4A76-8B4D-CDDE91AC0B91,SUPERFICIAL,FOUR OCLOCK,PASSENGER CAR,PASSING,West,30,No,No,2019,TOYOTA,CAMRY,38.991605,-77.025715,"(38.991605, -77.025715)"
MCP289100BF,220025399,Montgomery County Police,Injury Crash,06/13/2022 02:32:00 PM,Maryland (State),GEORGIA AVE,SEMINARY RD,,N/A,,SAME DIR REAR END,CLEAR,DRY,DAYLIGHT,TRAFFIC SIGNAL,NONE DETECTED,,0AB8A3C7-42EE-477B-9BE6-7A5BD5C96F36,No,SUSPECTED MINOR INJURY,N/A,NOT DISTRACTED,DC,D7CCC3EC-3F08-48CA-8C1D-233C94E13D4C,FUNCTIONAL,SIX OCLOCK,PASSENGER CAR,STOPPED IN TRAFFIC LANE,South,35,No,No,2012,HONDA,CIVIC,39.008295,-77.04024,"(39.008295, -77.04024)"
MCP32540044,240025214,MONTGOMERY,Injury Crash,05/28/2024 01:04:00 PM,County Route,WATERS LANDING DR,CRYSTAL ROCK DR (SB/L),,,,Other,Clear,Dry,Daylight,Stop Sign,"Not Suspect of Alcohol Use, Not Suspect of Drug Use",,162AE44B-6C81-4CEE-8898-D5985411E889,Yes,Suspected Minor Injury,Other Improper Action,Not Distracted,MD,6710F12C-FE24-4B0C-8F3A-066176F781CC,Disabling,Eight O Clock,Passenger Car,Accelerating,Eastbound,25,No,No,2013,HONDA,ACCORD,39.19005842,-77.26678251,"(39.19005842, -77.26678251)"
MCP9147000W,16059607,Montgomery County Police,Property Damage Crash,11/19/2016 12:35:00 PM,County,FENTON ST,SLIGO AVE,,N/A,,OPPOSITE DIRECTION SIDESWIPE,CLEAR,DRY,DAYLIGHT,TRAFFIC SIGNAL,NONE DETECTED,,AEF6814E-1836-48EB-85E9-1CD270A1679C,Yes,NO APPARENT INJURY,N/A,LOOKED BUT DID NOT SEE,MD,37E5D6F4-C739-40B5-99B9-99C3DE03C90A,SUPERFICIAL,NINE OCLOCK,TRANSIT BUS,MAKING LEFT TURN,East,25,No,No,2011,GILL,BUS,38.99016148,-77.02397704,"(38.99016148, -77.02397704)"
EJ78710014,190006447,Gaithersburg Police Depar,Property Damage Crash,02/09/2019 04:12:00 PM,Municipality,SUMMIT HALL RD,W DEER PARK RD,,GAITHERSBURG,,SAME DIR REAR END,CLEAR,DRY,DAYLIGHT,STOP SIGN,NONE DETECTED,,46846AA5-9D0C-4543-8BFA-79C7406AFFA8,No,NO APPARENT INJURY,N/A,NOT DISTRACTED,MD,6103986A-13D8-4007-9183-FA424BA144C7,SUPERFICIAL,SIX OCLOCK,PASSENGER CAR,SLOWING OR STOPPING,North,30,No,No,2004,FORD,TK,39.12784167,-77.19646167,"(39.12784167, -77.19646167)"
MCP30240026,200028670,Montgomery County Police,Property Damage Crash,07/23/2020 08:58:00 PM,County,WATKINS MILL RD,GREENRIVER TERR,,N/A,,HEAD ON,RAINING,WET,DARK LIGHTS ON,NO CONTROLS,N/A,,25991CBE-3B7A-4759-A9A2-FD944FFC0AD4,Yes,NO APPARENT INJURY,"RAIN, SNOW, WET",NOT DISTRACTED,MD,E5B3A2A4-5C1E-4662-A604-4B31776EA762,FUNCTIONAL,TWELVE OCLOCK,PASSENGER CAR,MOVING CONSTANT SPEED,West,35,No,No,2000,HONDA,CRV,39.18989461,-77.22018509,"(39.18989461, -77.22018509)"
MCP3228006Q,250019606,MONTGOMERY,Property Damage Crash,05/04/2025 07:20:00 PM,US (State),GEORGIA AVE,,,,,"Sideswipe, Same Direction",Clear,Dry,Daylight,No Controls,"Unknown, Unknown",,FDB364A1-734D-40B7-891F-954819A576D3,No,,,,,04E8DC1A-70D6-43E8-B49F-2FB01A407B46,Vehicle Not at Scene,Vehicle Not at Scene,,Entering Traffic Lane,Northbound,35,No,No,0,,,38.99194384,-77.02653355,"(38.99194384, -77.02653355)"
MCP27840022,15061409,MONTGOMERY,Property Damage Crash,12/01/2015 06:25:00 PM,County,RANDOLPH RD,NEW HAMPSHIRE AVE,,N/A,,SAME DIRECTION SIDESWIPE,RAINING,WET,DARK LIGHTS ON,TRAFFIC SIGNAL,NONE DETECTED,,7F76E22C-D7C5-4D27-9384-0C347B6956C1,Yes,NO APPARENT INJURY,"RAIN, SNOW, WET",UNKNOWN,MD,2D003F68-AC57-4D66-A206-41E24B154868,FUNCTIONAL,TEN OCLOCK,PASSENGER CAR,CHANGING LANES,East,40,No,No,2000,MITSUBISHI,MIRAGE,39.07569667,-77.00300167,"(39.07569667, -77.00300167)"
MCP28750036,180005637,Montgomery County Police,Property Damage Crash,02/02/2018 05:00:00 AM,County,RIFFLE FORD RD,GERMANTOWN RD,,N/A,,SINGLE VEHICLE,CLOUDY,WET,DARK LIGHTS ON,NO CONTROLS,UNKNOWN,,5646160F-5139-4254-A44F-EC20C849D657,Yes,NO APPARENT INJURY,"N/A, WET",UNKNOWN,,0CFE0355-743F-4D57-86B3-D54D48B40E3C,FUNCTIONAL,ELEVEN OCLOCK,PASSENGER CAR,MAKING LEFT TURN,South,35,No,No,2011,HUYNDAI,SONATA,39.14785667,-77.29012167,"(39.14785667, -77.29012167)"
MCP292300CJ,240033539,MONTGOMERY,Injury Crash,07/16/2024 12:03:00 PM,County Route,GREGORY ST,,,,,"Sideswipe, Same Direction",Clear,Dry,Daylight,No Controls,"Not Suspect of Alcohol Use, Not Suspect of Drug Use",,2F6B582B-FD4A-46B8-A08E-15498150C996,No,No Apparent Injury,,Not Distracted,MD,431109FD-20E8-4406-A52B-EA10E20A3BFD,Functional,Two O Clock,Sport Utility Vehicle,Moving Constant Speed,Unknown,25,No,No,2009,DODGE,CALIBER,39.03142999,-77.02754955,"(39.03142999, -77.02754955)"
MCP2761006M,250001643,MONTGOMERY,Property Damage Crash,01/13/2025 09:07:00 AM,Maryland (State) Route,CLOPPER RD,,,,,Front to Rear,Cloudy,Dry,Daylight,No Controls,"Not Suspect of Alcohol Use, Not Suspect of Drug Use",,B92AB1F4-5E84-4C4B-A728-B7E40CA34F15,No,No Apparent Injury,,Not Distracted,MD,1EF29EC1-8603-4403-9FBD-ADAE89AEC6E3,Superficial,Six O Clock,Passenger Car,Stopped in Traffic,Eastbound,45,No,No,2009,HONDA,CIVIC,39.15487023,-77.25835623,"(39.15487023, -77.25835623)"