Report Number,Local Case Number,Agency Name,ACRS Report Type,Crash Date/Time,Route Type,Road Name,Cross-Street Name,Off-Road Description,Municipality,Related Non-Motorist,Collision Type,Weather,Surface Condition,Light,Traffic Control,Driver Substance Abuse,Non-Motorist Substance Abuse,Person ID,Driver At Fault,Injury Severity,Circumstance,Driver Distracted By,Drivers License State,Vehicle ID,Vehicle Damage Extent,Vehicle First Impact Location,Vehicle Body Type,Vehicle Movement,Vehicle Going Dir,Speed Limit,Driverless Vehicle,Parked Vehicle,Vehicle Year,Vehicle Make,Vehicle Model,Latitude,Longitude,Location
MCP2904001F,15054849,MONTGOMERY,Property Damage Crash,10/28/2015 06:15:00 PM,Maryland (State),PINEY BRANCH RD,BARRON ST,,N/A,,SAME DIRECTION RIGHT TURN,RAINING,WET,DUSK,NO CONTROLS,UNKNOWN,,C8B075DC-BDA7-49BB-AE3F-9735A222C67C,Yes,NO APPARENT INJURY,"N/A, WET",UNKNOWN,,5577E88E-B84D-4685-B4E8-400502D3E507,SUPERFICIAL,FIVE OCLOCK,PASSENGER CAR,ACCELERATING,North,35,No,No,0,NA,NA,38.99903833,-76.99776167,"(38.99903833, -76.99776167)"
MCP2829004D,180010380,Montgomery County Police,Property Damage Crash,02/28/2018 11:10:00 AM,Municipality,FRIENDSHIP BLVD,N PARK AVE,,FRIENDSHIP HEIGHTS,,OTHER,CLOUDY,DRY,DAYLIGHT,NO CONTROLS,UNKNOWN,,B1554C56-A2B4-4D2D-831A-D37A456E0AC8,Yes,NO APPARENT INJURY,N/A,UNKNOWN,,0CB363D0-6ABD-4397-9869-2B61710EDBE8,UNKNOWN,SIX OCLOCK,(SPORT) UTILITY VEHICLE,PARKING,West,25,No,No,2004,TOYOTA,RAV4,38.96692512,-77.09027052,"(38.96692512, -77.09027052)"
MCP272600D1,250026810,MONTGOMERY,Injury Crash,06/16/2025 11:06:00 AM,Private Route,,,,,,Front to Rear,Rain,Wet,Daylight,No Controls,"Not Suspect of Alcohol Use, Not Suspect of Drug Use",,B24C9947-D176-4DB7-9800-ADC5A0893FC5,No,No Apparent Injury,,Not Distracted,MD,30C7B6FB-2412-4F67-9720-9DE4E6C57193,Superficial,Six O Clock,Other Trucks,Slowing or Stopping,Westbound,35,No,No,2022,FREIGHTLINER,M2,39.12179736,-77.16134105,"(39.12179736, -77.16134105)"
MCP3460000B,250018197,MONTGOMERY,Property Damage Crash,04/26/2025 05:22:00 PM,County Route,,WOODGLEN DR (NB/L),,,,Other,Clear,Dry,Daylight,Stop Sign,"Not Suspect of Alcohol Use, Not Suspect of Drug Use",,366A9F41-5C1B-45B7-A4E0-D270EA38E01E,No,No Apparent Injury,,Unknown,MD,50CC6442-4227-412B-B7B3-8F39E7D15311,Functional,Five O Clock,Passenger Car,Making U-Turn,Eastbound,25,No,No,2013,NISSAN,ALTIMA,39.04333774,-77.11336414,"(39.04333774, -77.11336414)"
MCP3296001M,230005657,Montgomery County Police,Property Damage Crash,02/03/2023 06:03:00 PM,US (State),COLUMBIA PIKE,TECH RD,,N/A,,SAME DIR REAR END,N/A,DRY,DARK LIGHTS ON,TRAFFIC SIGNAL,NONE DETECTED,,823BFA83-A382-4B29-8F7E-9794EC0E8AEE,No,NO APPARENT INJURY,N/A,NOT DISTRACTED,MD,D6B6F49A-D3AA-4856-8DC3-AE66CB6B159B,FUNCTIONAL,SIX OCLOCK,(SPORT) UTILITY VEHICLE,STOPPED IN TRAFFIC LANE,South,45,No,No,2019,FORD,EXPEDITION,39.0585085,-76.967873,"(39.0585085, -76.967873)"
EJ7856000R,15045472,GAITHERSBURG,Property Damage Crash,09/09/2015 07:32:00 AM,Maryland (State),QUINCE ORCHARD RD,RAMP 2 FR MD 124 WB TO IS 270 NB,,N/A,,SAME DIR REAR END,CLEAR,DRY,DAYLIGHT,N/A,N/A,,F4710A4B-CB10-4D9A-89D3-2EDE49A24538,Unknown,NO APPARENT INJURY,N/A,NOT DISTRACTED,MD,ADA95D45-51E3-4CEA-B4F0-E177B27B8CC5,SUPERFICIAL,SIX OCLOCK,STATION WAGON,MOVING CONSTANT SPEED,West,35,No,No,2012,VOLVO,4S,39.15007667,-77.21512333,"(39.15007667, -77.21512333)"
MCP24460040,180051320,Montgomery County Police,Property Damage Crash,10/13/2018 05:52:00 PM,Maryland (State),WOODFIELD RD,MAIN ST,,N/A,,SAME DIRECTION RIGHT TURN,CLEAR,DRY,DAYLIGHT,TRAFFIC SIGNAL,NONE DETECTED,,1C88B69B-DC97-4560-85CE-3BED2653A9F6,No,NO APPARENT INJURY,N/A,NOT DISTRACTED,MD,21FE36A8-FB5D-47AC-B21C-7E8A990222AB,SUPERFICIAL,TEN OCLOCK,PASSENGER CAR,STOPPED IN TRAFFIC LANE,West,30,No,No,2011,VOLKS,JETTA,39.28767643,-77.20163388,"(39.28767643, -77.20163388)"
MCP2603006C,240036598,MONTGOMERY,Injury Crash,08/03/2024 01:24:00 PM,County Route,LOST KNIFE RD (NB/L),CONTOUR RD,,,,"Sideswipe, Same Direction",Clear,Dry,Daylight,Traffic Control Signal,"Not Suspect of Alcohol Use, Not Suspect of Drug Use",,3D879167-5F0E-4FF8-91B2-932615945B8D,No,No Apparent Injury,,Not Distracted,MD,A2B87126-D109-4106-BE68-16BD5F70713E,Functional,Four O Clock,Passenger Car,Moving Constant Speed,Southbound,35,No,No,2014,HYUNDAI,ELANTRA,39.15507198,-77.20113326,"(39.15507198, -77.20113326)"
EJ7837005K,210047628,Gaithersburg Police Depar,Injury Crash,11/23/2021 02:40:00 PM,Maryland (State),S FREDERICK RD,GAITHERSBURG HIGH SCHOOL,,N/A,,SAME DIR REAR END,CLEAR,DRY,DAYLIGHT,NO CONTROLS,N/A,,4F8128F4-B38D-4617-81C8-B19A92E66F74,No,POSSIBLE INJURY,N/A,NOT DISTRACTED,MD,CC2F5D72-2D24-4178-9C7F-435C382C8114,FUNCTIONAL,SIX OCLOCK,PASSENGER CAR,STOPPED IN TRAFFIC LANE,North,30,No,No,2017,NISS,4S,39.13630442,-77.19237363,"(39.13630442, -77.19237363)"
EJ7856006K,190015701,Gaithersburg Police Depar,Property Damage Crash,04/04/2019 05:37:00 PM,Maryland (State),QUINCE ORCHARD RD,SPUR FR MD 355,,N/A,,OTHER,CLEAR,DRY,DAYLIGHT,N/A,N/A,,BBFF4551-ACF3-46CE-A4A0-0DBF11413BF0,No,NO APPARENT INJURY,N/A,NOT DISTRACTED,,1764FBF5-F350-4252-A326-B358B533FB46,SUPERFICIAL,ONE OCLOCK,PASSENGER CAR,MOVING CONSTANT SPEED,East,35,No,No,2010,CHRYSLER,SEDAN,39.15326167,-77.212295,"(39.15326167, -77.212295)"
MCP2195000K,16006528,Montgomery County Police,Injury Crash,02/08/2016 11:41:00 AM,Maryland (State),ROCKVILLE PIKE,VEIRS MILL RD,,N/A,,SAME DIR REAR END,CLEAR,DRY,DAYLIGHT,YIELD SIGN,NONE DETECTED,,781CDD60-5893-4E93-B287-7EF48A96287C,No,NO APPARENT INJURY,N/A,NOT DISTRACTED,MD,B87853F6-8D8E-47C3-962E-73DCF4F9BF07,SUPERFICIAL,SIX OCLOCK,PASSENGER CAR,STOPPED IN TRAFFIC LANE,West,30,No,No,2002,JEEP,CHERROKEE,39.08174079,-77.14568898,"(39.08174079, -77.14568898)"
MCP3079001K,180063001,Montgomery County Police,Injury Crash,12/17/2018 04:11:00 PM,County,MIDDLEBROOK RD,WARING STATION RD,,N/A,,SAME DIR REAR END,CLEAR,DRY,DAYLIGHT,OTHER,NONE DETECTED,,4D90F36C-3FD6-48E7-A339-0E80D5FA9CED,No,POSSIBLE INJURY,N/A,NOT DISTRACTED,MD,E3F24704-8800-4452-BC87-B79D71B7230E,FUNCTIONAL,SIX OCLOCK,VAN,STOPPED IN TRAFFIC LANE,West,40,No,No,2012,DODGE,CARAVAN,39.17547833,-77.270825,"(39.17547833, -77.270825)"
MCP3129002Q,210013157,Montgomery County Police,Property Damage Crash,04/08/2021 05:01:00 PM,County,CONNECTICUT AVE,GRAND PRE RD,,N/A,,SAME DIR REAR END,CLEAR,DRY,DAYLIGHT,N/A,NONE DETECTED,,1DFF4A99-BAFB-47A1-B82F-E57EA6A93FEA,Yes,NO APPARENT INJURY,N/A,LOOKED BUT DID NOT SEE,MD,162C58F1-08A3-4306-A01D-D7470DDD9756,FUNCTIONAL,TWELVE OCLOCK,PASSENGER CAR,MOVING CONSTANT SPEED,North,30,No,No,2014,FORD,SD,39.08839978,-77.07260507,"(39.08839978, -77.07260507)"
MCP31820020,220041921,Montgomery County Police,Injury Crash,09/26/2022 02:57:00 PM,Maryland (State),SANDY SPRING RD,MCKNEW RD,,N/A,,SAME DIR REAR END,CLEAR,DRY,DAYLIGHT,TRAFFIC SIGNAL,NONE DETECTED,,635C1F59-EEBA-423D-A956-9549801D8D51,No,SUSPECTED MINOR INJURY,N/A,NOT DISTRACTED,MD,DB124F51-7B25-4833-9FCD-798B13C29D36,SUPERFICIAL,SIX OCLOCK,(SPORT) UTILITY VEHICLE,SLOWING OR STOPPING,West,40,No,No,2015,MERCEDES,ML350,39.10635744,-76.91864325,"(39.10635744, -76.91864325)"
MCP3396000X,240021723,MONTGOMERY,Property Damage Crash,05/08/2024 04:27:00 PM,Maryland (State) Route,NORBECK RD,BAUER DR,,,,Front to Front,Clear,Dry,Daylight,Traffic Control Signal,"Not Suspect of Alcohol Use, Not Suspect of Drug Use",,91202C7A-7618-48EA-951C-AE642FFBF217,Yes,No Apparent Injury,,Not Distracted,MD,0D9FBD58-B7D0-40A7-96FE-46BBACEC9397,Disabling,Twelve O Clock,Passenger Car,Turning Left,,35,No,No,2010,TOYOTA,COROLLA,39.09605983,-77.10975283,"(39.09605983, -77.10975283)"
MCP2046003F,15005459,Montgomery County Police,Property Damage Crash,02/03/2015 12:09:00 PM,County,CALVERTON BLVD,GRACEFIELD RD,,N/A,,STRAIGHT MOVEMENT ANGLE,CLEAR,DRY,DAYLIGHT,STOP SIGN,NONE DETECTED,,5C429AB1-3A5D-4912-A8C4-E99BADAEAB79,No,NO APPARENT INJURY,N/A,NOT DISTRACTED,MD,BDF263F1-5E70-4A33-AF28-06E26675075E,DISABLING,TWO OCLOCK,PASSENGER CAR,MOVING CONSTANT SPEED,North,30,No,No,2011,BUICK,REGAL,39.05707333,-76.95093667,"(39.05707333, -76.95093667)"
MCP34030017,240046102,MONTGOMERY,Injury Crash,09/27/2024 04:53:00 AM,US (State),COLUMBIA PIKE (SB/L),GREENCASTLE RD (NB/L),,,,Front to Rear,Rain,Wet,Dark - Lighted,Flashing Traffic Control Signal,"Not Suspect of Alcohol Use, Not Suspect of Drug Use",,975A06BA-CD40-41A8-9CF2-CCB7719D1D2E,Yes,Possible Injury,"Followed Too Closely, Operated Motor Vehicle in Inattentive, Careless, Negligent, or Erratic Manner",Unknown,MD,F60570D8-23DD-4A63-9A61-48F06374EB77,Disabling,Twelve O Clock,Passenger Car,Moving Constant Speed,Southbound,55,No,No,2007,TOYOTA,CAMRY,39.09570471,-76.93811111,"(39.09570471, -76.93811111)"
MCP31260014,190022271,Montgomery County Police,Property Damage Crash,05/11/2019 04:28:00 PM,,,,"PARKING LOT OF CLARKSBURG HIGH SCHOOL, 22500 WIMS RD, CLARKSBURG, MD, 20871",,,OTHER,CLEAR,,DAYLIGHT,NO CONTROLS,UNKNOWN,,1736889A-C610-4983-87A9-E76181583658,Yes,NO APPARENT INJURY,N/A,UNKNOWN,,CF696E58-D0F0-4A68-AD12-7258F62AA183,UNKNOWN,EIGHT OCLOCK,PASSENGER CAR,STARTING FROM PARKED,Unknown,15,No,No,2014,HONDA,VAN,39.22753167,-77.266605,"(39.22753167, -77.266605)"
MCP26200031,240040344,MONTGOMERY,Property Damage Crash,08/26/2024 12:55:00 PM,,,,Parking Stall        PARKING LOT OF 9812 FALLS RD,,,Single Vehicle,Clear,,Daylight,,"Not Suspect of Alcohol Use, Not Suspect of Drug Use",,F3BF3E48-765A-4796-A7A2-9BCC578230DE,Yes,No Apparent Injury,Other Improper Action,Unknown,FL,0593CE70-D70A-4A05-B20F-46EB014A7B1E,Disabling,Twelve O Clock,Passenger Car,Turning Right,Eastbound,0,No,No,2015,TESLA,MODEL S,39.01767929,-77.21060411,"(39.01767929, -77.21060411)"
MCP3149000Q,180062861,Montgomery County Police,Property Damage Crash,12/17/2018 02:27:00 AM,Maryland (State),GEORGIA AVE,SPRING ST,,N/A,,STRAIGHT MOVEMENT ANGLE,CLEAR,DRY,DARK LIGHTS ON,FLASHING TRAFFIC SIGNAL,NONE DETECTED,,AE45726D-7614-4E30-99B3-968D7818AECE,Yes,NO APPARENT INJURY,N/A,UNKNOWN,MD,F4EF701B-771B-42A8-AA81-B5539AAE98C3,DISABLING,TWO OCLOCK,PASSENGER CAR,SLOWING OR STOPPING,East,35,No,No,2018,HYUNDAI,SONATA,38.99954167,-77.03165333,"(38.99954167, -77.03165333)"
MCP3119001K,190026820,Montgomery County Police,Injury Crash,06/05/2019 08:35:00 AM,County,CENTERWAY RD,CLUB HOUSE RD,,N/A,,HEAD ON LEFT TURN,CLEAR,DRY,DAYLIGHT,STOP SIGN,NONE DETECTED,,696B48F0-5BE2-4E41-9C0B-62133EFE02E2,No,SUSPECTED MINOR INJURY,N/A,NOT DISTRACTED,MD,F12FB7E6-5852-4F64-8D4C-94C658635C36,DISABLING,TWELVE OCLOCK,PASSENGER CAR,MOVING CONSTANT SPEED,West,35,No,No,2002,TOYT,4S,39.17271117,-77.20147333,"(39.17271117, -77.20147333)"
MCP137800L6,180023689,Montgomery County Police,Property Damage Crash,05/14/2018 02:40:00 PM,,,,PARKING LOT OF 119 FREDERICK RD,,,SINGLE VEHICLE,CLOUDY,,DAYLIGHT,N/A,UNKNOWN,,069A023D-2F55-411D-8E4A-39677700ED2E,Yes,NO APPARENT INJURY,N/A,UNKNOWN,,0C84363C-7532-4E2E-9165-9799D1274960,DISABLING,UNDERSIDE,PASSENGER CAR,ACCELERATING,North,5,No,No,2008,LINCOLN,TOWN CAR,39.1436409,-77.20050395,"(39.1436409, -77.20050395)"
MCP1378013Q,230012676,Montgomery County Police,Injury Crash,03/15/2023 05:26:00 PM,Maryland (State),CLOPPER RD,GAME PRESERVE RD,,N/A,,STRAIGHT MOVEMENT ANGLE,CLEAR,DRY,DAYLIGHT,STOP SIGN,NONE DETECTED,,9C457000-4AD0-43D6-A38B-FBBA02681F5D,No,NO APPARENT INJURY,N/A,NOT DISTRACTED,DE,B336BBFD-97AD-40D7-90F6-205B39B08CB6,FUNCTIONAL,TWELVE OCLOCK,VAN,SLOWING OR STOPPING,West,40,No,No,2006,CHEV,EXPRESS,39.15047167,-77.24492167,"(39.15047167, -77.24492167)"
MCP3269002R,230059035,Montgomery County Police,Property Damage Crash,10/06/2023 08:08:00 PM,County,GRACEFIELD RD,CALVERTON BLVD,,N/A,,OTHER,CLEAR,DRY,DARK LIGHTS ON,NO CONTROLS,NONE DETECTED,,B40058B5-F027-4A7C-99FC-8F2F07F97F4C,No,NO APPARENT INJURY,N/A,NOT DISTRACTED,MD,CF10502F-A90A-460C-AEAE-D13B71398105,FUNCTIONAL,TWELVE OCLOCK,"OTHER LIGHT TRUCKS (10,000LBS (4,536KG) OR LESS)",PASSING,North,25,No,No,2008,TOYT,TK,39.0569022,-76.95126025,"(39.0569022, -76.95126025)"
EJ7852003X,200028202,Gaithersburg Police Depar,Property Damage Crash,07/20/2020 05:45:00 PM,Municipality,WATKINS MILL RD,TRAVIS AVE,,GAITHERSBURG,,SAME DIR REAR END,N/A,DRY,DAYLIGHT,STOP SIGN,UNKNOWN,,C3F85D61-EBB2-422A-958C-04F36C3685AE,Yes,NO APPARENT INJURY,N/A,UNKNOWN,,909C4C92-6A65-4243-AEA7-E958942C2257,UNKNOWN,TWELVE OCLOCK,PICKUP TRUCK,SLOWING OR STOPPING,North,35,No,No,2018,FORD,TRUCK,39.16212,-77.21436516,"(39.16212, -77.21436516)"
MCP13340037,16000572,Montgomery County Police,Injury Crash,01/04/2016 01:09:00 PM,Municipality,CHRISTOPHER AVE,RUSSELL AVE,,GAITHERSBURG,,SINGLE VEHICLE,N/A,DRY,DAYLIGHT,NO CONTROLS,NONE DETECTED,,17A19C22-42C3-4E3B-AD47-7277C7E3B246,Yes,SUSPECTED MINOR INJURY,N/A,UNKNOWN,MD,9AF49FC3-FDEE-49B3-AA40-9AE9D48D970A,DESTROYED,ELEVEN OCLOCK,(SPORT) UTILITY VEHICLE,MOVING CONSTANT SPEED,South,30,No,No,2009,TOYOTA,RAV4,39.15822333,-77.21289,"(39.15822333, -77.21289)"
MCP3158002K,200023906,Montgomery County Police,Property Damage Crash,06/18/2020 05:40:00 PM,Maryland (State),WOODFIELD RD,FLOWER HILL WAY,,N/A,,SAME DIR REAR END,CLEAR,DRY,DAYLIGHT,TRAFFIC SIGNAL,UNKNOWN,,1B4150AF-4A0D-454C-B349-EC339AAECE47,Yes,NO APPARENT INJURY,N/A,UNKNOWN,,F2524000-1A32-4BA0-B31E-ACF0D9D8FB3D,SUPERFICIAL,TWELVE OCLOCK,PASSENGER CAR,MOVING CONSTANT SPEED,North,35,No,No,2009,NISSAN,ALTIMA,39.156195,-77.16527167,"(39.156195, -77.16527167)"
MCP2617000P,15014174,Montgomery County Police,Injury Crash,03/27/2015 05:55:00 PM,Maryland (State),CONNECTICUT AVE,WELLER RD,,N/A,,SAME DIR REAR END,CLEAR,DRY,DAYLIGHT,TRAFFIC SIGNAL,NONE DETECTED,,C6004F23-1758-4578-8B91-AA5F4C429C4B,Yes,NO APPARENT INJURY,N/A,UNKNOWN,MD,138CA241-3BB8-4F5F-BFB6-1F1112604753,NO DAMAGE,TWELVE OCLOCK,PASSENGER CAR,ACCELERATING,South,35,No,No,2013,LEXU,TK,39.06243833,-77.07355333,"(39.06243833, -77.07355333)"
MCP26670018,15056784,MONTGOMERY,Property Damage Crash,11/07/2015 02:25:00 PM,Maryland (State),QUINCE ORCHARD RD,W DIAMOND AVE,,N/A,,HEAD ON LEFT TURN,CLOUDY,DRY,DAYLIGHT,TRAFFIC SIGNAL,NONE DETECTED,,1FCE24DA-294B-425D-8AB6-55770AE6E03A,No,NO APPARENT INJURY,N/A,NOT DISTRACTED,MD,56D2FAAC-D6BE-471B-9384-8B65AD21E014,FUNCTIONAL,EIGHT OCLOCK,PASSENGER CAR,MOVING CONSTANT SPEED,South,35,No,No,2012,HOND,TK,39.14230167,-77.22100667,"(39.14230167, -77.22100667)"
MCP233900B3,250005902,MONTGOMERY,Injury Crash,02/09/2025 04:30:00 PM,Ramp,RAMP 10 FR RAMP 9 TO SHADY GROVE RD NB,RAMP 7 FR SHADY GROVE RD WB TO RAMP 6 SHADY GROVE RD (SB/L),,,,Angle,Clear,Dry,Daylight,Traffic Control Signal,"Not Suspect of Alcohol Use, Not Suspect of Drug Use",,94057CA6-24D7-4FC7-90CF-0846A0E7D584,No,No Apparent Injury,,Not Distracted,MD,BC3BAC41-F86A-4A29-AEF2-6971704E3E7F,Disabling,Eight O Clock,Sport Utility Vehicle,Turning Left,Southbound,40,No,No,2011,JEEP,GRAND CHEROKEE,39.12971817,-77.16388467,"(39.12971817, -77.16388467)"
MCP1397000P,170508456,Montgomery County Police,Property Damage Crash,05/18/2017 10:27:00 AM,County,MIDDLEBROOK RD,EISENHOWER MEMORIAL HWY,,N/A,,SAME DIRECTION LEFT TURN,CLEAR,DRY,DAYLIGHT,TRAFFIC SIGNAL,N/A,,7F1B3F03-5C93-4F6C-9595-512D36B3EEFA,No,NO APPARENT INJURY,N/A,NOT DISTRACTED,MD,704E229E-300B-41F7-92D0-0F5A9DF119F7,FUNCTIONAL,ELEVEN OCLOCK,FIRE VEHICLE/EMERGENCY,MAKING LEFT TURN,West,40,No,No,2002,PIERCE,TK,39.17468667,-77.24810167,"(39.17468667, -77.24810167)"
MCP3195003W,220032898,Montgomery County Police,Property Damage Crash,07/31/2022 05:04:00 PM,US (State),COLUMBIA PIKE,FAIRLAND RD,,N/A,,SAME DIR REAR END,RAINING,OIL,DAYLIGHT,TRAFFIC SIGNAL,NONE DETECTED,,45A9DE58-D2E3-49DB-BCB4-FAAC319C51FB,Yes,NO APPARENT INJURY,"RAIN, SNOW, WET",LOOKED BUT DID NOT SEE,DC,EA94753C-F0C5-415C-AE7A-0E669995164A,DISABLING,TWELVE OCLOCK,(SPORT) UTILITY VEHICLE,SLOWING OR STOPPING,South,50,No,No,2013,NISSAN,ROUGE,39.0737445,-76.95580167,"(39.0737445, -76.95580167)"
MCP2445006B,240052421,MONTGOMERY,Property Damage Crash,11/01/2024 09:37:00 AM,Maryland (State) Route,FREDERICK RD (SB/L),,,,,Front to Rear,Cloudy,Dry,Daylight,No Controls,"Not Suspect of Alcohol Use, Not Suspect of Drug Use",,93E07FB7-1881-4D49-83AE-FCF5E67ABFD4,No,No Apparent Injury,,Not Distracted,MD,07F7898F-2D8C-4E40-AC49-DF73755DAC2B,Functional,Seven O Clock,Passenger Car,Slowing or Stopping,Southbound,40,No,No,2014,CHEVROLET,SONIC,39.17731167,-77.23865333,"(39.17731167, -77.23865333)"
MCP2347001F,170547116,Montgomery County Police,Property Damage Crash,12/07/2017 09:05:00 AM,US (State),COLUMBIA PIKE,MUSGROVE RD,,N/A,,SAME DIR REAR END,CLEAR,DRY,DAYLIGHT,NO CONTROLS,NONE DETECTED,,FCC2126A-27BB-4627-8C74-5976FBF2D783,No,NO APPARENT INJURY,N/A,NOT DISTRACTED,MD,6172F6E5-6AEB-488E-9423-7BB3BD6421B3,DISABLING,SIX OCLOCK,PASSENGER CAR,SLOWING OR STOPPING,South,50,No,No,2015,MITSUBISHI,MIRAGE,39.06647167,-76.96051667,"(39.06647167, -76.96051667)"
MCP2678000Z,15058996,MONTGOMERY,Property Damage Crash,11/18/2015 10:39:00 PM,,,,Parking lot of 13527 Georgia Ave,,,OTHER,CLEAR,,DARK LIGHTS ON,NO CONTROLS,NONE DETECTED,,7694D656-E0F8-4D47-B297-D2426AC2E1D5,Yes,NO APPARENT INJURY,N/A,NOT DISTRACTED,MD,7DBE811C-BC49-48FA-A3D6-F1E2A8A114C8,SUPERFICIAL,ONE OCLOCK,PICKUP TRUCK,PARKING,Unknown,0,No,No,1996,DODGE,TK,39.08051833,-77.07062,"(39.08051833, -77.07062)"
DD5676000S,250018947,ROCKVILLE,Property Damage Crash,04/30/2025 06:20:00 PM,Ramp,RAMP 4 FR IS 270 NB TO MONTROSE RD EB,,,,,"Sideswipe, Same Direction",Clear,Dry,Daylight,No Controls,"Unknown, Unknown",,987848C6-46DE-448A-A4EF-67A81D5ED1A7,Yes,No Apparent Injury,Other Improper Action,Unknown,,D206F582-31F7-4EED-8E9F-2F626300085B,Vehicle Not at Scene,Vehicle Not at Scene,Pickup,Moving Constant Speed,Northbound,55,No,No,2010,FORD,F-150,39.05317026,-77.15279558,"(39.05317026, -77.15279558)"
MCP28460099,240002150,MONTGOMERY,Property Damage Crash,01/13/2024 07:05:00 PM,Maryland (State) Route,VEIRS MILL RD (WB/L),DALEWOOD DR,,,,Other,Clear,Dry,Dark - Lighted,No Controls,"Not Suspect of Alcohol Use, Not Suspect of Drug Use",,A07F79F0-7CF1-48ED-AC90-7D1AD25CE3A7,No,No Apparent Injury,,Unknown,MD,C3E9E45D-8274-4350-901B-819F1B7C46C1,Functional,Twelve O Clock,Passenger Car,Turning Right,Southbound,25,No,No,2019,HYUNDAI,TUCSON,39.05105493,-77.07362258,"(39.05105493, -77.07362258)"
MCP271700HD,180022829,Montgomery County Police,Injury Crash,05/09/2018 02:30:00 PM,Maryland (State),PINEY BRANCH RD,SILVER SPRING AVE,,N/A,,STRAIGHT MOVEMENT ANGLE,CLEAR,DRY,DAYLIGHT,STOP SIGN,NONE DETECTED,,82055BE4-0B5C-42A0-AA02-4428901607AB,Yes,SUSPECTED MINOR INJURY,N/A,UNKNOWN,VA,F9CD2441-3103-4E8A-B660-A723764B8A62,DISABLING,TWELVE OCLOCK,PASSENGER CAR,ACCELERATING,East,25,No,No,2014,VOLKSWAGON,PASSAT,38.99304033,-77.009537,"(38.99304033, -77.009537)"
MCP3163000L,180045887,Montgomery County Police,Property Damage Crash,09/14/2018 08:20:00 AM,Maryland (State),ROCKVILLE PIKE,CEDAR LA,,N/A,,SAME DIR REAR END,N/A,DRY,DAYLIGHT,TRAFFIC SIGNAL,NONE DETECTED,,C5A71F21-8B8B-4F77-B6D4-52606C99D699,No,NO APPARENT INJURY,N/A,NOT DISTRACTED,VA,CA0FCF15-9032-41B0-89C9-0E7D67D6F931,FUNCTIONAL,SIX OCLOCK,PASSENGER CAR,SLOWING OR STOPPING,South,35,No,No,2014,HONDA,CRV,39.00672667,-77.09745333,"(39.00672667, -77.09745333)"
MCP2420001V,16054742,Montgomery County Police,Property Damage Crash,10/24/2016 03:46:00 PM,Maryland (State),OLNEY LAYTONSVILLE RD,QUEEN ELIZABETH DR,,N/A,,SAME DIR REAR END,CLEAR,DRY,DAYLIGHT,TRAFFIC SIGNAL,N/A,,141A031C-3567-4BF5-BD83-6EC4C5D26355,Yes,NO APPARENT INJURY,N/A,NOT DISTRACTED,,6E2E9A1F-5C84-436D-AD6A-D09ED9E925EC,SUPERFICIAL,TWELVE OCLOCK,VAN,MOVING CONSTANT SPEED,West,40,No,No,0,UNKNOWN,UNKNOWN,39.15953833,-77.07708167,"(39.15953833, -77.07708167)"
MCP24450042,220048784,Montgomery County Police,Property Damage Crash,11/05/2022 09:52:00 AM,County,DAVIS MILL RD,BLUNT RD,,N/A,,SINGLE VEHICLE,CLEAR,DRY,DAYLIGHT,NO CONTROLS,NONE DETECTED,,9F91273B-AD98-43B4-87E0-4F3AEF4E36C3,Yes,NO APPARENT INJURY,N/A,UNKNOWN,MD,ABDF60C0-674B-445F-A0B4-EC733D290244,DISABLING,TWELVE OCLOCK,PICKUP TRUCK,MOVING CONSTANT SPEED,South,25,No,No,2000,FORD,F-150,39.20983067,-77.207687,"(39.20983067, -77.207687)"
MCP241100C1,230052642,Montgomery County Police,Injury Crash,09/01/2023 02:07:00 PM,Maryland (State),NORBECK RD,BALTIMORE RD,,N/A,,HEAD ON LEFT TURN,CLEAR,DRY,DAYLIGHT,TRAFFIC SIGNAL,NONE DETECTED,,267C8A1E-2F82-490B-BF60-5E0B51047388,No,SUSPECTED MINOR INJURY,N/A,UNKNOWN,MD,851AF6D8-0058-42CB-82C4-66CB4F9B8DC4,DISABLING,ELEVEN OCLOCK,PASSENGER CAR,MOVING CONSTANT SPEED,East,50,No,No,2004,PONTIAC,4D,39.09505667,-77.11279333,"(39.09505667, -77.11279333)"
MCP2212004B,200002277,Montgomery County Police,Property Damage Crash,01/14/2020 08:52:00 AM,US (State),COLUMBIA PIKE,INDUSTRIAL PKWY,,N/A,,SINGLE VEHICLE,CLOUDY,WET,DAYLIGHT,NO CONTROLS,NONE DETECTED,,F5432241-1B56-4F5A-A241-BBEE130E9DFE,Yes,NO APPARENT INJURY,"N/A, WET",UNKNOWN,MD,9EE82C8F-C78C-4C1F-881B-5858A71444FB,DESTROYED,TWELVE OCLOCK,PASSENGER CAR,MOVING CONSTANT SPEED,South,50,No,No,2014,TOYT,VN,39.05500667,-76.97352833,"(39.05500667, -76.97352833)"
MCP33410029,230051625,Montgomery County Police,Property Damage Crash,08/27/2023 11:00:00 AM,Maryland (State),GEORGIA AVE,BEL PRE RD,,N/A,,SAME DIR REAR END,CLEAR,DRY,DAYLIGHT,TRAFFIC SIGNAL,N/A,,9934CE0D-744B-4CA8-B54F-7AB8A7F868FE,No,NO APPARENT INJURY,N/A,NOT DISTRACTED,MD,20EFEA13-7223-47CB-9AD7-ED2C5F44C0CD,DISABLING,SIX OCLOCK,PASSENGER CAR,MOVING CONSTANT SPEED,North,35,No,No,2016,NISSAN,SENTRA,39.09410767,-77.07937817,"(39.09410767, -77.07937817)"