Report Number,Local Case Number,Agency Name,ACRS Report Type,Crash Date/Time,Route Type,Road Name,Cross-Street Name,Off-Road Description,Municipality,Related Non-Motorist,Collision Type,Weather,Surface Condition,Light,Traffic Control,Driver Substance Abuse,Non-Motorist Substance Abuse,Person ID,Driver At Fault,Injury Severity,Circumstance,Driver Distracted By,Drivers License State,Vehicle ID,Vehicle Damage Extent,Vehicle First Impact Location,Vehicle Body Type,Vehicle Movement,Vehicle Going Dir,Speed Limit,Driverless Vehicle,Parked Vehicle,Vehicle Year,Vehicle Make,Vehicle Model,Latitude,Longitude,Location
MCP1550005P,250000932,MONTGOMERY,Property Damage Crash,01/08/2025 10:18:00 AM,Maryland (State) Route,ROCKVILLE PIKE,,,,,Angle,Clear,Wet,Daylight,Traffic Control Signal,"Not Suspect of Alcohol Use, Not Suspect of Drug Use",,D7B2B48C-6FA0-43F5-81E9-CBA255FC7F87,No,No Apparent Injury,,Not Distracted,MD,463DEE43-1C2D-4760-A1A2-26FD26009CCD,Functional,Twelve O Clock,Sport Utility Vehicle,Moving Constant Speed,Northbound,35,No,No,2018,TOYOTA,RAV4,39.03441156,-77.10681049,"(39.03441156, -77.10681049)"
DD5617000F,16064488,Rockville Police Departme,Property Damage Crash,12/16/2016 07:27:00 AM,Service Road,W CAMPUS DR,N CAMPUS DR,,N/A,,SAME DIRECTION LEFT TURN,CLEAR,DRY,DAWN,N/A,N/A,,4A113C50-0C84-4A9E-9D9F-DD1B1B43E226,Unknown,NO APPARENT INJURY,N/A,UNKNOWN,MD,AF144D82-973E-4F62-B1F3-2BE746C9E5B8,SUPERFICIAL,TWELVE OCLOCK,(SPORT) UTILITY VEHICLE,MOVING CONSTANT SPEED,South,25,No,No,2012,FORD,SUV,39.09794463,-77.16154754,"(39.09794463, -77.16154754)"
MCP2930003S,230061665,Montgomery County Police,Property Damage Crash,10/20/2023 04:15:00 PM,County,RANDOLPH RD,GARDEN GATE RD,,N/A,,SAME DIR REAR END,CLOUDY,WET,DAYLIGHT,N/A,NONE DETECTED,,B79363AE-1C9E-4C3E-9BEC-3B14DC3AA917,No,NO APPARENT INJURY,"N/A, WET",NOT DISTRACTED,MD,4537ECDB-A8CF-40E7-8ABF-B9E297F4422C,NO DAMAGE,SIX OCLOCK,PASSENGER CAR,SLOWING OR STOPPING,East,35,No,No,2016,TOYT,4S,39.062635,-77.04151167,"(39.062635, -77.04151167)"
MCP1563003X,170518349,Montgomery County Police,Injury Crash,07/10/2017 07:05:00 PM,Maryland (State),BROOKVILLE RD,EAST WEST HWY,,N/A,,SAME DIR REAR END,CLEAR,DRY,DAYLIGHT,STOP SIGN,NONE DETECTED,,9E4FE171-51DC-4695-9503-F27109036F53,No,SUSPECTED MINOR INJURY,N/A,NOT DISTRACTED,MD,ADF1AA37-1C3F-4858-939E-FD31477B5AD6,FUNCTIONAL,SIX OCLOCK,PASSENGER CAR,STOPPED IN TRAFFIC LANE,North,25,No,No,2017,TOYOTA,CAMRY,38.98940833,-77.07008833,"(38.98940833, -77.07008833)"
EJ78880068,240027831,GAITHERSBURG,Property Damage Crash,06/11/2024 05:10:00 PM,County Route,DIAMONDBACK DR,MUDDY BRANCH RD,,,,Other,Clear,Dry,Daylight,Traffic Control Signal,"Not Suspect of Alcohol Use, Not Suspect of Drug Use",,E926B8F8-B964-4112-9CA2-3554286EB29C,No,No Apparent Injury,,Not Distracted,MD,49FD4DAA-99A4-4E23-9090-D3419FE1CE6D,Disabling,Eleven O Clock,Van - Passenger (&lt;9 Seats),Moving Constant Speed,Northbound,45,No,No,2003,HONDA,ODYSSEY,39.11514054,-77.21571541,"(39.11514054, -77.21571541)"
MCP27280028,16021666,Montgomery County Police,Injury Crash,05/02/2016 04:47:00 PM,US (State),COLESVILLE RD,SOUTHWOOD AVE,,N/A,,SAME DIR REAR END,CLEAR,DRY,DAYLIGHT,NO CONTROLS,NONE DETECTED,,C851C6D7-1CAC-4FEA-A0FC-38A7F12942F0,No,POSSIBLE INJURY,N/A,NOT DISTRACTED,DE,1A9FAEFF-39F5-409E-B392-008BB3D2CBF0,SUPERFICIAL,SIX OCLOCK,PASSENGER CAR,SLOWING OR STOPPING,South,40,No,No,1999,CHEVY,CAVIALIER,39.02611833,-77.01072667,"(39.02611833, -77.01072667)"
MCP271700CN,170520885,Montgomery County Police,Property Damage Crash,07/24/2017 03:45:00 PM,County,CHAPMAN AVE,OLD GEORGETOWN RD,,N/A,,SINGLE VEHICLE,CLEAR,DRY,DAYLIGHT,NO CONTROLS,NONE DETECTED,,21B1E29A-3788-478A-8AD6-6126414E389F,Yes,NO APPARENT INJURY,N/A,OTHER DISTRACTION,MD,F1037697-C1ED-470A-8274-550BD20F944A,DISABLING,TWELVE OCLOCK,PASSENGER CAR,MOVING CONSTANT SPEED,South,25,No,No,2002,HONDA,ACCORD,39.05163683,-77.11212633,"(39.05163683, -77.11212633)"
MCP2969001Y,16020142,Montgomery County Police,Property Damage Crash,04/24/2016 06:25:00 AM,,,,801 UNIVERSITY BLVD REAR PARKING LOT,,,SINGLE VEHICLE,N/A,,UNKNOWN,NO CONTROLS,ILLEGAL DRUG PRESENT,,4F301250-0DE6-4BA1-B45A-20EF607971FD,Yes,NO APPARENT INJURY,N/A,NOT DISTRACTED,MD,D450725F-1264-48DE-ABC0-8BD372893368,SUPERFICIAL,TWELVE OCLOCK,PASSENGER CAR,PARKING,West,10,No,No,2014,TOYOTA,PRIUS,39.03181205,-77.02153355,"(39.03181205, -77.02153355)"
MCP2888001M,200042624,Montgomery County Police,Property Damage Crash,10/29/2020 05:20:00 AM,County,RANDOLPH RD,PARKLAWN DR,,N/A,,SAME DIR REAR END,RAINING,WET,DAWN,FLASHING TRAFFIC SIGNAL,NONE DETECTED,,DFC854DC-161A-4E17-AE26-E6371B9FA57F,No,NO APPARENT INJURY,"RAIN, SNOW, WET",NOT DISTRACTED,MD,E2A9AB59-F597-40E6-AF55-5C0BE8FD4370,FUNCTIONAL,SIX OCLOCK,PASSENGER CAR,STOPPED IN TRAFFIC LANE,West,35,No,No,2017,KIA,CADENZA,39.05355667,-77.10655167,"(39.05355667, -77.10655167)"
MCP3307002X,250022616,MONTGOMERY,Property Damage Crash,05/22/2025 06:33:00 AM,County Route,GRAND PRE RD,,,,,Front to Front,Rain,Wet,Daylight,Stop Sign,"Not Suspect of Alcohol Use, Not Suspect of Drug Use",,E933FADA-467C-42B4-8447-B7DE5E3EE1B6,No,No Apparent Injury,"Failed to Yield Right-of-Way, Ran Stop Sign",Unknown,MD,6DA6F1E4-2466-447F-BFBE-063313DA4F36,Functional,One O Clock,Passenger Car,Entering Traffic Lane,Eastbound,25,No,No,2010,HONDA,CIVIC,39.09273534,-77.07634118,"(39.09273534, -77.07634118)"
MCP204600C7,200013120,Montgomery County Police,Property Damage Crash,03/18/2020 09:09:00 AM,Maryland (State),GEORGIA AVE,COLESVILLE RD,,N/A,,STRAIGHT MOVEMENT ANGLE,CLEAR,DRY,DAYLIGHT,TRAFFIC SIGNAL,NONE DETECTED,,DCF92C0F-166E-4A60-8BFE-75C5402D42F9,Yes,NO APPARENT INJURY,N/A,NOT DISTRACTED,MD,B3E29C6C-2534-486B-82E0-FBC49AFF2DE3,FUNCTIONAL,TWELVE OCLOCK,POLICE VEHICLE/NON EMERGENCY,MAKING U TURN,South,30,No,No,2019,DODG,CHARGER,38.99643133,-77.02870033,"(38.99643133, -77.02870033)"
MCP9311001Q,180017850,Montgomery County Police,Injury Crash,04/12/2018 02:35:00 PM,County,SANGAMORE RD,ENT TO SHOPPING CENTER,,N/A,,STRAIGHT MOVEMENT ANGLE,N/A,DRY,DAYLIGHT,NO CONTROLS,NONE DETECTED,,6A943B97-07C5-455D-8621-287CE288D0BC,Yes,SUSPECTED MINOR INJURY,N/A,LOOKED BUT DID NOT SEE,MD,C446FAF5-5F11-45D4-8332-7E9E76699BED,DISABLING,ONE OCLOCK,PASSENGER CAR,ACCELERATING,East,35,No,No,1997,TOYOTA,COROLLA,38.94898333,-77.11886833,"(38.94898333, -77.11886833)"
MCP1235004W,230048939,Montgomery County Police,Injury Crash,08/11/2023 03:31:00 PM,Maryland (State),NEW HAMPSHIRE AVE,NORTHAMPTON DR,,N/A,,HEAD ON LEFT TURN,CLEAR,DRY,DAYLIGHT,TRAFFIC SIGNAL,NONE DETECTED,,4B210B05-52A2-4834-900F-226671A762BD,Yes,NO APPARENT INJURY,N/A,NOT DISTRACTED,MD,3FA2C3FA-8BC5-453C-9A76-B9BC9942E52C,DISABLING,THREE OCLOCK,PASSENGER CAR,MAKING LEFT TURN,West,40,No,No,2023,MITSUBISHI,OUTLANDER,39.01000011,-76.97951387,"(39.01000011, -76.97951387)"
MCP137800DF,16054236,Montgomery County Police,Property Damage Crash,10/21/2016 02:04:00 PM,Municipality,ODENDHAL AVE,RUSSELL AVE,,GAITHERSBURG,,STRAIGHT MOVEMENT ANGLE,RAINING,WET,DAYLIGHT,TRAFFIC SIGNAL,NONE DETECTED,,C00593AC-2B9E-4441-8FBC-7957452A4F51,No,NO APPARENT INJURY,"RAIN, SNOW, WET",NOT DISTRACTED,MD,0E447267-DB79-49ED-B299-F9466D57FD3F,FUNCTIONAL,ELEVEN OCLOCK,PASSENGER CAR,SLOWING OR STOPPING,West,50,No,No,2013,HONDA,CIVIC,39.15085167,-77.20359,"(39.15085167, -77.20359)"
MCP34500012,250019753,MONTGOMERY,Injury Crash,05/05/2025 03:57:00 PM,Maryland (State) Route,SANDY SPRING RD,CEDAR TREE DR (NB/L),,,,Front to Rear,Rain,Wet,Daylight,Yield Sign,"Not Suspect of Alcohol Use, Not Suspect of Drug Use",,7871E53D-59C7-488D-95D8-954E3EAE19A8,No,No Apparent Injury,,Not Distracted,MD,A697EE31-655F-4C35-AABF-2A8311F35146,Superficial,Twelve O Clock,Passenger Car,Accelerating,Eastbound,40,No,No,2016,HONDA,CIVIC,39.10662217,-76.92001583,"(39.10662217, -76.92001583)"
MCP2952001L,16005769,Montgomery County Police,Injury Crash,02/04/2016 07:03:00 AM,US (State),COLUMBIA PIKE,END BRIDGE,,N/A,,SAME DIR REAR END,N/A,WET,DAWN,NO CONTROLS,NONE DETECTED,,F8EC4A9B-4771-4BFD-BE7C-234CA8AF752D,No,POSSIBLE INJURY,"N/A, WET",NOT DISTRACTED,MD,6727F7D3-1B60-4845-8957-2EC92FFBADC2,SUPERFICIAL,SIX OCLOCK,PASSENGER CAR,STOPPED IN TRAFFIC LANE,South,50,No,No,2008,DODG,RAM,39.05244667,-76.97752667,"(39.05244667, -76.97752667)"
MCP1213001B,16005475,Montgomery County Police,Injury Crash,02/02/2016 03:20:00 PM,County,CARONA DR,BONIFANT RD,,N/A,,SAME DIR REAR END,CLEAR,DRY,DAYLIGHT,STOP SIGN,NONE DETECTED,,1021CC1B-4E95-4863-9FE0-FE980FBCB6F8,No,POSSIBLE INJURY,N/A,NOT DISTRACTED,MD,D0E7C214-9336-4EE2-9CEC-2886AFDE44F5,SUPERFICIAL,SIX OCLOCK,PASSENGER CAR,STOPPED IN TRAFFIC LANE,South,25,No,No,2004,SATURN,VUE,39.09445,-77.02753333,"(39.09445, -77.02753333)"
MCP28350012,16025397,Montgomery County Police,Injury Crash,05/22/2016 04:28:00 AM,Maryland (State),CONNECTICUT AVE,EAST WEST HWY,,N/A,,SAME DIR REAR END,RAINING,WET,DARK LIGHTS ON,TRAFFIC SIGNAL,ALCOHOL CONTRIBUTED,,12167EC8-7A1F-4000-8AD2-C08A067F0B01,Yes,NO APPARENT INJURY,N/A,INATTENTIVE OR LOST IN THOUGHT,MD,035ECE60-EE29-4240-86B1-8CCB1C60EC9E,FUNCTIONAL,TWELVE OCLOCK,PASSENGER CAR,MOVING CONSTANT SPEED,North,30,No,No,2003,HONDA,ACCORD,38.98787863,-77.07709685,"(38.98787863, -77.07709685)"
DD56650029,240030443,ROCKVILLE,Property Damage Crash,06/20/2024 09:00:00 PM,Maryland (State) Route,ROCKVILLE PIKE,,,,,Front to Rear,Clear,Dry,Dark - Lighted,Traffic Control Signal,"Unknown, Unknown",,C30F2AD8-A61C-4E7C-A401-49717F5F0141,No,,,,,193D5A1F-CA2A-4E76-94F4-41E1A26F398A,Functional,Twelve O Clock,Passenger Car,Moving Constant Speed,Northbound,35,No,,2016,TOYOTA,CAMRY,39.08411435,-77.14709887,"(39.08411435, -77.14709887)"
MCP3284001N,230051554,Montgomery County Police,Property Damage Crash,08/26/2023 02:20:00 AM,US (State),COLUMBIA PIKE,BRIGGS CHANEY RD,,N/A,,SAME DIRECTION RIGHT TURN,CLEAR,DRY,DARK LIGHTS ON,TRAFFIC SIGNAL,NONE DETECTED,,FA5808E9-FF85-4DFC-89CB-848A4318E76B,No,NO APPARENT INJURY,N/A,NOT DISTRACTED,MD,52D66F34-2DC3-4C30-8028-F7C54AFC7AF8,SUPERFICIAL,ELEVEN OCLOCK,POLICE VEHICLE/NON EMERGENCY,MAKING RIGHT TURN,North,35,No,No,2014,DODGE,CHARGER,39.08251,-76.94798,"(39.08251, -76.94798)"
MCP31990060,240013625,MONTGOMERY,Property Damage Crash,03/22/2024 06:13:00 AM,Maryland (State) Route,,,,,,Front to Rear,Clear,Dry,Dawn,No Controls,"Not Suspect of Alcohol Use, Not Suspect of Drug Use",,CE45FD3C-F84D-4ED6-BB85-BD6B50FCCB63,No,No Apparent Injury,,Not Distracted,MD,81923D16-2B9E-4CB2-9C62-47AA3EA6EA63,Functional,Six O Clock,Pickup,Slowing or Stopping,Eastbound,40,No,No,2016,CHEVROLET,SILVERADO HD,39.11966789,-77.0430049,"(39.11966789, -77.0430049)"
MCP3221002V,240015985,MONTGOMERY,Property Damage Crash,04/05/2024 08:04:00 PM,County Route,MONTROSE RD (WB/L),,,,,Front to Rear,Clear,Dry,Dark - Lighted,Pedestrian Crossing Sign,"Not Suspect of Alcohol Use, Not Suspect of Drug Use",,0400A3CF-0102-40DD-86E6-3B42E680B166,No,No Apparent Injury,,Not Distracted,MD,064A4A7C-331C-4CF7-A480-519F5931EF27,Superficial,Six O Clock,Van - Passenger (&lt;9 Seats),Stopped in Traffic,Westbound,35,No,,2010,HONDA,ODYSSEY,39.05312833,-77.12993833,"(39.05312833, -77.12993833)"
DD5527001L,180037270,Rockville Police Departme,Injury Crash,07/27/2018 02:50:00 PM,,,,PARKING LOT OF 50 MARYLAND AVE,,,SAME DIR REAR END,CLEAR,,DAYLIGHT,NO CONTROLS,NONE DETECTED,,A3F06B53-7436-47C9-84BC-3648EFF5ED31,No,NO APPARENT INJURY,N/A,NOT DISTRACTED,MD,340E201A-962C-4057-A7AB-03E058D7E528,SUPERFICIAL,SIX OCLOCK,PASSENGER CAR,PARKED,,5,No,Yes,2010,HYUNDAI,4DR,39.09655833,-77.13459,"(39.09655833, -77.13459)"
DD56300007,180031888,Rockville Police Departme,Property Damage Crash,06/28/2018 04:54:00 PM,Municipality,TWINBROOK PKWY,CHAPMAN AVE,,ROCKVILLE,,STRAIGHT MOVEMENT ANGLE,CLEAR,DRY,DAYLIGHT,TRAFFIC SIGNAL,NONE DETECTED,,989892D8-D961-4782-B8E1-225CA36B763E,Yes,NO APPARENT INJURY,N/A,NOT DISTRACTED,MD,5855758A-3929-4C26-BB5B-97497BD2A2F9,DISABLING,TWELVE OCLOCK,PASSENGER CAR,STARTING FROM LANE,East,35,No,No,2015,TOYOTA,RAV,39.058725,-77.11909333,"(39.058725, -77.11909333)"
MCP3080002R,200025859,Montgomery County Police,Property Damage Crash,07/03/2020 03:49:00 PM,Maryland (State),CLOPPER RD,ETERNITY RD,,N/A,,STRAIGHT MOVEMENT ANGLE,CLEAR,DRY,DAYLIGHT,STOP SIGN,NONE DETECTED,,A1C7B805-EA73-4037-8B95-313F8A617AAE,No,NO APPARENT INJURY,N/A,NOT DISTRACTED,MD,2FE98AD8-47D8-4B1C-8125-5FA0C447CEDE,FUNCTIONAL,TWELVE OCLOCK,PASSENGER CAR,MOVING CONSTANT SPEED,North,40,No,No,2007,FORD,TK,39.16989,-77.29638,"(39.16989, -77.29638)"
MCP13930019,170526119,Montgomery County Police,Property Damage Crash,08/21/2017 09:02:00 PM,Maryland (State),FREDERICK RD,SHAKESPEARE BLVD,,N/A,,SAME DIR REAR END,CLEAR,DRY,DARK LIGHTS ON,TRAFFIC SIGNAL,NONE DETECTED,,9E0D6A14-2399-4D99-8B9B-76300873A8DA,No,NO APPARENT INJURY,N/A,NOT DISTRACTED,MD,9834A01F-3AED-4DA4-BAF7-39ECA252249F,SUPERFICIAL,NINE OCLOCK,(SPORT) UTILITY VEHICLE,MOVING CONSTANT SPEED,South,35,No,No,2005,TOYOTA,RAV4,39.19825167,-77.24536667,"(39.19825167, -77.24536667)"
MCP1417007P,170515325,Montgomery County Police,Property Damage Crash,06/23/2017 10:52:00 AM,County,CRABBS BRANCH WAY,SHADY GROVE RD,,N/A,,SAME DIR REAR END,N/A,DRY,DAYLIGHT,TRAFFIC SIGNAL,NONE DETECTED,,BB40B268-2A3B-4977-B4E4-C2A8EDFA7186,No,NO APPARENT INJURY,N/A,NOT DISTRACTED,MD,85A32D81-73BF-4066-BAA7-74CCB2261192,FUNCTIONAL,SIX OCLOCK,POLICE VEHICLE/NON EMERGENCY,STOPPED IN TRAFFIC LANE,South,35,No,No,2017,FORD,INTERCEPTOR,39.12889508,-77.16762006,"(39.12889508, -77.16762006)"
MCP1453009R,220044663,Montgomery County Police,Property Damage Crash,10/12/2022 02:15:00 PM,Maryland (State),RIDGE RD,MAIN ST,,N/A,,STRAIGHT MOVEMENT ANGLE,CLEAR,DRY,DAYLIGHT,NO CONTROLS,NONE DETECTED,,D191105B-F6F3-495D-9039-BC70BE14271A,No,NO APPARENT INJURY,N/A,NOT DISTRACTED,MD,0DCEFF9A-6F7E-4BE8-93C6-AAD1C93D4D3C,DISABLING,FOUR OCLOCK,(SPORT) UTILITY VEHICLE,MOVING CONSTANT SPEED,North,30,No,No,2013,DODGE,DURANGO,39.28826487,-77.2060171,"(39.28826487, -77.2060171)"
MCP2560000D,15019311,Montgomery County Police,Property Damage Crash,04/24/2015 02:47:00 PM,Maryland (State),GREAT SENECA HWY,DAWSON FARM RD,,N/A,,SAME DIR REAR END,CLEAR,DRY,DAYLIGHT,TRAFFIC SIGNAL,NONE DETECTED,,BDE00735-3F86-4240-BA89-F6E45F40ADED,No,NO APPARENT INJURY,N/A,NOT DISTRACTED,CO,72C0A7A4-7106-4AFA-B468-EEEAF3C63174,SUPERFICIAL,SIX OCLOCK,PASSENGER CAR,SLOWING OR STOPPING,North,40,Unknown,No,2007,TOYOTA,PRIUS,39.16663333,-77.27051667,"(39.16663333, -77.27051667)"
MCP2736002V,15041699,MONTGOMERY,Property Damage Crash,08/20/2015 03:20:00 PM,County,WESTBARD AVE,RIDGEFIELD RD,,N/A,BICYCLIST,STRAIGHT MOVEMENT ANGLE,CLEAR,DRY,DAYLIGHT,TRAFFIC SIGNAL,UNKNOWN,NONE DETECTED,851CCD5F-0B3D-4A9C-B8F5-A183AFCE85A8,Yes,NO APPARENT INJURY,N/A,UNKNOWN,,46D1859F-43E2-4D55-812A-483B40FA1B8B,SUPERFICIAL,ONE OCLOCK,"CARGO VAN/LIGHT TRUCK 2 AXLES (OVER 10,000LBS (4,536 KG))",RIGHT TURN ON RED,North,30,No,No,0,UNKNOWN,UNKNOWN,38.96544833,-77.10710833,"(38.96544833, -77.10710833)"
MCP3227004N,230049070,Montgomery County Police,Property Damage Crash,08/12/2023 10:23:00 AM,Ramp,RAMP 3 FR IS 495 EB TO MD 650 NB,NEW HAMPSHIRE AVE,,N/A,,SAME DIR REAR END,CLEAR,DRY,DAYLIGHT,NO CONTROLS,UNKNOWN,,20FD8FF5-ECD9-4457-A1CA-72BAAE0EF68F,Yes,NO APPARENT INJURY,N/A,UNKNOWN,,F69C5021-67E4-4694-B16C-A4559EB5EA55,UNKNOWN,TWELVE OCLOCK,PASSENGER CAR,UNKNOWN,East,55,No,No,2019,JEEP,RENEGADE,39.01940658,-76.98645017,"(39.01940658, -76.98645017)"
EJ78290013,15011468,Gaithersburg Police Depar,Property Damage Crash,03/10/2015 07:40:00 AM,Municipality,TEACHERS WAY,CUL DE SAC,,N/A,,STRAIGHT MOVEMENT ANGLE,UNKNOWN,UNKNOWN,DAYLIGHT,STOP SIGN,UNKNOWN,,1C2EC11E-9C66-484F-A0F5-7182B5947234,Yes,NO APPARENT INJURY,N/A,UNKNOWN,MA,87FC4959-7EA8-435C-AF2A-AFE2B7741D60,UNKNOWN,ELEVEN OCLOCK,(SPORT) UTILITY VEHICLE,MAKING LEFT TURN,East,25,No,No,0,UNKNOWN,UNKNOWN,39.14321333,-77.189785,"(39.14321333, -77.189785)"
MCP27650018,15010344,Montgomery County Police,Property Damage Crash,03/05/2015 03:51:00 PM,Municipality,WOOTTON PKWY,FALLS RD,,N/A,,STRAIGHT MOVEMENT ANGLE,SNOW,SNOW,DAYLIGHT,TRAFFIC SIGNAL,NONE DETECTED,,98629CE9-47D9-4E1C-B7D2-FDA7990A3ADA,No,NO APPARENT INJURY,"ICY OR SNOW-COVERED, RAIN, SNOW, SLEET, HAIL, FREEZ. RAIN, WET",NOT DISTRACTED,MD,08B753D8-1AF6-4085-9CA4-DF02E5CBD659,SUPERFICIAL,TWELVE OCLOCK,PASSENGER CAR,STOPPED IN TRAFFIC LANE,West,30,No,No,2014,ORIO,BUS,39.06993,-77.17026667,"(39.06993, -77.17026667)"
MCP1564003M,190016250,Montgomery County Police,Property Damage Crash,04/08/2019 07:46:00 AM,Maryland (State),DAMASCUS RD,GEORGIA AVE,,N/A,,SAME DIR REAR END,CLEAR,DRY,DAYLIGHT,N/A,NONE DETECTED,,E1DBD3B9-0967-49C3-B18C-A5156F6D12AF,Yes,NO APPARENT INJURY,N/A,NOT DISTRACTED,MD,11D97532-E3E3-454E-8D62-F83319ED0960,FUNCTIONAL,TWELVE OCLOCK,VAN,SLOWING OR STOPPING,South,30,No,No,2012,CHEV,EXPRESS,39.22275667,-77.06095,"(39.22275667, -77.06095)"
MCP12510009,15005837,Montgomery County Police,Property Damage Crash,02/05/2015 09:55:00 AM,Maryland (State),RIVER RD,RIVER VIEW DR,,N/A,,STRAIGHT MOVEMENT ANGLE,CLEAR,DRY,DAYLIGHT,STOP SIGN,NONE DETECTED,,CB1B193B-9225-4A31-814C-9115EFD47ADF,Yes,NO APPARENT INJURY,N/A,NOT DISTRACTED,MD,E34C8E55-075A-49B3-A279-17663E253D3C,FUNCTIONAL,TWELVE OCLOCK,"MEDIUM/HEAVY TRUCKS 3 AXLES (OVER 10,000LBS (4,536KG))",MAKING LEFT TURN,North,35,No,No,2015,HINO,195,39.03059833,-77.23034,"(39.03059833, -77.23034)"
MCP3209000C,190042391,Montgomery County Police,Property Damage Crash,09/04/2019 03:38:00 PM,,,,PARKING LOT OF 9900 GEORGIA AVENUE,,,SINGLE VEHICLE,CLEAR,,DAYLIGHT,NO CONTROLS,NONE DETECTED,,20A3BF59-8296-40FA-AEFF-B0F653201298,Yes,NO APPARENT INJURY,N/A,INATTENTIVE OR LOST IN THOUGHT,MD,050A9703-69BF-4EEF-BC97-FED42A257C5F,DISABLING,TWELVE OCLOCK,PASSENGER CAR,ACCELERATING,South,15,No,No,2018,KIA,4S,39.01798167,-77.04402667,"(39.01798167, -77.04402667)"
MCP2191000N,15054014,MONTGOMERY,Property Damage Crash,10/24/2015 01:50:00 PM,County,CUSHING DR,STILLWATER AVE,,N/A,,SAME DIRECTION RIGHT TURN,CLEAR,DRY,DAYLIGHT,N/A,NONE DETECTED,,2AA4D6C8-522C-4B9F-A539-785BE3C30D78,Yes,NO APPARENT INJURY,N/A,NOT DISTRACTED,MD,C7EC7DC8-3B85-4AED-9DE8-FF7387A0B6B1,SUPERFICIAL,FOUR OCLOCK,AMBULANCE/EMERGENCY,PARKING,West,25,No,No,2010,FORD,AMBULANCE,39.036865,-77.10064,"(39.036865, -77.10064)"
MCP2986000Y,16037276,Montgomery County Police,Injury Crash,07/23/2016 09:35:00 AM,Maryland (State),GEORGIA AVE,FOREST GLEN RD,,N/A,,SAME DIR REAR END,CLEAR,DRY,DAYLIGHT,NO CONTROLS,NONE DETECTED,,5C227D04-1079-46F2-90C2-DAD0F3566882,No,NO APPARENT INJURY,N/A,NOT DISTRACTED,MD,4A0597E0-4898-4C1D-9744-B32AB11DEDED,SUPERFICIAL,SIX OCLOCK,PASSENGER CAR,SLOWING OR STOPPING,South,35,No,No,2013,RANGE ROVER,DISCOVERY,39.01743,-77.04357167,"(39.01743, -77.04357167)"
MCP26410038,230048735,Montgomery County Police,Property Damage Crash,08/10/2023 12:54:00 PM,County,BRINK RD,GOSHEN RD,,N/A,,SINGLE VEHICLE,CLOUDY,WET,DAYLIGHT,N/A,NONE DETECTED,,88BD1CE6-D3ED-4625-B09D-175A9E0F3D8A,Yes,NO APPARENT INJURY,"RAIN, SNOW, WET",NOT DISTRACTED,MD,472DC9F1-0198-43F7-A14D-BC2F438C4308,DISABLING,ONE OCLOCK,PASSENGER CAR,MOVING CONSTANT SPEED,West,35,No,No,2016,TOYOTA,SCION,39.204775,-77.18675333,"(39.204775, -77.18675333)"
MCP1354001V,230021070,Montgomery County Police,Property Damage Crash,05/02/2023 11:00:00 PM,Maryland (State),WHITES FERRY RD,PARTNERSHIP RD,,N/A,,SINGLE VEHICLE,N/A,DRY,DARK NO LIGHTS,N/A,NONE DETECTED,,42D59047-848B-40CE-8EA5-AEA9F172CB2C,Yes,NO APPARENT INJURY,N/A,UNKNOWN,VA,2DB54005-0ECB-4421-8CF7-F30D1A097583,DISABLING,TWELVE OCLOCK,(SPORT) UTILITY VEHICLE,MOVING CONSTANT SPEED,East,40,No,No,2017,LEXUS,NX200,39.13111667,-77.38473667,"(39.13111667, -77.38473667)"
MCP3272001C,220023194,Montgomery County Police,Injury Crash,05/31/2022 08:15:00 AM,Interstate (State),CAPITAL BELTWAY,COLESVILLE RD,,N/A,,SAME DIR REAR END,CLEAR,DRY,N/A,NO CONTROLS,NONE DETECTED,,25D1FC12-061D-4E6B-BCEC-FE8EB0A43487,Yes,NO APPARENT INJURY,N/A,NOT DISTRACTED,MD,C4AB5B71-1D39-424E-B42A-35B0D63CD4C6,SUPERFICIAL,TWELVE OCLOCK,PASSENGER CAR,SLOWING OR STOPPING,East,45,No,No,2009,NISSAN,SENTRA,39.01940817,-76.98752517,"(39.01940817, -76.98752517)"
MCP23700036,170522518,Montgomery County Police,Property Damage Crash,08/02/2017 12:44:00 PM,Maryland (State),GEORGIA AVE,DAYTON ST,,N/A,,SAME DIR REAR END,CLEAR,DRY,DAYLIGHT,N/A,NONE DETECTED,,B0219381-D0C2-4B5B-B632-8001048D5ADE,Yes,NO APPARENT INJURY,N/A,NOT DISTRACTED,MD,DDAF7F6E-6833-4861-9B44-E329E8A3E813,FUNCTIONAL,SIX OCLOCK,PASSENGER CAR,CHANGING LANES,South,40,No,No,1990,NISSAN,300ZX,39.02798833,-77.04704833,"(39.02798833, -77.04704833)"