Report Number,Local Case Number,Agency Name,ACRS Report Type,Crash Date/Time,Route Type,Road Name,Cross-Street Name,Off-Road Description,Municipality,Related Non-Motorist,Collision Type,Weather,Surface Condition,Light,Traffic Control,Driver Substance Abuse,Non-Motorist Substance Abuse,Person ID,Driver At Fault,Injury Severity,Circumstance,Driver Distracted By,Drivers License State,Vehicle ID,Vehicle Damage Extent,Vehicle First Impact Location,Vehicle Body Type,Vehicle Movement,Vehicle Going Dir,Speed Limit,Driverless Vehicle,Parked Vehicle,Vehicle Year,Vehicle Make,Vehicle Model,Latitude,Longitude,Location
MCP3228005D,230060566,Montgomery County Police,Property Damage Crash,10/13/2023 07:38:00 PM,Maryland (State),UNIVERSITY BLVD E,PINEY BRANCH RD,,N/A,,SAME DIRECTION SIDESWIPE,RAINING,WET,DARK LIGHTS ON,TRAFFIC SIGNAL,UNKNOWN,,0537B8BF-7AFF-4684-96B0-6AA6B6DCE813,Yes,NO APPARENT INJURY,"BACKUP DUE TO REGULAR CONGESTION, N/A, WET",UNKNOWN,,B3EA44C3-3A01-45A0-818C-F976062EE6E3,UNKNOWN,TEN OCLOCK,PASSENGER CAR,CHANGING LANES,East,35,No,No,2015,ACURA,SEDAN,39.00002906,-76.99550152,"(39.00002906, -76.99550152)"
MCP24720023,16052230,Montgomery County Police,Property Damage Crash,10/11/2016 08:20:00 AM,Maryland (State),RIVER RD,CHAPEL RD,,N/A,,SAME DIR REAR END,CLEAR,DRY,DAYLIGHT,NO CONTROLS,NONE DETECTED,,E6A71387-EFF2-450C-AE7C-A1C2DA0CCD72,No,NO APPARENT INJURY,N/A,NOT DISTRACTED,MD,E3831B56-1812-430F-9DA6-BA70BE98063F,FUNCTIONAL,SIX OCLOCK,PASSENGER CAR,STOPPED IN TRAFFIC LANE,East,30,No,No,2004,CHRYSLER,PACIFICA,39.02476,-77.21626667,"(39.02476, -77.21626667)"
MCP2960000M,15038681,MONTGOMERY,Property Damage Crash,08/04/2015 02:49:00 PM,County,INTERNATIONAL DR,CUL DE SAC,,N/A,,HEAD ON LEFT TURN,CLEAR,DRY,DAYLIGHT,STOP SIGN,NONE DETECTED,,0A603DC2-71B3-474A-AF6A-9004C603CAB7,Yes,NO APPARENT INJURY,N/A,LOOKED BUT DID NOT SEE,MD,0A2FAF97-057A-45BC-907B-CB841DF56353,DISABLING,ELEVEN OCLOCK,PASSENGER CAR,ACCELERATING,North,0,No,No,2009,NISSAN,VERSA,39.10384667,-77.0756,"(39.10384667, -77.0756)"
MCP235300BY,230026050,Montgomery County Police,Property Damage Crash,05/31/2023 09:24:00 AM,County,TUCKERMAN LA,BREWER HOUSE RD,,N/A,,SAME DIRECTION SIDESWIPE,CLOUDY,DRY,DAYLIGHT,NO CONTROLS,N/A,,8104BD2E-13CC-4CBA-A260-A386FE071BE9,No,NO APPARENT INJURY,N/A,NOT DISTRACTED,MD,94CCC366-0874-4124-B5B1-9DAD34287D0A,DISABLING,ELEVEN OCLOCK,PASSENGER CAR,MOVING CONSTANT SPEED,West,35,No,No,2017,TOYOTA,PRIUS,39.030252,-77.11334017,"(39.030252, -77.11334017)"
MCP33870013,240023385,MONTGOMERY,Injury Crash,05/17/2024 06:29:00 PM,,,,Driveway        PARKING LOT NEAR 102 SCHUYLER RD,,,Rear To Side,Cloudy,,Daylight,,"Not Suspect of Alcohol Use, Not Suspect of Drug Use",,ACB2991A-102D-4425-A147-E60BDE4F8608,Yes,No Apparent Injury,Improper Backing,Not Distracted,MD,466E116E-93EF-4554-8A91-DD3ECCC3A871,Superficial,Six O Clock,Pickup,Backing,Southbound,0,No,No,2000,NISSAN,FRONTIER,39.00319671,-77.01211335,"(39.00319671, -77.01211335)"
MCP3095000Y,180027421,Montgomery County Police,Property Damage Crash,06/04/2018 11:03:00 AM,County,POWDER MILL RD,NEW HAMPSHIRE AVE,,N/A,,SAME DIR BOTH LEFT TURN,CLEAR,N/A,DAYLIGHT,TRAFFIC SIGNAL,N/A,,F54E43EF-1E52-4F6F-A06A-C6DD7F4B0D7F,No,NO APPARENT INJURY,N/A,UNKNOWN,VA,60A067AC-1184-4DF2-9364-3070270AC5FE,FUNCTIONAL,EIGHT OCLOCK,"MEDIUM/HEAVY TRUCKS 3 AXLES (OVER 10,000LBS (4,536KG))",MAKING LEFT TURN,East,40,No,No,2017,MACK,TRUCK,39.02220216,-76.97748631,"(39.02220216, -76.97748631)"
MCP2931007Q,250013230,MONTGOMERY,Injury Crash,03/26/2025 01:40:00 PM,County Route,,DARNESTOWN RD DARNESTOWN RD (WB/L) GLEN MILL RD,,,,Rear To Side,Clear,Dry,Daylight,Traffic Control Signal,"Not Suspect of Alcohol Use, Not Suspect of Drug Use",,72637BA6-9D7B-4A80-AE6A-DE5EB7D322D6,Yes,No Apparent Injury,"Failed to Yield Right-of-Way, Improper Turn",Unknown,MD,491D99CC-73B5-4C2A-91ED-AA4A18F353DE,Disabling,One O Clock,Sport Utility Vehicle,Turning Left,,40,No,No,2015,BMW,X5,39.09249171,-77.19434815,"(39.09249171, -77.19434815)"
MCP1151009Y,190045030,Montgomery County Police,Injury Crash,09/20/2019 06:25:00 AM,County,CLARKSBURG RD,MOXLEY RD,,N/A,PEDESTRIAN,SAME DIRECTION SIDESWIPE,CLEAR,DRY,DARK NO LIGHTS,N/A,UNKNOWN,NONE DETECTED,C62DA7A3-7DFC-440E-ACF6-F44E723AB58C,Unknown,NO APPARENT INJURY,N/A,UNKNOWN,,FDE5BE71-F6A8-46CE-85A2-415847BEFF96,UNKNOWN,ONE OCLOCK,UNKNOWN,MOVING CONSTANT SPEED,North,40,No,No,0,UNKNOWN,UNKNOWN,39.31167578,-77.23862919,"(39.31167578, -77.23862919)"
DM83700014,180021989,Takoma Park Police Depart,Property Damage Crash,05/04/2018 08:24:00 PM,Maryland (State),PINEY BRANCH RD,PHILADELPHIA AVE,,N/A,,SAME DIRECTION SIDESWIPE,RAINING,WET,DARK LIGHTS ON,TRAFFIC SIGNAL,NONE DETECTED,,06591299-2A09-4E63-B73A-61246866E0D7,Unknown,NO APPARENT INJURY,"N/A, WET",NOT DISTRACTED,MD,54BAC149-AB2B-47C3-80D9-E4892DE8EE0C,SUPERFICIAL,TWO OCLOCK,PASSENGER CAR,MOVING CONSTANT SPEED,North,30,No,No,2012,TOYT,4S,38.98380167,-77.01526833,"(38.98380167, -77.01526833)"
MCP2003000G,15062400,MONTGOMERY,Property Damage Crash,12/07/2015 12:05:00 AM,County,VEIRS MILL SERV RD,GAIL ST,,N/A,,HEAD ON,CLEAR,DRY,DARK LIGHTS ON,NO CONTROLS,ALCOHOL CONTRIBUTED,,4007B41C-34AF-4D8A-B535-BA4DB3E09822,Yes,NO APPARENT INJURY,N/A,NOT DISTRACTED,MD,783CC3A9-009C-4720-916F-C025DDA4D5F2,DISABLING,TWELVE OCLOCK,(SPORT) UTILITY VEHICLE,MOVING CONSTANT SPEED,West,40,No,No,2001,TOYOTA,SUV,39.04936883,-77.07120538,"(39.04936883, -77.07120538)"
MCP3173002M,220028326,Montgomery County Police,Property Damage Crash,07/01/2022 04:45:00 PM,County,BETHESDA CHURCH RD,RIDGE MANOR DR,,N/A,,OTHER,N/A,DRY,DAYLIGHT,NO CONTROLS,NONE DETECTED,,5BF18824-21CE-4520-8D9A-414256777EC1,Yes,NO APPARENT INJURY,N/A,OTHER CELLULAR PHONE RELATED,MD,F91A844B-BD8F-49A3-B67A-1B5457F29850,DISABLING,ONE OCLOCK,PASSENGER CAR,MOVING CONSTANT SPEED,East,30,No,No,2008,TOYT,PRIUS,39.28280967,-77.20759083,"(39.28280967, -77.20759083)"
MCP2662001V,190014710,Montgomery County Police,Property Damage Crash,03/30/2019 05:13:00 AM,County,MIDCOUNTY HWY,MILLER FALL RD,,N/A,,SINGLE VEHICLE,CLEAR,DRY,DARK NO LIGHTS,NO CONTROLS,NONE DETECTED,,FB4EA0B0-DB5F-45A1-AFEA-5F46776B5E66,No,NO APPARENT INJURY,"ANIMAL, N/A",NOT DISTRACTED,MD,1627A665-8B97-4BB8-A8C1-386B9FFDB8CD,DISABLING,TWELVE OCLOCK,PASSENGER CAR,MOVING CONSTANT SPEED,South,45,No,No,2003,FORD,F150,39.142105,-77.156035,"(39.142105, -77.156035)"
MCP0704001Q,180056993,Montgomery County Police,Property Damage Crash,11/13/2018 05:40:00 PM,Maryland (State),WISCONSIN AVE,WOODMONT AVE,,N/A,,HEAD ON LEFT TURN,CLEAR,DRY,DARK LIGHTS ON,TRAFFIC SIGNAL,NONE DETECTED,,DC0B55AC-0FE9-480B-9C4A-02FDF8C8F4B8,No,NO APPARENT INJURY,N/A,NOT DISTRACTED,VA,BFFBD7BB-FD19-45F1-8F72-FD7AEC454628,FUNCTIONAL,TWELVE OCLOCK,PASSENGER CAR,MOVING CONSTANT SPEED,South,25,No,No,2016,HONDA,ACCORD,38.97973667,-77.09241,"(38.97973667, -77.09241)"
MCP3091003V,220055552,Montgomery County Police,Property Damage Crash,12/15/2022 04:34:00 PM,County,TRAVILAH RD,PINEY MEETINGHOUSE RD,,N/A,,HEAD ON,RAINING,WET,DARK LIGHTS ON,NO CONTROLS,N/A,,BB17A189-DB84-4D12-B869-21181E67651D,No,NO APPARENT INJURY,"RAIN, SNOW, WET",NOT DISTRACTED,MD,9EBA0050-8E91-4955-AF59-41D759768D53,DISABLING,TWELVE OCLOCK,PASSENGER CAR,MOVING CONSTANT SPEED,North,35,No,No,2008,HONDA,ACCORD,39.08653383,-77.21822233,"(39.08653383, -77.21822233)"
EJ7870006Q,240004716,GAITHERSBURG,Property Damage Crash,01/29/2024 10:16:00 PM,Spur,SPUR,,,,,Front to Rear,Clear,Dry,Dark - Lighted,Traffic Control Signal,"Not Suspect of Alcohol Use, Not Suspect of Drug Use",,180559BC-CB70-4583-875F-98B3C3027251,No,No Apparent Injury,,Not Distracted,MD,4BA8038A-8287-4EC1-95AC-D69BBB57651E,Superficial,Six O Clock,Sport Utility Vehicle,Stopped in Traffic,Westbound,30,No,No,2011,HONDA,CR-V,39.10919417,-77.21276067,"(39.10919417, -77.21276067)"
MCP9417002T,190019840,Montgomery County Police,Injury Crash,04/27/2019 11:15:00 PM,Maryland (State),OLD GEORGETOWN RD,RAMP 8 FR MD 187 SB TO RAMP 9 (TO IS270),,N/A,,HEAD ON LEFT TURN,RAINING,WET,DARK LIGHTS ON,TRAFFIC SIGNAL,NONE DETECTED,,771A155F-AE2A-4FD5-A90C-4C9DB79BCA9E,No,POSSIBLE INJURY,"RAIN, SNOW, WET",NOT DISTRACTED,MD,DE591CC6-91F2-4551-BF73-19F2D3CE817E,DISABLING,ONE OCLOCK,PASSENGER CAR,MAKING LEFT TURN,North,40,No,No,2012,NISSAN,ALTIMA,39.03102833,-77.12651,"(39.03102833, -77.12651)"
MCP2917000F,15022140,Montgomery County Police,Injury Crash,05/09/2015 03:52:00 PM,Maryland (State),GEORGIA AVE,HATHAWAY DR,,N/A,,SAME DIRECTION RIGHT TURN,CLEAR,DRY,DAYLIGHT,N/A,NONE DETECTED,,8954ABB9-3296-4F50-B424-870776C93F0B,No,NO APPARENT INJURY,N/A,NOT DISTRACTED,MD,F5E44F5A-7D2F-460B-8876-B2D53772685B,FUNCTIONAL,ELEVEN OCLOCK,PASSENGER CAR,MOVING CONSTANT SPEED,North,45,No,No,2011,TOYOTA,COROLLA,39.06835502,-77.06119537,"(39.06835502, -77.06119537)"
MCP2728006M,190060802,Montgomery County Police,Property Damage Crash,12/17/2019 05:37:00 PM,Maryland (State),COLESVILLE RD,GEORGIA AVE,,N/A,,SAME DIRECTION SIDESWIPE,RAINING,WET,DARK LIGHTS ON,NO CONTROLS,NONE DETECTED,,3B231EE1-9191-4763-9504-91683557F23E,No,NO APPARENT INJURY,"RAIN, SNOW, WET",NOT DISTRACTED,MD,84BF06F4-9B82-4853-A0D4-BB20030E3494,SUPERFICIAL,TWO OCLOCK,PASSENGER CAR,MOVING CONSTANT SPEED,West,35,No,No,2019,TOYOTA,TACOMA,38.99614242,-77.02805644,"(38.99614242, -77.02805644)"
MCP32950020,220037420,Montgomery County Police,Property Damage Crash,08/29/2022 06:08:00 PM,Maryland (State),NEW HAMPSHIRE AVE,NORTHAMPTON DR,,N/A,,HEAD ON LEFT TURN,CLEAR,DRY,DAYLIGHT,TRAFFIC SIGNAL,NONE DETECTED,,24F051C6-CEC0-4889-96D4-66D3BFC9DB46,No,NO APPARENT INJURY,N/A,NOT DISTRACTED,MD,94F6AAA3-DF01-4E78-BB42-04E139CCAD37,FUNCTIONAL,TWELVE OCLOCK,PASSENGER CAR,MOVING CONSTANT SPEED,South,35,No,No,2007,TOYOTA,CAMRY,39.020685,-77.00874667,"(39.020685, -77.00874667)"
MCP27530030,170540678,Montgomery County Police,Property Damage Crash,11/03/2017 12:42:00 PM,County,RANDOLPH RD,GEORGIA AVE,,N/A,,OTHER,CLEAR,DRY,DAYLIGHT,TRAFFIC SIGNAL,NONE DETECTED,,97BE84A0-7454-42F9-BF9B-FEFE5BEE71C7,Yes,NO APPARENT INJURY,N/A,NOT DISTRACTED,FL,A04C6B9F-A5B2-405D-A529-909D9E365D2B,NO DAMAGE,SIX OCLOCK,TRUCK TRACTOR,BACKING,East,40,No,No,2005,KENWORTH,TK,39.05887833,-77.04848,"(39.05887833, -77.04848)"
DD56210028,180018415,Rockville Police Departme,Property Damage Crash,04/15/2018 03:37:00 PM,County,E GUDE DR,DOVER RD,,N/A,,SAME DIR REAR END,RAINING,WET,DAYLIGHT,TRAFFIC SIGNAL,NONE DETECTED,,1131BD81-26BB-4059-B1FD-7586F82E33EC,Yes,NO APPARENT INJURY,"RAIN, SNOW, WET",NOT DISTRACTED,MD,0C559FBF-E521-4922-B888-7B2102E14C73,DISABLING,TWELVE OCLOCK,PICKUP TRUCK,SLOWING OR STOPPING,East,40,No,No,2001,DODGE,TK,39.1001025,-77.14010617,"(39.1001025, -77.14010617)"
MCP93180020,210044849,Montgomery County Police,Property Damage Crash,11/05/2021 03:49:00 PM,County,POWDER MILL RD,KINLOCH RD,,N/A,,SAME DIRECTION SIDESWIPE,CLEAR,DRY,DAYLIGHT,NO CONTROLS,NONE DETECTED,,6AD1327D-6302-48C8-999C-9568985EF3F6,Yes,NO APPARENT INJURY,N/A,UNKNOWN,MD,9A6F2C8A-2267-4035-A832-30AD2742E3E5,FUNCTIONAL,FIVE OCLOCK,SCHOOL BUS,MAKING LEFT TURN,East,40,No,No,2020,ICRB,BU,39.02527624,-76.96863964,"(39.02527624, -76.96863964)"
MCP2719000Z,16016982,Montgomery County Police,Property Damage Crash,04/07/2016 03:42:00 PM,County,ENNALLS AVE,VEIRS MILL RD,,N/A,,STRAIGHT MOVEMENT ANGLE,CLOUDY,DRY,DAYLIGHT,STOP SIGN,N/A,,13A869BA-1840-49F8-8A13-251F8F8BA40C,No,NO APPARENT INJURY,N/A,NOT DISTRACTED,MD,08E1BAB1-974F-4C4E-848C-146712A857D1,FUNCTIONAL,ELEVEN OCLOCK,PASSENGER CAR,MOVING CONSTANT SPEED,North,40,No,No,2010,NISS,4S,39.03943007,-77.05408148,"(39.03943007, -77.05408148)"
MCP1213008C,230058534,Montgomery County Police,Property Damage Crash,10/04/2023 04:45:00 PM,County,GOOD HOPE RD,SANDY HOLLOW CT,,N/A,,SAME DIR REAR END,CLEAR,DRY,DAYLIGHT,NO CONTROLS,NONE DETECTED,,FB76C70A-5679-4A3B-9FEA-98ECA04A8505,No,NO APPARENT INJURY,N/A,NOT DISTRACTED,MD,E3671386-98AD-4D0B-86E7-5408DCF784E5,SUPERFICIAL,SIX OCLOCK,(SPORT) UTILITY VEHICLE,STOPPED IN TRAFFIC LANE,South,35,No,No,2022,TOYT,UT,39.09765833,-76.985475,"(39.09765833, -76.985475)"
MCP1022006H,17010650,Montgomery County Police,Injury Crash,02/28/2017 08:34:00 AM,Maryland (State),WOODFIELD RD,ENT TO WOODFIELD SCHOOL,,N/A,,SAME DIR REAR END,CLEAR,DRY,DAYLIGHT,NO CONTROLS,NONE DETECTED,,90FE5CA6-167C-4876-8DFC-05DFE18BBC4E,No,POSSIBLE INJURY,N/A,NOT DISTRACTED,MD,80F0AE26-2C2E-49BC-B4E8-92CC1D8DC42D,FUNCTIONAL,SIX OCLOCK,(SPORT) UTILITY VEHICLE,STOPPED IN TRAFFIC LANE,South,30,No,No,2007,CHEV,AVALANCHE,39.25367333,-77.19784833,"(39.25367333, -77.19784833)"
MCP2724002L,190059635,Montgomery County Police,Property Damage Crash,12/06/2019 07:57:00 AM,,,,PARKING LOT OF 201 VALLEYBROOK DRIVE,,,SAME DIR REAR END,CLEAR,,DAYLIGHT,N/A,N/A,,45251FF2-B190-45FB-8C0F-805FC04BA733,No,NO APPARENT INJURY,N/A,NOT DISTRACTED,MD,297B9FAD-01B6-4A8E-A516-B22503DF256C,SUPERFICIAL,SIX OCLOCK,(SPORT) UTILITY VEHICLE,SLOWING OR STOPPING,West,0,No,No,2007,HYUNDAI,SANTE FE,39.058325,-77.00537167,"(39.058325, -77.00537167)"
MCP28660045,170538065,Montgomery County Police,Property Damage Crash,10/21/2017 08:57:00 PM,Maryland (State),ROCKVILLE PIKE,STRATHMORE AVE,,N/A,,SAME DIR REAR END,N/A,DRY,DARK LIGHTS ON,NO CONTROLS,NONE DETECTED,,F23D5D98-1640-4F92-9F0A-BC8B9C3FF87B,No,NO APPARENT INJURY,N/A,NOT DISTRACTED,MD,1FE04370-FA50-41D7-A447-E34A1605992B,FUNCTIONAL,SIX OCLOCK,PASSENGER CAR,MOVING CONSTANT SPEED,South,45,No,No,2000,HONDA,CRV,39.03249333,-77.10610833,"(39.03249333, -77.10610833)"
MCP2861000X,15019691,Montgomery County Police,Injury Crash,04/26/2015 04:04:00 PM,County,DEMOCRACY BLVD,RAMP 8 FR IS 270Y SB TO DEMOCRACY BLVD,,N/A,,HEAD ON LEFT TURN,CLEAR,DRY,DAYLIGHT,TRAFFIC SIGNAL,NONE DETECTED,,281119CF-D43F-429F-B8AB-5A1AAEB164CF,Yes,POSSIBLE INJURY,N/A,NOT DISTRACTED,MD,C6B08726-499E-4B8D-8307-523AD764A8D3,DISABLING,ELEVEN OCLOCK,PASSENGER CAR,MOVING CONSTANT SPEED,East,35,No,No,2009,TOYT,HY,39.021545,-77.14385,"(39.021545, -77.14385)"
MCP271700KS,180048764,Montgomery County Police,Property Damage Crash,09/29/2018 09:00:00 PM,Maryland (State),UNIVERSITY BLVD E,COLESVILLE RD,,N/A,,SAME DIRECTION SIDESWIPE,CLEAR,DRY,DARK LIGHTS ON,TRAFFIC SIGNAL,NONE DETECTED,,1547E5E5-9251-4513-8C39-B641B9FF5C59,No,NO APPARENT INJURY,N/A,NOT DISTRACTED,MD,13561A22-C951-4604-B9FF-084AA5670605,SUPERFICIAL,ONE OCLOCK,PASSENGER CAR,MOVING CONSTANT SPEED,East,35,No,No,2018,HUNDAI,SONATA,39.01908767,-77.00840867,"(39.01908767, -77.00840867)"
MCP2539000P,16033763,Montgomery County Police,Injury Crash,07/04/2016 01:01:00 AM,Maryland (State),MONTGOMERY AVE,PEARL ST,,N/A,,SINGLE VEHICLE,CLOUDY,DRY,DARK LIGHTS ON,NO CONTROLS,ALCOHOL CONTRIBUTED,,47A28349-DB63-4223-851C-DE07A60FFB9B,Yes,POSSIBLE INJURY,N/A,NOT DISTRACTED,MD,D3200CFC-19C0-4396-8068-5E801AAAA4EF,DISABLING,UNDERSIDE,PASSENGER CAR,MOVING CONSTANT SPEED,East,30,No,No,2003,HONDA,CIVIV,38.98295667,-77.09083,"(38.98295667, -77.09083)"
MCP2637001N,170513405,Montgomery County Police,Injury Crash,06/13/2017 01:12:00 PM,County,SHADY GROVE RD,BLACKWELL RD,,ROCKVILLE,,HEAD ON LEFT TURN,CLEAR,DRY,N/A,N/A,NONE DETECTED,,942F2CBC-4223-45E8-B071-075ABD183EB3,No,NO APPARENT INJURY,N/A,NOT DISTRACTED,MD,3B429D87-CF65-45D1-AC4B-BEA1130B131B,DISABLING,ELEVEN OCLOCK,PASSENGER CAR,MOVING CONSTANT SPEED,North,35,No,No,2013,HONDA,CIVIC,39.10090041,-77.19173312,"(39.10090041, -77.19173312)"
MCP3298000F,210031252,Montgomery County Police,Property Damage Crash,08/11/2021 06:50:00 PM,,,,PARKINIG LOT OF TOWNHOUSE DEVELOPMENT,,,HEAD ON LEFT TURN,N/A,,DAYLIGHT,NO CONTROLS,UNKNOWN,,FF3FDC86-AEDE-490C-9E0B-6307D17B6BE1,Yes,NO APPARENT INJURY,N/A,NOT DISTRACTED,,246ACF21-E24F-435C-9D0C-85C415A240F3,UNKNOWN,TWELVE OCLOCK,,UNKNOWN,West,5,No,No,0,UNKNOWN,UNKNOWN,39.12825764,-77.20028864,"(39.12825764, -77.20028864)"
MCP1235000L,16018465,Montgomery County Police,Injury Crash,04/15/2016 03:04:00 PM,Maryland (State),STRATHMORE AVE,EXIT FR HOLY CROSS SCHOOL,,N/A,,SAME DIR REAR END,N/A,DRY,DAYLIGHT,NO CONTROLS,NONE DETECTED,,E9197598-7A47-419A-96B2-4FE8461A002D,No,POSSIBLE INJURY,N/A,NOT DISTRACTED,MD,8FC81D6F-8742-4983-BD7F-B98F895F79A5,SUPERFICIAL,SIX OCLOCK,PASSENGER CAR,SLOWING OR STOPPING,East,25,No,No,2013,TOYOTA,COROLLA,39.034625,-77.09751167,"(39.034625, -77.09751167)"
MCP30200024,180023358,Montgomery County Police,Property Damage Crash,05/12/2018 10:30:00 AM,County,BRIGGS RD,LAYHILL RD,,N/A,,SINGLE VEHICLE,CLEAR,DRY,UNKNOWN,NO CONTROLS,UNKNOWN,,504626F1-F83B-4CCB-939D-5D533140B84C,Yes,NO APPARENT INJURY,N/A,NOT DISTRACTED,,93EC55BD-68E8-41E7-8482-649BA61A8C3F,DISABLING,ELEVEN OCLOCK,PASSENGER CAR,UNKNOWN,East,25,No,No,2000,NISSAN,SENTRA,39.06906667,-77.04652333,"(39.06906667, -77.04652333)"
MCP15750022,15001891,Montgomery County Police,Property Damage Crash,01/12/2015 06:35:00 PM,County,NEBEL ST,RANDOLPH RD,,N/A,,HEAD ON LEFT TURN,RAINING,WET,DARK LIGHTS ON,NO CONTROLS,UNKNOWN,,C3B5EDCA-B19A-46EC-A44E-99BF0BA47C0B,No,NO APPARENT INJURY,"N/A, WET",UNKNOWN,MD,A0E74505-1E53-4C58-9FB9-9E9B17386A88,SUPERFICIAL,TWELVE OCLOCK,PASSENGER CAR,STARTING FROM LANE,North,30,No,No,2008,LEXUS,ES350,39.052985,-77.11074833,"(39.052985, -77.11074833)"
EJ7858003G,190017050,Gaithersburg Police Depar,Property Damage Crash,04/11/2019 04:00:00 PM,County,N SUMMIT AVE,GIRARD ST,,GAITHERSBURG,,UNKNOWN,UNKNOWN,UNKNOWN,UNKNOWN,NO CONTROLS,UNKNOWN,,D93537F2-FF64-4D5F-B9BC-4D07E89D62A9,Yes,NO APPARENT INJURY,N/A,UNKNOWN,,756DB634-F804-450A-9D06-252CB6DCF335,FUNCTIONAL,FIVE OCLOCK,PASSENGER CAR,BACKING,Unknown,10,No,No,2007,TOYOTA,CN,39.14951757,-77.19007662,"(39.14951757, -77.19007662)"
MCP3290003N,240050175,MONTGOMERY,Injury Crash,10/20/2024 01:57:00 PM,Local Route,SILVER SPRING AVE,,,,Scooter (electric),Single Vehicle,Clear,Dry,Daylight,Traffic Control Signal,"Not Suspect of Alcohol Use, Not Suspect of Drug Use","Not Suspect of Alcohol Use, Not Suspect of Drug Use",E64AA53E-EE9F-4D71-910E-B9020500523A,No,No Apparent Injury,,Not Distracted,MD,70672F9A-2015-4B76-9B90-C813AE1FFF85,Functional,Four O Clock,Sport Utility Vehicle,Accelerating,Eastbound,35,No,No,2025,HONDA,CR-V,38.99156083,-77.02682555,"(38.99156083, -77.02682555)"
MCP235800CW,240032522,MONTGOMERY,Property Damage Crash,07/10/2024 02:44:00 PM,County Route,AUBURN AVE,,,,,"Sideswipe, Opposite Direction",Clear,Dry,Daylight,No Controls,"Not Suspect of Alcohol Use, Not Suspect of Drug Use",,D1A3F0DD-7530-48DA-BE34-AD56C6E2BEFD,No,No Apparent Injury,,Not Distracted,MD,73907A5D-9374-4FF8-A29F-8CF3217D6F3E,Functional,Nine O Clock,Passenger Car,Slowing or Stopping,Northbound,25,No,No,2018,JAGUAR,E-PACE,38.98988075,-77.09990207,"(38.98988075, -77.09990207)"
MCP1604001M,190037447,Montgomery County Police,Property Damage Crash,08/06/2019 10:30:00 AM,County,CRABBS BRANCH WAY,REDLAND RD,,N/A,,SAME DIRECTION SIDESWIPE,CLEAR,DRY,DAYLIGHT,N/A,NONE DETECTED,,FDC7A9A9-7F74-443B-944D-D1D82C94D8F8,Unknown,NO APPARENT INJURY,N/A,NOT DISTRACTED,MD,DB7E90F8-20A7-4EF8-9E4D-230668F75367,SUPERFICIAL,FIVE OCLOCK,PASSENGER CAR,MOVING CONSTANT SPEED,North,40,No,No,2018,TOYOTA,SIENA,39.1215634,-77.15943277,"(39.1215634, -77.15943277)"
DM85000005,210018269,Takoma Park Police Depart,Property Damage Crash,05/15/2021 07:11:00 AM,County,MERRIMAC DR,UNIVERSITY BLVD E,,N/A,,STRAIGHT MOVEMENT ANGLE,CLEAR,DRY,DAYLIGHT,N/A,N/A,,04ABCC97-70F2-4339-8FDF-1D5F52308B78,Yes,NO APPARENT INJURY,N/A,LOOKED BUT DID NOT SEE,MD,6C38AD03-6291-47E6-A994-3E57580829B7,DISABLING,ONE OCLOCK,VAN,MOVING CONSTANT SPEED,South,25,No,No,2013,TOYT,VN,38.992755,-76.99165,"(38.992755, -76.99165)"
MCP23720073,240052206,MONTGOMERY,Injury Crash,11/01/2024 09:26:00 AM,Maryland (State) Route,RIVER RD (WB/L),,,,,Single Vehicle,Clear,Dry,Daylight,No Controls,"Not Suspect of Alcohol Use, Not Suspect of Drug Use",,56BA1B94-7F69-4A78-BCE2-CADB371403E2,Yes,Suspected Minor Injury,Other Improper Action,Unknown,MD,3C7B447D-AAA5-4528-9A62-2BFAE3813148,Disabling,Twelve O Clock,Passenger Car,Changing Lanes,Westbound,35,No,No,2012,HONDA,ACCORD,38.9916366,-77.15982034,"(38.9916366, -77.15982034)"
MCP1210003P,190034164,Montgomery County Police,Property Damage Crash,07/18/2019 04:20:00 PM,Municipality,N SUMMIT AVE,BROOKS AVE,,GAITHERSBURG,,STRAIGHT MOVEMENT ANGLE,CLEAR,DRY,DAYLIGHT,NO CONTROLS,NONE DETECTED,,EC778A04-FBD0-4FF1-A274-5792FEE2DD43,Yes,NO APPARENT INJURY,N/A,UNKNOWN,MD,A9A24325-86F5-4845-816A-B4D24D7BA355,FUNCTIONAL,ELEVEN OCLOCK,PASSENGER CAR,ENTERING TRAFFIC LANE,East,25,No,No,2007,HONDA,CIVIC,39.14377667,-77.193015,"(39.14377667, -77.193015)"
EJ7898006D,250030706,GAITHERSBURG,Injury Crash,07/10/2025 12:30:00 PM,Maryland (State) Route,QUINCE ORCHARD RD,,,,,Front to Rear,Cloudy,Dry,Daylight,No Controls,"Not Suspect of Alcohol Use, Not Suspect of Drug Use",,79DA47B3-0999-40B9-8E53-060B0408D556,No,Suspected Minor Injury,,Not Distracted,MD,DC190A2F-9C3A-4E53-A706-8C3F16397531,Superficial,Six O Clock,Passenger Car,Slowing or Stopping,Northbound,35,No,No,2021,HONDA,CR-V,39.14935583,-77.215712,"(39.14935583, -77.215712)"
MCP1566000X,180007111,Montgomery County Police,Property Damage Crash,02/10/2018 09:49:00 PM,County,DOVER RD,E GUDE DR,,N/A,,SINGLE VEHICLE,RAINING,WET,DARK LIGHTS ON,NO CONTROLS,NONE DETECTED,,033DDE1D-15B4-45F9-A1D6-0CFA12237291,Unknown,NO APPARENT INJURY,N/A,NOT DISTRACTED,MD,960A2A9B-BA74-4698-948C-2FF84F70B8C3,DESTROYED,ROOF TOP,STATION WAGON,SLOWING OR STOPPING,South,30,No,No,2000,FORD,FOCUS,39.09782833,-77.14242,"(39.09782833, -77.14242)"