Report Number,Local Case Number,Agency Name,ACRS Report Type,Crash Date/Time,Route Type,Road Name,Cross-Street Name,Off-Road Description,Municipality,Related Non-Motorist,Collision Type,Weather,Surface Condition,Light,Traffic Control,Driver Substance Abuse,Non-Motorist Substance Abuse,Person ID,Driver At Fault,Injury Severity,Circumstance,Driver Distracted By,Drivers License State,Vehicle ID,Vehicle Damage Extent,Vehicle First Impact Location,Vehicle Body Type,Vehicle Movement,Vehicle Going Dir,Speed Limit,Driverless Vehicle,Parked Vehicle,Vehicle Year,Vehicle Make,Vehicle Model,Latitude,Longitude,Location
MCP209400CP,180054996,Montgomery County Police,Injury Crash,11/02/2018 01:05:00 PM,County,ROCKLEDGE DR,DEMOCRACY BLVD,,N/A,,SAME DIR REAR END,CLOUDY,DRY,DAYLIGHT,TRAFFIC SIGNAL,NONE DETECTED,,569E7315-CC61-4C32-8A6C-12B69BACB7F0,No,NO APPARENT INJURY,N/A,UNKNOWN,MD,376E59CB-B802-4080-84A8-3FEDB49AC726,FUNCTIONAL,TWO OCLOCK,(SPORT) UTILITY VEHICLE,SLOWING OR STOPPING,South,30,No,No,2019,KIA,SORENTO,39.023915,-77.13264167,"(39.023915, -77.13264167)"
DD55020018,15027984,Rockville Police Departme,Property Damage Crash,06/09/2015 03:50:00 PM,Municipality,S STONESTREET AVE,BALTIMORE RD,,N/A,,HEAD ON LEFT TURN,CLEAR,DRY,DAYLIGHT,NO CONTROLS,NONE DETECTED,,CD3DEF06-341C-4E15-9B90-53765D2048E3,Yes,NO APPARENT INJURY,N/A,NOT DISTRACTED,MD,206D2B04-2C20-45AB-9A0D-6432F5B7965C,FUNCTIONAL,ELEVEN OCLOCK,PASSENGER CAR,MAKING LEFT TURN,South,25,No,No,2003,MAZD,2S,39.08299667,-77.14335667,"(39.08299667, -77.14335667)"
MCP2003000H,15062412,MONTGOMERY,Property Damage Crash,12/07/2015 03:22:00 AM,County,REEDIE DR,ROSE LA,,N/A,,SAME DIR REAR END,CLEAR,DRY,DARK LIGHTS ON,NO CONTROLS,ALCOHOL CONTRIBUTED,,7F58E42A-53E5-4029-B508-33260D1EAA89,Yes,NO APPARENT INJURY,N/A,NOT DISTRACTED,MD,B2E037EA-1B56-4407-9B85-46B76AA90C42,DISABLING,ONE OCLOCK,PASSENGER CAR,MOVING CONSTANT SPEED,East,30,No,No,2016,FORD,FOCUS,39.05812167,-77.04847667,"(39.05812167, -77.04847667)"
MCP2515000G,16005106,Montgomery County Police,Property Damage Crash,01/31/2016 04:25:00 PM,County,ANNAPOLIS ROCK RD,HOWARD CO/L,,N/A,,SINGLE VEHICLE,CLEAR,SLUSH,DAYLIGHT,NO CONTROLS,NONE DETECTED,,12FFFEA6-D660-47AA-B74D-19B1681DFB8C,Yes,NO APPARENT INJURY,"ICY OR SNOW-COVERED, RAIN, SNOW",NOT DISTRACTED,MD,EDB1405D-D8BF-4E58-9438-75DA3807046A,DESTROYED,TWELVE OCLOCK,PASSENGER CAR,MOVING CONSTANT SPEED,East,35,No,No,2004,SCION,4D,39.27655038,-77.13474154,"(39.27655038, -77.13474154)"
MCP34100013,250019032,MONTGOMERY,Property Damage Crash,05/01/2025 10:42:00 AM,Local Route,CENTER CUT THRU CUT,,,,,Angle,Clear,Dry,Daylight,No Controls,"Not Suspect of Alcohol Use, Not Suspect of Drug Use",,F7684D3B-0D50-4BC1-A22A-D2037BFC2435,Yes,No Apparent Injury,,Not Distracted,MD,DA12BD7E-F80E-4A21-9356-62BECD45D02D,Disabling,Three O Clock,Passenger Car,Making U-Turn,Westbound,40,No,No,2008,NISSAN,MAXIMA,39.0672145,-77.10180733,"(39.0672145, -77.10180733)"
MCP10020018,230023916,Montgomery County Police,Property Damage Crash,05/18/2023 06:15:00 PM,Maryland (State),W DIAMOND AVE,BUREAU DR,,GAITHERSBURG,,SAME DIR REAR END,CLEAR,DRY,DAYLIGHT,N/A,NONE DETECTED,,8E2A0CEE-F136-452D-828E-916B0C6A00C3,Yes,NO APPARENT INJURY,N/A,BY OTHER OCCUPANTS,MD,524010F2-DF9C-42E3-B97D-1065ADB1B206,DISABLING,TWELVE OCLOCK,PASSENGER CAR,MOVING CONSTANT SPEED,West,35,No,No,2009,HONDA,FIT,39.14508833,-77.21033667,"(39.14508833, -77.21033667)"
MCP2244000P,15056034,MONTGOMERY,Property Damage Crash,11/03/2015 06:09:00 PM,US (State),COLESVILLE RD,UNIVERSITY BLVD E,,N/A,,SAME DIRECTION RIGHT TURN,CLEAR,N/A,DARK LIGHTS ON,TRAFFIC SIGNAL,NONE DETECTED,,A178F9B0-DAE7-4F2E-B100-0363BE8F40BE,No,NO APPARENT INJURY,N/A,NOT DISTRACTED,MD,FC7FF71B-F586-4185-983A-C326E9C5D4C8,SUPERFICIAL,ELEVEN OCLOCK,PASSENGER CAR,MOVING CONSTANT SPEED,South,40,No,No,2012,TOYOTA,4S COROLLA,39.02039,-77.01314167,"(39.02039, -77.01314167)"
MCP2760004V,240003393,MONTGOMERY,Property Damage Crash,01/22/2024 05:21:00 PM,Maryland (State) Route,MUNCASTER MILL RD (WB/L),,,,,"Sideswipe, Same Direction",Clear,Dry,Daylight,Yield Sign,"Not Suspect of Alcohol Use, Not Suspect of Drug Use",,DEA22DB5-7B01-482C-8E8C-2A092ADAB56D,No,No Apparent Injury,,Not Distracted,MD,5EA31A6A-0083-4D7C-9307-D743375E1C00,Functional,One O Clock,Sport Utility Vehicle,Moving Constant Speed,Northbound,35,No,No,2013,NISSAN,ROGUE,39.14913895,-77.14713421,"(39.14913895, -77.14713421)"
MCP211600DY,210039885,Montgomery County Police,Property Damage Crash,10/06/2021 05:42:00 PM,Maryland (State),MUNCASTER MILL RD,OLDE MILL RUN,,N/A,,SAME DIR REAR END,CLOUDY,DRY,DAYLIGHT,NO CONTROLS,NONE DETECTED,,E5848397-D91C-4CF5-9E7D-93CC7A0BAB51,Yes,NO APPARENT INJURY,N/A,NOT DISTRACTED,MD,33914A56-C42F-48B5-B44D-F02879388712,DISABLING,TWELVE OCLOCK,POLICE VEHICLE/EMERGENCY,SLOWING OR STOPPING,East,40,No,No,2010,NISS,2S,39.140085,-77.13351667,"(39.140085, -77.13351667)"
MCP2892001Z,16058552,Montgomery County Police,Property Damage Crash,11/13/2016 06:47:00 PM,US (State),COLESVILLE RD,SPRING ST,,N/A,,SAME DIR REAR END,CLEAR,DRY,DARK LIGHTS ON,NO CONTROLS,NONE DETECTED,,05A3F6E1-DB37-4CE8-8EC5-C381658FD5C2,No,NO APPARENT INJURY,N/A,NOT DISTRACTED,VA,83DE49C3-AE9F-441B-B46E-8AF8DBD999C0,SUPERFICIAL,SIX OCLOCK,PASSENGER CAR,SLOWING OR STOPPING,North,35,No,No,2008,BMW,335XI,38.99808333,-77.026545,"(38.99808333, -77.026545)"
DD56280043,210014056,Rockville Police Departme,Property Damage Crash,04/15/2021 11:45:00 AM,Maryland (State),FIRST ST,MAPLE AVE,,ROCKVILLE,,SAME DIRECTION SIDESWIPE,CLEAR,DRY,DAYLIGHT,OTHER,NONE DETECTED,,DF67F718-C389-45DA-8C4F-A7490FF26515,No,NO APPARENT INJURY,N/A,NOT DISTRACTED,MD,1A5EFC37-0E4D-43D9-8419-FD54B329D2CE,DISABLING,EIGHT OCLOCK,PASSENGER CAR,MOVING CONSTANT SPEED,West,30,No,No,2019,TOYOTA,RAV4,39.08171667,-77.13734,"(39.08171667, -77.13734)"
MCP3066001D,190056583,Montgomery County Police,Injury Crash,11/23/2019 01:50:00 AM,Interstate (State),CAPITAL BELTWAY,EXIT #39,,N/A,,SAME DIR REAR END,CLEAR,DRY,DARK LIGHTS ON,N/A,N/A,,E5C842E3-CCE5-446C-A57E-8D553A13641A,No,SUSPECTED SERIOUS INJURY,N/A,NOT DISTRACTED,MD,3F049430-2721-477A-B84C-9BE8B19FEE0B,DESTROYED,SIX OCLOCK,PASSENGER CAR,MOVING CONSTANT SPEED,East,55,No,No,2010,HONDA,ACCORD,38.98429599,-77.15936887,"(38.98429599, -77.15936887)"
MCP3096002W,200040208,Montgomery County Police,Property Damage Crash,10/12/2020 06:05:00 PM,Maryland (State),ROCKVILLE PIKE,ENT TO FEDERAL PLAZA S.C.,,N/A,,SAME DIRECTION LEFT TURN,RAINING,WET,DARK LIGHTS ON,TRAFFIC SIGNAL,NONE DETECTED,,E6A62A10-1855-46EC-A869-C6324BEBAA70,Yes,NO APPARENT INJURY,"N/A, WET",NOT DISTRACTED,MD,5F08E47B-B439-4793-8266-9D67676CCBC6,SUPERFICIAL,FIVE OCLOCK,PICKUP TRUCK,MAKING LEFT TURN,South,40,No,No,2018,RAM,3500,39.05756167,-77.12021833,"(39.05756167, -77.12021833)"
MCP0617006Q,250010460,MONTGOMERY,Injury Crash,03/10/2025 12:36:00 PM,Maryland (State) Route,GEORGIA AVE (SB/L),EMORY LA,,,,Front to Rear,Clear,Dry,Daylight,Traffic Control Signal,"Not Suspect of Alcohol Use, Not Suspect of Drug Use",,A7160271-BD0A-4652-8C2A-9DF11BBE8965,No,Suspected Minor Injury,,Not Distracted,MD,282B26B7-E4F5-41C8-B209-7D921A43C2B4,Disabling,Seven O Clock,Sport Utility Vehicle,Accelerating,Eastbound,40,No,No,2023,FORD,BRONCO SPORT,39.12655917,-77.075026,"(39.12655917, -77.075026)"
MCP3176000Y,200018822,Montgomery County Police,Injury Crash,05/09/2020 12:30:00 AM,Maryland (State),GEORGIA AVE,TILTON DR,,N/A,,SAME DIR REAR END,CLEAR,WET,DARK LIGHTS ON,NO CONTROLS,NONE DETECTED,,A3C87291-308D-48C3-9E86-633EDB2D3FB3,No,POSSIBLE INJURY,N/A,NOT DISTRACTED,GA,C41FB738-FE0C-411A-A60D-5445FAF35094,DISABLING,SIX OCLOCK,PASSENGER CAR,MOVING CONSTANT SPEED,South,35,No,No,2020,DODGE,DURANGO,39.01841333,-77.043705,"(39.01841333, -77.043705)"
MCP3397000G,240019422,MONTGOMERY,Property Damage Crash,04/26/2024 05:18:00 AM,,,,Parking Lot Way        7-ELEVEN PARKING LOT,,,Rear To Side,Clear,,Dark - Lighted,,"Not Suspect of Alcohol Use, Not Suspect of Drug Use",,ACF147D2-9F00-45BD-9671-6384FDDBFD07,No,No Apparent Injury,,Not Distracted,MD,3A219915-99CD-49E3-A1F4-B6BEE6722A0E,Superficial,One O Clock,Passenger Car,Moving Constant Speed,Not On Roadway,0,No,,2017,TOYOTA,SIENNA,39.00656327,-76.98076777,"(39.00656327, -76.98076777)"
MCP271700YH,240002428,MONTGOMERY,Property Damage Crash,01/15/2024 06:35:00 PM,County Route,SLIGO AVE,,,,,Front to Rear,Snow,Snow,Dark - Lighted,Traffic Control Signal,"Not Suspect of Alcohol Use, Not Suspect of Drug Use",,41E82ACC-1CDB-4E90-9C71-AE9354AE135A,No,No Apparent Injury,,Not Distracted,MD,D49CD588-021E-4ECB-8405-77EDA8C33C69,Disabling,Twelve O Clock,Passenger Car,Moving Constant Speed,Eastbound,25,No,No,2016,VOLKSWAGEN,UNKNOWN,38.99142167,-77.011325,"(38.99142167, -77.011325)"
MCP137800K5,170550234,Montgomery County Police,Injury Crash,12/22/2017 06:38:00 PM,Maryland (State),CLOPPER RD,ENT TO BUSINESS,,N/A,,STRAIGHT MOVEMENT ANGLE,RAINING,WET,DARK LIGHTS ON,NO CONTROLS,NONE DETECTED,,9037C882-5B82-4895-9741-E543E69FD92A,No,POSSIBLE INJURY,"RAIN, SNOW, WET",NOT DISTRACTED,MD,20ACEFD9-2955-4FC4-804F-FEE3E1D71B8D,DISABLING,SEVEN OCLOCK,(SPORT) UTILITY VEHICLE,MOVING CONSTANT SPEED,East,35,No,No,2000,CHEVROLET,BLAZER,39.14727833,-77.23146833,"(39.14727833, -77.23146833)"
MCP302600DY,250033427,MONTGOMERY,Property Damage Crash,07/27/2025 11:45:00 AM,County Route,,VENDOME DR,,,,"Sideswipe, Opposite Direction",Clear,Dry,Daylight,Stop Sign,"Not Suspect of Alcohol Use, Not Suspect of Drug Use",,C17E9810-D367-4604-881D-05AE985578EF,No,No Apparent Injury,,Not Distracted,MD,BD3D1B0D-E038-40B7-8673-1611189FBC04,No Damage,Non-Collision,Passenger Car,Turning Left,Eastbound,25,No,No,2013,KIA,SORENTO,38.9760665,-77.18744383,"(38.9760665, -77.18744383)"
DD56030096,220007345,Rockville Police Departme,Property Damage Crash,02/19/2022 02:30:00 PM,Maryland (State),ROCKVILLE PIKE,FIRST ST,,N/A,,SAME DIR REAR END,CLEAR,DRY,DAYLIGHT,NO CONTROLS,NONE DETECTED,,9098980A-34DF-46FF-B249-2601D45CA40C,Yes,NO APPARENT INJURY,"DEBRIS OR OBSTRUCTION, N/A",LOOKED BUT DID NOT SEE,MD,928A93A7-CD8D-4042-BF63-E494838BAC37,DISABLING,TWELVE OCLOCK,PASSENGER CAR,MAKING RIGHT TURN,West,40,No,No,2006,TOYT,UT,39.15837167,-77.22823,"(39.15837167, -77.22823)"
MCP24200016,16001196,Montgomery County Police,Injury Crash,01/07/2016 04:24:00 PM,Maryland (State),GEORGIA AVE,HILLCREST AVE,,N/A,,HEAD ON LEFT TURN,CLOUDY,DRY,DAYLIGHT,NO CONTROLS,N/A,,94EFC905-8591-4E6C-AB0E-B6E8D3C92ACC,No,NO APPARENT INJURY,N/A,NOT DISTRACTED,MD,D9194B3C-C585-4226-8F56-9CF3DAF243C9,FUNCTIONAL,TWELVE OCLOCK,(SPORT) UTILITY VEHICLE,STOPPED IN TRAFFIC LANE,West,20,No,No,2013,FORD,TK,39.16179,-77.06378667,"(39.16179, -77.06378667)"
MCP3337001V,230055912,Montgomery County Police,Injury Crash,09/20/2023 12:14:00 PM,Maryland (State),UNIVERSITY BLVD W,ARCOLA AVE,,N/A,,ANGLE MEETS RIGHT TURN,CLEAR,DRY,DAYLIGHT,TRAFFIC SIGNAL,NONE DETECTED,,61A85758-3D88-4829-B5F5-F752BDD37C6D,Yes,NO APPARENT INJURY,N/A,NOT DISTRACTED,MD,14D96410-209B-49B2-86DB-C7F5A7D0B7FA,DISABLING,ELEVEN OCLOCK,PASSENGER CAR,ACCELERATING,East,35,No,No,2020,TOYT,CAMRY,39.0357315,-77.02621083,"(39.0357315, -77.02621083)"
MCP2564000Z,16017587,Montgomery County Police,Property Damage Crash,04/10/2016 09:10:00 PM,,,,PARKING LOT OF 18749 N FREDERICK AVE,,,SAME DIRECTION SIDESWIPE,CLEAR,,DARK LIGHTS ON,NO CONTROLS,ALCOHOL PRESENT,,03830462-B85C-4501-8D15-52C3B6DB88E6,Yes,NO APPARENT INJURY,N/A,NOT DISTRACTED,MD,EF452B2A-591D-4BFC-9231-7D15273D39E9,SUPERFICIAL,ELEVEN OCLOCK,(SPORT) UTILITY VEHICLE,PARKING,East,0,No,No,2015,MITSUBISHI,OUTLANDER,39.16336794,-77.22566776,"(39.16336794, -77.22566776)"
DD55980009,15059821,ROCKVILLE,Property Damage Crash,11/23/2015 10:09:00 AM,Municipality,ALSACE LA,CUL DE SAC,,N/A,,OTHER,CLEAR,DRY,DAYLIGHT,NO CONTROLS,N/A,,6CDDFF4E-4A5E-4A44-936D-A1F59F82EEE5,Yes,NO APPARENT INJURY,N/A,NOT DISTRACTED,VA,92B236AA-B8A2-429E-975D-7C818E0A315F,FUNCTIONAL,SEVEN OCLOCK,PASSENGER CAR,BACKING,South,0,No,No,2006,DODGE,DURANGO,39.06622833,-77.11738167,"(39.06622833, -77.11738167)"
MCP2954005V,180041020,Montgomery County Police,Property Damage Crash,08/17/2018 09:17:00 PM,County,GLENVILLE RD,LANGLEY DR,,N/A,,OTHER,CLOUDY,DRY,DARK NO LIGHTS,NO CONTROLS,NONE DETECTED,,74FA8014-A231-402D-AF02-C76A3FCE115D,Yes,NO APPARENT INJURY,N/A,UNKNOWN,MD,65BF6F47-1E95-488D-9AE9-443B4D7B1FD0,FUNCTIONAL,SIX OCLOCK,PASSENGER CAR,BACKING,South,5,No,No,2014,FORD,FOCUS,39.00016167,-76.99658333,"(39.00016167, -76.99658333)"
MCP2867004W,170543540,Montgomery County Police,Injury Crash,11/18/2017 06:05:00 AM,Maryland (State),UNIVERSITY BLVD E,COLESVILLE RD,,N/A,,STRAIGHT MOVEMENT ANGLE,CLEAR,DRY,DARK NO LIGHTS,TRAFFIC SIGNAL,NONE DETECTED,,F9E809F8-F521-4617-B28A-5865C302986E,Unknown,SUSPECTED MINOR INJURY,N/A,UNKNOWN,MD,62C5925E-0717-475E-8CBA-661E26EE809B,DESTROYED,TWELVE OCLOCK,PASSENGER CAR,MOVING CONSTANT SPEED,South,40,No,No,2001,SATURN,4D,39.01992833,-77.01318,"(39.01992833, -77.01318)"
MCP287700B9,220051637,Montgomery County Police,Injury Crash,11/22/2022 11:30:00 AM,Municipality,TRENT ST,UPPINGHAM ST,,SOMERSET,OTHER,OTHER,CLEAR,DRY,DAYLIGHT,NO CONTROLS,NONE DETECTED,NONE DETECTED,BE413B85-26DA-4F63-9188-F587E58CA68E,Unknown,NO APPARENT INJURY,N/A,NOT DISTRACTED,MD,02A3B09B-0CE4-4606-AD26-F46DBAB44C03,NO DAMAGE,UNKNOWN,PASSENGER CAR,PASSING,South,30,No,No,2020,TOYOTA,CAMRY,38.9646977,-77.09668001,"(38.9646977, -77.09668001)"
DD56630009,230062941,Rockville Police Departme,Injury Crash,10/25/2023 12:25:00 PM,Maryland (State),ROCKVILLE PIKE,EDMONSTON DR,,ROCKVILLE,,SAME DIR REAR END,CLEAR,DRY,DAYLIGHT,TRAFFIC SIGNAL,NONE DETECTED,,7E7DB923-7F3D-4BF7-AE6C-D1C7B9ED59F4,No,NO APPARENT INJURY,N/A,NOT DISTRACTED,MD,49DA9CF6-0F86-4491-92B2-E97D2C774C31,SUPERFICIAL,SIX OCLOCK,PASSENGER CAR,STOPPED IN TRAFFIC LANE,North,35,No,No,2022,KIA,SOUL,39.07443186,-77.13556663,"(39.07443186, -77.13556663)"
MCP3230005N,240034183,MONTGOMERY,Injury Crash,07/19/2024 09:03:00 PM,Maryland (State) Route,VEIRS MILL RD (WB/L),,,,,Angle,Clear,Dry,Dark - Lighted,No Controls,"Not Suspect of Alcohol Use, Not Suspect of Drug Use",,08D33F54-53B6-471B-A560-7EC30E8893E6,No,Suspected Minor Injury,,Not Distracted,MD,EB2D3D64-E8EB-4321-AC87-FEB42A2B3998,Disabling,Eight O Clock,Passenger Car,Moving Constant Speed,Westbound,35,No,No,2010,TOYOTA,PRIUS,39.06157204,-77.09183461,"(39.06157204, -77.09183461)"
MCP1202003X,190027842,Montgomery County Police,Property Damage Crash,06/11/2019 12:00:00 PM,County,WESTBARD AVE,MASSACHUSETTS AVE,,N/A,,HEAD ON LEFT TURN,CLEAR,DRY,DAYLIGHT,TRAFFIC SIGNAL,NONE DETECTED,,C079AC32-DF06-4347-9F67-4776178E243F,Yes,NO APPARENT INJURY,N/A,NOT DISTRACTED,XX,4071C2E8-3552-4BA5-8041-84034D8DDEE3,DISABLING,TWELVE OCLOCK,PASSENGER CAR,MAKING LEFT TURN,East,30,No,No,2018,HONDA,ODYSSEY,38.9586,-77.109,"(38.9586, -77.109)"
MCP26670050,180036824,Montgomery County Police,Injury Crash,07/25/2018 12:45:00 PM,Maryland (State),MONTGOMERY VILLAGE AVE,RUSSELL AVE,,GAITHERSBURG,,STRAIGHT MOVEMENT ANGLE,CLEAR,DRY,DAYLIGHT,TRAFFIC SIGNAL,NONE DETECTED,,711C4AA3-BF0D-4F3E-8F10-CC390A621DFF,Yes,POSSIBLE INJURY,N/A,UNKNOWN,MD,8AB68CB4-4AA2-470C-8837-94003874D4DF,DISABLING,TWELVE OCLOCK,PASSENGER CAR,MOVING CONSTANT SPEED,North,35,No,No,2011,HYUNDIA,4S,39.1839135,-77.15055467,"(39.1839135, -77.15055467)"
MCP2960001G,16063218,Montgomery County Police,Property Damage Crash,12/09/2016 01:54:00 PM,Maryland (State),GEORGIA AVE,WENDY LA,,N/A,,STRAIGHT MOVEMENT ANGLE,CLEAR,DRY,DAYLIGHT,NO CONTROLS,N/A,,010BEFEF-C64A-4AA0-B385-6EA628C7F629,Yes,NO APPARENT INJURY,N/A,UNKNOWN,MD,07B2FF5F-90F9-417A-9BC9-C36CC3F022E3,DISABLING,THREE OCLOCK,PASSENGER CAR,MOVING CONSTANT SPEED,South,45,No,No,2010,MERZ,4S,39.07976833,-77.07347833,"(39.07976833, -77.07347833)"
MCP32590023,210042365,Montgomery County Police,Injury Crash,10/21/2021 04:31:00 PM,Municipality,W EDMONSTON DR,WOOTTON PKWY,,ROCKVILLE,,SAME DIR REAR END,CLEAR,DRY,DAYLIGHT,NO CONTROLS,NONE DETECTED,,FC9487E1-715D-4F55-915E-5C4952E0A908,Yes,NO APPARENT INJURY,N/A,OTHER DISTRACTION,MD,E1351950-E487-42B7-8259-8251E00BA86C,SUPERFICIAL,TWELVE OCLOCK,PASSENGER CAR,SLOWING OR STOPPING,East,25,No,No,2019,CHEVY,TRAVERSE,39.07312776,-77.13727449,"(39.07312776, -77.13727449)"
MCP3123000J,180019906,Montgomery County Police,Property Damage Crash,04/23/2018 05:35:00 PM,,,,PARKING LOT OF 15551A FREDERICK RD,,,OTHER,CLOUDY,,DAYLIGHT,N/A,NONE DETECTED,,00302D6E-3978-42DE-836E-56A019B925F6,No,NO APPARENT INJURY,N/A,NOT DISTRACTED,MD,DAC0A088-E28F-400D-95EA-D95BB76B44FE,SUPERFICIAL,EIGHT OCLOCK,PASSENGER CAR,MOVING CONSTANT SPEED,West,10,No,No,2013,HONDA,CRV,39.11122,-77.160565,"(39.11122, -77.160565)"
MCP3200006C,220037818,Montgomery County Police,Property Damage Crash,09/01/2022 07:36:00 AM,Maryland (State),RIVER RD,WHITTIER BLVD,,N/A,,SAME DIRECTION RIGHT TURN,CLEAR,DRY,DAYLIGHT,TRAFFIC SIGNAL,NONE DETECTED,,8B43202C-AF89-4E59-B25F-A200D13FCC34,No,NO APPARENT INJURY,N/A,NOT DISTRACTED,MD,0E627BE4-82AD-4233-94EE-AE1177CC1260,DISABLING,ELEVEN OCLOCK,PASSENGER CAR,MOVING CONSTANT SPEED,West,35,No,No,2020,TESLA,MODEL X,38.97575683,-77.12611967,"(38.97575683, -77.12611967)"
MCP2298005G,15021359,Montgomery County Police,Property Damage Crash,05/05/2015 05:05:00 PM,Maryland (State),FREDERICK RD,WIMS RD,,N/A,,SAME DIR REAR END,CLOUDY,DRY,DAYLIGHT,NO CONTROLS,NONE DETECTED,,73619A43-119E-4B74-B961-A4992BF38DBF,Yes,NO APPARENT INJURY,N/A,LOOKED BUT DID NOT SEE,MD,806B5224-24E0-4963-ABD0-0094239AF3AB,DISABLING,TWELVE OCLOCK,PASSENGER CAR,SLOWING OR STOPPING,North,40,No,No,2010,HONDA,ODYSSEY VAN,39.22569667,-77.26312333,"(39.22569667, -77.26312333)"
MCP3040003R,190030535,Montgomery County Police,Property Damage Crash,06/26/2019 05:30:00 PM,Maryland (State),GEORGIA AVE,INTERCOUNTY CONNECTOR,,N/A,,SAME DIR REAR END,CLEAR,DRY,DAYLIGHT,NO CONTROLS,N/A,,7FADF33E-03CD-4BDF-A8E9-C39FAAFA1F8C,No,NO APPARENT INJURY,N/A,NOT DISTRACTED,MD,7CB165CE-685D-4516-9B14-EE07BE941445,SUPERFICIAL,SIX OCLOCK,PICKUP TRUCK,SLOWING OR STOPPING,North,45,No,No,2002,CHEV,TK,39.12038667,-77.07423833,"(39.12038667, -77.07423833)"
MCP1151009N,190028851,Montgomery County Police,Injury Crash,06/17/2019 08:00:00 AM,Maryland (State),RIDGE RD,HAWKES RD,,N/A,,SAME DIR REAR END,CLEAR,DRY,DAYLIGHT,NO CONTROLS,NONE DETECTED,,2FC7AE8A-5915-481B-A916-20F3C2AD0495,Yes,SUSPECTED MINOR INJURY,"N/A, ROAD UNDER CONSTRUCTION/MAINTENANCE",NOT DISTRACTED,MD,B7E43E65-0AB5-45BB-9C56-B0529C6B483F,DISABLING,TWELVE OCLOCK,PASSENGER CAR,MOVING CONSTANT SPEED,North,40,No,No,2007,FORD,FOCUS,39.24668033,-77.23400567,"(39.24668033, -77.23400567)"
MCP2372006K,240035662,MONTGOMERY,Injury Crash,07/29/2024 08:33:00 AM,County Route,ALGONQUIN AVE,WILSON LA,,,,Other,Clear,Dry,Daylight,Stop Sign,"Not Suspect of Alcohol Use, Not Suspect of Drug Use",,BD6AB702-6E8C-4296-8A49-A69AEF047B62,Yes,No Apparent Injury,"Failed to Yield Right-of-Way, Over-Correcting/Over-Steering",Not Distracted,MD,B41E8D88-7927-4724-9717-5953BE5A7461,Disabling,Eleven O Clock,Passenger Car,Turning Left,Eastbound,30,No,No,2003,HONDA,ACCORD,38.98527881,-77.13552545,"(38.98527881, -77.13552545)"
MCP1022008R,180023808,Montgomery County Police,Injury Crash,05/15/2018 08:18:00 AM,Maryland (State),RIDGE RD,SNOWDEN FARM PKWY (PROP),,N/A,,SAME DIR REAR END,CLEAR,WET,DAYLIGHT,TRAFFIC SIGNAL,NONE DETECTED,,2B15E1DB-F1F0-4738-B88E-DBB569037623,Yes,POSSIBLE INJURY,N/A,NOT DISTRACTED,MD,4FA415DF-692F-4D7C-8AE3-86EE8F88291C,DISABLING,TWELVE OCLOCK,PASSENGER CAR,MOVING CONSTANT SPEED,South,40,No,No,2015,NISSAN,ALTIMA,39.21723333,-77.23889333,"(39.21723333, -77.23889333)"
MCP29910084,230021084,Montgomery County Police,Property Damage Crash,05/03/2023 08:00:00 AM,Maryland (State),SPENCERVILLE RD,VEITCH LA,,N/A,,SINGLE VEHICLE,RAINING,WET,DAYLIGHT,NO CONTROLS,NONE DETECTED,,12096973-5A3D-4963-9CB1-B650F735605A,Unknown,NO APPARENT INJURY,N/A,NOT DISTRACTED,MD,F3DC3143-4700-467E-AA81-5256CC708B5F,DISABLING,TWELVE OCLOCK,PICKUP TRUCK,MOVING CONSTANT SPEED,East,25,No,No,2003,CHEVY,3500,39.11838333,-76.98151167,"(39.11838333, -76.98151167)"
MCP3182000G,190024464,Montgomery County Police,Property Damage Crash,05/23/2019 07:33:00 AM,County,LOCKWOOD DR,ENT TO SHOPPING CENTER,,N/A,,STRAIGHT MOVEMENT ANGLE,CLEAR,DRY,DAYLIGHT,N/A,NONE DETECTED,,7EA5AB55-A6F6-405A-B54B-BEC3F224ABBF,Yes,NO APPARENT INJURY,N/A,LOOKED BUT DID NOT SEE,MD,8224C8CC-32C1-4C6D-A87A-3E1F2B02D7FA,FUNCTIONAL,SEVEN OCLOCK,TRANSIT BUS,MAKING RIGHT TURN,South,0,No,No,2014,NABI,TBU,39.041495,-76.98730833,"(39.041495, -76.98730833)"
DD56030036,16048584,Rockville Police Departme,Property Damage Crash,09/21/2016 04:49:00 PM,Maryland (State),ROCKVILLE PIKE,FIRST ST,,N/A,,HEAD ON LEFT TURN,CLEAR,DRY,DAYLIGHT,NO CONTROLS,NONE DETECTED,,D1C3F34E-6DC2-4ADA-8576-2C5FCD092254,Yes,NO APPARENT INJURY,N/A,LOOKED BUT DID NOT SEE,HI,D7011131-E4A7-4F54-97F1-E07BEF190C7E,FUNCTIONAL,TWELVE OCLOCK,PASSENGER CAR,MAKING LEFT TURN,South,40,No,No,2010,KIA,4S,39.0765011,-77.13846445,"(39.0765011, -77.13846445)"