Report Number,Local Case Number,Agency Name,ACRS Report Type,Crash Date/Time,Route Type,Road Name,Cross-Street Name,Off-Road Description,Municipality,Related Non-Motorist,Collision Type,Weather,Surface Condition,Light,Traffic Control,Driver Substance Abuse,Non-Motorist Substance Abuse,Person ID,Driver At Fault,Injury Severity,Circumstance,Driver Distracted By,Drivers License State,Vehicle ID,Vehicle Damage Extent,Vehicle First Impact Location,Vehicle Body Type,Vehicle Movement,Vehicle Going Dir,Speed Limit,Driverless Vehicle,Parked Vehicle,Vehicle Year,Vehicle Make,Vehicle Model,Latitude,Longitude,Location
MCP2946003M,210007975,Montgomery County Police,Injury Crash,03/03/2021 08:47:00 AM,Maryland (State),OLD HUNDRED RD,THURSTON RD,,N/A,,SINGLE VEHICLE,CLEAR,ICE,DAYLIGHT,N/A,NONE DETECTED,,402083D3-6EDA-46E5-9027-3E790DCDCD8C,Yes,NO APPARENT INJURY,"ICY OR SNOW-COVERED, N/A",NOT DISTRACTED,MD,481352B9-DBE4-45EE-A787-EE667A8A17D2,DISABLING,TWO OCLOCK,PICKUP TRUCK,SLOWING OR STOPPING,North,40,No,No,2005,CHEV,SILVERADO,39.26900333,-77.33994833,"(39.26900333, -77.33994833)"
MCP1378007F,15044153,MONTGOMERY,Property Damage Crash,09/02/2015 03:05:00 PM,,,,PARKING LOT OF 9900 KEY WEST AVE,,,STRAIGHT MOVEMENT ANGLE,CLOUDY,,DAYLIGHT,NO CONTROLS,UNKNOWN,,9ADE5FD9-ED19-4D7B-A337-BCCF03A8E742,Yes,NO APPARENT INJURY,N/A,UNKNOWN,,19C1969A-6127-45B6-A8F1-A2F3C4B8C3A1,UNKNOWN,UNKNOWN,UNKNOWN,UNKNOWN,East,5,No,No,2000,UNK,UNK,39.10077667,-77.21142333,"(39.10077667, -77.21142333)"
MCP3197001J,200030394,Montgomery County Police,Injury Crash,08/05/2020 03:10:00 PM,County,RANDOLPH RD,VEIRS MILL RD,,N/A,,ANGLE MEETS LEFT TURN,CLEAR,DRY,DAYLIGHT,TRAFFIC SIGNAL,NONE DETECTED,,66DD0D06-3E3B-4E0F-A643-82B16F0D59F4,Yes,NO APPARENT INJURY,N/A,LOOKED BUT DID NOT SEE,VA,AFB298D6-C172-47F1-A6B1-131601923AEF,DISABLING,TWELVE OCLOCK,PASSENGER CAR,MOVING CONSTANT SPEED,North,40,No,No,1999,FORD,LINCOLN,39.05618307,-77.0826618,"(39.05618307, -77.0826618)"
MCP26390059,180060792,Montgomery County Police,Property Damage Crash,12/05/2018 11:00:00 AM,Maryland (State),UNIVERSITY BLVD W,VEIRS MILL RD,,N/A,,SAME DIR REAR END,CLOUDY,DRY,DAYLIGHT,TRAFFIC SIGNAL,NONE DETECTED,,C67C99B8-29F4-46F5-8A74-D0FE30917623,No,NO APPARENT INJURY,N/A,NOT DISTRACTED,MD,3DA75418-EDC8-41DA-99C1-84984260D8A4,FUNCTIONAL,SIX OCLOCK,PASSENGER CAR,STOPPED IN TRAFFIC LANE,West,35,No,No,2011,CADILLAC,ESCALADE,39.039965,-77.05581167,"(39.039965, -77.05581167)"
DM8465001H,190055159,Takoma Park Police Depart,Injury Crash,11/15/2019 04:01:00 PM,Municipality,MAPLE AVE,GRANT AVE,,TAKOMA PARK,,SAME DIR REAR END,CLEAR,DRY,DAYLIGHT,PERSON,NONE DETECTED,,622B50F0-F972-40EB-9A81-F393C904A264,No,POSSIBLE INJURY,N/A,NOT DISTRACTED,MD,B614F597-A111-4706-BD98-F168903EE177,FUNCTIONAL,SIX OCLOCK,PASSENGER CAR,SLOWING OR STOPPING,East,25,No,No,2010,TOYOTA,CAMRY,38.98152117,-77.01004667,"(38.98152117, -77.01004667)"
MCP2723001S,16036335,Montgomery County Police,Injury Crash,07/18/2016 11:34:00 AM,Maryland (State),GEORGIA AVE,ARCOLA AVE,,N/A,,SAME DIR REAR END,CLEAR,DRY,DAYLIGHT,NO CONTROLS,N/A,,D34D605A-9173-49DC-98A3-CE3261CB4BFA,No,NO APPARENT INJURY,N/A,NOT DISTRACTED,MD,2FF49D19-84C2-4F77-872C-50273B17ADAD,NO DAMAGE,SIX OCLOCK,PASSENGER CAR,SLOWING OR STOPPING,South,35,No,No,2015,TOYOTA,SUV,39.04708893,-77.05194712,"(39.04708893, -77.05194712)"
MCP2805003Z,200039886,Montgomery County Police,Property Damage Crash,10/10/2020 10:00:00 AM,Maryland (State),MONTGOMERY VILLAGE AVE,SPUR FR CHRISTOPHER AVE,,N/A,,SAME DIR REAR END,CLOUDY,DRY,DAYLIGHT,TRAFFIC SIGNAL,NONE DETECTED,,5B548375-910D-4BB7-9CC9-7F2BC9C38CA6,No,NO APPARENT INJURY,N/A,NOT DISTRACTED,NY,95BD59F6-A65F-4874-BB74-5D2CE76BE0B7,SUPERFICIAL,SIX OCLOCK,(SPORT) UTILITY VEHICLE,STOPPED IN TRAFFIC LANE,North,35,No,No,2015,TOYT,HIGHLANDER,39.15810433,-77.20409283,"(39.15810433, -77.20409283)"
MCP25520015,16053423,Montgomery County Police,Property Damage Crash,10/17/2016 07:50:00 PM,County,RANDOLPH RD,PARKLAWN DR,,N/A,,OTHER,CLEAR,DRY,DARK LIGHTS ON,NO CONTROLS,N/A,,F47F1E78-D7CB-44C3-A2FF-E5285787F07A,No,NO APPARENT INJURY,N/A,NOT DISTRACTED,DC,E3441C79-18F5-4C6B-B210-CBD510C5C3BF,SUPERFICIAL,FIVE OCLOCK,PASSENGER CAR,STOPPED IN TRAFFIC LANE,East,35,No,No,2011,BUICK,REGAL,39.05348474,-77.10702896,"(39.05348474, -77.10702896)"
MCP3169003H,210003532,Montgomery County Police,Injury Crash,01/28/2021 12:23:00 PM,US (State),COLESVILLE RD,CRESTMOOR DR,,N/A,,SAME DIR REAR END,CLEAR,DRY,DAYLIGHT,NO CONTROLS,N/A,,6BC9B187-8654-4690-B201-F682356AF38A,No,SUSPECTED MINOR INJURY,N/A,NOT DISTRACTED,MD,89ADA4BF-C662-4100-932C-8430BC83E00A,DISABLING,SIX OCLOCK,PASSENGER CAR,MOVING CONSTANT SPEED,South,35,No,No,2015,TOYOTA,PRIUS,39.02883167,-77.00822167,"(39.02883167, -77.00822167)"
MCP3123006D,230059800,Montgomery County Police,Injury Crash,10/11/2023 08:17:00 AM,County,SOMERVILLE DR,PARAMOUNT DR,,N/A,PEDESTRIAN,OTHER,CLEAR,DRY,DAYLIGHT,TRAFFIC SIGNAL,N/A,N/A,C0B1208F-D57C-483D-B7EB-2894C8A88300,Yes,NO APPARENT INJURY,"N/A, VISION OBSTRUCTION (INCL. BLINDED BY SUN)",LOOKED BUT DID NOT SEE,MD,959E0B15-8D02-4553-92D2-0838C9F7EAA5,NO DAMAGE,TWELVE OCLOCK,TRANSIT BUS,MAKING LEFT TURN,East,25,No,No,2013,TBU,BUS,39.11719093,-77.16484325,"(39.11719093, -77.16484325)"
MCP2823001B,15027072,Montgomery County Police,Property Damage Crash,06/04/2015 03:49:00 PM,Maryland (State),CONNECTICUT AVE,INDEPENDENCE ST,,N/A,,SAME DIR REAR END,CLOUDY,DRY,DAYLIGHT,TRAFFIC SIGNAL,NONE DETECTED,,9CC9A0CE-5670-4037-9FB8-DE3CB4F3942A,Yes,NO APPARENT INJURY,N/A,LOOKED BUT DID NOT SEE,MD,94A94969-8ACA-4191-A1AD-3E806421C7DA,DISABLING,TWELVE OCLOCK,PASSENGER CAR,MOVING CONSTANT SPEED,North,45,No,No,1997,TOYOTA,COROLLA,39.07554333,-77.07992167,"(39.07554333, -77.07992167)"
MCP3065000V,170533212,Montgomery County Police,Property Damage Crash,09/26/2017 01:01:00 PM,US (State),COLUMBIA PIKE,LOCKWOOD DR,,N/A,,OTHER,CLEAR,DRY,DAYLIGHT,TRAFFIC SIGNAL,NONE DETECTED,,5D5CF99C-D3F4-4CED-9FF0-1FCCE9D7F689,Yes,NO APPARENT INJURY,N/A,NOT DISTRACTED,MD,92C3CB35-2027-44D9-A365-F81D3E265BFA,SUPERFICIAL,ELEVEN OCLOCK,PASSENGER CAR,CHANGING LANES,South,40,No,No,2009,TOYT,2S,39.03341833,-77.00136167,"(39.03341833, -77.00136167)"
MCP3119000T,180041087,Montgomery County Police,Injury Crash,08/18/2018 08:45:00 AM,,,,PARKING LOT OF 19388 MONTGOMERY VILLAGE AVE,,,STRAIGHT MOVEMENT ANGLE,CLOUDY,,DAYLIGHT,NO CONTROLS,NONE DETECTED,,DE6C8F0D-EEC0-4EED-949F-57A81F8A3FA2,No,POSSIBLE INJURY,N/A,NOT DISTRACTED,MD,71316F4C-C998-4649-8548-EF4B93DB5739,FUNCTIONAL,FOUR OCLOCK,PASSENGER CAR,STOPPED IN TRAFFIC LANE,North,0,No,No,2013,DODGE,SUV,39.17353417,-77.20392717,"(39.17353417, -77.20392717)"
MCP292300B4,230065938,Montgomery County Police,Property Damage Crash,11/12/2023 02:15:00 PM,County,ENNALLS AVE,GEORGIA AVE,,N/A,,OTHER,CLEAR,DRY,DAYLIGHT,NO CONTROLS,NONE DETECTED,,9D1912FC-8587-4919-A43B-3DB180178B96,No,NO APPARENT INJURY,N/A,NOT DISTRACTED,MD,EC1EA01C-6BBC-4415-BC8B-46DF63A82004,DISABLING,ONE OCLOCK,PASSENGER CAR,ACCELERATING,South,25,No,No,2022,TESLA,SD,39.03189437,-77.07470031,"(39.03189437, -77.07470031)"
MCP20940063,16013109,MONTGOMERY,Property Damage Crash,03/17/2016 08:38:00 AM,Interstate (State),CAPITAL BELTWAY,RAMP 6 FR IS 495 EB TO MD 187 SB,,N/A,,SAME DIR REAR END,CLEAR,DRY,DAYLIGHT,YIELD SIGN,NONE DETECTED,,E83FACD9-7963-4722-ADEB-665B2966EA29,Yes,NO APPARENT INJURY,N/A,LOOKED BUT DID NOT SEE,VA,EC2C3CB8-F6D9-4589-BA1A-B9D863F1F035,DISABLING,TWELVE OCLOCK,PASSENGER CAR,MOVING CONSTANT SPEED,South,25,No,No,2016,SUBARU,BRZ,39.014745,-77.11867667,"(39.014745, -77.11867667)"
MCP29890001,15009716,Montgomery County Police,Injury Crash,03/01/2015 04:45:00 AM,County,GALWAY DR,CORDOBA ST,,N/A,,OTHER,CLEAR,DRY,DARK LIGHTS ON,NO CONTROLS,NONE DETECTED,,9A159750-31CA-4EF6-8D6F-1D00A7D94238,Yes,SUSPECTED MINOR INJURY,N/A,NOT DISTRACTED,MD,05ADCB5B-B61F-45B9-BA70-9783A957480D,DISABLING,TWELVE OCLOCK,PASSENGER CAR,MOVING CONSTANT SPEED,North,30,No,No,2012,MAZD,3,39.05947167,-76.94448,"(39.05947167, -76.94448)"
MCP2917000R,15049777,MONTGOMERY,Property Damage Crash,10/01/2015 03:00:00 PM,County,E RANDOLPH RD,NEW HAMPSHIRE AVE,,N/A,,SAME DIR REAR END,RAINING,WET,DAYLIGHT,TRAFFIC SIGNAL,NONE DETECTED,,63B9CF1F-3DF1-4097-8320-81CF7CCD41C9,Yes,NO APPARENT INJURY,"RAIN, SNOW, WET",NOT DISTRACTED,MD,94FE4400-3F62-4C4C-A723-5A912CF55063,DISABLING,TWELVE OCLOCK,PASSENGER CAR,MOVING CONSTANT SPEED,West,40,No,No,2007,HOND,4S,39.07618,-77.00135667,"(39.07618, -77.00135667)"
MCP28950010,16007869,Montgomery County Police,Property Damage Crash,02/16/2016 10:15:00 PM,County,AIRCRAFT DR,GERMANTOWN RD,,N/A,,SAME DIR REAR END,CLEAR,DRY,DARK LIGHTS ON,TRAFFIC SIGNAL,NONE DETECTED,,E13178EE-B90E-48FE-B608-60C22A08EFA9,Yes,NO APPARENT INJURY,N/A,NOT DISTRACTED,MD,03E290F9-E9E0-4918-B455-9887FA917EA7,SUPERFICIAL,TWELVE OCLOCK,OTHER BUS,ACCELERATING,South,30,No,No,2013,GILL,BU,39.18240297,-77.26051837,"(39.18240297, -77.26051837)"
MCP9318001J,210021079,Montgomery County Police,Property Damage Crash,06/03/2021 09:00:00 AM,,,,"HOLY CROSS HSP, 1500 FOREST GLEN RD, SILVER SPRING MD 20910",,,SAME DIRECTION SIDESWIPE,CLEAR,,DAYLIGHT,N/A,UNKNOWN,,A59B13F2-2E30-488D-95B3-1C44874E2084,Yes,NO APPARENT INJURY,N/A,UNKNOWN,,C73AD21C-4FAE-475D-B607-EBE68BC53512,UNKNOWN,ONE OCLOCK,(SPORT) UTILITY VEHICLE,PARKING,Unknown,5,No,No,2014,TOYOTA,SUV,39.01526057,-77.03545179,"(39.01526057, -77.03545179)"
MCP3065001G,180006135,Montgomery County Police,Injury Crash,02/05/2018 12:13:00 PM,Maryland (State),UNIVERSITY BLVD E,RAMP 2 FR IS 495 WB TO MD 193 NB,,N/A,,SAME DIR REAR END,CLEAR,DRY,DAYLIGHT,TRAFFIC SIGNAL,NONE DETECTED,,ED5B40DD-C0EC-4FAE-A1D4-761F76625792,Yes,NO APPARENT INJURY,N/A,INATTENTIVE OR LOST IN THOUGHT,MD,9179FDEC-EE22-4285-BDA3-623A70CAD5E6,SUPERFICIAL,TWELVE OCLOCK,PASSENGER CAR,MOVING CONSTANT SPEED,East,35,No,No,2008,TOYT,RAV4,39.01570333,-77.00561167,"(39.01570333, -77.00561167)"
EJ7875004D,2230071529,Gaithersburg Police Depar,Property Damage Crash,12/13/2023 03:43:00 PM,Maryland (State),W DIAMOND AVE,RAMP 1 FR IS 270 NB TO MD 117 WB,,N/A,,ANGLE MEETS LEFT TURN,N/A,DRY,DAYLIGHT,TRAFFIC SIGNAL,N/A,,58E7791F-7095-4A9D-ABF9-A88FA6DA6BF3,Yes,NO APPARENT INJURY,N/A,UNKNOWN,MD,5F946FF5-AABD-4D1F-8ECB-1C3062BCB81C,FUNCTIONAL,TEN OCLOCK,PASSENGER CAR,MOVING CONSTANT SPEED,East,35,No,No,2002,DODG,PK,39.14042283,-77.21027052,"(39.14042283, -77.21027052)"
MCP30060009,16001945,Montgomery County Police,Property Damage Crash,01/11/2016 02:18:00 PM,County,RANDOLPH RD,GRANDVIEW AVE,,N/A,,SAME DIR REAR END,CLEAR,DRY,DAYLIGHT,NO CONTROLS,NONE DETECTED,,FA058913-5693-46A3-81A0-96E6D910525B,Yes,NO APPARENT INJURY,N/A,NOT DISTRACTED,CT,34206BD6-480F-40AC-85F5-BC6AE0A06290,SUPERFICIAL,SIX OCLOCK,PASSENGER CAR,BACKING,West,40,No,No,2008,HYUNDAI,AZERA,39.05740833,-77.05176167,"(39.05740833, -77.05176167)"
MCP3228001C,200045172,Montgomery County Police,Injury Crash,11/16/2020 05:21:00 AM,Maryland (State),NEW HAMPSHIRE AVE,NORTHAMPTON DR,,N/A,,STRAIGHT MOVEMENT ANGLE,CLEAR,DRY,DARK LIGHTS ON,FLASHING TRAFFIC SIGNAL,NONE DETECTED,,B5C949CF-E27C-4659-95E2-1E7C138E5852,Yes,NO APPARENT INJURY,N/A,NOT DISTRACTED,MD,9E9504BA-DC9F-4D98-B494-1EE2243201D1,FUNCTIONAL,SEVEN OCLOCK,PICKUP TRUCK,MAKING LEFT TURN,East,35,No,No,2017,CHEV,PK,39.00694483,-76.9803915,"(39.00694483, -76.9803915)"
MCP2946003H,200020561,Montgomery County Police,Injury Crash,05/23/2020 10:59:00 AM,Maryland (State),OLD HUNDRED RD,SLATE QUARRY RD (FRED CO),,N/A,,SAME DIR REAR END,CLEAR,DRY,DAYLIGHT,NO CONTROLS,NONE DETECTED,,AB53764C-E4BC-446D-8876-223AF36D5A72,Yes,POSSIBLE INJURY,N/A,UNKNOWN,FL,9CBC73F9-0913-4EDD-8A60-CE12A6CB3FDD,NO DAMAGE,SIX OCLOCK,PASSENGER CAR,STOPPED IN TRAFFIC LANE,South,30,No,No,2018,NISSAN,ALTIMA,39.277095,-77.33395667,"(39.277095, -77.33395667)"
MCP2001001T,220030322,Montgomery County Police,Fatal Crash,07/14/2022 07:28:00 PM,Maryland (State),INTERCOUNTY CONNECTOR,CROSSOVER,,N/A,,SAME DIR REAR END,CLEAR,DRY,DAYLIGHT,NO CONTROLS,NONE DETECTED,,F53EA992-AD4B-430F-860B-3F8A9F132508,No,SUSPECTED MINOR INJURY,N/A,NOT DISTRACTED,MD,634BFF7E-C926-4705-AE3F-24607547211F,DISABLING,SEVEN OCLOCK,POLICE VEHICLE/EMERGENCY,MAKING LEFT TURN,West,60,No,No,2018,DODGE,CHARGER,39.126364,-77.104998,"(39.126364, -77.104998)"
MCP2770003V,240027932,MONTGOMERY,Property Damage Crash,06/12/2024 10:30:00 AM,County Route,MONTGOMERY VILLAGE AVE,,,,,"Sideswipe, Same Direction",Clear,Dry,Daylight,No Controls,"Not Suspect of Alcohol Use, Not Suspect of Drug Use",,CD98DEB9-E3C9-4560-B024-4EF56AA45DA1,Yes,No Apparent Injury,Other Improper Action,Not Distracted,MD,1FBC0E5C-148B-4DDA-9267-BBB7F1F4071D,Superficial,One O Clock,Truck Tractor,Changing Lanes,Northbound,35,No,No,2023,KENWORTH,W900,39.17217333,-77.20368833,"(39.17217333, -77.20368833)"
MCP21160051,16052127,Montgomery County Police,Injury Crash,10/10/2016 04:44:00 PM,,,,PARKING LOT OF 12051 ROCKVILLE PIKE (GIANT FOOD),,,OPPOSITE DIR BOTH LEFT TURN,CLEAR,,DAYLIGHT,N/A,NONE DETECTED,,4E7B74B6-D860-42A7-9E30-040EF9D31285,Yes,POSSIBLE INJURY,N/A,LOOKED BUT DID NOT SEE,GA,31FDEF2C-3B48-4067-8915-62F0AEAC021E,NO DAMAGE,SIX OCLOCK,PASSENGER CAR,BACKING,East,10,No,No,2002,CHEVY,4S,39.05499667,-77.11512833,"(39.05499667, -77.11512833)"
MCP28440082,240051125,MONTGOMERY,Property Damage Crash,10/25/2024 01:10:00 PM,County Route,,,,,,Front to Rear,Clear,Dry,Daylight,Other Warning Sign,"Not Suspect of Alcohol Use, Not Suspect of Drug Use",,9B0E7C0C-359E-4A86-AEED-958A25F9B891,No,No Apparent Injury,,Not Distracted,MD,8F6033A4-C1B9-4E4F-A101-0D583FAD9C2E,Functional,Six O Clock,Passenger Car,Slowing or Stopping,Eastbound,35,No,No,2006,GMC,SIERRA,39.09038767,-77.05316667,"(39.09038767, -77.05316667)"
MCP29390008,15020185,Montgomery County Police,Injury Crash,04/29/2015 02:30:00 PM,Maryland (State),GREAT SENECA HWY,DAWSON FARM RD,,N/A,,SAME DIR REAR END,CLEAR,DRY,DAYLIGHT,TRAFFIC SIGNAL,NONE DETECTED,,D311B025-0818-4438-9494-504294746F64,Yes,NO APPARENT INJURY,N/A,INATTENTIVE OR LOST IN THOUGHT,MD,130A7ED6-94C9-48BC-AC2D-5D032988AF05,DISABLING,TWELVE OCLOCK,PASSENGER CAR,SLOWING OR STOPPING,South,50,No,No,2008,NISSAN,4S,39.16674989,-77.27063969,"(39.16674989, -77.27063969)"
DD5631005G,240027205,ROCKVILLE,Property Damage Crash,06/07/2024 02:00:00 AM,Maryland (State) Route,VEIRS MILL RD,,,,,Front to Rear,Clear,Dry,Dark - Lighted,No Controls,"Not Suspect of Alcohol Use, Not Suspect of Drug Use",,2447BBB4-7AB2-4337-A3DE-BC5DBB141B59,Yes,No Apparent Injury,"Followed Too Closely, Operated Motor Vehicle in Inattentive, Careless, Negligent, or Erratic Manner, Too Fast For Conditions",Unknown,MD,FB168DB1-D0F9-4F87-A1AD-DC09252C2FF0,Functional,Twelve O Clock,Passenger Car,Accelerating,Eastbound,40,No,No,2022,HONDA,ACCORD,39.07868139,-77.13193896,"(39.07868139, -77.13193896)"
MCP3289000Q,210009522,Montgomery County Police,Property Damage Crash,03/13/2021 08:09:00 PM,US (State),COLUMBIA PIKE,INDUSTRIAL PKWY,,N/A,,SINGLE VEHICLE,N/A,DRY,DARK LIGHTS ON,TRAFFIC SIGNAL,NONE DETECTED,,2558B4FF-8523-44C5-931F-F600C91375D9,Yes,NO APPARENT INJURY,N/A,NOT DISTRACTED,MD,E77B794A-021E-4BD9-989B-08AC32F5A5DE,DISABLING,ONE OCLOCK,PASSENGER CAR,MOVING CONSTANT SPEED,North,45,No,No,2007,HONDA,ACCORD,39.0563031,-76.97084723,"(39.0563031, -76.97084723)"
DD5594002Y,170523705,Rockville Police Departme,Property Damage Crash,08/08/2017 06:14:00 PM,Municipality,DAWSON AVE,N WASHINGTON ST,,ROCKVILLE,,ANGLE MEETS LEFT HEAD ON,CLEAR,DRY,DAYLIGHT,N/A,NONE DETECTED,,D4ED84CE-F267-44ED-9E6F-2F1C1118932E,Yes,NO APPARENT INJURY,N/A,UNKNOWN,MD,55B167F0-EE1C-4896-9131-30F6DBFD88EB,DISABLING,EIGHT OCLOCK,PASSENGER CAR,MAKING LEFT TURN,East,35,No,No,2016,TOYOTA,CAMRY,39.08847,-77.15354167,"(39.08847, -77.15354167)"
MCP2871001V,15030202,Montgomery County Police,Property Damage Crash,06/20/2015 09:21:00 PM,County,MOTOR CITY DR,WESTLAKE TERR,,N/A,,HEAD ON LEFT TURN,RAINING,WET,DARK LIGHTS ON,TRAFFIC SIGNAL,N/A,,813A7D56-4846-457B-A7BC-24CC84B8C187,Yes,NO APPARENT INJURY,"N/A, RAIN, SNOW",UNKNOWN,MD,1CD7690F-901D-48CB-8778-B1D629ADBCE7,UNKNOWN,ONE OCLOCK,PASSENGER CAR,MAKING LEFT TURN,West,30,No,No,1993,TOYO,4D,39.02586833,-77.14383667,"(39.02586833, -77.14383667)"
DD5614002Z,170516851,Rockville Police Departme,Property Damage Crash,07/01/2017 05:30:00 PM,Municipality,THORNDEN RD,STANLEY AVE,,ROCKVILLE,,STRAIGHT MOVEMENT ANGLE,N/A,DRY,DAYLIGHT,NO CONTROLS,NONE DETECTED,,CB2EFFE1-E393-46A5-BCFA-F4EFE508A4FC,Yes,NO APPARENT INJURY,N/A,UNKNOWN,MD,BAFC75AA-03DA-4B00-A58B-4C0DAA9E9624,SUPERFICIAL,SIX OCLOCK,PASSENGER CAR,BACKING,East,25,No,No,2003,BMW,4DR,39.07079817,-77.1266425,"(39.07079817, -77.1266425)"
MCP271700LN,180059437,Montgomery County Police,Property Damage Crash,11/28/2018 10:15:00 AM,Ramp,RAMP 6 FR RAMP 10 (FR IS270) TO MD 187,OLD GEORGETOWN RD,,N/A,,OTHER,CLEAR,DRY,DAYLIGHT,TRAFFIC SIGNAL,NONE DETECTED,,291B0E41-D95B-42B7-9FB4-1C728A425FFE,No,NO APPARENT INJURY,N/A,NOT DISTRACTED,MD,0C959A5C-11BF-4167-A88A-F9F05C24F142,SUPERFICIAL,FIVE OCLOCK,PASSENGER CAR,OTHER,South,35,No,No,2006,HYUNDAI,SONATA,39.02939433,-77.12673183,"(39.02939433, -77.12673183)"
EJ7886001F,220023865,Gaithersburg Police Depar,Property Damage Crash,06/03/2022 09:02:00 PM,Municipality,MONTGOMERY AVE,FREDERICK RD,,N/A,,SAME DIRECTION SIDESWIPE,CLEAR,DRY,DARK LIGHTS ON,NO CONTROLS,NONE DETECTED,,C041D657-53BF-46F7-AFC4-A015C9F9BC10,Yes,NO APPARENT INJURY,N/A,OTHER DISTRACTION,MD,E9586711-11D1-4D9B-9A4C-FD1F7DBB4C14,SUPERFICIAL,ONE OCLOCK,PASSENGER CAR,MOVING CONSTANT SPEED,East,25,No,No,2011,TOYOTA,SIENNA,39.14640567,-77.2026795,"(39.14640567, -77.2026795)"
MCP3290000N,210018087,Montgomery County Police,Property Damage Crash,05/13/2021 11:35:00 PM,County,BROADBIRCH DR,CHERRY HILL RD,,N/A,,SINGLE VEHICLE,CLEAR,DRY,DARK LIGHTS ON,N/A,N/A,,2CA21EC5-9BCD-442F-8F89-173128A1093C,Yes,NO APPARENT INJURY,N/A,UNKNOWN,,AA4DFD8C-FB30-401F-AC64-0B12B643DB45,DESTROYED,TWELVE OCLOCK,PASSENGER CAR,UNKNOWN,North,35,No,No,2014,LEXUS,4 DR,39.05552974,-76.95706333,"(39.05552974, -76.95706333)"
MCP2921005F,240059626,MONTGOMERY,Injury Crash,12/13/2024 02:14:00 PM,County Route,ZION RD,,,,,Front to Front,Clear,Dry,Daylight,No Controls,"Not Suspect of Alcohol Use, Not Suspect of Drug Use",,D4359CCE-7C4A-40CB-951A-361C93620B3C,No,Possible Injury,,Not Distracted,MD,DAD18DC4-D853-4947-91FF-FC7D6BF514EC,Disabling,Twelve O Clock,Passenger Car,Moving Constant Speed,Southbound,40,No,No,2023,HYUNDAI,SANTA FE,39.19103836,-77.10153905,"(39.19103836, -77.10153905)"
MCP23980026,180020800,Montgomery County Police,Property Damage Crash,04/28/2018 02:29:00 PM,County,SHADY GROVE RD,RAMP 6 FR SHADY GROVE RD EB TO MD200A SB,,N/A,,SAME DIRECTION SIDESWIPE,CLEAR,DRY,DAYLIGHT,TRAFFIC SIGNAL,NONE DETECTED,,16ED2B6F-787F-4088-89C9-EBD57D7763DA,Yes,NO APPARENT INJURY,N/A,NOT DISTRACTED,MD,A7AEB9C1-E9DB-41B1-8282-46FDF6373740,SUPERFICIAL,SEVEN OCLOCK,PASSENGER CAR,CHANGING LANES,East,45,No,No,2015,HOND,ACCORD,39.13066667,-77.16169667,"(39.13066667, -77.16169667)"
MCP2048003D,210039533,Montgomery County Police,Injury Crash,08/28/2021 12:00:00 PM,,AVENEL GARDEN LANE,ELTON RD,,N/A,PEDESTRIAN,OTHER,CLEAR,DRY,DAYLIGHT,NO CONTROLS,NONE DETECTED,NONE DETECTED,15FE9DB5-0E55-407E-924D-CE3099EF3338,Yes,NO APPARENT INJURY,N/A,LOOKED BUT DID NOT SEE,TX,C403155A-38DC-4654-9255-BA01E31BB8EA,SUPERFICIAL,SIX OCLOCK,TRUCK TRACTOR,BACKING,South,15,No,No,2021,KENWORTH,T680,39.01944365,-76.97196495,"(39.01944365, -76.97196495)"
MCP3017000K,170548236,Montgomery County Police,Property Damage Crash,12/12/2017 10:25:00 PM,County,GOSHEN RD,ODENDHAL AVE,,GAITHERSBURG,,STRAIGHT MOVEMENT ANGLE,CLEAR,DRY,DARK LIGHTS ON,TRAFFIC SIGNAL,ALCOHOL PRESENT,,D80A0432-08B4-4E0D-81E4-BDAB75E0820E,Yes,NO APPARENT INJURY,N/A,EATING OR DRINKING,MD,C6755709-0352-4FAC-9241-0CB242E86B5C,SUPERFICIAL,FIVE OCLOCK,PASSENGER CAR,MOVING CONSTANT SPEED,South,30,No,No,2015,DODGE,DART,39.15231833,-77.19254,"(39.15231833, -77.19254)"
MCP3039003L,190012240,Montgomery County Police,Property Damage Crash,03/16/2019 08:12:00 PM,Maryland (State),OLD GEORGETOWN RD,CEDARWOOD DR,,N/A,,OPPOSITE DIRECTION SIDESWIPE,CLEAR,DRY,DARK LIGHTS ON,NO CONTROLS,NONE DETECTED,,EB03D0C5-0C42-4E18-95DA-A26086EDB3E1,Yes,NO APPARENT INJURY,N/A,OTHER DISTRACTION,MD,D25C4508-CDE6-4C6B-9087-301303B75D6A,SUPERFICIAL,TWO OCLOCK,PASSENGER CAR,MOVING CONSTANT SPEED,North,30,No,No,2012,BMW,2S,39.03645,-77.123505,"(39.03645, -77.123505)"
MCP1030000K,170542688,Montgomery County Police,Injury Crash,11/14/2017 09:04:00 AM,County,CINNAMON DR,SESAME SEED CT,,N/A,,OTHER,CLEAR,DRY,DAYLIGHT,NO CONTROLS,NONE DETECTED,,5AB1309A-45F9-48D2-8C6F-54A596C5333B,Yes,POSSIBLE INJURY,N/A,OTHER DISTRACTION,MD,1CAE72A8-340A-44F6-A5E6-49FBDF0DFF96,DISABLING,ONE OCLOCK,PASSENGER CAR,MOVING CONSTANT SPEED,South,30,No,No,2017,SUBARU,IMPREZA,39.15738833,-77.26377,"(39.15738833, -77.26377)"