Report Number,Local Case Number,Agency Name,ACRS Report Type,Crash Date/Time,Route Type,Road Name,Cross-Street Name,Off-Road Description,Municipality,Related Non-Motorist,Collision Type,Weather,Surface Condition,Light,Traffic Control,Driver Substance Abuse,Non-Motorist Substance Abuse,Person ID,Driver At Fault,Injury Severity,Circumstance,Driver Distracted By,Drivers License State,Vehicle ID,Vehicle Damage Extent,Vehicle First Impact Location,Vehicle Body Type,Vehicle Movement,Vehicle Going Dir,Speed Limit,Driverless Vehicle,Parked Vehicle,Vehicle Year,Vehicle Make,Vehicle Model,Latitude,Longitude,Location
MCP32890036,240014770,MONTGOMERY,Property Damage Crash,03/29/2024 11:59:00 AM,US (State),GEORGIA AVE,SILVER SPRING AVE,,,,Angle,Clear,Dry,Daylight,Traffic Control Signal,"Not Suspect of Alcohol Use, Not Suspect of Drug Use",,446D58B3-5453-4ED1-A95C-86FE376C038A,No,No Apparent Injury,,Not Distracted,DC,1CDB137A-EFD5-48D8-A9AB-A85D4D375890,Disabling,Twelve O Clock,Passenger Car,Accelerating,,30,No,No,2013,TOYOTA,PRIUS,38.9917335,-77.02653583,"(38.9917335, -77.02653583)"
MCP28290029,16039922,Montgomery County Police,Property Damage Crash,08/06/2016 11:54:00 PM,County,BLACKBURN RD,BLACKBURN CT,,N/A,,HEAD ON,CLOUDY,DRY,DARK LIGHTS ON,NO CONTROLS,NONE DETECTED,,A30937E1-0D4B-458B-A5F2-AAFB18BF75DD,No,NO APPARENT INJURY,N/A,NOT DISTRACTED,MD,DAED422B-CD8D-4F43-B9B1-AE862EF0969E,DISABLING,TWELVE OCLOCK,PASSENGER CAR,MOVING CONSTANT SPEED,South,25,No,No,2009,TOYT,COROLLA,39.10473667,-76.933715,"(39.10473667, -76.933715)"
MCP3262005G,250002552,MONTGOMERY,Injury Crash,01/18/2025 06:00:00 PM,Maryland (State) Route,GERMANTOWN RD,,,,,Front to Rear,Rain,Wet,Dark - Lighted,Traffic Control Signal,"Not Suspect of Alcohol Use, Not Suspect of Drug Use",,9391234E-B119-4F07-B500-D035524F50D5,No,Suspected Minor Injury,,Not Distracted,MD,CFE8E5CD-165D-4126-B9C4-88FD3D80BD8E,Functional,Six O Clock,Passenger Car,Stopped in Traffic,Northbound,35,No,No,2013,TOYOTA,COROLLA,39.17563483,-77.27168717,"(39.17563483, -77.27168717)"
MCP29360010,16027216,Montgomery County Police,Property Damage Crash,05/31/2016 06:41:00 PM,Maryland (State),EAST WEST HWY,CONNECTICUT AVE,,N/A,,SAME DIR REAR END,CLEAR,DRY,DAYLIGHT,NO CONTROLS,NONE DETECTED,,2321B2B2-D212-4E42-B82D-F6BAB154E300,No,NO APPARENT INJURY,N/A,NOT DISTRACTED,MD,0A70F3D9-9F12-4DDC-B3B6-DF69F52A8DB7,FUNCTIONAL,SIX OCLOCK,PASSENGER CAR,SLOWING OR STOPPING,East,30,No,No,2004,LINCOLN,LS,38.98787667,-77.07912833,"(38.98787667, -77.07912833)"
MCP3214003C,250030649,MONTGOMERY,Property Damage Crash,07/09/2025 11:35:00 PM,County Route,BRINK RD (WB/L),,,,,Single Vehicle,Rain,Wet,Dark - Not Lighted,No Controls,"Not Suspect of Alcohol Use, Not Suspect of Drug Use",,8D69BD7B-2D5B-43DD-975A-EB1C6AEF3F93,No,No Apparent Injury,,Not Distracted,MD,B50AB61B-1996-4AF5-BCE1-981BB6933EC9,Disabling,Twelve O Clock,Passenger Car,Moving Constant Speed,Eastbound,35,No,No,2016,HONDA,ACCORD,39.206268,-77.21599867,"(39.206268, -77.21599867)"
EJ7854001W,180000549,Gaithersburg Police Depar,Property Damage Crash,01/04/2018 08:10:00 AM,Maryland (State),MONTGOMERY VILLAGE AVE,RUSSELL AVE,,GAITHERSBURG,,SAME DIR REAR END,N/A,SNOW,DAYLIGHT,NO CONTROLS,N/A,,D796E1CF-4DA7-4BF9-8106-CC182588E8C6,Yes,NO APPARENT INJURY,"ICY OR SNOW-COVERED, RAIN, SNOW",NOT DISTRACTED,MD,62E0F9D0-B7F2-4B8F-A690-E32A4E784D6B,DISABLING,TWELVE OCLOCK,PASSENGER CAR,SLOWING OR STOPPING,North,35,No,No,2007,ACUR,4S,39.15418833,-77.20970333,"(39.15418833, -77.20970333)"
MCP243600J7,240044112,MONTGOMERY,Property Damage Crash,09/16/2024 01:45:00 PM,US (State),COLUMBIA PIKE (SB/L),BURNT MILLS AVE,,,,"Sideswipe, Same Direction",Clear,Dry,Daylight,Traffic Control Signal,"Not Suspect of Alcohol Use, Not Suspect of Drug Use",,2BF507E1-6F26-48CB-87FC-37B56C50061B,No,No Apparent Injury,,Not Distracted,MD,0287E9C1-63F0-4181-AA3B-9EE46F6D1BC8,Superficial,Two O Clock,Passenger Car,Moving Constant Speed,Northbound,45,No,No,2018,HONDA,CIVIC,39.03625369,-77.00025544,"(39.03625369, -77.00025544)"
MCP9379002K,190031723,Montgomery County Police,Property Damage Crash,07/03/2019 02:50:00 PM,County,SHADY GROVE RD,MT PLEASANT AVE,,N/A,,SAME DIR REAR END,CLEAR,DRY,DAYLIGHT,TRAFFIC SIGNAL,NONE DETECTED,,F6610EAB-9AF3-4D8E-BA13-6DB228613FAD,Yes,NO APPARENT INJURY,N/A,NOT DISTRACTED,MD,61B84A28-F514-461C-BC93-9A4E02299586,FUNCTIONAL,TWELVE OCLOCK,PICKUP TRUCK,SLOWING OR STOPPING,East,40,No,No,2007,TOYOTA,TK,39.12005667,-77.180925,"(39.12005667, -77.180925)"
EJ78760062,230049816,Gaithersburg Police Depar,Property Damage Crash,08/16/2023 06:45:00 PM,County,MUDDY BRANCH RD,ENT TO MUDDY BRANCH SQUARE,,N/A,,SAME DIR REAR END,CLEAR,DRY,DAYLIGHT,TRAFFIC SIGNAL,NONE DETECTED,,1FF1E285-13FD-4D93-A287-A6F3EBAB34B7,No,NO APPARENT INJURY,N/A,NOT DISTRACTED,CT,3511E104-0032-46C3-91E6-00811527721F,SUPERFICIAL,SIX OCLOCK,PASSENGER CAR,STOPPED IN TRAFFIC LANE,South,40,No,No,2018,INFI,QX30,39.11556138,-77.21612327,"(39.11556138, -77.21612327)"
MCP3054001F,180044651,Montgomery County Police,Injury Crash,09/07/2018 02:14:00 AM,County,RANDOLPH RD,PARKLAWN DR,,N/A,,STRAIGHT MOVEMENT ANGLE,CLEAR,DRY,DARK LIGHTS ON,FLASHING TRAFFIC SIGNAL,NONE DETECTED,,4980480C-7053-4A5C-B1B8-D53894A30406,No,SUSPECTED MINOR INJURY,N/A,NOT DISTRACTED,PA,A160DA0F-4273-4EB0-9F4B-CD5CB9833606,DISABLING,TWELVE OCLOCK,PASSENGER CAR,MOVING CONSTANT SPEED,West,35,No,No,2000,MERCURY,GRAND MARQUIS,39.05381667,-77.10680667,"(39.05381667, -77.10680667)"
MCP2968004Z,230034062,Montgomery County Police,Property Damage Crash,07/17/2023 05:00:00 PM,Maryland (State),ROCKVILLE PIKE,BOU AVE,,N/A,,OTHER,CLEAR,DRY,DAYLIGHT,N/A,N/A,,0E95F37D-E3AC-4E73-9491-1F8484889D1E,Unknown,NO APPARENT INJURY,N/A,UNKNOWN,MD,E0DDF1B7-8AA2-4E49-B59B-A57B50E823CA,NO DAMAGE,UNKNOWN,PASSENGER CAR,BACKING,Unknown,0,No,No,2019,HONDA,FIT,39.057011,-77.11935386,"(39.057011, -77.11935386)"
DM8453001V,190033541,Takoma Park Police Depart,Injury Crash,07/15/2019 07:22:00 AM,Maryland (State),PHILADELPHIA AVE,HOLLY AVE,,TAKOMA PARK,,SAME DIR REAR END,CLEAR,DRY,DAYLIGHT,NO CONTROLS,NONE DETECTED,,F061E500-0D91-4086-A2F6-4CB2B3F8DE7E,Yes,NO APPARENT INJURY,N/A,UNKNOWN,PA,34FBA14E-08BD-4C5B-9F10-F832259077ED,DISABLING,TWELVE OCLOCK,PASSENGER CAR,ACCELERATING,West,25,No,No,2008,PONTIAC,4DR,38.98250833,-77.01404333,"(38.98250833, -77.01404333)"
MCP2031002G,190058842,Montgomery County Police,Injury Crash,12/06/2019 01:51:00 PM,Maryland (State),WOODFIELD RD,WARFIELD RD,,N/A,,HEAD ON LEFT TURN,CLOUDY,DRY,DAYLIGHT,TRAFFIC SIGNAL,NONE DETECTED,,5079F4EB-7E17-487F-B65B-E5598E32DE60,Yes,POSSIBLE INJURY,N/A,LOOKED BUT DID NOT SEE,MD,7CD99114-4E3A-4881-90B5-10FC39ACB1D2,DISABLING,ONE OCLOCK,PASSENGER CAR,MAKING LEFT TURN,West,30,No,No,2017,CHEV,TK,39.19493783,-77.15393833,"(39.19493783, -77.15393833)"
MCP1174001N,16043402,Montgomery County Police,Property Damage Crash,08/26/2016 08:00:00 AM,Interstate (State),CAPITAL BELTWAY,RAMP 2 FR IS 495 WB TO MD 97 NB,,N/A,,SAME DIR REAR END,CLEAR,DRY,DAYLIGHT,NO CONTROLS,UNKNOWN,,BD53D4D4-C627-4F1C-90BB-9569C9705219,No,NO APPARENT INJURY,N/A,NOT DISTRACTED,,F2D10DBC-DEE8-4EFA-9CC8-7A36A5180C45,UNKNOWN,SIX OCLOCK,,SLOWING OR STOPPING,West,55,No,No,0,UNKNOWN,UNKNOWN,39.01344856,-77.03825712,"(39.01344856, -77.03825712)"
MCP1227001P,220036787,Montgomery County Police,Fatal Crash,08/25/2022 04:05:00 PM,Maryland (State),RIVER RD,ENT TO KENWOOD STATION SHOP CTR,,N/A,BICYCLIST,SAME DIRECTION RIGHT TURN,CLEAR,DRY,DAYLIGHT,N/A,NONE DETECTED,NONE DETECTED,76401F01-C86C-429C-A44B-BC0A717580B0,Yes,NO APPARENT INJURY,N/A,UNKNOWN,MD,1D0FC402-3C26-4A4D-AAF0-55D21F856D1F,SUPERFICIAL,ONE OCLOCK,"MEDIUM/HEAVY TRUCKS 3 AXLES (OVER 10,000LBS (4,536KG))",MAKING RIGHT TURN,East,35,No,No,2014,VOLVO,D13 TK,38.965561,-77.104774,"(38.965561, -77.104774)"
MCP9432001J,16063260,Montgomery County Police,Property Damage Crash,12/09/2016 04:40:00 PM,Maryland (State),CLOPPER RD,END BRIDGE,,N/A,,SAME DIR REAR END,CLEAR,DRY,DUSK,NO CONTROLS,NONE DETECTED,,8271D73C-FF8B-48BD-9721-BFEB31899D7E,Yes,NO APPARENT INJURY,"ANIMAL, N/A",NOT DISTRACTED,MD,20E6318F-476D-46E6-8B7F-28F6B8FD2CA6,DISABLING,TWELVE OCLOCK,PASSENGER CAR,SLOWING OR STOPPING,West,40,No,No,2004,TOYOTA,4RUNNER,39.17521667,-77.30003167,"(39.17521667, -77.30003167)"
MCP3288000K,210006786,Montgomery County Police,Injury Crash,02/22/2021 11:47:00 AM,Municipality,MAIN ST,MARKET ST E,,GAITHERSBURG,,STRAIGHT MOVEMENT ANGLE,RAINING,SLUSH,DAYLIGHT,STOP SIGN,NONE DETECTED,,9B356DC1-C0BA-404D-87B8-47A1A02B663C,No,SUSPECTED MINOR INJURY,"ICY OR SNOW-COVERED, SLEET, HAIL, FREEZ. RAIN",NOT DISTRACTED,MD,76E7306C-177C-46A3-BE0E-AA8D8041EA17,FUNCTIONAL,THREE OCLOCK,POLICE VEHICLE/NON EMERGENCY,MOVING CONSTANT SPEED,North,25,No,No,2013,KIA,OPTIMA,39.11700074,-77.23212076,"(39.11700074, -77.23212076)"
MCP2849002L,170508533,Montgomery County Police,Injury Crash,05/18/2017 05:26:00 PM,Maryland (State),OLNEY SANDY SPRING RD,VILLAGE CENTER DR,,N/A,,HEAD ON LEFT TURN,CLEAR,DRY,DAYLIGHT,TRAFFIC SIGNAL,NONE DETECTED,,9DA5802C-28D7-4785-83CF-373697EB6B7B,Yes,NO APPARENT INJURY,N/A,LOOKED BUT DID NOT SEE,MD,1CE47184-A623-4B07-9FDD-8EE72934DA82,DISABLING,ONE OCLOCK,STATION WAGON,MAKING LEFT TURN,East,30,No,No,2011,FORD,FLEX,39.15201333,-77.06416,"(39.15201333, -77.06416)"
MCP2942003Q,210025138,Montgomery County Police,Property Damage Crash,06/30/2021 05:45:00 PM,County,FENTON ST,COLESVILLE RD,,N/A,,SAME DIR REAR END,CLEAR,DRY,DAYLIGHT,TRAFFIC SIGNAL,UNKNOWN,,E5015B57-D364-4A31-9830-C6EAAD429E7D,Yes,NO APPARENT INJURY,"BACKUP DUE TO NON-RECURRING INCIDENT, N/A",UNKNOWN,MD,D733116E-9940-472C-A51F-D8437EE707DF,SUPERFICIAL,SIX OCLOCK,(SPORT) UTILITY VEHICLE,STARTING FROM PARKED,East,30,No,No,2021,JEEP,GLADIATOR,38.99781384,-77.02745284,"(38.99781384, -77.02745284)"
MCP24280018,180035305,Montgomery County Police,Injury Crash,07/17/2018 08:27:00 AM,Maryland (State),DARNESTOWN RD,SUGARLAND RD,,N/A,,STRAIGHT MOVEMENT ANGLE,CLEAR,DRY,DAYLIGHT,STOP SIGN,NONE DETECTED,,ACC99B36-EB55-49E5-A83B-8BD8019A32BD,Yes,SUSPECTED MINOR INJURY,N/A,LOOKED BUT DID NOT SEE,MD,4E4068CF-9384-474F-985E-8E8B38E70DCE,DESTROYED,TEN OCLOCK,PASSENGER CAR,ACCELERATING,North,50,No,No,2006,SATURN,VUE,39.12999574,-77.34601513,"(39.12999574, -77.34601513)"
DD55950080,190052686,Rockville Police Departme,Property Damage Crash,11/01/2019 06:55:00 PM,County,MONTROSE RD,TILDENWOOD DR,,ROCKVILLE,,SAME DIR REAR END,CLOUDY,DRY,DARK LIGHTS ON,TRAFFIC SIGNAL,NONE DETECTED,,DD144532-FF90-4701-93AA-2066439FEB3C,No,NO APPARENT INJURY,N/A,NOT DISTRACTED,MD,544D2204-7217-4D12-80FD-E25A4B2AFC2B,SUPERFICIAL,SIX OCLOCK,PASSENGER CAR,STOPPED IN TRAFFIC LANE,East,40,No,No,2005,VOLKSWAGON,4S,39.05411817,-77.13935833,"(39.05411817, -77.13935833)"
MCP2162005H,230032590,Montgomery County Police,Property Damage Crash,07/08/2023 05:35:00 PM,Maryland (State),NEW HAMPSHIRE AVE,DILSTON RD,,N/A,,SAME DIR REAR END,CLEAR,DRY,DAYLIGHT,TRAFFIC SIGNAL,N/A,,6B758784-4DB2-4465-B881-8B6EB425C58F,No,NO APPARENT INJURY,N/A,NOT DISTRACTED,MD,C49784B4-B352-47E6-ADF9-00E75E4461E0,SUPERFICIAL,SIX OCLOCK,PASSENGER CAR,SLOWING OR STOPPING,South,40,No,No,2015,CHEV,CRUZE,39.01100567,-76.97943717,"(39.01100567, -76.97943717)"
MCP3000004S,240037128,MONTGOMERY,Property Damage Crash,08/05/2024 11:33:00 PM,Maryland (State) Route,GREAT SENECA HWY,,,,,Single Vehicle,Clear,Dry,Dark - Lighted,No Controls,"Not Suspect of Alcohol Use, Not Suspect of Drug Use",,8ED53238-C0DC-4BD9-B95D-E8BD220BD451,No,No Apparent Injury,,Not Distracted,MD,AF4C1D81-4DF6-4550-9C0A-FA8DBDED9AEA,Disabling,Eleven O Clock,Van - Passenger (&lt;9 Seats),Negotiating a Curve,Northbound,55,No,No,2014,HONDA,ODYSSEY,39.13928345,-77.26911546,"(39.13928345, -77.26911546)"
MCP31840019,200025649,Montgomery County Police,Property Damage Crash,07/01/2020 09:24:00 PM,County,SCHUBERT DR,ACOUSTIC CT,,N/A,,SAME DIRECTION SIDESWIPE,CLEAR,DRY,DARK NO LIGHTS,N/A,N/A,,82807F14-BEB0-4CFC-A2F0-92EFA2AC5133,Yes,NO APPARENT INJURY,N/A,LOOKED BUT DID NOT SEE,MD,A6BDDE4D-FED4-483A-931B-6C6F65987708,SUPERFICIAL,ONE OCLOCK,PASSENGER CAR,MOVING CONSTANT SPEED,West,35,No,No,2019,HONDA,PILOT,39.07358,-76.94585167,"(39.07358, -76.94585167)"
MCP1064009L,190054923,Montgomery County Police,Property Damage Crash,11/14/2019 03:43:00 PM,US (State),COLUMBIA PIKE,GREENCASTLE RD,,N/A,,SAME DIR REAR END,CLOUDY,DRY,DAYLIGHT,TRAFFIC SIGNAL,N/A,,D74C412C-5FD7-46F3-B8F0-A30626DA8DFE,Yes,NO APPARENT INJURY,N/A,UNKNOWN,MD,B3A07E1B-A395-4C06-978B-138C0789FE90,DISABLING,TWELVE OCLOCK,PASSENGER CAR,SLOWING OR STOPPING,South,55,No,No,2009,BMW,128I 2D CONV,39.09638,-76.93778333,"(39.09638, -76.93778333)"
MCP28140047,240001287,MONTGOMERY,Injury Crash,01/09/2024 07:51:00 AM,County Route,SHADY GROVE RD (SB/L),,,,,Front to Front,Rain,Wet,Daylight,Traffic Control Signal,"Not Suspect of Alcohol Use, Not Suspect of Drug Use",,A18B9E47-F4C8-48CF-82A4-985A25D27B3A,No,Suspected Minor Injury,,Not Distracted,MD,3C13D0E4-FA3F-4A29-B66A-A8CD93CF40C7,Disabling,Twelve O Clock,Passenger Car,Moving Constant Speed,Eastbound,45,No,No,2018,NISSAN,VERSA,39.1076754,-77.18956033,"(39.1076754, -77.18956033)"
MCP2436009N,200008109,Montgomery County Police,Injury Crash,02/18/2020 01:40:00 PM,Maryland (State),PINEY BRANCH RD,KODIAK DR,,N/A,PEDESTRIAN,SINGLE VEHICLE,CLEAR,DRY,DAYLIGHT,NO CONTROLS,NONE DETECTED,NONE DETECTED,831C2011-D458-4FF8-AC02-588E09D391C7,No,NO APPARENT INJURY,N/A,NOT DISTRACTED,DC,721F4431-B376-4105-85AF-084FFF202A4B,SUPERFICIAL,TWELVE OCLOCK,PASSENGER CAR,MOVING CONSTANT SPEED,South,40,No,No,2004,MERCEDES,S500,38.99978841,-76.99156582,"(38.99978841, -76.99156582)"
MCP11740056,220017188,Montgomery County Police,Property Damage Crash,04/22/2022 07:30:00 PM,Maryland (State),BRADLEY LA,HILLCREST PL #2,,CHEVY CHASE #4,,STRAIGHT MOVEMENT ANGLE,CLEAR,DRY,DUSK,NO CONTROLS,N/A,,E2EAA9E1-9AF1-44DC-9FE2-06844CDBF4FA,Yes,NO APPARENT INJURY,N/A,NOT DISTRACTED,MD,CFFEA78F-49A1-495F-A49C-A761416CFA4E,SUPERFICIAL,ONE OCLOCK,PASSENGER CAR,MOVING CONSTANT SPEED,South,25,No,No,2017,BMW,X3,38.97698003,-77.08032811,"(38.97698003, -77.08032811)"
MCP25150011,17010745,Montgomery County Police,Property Damage Crash,02/28/2017 05:19:00 PM,Maryland (State),WOODFIELD RD,ROSEWOOD MANOR LA,,N/A,,SAME DIR REAR END,RAINING,WET,DAYLIGHT,NO CONTROLS,NONE DETECTED,,B7BA733C-E775-4B0E-8D4D-853E6959071C,Yes,NO APPARENT INJURY,"SLEET, HAIL, FREEZ. RAIN, WET",LOOKED BUT DID NOT SEE,MD,852BF0E0-CA85-4498-8A19-A60E3172D019,DISABLING,TWELVE OCLOCK,PASSENGER CAR,SLOWING OR STOPPING,North,40,No,No,2015,VOLKSWAGON,GOLF,39.19033333,-77.15185833,"(39.19033333, -77.15185833)"
MCP2270001F,230024000,Montgomery County Police,Injury Crash,05/19/2023 10:15:00 AM,Maryland (State),RIVER RD,BEECH TREE RD,,N/A,,HEAD ON LEFT TURN,CLEAR,DRY,DAYLIGHT,TRAFFIC SIGNAL,NONE DETECTED,,B9E8E5B1-2F45-46DB-AF8D-B1A293C995C7,No,SUSPECTED SERIOUS INJURY,N/A,NOT DISTRACTED,MD,171FD89F-BB16-4A1B-BD22-1533EEF9EF38,DISABLING,THREE OCLOCK,PASSENGER CAR,MAKING LEFT TURN,East,35,No,No,2015,KIA,SOUL,38.986205,-77.14321333,"(38.986205, -77.14321333)"
MCP12050054,190024891,Montgomery County Police,Property Damage Crash,05/25/2019 08:53:00 AM,Maryland (State),CONNECTICUT AVE,WOODBINE ST,,CHEVY CHASE #4,,SAME DIR REAR END,CLEAR,DRY,DAYLIGHT,NO CONTROLS,UNKNOWN,,08A5A09B-F473-4403-95E2-3F2AD71FC273,Yes,NO APPARENT INJURY,N/A,UNKNOWN,,69F4573B-C1B6-47A3-834C-88DB66B6E6FA,UNKNOWN,TWELVE OCLOCK,PICKUP TRUCK,SLOWING OR STOPPING,South,35,No,No,2000,TOYOTA,PICK UP,38.98464329,-77.07717999,"(38.98464329, -77.07717999)"
HA25250001,23001435,Maryland-National Capital,Property Damage Crash,07/24/2023 04:25:00 PM,,,,PARKING LOT OF 51 UNIVERSITY BLVD,,,SAME DIR REAR END,CLEAR,,DARK NO LIGHTS,NO CONTROLS,NONE DETECTED,,1BCE91D5-7809-4D85-B003-8BCB5C471408,No,NO APPARENT INJURY,N/A,NOT DISTRACTED,MD,A113644B-C0F2-441D-B458-9FC9F925A7B4,SUPERFICIAL,SIX OCLOCK,PASSENGER CAR,PARKED,,10,No,Yes,2019,DODGE,DURANGO,39.018246,-77.009079,"(39.018246, -77.009079)"
EJ7847002C,200012782,Gaithersburg Police Depar,Injury Crash,03/15/2020 08:08:00 PM,Maryland (State),W DIAMOND AVE,ENT TO BUSINESS,,N/A,,HEAD ON,CLEAR,DRY,DARK LIGHTS ON,NO CONTROLS,NONE DETECTED,,2C108E8B-826F-4442-ADFD-53724BBBA293,No,SUSPECTED SERIOUS INJURY,N/A,NOT DISTRACTED,MD,D7A9FC3B-4463-4963-BC18-A2A67028603C,DISABLING,TWELVE OCLOCK,PASSENGER CAR,STOPPED IN TRAFFIC LANE,West,25,No,No,2009,NISSAN,MURANO,39.14104092,-77.20085976,"(39.14104092, -77.20085976)"
MCP14530011,15004435,Montgomery County Police,Injury Crash,01/28/2015 07:30:00 AM,Maryland (State),GREAT SENECA HWY,LONGDRAFT RD,,N/A,,STRAIGHT MOVEMENT ANGLE,CLEAR,DRY,DAYLIGHT,TRAFFIC SIGNAL,NONE DETECTED,,1B6F0EF9-69AC-459D-A57B-CE1C6069A236,Yes,POSSIBLE INJURY,"N/A, VISION OBSTRUCTION (INCL. BLINDED BY SUN)",INATTENTIVE OR LOST IN THOUGHT,MD,648A99F7-59F8-4DEF-99D7-3D752E262365,DISABLING,FIVE OCLOCK,PICKUP TRUCK,MOVING CONSTANT SPEED,South,55,No,No,1996,FORD,RANGER,39.13293167,-77.24446,"(39.13293167, -77.24446)"
MCP3383001B,240036742,MONTGOMERY,Property Damage Crash,08/04/2024 12:42:00 PM,County Route,GRANDVIEW AVE,,,,,Single Vehicle,Clear,Dry,Daylight,No Controls,"Not Suspect of Alcohol Use, Not Suspect of Drug Use",,44799114-D446-456B-8E5E-0D1E149DF87F,Yes,No Apparent Injury,"Improper Backing, Operated Motor Vehicle in Inattentive, Careless, Negligent, or Erratic Manner",Not Distracted,MD,EC6E246F-F29A-4944-9CB6-ECD60F94782D,Disabling,Eleven O Clock,Passenger Car,Slowing or Stopping,Westbound,25,No,No,2023,TOYOTA,RAV4,39.0538387,-77.05207498,"(39.0538387, -77.05207498)"
MCP31910049,230068380,Montgomery County Police,Property Damage Crash,11/26/2023 04:18:00 PM,County,DARNESTOWN RD,TRAVILLE  GATEWAY DR,,N/A,,STRAIGHT MOVEMENT ANGLE,RAINING,WET,DARK LIGHTS ON,TRAFFIC SIGNAL,NONE DETECTED,,94B2CBD4-D459-4275-B019-B55808C6BFE2,Yes,NO APPARENT INJURY,"N/A, WET",INATTENTIVE OR LOST IN THOUGHT,MD,884B4194-3C00-4274-B51B-8733F08F8288,DISABLING,TEN OCLOCK,PASSENGER CAR,MAKING LEFT TURN,North,40,No,No,2023,HYUN,SONATA,39.09611403,-77.20139651,"(39.09611403, -77.20139651)"
MCP3368001H,230050109,Montgomery County Police,Injury Crash,08/18/2023 01:51:00 PM,County,SHADY GROVE RD,RESEARCH BLVD,,ROCKVILLE,,HEAD ON LEFT TURN,CLEAR,DRY,DAYLIGHT,TRAFFIC SIGNAL,NONE DETECTED,,03A54427-8124-47D8-8F28-7B2287E814EC,Yes,NO APPARENT INJURY,N/A,UNKNOWN,MD,7FF3249B-95E7-47D3-A6AC-7024655F3047,DISABLING,TWELVE OCLOCK,PASSENGER CAR,MOVING CONSTANT SPEED,South,35,No,No,2015,HOND,4S,39.10499417,-77.19040496,"(39.10499417, -77.19040496)"
DD5502002S,16048519,Rockville Police Departme,Property Damage Crash,09/21/2016 11:21:00 AM,Municipality,N WASHINGTON ST,BEALL AVE #2,,ROCKVILLE,,STRAIGHT MOVEMENT ANGLE,CLOUDY,DRY,DAYLIGHT,TRAFFIC SIGNAL,NONE DETECTED,,93E38A6F-6942-4C5F-A03E-6866C73C3BC3,No,NO APPARENT INJURY,N/A,NOT DISTRACTED,MD,04494E55-50D7-4149-834F-752E4C6C971F,DISABLING,NINE OCLOCK,POLICE VEHICLE/NON EMERGENCY,MOVING CONSTANT SPEED,North,30,No,No,1998,DODG,VN,39.08691333,-77.152785,"(39.08691333, -77.152785)"
MCP31540017,190039296,Montgomery County Police,Injury Crash,08/17/2019 12:07:00 PM,Maryland (State),CLOPPER RD,SCHAEFFER RD,,N/A,,SAME DIR REAR END,CLEAR,DRY,DAYLIGHT,NO CONTROLS,NONE DETECTED,,7793546D-4E68-4C90-ABEF-9266C91594D8,No,SUSPECTED MINOR INJURY,N/A,NOT DISTRACTED,TX,720192EF-EE57-4289-9339-331B6FD718A1,DISABLING,SIX OCLOCK,PASSENGER CAR,SLOWING OR STOPPING,East,40,No,No,2016,HONDA,FIT,39.16348833,-77.28452,"(39.16348833, -77.28452)"
MCP2008005K,180056624,Montgomery County Police,Injury Crash,11/11/2018 04:25:00 PM,County,RIDGE RD,OBSERVATION DR,,N/A,,SAME DIR REAR END,CLEAR,DRY,DAYLIGHT,TRAFFIC SIGNAL,COMBINED SUBSTANCE PRESENT,,043D6E7B-CFD1-410A-9D05-8D5BAFEB2CB8,Yes,SUSPECTED MINOR INJURY,N/A,UNKNOWN,MD,D25E4EEF-5447-4C28-8A12-88B454D38574,DESTROYED,TWELVE OCLOCK,(SPORT) UTILITY VEHICLE,MOVING CONSTANT SPEED,North,40,No,No,2015,HOND,PILOT,39.20164667,-77.253685,"(39.20164667, -77.253685)"
MCP1064003F,15048393,MONTGOMERY,Property Damage Crash,09/24/2015 09:17:00 AM,,,,"PARKING LOT
10153 NEW HAMPSHIRE AVE
SILVER SPRING, MD 20903",,,OTHER,CLEAR,,DAYLIGHT,N/A,N/A,,51B9BD98-7076-4794-8FCB-6FA543A2A960,No,NO APPARENT INJURY,N/A,NOT DISTRACTED,DC,CAD3C677-2960-4731-B662-A1C9513D3729,SUPERFICIAL,ELEVEN OCLOCK,"MEDIUM/HEAVY TRUCKS 3 AXLES (OVER 10,000LBS (4,536KG))",MOVING CONSTANT SPEED,North,0,No,No,2015,FREIGHTLINER,TK,39.02125167,-76.97648167,"(39.02125167, -76.97648167)"
MCP9301001W,170549951,Montgomery County Police,Injury Crash,12/21/2017 02:20:00 PM,County,DARNESTOWN RD,KEY WEST AVE,,N/A,,SAME DIRECTION SIDESWIPE,N/A,DRY,DAYLIGHT,TRAFFIC SIGNAL,N/A,,4746B71A-078A-4280-97EB-F0F3044F62F8,Yes,NO APPARENT INJURY,N/A,NOT DISTRACTED,MD,D5C04B0D-0E6C-4D35-B742-47DC2F6DE4DD,DISABLING,ONE OCLOCK,PASSENGER CAR,MOVING CONSTANT SPEED,East,25,No,No,2014,BUIC,TK,39.10015667,-77.21324,"(39.10015667, -77.21324)"
DD5633003G,200011841,Rockville Police Departme,Property Damage Crash,03/10/2020 06:15:00 PM,Municipality,FALLSMEAD WAY,FALLS RD,,N/A,,STRAIGHT MOVEMENT ANGLE,CLEAR,DRY,DAYLIGHT,NO CONTROLS,NONE DETECTED,,712D623F-3C04-4BAC-A542-CCAAEE58525A,No,NO APPARENT INJURY,N/A,NOT DISTRACTED,MD,EB02DFA3-B512-44C6-9FC8-6F5F9C89BCD2,DISABLING,ONE OCLOCK,PASSENGER CAR,MOVING CONSTANT SPEED,West,35,No,No,2018,PORS,TK,39.0715225,-77.1673723,"(39.0715225, -77.1673723)"