Report Number,Local Case Number,Agency Name,ACRS Report Type,Crash Date/Time,Route Type,Road Name,Cross-Street Name,Off-Road Description,Municipality,Related Non-Motorist,Collision Type,Weather,Surface Condition,Light,Traffic Control,Driver Substance Abuse,Non-Motorist Substance Abuse,Person ID,Driver At Fault,Injury Severity,Circumstance,Driver Distracted By,Drivers License State,Vehicle ID,Vehicle Damage Extent,Vehicle First Impact Location,Vehicle Body Type,Vehicle Movement,Vehicle Going Dir,Speed Limit,Driverless Vehicle,Parked Vehicle,Vehicle Year,Vehicle Make,Vehicle Model,Latitude,Longitude,Location
MCP20390068,200007050,Montgomery County Police,Property Damage Crash,02/12/2020 06:18:00 AM,Maryland (State),NORBECK RD,BALTIMORE RD,,N/A,,SAME DIR REAR END,CLOUDY,DRY,DARK LIGHTS ON,TRAFFIC SIGNAL,N/A,,0CA4A9A5-B3A9-4AA2-91C9-72FD58CC1793,Yes,NO APPARENT INJURY,N/A,LOOKED BUT DID NOT SEE,MD,0B6C5106-8EB3-4747-9E23-D06D7BDAC94A,DESTROYED,TWELVE OCLOCK,PASSENGER CAR,MOVING CONSTANT SPEED,West,45,No,No,2007,CHRYSLER,PT CRUISER,39.095405,-77.11227167,"(39.095405, -77.11227167)"
MCP2586002J,17001887,Montgomery County Police,Property Damage Crash,01/11/2017 06:00:00 PM,County,NORWOOD RD,NORBECK RD,,N/A,,OTHER,RAINING,WET,DARK NO LIGHTS,TRAFFIC SIGNAL,UNKNOWN,,4CFF9FD0-6540-4E43-A81E-A7A925CCA460,Yes,NO APPARENT INJURY,N/A,UNKNOWN,,C8BE1B67-0DCD-43EF-8C39-59E46CCA50BD,SUPERFICIAL,SEVEN OCLOCK,PASSENGER CAR,CHANGING LANES,West,40,No,No,2007,HYUNDAI,SONATA,39.1187407,-77.02115536,"(39.1187407, -77.02115536)"
DD5567003Q,240022529,ROCKVILLE,Property Damage Crash,05/13/2024 11:31:00 AM,,,,Parking Stall        P/L OF 701 DOVER RD,,,Front to Rear,Clear,,Daylight,,"Not Suspect of Alcohol Use, Not Suspect of Drug Use",,5B440118-1099-475E-A217-E4206C326C2A,Yes,No Apparent Injury,,Not Distracted,MD,C962898A-BBB2-4173-8016-289826278992,Superficial,Six O Clock,Sport Utility Vehicle,Backing,Not On Roadway,0,No,No,2017,JEEP,WRANGLER,39.09900874,-77.13961333,"(39.09900874, -77.13961333)"
MCP2608002W,210044367,Montgomery County Police,Injury Crash,11/02/2021 05:00:00 PM,US (State),COLESVILLE RD,UNIVERSITY BLVD E,,N/A,,SAME DIRECTION LEFT TURN,RAINING,WET,DAYLIGHT,TRAFFIC SIGNAL,NONE DETECTED,,CDF1EE05-BCB4-4407-A286-FF20C62DCB8B,No,POSSIBLE INJURY,"RAIN, SNOW, WET",NOT DISTRACTED,MD,CDC7AAC2-5C89-4AD9-8396-68008B825B4B,FUNCTIONAL,ONE OCLOCK,PASSENGER CAR,MOVING CONSTANT SPEED,North,35,No,No,2000,FORD,EXPEDITION,39.02053333,-77.0122,"(39.02053333, -77.0122)"
MCP06850032,170514486,Montgomery County Police,Property Damage Crash,06/19/2017 08:20:00 AM,Maryland (State),DARNESTOWN RD,SENECA RD,,N/A,,SAME DIR REAR END,CLEAR,DRY,DAYLIGHT,TRAFFIC SIGNAL,NONE DETECTED,,59FCB9BF-7DBC-4158-A7E8-F48780C38B62,No,NO APPARENT INJURY,N/A,NOT DISTRACTED,MD,CDFD3591-E98F-42C0-ABCA-2A55628A74AB,SUPERFICIAL,SIX OCLOCK,(SPORT) UTILITY VEHICLE,SLOWING OR STOPPING,East,35,No,No,2014,HONDA,SUV,39.10389353,-77.29277328,"(39.10389353, -77.29277328)"
MCP2859000M,15000603,Montgomery County Police,Property Damage Crash,01/04/2015 05:16:00 PM,County,SNOUFFERS SCHOOL RD,GOSHEN RD,,N/A,,SAME DIR REAR END,CLOUDY,WET,DARK LIGHTS ON,NO CONTROLS,NONE DETECTED,,DE48AF1B-ACFD-476D-A02F-B161B0BF3A9C,Yes,NO APPARENT INJURY,"RAIN, SNOW, WET",NOT DISTRACTED,MD,723DD2F8-1D6F-4922-8691-08EC9C095048,DISABLING,TWELVE OCLOCK,PASSENGER CAR,SLOWING OR STOPPING,North,30,No,No,1994,ACUR,4D,39.18728167,-77.18571333,"(39.18728167, -77.18571333)"
MCP2832009L,240036840,MONTGOMERY,Property Damage Crash,08/05/2024 08:57:00 AM,Local Route,PERRY AVE,CONNECTICUT AVE (SB/L),,,,Front to Rear,Clear,Dry,Daylight,Traffic Control Signal,"Not Suspect of Alcohol Use, Not Suspect of Drug Use",,3C717F6F-5AD5-402D-B729-A6609577B17B,No,No Apparent Injury,,Not Distracted,MD,D7331821-DDE1-4B5D-B296-66BFF2150700,Functional,Six O Clock,Sport Utility Vehicle,Stopped in Traffic,,30,No,No,2016,NISSAN,ROGUE,39.03286654,-77.07500935,"(39.03286654, -77.07500935)"
DD56160012,16036353,Rockville Police Departme,Property Damage Crash,07/18/2016 01:23:00 PM,Maryland (State),ROCKVILLE PIKE,VEIRS MILL RD,,N/A,,SAME DIR REAR END,CLEAR,DRY,DAYLIGHT,TRAFFIC SIGNAL,NONE DETECTED,,7F77F2CE-AD83-4C7F-A615-057D12F8E572,Yes,NO APPARENT INJURY,N/A,UNKNOWN,MD,0503BB2C-A352-4380-A70E-CCE0AD16A780,DISABLING,TWELVE OCLOCK,"OTHER LIGHT TRUCKS (10,000LBS (4,536KG) OR LESS)",MOVING CONSTANT SPEED,North,30,No,No,2006,HOND,4S,39.08090183,-77.14462233,"(39.08090183, -77.14462233)"
MCP33580029,240057986,MONTGOMERY,Property Damage Crash,12/04/2024 07:30:00 AM,Interstate (State),NO NAME (SB/L),,,,,Front to Rear,Clear,Dry,Daylight,No Controls,"Not Suspect of Alcohol Use, Not Suspect of Drug Use",,8AEA359F-250A-431A-BF0F-D295DE6A14DE,No,No Apparent Injury,,Not Distracted,MD,E73C9D02-03C6-443E-9F37-76B44B0A576F,Superficial,Seven O Clock,Passenger Car,Moving Constant Speed,Southbound,55,No,No,2017,HONDA,CR-V,39.02473468,-77.14196638,"(39.02473468, -77.14196638)"
EJ7876005Q,230032260,Gaithersburg Police Depar,Property Damage Crash,07/06/2023 05:45:00 PM,,,,9801 WASHINGTONIAN BLVD PARKING LOT,,,OTHER,CLEAR,,DAYLIGHT,NO CONTROLS,N/A,,DE585DE2-D08D-4605-AD5D-FE3114B55FA8,Yes,NO APPARENT INJURY,N/A,LOOKED BUT DID NOT SEE,MD,1E79B701-741F-4A8E-9EA0-3AD848A17222,SUPERFICIAL,SIX OCLOCK,PASSENGER CAR,BACKING,North,10,No,No,2014,KIA,OPTIMA,39.11534738,-77.19737732,"(39.11534738, -77.19737732)"
MCP31800033,220044915,Montgomery County Police,Property Damage Crash,10/13/2022 05:13:00 PM,Maryland (State),OLNEY SANDY SPRING RD,OLD BALTIMORE RD,,N/A,,SAME DIR REAR END,CLOUDY,WET,DAYLIGHT,TRAFFIC SIGNAL,NONE DETECTED,,C22B3678-B1B2-4336-813F-E9ED96FF0800,No,NO APPARENT INJURY,N/A,NOT DISTRACTED,MD,7E78BC08-67C9-45CB-968C-2B923DC49E6F,SUPERFICIAL,SIX OCLOCK,PASSENGER CAR,STOPPED IN TRAFFIC LANE,West,40,No,No,2021,MAZDA,CX9,39.14575,-77.04935,"(39.14575, -77.04935)"
MCP26150029,170549775,Montgomery County Police,Property Damage Crash,12/20/2017 06:05:00 PM,County,PLUM ORCHARD DR,CHERRY HILL RD,,N/A,,ANGLE MEETS LEFT TURN,CLEAR,DRY,DARK LIGHTS ON,NO CONTROLS,NONE DETECTED,,57E6BB5B-3CCC-4DD5-A793-3E4DC2D7C153,No,NO APPARENT INJURY,N/A,NOT DISTRACTED,MD,92A7A958-E5F8-408E-A052-15FF1FE2C2DE,DISABLING,TWELVE OCLOCK,PASSENGER CAR,MOVING CONSTANT SPEED,North,35,No,No,2011,FORD,MUSTANG,39.05093,-76.95543833,"(39.05093, -76.95543833)"
MCP2760001N,180006984,Montgomery County Police,Property Damage Crash,02/10/2018 12:40:00 AM,County,WATKINS MILL RD,CLUB HOUSE RD,,N/A,,OPPOSITE DIRECTION SIDESWIPE,N/A,WET,DARK LIGHTS ON,NO CONTROLS,NONE DETECTED,,5882AE60-D5E7-4431-96C6-C927B0B38AC7,Yes,NO APPARENT INJURY,"N/A, WET",NOT DISTRACTED,MD,438B5394-B742-4BE4-B866-E5AF9718A2C7,DISABLING,TWELVE OCLOCK,PASSENGER CAR,MOVING CONSTANT SPEED,South,30,No,No,2015,TOYOTA,CAMARY,39.17513167,-77.20885833,"(39.17513167, -77.20885833)"
MCP3289001V,220022791,Montgomery County Police,Property Damage Crash,05/29/2022 05:18:00 AM,County,OLD COLUMBIA PIKE,NALLS LA,,N/A,,OTHER,CLEAR,DRY,DARK LIGHTS ON,NO CONTROLS,NONE DETECTED,,16775AB4-8D87-44C6-A599-297EFF67CA52,Unknown,NO APPARENT INJURY,N/A,UNKNOWN,MD,76A0C6A1-A16E-45FB-86D4-6FB1FDF2231D,DISABLING,TWELVE OCLOCK,PASSENGER CAR,MOVING CONSTANT SPEED,North,35,No,No,2002,TOYOTA,COROLLA,39.08371891,-76.95156335,"(39.08371891, -76.95156335)"
MCP3004004J,240055784,MONTGOMERY,Property Damage Crash,11/20/2024 08:52:00 PM,Maryland (State) Route,,WISCONSIN AVE,,,,Other,Rain,Wet,Dark - Lighted,Traffic Control Signal,"Not Suspect of Alcohol Use, Not Suspect of Drug Use",,27C85285-B44C-402F-BC77-619D88D178D3,No,No Apparent Injury,,Not Distracted,MD,558F2393-84E1-4087-B416-58A4B7A68F4F,Disabling,Five O Clock,Passenger Car,Stopped in Traffic,Westbound,30,No,No,2007,LEXUS,IS,38.97719949,-77.09055755,"(38.97719949, -77.09055755)"
MCP2966001H,16004715,Montgomery County Police,Property Damage Crash,01/29/2016 10:47:00 AM,Maryland (State),CONNECTICUT AVE,DEAN RD,,N/A,,SAME DIR REAR END,WINTRY MIX,WET,DAYLIGHT,NO CONTROLS,NONE DETECTED,,A01D667A-E4A1-4250-8EE5-572BF07DF56E,No,NO APPARENT INJURY,"N/A, WET",NOT DISTRACTED,MD,0B8DFB86-615B-4CB1-B882-236097575700,FUNCTIONAL,SIX OCLOCK,PASSENGER CAR,SLOWING OR STOPPING,South,45,No,No,2008,TOYT,SU,39.06985167,-77.07603333,"(39.06985167, -77.07603333)"
MCP3339002T,230061761,Montgomery County Police,Injury Crash,10/21/2023 06:17:00 AM,Maryland (State),VEIRS MILL RD,ARBUTUS AVE,,N/A,,SAME DIR REAR END,CLEAR,WET,DARK -- UNKNOWN LIGHTING,STOP SIGN,NONE DETECTED,,405C3653-A01A-4F7E-A23C-E09ECC5D045D,Yes,SUSPECTED MINOR INJURY,N/A,INATTENTIVE OR LOST IN THOUGHT,MD,ACD5BC99-1F3A-4716-85C1-092F78F1180E,DISABLING,SIX OCLOCK,(SPORT) UTILITY VEHICLE,MAKING RIGHT TURN,West,35,No,No,2013,TOYTA,RAV 4,39.066864,-77.100856,"(39.066864, -77.100856)"
DD5600000B,15023568,Rockville Police Departme,Property Damage Crash,05/17/2015 12:56:00 AM,Municipality,BALTIMORE RD,S STONESTREET AVE,,ROCKVILLE,,OTHER,N/A,DRY,DARK LIGHTS ON,NO CONTROLS,NONE DETECTED,,46279D0B-9F15-4CAF-84ED-58D07EBF2F9A,Yes,NO APPARENT INJURY,N/A,DISTRACTED BY OUTSIDE PERSON OBJECT OR EVENT,MD,47B212D7-51B5-417E-9156-91DA98591187,SUPERFICIAL,TWELVE OCLOCK,PASSENGER CAR,MOVING CONSTANT SPEED,North,35,Unknown,No,2002,ISU,RODEO,39.083405,-77.14255333,"(39.083405, -77.14255333)"
MCP2814000Y,15020682,Montgomery County Police,Property Damage Crash,05/02/2015 01:58:00 AM,County,EAST VILLAGE AVE,DOUBLELAND RD,,N/A,,SINGLE VEHICLE,CLEAR,DRY,DARK LIGHTS ON,NO CONTROLS,UNKNOWN,,DF5849AD-C918-44D8-883C-9D833B022A9D,Yes,NO APPARENT INJURY,N/A,UNKNOWN,,9F24265A-8A4C-4C26-AF1F-9CFAE389669F,DISABLING,FIVE OCLOCK,PASSENGER CAR,UNKNOWN,East,35,No,No,1998,LEXUS,4D,39.187895,-77.16857333,"(39.187895, -77.16857333)"
MCP2962005F,200042368,Montgomery County Police,Property Damage Crash,10/27/2020 01:08:00 PM,Other Public Roadway,FATHER HURLEY BLVD,GERMANTOWN RD,,N/A,,OTHER,CLOUDY,DRY,DAYLIGHT,NO CONTROLS,NONE DETECTED,,94C804B2-15E0-492A-B610-0211E064DF3C,No,NO APPARENT INJURY,N/A,NOT DISTRACTED,MD,FE53F0D2-B320-4B27-B6F6-3C2A7C56DFE4,DISABLING,SIX OCLOCK,PASSENGER CAR,MOVING CONSTANT SPEED,South,35,No,No,2007,TOYOTA,PRIUS,39.16715332,-77.28108888,"(39.16715332, -77.28108888)"
MCP243600HG,230062821,Montgomery County Police,Property Damage Crash,10/27/2023 07:25:00 AM,Maryland (State),NEW HAMPSHIRE AVE,ENT TO BUSINESS,,N/A,,ANGLE MEETS RIGHT TURN,CLEAR,DRY,DAWN,NO CONTROLS,NONE DETECTED,,0BF1B567-B3AC-4B8D-A650-3561DE829D15,No,NO APPARENT INJURY,N/A,NOT DISTRACTED,MD,A12839F3-D758-43A4-A527-BDFA7E2032CC,FUNCTIONAL,TWO OCLOCK,PASSENGER CAR,MOVING CONSTANT SPEED,North,40,No,No,2015,NISSAN,SENTRA,39.0225518,-76.97791,"(39.0225518, -76.97791)"
MCP3423000S,240056668,MONTGOMERY,Property Damage Crash,11/25/2024 08:19:00 PM,County Route,FLORA LA,GEORGIA AVE GEORGIA AVE (SB/L),,,,"Sideswipe, Same Direction",Clear,Dry,Dark - Lighted,No Controls,"Unknown, Unknown",,7FDA451E-BBBF-4F21-8EEA-4A5ED0EA1289,No,,,,,F0741975-C458-4C43-8381-B75F63C98036,Vehicle Not at Scene,Vehicle Not at Scene,Passenger Car,Moving Constant Speed,Southbound,30,No,No,2004,TOYOTA,TACOMA,39.01113852,-77.04116082,"(39.01113852, -77.04116082)"
MCP21920011,15013178,Montgomery County Police,Injury Crash,03/22/2015 11:43:00 AM,Maryland (State),GEORGIA AVE,COLESVILLE RD,,N/A,,STRAIGHT MOVEMENT ANGLE,CLEAR,DRY,DAYLIGHT,TRAFFIC SIGNAL,N/A,,A4017D64-3673-4924-9633-F6190109481F,No,NO APPARENT INJURY,N/A,NOT DISTRACTED,DC,8B230F72-AF75-401B-9C95-1003863C26FB,FUNCTIONAL,TWELVE OCLOCK,PASSENGER CAR,MOVING CONSTANT SPEED,North,35,No,No,2002,NISSA,MAXIMA,38.99595833,-77.02868,"(38.99595833, -77.02868)"
MCP22030098,250020234,MONTGOMERY,Property Damage Crash,05/08/2025 09:00:00 AM,County Route,RANDOLPH RD (WB/L),,,,,Front to Rear,Clear,Dry,Daylight,Traffic Control Signal,"Not Suspect of Alcohol Use, Not Suspect of Drug Use",,7C55EEED-5132-42D6-AB43-B6607CCDF1FA,No,No Apparent Injury,,Not Distracted,NC,150B6E7F-6596-4972-AB36-742D6D229859,Superficial,Six O Clock,Pickup,Stopped in Traffic,Westbound,35,No,No,2006,FORD,F-150,39.06260621,-77.04192255,"(39.06260621, -77.04192255)"
MCP1438002X,16039216,Montgomery County Police,Injury Crash,08/03/2016 09:36:00 AM,County,SHADY GROVE RD,MUNCASTER MILL RD,,N/A,,HEAD ON LEFT TURN,CLEAR,DRY,DAYLIGHT,TRAFFIC SIGNAL,NONE DETECTED,,B4253DE6-5B59-40B5-93BD-E15921BB07BE,Yes,NO APPARENT INJURY,N/A,LOOKED BUT DID NOT SEE,MD,6C7AA9C6-32E9-4D51-848C-A12956240452,DISABLING,TWELVE OCLOCK,PASSENGER CAR,SLOWING OR STOPPING,West,45,No,No,2010,BMW,4S,39.14857333,-77.14709,"(39.14857333, -77.14709)"
MCP1565003D,190008257,Montgomery County Police,Property Damage Crash,02/21/2019 08:57:00 AM,Maryland (State),GEORGIA AVE,OLD BALTIMORE RD,,N/A,,SAME DIR REAR END,CLEAR,WET,DAYLIGHT,TRAFFIC SIGNAL,NONE DETECTED,,45F62DB8-E84F-49AD-AACB-E389940716F5,No,NO APPARENT INJURY,N/A,NOT DISTRACTED,MD,5520B4CE-F6F5-445F-91C7-4505486A3D15,SUPERFICIAL,SIX OCLOCK,PASSENGER CAR,STOPPED IN TRAFFIC LANE,South,40,No,No,2015,AUDI,Q5 2.0,39.26392422,-77.47444011,"(39.26392422, -77.47444011)"
EJ7884005J,230006450,Gaithersburg Police Depar,Property Damage Crash,02/08/2023 04:26:00 PM,Municipality,FIRSTFIELD RD,QUINCE ORCHARD BLVD,,GAITHERSBURG,,SAME DIRECTION SIDESWIPE,CLEAR,DRY,N/A,STOP SIGN,N/A,,EE8AE12F-0D11-4448-A9DF-B79CF4C70D87,No,NO APPARENT INJURY,N/A,NOT DISTRACTED,MD,CF285260-122A-459A-99C6-11C83B5C4009,DISABLING,EIGHT OCLOCK,PASSENGER CAR,MOVING CONSTANT SPEED,North,30,No,No,2015,SUBA,4S,39.1423273,-77.22424132,"(39.1423273, -77.22424132)"
MCP26070024,17008255,Montgomery County Police,Property Damage Crash,02/15/2017 03:20:00 PM,County,SHADY GROVE RD,BRIARDALE RD,,N/A,,SAME DIR REAR END,CLEAR,DRY,DAYLIGHT,TRAFFIC SIGNAL,MEDICATION PRESENT,,EEBD4C72-B8A0-4A75-8D41-0F6FACE7F244,Yes,NO APPARENT INJURY,N/A,OTHER DISTRACTION,MD,809927E3-BF68-45AC-ADA3-756CA0470165,DISABLING,TWELVE OCLOCK,PASSENGER CAR,MOVING CONSTANT SPEED,South,40,No,No,2016,NISSAN,4S,39.13338917,-77.15865612,"(39.13338917, -77.15865612)"
MCP31380079,240051537,MONTGOMERY,Property Damage Crash,10/27/2024 08:20:00 PM,Maryland (State) Route,NORBECK RD (WB/L),GEORGIA AVE,,,,Front to Rear,Clear,Dry,Dark - Not Lighted,Yield Sign,"Not Suspect of Alcohol Use, Not Suspect of Drug Use",,F75594D0-4AC2-4089-8E25-07F7C2253407,Yes,No Apparent Injury,"Failed to Yield Right-of-Way, Improper Passing, Operated Motor Vehicle in Inattentive, Careless, Negligent, or Erratic Manner, Operated Motor Vehicle in Reckless or Aggressive Manner, Too Fast For Conditions",Unknown,MD,57205345-D8E1-4BBB-9B72-0F5CFC976638,Disabling,One O Clock,Sport Utility Vehicle,Moving Constant Speed,Westbound,40,No,No,2019,TOYOTA,AVALON,39.10955738,-77.07581062,"(39.10955738, -77.07581062)"
DD5624001S,180059278,Rockville Police Departme,Property Damage Crash,11/27/2018 12:55:00 PM,Municipality,RESEARCH BLVD,W GUDE DR,,ROCKVILLE,,SAME DIR REAR END,CLEAR,DRY,DAYLIGHT,TRAFFIC SIGNAL,UNKNOWN,,70FC141A-372F-4541-BF3D-DCC9473E4887,Yes,NO APPARENT INJURY,N/A,UNKNOWN,XX,BA267C61-601C-4D41-AAD1-A4E8E1461492,UNKNOWN,TWELVE OCLOCK,PASSENGER CAR,SLOWING OR STOPPING,West,35,No,No,2000,UNKNOWN,UNKNOWN,39.10045907,-77.18123352,"(39.10045907, -77.18123352)"
MCP33500027,230070027,Montgomery County Police,Property Damage Crash,12/05/2023 02:45:00 PM,Maryland (State),ROCKVILLE PIKE,EDSON LA,,N/A,,SAME DIRECTION SIDESWIPE,CLOUDY,DRY,DAYLIGHT,TRAFFIC SIGNAL,NONE DETECTED,,D537E638-BC91-40E2-99B0-089984033C34,Yes,NO APPARENT INJURY,N/A,LOOKED BUT DID NOT SEE,MD,D7D021F3-C857-4D63-B126-55DE037DEE77,DISABLING,TEN OCLOCK,(SPORT) UTILITY VEHICLE,MOVING CONSTANT SPEED,North,35,No,No,2023,AUDI,Q5,39.040795,-77.10985333,"(39.040795, -77.10985333)"
MCP2905006T,240060801,MONTGOMERY,Property Damage Crash,12/20/2024 08:44:00 AM,County Route,DEMOCRACY BLVD,,,,,Angle,Cloudy,Wet,Daylight,Yield Sign,"Not Suspect of Alcohol Use, Not Suspect of Drug Use",,92FE5B85-2DD8-45E5-B52F-939E022CF686,Yes,No Apparent Injury,,Not Distracted,MD,C95808F3-46A4-4B95-B8B1-DCDBBA8E8B31,Disabling,Eight O Clock,Passenger Car,Entering Traffic Lane,Westbound,35,No,No,2020,TESLA,MODEL Y,39.02282248,-77.15092591,"(39.02282248, -77.15092591)"
MCP30050057,200039103,Montgomery County Police,Property Damage Crash,10/05/2020 07:00:00 AM,Maryland (State),GEORGIA AVE,GEORGIAN WAY,,N/A,,ANGLE MEETS LEFT TURN,N/A,WET,DUSK,NO CONTROLS,NONE DETECTED,,A086E90B-C537-40CE-9E3D-FCFF2BF52958,No,NO APPARENT INJURY,N/A,NOT DISTRACTED,MD,1A6D030C-9478-4ECE-9F0A-9A8E2FAF4CCA,FUNCTIONAL,TWELVE OCLOCK,PASSENGER CAR,MOVING CONSTANT SPEED,North,35,No,No,2011,FORD,VN,39.054545,-77.05032667,"(39.054545, -77.05032667)"
MCP1213003X,180034120,Montgomery County Police,Injury Crash,07/10/2018 06:50:00 PM,County,BRIGGS CHANEY RD,CLAUDE LA,,N/A,,SAME DIR REAR END,CLEAR,DRY,DAYLIGHT,NO CONTROLS,NONE DETECTED,,788CCC46-F463-446A-AB30-D5E4DD6BEC06,Yes,NO APPARENT INJURY,"N/A, VISION OBSTRUCTION (INCL. BLINDED BY SUN)",LOOKED BUT DID NOT SEE,MD,CA1686C8-B6B5-4B42-9FDE-6077EC00C26A,DISABLING,TWELVE OCLOCK,PASSENGER CAR,MOVING CONSTANT SPEED,West,35,No,No,2002,TOYOTA,SIENNA,39.09928,-76.9747,"(39.09928, -76.9747)"
MCP1064005K,17012418,Montgomery County Police,Injury Crash,03/09/2017 01:12:00 PM,Maryland (State),GEORGIA AVE,FOREST GLEN RD,,N/A,,HEAD ON LEFT TURN,CLEAR,DRY,DAYLIGHT,TRAFFIC SIGNAL,N/A,,B8931E3E-1F3D-424A-A769-8B42807F4278,Yes,SUSPECTED MINOR INJURY,N/A,UNKNOWN,MD,0713F16B-6D84-472E-8D95-9EAD799893C1,DISABLING,TWELVE OCLOCK,PASSENGER CAR,MAKING LEFT TURN,South,35,No,No,2007,HONDA,ACCORD 4D,39.01573,-77.04273333,"(39.01573, -77.04273333)"
MCP2952000W,15039956,MONTGOMERY,Property Damage Crash,08/11/2015 11:47:00 AM,,,,"Parking lot in front of 10733 Colesville Road, Silver Spring, MD",,,OTHER,CLEAR,,DAYLIGHT,N/A,UNKNOWN,,BFF103EC-75CC-4401-910A-93C42CF3450F,Yes,NO APPARENT INJURY,N/A,UNKNOWN,MD,692D4B54-5C96-4C5F-8063-A1A941EC1DC3,SUPERFICIAL,UNKNOWN,PASSENGER CAR,BACKING,Unknown,10,No,No,2012,FORD,TRUCK,39.01233,-77.00001667,"(39.01233, -77.00001667)"
DD5660000L,230063862,Rockville Police Departme,Injury Crash,11/01/2023 08:50:00 PM,Municipality,BEALL AVE #2,GIBBS STREET,,ROCKVILLE,PEDESTRIAN,OTHER,N/A,DRY,DARK LIGHTS ON,N/A,UNKNOWN,NONE DETECTED,2991CC5D-B83B-493F-B5A0-C74B976CA18E,Yes,NO APPARENT INJURY,N/A,UNKNOWN,,879E78EC-E9CE-417A-9141-36542ED835C8,UNKNOWN,UNKNOWN,,MOVING CONSTANT SPEED,West,25,No,No,0,UNKNOWN,UNKNOWN,39.08675614,-77.15413806,"(39.08675614, -77.15413806)"
MCP22310087,240043127,MONTGOMERY,Property Damage Crash,09/11/2024 07:30:00 AM,County Route,SHADY GROVE RD (SB/L),OAKMONT AVE,,,,Front to Rear,Clear,Dry,Daylight,Traffic Control Signal,"Not Suspect of Alcohol Use, Not Suspect of Drug Use",,62AFD0F7-E10B-4992-AEFE-2A277577C67F,Yes,No Apparent Injury,,Not Distracted,MD,B2F11006-3BBB-427B-AA30-E5DEE550D15C,Disabling,Twelve O Clock,Passenger Car,Moving Constant Speed,,40,No,No,1989,VOLVO,740 SERIES,39.12678607,-77.17356733,"(39.12678607, -77.17356733)"
DM85150006,230048028,Takoma Park Police Depart,Property Damage Crash,08/05/2023 11:54:00 PM,,8300 FLOWER AVE,700 WABASH AVE,,N/A,,SAME DIR REAR END,CLEAR,DRY,DARK LIGHTS ON,NO CONTROLS,UNKNOWN,,1C59658B-21BA-4291-AAE0-EFECE413BCC0,Yes,NO APPARENT INJURY,N/A,UNKNOWN,,B79B330D-5C75-4A92-B1DB-D229B4B3CDC2,SUPERFICIAL,ONE OCLOCK,PASSENGER CAR,MOVING CONSTANT SPEED,South,25,No,No,2012,NISS,ALTIMA,38.99389301,-77.0022484,"(38.99389301, -77.0022484)"
MCP2559001T,170506764,Montgomery County Police,Property Damage Crash,05/09/2017 07:28:00 AM,Maryland (State),MONTGOMERY VILLAGE AVE,FREDERICK RD,,N/A,,SAME DIRECTION LEFT TURN,CLEAR,DRY,DAYLIGHT,TRAFFIC SIGNAL,UNKNOWN,,806E7909-A781-48CB-905B-7CEA697FC600,Yes,NO APPARENT INJURY,N/A,UNKNOWN,,EBC32F12-E337-44FE-A425-572C8794BC97,UNKNOWN,UNKNOWN,,ACCELERATING,South,35,No,No,0,UNKNOWN,UNKNOWN,39.1528769,-77.21184567,"(39.1528769, -77.21184567)"
MCP3090003J,190057529,Montgomery County Police,Property Damage Crash,11/29/2019 11:10:00 AM,Maryland (State),FREDERICK RD,S WESTLAND DR,,GAITHERSBURG,,STRAIGHT MOVEMENT ANGLE,CLOUDY,DRY,DAYLIGHT,TRAFFIC SIGNAL,N/A,,F53B7160-4A53-43D4-8170-8B37F029EBA1,Yes,NO APPARENT INJURY,N/A,UNKNOWN,MD,E9C46217-4912-4500-A0F8-B4CE8134C24D,DISABLING,ONE OCLOCK,PASSENGER CAR,MAKING U TURN,North,40,No,No,1998,TOYOTA,SIENNA,39.12585033,-77.18280483,"(39.12585033, -77.18280483)"
EJ79040029,250014119,GAITHERSBURG,Property Damage Crash,04/01/2025 09:42:00 AM,,,,Parking Aisle        SIDE PARKING LOT OF TIRES PLUS,,,Front to Front,Clear,,Daylight,,"Not Suspect of Alcohol Use, Not Suspect of Drug Use",,E40E9D51-C467-45D4-8E94-835E704AA4DF,No,No Apparent Injury,,Not Distracted,MD,2811E244-E649-4AD4-8418-272654FE6992,Disabling,Twelve O Clock,Passenger Car,Turning Left,Not On Roadway,0,No,No,2017,TOYOTA,YARIS IA,39.15728484,-77.21141755,"(39.15728484, -77.21141755)"