Report Number,Local Case Number,Agency Name,ACRS Report Type,Crash Date/Time,Route Type,Road Name,Cross-Street Name,Off-Road Description,Municipality,Related Non-Motorist,Collision Type,Weather,Surface Condition,Light,Traffic Control,Driver Substance Abuse,Non-Motorist Substance Abuse,Person ID,Driver At Fault,Injury Severity,Circumstance,Driver Distracted By,Drivers License State,Vehicle ID,Vehicle Damage Extent,Vehicle First Impact Location,Vehicle Body Type,Vehicle Movement,Vehicle Going Dir,Speed Limit,Driverless Vehicle,Parked Vehicle,Vehicle Year,Vehicle Make,Vehicle Model,Latitude,Longitude,Location
MCP91060033,230008429,Montgomery County Police,Property Damage Crash,02/19/2023 07:10:00 PM,County,NEWCUT RD,FREDERICK RD,,N/A,,SINGLE VEHICLE,N/A,DRY,DARK NO LIGHTS,N/A,NONE DETECTED,,5AB4A7D6-010F-4FBC-88E9-DC139E97E185,Yes,NO APPARENT INJURY,N/A,NOT DISTRACTED,MD,CB3EE239-DB1F-4994-A83F-76007909B414,SUPERFICIAL,TEN OCLOCK,(SPORT) UTILITY VEHICLE,SLOWING OR STOPPING,West,25,No,No,2019,CHEVROLET,EQUINOX,39.22196167,-77.259665,"(39.22196167, -77.259665)"
MCP2983003L,190012513,Montgomery County Police,Injury Crash,03/18/2019 05:45:00 PM,US (State),COLESVILLE RD,INDIAN SPRING DR,,N/A,,SAME DIR REAR END,CLEAR,DRY,DAYLIGHT,NO CONTROLS,NONE DETECTED,,0B307788-1F91-4D54-BEA9-C87184EFF87E,No,POSSIBLE INJURY,N/A,NOT DISTRACTED,MD,347ACE68-F0C3-4DEB-BBF1-F350A5818B69,FUNCTIONAL,SIX OCLOCK,PASSENGER CAR,SLOWING OR STOPPING,North,35,No,No,2017,TOYT,CAMRY,39.01266667,-77.01674,"(39.01266667, -77.01674)"
MCP2961001P,16065106,Montgomery County Police,Property Damage Crash,12/19/2016 07:22:00 PM,Maryland (State),GEORGIA AVE,ENNALLS AVE,,N/A,,SAME DIRECTION RIGHT TURN,CLEAR,DRY,DARK LIGHTS ON,NO CONTROLS,NONE DETECTED,,EFC60B47-AB6C-4175-98CC-DACD31846AFA,No,NO APPARENT INJURY,N/A,NOT DISTRACTED,MD,B2210204-E0CE-4DCA-9877-64A94D10913C,DISABLING,ELEVEN OCLOCK,PASSENGER CAR,MOVING CONSTANT SPEED,South,35,No,No,2004,TOYT,PRIUS,39.04085667,-77.05196,"(39.04085667, -77.05196)"
MCP27670078,190053322,Montgomery County Police,Injury Crash,11/05/2019 05:16:00 PM,Maryland (State),VEIRS MILL RD,FERRARA AVE,,N/A,,SAME DIR REAR END,CLEAR,DRY,DARK LIGHTS ON,TRAFFIC SIGNAL,NONE DETECTED,,2A0EF687-5C1F-4FEF-AA9F-3C58A33A6C69,No,POSSIBLE INJURY,N/A,NOT DISTRACTED,MD,925E8C0C-00C9-4BE1-98B0-0FB0A40AD4B7,FUNCTIONAL,SIX OCLOCK,PASSENGER CAR,SLOWING OR STOPPING,West,35,No,No,2010,BMW,528,39.05321333,-77.07662667,"(39.05321333, -77.07662667)"
MCP29390038,190007766,Montgomery County Police,Injury Crash,02/17/2019 07:00:00 AM,Maryland (State),GERMANTOWN RD,CLOPPER RD,,N/A,,SAME DIR REAR END,N/A,WET,DARK LIGHTS ON,TRAFFIC SIGNAL,NONE DETECTED,,B0D783E2-068F-4680-BFEE-A568B245DFC0,No,NO APPARENT INJURY,"N/A, WET",NOT DISTRACTED,MD,59743AFD-5532-4E36-9CD0-4F2B03CEA13B,FUNCTIONAL,SIX OCLOCK,PASSENGER CAR,STOPPED IN TRAFFIC LANE,South,40,No,No,2007,HONDA,VN,39.16458,-77.28225,"(39.16458, -77.28225)"
MCP9133000Z,16045239,Montgomery County Police,Injury Crash,09/04/2016 10:32:00 AM,County,BRINK RD,LEAMAN LA,,N/A,,HEAD ON,CLEAR,DRY,DAYLIGHT,NO CONTROLS,NONE DETECTED,,8749BF0A-B58D-4038-807B-2FD9CF032325,No,NO APPARENT INJURY,N/A,NOT DISTRACTED,MD,8D7A6A4F-AA1F-45BE-B084-4E3F3A189494,FUNCTIONAL,SEVEN OCLOCK,PASSENGER CAR,STOPPED IN TRAFFIC LANE,West,35,No,No,2010,NISSAN,SENTRA,39.20781167,-77.22285833,"(39.20781167, -77.22285833)"
MCP2687003T,220028815,Montgomery County Police,Injury Crash,07/05/2022 01:30:00 PM,County,BETHESDA AVE,ARLINGTON RD,,N/A,,OTHER,RAINING,WET,N/A,NO CONTROLS,NONE DETECTED,,AC141938-52D3-41BA-9426-1FEDE98F0C17,No,NO APPARENT INJURY,N/A,NOT DISTRACTED,MD,A1DDE74B-9C3D-4DFD-BCEA-F7CACD114A90,SUPERFICIAL,EIGHT OCLOCK,PASSENGER CAR,SLOWING OR STOPPING,South,25,No,No,2014,NISSAN,PATHFINDER,38.9808754,-77.0977718,"(38.9808754, -77.0977718)"
MCP295400D4,230015824,Montgomery County Police,Property Damage Crash,04/02/2023 06:45:00 PM,,,,IN PARKING LOT OF 700 GILBERT ST TAKOMA PARK MD 20912,,,SAME DIRECTION SIDESWIPE,CLEAR,,DAYLIGHT,NO CONTROLS,ALCOHOL PRESENT,,F8106187-6D21-4EE7-ABBE-BBCCDC44013D,Yes,NO APPARENT INJURY,N/A,OTHER DISTRACTION,MD,E1B4BF40-4106-4F47-A1DE-1011E77237FD,FUNCTIONAL,SIX OCLOCK,PASSENGER CAR,PARKING,North,0,No,No,2003,HONDA,PILOT,38.99763,-76.99694833,"(38.99763, -76.99694833)"
MCP3050003H,190026476,Montgomery County Police,Property Damage Crash,06/03/2019 04:45:00 PM,Maryland (State),GEORGIA AVE,CONNECTICUT AVE,,N/A,,STRAIGHT MOVEMENT ANGLE,CLEAR,DRY,DAYLIGHT,TRAFFIC SIGNAL,NONE DETECTED,,5FD28E1C-2AA9-46D3-A6DA-F6D0538D641C,No,NO APPARENT INJURY,N/A,NOT DISTRACTED,DC,9E74FDDE-20D8-445F-8C25-E3A588BB1794,DISABLING,TWELVE OCLOCK,PASSENGER CAR,MOVING CONSTANT SPEED,South,45,No,No,2018,AUDI,A5,39.08518833,-77.07873,"(39.08518833, -77.07873)"
MCP2964003B,190006471,Montgomery County Police,Property Damage Crash,02/09/2019 06:29:00 PM,Maryland (State),CLOPPER RD,MATENY RD,,N/A,,HEAD ON LEFT TURN,CLEAR,DRY,DUSK,TRAFFIC SIGNAL,NONE DETECTED,,BC13BA54-70DD-4521-90E7-16A2C5639CE4,Yes,NO APPARENT INJURY,N/A,LOOKED BUT DID NOT SEE,MD,0DC303E8-3CE8-4FFF-BA3C-C4C6D6B0AFC3,DISABLING,TWELVE OCLOCK,PASSENGER CAR,MAKING LEFT TURN,West,40,No,No,1999,HONDA,ACCORD,39.15681167,-77.26623167,"(39.15681167, -77.26623167)"
MCP3205001Y,200034765,Montgomery County Police,Property Damage Crash,09/05/2020 08:35:00 AM,Maryland (State),GEORGIA AVE,BLUERIDGE AVE,,N/A,,HEAD ON LEFT TURN,N/A,DRY,DAYLIGHT,TRAFFIC SIGNAL,NONE DETECTED,,3755654F-9DD6-43E3-945C-CD71257C2590,Yes,NO APPARENT INJURY,N/A,NOT DISTRACTED,MD,5882C5F2-20C1-4EE7-9567-A2413BB4AD42,DISABLING,ONE OCLOCK,PASSENGER CAR,MOVING CONSTANT SPEED,South,25,No,No,2005,CHEVY,COLORADO,39.0433125,-77.05213233,"(39.0433125, -77.05213233)"
MCP3336000W,230005852,Montgomery County Police,Injury Crash,02/05/2023 09:42:00 AM,Maryland (State),UNIVERSITY BLVD E,FRANKLIN AVE,,N/A,,HEAD ON LEFT TURN,CLEAR,DRY,DAYLIGHT,TRAFFIC SIGNAL,NONE DETECTED,,82D20E01-D23F-4E50-8FFA-10D8F338B636,No,NO APPARENT INJURY,N/A,NOT DISTRACTED,MD,FBBC1126-9D29-48FE-9542-EC96EE1DB0AA,SUPERFICIAL,TWELVE OCLOCK,PASSENGER CAR,STOPPED IN TRAFFIC LANE,North,30,No,No,2017,HONDA,CIVIC,39.01227259,-77.00263708,"(39.01227259, -77.00263708)"
MCP26710038,220035356,Montgomery County Police,Property Damage Crash,08/17/2022 04:00:00 PM,US (State),GEORGIA AVE,WAYNE AVE,,N/A,,SAME DIRECTION SIDESWIPE,N/A,DRY,DAYLIGHT,TRAFFIC SIGNAL,NONE DETECTED,,A09D7B6B-A0E3-4881-901E-17BA5375A445,No,NO APPARENT INJURY,N/A,NOT DISTRACTED,MD,90F9E515-0786-438F-99CA-063380A01A24,SUPERFICIAL,SEVEN OCLOCK,PASSENGER CAR,STOPPED IN TRAFFIC LANE,North,35,No,No,2019,FORD,FIESTA,38.994335,-77.026715,"(38.994335, -77.026715)"
MCP2047003S,200031500,Montgomery County Police,Property Damage Crash,08/13/2020 10:04:00 AM,County,SHADY GROVE RD,CRABBS BRANCH WAY,,N/A,,HEAD ON LEFT TURN,RAINING,WET,DAYLIGHT,TRAFFIC SIGNAL,NONE DETECTED,,B4E2F7E6-4502-47E5-97E2-EEF8FC2CB6E6,Yes,NO APPARENT INJURY,"N/A, RAIN, SNOW",NOT DISTRACTED,MD,99E5941E-BD59-4E4A-BAE3-9151B3E3E0A2,SUPERFICIAL,FIVE OCLOCK,PASSENGER CAR,MAKING LEFT TURN,East,40,No,No,2014,HYUNDAI,SANTE FE,39.12876333,-77.167035,"(39.12876333, -77.167035)"
MCP2515000M,16029457,Montgomery County Police,Property Damage Crash,06/11/2016 05:28:00 PM,County,GUE RD,RIDGE RD,,N/A,,HEAD ON,CLEAR,DRY,DAYLIGHT,NO CONTROLS,NONE DETECTED,,F481476B-9889-4E87-896F-460B1A224A61,Yes,NO APPARENT INJURY,"SHOULDERS LOW, SOFT, HIGH, VISION OBSTRUCTION (INCL. BLINDED BY SUN)",NOT DISTRACTED,MD,2E0AE3EC-0356-4419-B210-10F4DCA1C66E,DISABLING,TWELVE OCLOCK,(SPORT) UTILITY VEHICLE,MOVING CONSTANT SPEED,West,25,No,No,1999,CAON,TL,39.30464949,-77.18341827,"(39.30464949, -77.18341827)"
MCP3031003B,190043271,Montgomery County Police,Property Damage Crash,09/09/2019 11:15:00 PM,Maryland (State),GEORGIA AVE,ASPEN HILL RD,,N/A,,SINGLE VEHICLE,CLEAR,DRY,DARK LIGHTS ON,TRAFFIC SIGNAL,ALCOHOL CONTRIBUTED,,F4A6EA05-E125-49BE-BE28-5DAD82924C08,Yes,NO APPARENT INJURY,N/A,NOT DISTRACTED,XX,FFF9AABB-C207-4C84-9939-FD4509CFDC99,DESTROYED,TWELVE OCLOCK,PASSENGER CAR,ACCELERATING,East,35,No,No,1997,MITSU,ECLIPSE,39.08048667,-77.07520167,"(39.08048667, -77.07520167)"
MCP26350083,230046871,Montgomery County Police,Property Damage Crash,07/29/2023 09:16:00 PM,Maryland (State),GEORGIA AVE,EMORY CHURCH RD,,N/A,,SAME DIR REAR END,CLEAR,DRY,DARK LIGHTS ON,TRAFFIC SIGNAL,N/A,,D3A92C1D-E70F-4465-BCD2-3382AA21029A,Yes,NO APPARENT INJURY,N/A,UNKNOWN,MD,7EDD4931-0EE6-4390-8B9B-82866FF17CA5,DISABLING,TWELVE OCLOCK,PASSENGER CAR,SLOWING OR STOPPING,South,45,No,No,2014,FORD,FUSION,39.13093583,-77.07105183,"(39.13093583, -77.07105183)"
MCP271700T0,200043747,Montgomery County Police,Property Damage Crash,11/05/2020 09:00:00 PM,Maryland (State),OLD GEORGETOWN RD,NICHOLSON LA,,N/A,,SAME DIR REAR END,CLEAR,DRY,DARK LIGHTS ON,NO CONTROLS,UNKNOWN,,CE8CE952-C04E-460C-AE6E-134DAA788794,Yes,NO APPARENT INJURY,N/A,UNKNOWN,,DA6AF926-DDBD-4207-A015-6B1029559864,UNKNOWN,TWELVE OCLOCK,PASSENGER CAR,MOVING CONSTANT SPEED,North,40,No,No,2009,FORD,UNKNWON,39.05104483,-77.1175275,"(39.05104483, -77.1175275)"
MCP2231006B,210048524,Montgomery County Police,Injury Crash,11/30/2021 08:19:00 AM,Maryland (State),W DIAMOND AVE,ENT TO NATIONAL INSTITUTE OF STANDARDS,,N/A,,HEAD ON LEFT TURN,CLOUDY,DRY,DAYLIGHT,TRAFFIC SIGNAL,NONE DETECTED,,61BC528E-38C7-4B1A-853C-204DCF9BEFC2,No,SUSPECTED MINOR INJURY,N/A,NOT DISTRACTED,MD,4ABD177B-8F15-488C-8F07-62C123060323,DISABLING,TWELVE OCLOCK,PASSENGER CAR,MOVING CONSTANT SPEED,East,35,No,No,2008,HONDA,RIDGELINE,39.141685,-77.21769667,"(39.141685, -77.21769667)"
MCP3199005P,240001461,MONTGOMERY,Injury Crash,01/10/2024 08:25:00 AM,Maryland (State) Route,VEIRS MILL RD,RANDOLPH RD,,,,Angle,Clear,Dry,Daylight,Traffic Control Signal,"Not Suspect of Alcohol Use, Not Suspect of Drug Use",,C6ADAC8E-EEBF-4521-8819-CB3BF2E21CD3,No,No Apparent Injury,,Not Distracted,MD,661D4A12-86DE-45D9-9D68-C48309304751,Disabling,Twelve O Clock,Sport Utility Vehicle,Moving Constant Speed,,35,No,No,2011,HONDA,PILOT,39.05604362,-77.08257733,"(39.05604362, -77.08257733)"
DD56520049,240013331,ROCKVILLE,Property Damage Crash,03/20/2024 02:49:00 PM,Maryland (State) Route,FIRST ST (WB/L),,,,,Front to Rear,Clear,Dry,Daylight,Traffic Control Signal,"Suspect of Alcohol Use, Not Suspect of Drug Use",,3867D1EC-2FB2-4839-8B3B-0177FB617C6A,Yes,No Apparent Injury,,Not Distracted,MD,AD204DB6-B739-416E-B1F1-E25B4FAE18E5,Disabling,Twelve O Clock,Passenger Car,,Westbound,40,No,No,2006,FORD,ESCAPE,39.08052758,-77.13772205,"(39.08052758, -77.13772205)"
MCP3275002B,240021709,MONTGOMERY,Property Damage Crash,05/08/2024 03:23:00 PM,Bicycle Route,,,,,,Front to Rear,Clear,Dry,Daylight,No Controls,"Not Suspect of Alcohol Use, Not Suspect of Drug Use",,D0FC5267-DC6F-4B26-AA2F-5FCA696E6C35,No,No Apparent Injury,,Not Distracted,MD,C0F67A56-CB48-4913-BFA6-055F198CC60C,Disabling,Twelve O Clock,Passenger Car,Moving Constant Speed,Eastbound,45,No,No,2008,INFINITI,G35,39.10897326,-76.92326844,"(39.10897326, -76.92326844)"
MCP289200GL,240036908,MONTGOMERY,Injury Crash,08/05/2024 03:00:00 PM,County Route,FOREST GLEN RD (WB/L),,,,,Front to Rear,Clear,Dry,Daylight,Traffic Control Signal,"Not Suspect of Alcohol Use, Not Suspect of Drug Use",,A6B3E6C3-2205-4CF7-81FA-401D1153BF22,Yes,No Apparent Injury,,Not Distracted,MD,06D3061D-6F97-447D-93D6-5E897906CE6C,Superficial,Twelve O Clock,Passenger Car,Accelerating,Westbound,30,No,No,2021,BMW,330I,39.015642,-77.04199479,"(39.015642, -77.04199479)"
MCP0685006N,220022619,Montgomery County Police,Property Damage Crash,05/27/2022 07:07:00 AM,US (State),COLUMBIA PIKE,HILLWOOD DR,,N/A,,SAME DIR REND LEFT TURN,RAINING,WET,DAYLIGHT,TRAFFIC SIGNAL,NONE DETECTED,,AFDA5FE0-992A-4A08-AF90-A70289A4F9AF,No,NO APPARENT INJURY,"RAIN, SNOW, WET",NOT DISTRACTED,MD,950704F8-7D0B-4483-9F9F-1757C6FF0B79,DISABLING,SIX OCLOCK,(SPORT) UTILITY VEHICLE,SLOWING OR STOPPING,South,40,No,No,2020,SUBA,TK,39.03157833,-77.00480167,"(39.03157833, -77.00480167)"
MCP2975001J,17013978,Montgomery County Police,Injury Crash,03/18/2017 07:55:00 PM,County,RALPH RD,GEORGIA AVE,,N/A,PEDESTRIAN,SINGLE VEHICLE,RAINING,WET,DARK LIGHTS ON,STOP SIGN,NONE DETECTED,NONE DETECTED,CF7AF745-040B-487C-9BA8-24732AAE8D8D,No,NO APPARENT INJURY,"N/A, WET",NOT DISTRACTED,MD,E14498E1-29E8-42FC-9CFC-FACFBDF5DBC0,NO DAMAGE,TWELVE OCLOCK,PASSENGER CAR,MOVING CONSTANT SPEED,East,10,No,No,2013,NISSAN,ALTIMA,39.078225,-77.07207167,"(39.078225, -77.07207167)"
EJ78330042,170539295,Gaithersburg Police Depar,Property Damage Crash,10/27/2017 11:00:00 PM,County,EMORY GROVE RD,GOSHEN RD,,N/A,,SAME DIR REAR END,CLOUDY,DRY,DARK LIGHTS ON,TRAFFIC SIGNAL,NONE DETECTED,,E7D55628-74AD-4B4E-A89A-3FA45D529CA3,No,NO APPARENT INJURY,N/A,NOT DISTRACTED,MD,D741C757-218E-4BD5-A605-1E98E4DA2295,SUPERFICIAL,SIX OCLOCK,PASSENGER CAR,STOPPED IN TRAFFIC LANE,North,25,No,No,2010,HONDA,PILOT,39.16012833,-77.19184833,"(39.16012833, -77.19184833)"
MCP2967004G,200043098,Montgomery County Police,Property Damage Crash,11/01/2020 02:42:00 PM,Interstate (State),CAPITAL BELTWAY,EXIT #34,,N/A,,SINGLE VEHICLE,RAINING,WET,DAYLIGHT,N/A,N/A,,CBB7C743-1B91-418E-963A-E6E9D3B5D0F2,Yes,NO APPARENT INJURY,"RAIN, SNOW, WET",NOT DISTRACTED,VA,0C4DD4D8-7864-417E-B44C-065F5FC61D68,DISABLING,TEN OCLOCK,PICKUP TRUCK,MOVING CONSTANT SPEED,West,55,No,No,2013,RAM,TRUCK,39.01380267,-77.09426083,"(39.01380267, -77.09426083)"
MCP2798002P,17016594,Montgomery County Police,Property Damage Crash,04/01/2017 04:19:00 PM,US (State),COLUMBIA PIKE,RAMP 6 FR US 29 EB TO MD 650 SB,,N/A,,SAME DIR REAR END,CLEAR,DRY,DAYLIGHT,NO CONTROLS,NONE DETECTED,,FCFF71C3-3A72-4689-9ECA-CCF80C6B3B3D,Yes,NO APPARENT INJURY,N/A,NOT DISTRACTED,MD,DD35910D-F160-4DFE-A621-E1FB9DEFDE16,DISABLING,TWELVE OCLOCK,PASSENGER CAR,SLOWING OR STOPPING,South,50,No,No,2008,MERZ,4D,39.043305,-76.99224167,"(39.043305, -76.99224167)"
EJ786600BH,210019001,Gaithersburg Police Depar,Property Damage Crash,05/20/2021 09:09:00 AM,Maryland (State),MONTGOMERY VILLAGE AVE,RUSSELL AVE,,GAITHERSBURG,,SAME DIR REAR END,CLEAR,DRY,DAYLIGHT,TRAFFIC SIGNAL,NONE DETECTED,,9322A688-C8A0-462B-B1AD-CB1BAF5983F3,No,NO APPARENT INJURY,N/A,NOT DISTRACTED,MD,E48BEE99-4EF6-4219-961A-64B4D5750829,FUNCTIONAL,SIX OCLOCK,(SPORT) UTILITY VEHICLE,STOPPED IN TRAFFIC LANE,North,35,No,No,2015,NISS,ROGUE,39.154775,-77.20914322,"(39.154775, -77.20914322)"
MCP2891000S,15018469,Montgomery County Police,Property Damage Crash,04/18/2015 04:43:00 PM,County,13TH ST,KENNETT ST,,N/A,,OTHER,CLEAR,DRY,DAYLIGHT,N/A,NONE DETECTED,,1E800A77-C3E9-4BF7-AC7E-0502086975D6,Yes,NO APPARENT INJURY,N/A,NOT DISTRACTED,MD,421EA26B-1220-45E0-8E83-2E1A8F76ED4B,SUPERFICIAL,,PASSENGER CAR,BACKING,South,35,No,No,2000,FORD,VN,38.98712667,-77.02763,"(38.98712667, -77.02763)"
MCP27500029,16050152,Montgomery County Police,Injury Crash,09/29/2016 06:48:00 PM,Maryland (State),GEORGIA AVE,REEDIE DR,,N/A,,STRAIGHT MOVEMENT ANGLE,RAINING,WET,DAYLIGHT,TRAFFIC SIGNAL,NONE DETECTED,,2F38D63A-13EC-4AED-AB82-1C382FC28CB0,Yes,NO APPARENT INJURY,"N/A, WET",NOT DISTRACTED,US,61F0B2B5-9AF7-4394-BCB5-4E8B34CEBA11,FUNCTIONAL,TWELVE OCLOCK,PICKUP TRUCK,MAKING LEFT TURN,West,35,No,No,1998,DODGE,RAM,39.04028,-77.04867333,"(39.04028, -77.04867333)"
MCP1119003C,17002273,Montgomery County Police,Property Damage Crash,01/13/2017 03:41:00 PM,County,ATHERTON DR,GANNON RD,,N/A,,OTHER,CLOUDY,DRY,DAYLIGHT,NO CONTROLS,NONE DETECTED,,1020A7AE-F9B5-434C-A92D-DE5CA4E355AE,Yes,NO APPARENT INJURY,N/A,NOT DISTRACTED,MD,03ACB79A-1E7C-4454-B527-6D3E60B064A4,SUPERFICIAL,FIVE OCLOCK,SCHOOL BUS,MOVING CONSTANT SPEED,North,25,No,No,2011,THOMAS,BUS,39.05445267,-77.077512,"(39.05445267, -77.077512)"
MCP2612004P,220051692,Montgomery County Police,Property Damage Crash,11/22/2022 03:11:00 PM,,,,"PARKING LOT OF 2271 BEL PRE ROAD SILVER SPRING, MD",,,OTHER,CLEAR,,DAYLIGHT,N/A,UNKNOWN,,B477FF4B-F597-4E15-9F56-526E123FDA32,Yes,NO APPARENT INJURY,N/A,UNKNOWN,,6976C24C-CBFE-438E-A722-60BBC9026034,UNKNOWN,TWELVE OCLOCK,PASSENGER CAR,STARTING FROM PARKED,Unknown,5,No,No,2005,CHEVROLET,ASTRO,39.09141631,-77.04762997,"(39.09141631, -77.04762997)"
MCP28520029,200003305,Montgomery County Police,Property Damage Crash,01/20/2020 11:11:00 PM,Maryland (State),CLOPPER RD,GREAT SENECA HWY,,N/A,,OPPOSITE DIRECTION SIDESWIPE,CLEAR,DRY,DARK LIGHTS ON,TRAFFIC SIGNAL,NONE DETECTED,,88A743CF-F568-408D-B60C-90F19ED7690A,No,NO APPARENT INJURY,N/A,NOT DISTRACTED,MD,5A0ACB95-9C47-4EAD-BBA7-CBC28D96D650,SUPERFICIAL,FOUR OCLOCK,PASSENGER CAR,MOVING CONSTANT SPEED,North,45,No,No,2015,JEEP,WRANGLER,39.15896667,-77.275215,"(39.15896667, -77.275215)"
MCP1595000N,16061340,Montgomery County Police,Property Damage Crash,11/29/2016 10:41:00 PM,County,RANDOLPH RD,KEMP MILL RD,,N/A,,SAME DIR REAR END,RAINING,WET,DARK LIGHTS ON,TRAFFIC SIGNAL,NONE DETECTED,,E7CDEE3B-9E36-4805-BF04-59F5EF925BB5,No,NO APPARENT INJURY,"RAIN, SNOW, WET",NOT DISTRACTED,MD,D31B0A84-9894-43F2-A5B8-4C9BB969A7BA,FUNCTIONAL,SIX OCLOCK,PASSENGER CAR,STARTING FROM LANE,East,40,No,No,2006,AUDI,A6,39.06643705,-77.03042239,"(39.06643705, -77.03042239)"
MCP2456004Q,200027878,Montgomery County Police,Property Damage Crash,07/18/2020 09:49:00 AM,Maryland (State),NEW HAMPSHIRE AVE,CHALMERS RD,,N/A,,SAME DIR REAR END,CLEAR,DRY,DAYLIGHT,TRAFFIC SIGNAL,NONE DETECTED,,EDB7D4AD-6AF2-49A1-AA00-BF71C824B0D7,Yes,NO APPARENT INJURY,N/A,UNKNOWN,MD,ED0BF4DA-33B6-4A1F-B113-4FAA1C7758EE,FUNCTIONAL,TWELVE OCLOCK,PASSENGER CAR,MOVING CONSTANT SPEED,South,40,No,No,2014,MAZD,4S,39.029855,-76.98311833,"(39.029855, -76.98311833)"
MCP3232002Z,220036598,Montgomery County Police,Injury Crash,08/24/2022 03:05:00 PM,County,NORBECK RD,NORWOOD RD,,N/A,,HEAD ON LEFT TURN,CLEAR,DRY,DAYLIGHT,NO CONTROLS,NONE DETECTED,,587AE17A-1F1E-4754-B1FD-0346318F5435,No,POSSIBLE INJURY,N/A,NOT DISTRACTED,MD,8C272AB8-0239-4D45-BFD4-EBD3A31A3466,DISABLING,TWELVE OCLOCK,(SPORT) UTILITY VEHICLE,ACCELERATING,East,40,No,No,2017,LEXUS,RX230,39.118987,-77.021344,"(39.118987, -77.021344)"
MCP11740031,180022421,Montgomery County Police,Property Damage Crash,05/07/2018 12:37:00 PM,Maryland (State),WILSON LA,EXETER RD,,N/A,,STRAIGHT MOVEMENT ANGLE,CLEAR,DRY,DAYLIGHT,STOP SIGN,NONE DETECTED,,90C05E45-FEB3-4E7D-AF70-A939A90044E9,Yes,NO APPARENT INJURY,N/A,NOT DISTRACTED,MD,83DB85CD-D62F-43FC-8B8D-254F80C2201A,DISABLING,ONE OCLOCK,PASSENGER CAR,ACCELERATING,North,30,No,No,2017,TOYOTA,CORROLA,38.98718438,-77.10340261,"(38.98718438, -77.10340261)"
MCP2588002L,170511141,Montgomery County Police,Property Damage Crash,06/01/2017 02:23:00 PM,Maryland (State),VEIRS MILL RD,HAVARD ST,,N/A,,SAME DIRECTION SIDESWIPE,CLEAR,DRY,DAYLIGHT,STOP SIGN,NONE DETECTED,,913CBD54-5EEA-4D5F-AF7C-FCA76FFB09BA,No,NO APPARENT INJURY,N/A,NOT DISTRACTED,MD,A61973AA-DB82-449F-BC80-B5067B248CC1,FUNCTIONAL,TWO OCLOCK,PICKUP TRUCK,MOVING CONSTANT SPEED,West,45,No,No,2000,TOYOTA,TUNDRAALLSTATE,39.05828356,-77.08625793,"(39.05828356, -77.08625793)"
MCP28300044,180051228,Montgomery County Police,Property Damage Crash,10/13/2018 06:40:00 AM,Maryland (State),GEORGIA AVE,SUNSHINE CT,,N/A,,SAME DIRECTION RIGHT TURN,RAINING,WET,DARK LIGHTS ON,NO CONTROLS,NONE DETECTED,,4D4006C7-3852-4BFE-8D69-AD4E9D530CB2,No,NO APPARENT INJURY,"N/A, WET",NOT DISTRACTED,MD,D10A5E59-2DA8-48B2-8667-2626D1DABECA,DISABLING,ELEVEN OCLOCK,PASSENGER CAR,MOVING CONSTANT SPEED,North,40,No,No,2014,TOYT,4S,39.22477833,-77.058985,"(39.22477833, -77.058985)"
MCP3372002Y,240044221,MONTGOMERY,Property Damage Crash,09/17/2024 06:28:00 AM,County Route,HEWITT AVE,,,,,Angle,Rain,Wet,Dark - Lighted,No Controls,"Not Suspect of Alcohol Use, Not Suspect of Drug Use",,9F0606F0-4024-46F1-BF12-0BAAE393155E,No,No Apparent Injury,,Unknown,MD,87012DC4-68F3-4125-8507-01E9515F1CC1,Disabling,Eleven O Clock,Passenger Car,Turning Left,Westbound,25,No,No,2022,TOYOTA,CAMRY,39.07816568,-77.06985817,"(39.07816568, -77.06985817)"
MCP3311001H,230004370,Montgomery County Police,Property Damage Crash,01/26/2023 07:40:00 PM,Maryland (State),EAST WEST HWY,16TH ST,,N/A,,HEAD ON LEFT TURN,CLEAR,DRY,DARK LIGHTS ON,TRAFFIC SIGNAL,N/A,,D8D16929-7E3A-4F7E-8E54-A52A2C14C342,No,NO APPARENT INJURY,N/A,NOT DISTRACTED,MD,3E6463FB-B557-415F-9C6F-DDFA6EDE1494,DISABLING,TWELVE OCLOCK,PASSENGER CAR,MOVING CONSTANT SPEED,West,35,No,No,2003,INFINITI,G35,38.99469015,-77.0363022,"(38.99469015, -77.0363022)"
MCP1580002V,15009974,Montgomery County Police,Injury Crash,03/03/2015 07:12:00 AM,County,BRINK RD,COZY CT,,N/A,,STRAIGHT MOVEMENT ANGLE,CLEAR,DRY,DAYLIGHT,NO CONTROLS,NONE DETECTED,,FF8D317B-682D-4256-BB1A-1802DFE5CF82,Yes,NO APPARENT INJURY,N/A,UNKNOWN,MD,40EEC7DC-C6FE-4791-AF24-14B28546C745,FUNCTIONAL,NINE OCLOCK,PASSENGER CAR,MAKING LEFT TURN,North,35,No,No,2013,CHEVY,CRUZE,39.20104833,-77.193125,"(39.20104833, -77.193125)"
MCP23460005,17002070,Montgomery County Police,Property Damage Crash,01/12/2017 06:23:00 PM,Maryland (State),CLARKSBURG RD,RAMP 1 FR RAMP 4 (FR IS270) TO MD 121 WB,,N/A,,HEAD ON LEFT TURN,CLEAR,DRY,DARK LIGHTS ON,TRAFFIC SIGNAL,NONE DETECTED,,E36028A1-7699-4B89-B29E-AD9ABF11312D,No,NO APPARENT INJURY,N/A,NOT DISTRACTED,MD,01614065-E794-49FF-BE80-8BCA9EDADCC3,FUNCTIONAL,TEN OCLOCK,PASSENGER CAR,MOVING CONSTANT SPEED,North,40,No,No,2006,HOND,SUV,39.23300833,-77.283645,"(39.23300833, -77.283645)"