Report Number,Local Case Number,Agency Name,ACRS Report Type,Crash Date/Time,Route Type,Road Name,Cross-Street Name,Off-Road Description,Municipality,Related Non-Motorist,Collision Type,Weather,Surface Condition,Light,Traffic Control,Driver Substance Abuse,Non-Motorist Substance Abuse,Person ID,Driver At Fault,Injury Severity,Circumstance,Driver Distracted By,Drivers License State,Vehicle ID,Vehicle Damage Extent,Vehicle First Impact Location,Vehicle Body Type,Vehicle Movement,Vehicle Going Dir,Speed Limit,Driverless Vehicle,Parked Vehicle,Vehicle Year,Vehicle Make,Vehicle Model,Latitude,Longitude,Location
MCP3058003X,200046721,Montgomery County Police,Injury Crash,11/26/2020 04:35:00 PM,Maryland (State),MUNCASTER MILL RD,NEEDWOOD RD,,N/A,,SAME DIR REAR END,CLOUDY,DRY,DAYLIGHT,NO CONTROLS,NONE DETECTED,,60F712B8-8BCA-46F4-BA4A-2AA1035C14F5,Yes,SUSPECTED MINOR INJURY,N/A,INATTENTIVE OR LOST IN THOUGHT,MD,5E0D0291-8D38-4824-845D-0202A463AE10,DISABLING,ELEVEN OCLOCK,PASSENGER CAR,SLOWING OR STOPPING,North,35,No,No,2012,CHEVY,MALIBU,39.13296167,-77.12157833,"(39.13296167, -77.12157833)"
MCP0036003D,15064469,MONTGOMERY,Injury Crash,12/17/2015 11:48:00 AM,Maryland (State),GERMANTOWN RD,DAWSON FARM RD,,N/A,,SAME DIR REAR END,RAINING,WET,DAYLIGHT,N/A,NONE DETECTED,,5EC00FDE-7ADA-413A-8F24-CA619EFC788C,Yes,NO APPARENT INJURY,"RAIN, SNOW, WET",LOOKED BUT DID NOT SEE,MD,629B2144-CB88-497D-BCEB-F52E08A93202,DISABLING,TWELVE OCLOCK,PASSENGER CAR,MOVING CONSTANT SPEED,North,45,No,No,1992,BUICK,2D,39.16886995,-77.27931798,"(39.16886995, -77.27931798)"
MCP2425007C,16045971,Montgomery County Police,Injury Crash,09/08/2016 11:30:00 AM,Maryland (State),GEORGIA AVE,DEXTER AVE,,N/A,,STRAIGHT MOVEMENT ANGLE,CLEAR,DRY,DAYLIGHT,NO CONTROLS,NONE DETECTED,,A4F7ECA6-0B9B-4773-AB6D-85CA23BB7376,Yes,POSSIBLE INJURY,N/A,UNKNOWN,MD,AEF4020B-1525-4342-9D7D-AF6B9BA052D5,FUNCTIONAL,THREE OCLOCK,PASSENGER CAR,MAKING LEFT TURN,North,35,No,No,2007,HONDA,CRV,39.02218333,-77.04535833,"(39.02218333, -77.04535833)"
MCP33880010,240015253,MONTGOMERY,Property Damage Crash,04/01/2024 09:07:00 PM,County Route,FENTON ST,SILVER SPRING AVE,,,,Other,Clear,Dry,Dark - Lighted,Traffic Control Signal,"Not Suspect of Alcohol Use, Not Suspect of Drug Use",,B9BABA02-2F58-4302-A0FC-9F45AE4E9CCF,Yes,No Apparent Injury,,Not Distracted,NJ,A50C826D-8383-4FE1-9EBB-169C53B39907,Superficial,Eight O Clock,Other Trucks,Turning Left,,30,No,No,2008,UNKNOWN,UNKNOWN,38.9916133,-77.02404562,"(38.9916133, -77.02404562)"
MCP28370010,16027769,Montgomery County Police,Injury Crash,06/03/2016 01:15:00 PM,County,CRABBS BRANCH WAY,ENT TO MONT CO DEPT OF TRANS,,N/A,,ANGLE MEETS LEFT TURN,CLEAR,DRY,DAYLIGHT,NO CONTROLS,N/A,,BD77F16D-2E8A-407D-B8CC-60EECC588ADC,No,NO APPARENT INJURY,N/A,NOT DISTRACTED,MD,22013672-701D-4636-B2D2-725D4D5FDB95,SUPERFICIAL,NINE OCLOCK,PASSENGER CAR,MOVING CONSTANT SPEED,South,40,No,No,1994,TOYOTA,TERCEL,39.12956333,-77.16704833,"(39.12956333, -77.16704833)"
MCP2752005H,230033580,Montgomery County Police,Property Damage Crash,07/14/2023 03:42:00 PM,,,,"REAR PARKING LOT OF FIRE STATION LOCATED AT 8001 RIVER ROAD, BETHESDA, MD",,,SINGLE VEHICLE,CLEAR,,DAYLIGHT,NO CONTROLS,NONE DETECTED,,25A076EE-8354-40A8-8FCF-F2AD7A9F9E52,Yes,NO APPARENT INJURY,N/A,UNKNOWN,VA,1976CD33-7268-4BD5-B4AD-1226C718451D,SUPERFICIAL,FIVE OCLOCK,FIRE VEHICLE/EMERGENCY,MAKING RIGHT TURN,West,5,No,No,2020,PIERCE,FIRE TRUCK,38.99487166,-77.16403782,"(38.99487166, -77.16403782)"
MCP3002001M,17014736,Montgomery County Police,Property Damage Crash,03/22/2017 08:30:00 PM,Maryland (State),WISCONSIN AVE,WOODMONT AVE,,N/A,,SAME DIR REAR END,N/A,DRY,DARK LIGHTS ON,N/A,NONE DETECTED,,A641C70A-18A9-463E-8FED-CE39FE8B092A,No,NO APPARENT INJURY,N/A,NOT DISTRACTED,WV,108FFCEF-7C5E-48B7-A11A-FB71E56CC210,SUPERFICIAL,SIX OCLOCK,PASSENGER CAR,STOPPED IN TRAFFIC LANE,North,25,No,No,2004,TOYOTA,SOLARA,39.26356833,-77.17564167,"(39.26356833, -77.17564167)"
DM8451000S,16015029,Takoma Park Police Depart,Injury Crash,03/30/2016 09:19:00 AM,Maryland (State),NEW HAMPSHIRE AVE,UNIVERSITY BLVD,,N/A,,SAME DIR REAR END,CLEAR,DRY,DAYLIGHT,N/A,N/A,,A16E6336-0006-4147-949E-246FAC43155C,No,POSSIBLE INJURY,N/A,NOT DISTRACTED,MD,89FAA326-DA6E-4413-ADC3-4376D5258460,SUPERFICIAL,SIX OCLOCK,PASSENGER CAR,MOVING CONSTANT SPEED,South,35,No,No,1999,MERZ,TK,38.98842694,-76.98784232,"(38.98842694, -76.98784232)"
MCP2937004G,220031498,Montgomery County Police,Injury Crash,07/21/2022 09:45:00 PM,County,BRIGGS CHANEY RD,RAMP 2 FR MD 200 WB TO BRIGGS CHANEY RD,,N/A,,STRAIGHT MOVEMENT ANGLE,CLEAR,DRY,DARK LIGHTS ON,TRAFFIC SIGNAL,NONE DETECTED,,A1BD9660-3450-4DBE-9A0D-AEF8895CA8A6,No,SUSPECTED MINOR INJURY,N/A,NOT DISTRACTED,MD,7D875CD5-08E8-46AC-92F2-3C33B88A7510,DISABLING,NINE OCLOCK,PASSENGER CAR,ACCELERATING,South,35,No,No,2016,TOYOTA,4S,39.06948833,-76.95633833,"(39.06948833, -76.95633833)"
EJ78330049,180013079,Gaithersburg Police Depar,Property Damage Crash,03/15/2018 08:30:00 PM,County,EMORY GROVE RD,HIDDEN FIELD DR,,GAITHERSBURG,,SAME DIR REAR END,N/A,DRY,DARK LIGHTS ON,NO CONTROLS,NONE DETECTED,,5D8D65C6-2C19-4856-AA25-70C0B412F2D1,No,NO APPARENT INJURY,N/A,NOT DISTRACTED,MD,67199C12-454E-4456-85EA-F6ED08C60A15,SUPERFICIAL,SIX OCLOCK,PASSENGER CAR,SLOWING OR STOPPING,South,25,No,No,2017,CHEV,TRAVERSE,39.159445,-77.18863167,"(39.159445, -77.18863167)"
EJ7889003F,230000960,Gaithersburg Police Depar,Property Damage Crash,01/06/2023 04:55:00 PM,Maryland (State),QUINCE ORCHARD RD,RAMP 7 FR MD 124 WB TO IS 270 SB,,N/A,,SAME DIR REAR END,N/A,DRY,DUSK,NO CONTROLS,NONE DETECTED,,27D2C9F6-37D8-402B-82C3-D418C0AD6387,No,NO APPARENT INJURY,N/A,NOT DISTRACTED,MD,A8B7FA75-7E1B-45BF-8D18-E242BEC9A956,FUNCTIONAL,SIX OCLOCK,PASSENGER CAR,MOVING CONSTANT SPEED,South,30,No,No,2015,INFI,UT,39.14836132,-77.21807022,"(39.14836132, -77.21807022)"
MCP24370015,15054551,MONTGOMERY,Injury Crash,10/27/2015 03:48:00 PM,County,LIVINGSTON ST,TERRAPIN RD,,N/A,PEDESTRIAN,SINGLE VEHICLE,CLOUDY,DRY,DAYLIGHT,NO CONTROLS,NONE DETECTED,NONE DETECTED,7F84F2E2-F8E3-4805-9797-FAC6A7E5C402,No,NO APPARENT INJURY,N/A,NOT DISTRACTED,MD,403EADF7-2382-4CC5-A35D-C6D2CA535043,NO DAMAGE,ELEVEN OCLOCK,PASSENGER CAR,MOVING CONSTANT SPEED,East,25,No,No,2002,HONDA,ODYSSEY,39.06034833,-77.05446833,"(39.06034833, -77.05446833)"
MCP26980010,15030280,Montgomery County Police,Property Damage Crash,06/21/2015 11:19:00 AM,Maryland (State),LAYHILL RD,BAUGHMAN DR,,N/A,,SAME DIR REAR END,CLEAR,DRY,DAYLIGHT,NO CONTROLS,NONE DETECTED,,8A399DC9-38D3-4E30-8FEA-D939EA9227E8,No,NO APPARENT INJURY,N/A,NOT DISTRACTED,MD,01B08376-36A2-4804-AC37-3CF350943153,SUPERFICIAL,SIX OCLOCK,PASSENGER CAR,STOPPED IN TRAFFIC LANE,North,40,No,No,2003,NISSAN,ALTIMA,39.10381,-77.03921,"(39.10381, -77.03921)"
MCP2395002M,240050622,MONTGOMERY,Property Damage Crash,10/22/2024 07:49:00 PM,County Route,GAINSBOROUGH RD,,,,,Front to Rear,Clear,Dry,Dark - Lighted,No Controls,"Not Suspect of Alcohol Use, Not Suspect of Drug Use",,8ECF8201-D504-423D-BBDE-C1BE22ABA3D4,No,No Apparent Injury,,Not Distracted,WV,5C527B34-4D83-4F3A-8020-F1E82569ADF8,Superficial,Twelve O Clock,Van - Passenger (&lt;9 Seats),Parked,,25,No,Yes,2023,CHRYSLER,PACIFICA,39.04652333,-77.16634167,"(39.04652333, -77.16634167)"
DD55290017,16009247,Rockville Police Departme,Injury Crash,02/24/2016 02:19:00 PM,Maryland (State),HUNGERFORD DR,A ST,,ROCKVILLE,,STRAIGHT MOVEMENT ANGLE,CLEAR,DRY,DAYLIGHT,TRAFFIC SIGNAL,NONE DETECTED,,2E804560-1DC2-4932-8E57-DD4AF1678C02,No,SUSPECTED MINOR INJURY,N/A,NOT DISTRACTED,MD,B3CEFC89-FB97-4368-AFC6-4FC8F670C545,DISABLING,TWO OCLOCK,(SPORT) UTILITY VEHICLE,STARTING FROM LANE,East,40,No,No,2010,LEXUS,RX 350,39.08147333,-77.144495,"(39.08147333, -77.144495)"
MCP2008002B,16028375,Montgomery County Police,Property Damage Crash,06/06/2016 03:55:00 PM,Maryland (State),ROCKVILLE PIKE,SOUTHWOOD DR,,N/A,,SAME DIRECTION SIDESWIPE,CLEAR,DRY,DAYLIGHT,N/A,NONE DETECTED,,E4907F35-5BB5-4A27-AC04-60C408851B46,Yes,NO APPARENT INJURY,N/A,NOT DISTRACTED,MD,723DB853-75BD-4A3C-9DB3-4CF01B69F9E3,SUPERFICIAL,ONE OCLOCK,POLICE VEHICLE/EMERGENCY,PASSING,North,35,No,No,2007,DODGE,CHARGER,39.00080833,-77.097105,"(39.00080833, -77.097105)"
MCP1500000C,15006296,Montgomery County Police,Injury Crash,02/07/2015 05:32:00 PM,Maryland (State),NEW HAMPSHIRE AVE,WOLF DR,,N/A,,SAME DIR REAR END,CLEAR,DRY,DAYLIGHT,TRAFFIC SIGNAL,NONE DETECTED,,1DD9C717-1656-4E6C-8A5D-ACB4E8892799,No,POSSIBLE INJURY,N/A,NOT DISTRACTED,MD,DBAF9A0C-BD11-4975-AE1D-0A67B2890ACD,FUNCTIONAL,SIX OCLOCK,PASSENGER CAR,STOPPED IN TRAFFIC LANE,South,40,No,No,2014,HYUNDAI,UU,39.073555,-77.00274667,"(39.073555, -77.00274667)"
MCP0617002P,200015705,Montgomery County Police,Injury Crash,04/11/2020 03:10:00 PM,Maryland (State),OLNEY LAYTONSVILLE RD,MUNCASTER RD,,N/A,,STRAIGHT MOVEMENT ANGLE,CLEAR,DRY,DAYLIGHT,NO CONTROLS,NONE DETECTED,,1EC206AA-964D-40CF-A35F-0E2B930E9B6E,Yes,NO APPARENT INJURY,N/A,NOT DISTRACTED,MD,3052EE34-64DC-4B01-8AF0-A1AA3D8D9F1E,FUNCTIONAL,ELEVEN OCLOCK,PICKUP TRUCK,MAKING LEFT TURN,South,50,No,No,2007,FORD,F150,39.14921167,-77.06649833,"(39.14921167, -77.06649833)"
MCP3123001Z,210003604,Montgomery County Police,Property Damage Crash,01/28/2021 05:53:00 PM,County,MONTROSE RD,TOWER OAKS BLVD,,ROCKVILLE,,HEAD ON LEFT TURN,CLEAR,DRY,DARK LIGHTS ON,TRAFFIC SIGNAL,NONE DETECTED,,3F78A389-9E41-4954-B34F-50E4A73419F0,No,NO APPARENT INJURY,N/A,NOT DISTRACTED,MD,02F073FC-7765-47CA-B90B-ACCEEE637AE8,DISABLING,ONE OCLOCK,"OTHER LIGHT TRUCKS (10,000LBS (4,536KG) OR LESS)",MAKING LEFT TURN,East,45,No,No,2015,TOYOTA,TACOMA,39.055681,-77.14924683,"(39.055681, -77.14924683)"
MCP32890046,250024833,MONTGOMERY,Property Damage Crash,06/04/2025 10:44:00 AM,Maryland (State) Route,ROCKVILLE PIKE,,,,,Front to Rear,Clear,Dry,Daylight,No Controls,"Not Suspect of Alcohol Use, Not Suspect of Drug Use",,845DB465-CB61-49E4-A38D-B07227871E9E,No,No Apparent Injury,Followed Too Closely,Not Distracted,MD,6CCA5C5A-F131-43BB-80B3-A3C38661ED6E,Disabling,Twelve O Clock,Passenger Car,Slowing or Stopping,Northbound,40,No,No,2012,HONDA,CR-V,39.04099867,-77.109889,"(39.04099867, -77.109889)"
MCP20090017,200011630,Montgomery County Police,Property Damage Crash,03/09/2020 04:00:00 PM,Interstate (State),EISENHOWER MEMORIAL HWY,OLD GEORGETOWN RD,,N/A,,SAME DIR REAR END,CLEAR,DRY,DAYLIGHT,N/A,NONE DETECTED,,D63474A4-3344-42E6-A37D-16241D5CCCDF,No,NO APPARENT INJURY,N/A,NOT DISTRACTED,PA,49A7AA54-3B10-4BAA-BB46-1D17A9B9E8C7,SUPERFICIAL,SIX OCLOCK,PICKUP TRUCK,MOVING CONSTANT SPEED,North,55,No,No,2016,GMC,SIERRA,39.02954667,-77.11932833,"(39.02954667, -77.11932833)"
MCP30600010,180003560,Montgomery County Police,Property Damage Crash,01/22/2018 06:32:00 AM,Maryland (State),CONNECTICUT AVE,LELAND ST,,CHEVY CHASE #5,,STRAIGHT MOVEMENT ANGLE,CLEAR,WET,DARK LIGHTS ON,STOP SIGN,N/A,,D11EB581-72A5-465E-AA53-EC6257E62AD3,Yes,NO APPARENT INJURY,"N/A, WET",UNKNOWN,MD,6AE21FED-16AC-4CC6-83D8-BA2FF5AF18BF,FUNCTIONAL,TWELVE OCLOCK,PASSENGER CAR,MAKING LEFT TURN,West,15,No,No,2009,TOYOTA,COROLLA,38.985585,-77.076855,"(38.985585, -77.076855)"
MCP13110009,16028720,Montgomery County Police,Property Damage Crash,06/08/2016 03:57:00 AM,County,CATTAIL RD,CATTAIL LA,,N/A,,SINGLE VEHICLE,CLEAR,DRY,DARK NO LIGHTS,N/A,UNKNOWN,,A075C5E0-DB28-4968-BDE0-87CDC92FAAC8,Yes,NO APPARENT INJURY,N/A,NO DRIVER PRESENT,MD,06CA13A8-5699-4241-A477-416BEE7DF485,DESTROYED,TWELVE OCLOCK,(SPORT) UTILITY VEHICLE,MOVING CONSTANT SPEED,South,30,No,No,2015,NISSAN,SUV,39.15154,-77.39136667,"(39.15154, -77.39136667)"
MCP11740044,200000840,Montgomery County Police,Property Damage Crash,01/06/2020 09:00:00 AM,Maryland (State),WISCONSIN AVE,COMMERCE LA,,N/A,,SAME DIR REAR END,CLEAR,DRY,DAYLIGHT,NO CONTROLS,NONE DETECTED,,16AF89F9-AEC2-496F-86DC-059AB70DDC0F,Yes,NO APPARENT INJURY,N/A,NOT DISTRACTED,MD,A4BA0808-1FC2-4B8D-9638-788AE210AC28,DISABLING,TWELVE OCLOCK,PASSENGER CAR,SLOWING OR STOPPING,South,25,No,No,2017,KIA,SUV,38.98945007,-77.09117746,"(38.98945007, -77.09117746)"
MCP2107002F,190026659,Montgomery County Police,Property Damage Crash,06/04/2019 01:32:00 PM,County,RANWORTH DR,TATTERSHALL DR,,N/A,,SAME DIR REAR END,CLEAR,DRY,DAYLIGHT,NO CONTROLS,NONE DETECTED,,073E8D7E-7C6E-45AA-93DD-DE720D0F68D0,No,NO APPARENT INJURY,N/A,NOT DISTRACTED,MD,0F5B2B0F-F6FF-4D9D-91CD-241B4A4224A4,SUPERFICIAL,SIX OCLOCK,"CARGO VAN/LIGHT TRUCK 2 AXLES (OVER 10,000LBS (4,536 KG))",PARKED,,30,No,Yes,2001,FREIGHTLINER,TRUCK,39.176635,-77.29377667,"(39.176635, -77.29377667)"
MCP15500041,220055922,Montgomery County Police,Property Damage Crash,12/17/2022 01:46:00 PM,County,WOODMONT AVE,BETHESDA AVE,,N/A,,OTHER,CLEAR,DRY,DAYLIGHT,NO CONTROLS,NONE DETECTED,,D84038D5-4444-44B6-A54A-A11CDD12294F,No,NO APPARENT INJURY,N/A,NOT DISTRACTED,MD,7C08A3D4-B04A-4707-A14A-DD88C4DD3910,DISABLING,ONE OCLOCK,PASSENGER CAR,STARTING FROM PARKED,North,30,No,No,2013,TOYOTA,PRIUS,38.98144333,-77.09525167,"(38.98144333, -77.09525167)"
MCP1378009F,16022033,Montgomery County Police,Injury Crash,05/04/2016 01:54:00 PM,Maryland (State),W DIAMOND AVE,MEEM AVE,,GAITHERSBURG,,STRAIGHT MOVEMENT ANGLE,CLOUDY,DRY,DAYLIGHT,STOP SIGN,NONE DETECTED,,ADC67D7C-632E-42C0-886E-9E05A50CAE26,Yes,NO APPARENT INJURY,N/A,NOT DISTRACTED,MD,FC95D246-9487-46AA-BAF8-E98A9DBF2BF7,DISABLING,ELEVEN OCLOCK,PASSENGER CAR,MAKING LEFT TURN,North,30,No,No,2008,CHEV,IMPALA,39.14058667,-77.20222,"(39.14058667, -77.20222)"
MCP27490029,180036410,Montgomery County Police,Injury Crash,07/23/2018 11:05:00 AM,County,E RANDOLPH RD,NEW HAMPSHIRE AVE,,N/A,PEDESTRIAN,SINGLE VEHICLE,CLOUDY,WET,DAYLIGHT,N/A,NONE DETECTED,NONE DETECTED,D4D8408C-4F7C-411C-BCC2-2F00A6FABD63,Yes,NO APPARENT INJURY,"N/A, WET",UNKNOWN,MD,C6F8C32F-F28F-4547-AED6-1DB14C094752,SUPERFICIAL,TWELVE OCLOCK,(SPORT) UTILITY VEHICLE,MOVING CONSTANT SPEED,West,40,No,No,2010,TOYOTA,HIGHLANDER,39.07577,-77.00072333,"(39.07577, -77.00072333)"
MCP2954000G,15023428,Montgomery County Police,Property Damage Crash,05/16/2015 09:01:00 AM,,,,7-11 parking lot at 650 University Blvd E,,,STRAIGHT MOVEMENT ANGLE,CLEAR,,DAYLIGHT,N/A,NONE DETECTED,,58B8CF5F-DEFC-45D6-90CD-E38408C23B4E,Unknown,NO APPARENT INJURY,N/A,UNKNOWN,MD,A7303FED-B69E-4E8F-BC87-90EA5C4F4F89,SUPERFICIAL,FIVE OCLOCK,PASSENGER CAR,STARTING FROM PARKED,North,5,No,No,1993,HONDA,ACCORD,39.00032667,-76.99515667,"(39.00032667, -76.99515667)"
MCP27260066,210041741,Montgomery County Police,Injury Crash,10/18/2021 07:03:00 AM,County,SHADY GROVE RD,BEGIN BRIDGE,,N/A,,SAME DIR REAR END,CLEAR,DRY,DAWN,TRAFFIC SIGNAL,NONE DETECTED,,2FCA02C1-933B-4670-9E16-9BCE474BB7B4,No,POSSIBLE INJURY,N/A,NOT DISTRACTED,MD,654139B1-FA98-4C92-9DCE-3BA7DBB94AF2,DISABLING,SIX OCLOCK,PASSENGER CAR,SLOWING OR STOPPING,South,40,No,No,2021,SUBARU,ASCENT,39.10976517,-77.1881195,"(39.10976517, -77.1881195)"
MCP2008006R,190052445,Montgomery County Police,Injury Crash,10/31/2019 03:47:00 PM,County,SEVEN LOCKS RD,LONESOME PINE LA,,N/A,,HEAD ON,CLOUDY,WET,DAYLIGHT,NO CONTROLS,NONE DETECTED,,4F2DB851-D735-4A85-911D-D574F3713D7E,Yes,NO APPARENT INJURY,N/A,OTHER DISTRACTION,MD,6DDFD64F-41E9-4458-A40C-9FAA35E05E00,DISABLING,TWELVE OCLOCK,PASSENGER CAR,MOVING CONSTANT SPEED,South,35,No,No,2019,AUDI,4S,38.99633167,-77.16046833,"(38.99633167, -77.16046833)"
DD5644000L,200043729,Rockville Police Departme,Property Damage Crash,11/05/2020 06:00:00 PM,Maryland (State),HUNGERFORD DR,COLLEGE PKWY,,ROCKVILLE,,SAME DIRECTION SIDESWIPE,CLEAR,DRY,DARK LIGHTS ON,NO CONTROLS,NONE DETECTED,,26341530-EAF0-435F-9F00-208E67135A29,Yes,NO APPARENT INJURY,N/A,LOOKED BUT DID NOT SEE,DC,FB372CB7-F7EF-41A8-900B-ECC317C80BEC,FUNCTIONAL,ONE OCLOCK,"OTHER LIGHT TRUCKS (10,000LBS (4,536KG) OR LESS)",MOVING CONSTANT SPEED,South,40,No,No,2020,POSTAL,TRUCK,39.10325028,-77.15579301,"(39.10325028, -77.15579301)"
MCP33370010,220055757,Montgomery County Police,Property Damage Crash,12/17/2022 03:19:00 PM,Maryland (State),CONNECTICUT AVE,INDEPENDENCE ST,,N/A,,HEAD ON,CLEAR,DRY,DAYLIGHT,NO CONTROLS,NONE DETECTED,,ECC43935-77D7-40A2-9D96-87A6EBE68F7B,No,NO APPARENT INJURY,N/A,NOT DISTRACTED,VA,D034B30B-8E9C-43A5-A385-4CBB8679E678,SUPERFICIAL,SIX OCLOCK,PASSENGER CAR,PARKED,,25,No,Yes,2010,HONDA,ACCORD,39.05838667,-77.04786783,"(39.05838667, -77.04786783)"
MCP3070001J,200029338,Montgomery County Police,Property Damage Crash,07/28/2020 02:30:00 PM,Maryland (State),WISCONSIN AVE,CORDELL AVE,,N/A,,SAME DIRECTION SIDESWIPE,CLEAR,DRY,DAYLIGHT,NO CONTROLS,N/A,,85B7B3AC-F3C7-4FA5-9605-39F686F95275,Yes,NO APPARENT INJURY,N/A,LOOKED BUT DID NOT SEE,MD,D784CCE4-09AA-4591-B168-FA7C94E7C907,SUPERFICIAL,ELEVEN OCLOCK,PASSENGER CAR,MOVING CONSTANT SPEED,South,25,No,No,2016,MERCEDES,4D,38.99004833,-77.09557833,"(38.99004833, -77.09557833)"
MCP26150015,16027443,Montgomery County Police,Property Damage Crash,06/01/2016 08:09:00 PM,US (State),COLUMBIA PIKE,RAMP 4 FR US 29 NB TO MD 198 EB,,N/A,,SINGLE VEHICLE,CLEAR,DRY,DARK LIGHTS ON,NO CONTROLS,ILLEGAL DRUG PRESENT,,4558C2C1-E264-48D0-9C25-2AC497C5C193,Yes,NO APPARENT INJURY,N/A,NOT DISTRACTED,MD,011F1019-302B-4F7C-A8FB-710638FE4ADD,SUPERFICIAL,ONE OCLOCK,PASSENGER CAR,MOVING CONSTANT SPEED,North,55,No,No,0,TOYOTA,CAMRY,39.10903857,-76.93027943,"(39.10903857, -76.93027943)"
MCP209400HX,210045169,Montgomery County Police,Property Damage Crash,11/08/2021 08:18:00 AM,Interstate (State),CABIN JOHN PKWY,CROSSOVER,,N/A,,OTHER,CLEAR,DRY,DAYLIGHT,NO CONTROLS,NONE DETECTED,,D8DF396F-4A98-4979-B7B5-94CB8BF42401,No,NO APPARENT INJURY,N/A,NOT DISTRACTED,MD,E8355CA8-B436-4C9A-8B03-8A701F5B62D7,DISABLING,TWELVE OCLOCK,(SPORT) UTILITY VEHICLE,MOVING CONSTANT SPEED,South,55,No,No,2011,MERZ,ML350,38.980375,-77.15479167,"(38.980375, -77.15479167)"
MCP29140097,190036038,Montgomery County Police,Property Damage Crash,07/28/2019 10:56:00 PM,US (State),COLESVILLE RD,DALE DR,,N/A,,SAME DIR REAR END,CLEAR,N/A,DARK LIGHTS ON,TRAFFIC SIGNAL,N/A,,79764FB3-A270-4C2D-9CFC-7CCE3E204CDE,Yes,NO APPARENT INJURY,N/A,NOT DISTRACTED,MD,5F492BA7-803D-4F83-A100-9AF2C03F8831,SUPERFICIAL,TWELVE OCLOCK,PASSENGER CAR,SLOWING OR STOPPING,North,35,No,No,2017,LEXUS,GX460,39.00514636,-77.02293108,"(39.00514636, -77.02293108)"
MCP93220024,250014623,MONTGOMERY,Property Damage Crash,04/04/2025 02:28:00 AM,Maryland (State) Route,,,,,,Single Vehicle,Rain,Wet,Dark - Not Lighted,No Controls,"Not Suspect of Alcohol Use, Not Suspect of Drug Use",,7755ECCF-9387-4898-A9F6-9CF0E589A1B6,No,No Apparent Injury,"Swerved or Avoided Due to Wind, Slippery Surface, Motor Vehicle, Object, Non-Motorist in Roadway, etc",Not Distracted,MD,E40CCC5B-6B32-4A87-8ED7-CC5EE35272C1,Disabling,Twelve O Clock,Passenger Car,Moving Constant Speed,Eastbound,40,No,No,2011,HONDA,ACCORD,39.16810252,-77.08687619,"(39.16810252, -77.08687619)"
MCP3330002J,240058510,MONTGOMERY,Property Damage Crash,12/07/2024 09:16:00 AM,County Route,BLUERIDGE AVE,,,,,"Sideswipe, Same Direction",Clear,Dry,Daylight,No Controls,"Not Suspect of Alcohol Use, Not Suspect of Drug Use",,7CCFAB62-2348-428D-B273-C505B6EBB4EE,Yes,No Apparent Injury,,Unknown,MD,9886B493-D81B-435E-9655-35D13B0804A7,Functional,One O Clock,Passenger Car,Moving Constant Speed,Westbound,25,No,No,2023,CHEVROLET,CAMARO,39.04303056,-77.04892463,"(39.04303056, -77.04892463)"
MCP2118000S,190057488,Montgomery County Police,Injury Crash,11/28/2019 10:26:00 PM,Maryland (State),RIDGE RD,FREDERICK RD,,N/A,,SAME DIR REAR END,CLEAR,DRY,DARK LIGHTS ON,TRAFFIC SIGNAL,NONE DETECTED,,5232D1FA-A9D9-4A3B-8721-DB937D5900F6,Yes,POSSIBLE INJURY,N/A,NOT DISTRACTED,MD,3287E150-5162-4941-BB0D-191DCA5E508A,FUNCTIONAL,TWELVE OCLOCK,PASSENGER CAR,ACCELERATING,North,45,No,No,2013,FORD,TK,39.2047592,-77.24589065,"(39.2047592, -77.24589065)"
MCP32580039,230028856,Montgomery County Police,Property Damage Crash,06/15/2023 04:46:00 PM,Maryland (State),GEORGIA AVE,UNIVERSITY BLVD W,,N/A,,SAME DIRECTION SIDESWIPE,CLEAR,DRY,DAYLIGHT,TRAFFIC SIGNAL,NONE DETECTED,,C801A389-1334-4C9D-90CF-063D5412228F,No,NO APPARENT INJURY,N/A,NOT DISTRACTED,MD,6562838A-8159-45EC-967E-2CBA0E85313C,DISABLING,ONE OCLOCK,PASSENGER CAR,MOVING CONSTANT SPEED,North,25,No,No,2016,TOYT,TK,39.041275,-77.05161333,"(39.041275, -77.05161333)"
EJ78510053,190053154,Gaithersburg Police Depar,Injury Crash,11/04/2019 06:20:00 PM,Maryland (State),S FREDERICK RD,PEONY DR,,GAITHERSBURG,,SAME DIR REAR END,CLEAR,DRY,DARK LIGHTS ON,TRAFFIC SIGNAL,NONE DETECTED,,1685948B-9ED1-4AC2-93C9-B9455F56CAF3,No,POSSIBLE INJURY,N/A,NOT DISTRACTED,MD,7293C6FF-E0F9-490A-8877-8C4A11DE871A,FUNCTIONAL,SIX OCLOCK,PASSENGER CAR,SLOWING OR STOPPING,North,30,No,No,2004,TOYOTA,FORERUNNER,39.13672797,-77.19268061,"(39.13672797, -77.19268061)"