Report Number,Local Case Number,Agency Name,ACRS Report Type,Crash Date/Time,Route Type,Road Name,Cross-Street Name,Off-Road Description,Municipality,Related Non-Motorist,Collision Type,Weather,Surface Condition,Light,Traffic Control,Driver Substance Abuse,Non-Motorist Substance Abuse,Person ID,Driver At Fault,Injury Severity,Circumstance,Driver Distracted By,Drivers License State,Vehicle ID,Vehicle Damage Extent,Vehicle First Impact Location,Vehicle Body Type,Vehicle Movement,Vehicle Going Dir,Speed Limit,Driverless Vehicle,Parked Vehicle,Vehicle Year,Vehicle Make,Vehicle Model,Latitude,Longitude,Location
MCP3192001P,210001135,Montgomery County Police,Property Damage Crash,01/09/2021 06:17:00 PM,County,REPUBLIC RD,JAMAICA DR,,N/A,,SAME DIR REAR END,CLEAR,DRY,DARK NO LIGHTS,NO CONTROLS,N/A,,6CA5E519-8314-439B-9D18-88E432455F4F,Yes,NO APPARENT INJURY,N/A,UNKNOWN,MD,A7551FCC-5BF9-4F5A-AF9F-EB25BCEAA580,SUPERFICIAL,SIX OCLOCK,PASSENGER CAR,BACKING,West,25,No,No,2021,BMW,325I,39.03061283,-77.04059933,"(39.03061283, -77.04059933)"
DD56120020,180003877,Rockville Police Departme,Property Damage Crash,01/23/2018 04:00:00 PM,Maryland (State),HUNGERFORD DR,FREDERICK AVE #2,,ROCKVILLE,,SAME DIRECTION LEFT TURN,CLEAR,DRY,DAYLIGHT,TRAFFIC SIGNAL,NONE DETECTED,,44216FED-A118-4A8C-B8E3-BA6429F9313B,No,NO APPARENT INJURY,N/A,NOT DISTRACTED,XX,851E772C-5079-43A0-8720-563F97235BAF,DISABLING,TWELVE OCLOCK,PASSENGER CAR,MOVING CONSTANT SPEED,North,35,No,No,2007,TOYOTA,4S,39.09399833,-77.15338167,"(39.09399833, -77.15338167)"
MCP3073003D,190018387,Montgomery County Police,Injury Crash,04/19/2019 06:28:00 PM,County,WELLER RD,CONNECTICUT AVE,,N/A,,STRAIGHT MOVEMENT ANGLE,RAINING,WET,DAYLIGHT,TRAFFIC SIGNAL,N/A,,62C77D75-221F-4365-A0F8-FB1E81C0DD25,No,SUSPECTED SERIOUS INJURY,"N/A, WET",UNKNOWN,MD,D7A9868A-A94B-4180-BA1D-78FB890C784F,DISABLING,TWELVE OCLOCK,PASSENGER CAR,MOVING CONSTANT SPEED,North,45,No,No,2004,FORD,RANGER,39.06335,-77.07313167,"(39.06335, -77.07313167)"
MCP2228000D,180061843,Montgomery County Police,Injury Crash,12/11/2018 10:50:00 AM,County,BRIGGS CHANEY RD,ENT TO BRIGGS CHANEY OUTLETS,,N/A,,HEAD ON LEFT TURN,CLEAR,DRY,DAYLIGHT,NO CONTROLS,NONE DETECTED,,4CA0AE2D-CC02-40D4-AB19-DE8B05239E67,No,NO APPARENT INJURY,N/A,NOT DISTRACTED,DC,246DD4AA-B389-457C-ABB0-6C97E1831A95,SUPERFICIAL,TWELVE OCLOCK,PASSENGER CAR,MOVING CONSTANT SPEED,South,25,No,No,2018,AUDI,25,39.08266667,-76.94699,"(39.08266667, -76.94699)"
MCP3220001T,210047515,Montgomery County Police,Property Damage Crash,11/22/2021 07:08:00 PM,County,AIRPARK RD,WOODFIELD RD,,N/A,,SAME DIRECTION RIGHT TURN,CLEAR,DRY,DARK LIGHTS ON,TRAFFIC SIGNAL,NONE DETECTED,,BE188350-3B58-40A4-B99C-36B7E3407497,Unknown,NO APPARENT INJURY,N/A,UNKNOWN,MD,7B676017-9952-45B4-8B48-F7C61C6C7786,SUPERFICIAL,ELEVEN OCLOCK,PASSENGER CAR,RIGHT TURN ON RED,North,50,No,No,2018,TSLA,4S,39.169147,-77.15415357,"(39.169147, -77.15415357)"
DD5567002N,240004832,ROCKVILLE,Property Damage Crash,01/30/2024 02:59:00 PM,,,,"Parking Lot Way        PARKING LOT OF ROBERT FROST M.S, 9201 SCOTT DR ROCKVILLE MD 20850",,,"Sideswipe, Opposite Direction",Clear,,Daylight,,"Not Suspect of Alcohol Use, Not Suspect of Drug Use",,3A4294F8-8B03-4820-9EDC-E5869A0E64F8,No,No Apparent Injury,,Not Distracted,MD,D00A3EF0-462C-467C-9152-F2C250B761FB,Functional,One O Clock,Bus - School,Parked,,0,No,Yes,2012,THOMAS BUILT,SCHOOL BUS,39.07568038,-77.18806682,"(39.07568038, -77.18806682)"
DM8522002N,240037606,TAKOMA,Injury Crash,08/09/2024 02:36:00 PM,Municipality Route,ALLEY #4,NEW HAMPSHIRE AVE,,,,"Sideswipe, Same Direction",Cloudy,Wet,Daylight,Traffic Control Signal,"Not Suspect of Alcohol Use, Not Suspect of Drug Use",,97C5F86C-36D7-428A-AB5C-AF0E83ABF097,Yes,No Apparent Injury,,Not Distracted,MD,E6FA4F56-10A3-4A95-8DD1-0B158750E777,Superficial,One O Clock,Passenger Car,Accelerating,Westbound,15,No,No,2010,TOYOTA,4-RUNNER,38.98755214,-76.98769859,"(38.98755214, -76.98769859)"
DD5615002V,16066679,Rockville Police Departme,Property Damage Crash,12/27/2016 10:09:00 PM,Interstate (State),EISENHOWER MEMORIAL HWY,RAMP 4 FR IS 270 NB TO MD 189 EB,,N/A,,SAME DIR REAR END,CLEAR,DRY,DARK NO LIGHTS,YIELD SIGN,NONE DETECTED,,8BDB55A6-A968-4793-BD21-A2BFAA2FD0F1,Yes,NO APPARENT INJURY,N/A,NOT DISTRACTED,VA,0B799DB4-C18D-4234-A3E0-825C4921B19F,FUNCTIONAL,TWELVE OCLOCK,PASSENGER CAR,MOVING CONSTANT SPEED,North,25,No,No,2000,HONDA,ACCORD,39.07524333,-77.16329333,"(39.07524333, -77.16329333)"
MCP2987006S,210050476,Montgomery County Police,Property Damage Crash,12/12/2021 11:18:00 AM,Maryland (State),GEORGIA AVE,PLYERS MILL RD,,N/A,,STRAIGHT MOVEMENT ANGLE,CLEAR,DRY,DAYLIGHT,TRAFFIC SIGNAL,NONE DETECTED,,8249B92B-BD41-4BCB-BA12-C22DB97CD18D,Yes,NO APPARENT INJURY,N/A,UNKNOWN,MD,39A0DB16-6B46-4347-AB0D-6B46DF0A48F2,FUNCTIONAL,TWELVE OCLOCK,PASSENGER CAR,MOVING CONSTANT SPEED,South,45,No,No,2012,LINCOLN,MKZ,39.02968,-77.04823333,"(39.02968, -77.04823333)"
MCP15190029,170546478,Montgomery County Police,Injury Crash,12/04/2017 09:33:00 AM,Interstate (State),EISENHOWER MEMORIAL HWY,RAMP 6 FR MD 109 EB TO IS 270 SB,,N/A,,SAME DIR REAR END,CLEAR,DRY,DAYLIGHT,NO CONTROLS,NONE DETECTED,,395652D9-9E39-4E95-A2C1-8E2217DA838B,Yes,NO APPARENT INJURY,N/A,NOT DISTRACTED,WV,6BB9838C-E546-40B9-BC14-43386CD58970,FUNCTIONAL,TWELVE OCLOCK,PICKUP TRUCK,SLOWING OR STOPPING,South,55,No,No,2015,TOYOTA,TUNDRA,39.2606,-77.30898833,"(39.2606, -77.30898833)"
MCP30850020,190054961,Montgomery County Police,Property Damage Crash,11/14/2019 06:05:00 PM,County,SEVEN LOCKS RD,CHARLESTON DR,,N/A,,SAME DIR REAR END,CLEAR,DRY,DARK LIGHTS ON,NO CONTROLS,NONE DETECTED,,28E6C7D0-9424-457B-B54A-ECEFF74AD67F,No,NO APPARENT INJURY,N/A,NOT DISTRACTED,DC,667C59BC-AF0B-42A7-82A6-8212D6631847,DISABLING,SIX OCLOCK,PASSENGER CAR,SLOWING OR STOPPING,South,35,No,No,2005,TOYOTA,COROLLA,39.01752667,-77.16084833,"(39.01752667, -77.16084833)"
EJ78980023,230072725,Gaithersburg Police Depar,Injury Crash,12/20/2023 10:10:00 AM,County,SHADY GROVE RD,EXIT #8,,N/A,,STRAIGHT MOVEMENT ANGLE,CLEAR,DRY,DAYLIGHT,TRAFFIC SIGNAL,NONE DETECTED,,B9F1BEC1-AF9E-4C1F-9BCE-7D016B5C0048,No,SUSPECTED MINOR INJURY,N/A,NOT DISTRACTED,MD,A17FA3E3-6CA4-4EF2-B8F6-4494CD09B868,DISABLING,NINE OCLOCK,PASSENGER CAR,MAKING LEFT TURN,East,25,No,No,2024,HONDA,ACCORD,39.10953311,-77.18834938,"(39.10953311, -77.18834938)"
MCP2689002H,16051142,Montgomery County Police,Property Damage Crash,08/26/2016 06:17:00 PM,Municipality,BALTIMORE RD,ENT TO ROCKVILLE HIGH SCHOOL,,N/A,,SAME DIR REAR END,CLEAR,DRY,DAYLIGHT,TRAFFIC SIGNAL,UNKNOWN,,B8F73614-C0F0-4B0D-A52A-85CA7995CD38,Yes,NO APPARENT INJURY,N/A,UNKNOWN,MD,706C7725-A848-4A46-96A6-35DE13B6F0D9,FUNCTIONAL,TWELVE OCLOCK,,UNKNOWN,East,25,No,No,0,UNKNOWN,UNKNOWN,39.08615878,-77.11691961,"(39.08615878, -77.11691961)"
MCP3201006V,240050023,MONTGOMERY,Property Damage Crash,10/19/2024 12:55:00 PM,,,,"Parking Lot Way        CAR WASH TUNNEL LOCATED AT 20440 GERMANTOWN ROAD GERMANTOWN, MD 20876",,,Front to Rear,Clear,,Daylight,,"Unknown, Unknown",,12CAEC14-7CC6-47B8-A0C3-31643CC8CA8F,Yes,No Apparent Injury,Other Improper Action,"Other Action (looking away from task, etc.)",MD,6345FC64-99A0-4210-9B4D-166FB57D3025,Functional,Six O Clock,Pickup,Slowing or Stopping,Eastbound,0,No,No,2012,FORD,F-150,39.19237758,-77.24395151,"(39.19237758, -77.24395151)"
MCP3195002C,210023223,Montgomery County Police,Injury Crash,06/17/2021 05:45:00 PM,County,E RANDOLPH RD,WITHAN DR,,N/A,,STRAIGHT MOVEMENT ANGLE,CLEAR,DRY,DAYLIGHT,STOP SIGN,NONE DETECTED,,5BDAA48F-D1A3-4FE9-9BD2-1F930BA94B09,Yes,NO APPARENT INJURY,N/A,LOOKED BUT DID NOT SEE,MD,69561F27-9C23-4C0E-A960-0377A16D3AF6,DISABLING,NINE OCLOCK,PASSENGER CAR,MAKING LEFT TURN,South,35,No,No,2019,TOYOTA,RAV4,39.06596583,-76.97383817,"(39.06596583, -76.97383817)"
MCP271700CK,170518615,Montgomery County Police,Property Damage Crash,07/12/2017 09:20:00 AM,County,WHISPERWOOD LA,CUL DE SAC,,N/A,,SAME DIRECTION SIDESWIPE,CLEAR,OTHER,DAYLIGHT,N/A,NONE DETECTED,,3EA5A90F-6440-4DE9-B9DA-831F7AA897CB,Yes,NO APPARENT INJURY,"N/A, ROAD UNDER CONSTRUCTION/MAINTENANCE",LOOKED BUT DID NOT SEE,WV,B1159D8A-3B67-4680-8E60-708BD1718606,SUPERFICIAL,ELEVEN OCLOCK,OTHER,OTHER,North,25,No,No,2006,EXCAVATOR,WORK VEHICLE,39.03905083,-77.13959367,"(39.03905083, -77.13959367)"
MCP3121002S,190060640,Montgomery County Police,Injury Crash,12/16/2019 06:25:00 PM,Municipality,RUSSELL AVE,CHRISTOPHER AVE,,GAITHERSBURG,,STRAIGHT MOVEMENT ANGLE,RAINING,WET,DARK LIGHTS ON,NO CONTROLS,NONE DETECTED,,EAB47A07-F7E9-4BF4-84BE-14712018F0B5,Yes,NO APPARENT INJURY,"RAIN, SNOW, WET",UNKNOWN,MD,5FE9D784-DB9A-44C0-AA49-17B6FD031275,FUNCTIONAL,TWELVE OCLOCK,PASSENGER CAR,MAKING LEFT TURN,West,25,No,No,2019,BMW,530I,39.15802667,-77.21391333,"(39.15802667, -77.21391333)"
MCP27190042,210022604,Montgomery County Police,Property Damage Crash,06/13/2021 04:14:00 AM,County,BEL PRE RD,ASTRODOME DR,,N/A,,SINGLE VEHICLE,CLEAR,DRY,DARK LIGHTS ON,OTHER,NONE DETECTED,,0F90F1ED-3FE3-413F-A790-F85EE6BF6A56,Yes,NO APPARENT INJURY,N/A,UNKNOWN,MD,B2D27984-A138-4A79-B332-DB013C4F8AD1,FUNCTIONAL,TWELVE OCLOCK,PASSENGER CAR,ACCELERATING,West,35,No,No,2018,TOYOTA,HIGHLANDER,39.09041549,-77.05042125,"(39.09041549, -77.05042125)"
MCP30100041,190036999,Montgomery County Police,Property Damage Crash,08/03/2019 11:17:00 AM,Maryland (State),ROCKVILLE PIKE,OLD GEORGETOWN RD,,N/A,,SAME DIR REAR END,CLEAR,DRY,DAYLIGHT,TRAFFIC SIGNAL,N/A,,EE1F2460-BCD1-429F-BB21-D506FADDAAA9,No,NO APPARENT INJURY,N/A,DISTRACTED BY OUTSIDE PERSON OBJECT OR EVENT,MD,3D32AF3B-0091-44D3-B832-F82052D42275,FUNCTIONAL,SIX OCLOCK,PASSENGER CAR,SLOWING OR STOPPING,North,40,No,No,2014,HOND,TK,39.05014667,-77.11427667,"(39.05014667, -77.11427667)"
MCP284800BV,220038815,Montgomery County Police,Property Damage Crash,09/08/2022 11:14:00 AM,County,OBSERVATION DR,RIDGE RD,,N/A,,SAME DIR REAR END,N/A,WET,DAYLIGHT,TRAFFIC SIGNAL,NONE DETECTED,,DF300269-1C21-4CAB-948B-73EE3C4BA4F7,No,NO APPARENT INJURY,"N/A, WET",NOT DISTRACTED,MD,7759F4C3-9D8E-4C59-88DE-99516FCBAEFB,FUNCTIONAL,SIX OCLOCK,PASSENGER CAR,STOPPED IN TRAFFIC LANE,East,45,No,No,2010,NISSAN,MURANO,39.20176,-77.253365,"(39.20176, -77.253365)"
MCP2473001F,170530275,Montgomery County Police,Property Damage Crash,09/13/2017 07:25:00 AM,County,E RANDOLPH RD,TOURMALINE CT,,N/A,,SAME DIR REAR END,RAINING,WET,DAYLIGHT,WARNING SIGN,N/A,,9DB95564-B0B2-4450-BDFD-90F11114A9CF,Yes,NO APPARENT INJURY,"RAIN, SNOW, WET",NOT DISTRACTED,MD,386088C5-5DAA-4520-98EC-9C50BCCB773C,DISABLING,TWELVE OCLOCK,PASSENGER CAR,SLOWING OR STOPPING,West,40,No,No,1993,NISS,ALTIMA,39.06583167,-76.97333333,"(39.06583167, -76.97333333)"
EJ79050013,240036571,GAITHERSBURG,Property Damage Crash,08/03/2024 10:32:00 AM,Maryland (State) Route,MIDCOUNTY HWY,,,,,Front to Rear,Clear,Dry,Daylight,No Controls,"Unknown, Unknown",,A645ED79-2503-45CF-8D45-F0D803873EEA,No,,,,,F5FA3D5D-AA5A-4E91-AA30-937A0C22F6D4,Vehicle Not at Scene,Vehicle Not at Scene,,,Southbound,40,No,No,0,,,39.15720017,-77.18711833,"(39.15720017, -77.18711833)"
MCP229800K6,180040429,Montgomery County Police,Injury Crash,08/14/2018 04:35:00 PM,Maryland (State),WOODFIELD RD,ROCKY RD,,N/A,,SAME DIR REAR END,RAINING,WET,DAYLIGHT,NO CONTROLS,NONE DETECTED,,E785844C-A37A-4BBC-A11D-9A6D92DE84C9,Yes,NO APPARENT INJURY,"RAIN, SNOW, WET",BY OTHER OCCUPANTS,MD,EDCDABB8-7B60-44B3-933A-B88B54EE98EB,DESTROYED,TWELVE OCLOCK,PASSENGER CAR,MOVING CONSTANT SPEED,South,40,No,No,1998,HOND,2S,39.227855,-77.17750833,"(39.227855, -77.17750833)"
MCP3051002K,180060083,Montgomery County Police,Injury Crash,12/01/2018 01:09:00 PM,Maryland (State),OLD GEORGETOWN RD,TUCKERMAN LA,,N/A,,STRAIGHT MOVEMENT ANGLE,RAINING,WET,DAYLIGHT,TRAFFIC SIGNAL,NONE DETECTED,,23A54513-1F0F-4C7D-BE38-9F42746BB172,No,POSSIBLE INJURY,"SLEET, HAIL, FREEZ. RAIN, WET",NOT DISTRACTED,MD,9DD2F522-A1D3-4C12-8BA1-CAAE19D5C084,DISABLING,ONE OCLOCK,POLICE VEHICLE/EMERGENCY,OTHER,North,40,No,No,2018,FORD,TAURUS,39.03456544,-77.12485169,"(39.03456544, -77.12485169)"
MCP2693002L,180024927,Montgomery County Police,Injury Crash,05/21/2018 03:16:00 PM,Maryland (State),NORBECK RD,CARROLTON RD,,N/A,,SAME DIR REAR END,CLEAR,DRY,DAYLIGHT,NO CONTROLS,NONE DETECTED,,B265F58F-9EE0-4F15-BA4C-163A5EF00761,No,SUSPECTED MINOR INJURY,N/A,NOT DISTRACTED,MD,DE2844F6-044A-4657-BC16-5C730FC77B02,FUNCTIONAL,SIX OCLOCK,PASSENGER CAR,MAKING RIGHT TURN,West,45,No,No,2016,HONDA,ACCORD,39.10400833,-77.087895,"(39.10400833, -77.087895)"
EJ78640020,190028366,Gaithersburg Police Depar,Injury Crash,06/14/2019 05:18:00 AM,Municipality,BUREAU DR,W DIAMOND AVE,,N/A,,STRAIGHT MOVEMENT ANGLE,N/A,N/A,DAWN,FLASHING TRAFFIC SIGNAL,N/A,,F529CA8A-C59A-4741-A166-038F0DFDDE4B,No,NO APPARENT INJURY,N/A,NOT DISTRACTED,MD,3BB13460-82E2-4F44-9A03-80701F8EC50F,DESTROYED,TWELVE OCLOCK,PASSENGER CAR,MOVING CONSTANT SPEED,South,35,No,No,2006,NISSAN,SENTRA,39.14165167,-77.21744833,"(39.14165167, -77.21744833)"
MCP26550006,170536923,Montgomery County Police,Injury Crash,10/16/2017 07:55:00 AM,Maryland (State),GERMANTOWN RD,CROSSOVER,,N/A,,SAME DIR REAR END,CLEAR,DRY,DAYLIGHT,TRAFFIC SIGNAL,NONE DETECTED,,5F922ED1-A3B9-4D55-8E73-BBC47BC64F7D,No,SUSPECTED MINOR INJURY,N/A,NOT DISTRACTED,MD,9AB3C41D-FFD9-463A-8C00-24665C28C674,FUNCTIONAL,SIX OCLOCK,PASSENGER CAR,STOPPED IN TRAFFIC LANE,East,35,No,No,2012,TOYOTA,XD,39.18307971,-77.25767255,"(39.18307971, -77.25767255)"
MCP3019000Y,170509558,Montgomery County Police,Injury Crash,05/24/2017 08:46:00 AM,Maryland (State),BRADLEY BLVD,SEVEN LOCKS RD,,N/A,,SAME DIR REAR END,N/A,WET,DAYLIGHT,NO CONTROLS,NONE DETECTED,,091A0D26-A706-4175-8350-1F6BDDF3DC5E,Yes,POSSIBLE INJURY,"N/A, WET",UNKNOWN,MD,F70635A5-BE15-4FDD-883F-35344DF5B532,DISABLING,TWELVE OCLOCK,PASSENGER CAR,MOVING CONSTANT SPEED,South,40,No,No,2015,CHEVORLET,TRUCK,39.0115,-77.15530167,"(39.0115, -77.15530167)"
MCP22090014,15042238,MONTGOMERY,Injury Crash,08/23/2015 10:39:00 AM,Maryland (State),CONNECTICUT AVE,DUNLOP ST,,N/A,,SAME DIR REAR END,CLEAR,DRY,DAYLIGHT,TRAFFIC SIGNAL,NONE DETECTED,,7391D3E1-645D-4F72-95C7-C9936EBC475E,Yes,NO APPARENT INJURY,N/A,LOOKED BUT DID NOT SEE,MD,FB238435-9C74-446C-B5AD-7D5F7987E7A5,FUNCTIONAL,TWELVE OCLOCK,PASSENGER CAR,MOVING CONSTANT SPEED,South,35,No,No,2014,NISSAN,SENTRA,38.99077022,-77.07698822,"(38.99077022, -77.07698822)"
EJ78440019,220034919,Gaithersburg Police Depar,Property Damage Crash,08/13/2022 05:30:00 PM,Maryland (State),FREDERICK RD,MONTGOMERY VILLAGE AVE,,N/A,,SAME DIRECTION SIDESWIPE,CLEAR,DRY,DAYLIGHT,N/A,ALCOHOL PRESENT,,D891BE4D-73DC-4BFE-A951-EF176D56EA0A,Yes,NO APPARENT INJURY,N/A,UNKNOWN,MD,C8587171-F624-404B-B634-13E5872C10B1,SUPERFICIAL,TWO OCLOCK,PASSENGER CAR,MOVING CONSTANT SPEED,North,40,No,No,2020,TOYOTA,CAMRY,39.15233293,-77.2115912,"(39.15233293, -77.2115912)"
MCP27360026,15021384,Montgomery County Police,Property Damage Crash,05/05/2015 06:45:00 PM,Government,LITTLE FALLS PKWY,RIVER RD,,N/A,,SINGLE VEHICLE,RAINING,WET,DAYLIGHT,N/A,NONE DETECTED,,06123713-5992-4559-AA02-21CED536D8C4,Yes,NO APPARENT INJURY,"RAIN, SNOW, WET",NOT DISTRACTED,MD,9CEE9AB4-F9E6-4034-9602-B2BC181BEB6F,FUNCTIONAL,ONE OCLOCK,PASSENGER CAR,SLOWING OR STOPPING,North,30,No,No,2013,NISSAN,ALTIMA,38.96155,-77.102895,"(38.96155, -77.102895)"
MCP2877003K,170502917,Montgomery County Police,Property Damage Crash,04/19/2017 09:04:00 AM,County,SEMINARY RD,GEORGIA AVE,,N/A,,SAME DIR REAR END,CLOUDY,DRY,DAYLIGHT,TRAFFIC SIGNAL,NONE DETECTED,,7FF819A5-1C8B-436D-856E-E2D356AE1026,No,NO APPARENT INJURY,N/A,NOT DISTRACTED,MD,D47732FA-94A0-402E-9D9A-E47643A821BE,SUPERFICIAL,SIX OCLOCK,OTHER,MAKING LEFT TURN,East,25,No,No,2015,INTERNATIONAL,TRUCK,39.00863731,-77.04025805,"(39.00863731, -77.04025805)"
MCP3044002L,180021107,Montgomery County Police,Property Damage Crash,04/13/2018 05:30:00 PM,Maryland (State),NEW HAMPSHIRE AVE,IN CORP LMTS TAKOMA PARK,,N/A,,SAME DIRECTION SIDESWIPE,N/A,DRY,DAYLIGHT,TRAFFIC SIGNAL,NONE DETECTED,,F2B59A05-8025-4C1B-BC81-92A813F9FEFD,No,NO APPARENT INJURY,N/A,NOT DISTRACTED,MD,239FBCEA-C237-4DA8-B372-15E32FC03DB4,FUNCTIONAL,ELEVEN OCLOCK,PASSENGER CAR,MOVING CONSTANT SPEED,South,40,No,No,2016,TOYOTA,CAMRY,38.99323434,-76.98657364,"(38.99323434, -76.98657364)"
MCP9404000P,16034930,Montgomery County Police,Injury Crash,07/10/2016 01:45:00 PM,Maryland (State),KEY WEST AVE,MEDICAL CENTER DR,,N/A,,STRAIGHT MOVEMENT ANGLE,CLEAR,DRY,DAYLIGHT,TRAFFIC SIGNAL,NONE DETECTED,,F5A524FB-2A72-4CD6-B99A-482BBFCC2797,No,NO APPARENT INJURY,N/A,NOT DISTRACTED,MD,FD1498CE-F626-4F9C-9CB6-F6419621B223,FUNCTIONAL,TWELVE OCLOCK,PASSENGER CAR,STOPPED IN TRAFFIC LANE,East,40,No,No,2011,HOND,TK,39.105335,-77.196895,"(39.105335, -77.196895)"
MCP2617004F,170541676,Montgomery County Police,Property Damage Crash,11/08/2017 03:15:00 PM,County,SEVEN LOCKS RD,BRADLEY BLVD,,N/A,,STRAIGHT MOVEMENT ANGLE,CLOUDY,DRY,DUSK,STOP SIGN,NONE DETECTED,,5B5697E9-1CCA-498C-9E08-8594690A516D,Yes,NO APPARENT INJURY,N/A,LOOKED BUT DID NOT SEE,VA,CD0BC594-36D0-4D9C-B147-3919B47FA189,DESTROYED,ELEVEN OCLOCK,PASSENGER CAR,ACCELERATING,West,35,No,No,2015,MERCEDES,GLA250,39.0117396,-77.16000795,"(39.0117396, -77.16000795)"
MCP2291005F,210033501,Montgomery County Police,Injury Crash,08/27/2021 05:20:00 PM,Maryland (State),CONNECTICUT AVE,PLYERS MILL RD,,N/A,,STRAIGHT MOVEMENT ANGLE,CLEAR,WET,DAYLIGHT,TRAFFIC SIGNAL,NONE DETECTED,,7B17B299-01D2-44B8-86CC-4325F8B5ED7B,No,SUSPECTED MINOR INJURY,N/A,NOT DISTRACTED,MD,BF653D5B-463B-4DAE-87DC-01DAB44AB07C,DESTROYED,NINE OCLOCK,(SPORT) UTILITY VEHICLE,MAKING LEFT TURN,West,35,No,No,2017,FORD,EXPLORER,39.02970743,-77.07590129,"(39.02970743, -77.07590129)"
MCP24440014,15026315,Montgomery County Police,Property Damage Crash,05/31/2015 06:02:00 PM,Maryland (State),ROCKVILLE PIKE,POOKS HILL RD,,N/A,,HEAD ON LEFT TURN,CLEAR,DRY,DAYLIGHT,TRAFFIC SIGNAL,NONE DETECTED,,4551ABBC-4865-4395-A336-561B08CB170A,No,NO APPARENT INJURY,N/A,NOT DISTRACTED,MD,809AF197-8B9B-4552-B445-0C471A5F0AFA,SUPERFICIAL,ONE OCLOCK,PASSENGER CAR,ACCELERATING,South,35,No,No,2010,CHRY,300,39.01465833,-77.09969,"(39.01465833, -77.09969)"
MCP235300C0,230028845,Montgomery County Police,Injury Crash,06/15/2023 03:47:00 PM,County,SEVEN LOCKS RD,DEMOCRACY BLVD,,N/A,,STRAIGHT MOVEMENT ANGLE,CLOUDY,DRY,DAYLIGHT,TRAFFIC SIGNAL,NONE DETECTED,,E19B4D5A-8E8C-4FC2-BE99-AFB682F28A72,Yes,POSSIBLE INJURY,N/A,UNKNOWN,MD,C46D84E7-75F4-4A7A-8422-E4CF93486155,DISABLING,TWELVE OCLOCK,PASSENGER CAR,MOVING CONSTANT SPEED,East,45,No,No,2008,ACURA,TL,39.02322683,-77.1623345,"(39.02322683, -77.1623345)"
MCP0251000P,15049041,MONTGOMERY,Property Damage Crash,09/27/2015 05:31:00 PM,County,REXMORE DR,LOCBURY DR,,N/A,,SAME DIRECTION SIDESWIPE,CLOUDY,DRY,DAYLIGHT,NO CONTROLS,UNKNOWN,,01D12255-5A0E-4FAF-9A52-292090E4AE02,Yes,NO APPARENT INJURY,N/A,UNKNOWN,,8A529BE5-AFD4-4425-8099-6E71751FBE5D,UNKNOWN,ONE OCLOCK,VAN,MOVING CONSTANT SPEED,South,25,No,No,0,TOYOTA,SIENNA,39.18442667,-77.26590167,"(39.18442667, -77.26590167)"
MCP27760040,220042959,Montgomery County Police,Injury Crash,10/02/2022 02:44:00 PM,Maryland (State),NEW HAMPSHIRE AVE,NOTLEY RD,,N/A,,HEAD ON LEFT TURN,RAINING,WET,DAYLIGHT,NO CONTROLS,NONE DETECTED,,01883916-F343-4973-A0A0-288868EDB0D1,No,NO APPARENT INJURY,"RAIN, SNOW, WET",NOT DISTRACTED,MD,C90C70AC-3B0B-479E-AFFC-E86ABA9EAF6B,FUNCTIONAL,EIGHT OCLOCK,(SPORT) UTILITY VEHICLE,STOPPED IN TRAFFIC LANE,North,45,No,No,2018,TOYOTA,RAV4,39.080305,-77.0014,"(39.080305, -77.0014)"
MCP94320012,15055027,MONTGOMERY,Injury Crash,10/29/2015 04:37:00 PM,County,SKYLARK RD,MEADOW MIST RD,,N/A,,STRAIGHT MOVEMENT ANGLE,CLEAR,DRY,DAYLIGHT,STOP SIGN,NONE DETECTED,,D3CFBE2E-9BA5-4366-8293-F4C025DCB148,No,SUSPECTED MINOR INJURY,N/A,NOT DISTRACTED,MD,9AD583D0-431F-4868-B91C-559A3F01691D,DISABLING,ELEVEN OCLOCK,STATION WAGON,MOVING CONSTANT SPEED,South,35,No,No,2002,SUBA,4S,39.23394333,-77.24228,"(39.23394333, -77.24228)"
MCP2900001Z,17000018,Montgomery County Police,Property Damage Crash,01/01/2017 01:16:00 AM,County,MIDCOUNTY HWY,SHADY GROVE RD,,N/A,,ANGLE MEETS LEFT HEAD ON,CLEAR,DRY,DARK LIGHTS ON,FLASHING TRAFFIC SIGNAL,N/A,,1FE7A770-BBE5-4BCB-BAB1-EAC556E6AE48,No,NO APPARENT INJURY,N/A,NOT DISTRACTED,MD,82D52D5E-7C7E-46F2-9365-FA88D07995FD,DISABLING,ONE OCLOCK,POLICE VEHICLE/NON EMERGENCY,MOVING CONSTANT SPEED,West,45,No,No,2009,FORD,CROWN VIC,39.14102,-77.15188,"(39.14102, -77.15188)"
MCP2846005R,190053529,Montgomery County Police,Injury Crash,11/06/2019 06:20:00 PM,County,HENDERSON AVE,LIVINGSTON ST,,N/A,,ANGLE MEETS LEFT HEAD ON,CLEAR,DRY,DARK LIGHTS ON,STOP SIGN,NONE DETECTED,,B6BD201D-BCFF-42FC-8043-0CBAEC433057,No,POSSIBLE INJURY,N/A,NOT DISTRACTED,MD,04F61701-11E0-4BB3-A9B3-C99082A7159D,DISABLING,TWELVE OCLOCK,PASSENGER CAR,MOVING CONSTANT SPEED,East,25,No,No,2002,JEEP,TK,39.05342167,-77.06084167,"(39.05342167, -77.06084167)"
MCP31630011,180057718,Montgomery County Police,Property Damage Crash,11/17/2018 01:39:00 PM,County,NORFOLK AVE,ST ELMO AVE,,N/A,,SAME DIRECTION LEFT TURN,CLEAR,DRY,DAYLIGHT,NO CONTROLS,NONE DETECTED,,DB2A431A-EE79-450C-95A2-569E5D916969,No,NO APPARENT INJURY,N/A,NOT DISTRACTED,MD,F3928C6F-B3A0-4755-8F39-A22802472746,DISABLING,ELEVEN OCLOCK,PASSENGER CAR,MOVING CONSTANT SPEED,South,25,No,No,2018,VOLVO,XC60,38.98825,-77.097915,"(38.98825, -77.097915)"