Report Number,Local Case Number,Agency Name,ACRS Report Type,Crash Date/Time,Route Type,Road Name,Cross-Street Name,Off-Road Description,Municipality,Related Non-Motorist,Collision Type,Weather,Surface Condition,Light,Traffic Control,Driver Substance Abuse,Non-Motorist Substance Abuse,Person ID,Driver At Fault,Injury Severity,Circumstance,Driver Distracted By,Drivers License State,Vehicle ID,Vehicle Damage Extent,Vehicle First Impact Location,Vehicle Body Type,Vehicle Movement,Vehicle Going Dir,Speed Limit,Driverless Vehicle,Parked Vehicle,Vehicle Year,Vehicle Make,Vehicle Model,Latitude,Longitude,Location
MCP2680002Y,190004307,Montgomery County Police,Injury Crash,01/27/2019 07:00:00 PM,US (State),COLESVILLE RD,ROWEN RD,,N/A,,SAME DIR REAR END,CLEAR,DRY,DARK LIGHTS ON,NO CONTROLS,NONE DETECTED,,515861F2-191C-4BB9-AD02-6ED5803B3BD6,Yes,POSSIBLE INJURY,N/A,NOT DISTRACTED,MD,0A03DAB2-1C59-4A5A-8C47-D45342ECD36B,DISABLING,TWELVE OCLOCK,PASSENGER CAR,SLOWING OR STOPPING,North,35,No,No,2011,NISSAN,VERSA,39.003485,-77.02395,"(39.003485, -77.02395)"
MCP2055003J,240026910,MONTGOMERY,Injury Crash,06/06/2024 11:15:00 AM,Maryland (State) Route,GREAT SENECA HWY,,,,,Front to Rear,Clear,Dry,Daylight,No Controls,"Not Suspect of Alcohol Use, Not Suspect of Drug Use",,F05A54AE-4671-4A16-BB8E-5EFB6A5CE5AC,No,Suspected Minor Injury,,Not Distracted,MD,9E48E92A-07C0-4F43-832F-B897A52F70EC,Disabling,Six O Clock,Station Wagon,Slowing or Stopping,Southbound,50,No,No,2007,VOLVO,740 SERIES,39.109898,-77.21668267,"(39.109898, -77.21668267)"
MCP9406000V,16030686,Montgomery County Police,Injury Crash,06/17/2016 04:59:00 PM,County,BEL PRE RD,CONNECTICUT AVE,,N/A,,STRAIGHT MOVEMENT ANGLE,CLEAR,DRY,DAYLIGHT,NO CONTROLS,NONE DETECTED,,FAD9883F-169A-4CBD-8C06-E5A1FF8B9BF1,Yes,SUSPECTED MINOR INJURY,N/A,UNKNOWN,MD,4856158B-6A55-452C-A86C-4D1B92379C8B,DISABLING,NINE OCLOCK,PASSENGER CAR,MAKING LEFT TURN,South,35,No,No,2008,CHRY,TOWN & COUNTRY,39.09136333,-77.06586667,"(39.09136333, -77.06586667)"
MCP20160016,16041095,Montgomery County Police,Injury Crash,08/13/2016 01:22:00 PM,County,BOU AVE,CHAPMAN AVE,,N/A,,STRAIGHT MOVEMENT ANGLE,CLEAR,DRY,DAYLIGHT,TRAFFIC SIGNAL,NONE DETECTED,,38BCC024-1709-4F50-9A0B-D5779C241DDE,Yes,SUSPECTED MINOR INJURY,N/A,NOT DISTRACTED,MD,30F09212-4D0C-442A-8E95-AB1A7E39CBD8,DISABLING,SEVEN OCLOCK,PASSENGER CAR,MAKING LEFT TURN,East,35,No,No,2011,BUICK,REGAL,39.05697667,-77.11507,"(39.05697667, -77.11507)"
DM8515001C,250018356,TAKOMA,Property Damage Crash,04/27/2025 08:31:00 PM,Maryland (State) Route,,ELM AVE,,,,Other,Clear,Dry,Dark - Lighted,No Controls,"Not Suspect of Alcohol Use, Not Suspect of Drug Use",,CBE6DBA6-6530-41D6-89EC-6E4095957552,No,No Apparent Injury,,Not Distracted,MD,7382B388-D287-4FAA-BE7C-22D56A464510,Superficial,Twelve O Clock,Passenger Car,Slowing or Stopping,,25,No,No,2018,ACURA,RDX,38.97618289,-76.99682597,"(38.97618289, -76.99682597)"
DD5665002X,240061190,ROCKVILLE,Injury Crash,12/22/2024 05:15:00 PM,Municipality Route,CONGRESSIONAL LA,,,,Pedestrian,Single Vehicle,Clear,Dry,Dark - Lighted,Traffic Control Signal,"Not Suspect of Alcohol Use, Not Suspect of Drug Use","Not Suspect of Alcohol Use, Not Suspect of Drug Use",67F68E35-0D9D-45BA-A064-EAF494A4D847,No,No Apparent Injury,,Not Distracted,MD,84AD55BB-4458-4ADF-9CE6-3F091B759717,Functional,Eleven O Clock,Passenger Car,Turning Left,Westbound,25,No,No,2014,HONDA,CIVIC,39.06430406,-77.12615551,"(39.06430406, -77.12615551)"
DD55080017,15048856,ROCKVILLE,Property Damage Crash,09/26/2015 01:34:00 PM,Maryland (State),ROCKVILLE PIKE,W EDMONSTON DR,,ROCKVILLE,,SAME DIR REAR END,CLOUDY,DRY,DAYLIGHT,NO CONTROLS,NONE DETECTED,,699FDE16-634C-48C4-A9F2-90CDE9DA86A7,Yes,NO APPARENT INJURY,N/A,UNKNOWN,MD,F14BFF25-8069-4634-BF7C-7C3D4A559800,DISABLING,TWELVE OCLOCK,PASSENGER CAR,SLOWING OR STOPPING,South,40,No,No,2008,FORD,MUSTANG,39.07544,-77.137195,"(39.07544, -77.137195)"
MCP2492000W,170549056,Montgomery County Police,Fatal Crash,12/16/2017 11:14:00 PM,Maryland (State),ROCKVILLE PIKE,CONGRESSIONAL LA,,ROCKVILLE,,STRAIGHT MOVEMENT ANGLE,CLEAR,DRY,DARK LIGHTS ON,TRAFFIC SIGNAL,ALCOHOL PRESENT,,1A829783-4CE9-4B18-B2EB-4C798ABBB9F9,Unknown,NO APPARENT INJURY,N/A,UNKNOWN,MD,5EDBCA8B-FF05-4CFF-B94B-5179E0D8752F,FUNCTIONAL,TWELVE OCLOCK,PASSENGER CAR,MAKING LEFT TURN,North,40,No,No,2008,BMW,335XI,39.06428579,-77.12612092,"(39.06428579, -77.12612092)"
MCP3119003X,230001283,Montgomery County Police,Property Damage Crash,01/09/2023 09:33:00 AM,County,AIRPARK RD,STRATOS LA,,N/A,,SINGLE VEHICLE,CLEAR,DRY,DAYLIGHT,NO CONTROLS,NONE DETECTED,,CC5D13DF-AC29-490D-A0FD-5DE467C8AD6A,No,NO APPARENT INJURY,"ANIMAL, N/A",NOT DISTRACTED,MD,089FBDF7-007A-4A5E-8CAA-05EF7EEFCE7F,DISABLING,TWELVE OCLOCK,PASSENGER CAR,MOVING CONSTANT SPEED,North,45,No,No,2019,MERZ,UT,39.16416094,-77.14927343,"(39.16416094, -77.14927343)"
MCP2946004F,220029936,Montgomery County Police,Property Damage Crash,07/12/2022 02:34:00 PM,Maryland (State),GERMANTOWN RD,FATHER HURLEY BLVD,,N/A,,SAME DIRECTION SIDESWIPE,CLEAR,DRY,DAYLIGHT,N/A,NONE DETECTED,,E7EFD50B-BA94-40CA-8472-C6FD489D8AB3,Yes,NO APPARENT INJURY,N/A,BY OTHER OCCUPANTS,MD,DDF4EE21-2652-437A-AA8A-1B540091286A,SUPERFICIAL,TWO OCLOCK,SCHOOL BUS,CHANGING LANES,North,40,No,No,2021,THOMAS,SCHOOL BUS,39.16749,-77.28019667,"(39.16749, -77.28019667)"
MCP308600BY,250029367,MONTGOMERY,Property Damage Crash,07/02/2025 08:35:00 AM,County Route,AIRPARK RD (SB/L),,,,,"Sideswipe, Same Direction",Cloudy,Wet,Daylight,No Controls,"Not Suspect of Alcohol Use, Not Suspect of Drug Use",,3B2B0A37-A3E2-4AEB-9D88-8D796E5C8CB2,No,No Apparent Injury,,Not Distracted,MD,BC124ED1-1F3B-420B-A8D7-1D1DD36D8F05,Functional,Two O Clock,Sport Utility Vehicle,Accelerating,Southbound,50,No,No,2018,CHEVROLET,TAHOE,39.14924,-77.14629,"(39.14924, -77.14629)"
MCP242500B0,170523431,Montgomery County Police,Property Damage Crash,08/07/2017 07:33:00 AM,Maryland (State),OLD COLUMBIA PIKE,E RANDOLPH RD,,N/A,,STRAIGHT MOVEMENT ANGLE,RAINING,WET,DAYLIGHT,TRAFFIC SIGNAL,NONE DETECTED,,B761731B-DCA1-44E4-A8F0-3DCEECAF890E,Yes,NO APPARENT INJURY,"RAIN, SNOW, WET",NOT DISTRACTED,MD,9E874BAE-7D9B-41F0-9C8C-3A0AA98D9AFB,DISABLING,NINE OCLOCK,PASSENGER CAR,MOVING CONSTANT SPEED,East,40,No,No,2014,TOYOTA,COROLLA,39.06329833,-76.96576,"(39.06329833, -76.96576)"
MCP3398000J,240008317,MONTGOMERY,Property Damage Crash,02/20/2024 12:30:00 PM,County Route,GOSHEN RD,,,,,Front to Rear,Clear,Dry,Daylight,Traffic Control Signal,"Not Suspect of Alcohol Use, Not Suspect of Drug Use",,EEA76B87-0E1B-4DD6-B465-7C322C75F623,No,No Apparent Injury,,Not Distracted,MD,461679C9-9E5C-4C86-97F9-FF6DAD7CD973,Functional,Six O Clock,Passenger Car,Moving Constant Speed,Eastbound,40,No,No,2020,TOYOTA,4-RUNNER,39.16967901,-77.19054007,"(39.16967901, -77.19054007)"
MCP3048007V,220014780,Montgomery County Police,Property Damage Crash,04/07/2022 11:50:00 AM,County,CHELTENHAM DR,WISCONSIN AVE,,N/A,,SAME DIRECTION RIGHT TURN,RAINING,WET,DAYLIGHT,TRAFFIC SIGNAL,N/A,,DA1CB427-0BD6-4B9C-B143-7ACA36910890,No,NO APPARENT INJURY,N/A,NOT DISTRACTED,MD,D8E3D81B-C331-4AF4-8CB8-DD503FECB3F8,DISABLING,ELEVEN OCLOCK,PASSENGER CAR,MOVING CONSTANT SPEED,West,25,No,No,2019,HONDA,CIVIC,38.988215,-77.095075,"(38.988215, -77.095075)"
MCP30210073,230070018,Montgomery County Police,Property Damage Crash,12/05/2023 02:15:00 PM,,,,15411 OLD COLUMBIA PIKE PARKING LOT FREESTATE GAS STATION,,,STRAIGHT MOVEMENT ANGLE,CLOUDY,,DAYLIGHT,NO CONTROLS,NONE DETECTED,,F82E1728-2B7A-47CE-A38F-F284EB44CF27,Yes,NO APPARENT INJURY,N/A,NOT DISTRACTED,MD,3A0FE942-F9E8-4539-9FA2-D90040BFD220,FUNCTIONAL,TWELVE OCLOCK,PASSENGER CAR,ACCELERATING,South,0,No,No,2016,HOND,CRV,39.10857833,-76.93583,"(39.10857833, -76.93583)"
MCP2116004N,16043174,Montgomery County Police,Injury Crash,08/25/2016 09:49:00 AM,County,MONTROSE RD,SEVEN LOCKS RD,,N/A,,SAME DIRECTION SIDESWIPE,CLEAR,DRY,DAYLIGHT,TRAFFIC SIGNAL,NONE DETECTED,,E260BE8A-52BE-44B2-BFA7-7F88B36142E4,No,POSSIBLE INJURY,N/A,NOT DISTRACTED,MD,E224DC36-F81E-46CE-B400-C18283ECACA0,DISABLING,NINE OCLOCK,PASSENGER CAR,MAKING LEFT TURN,West,35,No,No,2002,NISSAN,4S,39.056865,-77.16166,"(39.056865, -77.16166)"
MCP287100C8,250009546,MONTGOMERY,Property Damage Crash,03/04/2025 04:31:00 PM,County Route,ROSE AVE,TOWNE RD,,,,Rear To Side,Clear,Dry,Daylight,Traffic Control Signal,"Not Suspect of Alcohol Use, Not Suspect of Drug Use",,52EE47EC-2964-4CA3-9329-CBDCBE700458,No,No Apparent Injury,,Not Distracted,MD,EB3CD121-6F56-48AA-AC3B-6E42F801D9B0,Superficial,Four O Clock,Bus - School,Turning Left,,35,No,No,2020,FREIGHTLINER,B2 BUS CHASSIS,39.05070406,-77.11878783,"(39.05070406, -77.11878783)"
DM8501000V,220036043,Takoma Park Police Depart,Property Damage Crash,08/21/2022 03:11:00 AM,Maryland (State),NEW HAMPSHIRE AVE,UNIVERSITY BLVD,,N/A,,OTHER,CLEAR,N/A,DARK LIGHTS ON,TRAFFIC SIGNAL,NONE DETECTED,,E4EDF8E3-7C43-447A-9DD2-D6F0A50898FD,Yes,NO APPARENT INJURY,N/A,UNKNOWN,MD,BBE839F5-04A8-409D-B6BD-76DC8D60A487,DISABLING,NINE OCLOCK,PASSENGER CAR,ACCELERATING,East,35,No,No,2013,ACURA,4S,38.98882,-76.98764,"(38.98882, -76.98764)"
MCP24360018,16010207,MONTGOMERY,Property Damage Crash,03/01/2016 09:02:00 AM,Maryland (State),UNIVERSITY BLVD E,LANGLEY DR,,N/A,,SAME DIR REAR END,CLEAR,DRY,DAYLIGHT,NO CONTROLS,NONE DETECTED,,79C0E74A-603E-445C-AE67-D141FF199CF3,No,NO APPARENT INJURY,N/A,NOT DISTRACTED,MD,BAAE2E65-A291-48CE-883C-5E4F3621EDC4,SUPERFICIAL,SIX OCLOCK,PICKUP TRUCK,SLOWING OR STOPPING,West,40,No,No,2001,FORD,F150,39.00077,-76.99553333,"(39.00077, -76.99553333)"
MCP08990030,180024077,Montgomery County Police,Injury Crash,05/16/2018 03:18:00 PM,Maryland (State),ROCKVILLE PIKE,POOKS HILL RD,,N/A,,SAME DIR REAR END,RAINING,WET,DAYLIGHT,TRAFFIC SIGNAL,NONE DETECTED,,DBB3991B-4263-4453-A3B4-222AA329D23B,Yes,NO APPARENT INJURY,"RAIN, SNOW, WET",LOOKED BUT DID NOT SEE,PA,D501A831-590E-4C8F-ADE5-59E378C485C8,DISABLING,TWELVE OCLOCK,PASSENGER CAR,SLOWING OR STOPPING,North,35,No,No,2012,MERCEDES,ML350,39.01475167,-77.09957167,"(39.01475167, -77.09957167)"
MCP31340054,240038797,MONTGOMERY,Property Damage Crash,08/16/2024 06:50:00 PM,County Route,WEXHALL DR,,,,,"Sideswipe, Opposite Direction",Clear,Dry,Daylight,No Controls,"Not Suspect of Alcohol Use, Not Suspect of Drug Use",,28366F33-2375-441B-B244-10FF657B35B2,No,No Apparent Injury,,Not Distracted,MD,1BC30C79-E38A-47B0-85CB-149DE1848648,Disabling,Eleven O Clock,Pickup,Stopped in Traffic,Southbound,45,No,No,2012,HONDA,RIDGELINE,39.093433,-76.93212467,"(39.093433, -76.93212467)"
MCP1563009R,240042994,MONTGOMERY,Property Damage Crash,09/10/2024 12:23:00 PM,Maryland (State) Route,WISCONSIN AVE,,,,,"Sideswipe, Same Direction",Clear,Dry,Daylight,No Controls,"Not Suspect of Alcohol Use, Not Suspect of Drug Use",,66F13E13-D0C5-4A93-9FA8-3515F95DF2E7,No,No Apparent Injury,,Not Distracted,MD,8CC413B9-9A41-4493-B365-366AD2BADB3D,Functional,One O Clock,Passenger Car,Moving Constant Speed,Northbound,25,No,No,2007,TOYOTA,PRIUS,38.96240081,-77.08640675,"(38.96240081, -77.08640675)"
MCP2674005G,240043659,MONTGOMERY,Injury Crash,09/13/2024 06:53:00 PM,Local Route,RIDGE MANOR DR,BETHESDA CHURCH RD,,,,Angle,Clear,Dry,Daylight,Stop Sign,"Not Suspect of Alcohol Use, Not Suspect of Drug Use",,943DF494-C8CD-40A7-A942-2F1795A461E1,No,No Apparent Injury,,Not Distracted,MD,720E126E-BC7E-4A68-B6DD-B61A58CDDA8A,Functional,Twelve O Clock,Passenger Car,Accelerating,,25,No,No,2019,HONDA,CIVIC,39.282859,-77.20759733,"(39.282859, -77.20759733)"
MCP2187001Z,240009280,MONTGOMERY,Property Damage Crash,02/26/2024 07:40:00 AM,County Route,SHADY GROVE RD (SB/L),RAMP 1 FR IS 270 NB TO SHADY GROVE RD WB,,,,Rear To Side,Clear,Dry,Daylight,Flashing Traffic Control Signal,"Not Suspect of Alcohol Use, Not Suspect of Drug Use",,990F11B8-1BB9-4F9D-9E58-271210BECBA5,Yes,No Apparent Injury,,Not Distracted,MD,9E80CBBD-BBD6-4E5F-8D02-8213997426B9,Disabling,Twelve O Clock,Passenger Car,Turning Left,,45,No,No,2023,HONDA,ACCORD,39.11188558,-77.1873174,"(39.11188558, -77.1873174)"
EJ7878002D,210011429,Gaithersburg Police Depar,Injury Crash,03/26/2021 07:45:00 PM,Maryland (State),GREAT SENECA HWY,ORCHARD RIDGE DR,,GAITHERSBURG,,HEAD ON LEFT TURN,CLEAR,DRY,DUSK,TRAFFIC SIGNAL,N/A,,F2B20022-5E7A-4B34-AFB7-C15CAD96871E,No,NO APPARENT INJURY,N/A,LOOKED BUT DID NOT SEE,MD,2FD00FE1-F9F9-46A7-ABD9-3AE71CD7D351,DISABLING,TWELVE OCLOCK,PASSENGER CAR,STARTING FROM LANE,West,35,No,No,2006,HOND,TK,39.12368908,-77.23151327,"(39.12368908, -77.23151327)"
MCP2546001S,16044471,Montgomery County Police,Property Damage Crash,08/31/2016 05:17:00 PM,County,RANDOLPH RD,BLUHILL RD,,N/A,,SAME DIRECTION SIDESWIPE,CLEAR,DRY,DAYLIGHT,NO CONTROLS,NONE DETECTED,,3433DE7D-B6B8-490B-BAD7-4B84D20C0B3B,Yes,NO APPARENT INJURY,N/A,NOT DISTRACTED,MD,91E07ED2-235B-474A-B783-B5F50081F2F8,SUPERFICIAL,ONE OCLOCK,SCHOOL BUS,MOVING CONSTANT SPEED,East,35,No,No,2005,IC,CONV-MSDE-C-8,39.05899,-77.0656,"(39.05899, -77.0656)"
MCP32590054,240048091,MONTGOMERY,Injury Crash,10/08/2024 03:45:00 PM,Maryland (State) Route,,ABERDEEN RD,,,,Rear To Side,Clear,Dry,Daylight,Stop Sign,"Not Suspect of Alcohol Use, Not Suspect of Drug Use",,9FC6C08E-2C79-45C8-8E62-4AA532A33549,No,Suspected Minor Injury,,Not Distracted,MD,5E39167D-053C-48EA-B820-7AFCFD1265A8,Disabling,Twelve O Clock,Passenger Car,Moving Constant Speed,,30,No,No,2019,GMC,ACADIA,38.99131391,-77.11772597,"(38.99131391, -77.11772597)"
MCP94160001,15005009,Montgomery County Police,Property Damage Crash,01/31/2015 11:52:00 AM,,,,Parking lot of 830 Muddy Branch Road,,,OTHER,CLEAR,,DAYLIGHT,N/A,NONE DETECTED,,AA405D83-C3A9-4B26-B313-E9F5E5EE6158,No,NO APPARENT INJURY,N/A,NOT DISTRACTED,MD,A3F30CE1-D263-4F95-898D-D5C24FB6EBC7,SUPERFICIAL,TWO OCLOCK,PASSENGER CAR,MOVING CONSTANT SPEED,South,15,No,No,2006,SATURN,ION,39.11529167,-77.21757167,"(39.11529167, -77.21757167)"
MCP1389000B,15016966,Montgomery County Police,Injury Crash,04/12/2015 06:30:00 PM,County,SHADY GROVE RD,MIDCOUNTY HWY,,N/A,,SAME DIR REAR END,CLEAR,DRY,DAYLIGHT,TRAFFIC SIGNAL,NONE DETECTED,,3A993148-E172-4A3B-987F-FBBFC585F799,Yes,NO APPARENT INJURY,N/A,NOT DISTRACTED,PA,9A7689F0-1467-47E7-8588-B00168FF5ED3,SUPERFICIAL,TWELVE OCLOCK,PASSENGER CAR,ACCELERATING,East,45,No,No,2012,TOYT,PRIUS,39.140955,-77.15210667,"(39.140955, -77.15210667)"
MCP28550011,16023438,Montgomery County Police,Injury Crash,05/11/2016 05:53:00 PM,Maryland (State),FREDERICK RD,E GUDE DR,,N/A,,SAME DIR REAR END,RAINING,WET,DAYLIGHT,TRAFFIC SIGNAL,NONE DETECTED,,100A0EE0-2D77-4723-9C3D-111F05DF990E,No,NO APPARENT INJURY,"RAIN, SNOW, WET",NOT DISTRACTED,MD,27CE8758-0302-4A51-9B83-90AA9178F6C5,SUPERFICIAL,SIX OCLOCK,PASSENGER CAR,SLOWING OR STOPPING,North,40,No,No,2011,MAZD,4S,39.10579333,-77.14544333,"(39.10579333, -77.14544333)"
MCP2760003G,230015203,Montgomery County Police,Property Damage Crash,03/29/2023 05:28:00 PM,County,CENTERWAY RD,GOSHEN RD,,N/A,,SAME DIR REAR END,CLEAR,DRY,DAYLIGHT,TRAFFIC SIGNAL,N/A,,ADB7C0AA-8B71-4722-A2D6-D26CFDDBC36E,Yes,NO APPARENT INJURY,N/A,NOT DISTRACTED,MD,33B9D1DC-CC99-443C-9D37-90BDFBF3440E,DISABLING,TWELVE OCLOCK,PASSENGER CAR,MOVING CONSTANT SPEED,East,35,No,No,2018,JEEP,UT,39.16950333,-77.19042167,"(39.16950333, -77.19042167)"
MCP3400001Z,250000408,MONTGOMERY,Property Damage Crash,01/03/2025 07:05:00 PM,US (State),COLUMBIA PIKE (SB/L),,,,,Front to Rear,Sleet Or Hail,Wet,Dark - Lighted,No Controls,"Not Suspect of Alcohol Use, Not Suspect of Drug Use",,979C5C83-D602-45C5-AB85-165D8F3344CD,Yes,No Apparent Injury,"Operated Motor Vehicle in Inattentive, Careless, Negligent, or Erratic Manner, Too Fast For Conditions",Unknown,MD,09A95D80-7B7C-4D91-9A7C-BFA047DD6083,Disabling,Twelve O Clock,Passenger Car,Changing Lanes,Southbound,55,No,No,2019,CADILLAC,XT5,39.09942598,-76.93596459,"(39.09942598, -76.93596459)"
MCP3414000C,240043219,MONTGOMERY,Injury Crash,09/11/2024 03:30:00 PM,Bicycle Route,,,,,,Angle,Clear,Dry,Daylight,Traffic Control Signal,"Not Suspect of Alcohol Use, Not Suspect of Drug Use",,73181789-FC3C-4A1A-A268-EA4430C09AEE,Yes,Possible Injury,,Not Distracted,MD,059DF357-FA56-47CD-93D9-CAC04F689DB5,Disabling,Eleven O Clock,Passenger Car,Turning Right,Northbound,55,No,No,2020,DODGE,CHALLENGER,39.09540233,-76.93791833,"(39.09540233, -76.93791833)"
MCP2290001F,180032443,Montgomery County Police,Injury Crash,07/01/2018 01:08:00 PM,Maryland (State),FREDERICK RD,REDLAND BLVD,,ROCKVILLE,,STRAIGHT MOVEMENT ANGLE,CLEAR,DRY,DAYLIGHT,TRAFFIC SIGNAL,NONE DETECTED,,ECE152BC-7B95-4E27-805F-79D952E48B32,No,SUSPECTED MINOR INJURY,N/A,NOT DISTRACTED,MD,77707E15-970F-4FAF-8279-51E58F12CE9C,DISABLING,ONE OCLOCK,PASSENGER CAR,MOVING CONSTANT SPEED,East,40,No,No,2011,HONDA,CIVIC,39.11535333,-77.16642333,"(39.11535333, -77.16642333)"
MCP22390016,190021880,Montgomery County Police,Property Damage Crash,05/09/2019 02:39:00 PM,,,,PARKING LOT OF 11300 GAINSBOROUGH RD,,,OTHER,CLEAR,,DAYLIGHT,NO CONTROLS,N/A,,AC85B982-C4A5-4E97-A594-2676ED364F3F,No,NO APPARENT INJURY,N/A,NOT DISTRACTED,MD,368C7F04-4BCA-4B04-B361-A76C1744A6BB,SUPERFICIAL,SIX OCLOCK,SCHOOL BUS,PARKED,,0,No,Yes,2017,IC,BUS,39.043521,-77.173418,"(39.043521, -77.173418)"
MCP2971001R,16050982,Montgomery County Police,Injury Crash,10/04/2016 03:25:00 PM,US (State),COLUMBIA PIKE,STEWART LA,,N/A,,STRAIGHT MOVEMENT ANGLE,CLEAR,DRY,DAYLIGHT,TRAFFIC SIGNAL,NONE DETECTED,,1E100795-018E-419F-927E-15D189817637,Yes,POSSIBLE INJURY,N/A,NOT DISTRACTED,MD,B255EFFC-C892-4D32-8954-D5F8FC77386D,DISABLING,TWELVE OCLOCK,PASSENGER CAR,SLOWING OR STOPPING,South,50,No,No,2013,FORD,FUSION,39.04661086,-76.98694915,"(39.04661086, -76.98694915)"
MCP30860099,230032764,Montgomery County Police,Injury Crash,07/10/2023 07:40:00 AM,County,GOSHEN RD,STEWARTOWN RD,,N/A,,SAME DIR REAR END,CLOUDY,DRY,DAYLIGHT,NO CONTROLS,NONE DETECTED,,D23F85B7-5D44-432E-861D-BCC1D5BFC473,No,NO APPARENT INJURY,N/A,NOT DISTRACTED,MD,F7994E8B-1708-4FB7-B967-A3957B4B4F4D,DESTROYED,TWELVE OCLOCK,PICKUP TRUCK,MOVING CONSTANT SPEED,South,35,No,No,2022,TOYT,PK,39.17738333,-77.18946167,"(39.17738333, -77.18946167)"
MCP2399009F,250002412,MONTGOMERY,Property Damage Crash,01/17/2025 05:51:00 PM,County Route,,,,,,Rear To Side,Clear,Dry,Dark - Lighted,Stop Sign,"Not Suspect of Alcohol Use, Not Suspect of Drug Use",,7BF35D55-C830-4D30-BB19-517EE69C396B,Yes,No Apparent Injury,Failed to Yield Right-of-Way,Unknown,MD,84BBB817-EDFC-47F8-9D17-F10AA27D2588,Disabling,Eleven O Clock,Sport Utility Vehicle,Entering Traffic Lane,,10,No,No,2011,HONDA,PILOT,39.18670327,-77.18712664,"(39.18670327, -77.18712664)"
MCP1477000M,230068497,Montgomery County Police,Injury Crash,11/27/2023 11:06:00 AM,County,BRIGGS CHANEY RD,RAMP 1 FR US29 NB TO BRIGGS CHANEY RD WB,,N/A,,STRAIGHT MOVEMENT ANGLE,CLEAR,DRY,DAYLIGHT,TRAFFIC SIGNAL,NONE DETECTED,,10F5B8B7-FFEA-42CE-9B67-C101175EBADB,Yes,NO APPARENT INJURY,N/A,BY OTHER OCCUPANTS,MD,9A05B82A-369E-4CE8-9CF6-5322C83E7F0F,DISABLING,ONE OCLOCK,PASSENGER CAR,STARTING FROM LANE,East,35,No,No,2022,MERZ,GLC 300,39.08278549,-76.94836199,"(39.08278549, -76.94836199)"
MCP0638000B,16008795,Montgomery County Police,Property Damage Crash,02/22/2016 07:19:00 AM,Maryland (State),GERMANTOWN RD,CHARITY LA,,N/A,,SAME DIR REAR END,CLEAR,WET,DAYLIGHT,N/A,NONE DETECTED,,27FF3547-CB38-48E1-9202-6CF3C672B88A,No,NO APPARENT INJURY,"N/A, WET",NOT DISTRACTED,MD,50EAFF2E-A180-4CE9-A093-D9AED5053AC0,FUNCTIONAL,SIX OCLOCK,(SPORT) UTILITY VEHICLE,STOPPED IN TRAFFIC LANE,South,40,No,No,2015,NISSAN,SU,39.15135,-77.28854167,"(39.15135, -77.28854167)"
MCP3026007T,220020939,Montgomery County Police,Injury Crash,05/17/2022 06:56:00 AM,Maryland (State),EAST WEST HWY,WASHINGTON AVE,,N/A,,ANGLE MEETS LEFT TURN,CLEAR,DRY,DAYLIGHT,TRAFFIC SIGNAL,NONE DETECTED,,CA3D9194-B5C3-49D8-9F33-72E63A51235A,No,SUSPECTED MINOR INJURY,N/A,NOT DISTRACTED,MD,425CD55C-50BA-462C-8BB5-5503F85A1EB9,DISABLING,TWELVE OCLOCK,PASSENGER CAR,MOVING CONSTANT SPEED,West,35,No,No,2013,HONDA,ACCORD,38.99490833,-77.04565333,"(38.99490833, -77.04565333)"
MCP3010003X,190029658,Montgomery County Police,Injury Crash,06/21/2019 12:59:00 PM,Maryland (State),ROCKVILLE PIKE,NICHOLSON LA,,N/A,PEDESTRIAN,OTHER,CLEAR,DRY,DAYLIGHT,TRAFFIC SIGNAL,N/A,N/A,9E08E7CB-2CB0-4333-9BD2-02112046346F,Yes,NO APPARENT INJURY,N/A,INATTENTIVE OR LOST IN THOUGHT,MD,F9C6DCC3-5D99-4802-BB0A-0CDD6EC09897,DISABLING,TWELVE OCLOCK,PASSENGER CAR,ACCELERATING,South,40,No,No,2000,TOYOTA,CAMRY,39.04444,-77.11192667,"(39.04444, -77.11192667)"
MCP30800033,220030713,Montgomery County Police,Property Damage Crash,07/17/2022 05:29:00 PM,County,CLARKSBURG RD,PUBLIC HOUSE RD,,N/A,,OTHER,CLEAR,DRY,DAYLIGHT,STOP SIGN,NONE DETECTED,,75B401F7-674F-4616-94CC-7CB9AE201C96,Yes,NO APPARENT INJURY,N/A,UNKNOWN,MD,45AA4966-AA9B-42CC-B91B-BD2284055352,FUNCTIONAL,FOUR OCLOCK,PASSENGER CAR,ACCELERATING,North,25,No,No,2020,NISSAN,4DR,39.2419548,-77.2785916,"(39.2419548, -77.2785916)"