Report Number,Local Case Number,Agency Name,ACRS Report Type,Crash Date/Time,Route Type,Road Name,Cross-Street Name,Off-Road Description,Municipality,Related Non-Motorist,Collision Type,Weather,Surface Condition,Light,Traffic Control,Driver Substance Abuse,Non-Motorist Substance Abuse,Person ID,Driver At Fault,Injury Severity,Circumstance,Driver Distracted By,Drivers License State,Vehicle ID,Vehicle Damage Extent,Vehicle First Impact Location,Vehicle Body Type,Vehicle Movement,Vehicle Going Dir,Speed Limit,Driverless Vehicle,Parked Vehicle,Vehicle Year,Vehicle Make,Vehicle Model,Latitude,Longitude,Location
DD5595003T,170500400,Rockville Police Departme,Injury Crash,04/04/2017 06:17:00 PM,Municipality,E MIDDLE LA,MONROE ST,,ROCKVILLE,PEDESTRIAN,OTHER,CLEAR,DRY,DAYLIGHT,OTHER,NONE DETECTED,NONE DETECTED,89216E02-EB4C-4A28-ADC4-1B0C979D97AE,Yes,NO APPARENT INJURY,N/A,OTHER DISTRACTION,MD,73C05CA4-9B7F-4A69-A2E6-5E98E1B26229,NO DAMAGE,TWELVE OCLOCK,PASSENGER CAR,MOVING CONSTANT SPEED,West,25,No,No,2006,NISS,VN,39.08516617,-77.14921633,"(39.08516617, -77.14921633)"
MCP22390007,15006425,Montgomery County Police,Property Damage Crash,02/08/2015 02:32:00 PM,County,TUCKERMAN LA,DURYEA DR,,N/A,,SAME DIR REAR END,CLEAR,N/A,DAYLIGHT,NO CONTROLS,N/A,,568D593F-05DB-4C32-AA73-84B2AC54E944,Yes,NO APPARENT INJURY,N/A,UNKNOWN,MD,542095B1-F247-4650-89ED-3DA3836F1A81,DISABLING,TWELVE OCLOCK,PASSENGER CAR,SLOWING OR STOPPING,West,35,No,No,2003,HOND,VN,39.043108,-77.179394,"(39.043108, -77.179394)"
MCP1233004H,220018658,Montgomery County Police,Injury Crash,05/02/2022 03:45:00 PM,County,CEDAR LA,CHANUTE DR,,N/A,,SAME DIR REAR END,CLEAR,DRY,DAYLIGHT,NO CONTROLS,NONE DETECTED,,1EB77B74-98A7-41F8-85E9-C0BEB0CE8BE5,Yes,NO APPARENT INJURY,N/A,NOT DISTRACTED,MD,BC8F69D2-384E-4584-9C8B-CF0656A3542F,DESTROYED,TWELVE OCLOCK,PASSENGER CAR,SLOWING OR STOPPING,West,35,No,No,2008,HONDA,PILOT,39.00911333,-77.09202,"(39.00911333, -77.09202)"
MCP2785003Y,180043731,Montgomery County Police,Property Damage Crash,09/01/2018 10:42:00 PM,Maryland (State),NEW HAMPSHIRE AVE,RAMP 6 FR IS 495 EB TO MD 650 SB,,N/A,,SAME DIR REAR END,RAINING,WET,DARK LIGHTS ON,TRAFFIC SIGNAL,N/A,,3AF15E61-AFEE-421F-BE6C-D28ACB98BFE6,No,NO APPARENT INJURY,"RAIN, SNOW, WET",NOT DISTRACTED,DC,8E0B72CF-3D2E-49B2-ADD5-0077102911A0,DISABLING,EIGHT OCLOCK,PASSENGER CAR,STOPPED IN TRAFFIC LANE,South,35,No,No,2016,CHEV,MALIBU,39.01764667,-76.97718,"(39.01764667, -76.97718)"
EJ7870005B,220010505,Gaithersburg Police Depar,Property Damage Crash,03/11/2022 11:17:00 AM,Municipality,RIO BLVD,ROUNDABOUT,,N/A,,SAME DIRECTION SIDESWIPE,CLEAR,DRY,DAYLIGHT,STOP SIGN,NONE DETECTED,,F601773B-5325-439C-B98E-202E491F3C0E,Yes,NO APPARENT INJURY,N/A,LOOKED BUT DID NOT SEE,MD,6F61AD98-B9E7-4928-84F7-F42461DFB51F,FUNCTIONAL,TEN OCLOCK,PASSENGER CAR,PARKED,,25,No,Yes,2013,TOYT,CAMRY,39.11775172,-77.20043692,"(39.11775172, -77.20043692)"
MCP1151005N,16063884,Montgomery County Police,Property Damage Crash,12/13/2016 06:48:00 AM,Maryland (State),GERMANTOWN RD,RAMP 3 FR MD 118 EB TO RAMP 2 (TO IS270),,N/A,,HEAD ON LEFT TURN,CLEAR,DRY,DAWN,TRAFFIC SIGNAL,NONE DETECTED,,19FD1206-C14A-4BCC-8BDE-670E481F35D4,Yes,NO APPARENT INJURY,N/A,LOOKED BUT DID NOT SEE,MD,CEE46079-3012-4F1D-9563-285E14744BD3,DISABLING,TWELVE OCLOCK,PICKUP TRUCK,MOVING CONSTANT SPEED,West,45,No,No,2008,TOYT,TACOMA,39.18632333,-77.25332333,"(39.18632333, -77.25332333)"
MCP137800R0,190028973,Montgomery County Police,Property Damage Crash,06/17/2019 06:01:00 PM,County,SHADY GROVE RD,MUNCASTER MILL RD,,N/A,,SAME DIR REAR END,CLOUDY,DRY,DAYLIGHT,TRAFFIC SIGNAL,NONE DETECTED,,D6CFC575-34AF-4DC6-8E09-BD6D5474E95E,Yes,NO APPARENT INJURY,N/A,NOT DISTRACTED,MD,57F9F177-6EB7-4C27-AFAC-02D2EB8E0E20,SUPERFICIAL,TWELVE OCLOCK,SCHOOL BUS,ACCELERATING,North,45,No,No,2018,BLUB,BUS,39.14849964,-77.14702049,"(39.14849964, -77.14702049)"
EJ7871005V,220046435,Gaithersburg Police Depar,Injury Crash,10/22/2022 09:34:00 PM,County,MUDDY BRANCH RD,ENT TO MUDDY BRANCH SQUARE,,N/A,,ANGLE MEETS RIGHT TURN,CLEAR,DRY,DARK LIGHTS ON,TRAFFIC SIGNAL,NONE DETECTED,,54F12ED9-2027-4610-9337-2E74BBE0A1B5,No,NO APPARENT INJURY,N/A,NOT DISTRACTED,MD,C7BFCF1D-6C44-4E16-93C7-5EE8A1E84869,DISABLING,ONE OCLOCK,PASSENGER CAR,MOVING CONSTANT SPEED,North,35,No,No,2013,HYUNDAI,ELANTRA,39.13004383,-77.20719183,"(39.13004383, -77.20719183)"
MCP2586006V,230071584,Montgomery County Police,Property Damage Crash,12/13/2023 02:00:00 PM,County,DECOVERLY DR,GREAT SENECA HWY,,N/A,,SAME DIR REAR END,CLEAR,DRY,DAYLIGHT,NO CONTROLS,UNKNOWN,,77777439-D0C2-4708-8959-EE072A8E4EF4,Yes,NO APPARENT INJURY,N/A,UNKNOWN,,6A9B6DB2-A49F-4628-88A3-E6F8BC937A78,SUPERFICIAL,TWELVE OCLOCK,PASSENGER CAR,MOVING CONSTANT SPEED,West,35,No,No,2016,HONDA,CIVIC,39.10615274,-77.20810994,"(39.10615274, -77.20810994)"
DD5614001W,17001315,Rockville Police Departme,Property Damage Crash,01/08/2017 04:32:00 PM,Maryland (State),W MONTGOMERY AVE,W GUDE DR,,ROCKVILLE,,STRAIGHT MOVEMENT ANGLE,CLEAR,DRY,DAYLIGHT,TRAFFIC SIGNAL,NONE DETECTED,,E8CF4F2F-5C88-4F56-A7B4-1E7CB4E88C82,Yes,NO APPARENT INJURY,N/A,UNKNOWN,MD,2CDBAD51-B42A-4830-890E-A7486775C206,FUNCTIONAL,TWELVE OCLOCK,VAN,SLOWING OR STOPPING,North,45,No,No,2017,DODGE,VAN,39.099165,-77.18424,"(39.099165, -77.18424)"
DD5644002X,220036641,Rockville Police Departme,Injury Crash,08/24/2022 06:19:00 PM,County,E GUDE DR,SOUTHLAWN LA,,N/A,BICYCLIST,OTHER,CLEAR,DRY,DUSK,TRAFFIC SIGNAL,NONE DETECTED,NONE DETECTED,EB8C0C27-C39B-46D1-BAED-C8EB7217F73D,Yes,NO APPARENT INJURY,N/A,LOOKED BUT DID NOT SEE,AL,B1A2FE79-1D77-498E-AAA9-4235CC932C26,SUPERFICIAL,TWELVE OCLOCK,PASSENGER CAR,RIGHT TURN ON RED,West,35,No,No,2018,KIA,SOUL,39.0979889,-77.1364997,"(39.0979889, -77.1364997)"
MCP27520021,170537242,Montgomery County Police,Property Damage Crash,10/17/2017 07:00:00 PM,Maryland (State),GOLDSBORO RD,MASSACHUSETTS AVE,,N/A,,ANGLE MEETS LEFT TURN,CLEAR,DRY,DARK LIGHTS ON,TRAFFIC SIGNAL,NONE DETECTED,,26E3C9AB-2B5B-4446-9170-E452DB16D486,Yes,NO APPARENT INJURY,N/A,NOT DISTRACTED,MD,0D3F8C89-1E75-47EC-BEA7-7612D08E9CE1,DISABLING,TWELVE OCLOCK,(SPORT) UTILITY VEHICLE,MAKING LEFT TURN,West,35,No,No,2011,SUBA,TK,38.970068,-77.130831,"(38.970068, -77.130831)"
MCP229800BR,16066750,Montgomery County Police,Property Damage Crash,12/28/2016 11:38:00 AM,County,WISTERIA DR,GERMANTOWN RD,,N/A,,SAME DIR REAR END,CLEAR,DRY,DAYLIGHT,TRAFFIC SIGNAL,NONE DETECTED,,BD976FDF-3C98-45BD-BE81-E937BC54DA22,No,NO APPARENT INJURY,N/A,NOT DISTRACTED,MD,B5C17F51-DD0C-4400-BEB9-137D8C9D53BE,FUNCTIONAL,SIX OCLOCK,"OTHER LIGHT TRUCKS (10,000LBS (4,536KG) OR LESS)",SLOWING OR STOPPING,East,35,No,No,2011,FORD,TK,39.16664167,-77.281035,"(39.16664167, -77.281035)"
DD5645001X,220018920,Rockville Police Departme,Property Damage Crash,05/04/2022 10:21:00 AM,Maryland (State),W MONTGOMERY AVE,NELSON ST,,ROCKVILLE,,SAME DIR REAR END,RAINING,WET,DAYLIGHT,NO CONTROLS,NONE DETECTED,,722E8DFE-B5CE-49B9-A70E-643EADEC075F,Yes,NO APPARENT INJURY,N/A,UNKNOWN,MD,478F2948-2D42-4158-BC70-78014CDAE0E4,FUNCTIONAL,TWELVE OCLOCK,PASSENGER CAR,SLOWING OR STOPPING,West,30,No,No,2004,HOND,CP,39.0857766,-77.17055548,"(39.0857766, -77.17055548)"
MCP3069004R,210010746,Montgomery County Police,Property Damage Crash,03/22/2021 01:10:00 PM,Maryland (State),EAST WEST HWY,CONNECTICUT AVE,,N/A,,SAME DIR REAR END,CLEAR,DRY,DAYLIGHT,TRAFFIC SIGNAL,NONE DETECTED,,C67D46BA-147D-4116-8639-A4BE87030217,Yes,NO APPARENT INJURY,N/A,LOOKED BUT DID NOT SEE,MD,5CC62BB2-7E0B-4A55-8944-13495E730B6F,DISABLING,TWELVE OCLOCK,VAN,ACCELERATING,West,35,No,No,2013,NISSAN,NV3500,38.987595,-77.077245,"(38.987595, -77.077245)"
MCP3002003K,190019528,Montgomery County Police,Property Damage Crash,04/26/2019 08:27:00 AM,County,WISCONSIN CIR,WISCONSIN AVE,,N/A,,SAME DIRECTION SIDESWIPE,CLOUDY,DRY,DAYLIGHT,NO CONTROLS,NONE DETECTED,,0B69E163-A2AC-46DA-AEC8-7042390F5916,Yes,NO APPARENT INJURY,"BACKUP DUE TO REGULAR CONGESTION, N/A",NOT DISTRACTED,DC,49DFEE70-B7F5-46C1-90CB-94CEE8DF9C74,FUNCTIONAL,FOUR OCLOCK,TRANSIT BUS,CHANGING LANES,West,30,No,No,2012,DAIMLER,TRANSIT,38.96166883,-77.0863,"(38.96166883, -77.0863)"
MCP3160001X,190042375,Montgomery County Police,Property Damage Crash,09/04/2019 03:00:00 PM,County,BRADMOOR DR,EWING CT,,N/A,,SAME DIR REAR END,CLEAR,DRY,DAYLIGHT,STOP SIGN,NONE DETECTED,,C0EB8E1F-5944-4964-A79F-1D0D07105B6B,Yes,NO APPARENT INJURY,N/A,LOOKED BUT DID NOT SEE,MD,074B9BD6-9588-4B04-A601-CF58AD774DDF,SUPERFICIAL,TWELVE OCLOCK,SCHOOL BUS,MOVING CONSTANT SPEED,South,25,No,No,2017,THOM,BU,39.00278,-77.12318167,"(39.00278, -77.12318167)"
MCP2927003L,200037250,Montgomery County Police,Injury Crash,09/22/2020 05:51:00 PM,Maryland (State),GEORGIA AVE,WHITE OAK DR,,N/A,,SAME DIR REAR END,N/A,DRY,DAYLIGHT,NO CONTROLS,NONE DETECTED,,D248778D-A773-4877-A06C-89EDFEFFD73D,Unknown,SUSPECTED MINOR INJURY,N/A,NOT DISTRACTED,DC,34B5C88B-3B8C-4748-8FE9-CF12EF61FFE2,DISABLING,SEVEN OCLOCK,PASSENGER CAR,MOVING CONSTANT SPEED,North,35,No,No,2017,VOLKSWAGON,GTI,39.01037367,-77.04081336,"(39.01037367, -77.04081336)"
MCP2845002N,170507374,Montgomery County Police,Injury Crash,05/12/2017 11:45:00 AM,US (State),COLESVILLE RD,SOUTHWOOD AVE,,N/A,,SAME DIR REAR END,CLOUDY,DRY,DAYLIGHT,NO CONTROLS,NONE DETECTED,,07278DB4-EF87-4728-96B4-CC44A4D1134B,No,POSSIBLE INJURY,N/A,NOT DISTRACTED,MD,6E26F38D-C444-46CE-B6FC-B43F33C70B9C,FUNCTIONAL,SIX OCLOCK,PASSENGER CAR,SLOWING OR STOPPING,South,40,No,No,1997,NISSAN,ALTIMA,39.02903,-77.00756,"(39.02903, -77.00756)"
MCP2635005L,19003006,Montgomery County Police,Injury Crash,06/23/2019 03:05:00 PM,Maryland (State),OLNEY SANDY SPRING RD,VILLAGE CENTER DR,,N/A,,HEAD ON LEFT TURN,CLEAR,DRY,DAYLIGHT,TRAFFIC SIGNAL,N/A,,8F06859F-EB86-4031-8615-5DFFDEA18B5A,Yes,NO APPARENT INJURY,N/A,UNKNOWN,MD,15BE6B13-68B8-4DCE-9822-048BD9304963,DESTROYED,THREE OCLOCK,PASSENGER CAR,MAKING LEFT TURN,East,30,No,No,2008,SUZUKI,SX4,39.15194833,-77.06420667,"(39.15194833, -77.06420667)"
MCP2969000B,15019670,Montgomery County Police,Property Damage Crash,04/26/2015 01:37:00 PM,County,AMHERST AVE,BLUERIDGE AVE,,N/A,,SAME DIRECTION SIDESWIPE,CLEAR,DRY,DAYLIGHT,NO CONTROLS,NONE DETECTED,,745C9FC5-9494-464C-8910-F6B28759EF1A,Yes,NO APPARENT INJURY,N/A,NOT DISTRACTED,MD,5CEFB1B4-091B-4BB6-B05A-6E7A01B3E16E,SUPERFICIAL,THREE OCLOCK,TRANSIT BUS,MOVING CONSTANT SPEED,South,25,No,No,2012,GILLIG,G30D102N4 (BUS),39.0439882,-77.04784334,"(39.0439882, -77.04784334)"
MCP2094009Z,180010113,Montgomery County Police,Injury Crash,02/27/2018 11:56:00 AM,County,MONTROSE RD,TOWER OAKS BLVD,,ROCKVILLE,,SAME DIR REAR END,CLEAR,DRY,DAYLIGHT,TRAFFIC SIGNAL,NONE DETECTED,,7864EC3C-0F59-4B4A-B1B0-4E260148CAC7,Yes,SUSPECTED SERIOUS INJURY,N/A,UNKNOWN,MD,1EB85404-AE8F-4605-B4F0-D195EB9A4B89,DISABLING,TWELVE OCLOCK,(SPORT) UTILITY VEHICLE,MOVING CONSTANT SPEED,East,35,No,No,2013,TOYT,RAV-4,39.055624,-77.14988933,"(39.055624, -77.14988933)"
MCP3020002W,180059090,Montgomery County Police,Injury Crash,11/26/2018 01:20:00 PM,County,CONNECTICUT AVE,GEORGIA AVE,,N/A,,STRAIGHT MOVEMENT ANGLE,RAINING,WET,DAYLIGHT,NO CONTROLS,NONE DETECTED,,F190F2BE-7752-484E-9067-A12E9436A5BC,No,POSSIBLE INJURY,"N/A, RAIN, SNOW",NOT DISTRACTED,MD,E06617BD-1369-4D20-9939-776315549FFB,DISABLING,TWELVE OCLOCK,PASSENGER CAR,MOVING CONSTANT SPEED,South,35,No,No,2005,TOYOTA,COROLLA,39.08471833,-77.07591167,"(39.08471833, -77.07591167)"
MCP9366000P,16080829,Montgomery County Police,Injury Crash,11/26/2016 11:40:00 PM,Maryland (State),GEORGIA AVE,NORBECK RD,,N/A,,ANGLE MEETS LEFT HEAD ON,CLEAR,DRY,DARK LIGHTS ON,TRAFFIC SIGNAL,ALCOHOL PRESENT,,BC167C75-520F-4C6F-9CDD-24356BDEB277,Yes,NO APPARENT INJURY,N/A,UNKNOWN,MD,77F7AB26-16A2-4855-B287-DF1A294EEFAA,DISABLING,TWELVE OCLOCK,OTHER,MOVING CONSTANT SPEED,West,45,No,No,2016,FORD,EXPLORER,39.10996167,-77.07599667,"(39.10996167, -77.07599667)"
MCP2848007B,180046466,Montgomery County Police,Property Damage Crash,09/17/2018 01:51:00 PM,County,TILDEN LA,DANVILLE DR,,N/A,,HEAD ON LEFT TURN,RAINING,WET,DAYLIGHT,STOP SIGN,NONE DETECTED,,AB4A45AE-2B7E-45E5-BEAF-AB51A8931CBF,Yes,NO APPARENT INJURY,"N/A, WET",NOT DISTRACTED,MD,514C5D58-688C-48F8-94BC-1444C2CE41CB,DISABLING,ELEVEN OCLOCK,PASSENGER CAR,MAKING LEFT TURN,South,30,No,No,2015,JEEP,GRAND CHEROKEE,39.04352302,-77.12932631,"(39.04352302, -77.12932631)"
MCP2565003C,16058675,Montgomery County Police,Property Damage Crash,11/14/2016 03:42:00 PM,Maryland (State),CONNECTICUT AVE,PLYERS MILL RD,,N/A,,SAME DIR REAR END,CLEAR,DRY,DAYLIGHT,NO CONTROLS,NONE DETECTED,,1AAD0AD7-3BAF-4F0B-90A6-D75E295FB5EA,No,NO APPARENT INJURY,N/A,NOT DISTRACTED,MD,4C9DA1E7-DB53-47E3-B8AF-ED8342B36449,SUPERFICIAL,TWELVE OCLOCK,(SPORT) UTILITY VEHICLE,SLOWING OR STOPPING,North,35,No,No,2016,TOYOTA,RAV4,39.02963577,-77.07582951,"(39.02963577, -77.07582951)"
MCP3004002H,180045414,Montgomery County Police,Property Damage Crash,09/11/2018 05:35:00 PM,Maryland (State),CONNECTICUT AVE,EAST WEST HWY,,N/A,,OTHER,CLOUDY,N/A,DAYLIGHT,N/A,UNKNOWN,,FE4138E4-746B-480B-9728-7F8FB38A2D4E,No,NO APPARENT INJURY,N/A,NOT DISTRACTED,MD,265A1560-E16E-4EDC-8CAF-D53AEBF9601D,UNKNOWN,ELEVEN OCLOCK,PASSENGER CAR,STOPPED IN TRAFFIC LANE,West,35,No,No,2004,TOYOTA,CAMRY,38.98793964,-77.07733396,"(38.98793964, -77.07733396)"
MCP3090007H,240025270,MONTGOMERY,Property Damage Crash,05/28/2024 05:25:00 PM,County Route,SHADY GROVE RD,,,,,"Sideswipe, Same Direction",Clear,Dry,Daylight,No Controls,"Not Suspect of Alcohol Use, Not Suspect of Drug Use",,ACD847EC-C134-4334-9D58-A4377AC18226,No,No Apparent Injury,,Not Distracted,MD,6281E489-0F91-4F82-B0E4-D2C0990E5223,Superficial,One O Clock,Sport Utility Vehicle,Moving Constant Speed,Northbound,40,No,,2022,HONDA,CR-V,39.14836182,-77.1472975,"(39.14836182, -77.1472975)"
MCP3165004W,230061922,Montgomery County Police,Property Damage Crash,10/22/2023 06:30:00 AM,Maryland (State),SANDY SPRING RD,SPUR TO US 29A,,N/A,,ANGLE MEETS LEFT TURN,CLOUDY,DRY,DARK LIGHTS ON,TRAFFIC SIGNAL,NONE DETECTED,,3222A20A-FFE2-419E-8036-8A94769217BD,Yes,NO APPARENT INJURY,N/A,NOT DISTRACTED,AB,A7E434B2-1F04-468E-8D19-2F2E2352774B,FUNCTIONAL,TWELVE OCLOCK,VAN,MOVING CONSTANT SPEED,West,45,No,No,2003,TOYT,PV,39.111794,-76.92891117,"(39.111794, -76.92891117)"
MCP2353009D,210036503,Montgomery County Police,Property Damage Crash,09/16/2021 11:10:00 AM,Maryland (State),CONNECTICUT AVE,ROSEMARY ST #2,,CHEVY CHASE #4,,SAME DIRECTION SIDESWIPE,CLOUDY,DRY,DAYLIGHT,NO CONTROLS,NONE DETECTED,,C15B2670-C28B-4FB5-87C1-D26FC994EFBB,Yes,NO APPARENT INJURY,N/A,UNKNOWN,MD,CE385672-D5CE-43E8-9EC1-2C8869415EC2,DESTROYED,TWELVE OCLOCK,(SPORT) UTILITY VEHICLE,MOVING CONSTANT SPEED,South,30,No,No,2017,HONDA,CRV,38.978665,-77.077265,"(38.978665, -77.077265)"
DD56490031,230016157,Rockville Police Departme,Injury Crash,04/04/2023 07:05:00 PM,Municipality,WOOTTON PKWY,ROCKVILLE PIKE,,N/A,,OTHER,N/A,DRY,DAYLIGHT,TRAFFIC SIGNAL,N/A,,0B9E1341-CD93-4B73-9959-B57637671A06,No,NO APPARENT INJURY,N/A,NOT DISTRACTED,XX,DD4A40C5-8108-4A42-AE46-529D69E58841,DISABLING,TWELVE OCLOCK,PASSENGER CAR,MOVING CONSTANT SPEED,South,35,No,No,2022,TOYT,SD,39.07450105,-77.13568919,"(39.07450105, -77.13568919)"
MCP2967005T,240031304,MONTGOMERY,Injury Crash,07/02/2024 07:34:00 PM,Interstate (State),CAPITAL BELTWAY,,,,,"Sideswipe, Same Direction",Clear,Dry,Daylight,No Controls,"Not Suspect of Alcohol Use, Not Suspect of Drug Use",,07F61FB1-5010-4907-93D5-D1B33AD04886,No,Possible Injury,,Unknown,,AB4144AF-BDFB-402A-8F56-264645A62B7C,Disabling,Nine O Clock,Sport Utility Vehicle,Accelerating,Northbound,55,No,No,2013,CHEVROLET,EQUINOX,38.97255688,-77.17880332,"(38.97255688, -77.17880332)"
MCP20460040,15036468,MONTGOMERY,Injury Crash,07/24/2015 07:59:00 AM,County,CHERRY HILL RD,BROADBIRCH DR,,N/A,,HEAD ON,CLEAR,DRY,DAYLIGHT,N/A,NONE DETECTED,,A4C853CE-9787-4F57-9953-A3C715E3E89D,Yes,NO APPARENT INJURY,N/A,NOT DISTRACTED,MD,454FB3FD-25FF-444F-B2E6-DF5A892F3D6D,DISABLING,ONE OCLOCK,(SPORT) UTILITY VEHICLE,SKIDDING,West,40,No,No,2004,CHEVY,SUBURBAN,39.0562341,-76.95441127,"(39.0562341, -76.95441127)"
MCP3055001D,180033692,Montgomery County Police,Injury Crash,07/08/2018 12:20:00 PM,Maryland (State),NORBECK RD,GEORGIA AVE,,N/A,,SAME DIR REAR END,CLEAR,DRY,DAYLIGHT,TRAFFIC SIGNAL,N/A,,BAF6515D-62E1-4C82-BB99-7B2F527A4190,No,SUSPECTED MINOR INJURY,N/A,NOT DISTRACTED,PA,95F0B817-E5A5-46BC-9568-F30F767A434F,FUNCTIONAL,SIX OCLOCK,PASSENGER CAR,STOPPED IN TRAFFIC LANE,West,40,No,No,2007,TOYOTA,4S,39.109745,-77.07504667,"(39.109745, -77.07504667)"
MCP29830030,180046671,Montgomery County Police,Injury Crash,09/18/2018 06:18:00 PM,US (State),COLESVILLE RD,DALE DR,,N/A,,SAME DIR REAR END,CLEAR,DRY,DAYLIGHT,TRAFFIC SIGNAL,NONE DETECTED,,40E665FC-00AF-4CFA-8F53-AC5FFF7E77A7,No,NO APPARENT INJURY,"BACKUP DUE TO REGULAR CONGESTION, N/A",NOT DISTRACTED,MD,C4783583-6357-4DC7-8625-C1AF6BEA121F,SUPERFICIAL,SIX OCLOCK,PASSENGER CAR,SLOWING OR STOPPING,North,35,No,No,2008,TOYT,4S,39.00513888,-77.02293831,"(39.00513888, -77.02293831)"
MCP2871007W,220025252,Montgomery County Police,Property Damage Crash,06/12/2022 04:29:00 PM,,GRAND PARK AVE,PERSEI PL,,N/A,,OTHER,CLEAR,DRY,DAYLIGHT,STOP SIGN,NONE DETECTED,,7A8E46A9-FED4-4E07-927A-B8E419947A3C,Yes,NO APPARENT INJURY,N/A,NOT DISTRACTED,MD,53F6D290-C1E7-481F-A9D0-11E07C15B4B0,FUNCTIONAL,FIVE OCLOCK,FIRE VEHICLE/EMERGENCY,MAKING LEFT TURN,East,25,No,No,2007,PIER,FIRE TRUCK,39.04934667,-77.11732667,"(39.04934667, -77.11732667)"
MCP23760009,15038001,MONTGOMERY,Property Damage Crash,07/31/2015 10:01:00 PM,County,HUNTINGTON PKWY,IRVINGTON AVE,,N/A,,SAME DIR REAR END,CLEAR,DRY,DARK LIGHTS ON,NO CONTROLS,ALCOHOL PRESENT,,7248FF95-6F1C-4AEA-98D9-8DF9BF121AEB,Yes,NO APPARENT INJURY,N/A,UNKNOWN,DC,6C8FBADC-D55B-4927-8F1D-43F4282FCF45,DISABLING,TWELVE OCLOCK,PASSENGER CAR,MOVING CONSTANT SPEED,West,25,No,No,2002,AUDI,A4,38.99299667,-77.11759167,"(38.99299667, -77.11759167)"
DD5649003Z,250020981,ROCKVILLE,Injury Crash,05/12/2025 06:52:00 PM,Maryland (State) Route,ROCKVILLE PIKE,,,,,Rear To Rear,Clear,Dry,Daylight,Flashing Traffic Control Signal,"Not Suspect of Alcohol Use, Not Suspect of Drug Use",,3EC108D0-02B4-4D64-8224-87D4DF636EBE,No,No Apparent Injury,,Not Distracted,MD,23E4A9E9-B3AF-40B8-B4BF-057A4BBA13A5,Functional,Twelve O Clock,Passenger Car,Slowing or Stopping,Northbound,35,No,No,2018,HONDA,CIVIC,39.07284844,-77.13382746,"(39.07284844, -77.13382746)"
MCP31140017,190016533,Montgomery County Police,Property Damage Crash,04/09/2019 04:09:00 PM,County,GATESHEAD MANOR WAY,BRIGGS CHANEY RD,,N/A,,SAME DIRECTION SIDESWIPE,CLEAR,N/A,DAYLIGHT,N/A,N/A,,C9E82F2C-9046-4817-A5B1-2B8C0927302E,No,NO APPARENT INJURY,N/A,NOT DISTRACTED,MD,3AC22FF0-CFD1-4235-9674-067B22892539,SUPERFICIAL,SEVEN OCLOCK,TRANSIT BUS,SLOWING OR STOPPING,South,35,No,No,2006,TBU,BUS,39.07817667,-76.94148333,"(39.07817667, -76.94148333)"
MCP3010006V,220025756,Montgomery County Police,Property Damage Crash,06/15/2022 01:15:00 PM,Maryland (State),ROCKVILLE PIKE,FLANDERS AVE,,N/A,,ANGLE MEETS LEFT TURN,CLEAR,DRY,DAYLIGHT,STOP SIGN,N/A,,BA1E4912-D1B0-48AA-A762-8776264DD176,Yes,NO APPARENT INJURY,N/A,NOT DISTRACTED,MD,5583DDC1-2997-46EF-BE03-65D7106968ED,FUNCTIONAL,FOUR OCLOCK,PASSENGER CAR,MAKING LEFT TURN,South,40,No,No,2007,LEXU,4S,39.03883333,-77.10798667,"(39.03883333, -77.10798667)"
MCP27560065,240056660,MONTGOMERY,Injury Crash,11/25/2024 07:06:00 PM,Maryland (State) Route,UNIVERSITY BLVD W,FERN ST,,,,Angle,Clear,Dry,Dark - Lighted,Stop Sign,"Not Suspect of Alcohol Use, Not Suspect of Drug Use",,7119F070-3222-436D-8986-1E4F891C0EBE,Yes,Possible Injury,Failed to Yield Right-of-Way,Not Distracted,MD,155933D0-E378-4E69-98CB-5F0A2562907B,Functional,Eleven O Clock,Passenger Car,Turning Right,Northbound,30,No,No,1999,TOYOTA,AVALON,39.04143871,-77.0492343,"(39.04143871, -77.0492343)"
MCP3109005B,210011302,Montgomery County Police,Property Damage Crash,03/26/2021 06:30:00 AM,Maryland (State),GEORGIA AVE,TILTON DR,,N/A,,HEAD ON LEFT TURN,RAINING,WET,DARK LIGHTS ON,NO CONTROLS,NONE DETECTED,,A2110DF7-C419-4CC5-9790-F215EB833DDE,Yes,NO APPARENT INJURY,"RAIN, SNOW, WET",LOOKED BUT DID NOT SEE,MD,2EC60FD4-157A-410B-BB32-65041BAEB05F,FUNCTIONAL,TWELVE OCLOCK,PASSENGER CAR,MAKING LEFT TURN,South,35,No,No,2014,JEEP,SUV,39.0188865,-77.04371817,"(39.0188865, -77.04371817)"
MCP15750086,190003530,Montgomery County Police,Injury Crash,01/23/2019 12:37:00 PM,Maryland (State),FIRST ST,MAPLE AVE,,ROCKVILLE,,SAME DIR REAR END,CLOUDY,DRY,DAYLIGHT,NO CONTROLS,NONE DETECTED,,521F97B4-7295-41EF-95B8-6FB3908DA1C4,No,NO APPARENT INJURY,N/A,NOT DISTRACTED,MD,93EF8C35-78EC-4E50-9363-F120E5DFF0C4,FUNCTIONAL,SIX OCLOCK,PASSENGER CAR,SLOWING OR STOPPING,East,40,No,No,2010,HYUN,4S,39.08265,-77.136835,"(39.08265, -77.136835)"