Report Number,Local Case Number,Agency Name,ACRS Report Type,Crash Date/Time,Route Type,Road Name,Cross-Street Name,Off-Road Description,Municipality,Related Non-Motorist,Collision Type,Weather,Surface Condition,Light,Traffic Control,Driver Substance Abuse,Non-Motorist Substance Abuse,Person ID,Driver At Fault,Injury Severity,Circumstance,Driver Distracted By,Drivers License State,Vehicle ID,Vehicle Damage Extent,Vehicle First Impact Location,Vehicle Body Type,Vehicle Movement,Vehicle Going Dir,Speed Limit,Driverless Vehicle,Parked Vehicle,Vehicle Year,Vehicle Make,Vehicle Model,Latitude,Longitude,Location
MCP3109001K,180057133,Montgomery County Police,Property Damage Crash,11/14/2018 12:00:00 PM,,,,PARKING GARAGE @ CAMERON & 2ND AVE,,,OPPOSITE DIR BOTH LEFT TURN,CLEAR,,DAYLIGHT,NO CONTROLS,UNKNOWN,,44353FDE-3280-4006-8EB4-A82ED707308A,Yes,NO APPARENT INJURY,N/A,UNKNOWN,,84EF3D68-6558-4F15-9750-60E0ECB32367,SUPERFICIAL,ONE OCLOCK,PASSENGER CAR,PARKING,North,0,No,No,2010,HYUNDAI,4D,38.99658383,-77.03074433,"(38.99658383, -77.03074433)"
MCP3134002M,200051245,Montgomery County Police,Property Damage Crash,12/29/2020 04:49:00 PM,Maryland (State),OLD COLUMBIA PIKE,ENT TO OLD COLUMBIA SHOPPING CENTER,,N/A,,STRAIGHT MOVEMENT ANGLE,CLEAR,DRY,DAYLIGHT,STOP SIGN,N/A,,12D38383-B38C-486D-B413-7C54AB271727,No,NO APPARENT INJURY,N/A,NOT DISTRACTED,MD,C851BA98-765E-4F21-9A2C-D82FBED5F3AB,FUNCTIONAL,ELEVEN OCLOCK,PASSENGER CAR,MOVING CONSTANT SPEED,South,15,No,No,2002,TOYT,AVALON,39.11110333,-76.9342275,"(39.11110333, -76.9342275)"
MCP2965002G,170534655,Montgomery County Police,Property Damage Crash,10/04/2017 07:17:00 AM,Maryland (State),NEW HAMPSHIRE AVE,RANDOLPH RD,,N/A,,SAME DIR REAR END,CLEAR,DRY,DAYLIGHT,TRAFFIC SIGNAL,NONE DETECTED,,3E5B5600-C8CF-4711-8DEB-710932503B8E,Yes,NO APPARENT INJURY,N/A,NOT DISTRACTED,MD,4ACA7293-D5F4-465B-9B51-E0EB642ED233,SUPERFICIAL,TWELVE OCLOCK,PASSENGER CAR,SLOWING OR STOPPING,North,40,No,No,2016,TOYOTA,CAMRY,39.07543167,-77.00175667,"(39.07543167, -77.00175667)"
MCP271700NT,190025911,Montgomery County Police,Property Damage Crash,05/31/2019 07:10:00 AM,County,ROCKLEDGE BLVD,ROCKLEDGE DR,,N/A,,OTHER,CLEAR,DRY,DAYLIGHT,TRAFFIC SIGNAL,NONE DETECTED,,F357E77D-E814-40C4-970D-1EFEED30C498,No,NO APPARENT INJURY,N/A,NOT DISTRACTED,MD,1172E60A-0776-4F54-B738-A3E730AFC51B,DISABLING,TWELVE OCLOCK,PASSENGER CAR,MOVING CONSTANT SPEED,North,35,No,No,2002,TOYOTA,COROLLA,39.02925817,-77.13214283,"(39.02925817, -77.13214283)"
MCP3096001Z,190015108,Montgomery County Police,Injury Crash,04/01/2019 05:09:00 PM,Maryland (State),HUNGERFORD DR,COLLEGE PKWY,,ROCKVILLE,,SAME DIRECTION RIGHT TURN,CLEAR,DRY,DAYLIGHT,NO CONTROLS,NONE DETECTED,,DBD8D07F-6E49-4976-8FB9-3A6A5117AB1F,No,SUSPECTED SERIOUS INJURY,N/A,NOT DISTRACTED,MD,48DA9CC5-3E0D-46B3-AA04-369CD9329CBA,DESTROYED,TWELVE OCLOCK,OTHER,MOVING CONSTANT SPEED,South,35,No,No,2000,GRUMMAN,LLV,39.10395667,-77.15637,"(39.10395667, -77.15637)"
MCP3433000J,250027882,MONTGOMERY,Injury Crash,06/23/2025 05:31:00 AM,Maryland (State) Route,FREDERICK RD,RIDGE RD (SB/L),,,,Angle,Clear,Dry,Daylight,Traffic Control Signal,"Not Suspect of Alcohol Use, Not Suspect of Drug Use",,2EA2797C-8B6C-435A-9071-7852F00BDD30,No,Suspected Serious Injury,,Unknown,MD,0446470A-7F71-48FC-B87D-D0BBAB183F0E,Functional,Nine O Clock,Motorcycle - 2 Wheeled,Moving Constant Speed,Northbound,40,No,No,2024,HARLEY-DAVIDSON,FLTRX / ROAD GLIDE,39.20463747,-77.24604056,"(39.20463747, -77.24604056)"
MCP13340020,15009431,Montgomery County Police,Property Damage Crash,02/27/2015 12:20:00 PM,Maryland (State),MONTGOMERY VILLAGE AVE,CHRISTOPHER AVE,,N/A,,HEAD ON LEFT TURN,CLEAR,DRY,DAYLIGHT,TRAFFIC SIGNAL,NONE DETECTED,,D2DF8B67-A79F-4FDF-8F47-C3760A747E69,No,NO APPARENT INJURY,N/A,NOT DISTRACTED,MD,AFCB6038-59C0-437B-B3CC-16A37B4B3701,DISABLING,TWELVE OCLOCK,PASSENGER CAR,MOVING CONSTANT SPEED,South,35,No,No,2014,NISSAN,SENTRA,39.15827833,-77.204535,"(39.15827833, -77.204535)"
MCP1378004B,15005895,Montgomery County Police,Injury Crash,02/05/2015 02:50:00 PM,County,SHADY GROVE RD,RAMP 5 FR IS 270 SB TO SHADY GROVE RD,,N/A,,STRAIGHT MOVEMENT ANGLE,CLOUDY,DRY,DAYLIGHT,TRAFFIC SIGNAL,NONE DETECTED,,CEEDE3FF-1F7E-4B75-893C-374241AC6760,Yes,SUSPECTED MINOR INJURY,N/A,NOT DISTRACTED,MD,9D97C751-3C90-4130-A68B-1742F78B2C0E,DISABLING,TWELVE OCLOCK,(SPORT) UTILITY VEHICLE,MOVING CONSTANT SPEED,South,45,No,No,2012,FORD,ESCAPE,39.109585,-77.18829167,"(39.109585, -77.18829167)"
MCP3352001J,240015099,MONTGOMERY,Injury Crash,03/31/2024 09:30:00 PM,Spur,,FREDERICK RD,,,,Front to Rear,Clear,Dry,Dark - Lighted,Traffic Control Signal,"Not Suspect of Alcohol Use, Not Suspect of Drug Use",,89BF1D6F-530F-413D-A7D2-B54951EC98D5,No,No Apparent Injury,,"Other Action (looking away from task, etc.)",MD,9BCE1205-B91E-4BDB-9D49-338DE398D3DC,Superficial,Twelve O Clock,Passenger Car,Moving Constant Speed,Northbound,35,No,,2014,SUBARU,XV CROSSTREK,39.14987768,-77.20861083,"(39.14987768, -77.20861083)"
MCP06130019,190011758,Montgomery County Police,Injury Crash,03/14/2019 07:54:00 AM,Maryland (State),GEORGIA AVE,HEATHFIELD RD,,N/A,,SAME DIR REAR END,CLEAR,DRY,DAYLIGHT,N/A,NONE DETECTED,,15D0FC5B-362D-4A97-8CB7-987A634489CF,No,POSSIBLE INJURY,N/A,NOT DISTRACTED,MD,94C519B5-8A71-4701-93A0-41FBAF088C2C,FUNCTIONAL,SIX OCLOCK,SCHOOL BUS,STOPPED IN TRAFFIC LANE,North,50,No,No,2014,THOMAS,BUS,39.08808333,-77.07979667,"(39.08808333, -77.07979667)"
EJ78750064,250005919,GAITHERSBURG,Property Damage Crash,02/09/2025 06:05:00 PM,Maryland (State) Route,QUINCE ORCHARD RD,FIRSTFIELD RD,,,,Angle,Clear,Dry,Dark - Lighted,Traffic Control Signal,"Not Suspect of Alcohol Use, Not Suspect of Drug Use",,D817B33D-5C74-47E7-AAD2-C92D02F9E9EB,No,No Apparent Injury,,Not Distracted,MD,B0AF5D96-303E-4918-B3E2-DD6852BC6EA0,Functional,Eleven O Clock,Passenger Car,Stopped in Traffic,Northbound,25,No,No,2014,JEEP,CHEROKEE,39.14512459,-77.22006265,"(39.14512459, -77.22006265)"
MCP2934003P,190022136,Montgomery County Police,Property Damage Crash,05/10/2019 06:30:00 PM,Maryland (State),RIVER RD,FENWAY DR,,N/A,,SAME DIRECTION SIDESWIPE,CLEAR,DRY,DAYLIGHT,STOP SIGN,NONE DETECTED,,2EFC38A0-FE61-48FF-AD3A-24EFF80A2A87,No,NO APPARENT INJURY,N/A,NOT DISTRACTED,MD,435115BC-BD8E-47BC-A5AA-8ECC20838B54,SUPERFICIAL,ELEVEN OCLOCK,TRANSIT BUS,STOPPED IN TRAFFIC LANE,East,40,No,No,2006,TBU,BUS,38.99911833,-77.17405333,"(38.99911833, -77.17405333)"
MCP9128000L,16023965,Montgomery County Police,Property Damage Crash,05/14/2016 10:36:00 AM,County,CONNECTICUT AVE,GRAND PRE RD,,N/A,,HEAD ON LEFT TURN,CLEAR,DRY,DAYLIGHT,NO CONTROLS,NONE DETECTED,,B5BD3E1D-877C-4989-A064-50EE434BA658,Yes,NO APPARENT INJURY,N/A,NOT DISTRACTED,MD,6EF49E62-0AA7-4736-A3D0-88A291C1E988,FUNCTIONAL,TWELVE OCLOCK,VAN,MAKING LEFT TURN,North,30,No,No,1996,DODGE,CARAVAN,39.08461833,-77.07594667,"(39.08461833, -77.07594667)"
MCP3362004D,240046586,MONTGOMERY,Property Damage Crash,09/30/2024 07:38:00 AM,Maryland (State) Route,PINEY BRANCH RD,,,,,Single Vehicle,Rain,Wet,Dawn,"Other Pavement Marking (excluding edgelines, centerlines, or lane lines)","Not Suspect of Alcohol Use, Not Suspect of Drug Use",,B6ACAB79-A044-4789-8D00-0CF0E4DE188F,No,No Apparent Injury,"Improper Turn, Over-Correcting/Over-Steering, Swerved or Avoided Due to Wind, Slippery Surface, Motor Vehicle, Object, Non-Motorist in Roadway, etc",Unknown,MD,FB1AF180-D280-4DBB-BE30-70EB531824BE,Disabling,One O Clock,Passenger Car,Entering Traffic Lane,Westbound,25,No,No,2023,TOYOTA,CAMRY,39.00115643,-76.98828142,"(39.00115643, -76.98828142)"
MCP27650049,170545406,Montgomery County Police,Property Damage Crash,11/28/2017 04:10:00 PM,County,SHADY GROVE RD,MEDICAL CENTER WAY,,N/A,,SAME DIRECTION SIDESWIPE,CLEAR,DRY,DAYLIGHT,NO CONTROLS,UNKNOWN,,8CD81C27-1D21-4B3A-9095-44FBE2CB21C3,Yes,NO APPARENT INJURY,N/A,LOOKED BUT DID NOT SEE,,D3A5BAE3-C054-4A02-B3D7-D7971D9FEFB9,SUPERFICIAL,ONE OCLOCK,,MOVING CONSTANT SPEED,South,40,No,No,0,UNKNOWN,UNKNOWN,39.09446667,-77.19604167,"(39.09446667, -77.19604167)"
MCP9321000G,15048631,MONTGOMERY,Injury Crash,09/25/2015 12:38:00 PM,County,RANDOLPH RD,SELFRIDGE RD,,N/A,,HEAD ON LEFT TURN,CLEAR,DRY,DAYLIGHT,TRAFFIC SIGNAL,NONE DETECTED,,40DEC33D-313A-43D4-A9BB-4934EC3F716F,No,SUSPECTED MINOR INJURY,N/A,NOT DISTRACTED,MD,130CA4AA-6A42-4BCC-9DF8-9B710047343B,DISABLING,TWELVE OCLOCK,(SPORT) UTILITY VEHICLE,MOVING CONSTANT SPEED,East,35,No,No,2006,KIA,SPORTAGE,39.05532333,-77.08349833,"(39.05532333, -77.08349833)"
EJ7856005T,180048875,Gaithersburg Police Depar,Injury Crash,09/30/2018 04:22:00 PM,Maryland (State),MONTGOMERY VILLAGE AVE,RUSSELL AVE,,GAITHERSBURG,,ANGLE MEETS LEFT TURN,CLEAR,DRY,DAYLIGHT,TRAFFIC SIGNAL,N/A,,1E126236-7BE0-4EAA-93D0-2FDF44ED2BBD,Yes,POSSIBLE INJURY,N/A,UNKNOWN,MD,50C48C24-A833-4BD4-AA63-7B50CB8DCF1D,DESTROYED,FOUR OCLOCK,PASSENGER CAR,MAKING LEFT TURN,West,35,No,No,2010,TOYOTA,4S,39.15433333,-77.20948833,"(39.15433333, -77.20948833)"
EJ78700036,200051500,Gaithersburg Police Depar,Injury Crash,12/31/2020 04:19:00 PM,Maryland (State),FREDERICK RD,MARYLAND AVE,,GAITHERSBURG,,HEAD ON LEFT TURN,CLOUDY,DRY,DAYLIGHT,NO CONTROLS,NONE DETECTED,,69170376-88C3-4FB1-AD88-838ECE9C693F,Yes,NO APPARENT INJURY,N/A,LOOKED BUT DID NOT SEE,MD,6A40AB66-6C42-40C0-B705-E8AE32F00DBE,SUPERFICIAL,FOUR OCLOCK,PASSENGER CAR,MAKING LEFT TURN,North,30,No,No,2017,NISSAN,4S,39.14451433,-77.20231141,"(39.14451433, -77.20231141)"
MCP2930003C,230025771,Montgomery County Police,Injury Crash,05/29/2023 04:52:00 PM,County,PARKLAND DR,KEATING ST,,N/A,,STRAIGHT MOVEMENT ANGLE,CLEAR,WET,DAYLIGHT,STOP SIGN,NONE DETECTED,,1466D178-63E0-4693-9917-4C2D448DB9E6,Yes,POSSIBLE INJURY,"N/A, WET",LOOKED BUT DID NOT SEE,MD,83FAA10A-2CC3-4022-8A2A-168ED4BAF155,DISABLING,EIGHT OCLOCK,(SPORT) UTILITY VEHICLE,ACCELERATING,East,25,No,No,2015,HOND,UT,39.07747833,-77.08690667,"(39.07747833, -77.08690667)"
MCP2869001F,16017763,Montgomery County Police,Property Damage Crash,04/11/2016 09:23:00 PM,County,CONNECTICUT AVE,GEORGIA AVE,,N/A,,OTHER,CLEAR,DRY,DARK LIGHTS ON,TRAFFIC SIGNAL,NONE DETECTED,,D00309FA-DA9F-4621-A3EC-9F61B6065C22,Yes,NO APPARENT INJURY,N/A,NOT DISTRACTED,MD,268DF4A8-1494-48CF-87F1-AD3D0C5E3FF0,SUPERFICIAL,ONE OCLOCK,PASSENGER CAR,STARTING FROM LANE,East,40,No,No,2000,TOYT,4S,39.08350833,-77.078415,"(39.08350833, -77.078415)"
MCP33030018,230019864,Montgomery County Police,Property Damage Crash,04/26/2023 01:08:00 AM,County,WARING STATION RD,CLOPPER RD,,N/A,,OPPOSITE DIRECTION SIDESWIPE,CLEAR,DRY,DARK LIGHTS ON,NO CONTROLS,NONE DETECTED,,40E622FC-DE16-42D0-8731-B91722881AB1,Yes,NO APPARENT INJURY,N/A,NOT DISTRACTED,MD,852AAE8D-28A8-4CD6-8D90-E89DB52F4490,DESTROYED,EIGHT OCLOCK,(SPORT) UTILITY VEHICLE,MOVING CONSTANT SPEED,North,30,No,No,2009,TOYOTA,RAV4,39.15798426,-77.25320688,"(39.15798426, -77.25320688)"
MCP3044006B,220057467,Montgomery County Police,Property Damage Crash,12/27/2022 07:48:00 PM,County,BRIGGS CHANEY RD,ALPENHORN WAY,,N/A,,OTHER,CLEAR,DRY,DARK NO LIGHTS,NO CONTROLS,NONE DETECTED,,2825DBC0-5A8B-4E01-B13A-09873D0EF042,No,NO APPARENT INJURY,N/A,NOT DISTRACTED,MD,71FB098D-2536-45F5-90A0-F410DD1D0F96,DISABLING,ONE OCLOCK,PASSENGER CAR,MOVING CONSTANT SPEED,West,35,No,No,2018,TOYOTA,COROLLA,39.06870667,-76.93716833,"(39.06870667, -76.93716833)"
MCP31380071,240042843,MONTGOMERY,Injury Crash,09/09/2024 05:51:00 PM,Maryland (State) Route,,,,,,Other,Clear,Dry,Daylight,No Controls,"Not Suspect of Alcohol Use, Not Suspect of Drug Use",,58219E4A-FDDA-4109-96EF-85A8EA232631,No,Suspected Minor Injury,,Not Distracted,MD,16D1C10E-5B74-4842-A1CF-7D3BC16891DE,Disabling,Twelve O Clock,Passenger Car,Moving Constant Speed,Westbound,40,No,No,2014,SUBARU,FORESTER,39.12063817,-77.03999089,"(39.12063817, -77.03999089)"
MCP2710000R,15063870,MONTGOMERY,Property Damage Crash,12/14/2015 03:45:00 PM,Interstate (State),EISENHOWER MEMORIAL HWY,RAMP 7 FR IS 370 WB TO IS 270 SB,,N/A,,SAME DIRECTION LEFT TURN,RAINING,WET,DAYLIGHT,N/A,UNKNOWN,,32499221-849E-4E9F-A432-8C238F41655A,Yes,NO APPARENT INJURY,"N/A, RAIN, SNOW",UNKNOWN,MD,628FB993-B44B-4094-8649-33C0307EAE95,UNKNOWN,ONE OCLOCK,PASSENGER CAR,MOVING CONSTANT SPEED,South,55,No,No,1996,BUICK,OLDSMOBILE,39.11819132,-77.19527364,"(39.11819132, -77.19527364)"
MCP2794000Z,15002671,Montgomery County Police,Property Damage Crash,01/16/2015 11:22:00 PM,Maryland (State),RIVER RD,GOLDSBORO RD,,N/A,,HEAD ON LEFT TURN,CLEAR,DRY,DARK LIGHTS ON,TRAFFIC SIGNAL,NONE DETECTED,,A07668AA-F14C-4E40-B7A2-65E355BC580D,Yes,NO APPARENT INJURY,N/A,UNKNOWN,MD,6FFE5018-20CD-46FE-B749-DCA99AED0BC0,SUPERFICIAL,SIX OCLOCK,PASSENGER CAR,MOVING CONSTANT SPEED,West,45,No,No,2008,CHEV,TK,38.97311167,-77.12194,"(38.97311167, -77.12194)"
MCP9118003W,230022108,Montgomery County Police,Property Damage Crash,05/08/2023 11:02:00 PM,County,EDGEMONT ST,CAREY ST,,N/A,,HEAD ON,CLEAR,DRY,DARK -- UNKNOWN LIGHTING,NO CONTROLS,ALCOHOL CONTRIBUTED,,9BD34DA9-2DD5-46DB-BF45-E86D58B1513D,Yes,NO APPARENT INJURY,N/A,UNKNOWN,XX,48FCCAB5-B1D8-40BB-8667-5338E51B9655,DISABLING,ELEVEN OCLOCK,PASSENGER CAR,MOVING CONSTANT SPEED,South,25,No,No,2004,ACURA,TSX,39.05495492,-77.07280793,"(39.05495492, -77.07280793)"
DD56250040,200028058,Rockville Police Departme,Property Damage Crash,07/19/2020 07:00:00 PM,,,,ROYAL FERN PLACE @ PINKROOT AVE,,,SINGLE VEHICLE,N/A,,DAYLIGHT,NO CONTROLS,NONE DETECTED,,AB0EB911-6F22-4327-942E-F0612984E5B5,Yes,NO APPARENT INJURY,N/A,LOOKED BUT DID NOT SEE,MD,E152C4C5-4D3F-4B66-8471-218B245AB3BF,NO DAMAGE,SIX OCLOCK,OTHER,BACKING,Unknown,10,No,No,2017,RAM,TK,39.06635401,-77.14921394,"(39.06635401, -77.14921394)"
MCP28480084,190035792,Montgomery County Police,Property Damage Crash,07/27/2019 01:54:00 PM,Maryland (State),CONNECTICUT AVE,JONES BRIDGE RD,,N/A,,SAME DIR REAR END,CLEAR,DRY,DAYLIGHT,TRAFFIC SIGNAL,UNKNOWN,,01D3D121-194B-4B13-B82C-181571136FB7,Yes,NO APPARENT INJURY,N/A,UNKNOWN,,F50AE5F3-716B-4343-88AE-2225BB29FC29,UNKNOWN,UNKNOWN,PASSENGER CAR,UNKNOWN,North,35,No,No,0,UNKNOWN,UNKNOWN,38.99946677,-77.07680912,"(38.99946677, -77.07680912)"
MCP3291001N,230051522,Montgomery County Police,Property Damage Crash,08/26/2023 05:00:00 PM,Maryland (State),PINEY BRANCH RD,GARLAND AVE,,N/A,,SAME DIRECTION RIGHT TURN,CLEAR,DRY,DAYLIGHT,NO CONTROLS,NONE DETECTED,,3EDB8224-5E7F-4317-AC71-53413A1FCE2B,Yes,NO APPARENT INJURY,N/A,LOOKED BUT DID NOT SEE,MD,B779ADD2-DA29-4042-A880-DC033BDF787B,NO DAMAGE,ONE OCLOCK,PASSENGER CAR,MAKING RIGHT TURN,North,30,No,No,2015,TOYT,HB,38.99855333,-76.99922833,"(38.99855333, -76.99922833)"
MCP1575008L,190010618,Montgomery County Police,Property Damage Crash,03/07/2019 12:54:00 PM,Municipality,W GUDE DR,FREDERICK RD,,N/A,,SAME DIR REAR END,CLEAR,DRY,DAYLIGHT,NO CONTROLS,NONE DETECTED,,79585AF4-9EF8-4BEE-A284-A1AA6A573A0E,Yes,NO APPARENT INJURY,N/A,NOT DISTRACTED,DC,FC49B9B2-AEC1-4F3E-93F0-A10331622CD2,FUNCTIONAL,TWELVE OCLOCK,VAN,MOVING CONSTANT SPEED,East,40,No,No,2008,CHEVY,UPLANDER,39.10644167,-77.16128333,"(39.10644167, -77.16128333)"
MCP3115000N,180019892,Montgomery County Police,Injury Crash,04/23/2018 04:40:00 PM,County,BRIGGS CHANEY RD,CASTLE BLVD,,N/A,PEDESTRIAN,OTHER,N/A,N/A,DAYLIGHT,N/A,N/A,N/A,E6D9A3C2-F930-465C-8EE0-DF1220395F7B,Unknown,NO APPARENT INJURY,N/A,LOOKED BUT DID NOT SEE,MD,2A84A567-6ABF-4CBE-95ED-3BC01FE0BC0B,NO DAMAGE,FIVE OCLOCK,PASSENGER CAR,STARTING FROM PARKED,Unknown,5,No,No,2002,NISSAN,XTERRA,39.08154092,-76.94640219,"(39.08154092, -76.94640219)"
DD56370030,210043838,Rockville Police Departme,Injury Crash,10/30/2021 03:23:00 PM,Municipality,EDMONSTON DR,ROCKVILLE PIKE,,N/A,,SAME DIR REAR END,CLOUDY,DRY,DAYLIGHT,NO CONTROLS,NONE DETECTED,,ED6D4298-7B3B-4264-ADBA-C2726D2F8309,No,SUSPECTED MINOR INJURY,N/A,NOT DISTRACTED,MD,F0839305-0369-4631-AB1A-A1EFC525FE1B,FUNCTIONAL,SIX OCLOCK,PASSENGER CAR,SLOWING OR STOPPING,East,25,No,No,2014,HONDA,ACCORD,39.07457217,-77.13531074,"(39.07457217, -77.13531074)"
MCP9417002L,180006608,Montgomery County Police,Property Damage Crash,02/08/2018 12:18:00 AM,Maryland (State),ROCKVILLE PIKE,POOKS HILL RD,,N/A,,HEAD ON,N/A,WET,DARK LIGHTS ON,TRAFFIC SIGNAL,NONE DETECTED,,E9CDFC0D-C5B9-4D21-92C0-983B7F306018,Yes,NO APPARENT INJURY,"N/A, WET",UNKNOWN,MD,5E99DFD7-CA31-452A-A782-6A2B63507F72,SUPERFICIAL,TWELVE OCLOCK,PASSENGER CAR,MOVING CONSTANT SPEED,South,40,No,No,2003,BUICK,LESABRE,39.01577833,-77.09991833,"(39.01577833, -77.09991833)"
MCP2796002D,15058619,MONTGOMERY,Injury Crash,11/17/2015 08:42:00 AM,Maryland (State),LAYHILL RD,LONGMEAD CROSSING DR,,N/A,,SAME DIR REAR END,CLEAR,DRY,DAYLIGHT,TRAFFIC SIGNAL,NONE DETECTED,,33FD336B-9EE6-4553-BE8F-82A8A2DC2B12,Yes,SUSPECTED MINOR INJURY,N/A,OTHER DISTRACTION,MD,B03B3367-EA0A-4E72-B389-3D15FA516A4A,DISABLING,TWELVE OCLOCK,PASSENGER CAR,MOVING CONSTANT SPEED,North,40,No,No,2015,GMC,TERRAIN,39.09522667,-77.04462,"(39.09522667, -77.04462)"
MCP1099004M,220037890,Montgomery County Police,Property Damage Crash,09/01/2022 02:01:00 PM,Maryland (State),MUNCASTER MILL RD,MUNCASTER RD,,N/A,,STRAIGHT MOVEMENT ANGLE,CLEAR,DRY,DAYLIGHT,NO CONTROLS,NONE DETECTED,,BD5ED3B5-C761-4C9D-971E-8C268EF255AD,No,NO APPARENT INJURY,N/A,NOT DISTRACTED,MD,7AA37FB2-8275-49BA-B622-DAED5561A3CE,DISABLING,TWELVE OCLOCK,PASSENGER CAR,MOVING CONSTANT SPEED,East,35,No,No,2000,SATURN,SL1,39.14637,-77.14555833,"(39.14637, -77.14555833)"
MCP1512003M,210052386,Montgomery County Police,Property Damage Crash,12/23/2021 05:46:00 PM,Maryland (State),FREDERICK RD,CROSSOVER,,N/A,,ANGLE MEETS LEFT TURN,CLEAR,DRY,DARK LIGHTS ON,TRAFFIC SIGNAL,NONE DETECTED,,5DBD841E-7DAF-4007-9897-B406DB560E45,Yes,NO APPARENT INJURY,N/A,NOT DISTRACTED,MD,1A6642B6-7D4B-4A9D-A4C5-5A3A71BC740D,SUPERFICIAL,TEN OCLOCK,PASSENGER CAR,MOVING CONSTANT SPEED,South,35,No,No,2002,HOND,SD,39.1541244,-77.21391445,"(39.1541244, -77.21391445)"
MCP2820003R,190055640,Montgomery County Police,Injury Crash,11/18/2019 01:24:00 PM,County,CONNECTICUT AVE,GRAND PRE RD,,N/A,BICYCLIST,STRAIGHT MOVEMENT ANGLE,CLOUDY,DRY,DAYLIGHT,OTHER,NONE DETECTED,NONE DETECTED,7EF38857-B055-4895-A25F-0E461CE7CED9,Yes,NO APPARENT INJURY,N/A,LOOKED BUT DID NOT SEE,MD,783B5E1B-6480-4879-946C-3FE46AF52A67,NO DAMAGE,TWELVE OCLOCK,PASSENGER CAR,SLOWING OR STOPPING,South,40,No,No,2011,TOYOTA,CAMRY,39.08694667,-77.074185,"(39.08694667, -77.074185)"
MCP15340007,210034238,Montgomery County Police,Injury Crash,09/01/2021 02:10:00 PM,County,WESTLAKE TERR,ROCKLEDGE DR,,N/A,,HEAD ON LEFT TURN,RAINING,WET,OTHER,TRAFFIC SIGNAL,NONE DETECTED,,3C16E32C-9634-4163-B382-8A5D873512A0,Yes,POSSIBLE INJURY,"RAIN, SNOW, WET",UNKNOWN,MD,9A7A191C-FE5D-4748-AF97-C37CBF35A50F,DISABLING,TWELVE OCLOCK,PASSENGER CAR,MOVING CONSTANT SPEED,West,35,No,No,2019,CHEV,CRUZE,39.02638667,-77.13947833,"(39.02638667, -77.13947833)"
EJ7898000C,230025178,Gaithersburg Police Depar,Injury Crash,05/25/2023 08:00:00 PM,,,,GAITHERSBURG HIGH SCHOOL PARKING LOT,,,OTHER,CLEAR,,DAYLIGHT,N/A,NONE DETECTED,,3C66F201-EA08-4876-995F-86F4E63485EE,Yes,NO APPARENT INJURY,N/A,LOOKED BUT DID NOT SEE,MD,9DD256F6-AE61-45A0-A734-70434DD93F69,SUPERFICIAL,SIX OCLOCK,PASSENGER CAR,BACKING,North,15,No,No,2015,FORD,2S,39.1345848,-77.19581708,"(39.1345848, -77.19581708)"
MCP3233002B,220001289,Montgomery County Police,Property Damage Crash,01/11/2022 03:51:00 PM,Maryland (State),PINEY BRANCH RD,CARROLL AVE,,N/A,,SAME DIR REAR END,CLEAR,DRY,DAYLIGHT,NO CONTROLS,NONE DETECTED,,21C2F09E-AF81-4636-ABD0-13A12A944105,Yes,NO APPARENT INJURY,N/A,LOOKED BUT DID NOT SEE,DC,A0ECC17D-2D59-48DA-9276-AB325B0B72B1,DISABLING,TWELVE OCLOCK,PASSENGER CAR,MOVING CONSTANT SPEED,South,35,No,No,2012,SUBARU,FORESTER,39.0012975,-76.98570917,"(39.0012975, -76.98570917)"
DM8270000F,170540835,Takoma Park Police Depart,Property Damage Crash,11/04/2017 01:20:00 AM,Maryland (State),UNIVERSITY BLVD,MERRIMAC DR,,N/A,,OTHER,CLEAR,DRY,DARK LIGHTS ON,NO CONTROLS,UNKNOWN,,14D35E56-541E-4298-B95C-0295FBB9CE6B,Yes,NO APPARENT INJURY,N/A,UNKNOWN,,602BE585-37FE-4887-85F9-E979279827E8,FUNCTIONAL,ELEVEN OCLOCK,POLICE VEHICLE/NON EMERGENCY,MOVING CONSTANT SPEED,West,35,No,No,0,UNKNOWN,UNKNOWN,38.99247,-76.991715,"(38.99247, -76.991715)"
MCP1378011H,220027959,Montgomery County Police,Property Damage Crash,06/29/2022 01:45:00 PM,,,,PARKING LOT OF 20109 LOCUSTDALE DR,,,UNKNOWN,UNKNOWN,,UNKNOWN,NO CONTROLS,UNKNOWN,,F936E392-7DC6-45E0-B0ED-87F5B9158A8D,Yes,NO APPARENT INJURY,N/A,UNKNOWN,,B6D1BFB6-A3B3-4357-A9E6-8FCDD75D818E,UNKNOWN,UNKNOWN,UNKNOWN,PARKING,Unknown,5,No,No,0,UNKNOWN,UNKNOWN,39.18654667,-77.23651833,"(39.18654667, -77.23651833)"
MCP29320073,230066407,Montgomery County Police,Property Damage Crash,11/15/2023 02:51:00 AM,Maryland (State),UNIVERSITY BLVD E,COLESVILLE RD,,N/A,,STRAIGHT MOVEMENT ANGLE,CLEAR,DRY,DARK LIGHTS ON,TRAFFIC SIGNAL,NONE DETECTED,,59BB51D9-69C9-43C7-B45A-375F6C8FA0BB,Unknown,NO APPARENT INJURY,N/A,NOT DISTRACTED,VA,745DEA1E-6958-41E5-A228-44233B2CBEDD,DISABLING,ONE OCLOCK,PASSENGER CAR,ACCELERATING,South,35,No,No,2022,KIA,RIO,39.01983183,-77.01309,"(39.01983183, -77.01309)"