Report Number,Local Case Number,Agency Name,ACRS Report Type,Crash Date/Time,Route Type,Road Name,Cross-Street Name,Off-Road Description,Municipality,Related Non-Motorist,Collision Type,Weather,Surface Condition,Light,Traffic Control,Driver Substance Abuse,Non-Motorist Substance Abuse,Person ID,Driver At Fault,Injury Severity,Circumstance,Driver Distracted By,Drivers License State,Vehicle ID,Vehicle Damage Extent,Vehicle First Impact Location,Vehicle Body Type,Vehicle Movement,Vehicle Going Dir,Speed Limit,Driverless Vehicle,Parked Vehicle,Vehicle Year,Vehicle Make,Vehicle Model,Latitude,Longitude,Location
MCP22860045,220008154,Montgomery County Police,Injury Crash,02/24/2022 06:00:00 PM,Maryland (State),FIRST ST,BALTIMORE RD,,ROCKVILLE,,HEAD ON LEFT TURN,RAINING,WET,DARK LIGHTS ON,TRAFFIC SIGNAL,NONE DETECTED,,94E78ECF-58E8-4868-BA0E-EA13955F4253,No,SUSPECTED MINOR INJURY,"SLEET, HAIL, FREEZ. RAIN, WET",NOT DISTRACTED,PA,4275C171-5AF7-4ABD-A5CA-66AE6A448559,DISABLING,TWO OCLOCK,PASSENGER CAR,MAKING LEFT TURN,East,40,No,No,2013,JEEP,CHEROKEE,39.084635,-77.13624333,"(39.084635, -77.13624333)"
MCP2917000P,15034818,MONTGOMERY,Injury Crash,07/15/2015 05:50:00 PM,County,BRIGGS RD,LAYHILL RD,,N/A,,HEAD ON,CLEAR,DRY,DAYLIGHT,TRAFFIC SIGNAL,NONE DETECTED,,7C4D4B6F-2E76-4E03-B360-3D85B2BA1D9A,Yes,NO APPARENT INJURY,N/A,DISTRACTED BY OUTSIDE PERSON OBJECT OR EVENT,MD,B88FE485-9223-4289-B29F-FF3C80760E7C,FUNCTIONAL,TWELVE OCLOCK,PASSENGER CAR,MOVING CONSTANT SPEED,South,45,No,No,2011,MAZDA,CX-9,39.06915467,-77.04593897,"(39.06915467, -77.04593897)"
MCP2798002X,170507127,Montgomery County Police,Injury Crash,05/10/2017 10:19:00 PM,Maryland (State),SANDY SPRING RD,MCKNEW RD,,N/A,,HEAD ON LEFT TURN,CLEAR,DRY,DARK LIGHTS ON,TRAFFIC SIGNAL,NONE DETECTED,,BF78E49B-577E-45B9-9E63-C7838E18C76A,No,POSSIBLE INJURY,N/A,NOT DISTRACTED,MD,48F0281A-5064-4B4E-A5FB-1BD91548FF50,DESTROYED,TWELVE OCLOCK,PASSENGER CAR,MOVING CONSTANT SPEED,East,40,No,No,2006,HONDA,CIVIC,39.07816833,-76.94342667,"(39.07816833, -76.94342667)"
MCP2872000Z,15019555,Montgomery County Police,Injury Crash,04/25/2015 03:07:00 PM,County,GOSHEN RD,WARFIELD RD,,N/A,,STRAIGHT MOVEMENT ANGLE,CLEAR,DRY,DAYLIGHT,STOP SIGN,NONE DETECTED,,73B6F3D3-5A28-4ADC-9FB8-F6FC1E78E0AF,Yes,NO APPARENT INJURY,N/A,DISTRACTED BY OUTSIDE PERSON OBJECT OR EVENT,MD,5FDE9337-48D9-4058-8B29-EE87468BD6AB,DISABLING,ONE OCLOCK,PASSENGER CAR,MOVING CONSTANT SPEED,North,30,No,No,2006,HOND,VAN,39.19484833,-77.18487167,"(39.19484833, -77.18487167)"
MCP3290002C,230047961,Montgomery County Police,Property Damage Crash,08/06/2023 01:49:00 PM,Maryland (State),GEORGIA AVE,PLYERS MILL RD,,N/A,,SAME DIR REAR END,CLEAR,DRY,DAYLIGHT,TRAFFIC SIGNAL,NONE DETECTED,,F5C10581-7525-4385-95D2-0C259FB67513,No,NO APPARENT INJURY,N/A,UNKNOWN,MD,C97495AA-97A2-4132-8DD8-4DA38FEFEDB2,FUNCTIONAL,SEVEN OCLOCK,PASSENGER CAR,MOVING CONSTANT SPEED,North,35,No,No,2018,HOND,4S,39.0301987,-77.04776387,"(39.0301987, -77.04776387)"
MCP3138006P,240025957,MONTGOMERY,Injury Crash,06/01/2024 06:15:00 AM,County Route,RANDOLPH RD (WB/L),NEW HAMPSHIRE AVE (SB/L),,,,Angle,Clear,Dry,Daylight,Traffic Control Signal,"Not Suspect of Alcohol Use, Not Suspect of Drug Use",,6EA7F4D8-995C-4951-B7A3-17DBF8BCF44B,No,Suspected Minor Injury,,Not Distracted,MD,1B85BAFF-29B9-43D4-9487-C8CB4B187A78,Disabling,Twelve O Clock,Passenger Car,Moving Constant Speed,Southbound,35,No,No,2007,HONDA,ACCORD,39.07582126,-77.00200823,"(39.07582126, -77.00200823)"
MCP3097002B,210034771,Montgomery County Police,Injury Crash,09/04/2021 10:56:00 PM,US (State),COLUMBIA PIKE,STEWART LA,,N/A,,SAME DIR REAR END,N/A,N/A,DARK LIGHTS ON,N/A,NONE DETECTED,,D9022DA8-C96F-4824-98FC-392B5669F94B,No,POSSIBLE INJURY,N/A,LOOKED BUT DID NOT SEE,DC,4141E1D4-928D-4A4F-B773-CFF06CBD6B8B,DESTROYED,TWELVE OCLOCK,PASSENGER CAR,MOVING CONSTANT SPEED,North,50,No,No,2021,AUDI,Q5,39.04954833,-76.981725,"(39.04954833, -76.981725)"
MCP9130003Y,170533781,Montgomery County Police,Injury Crash,09/29/2017 07:15:00 AM,Maryland (State),UNIVERSITY BLVD E,PATTON DR,,N/A,,SAME DIR REAR END,CLEAR,DRY,DAYLIGHT,NO CONTROLS,NONE DETECTED,,BAD5621B-641F-4681-93A7-F6F8A9853A20,No,POSSIBLE INJURY,N/A,NOT DISTRACTED,MD,A453204B-1E33-4C37-A285-96603300C9D0,FUNCTIONAL,SIX OCLOCK,(SPORT) UTILITY VEHICLE,SLOWING OR STOPPING,West,35,No,No,2012,NISSAN,ROGUE,39.00262167,-76.995435,"(39.00262167, -76.995435)"
MCP3031005G,240020199,MONTGOMERY,Injury Crash,04/30/2024 05:25:00 PM,County Route,THOMPSON RD,SPENCERVILLE RD,,,,Front to Rear,Clear,Dry,Daylight,No Controls,"Not Suspect of Alcohol Use, Not Suspect of Drug Use",,30EEF104-84A6-404E-9855-1AD713BE0E8D,No,No Apparent Injury,,Not Distracted,MD,57C4E36A-CADD-4115-A5D1-EE6BF57B6C03,Functional,Six O Clock,Passenger Car,Stopped in Traffic,,30,No,No,2023,HONDA,CR-V,39.11723942,-76.96941151,"(39.11723942, -76.96941151)"
MCP3111001D,190042292,Montgomery County Police,Injury Crash,09/04/2019 08:06:00 AM,Maryland (State),EAST WEST HWY,CONNECTICUT AVE,,N/A,,SAME DIR REAR END,CLEAR,DRY,DAYLIGHT,TRAFFIC SIGNAL,NONE DETECTED,,D37A60C9-E3FA-41F3-A965-448DB69D7CC3,No,POSSIBLE INJURY,N/A,NOT DISTRACTED,MD,4A0DD6CE-9D9B-4533-BE62-E9A75101CE07,SUPERFICIAL,SIX OCLOCK,PASSENGER CAR,STOPPED IN TRAFFIC LANE,West,35,No,No,2006,FORD,F150,38.98808817,-77.07625583,"(38.98808817, -77.07625583)"
MCP3052004Q,250025994,MONTGOMERY,Injury Crash,06/11/2025 08:38:00 AM,Interstate (State),IS 270 LOCAL LANES (NB),,,,,Front to Rear,Clear,Dry,Daylight,Traffic Control Signal,"Not Suspect of Alcohol Use, Not Suspect of Drug Use",,5B771CD5-EF15-4CE8-84DF-60FD3665EA57,No,Suspected Minor Injury,,Not Distracted,VA,882EBACC-FA03-4E4E-8C84-623481488391,Disabling,Seven O Clock,Passenger Car,Turning Left,Northbound,30,No,No,2020,JEEP,RENEGADE,39.11091009,-77.18743024,"(39.11091009, -77.18743024)"
MCP30650007,170523697,Montgomery County Police,Injury Crash,08/08/2017 05:42:00 PM,Maryland (State),NEW HAMPSHIRE AVE,JACKSON RD,,N/A,,OTHER,N/A,DRY,DAYLIGHT,N/A,UNKNOWN,,8A062C44-9241-4B4B-8306-6F5437E67C59,Yes,NO APPARENT INJURY,N/A,UNKNOWN,,61748BBD-6352-48D4-8169-EF17591D5E1D,UNKNOWN,UNKNOWN,UNKNOWN,CHANGING LANES,South,40,No,No,0,UNKNOWN,UNKNOWN,39.05493333,-76.99489167,"(39.05493333, -76.99489167)"
MCP24370017,15061604,MONTGOMERY,Injury Crash,12/02/2015 07:02:00 PM,County,CONNECTICUT AVE,GRAND PRE RD,,N/A,,SAME DIR REAR END,RAINING,WET,DARK LIGHTS ON,NO CONTROLS,NONE DETECTED,,96DD572A-855E-450A-B9F2-4967B4273A55,No,NO APPARENT INJURY,"RAIN, SNOW, WET",NOT DISTRACTED,MD,361A51A4-F4EA-40B9-BAD7-CBF4F1F0D2DC,FUNCTIONAL,SIX OCLOCK,VAN,STOPPED IN TRAFFIC LANE,North,40,No,No,2003,DODGE,CARAVAN,39.086855,-77.07376333,"(39.086855, -77.07376333)"
MCP2859005D,180035316,Montgomery County Police,Property Damage Crash,07/17/2018 11:00:00 AM,County,SHADY GROVE RD,CHOKE CHERRY RD,,ROCKVILLE,,SAME DIRECTION LEFT TURN,CLEAR,DRY,DAYLIGHT,TRAFFIC SIGNAL,NONE DETECTED,,3A2A350A-0E3B-41BE-B67A-5C4686E913B0,Yes,NO APPARENT INJURY,N/A,NOT DISTRACTED,VA,674B5F0A-13F2-426C-B739-914084452DDD,DISABLING,TWELVE OCLOCK,PASSENGER CAR,MAKING LEFT TURN,South,30,No,No,2006,LEXU,SUV,39.113205,-77.18676333,"(39.113205, -77.18676333)"
MCP27530036,180013609,Montgomery County Police,Injury Crash,03/19/2018 06:51:00 AM,Maryland (State),GEORGIA AVE,KAYSON ST,,N/A,,SAME DIR REAR END,CLEAR,DRY,DAWN,N/A,NONE DETECTED,,29DD8362-375B-42AB-AC5E-170855360C90,Yes,POSSIBLE INJURY,N/A,NOT DISTRACTED,MD,B6D8910A-1530-4DEC-9AE1-0BE5908BE20A,DISABLING,TWELVE OCLOCK,POLICE VEHICLE/EMERGENCY,MOVING CONSTANT SPEED,South,45,No,No,2003,MITS,4S,39.07148667,-77.06396833,"(39.07148667, -77.06396833)"
MCP30860040,200005773,Montgomery County Police,Property Damage Crash,02/04/2020 10:35:00 AM,County,SNOUFFERS SCHOOL RD,WOODFIELD RD,,N/A,,SAME DIR REAR END,CLEAR,DRY,DAYLIGHT,TRAFFIC SIGNAL,NONE DETECTED,,785870D4-FA6D-4054-A83D-444F83678A97,No,NO APPARENT INJURY,N/A,NOT DISTRACTED,MD,ED917FB8-C546-4779-B5BD-FF5AE87ED3CB,SUPERFICIAL,SIX OCLOCK,(SPORT) UTILITY VEHICLE,SLOWING OR STOPPING,East,40,No,No,2017,TOYOTA,RAV4,39.15948,-77.16100333,"(39.15948, -77.16100333)"
MCP28140033,220021809,Montgomery County Police,Injury Crash,05/22/2022 11:41:00 AM,Maryland (State),FREDERICK RD,PROFESSIONAL DR,,GAITHERSBURG,,SAME DIR REAR END,N/A,DRY,DAYLIGHT,NO CONTROLS,NONE DETECTED,,EF906774-A199-43BA-B187-05726A345BAA,No,SUSPECTED MINOR INJURY,N/A,NOT DISTRACTED,MD,AE787A3C-5E3C-4887-A698-6078F0C2826C,SUPERFICIAL,TWELVE OCLOCK,PASSENGER CAR,MOVING CONSTANT SPEED,North,45,No,No,2003,NISSAN,CP,39.16293178,-77.2255482,"(39.16293178, -77.2255482)"
MCP3010006L,220004103,Montgomery County Police,Injury Crash,01/31/2022 08:50:00 AM,Municipality,KENSINGTON PKWY,KENT ST,,KENSINGTON,PEDESTRIAN,OTHER,CLOUDY,DRY,DAYLIGHT,NO CONTROLS,N/A,N/A,A598C49F-0BC5-4EBF-BAE3-902371A3D6AC,No,NO APPARENT INJURY,N/A,NOT DISTRACTED,MD,CDA16E3C-09A9-4F6E-AF21-E19DD1CA1774,NO DAMAGE,SIX OCLOCK,TRUCK TRACTOR,MAKING U TURN,South,25,No,No,2021,FORD,F450,39.022515,-77.07231667,"(39.022515, -77.07231667)"
MCP29640043,190042191,Montgomery County Police,Injury Crash,09/03/2019 05:19:00 PM,Maryland (State),WOODFIELD RD,WELSH RD,,N/A,,SAME DIR REAR END,CLEAR,DRY,DAYLIGHT,NO CONTROLS,NONE DETECTED,,C5227BF6-08B5-474B-A53B-D8D0460AF2E2,No,POSSIBLE INJURY,N/A,NOT DISTRACTED,MD,98D9C79B-196F-435E-9E8C-D9B28E100E53,FUNCTIONAL,SIX OCLOCK,PASSENGER CAR,STOPPED IN TRAFFIC LANE,North,40,No,No,2015,KIA,OPTIMA,39.25895333,-77.20217333,"(39.25895333, -77.20217333)"
MCP3232006D,250008042,MONTGOMERY,Property Damage Crash,02/23/2025 08:39:00 PM,County Route,RANDOLPH RD (WB/L),NEW HAMPSHIRE AVE (SB/L),,,,Other,Clear,Dry,Dark - Lighted,Traffic Control Signal,"Not Suspect of Alcohol Use, Not Suspect of Drug Use",,3D39F3FD-0507-4A73-BE0F-4CF8A4BC2383,No,No Apparent Injury,,Not Distracted,MD,76B823B1-DDDB-42C2-85A9-A9F48E5E20F3,Disabling,Twelve O Clock,Passenger Car,Stopped in Traffic,Southbound,40,No,No,2011,CHEVROLET,CRUZE,39.07581676,-77.00203191,"(39.07581676, -77.00203191)"
MCP3353001M,230056389,Montgomery County Police,Injury Crash,09/22/2023 08:28:00 PM,Maryland (State),ROCKVILLE PIKE,ENT TO BUSINESS,,N/A,,STRAIGHT MOVEMENT ANGLE,CLEAR,DRY,DARK LIGHTS ON,TRAFFIC SIGNAL,NONE DETECTED,,2B803DCB-DCFC-4DBA-82F0-793CF42A212A,Yes,NO APPARENT INJURY,N/A,LOOKED BUT DID NOT SEE,MD,38E02385-B369-4C9E-BA53-EB9035B3C730,SUPERFICIAL,FIVE OCLOCK,PICKUP TRUCK,MAKING LEFT TURN,East,35,No,No,2018,DODGE,RAM,39.06948633,-77.13048717,"(39.06948633, -77.13048717)"
MCP33420014,230047708,Montgomery County Police,Injury Crash,08/03/2023 09:28:00 PM,Maryland (State),GEORGIA AVE,PARKER AVE,,N/A,,SAME DIR REAR END,RAINING,WET,DARK NO LIGHTS,NO CONTROLS,NONE DETECTED,,BA8739D3-7F26-46B4-9231-991E00DA0DDB,No,POSSIBLE INJURY,"RAIN, SNOW, WET",NOT DISTRACTED,MD,A1E8F3EA-3ADE-4E3F-B063-FC9D129B47C8,SUPERFICIAL,SIX OCLOCK,PASSENGER CAR,MOVING CONSTANT SPEED,North,25,No,No,2013,HYUNDAI,ELANTRA,39.04906367,-77.051853,"(39.04906367, -77.051853)"
MCP2402000N,200031856,Montgomery County Police,Injury Crash,08/15/2020 04:00:00 PM,County,OMEGA DR,KEY WEST AVE,,N/A,BICYCLIST,STRAIGHT MOVEMENT ANGLE,CLEAR,DRY,DAYLIGHT,TRAFFIC SIGNAL,N/A,N/A,C3371AE3-E0F1-4EF8-A35C-689673FC28C9,Yes,NO APPARENT INJURY,N/A,LOOKED BUT DID NOT SEE,MD,A3172367-AE23-434D-B8E2-93F946ECA03F,SUPERFICIAL,TWELVE OCLOCK,PASSENGER CAR,STARTING FROM LANE,North,35,No,No,2009,TOYT,COROLLA,39.10562833,-77.19711833,"(39.10562833, -77.19711833)"
DD562000C4,250015265,ROCKVILLE,Property Damage Crash,04/08/2025 12:05:00 PM,County Route,OLD HAMMONDS FERRY RD,,,,,"Sideswipe, Same Direction",Clear,Dry,Daylight,No Controls,"Not Suspect of Alcohol Use, Not Suspect of Drug Use",,D8D3B3F9-963F-4A59-B409-F52F35B2F6D7,No,No Apparent Injury,,Not Distracted,VA,8AEEA262-34AD-4BAD-B30C-FD8C31547D66,Disabling,One O Clock,Pickup,Moving Constant Speed,Southbound,45,No,No,2016,RAM,1500,39.21913143,-76.6646493,"(39.21913143, -76.6646493)"
MCP2967005C,240011770,MONTGOMERY,Property Damage Crash,03/11/2024 04:27:00 PM,Maryland (State) Route,CONNECTICUT AVE,,,,,Front to Rear,Clear,Dry,Daylight,Traffic Control Signal,"Not Suspect of Alcohol Use, Not Suspect of Drug Use",,CD2F01BC-3B6B-44EC-B520-AF48D39C99E9,No,No Apparent Injury,,Not Distracted,VA,62ADDD81-59BC-4B03-BED7-97720B5C1EC8,Disabling,Twelve O Clock,Passenger Car,Slowing or Stopping,Northbound,35,No,No,2008,VOLKSWAGEN,BEETLE,38.99865424,-77.07692327,"(38.99865424, -77.07692327)"
MCP2420001G,16025860,Montgomery County Police,Property Damage Crash,05/24/2016 06:36:00 PM,County,WILLOW GROVE RD,BRIARS RD,,N/A,,STRAIGHT MOVEMENT ANGLE,CLEAR,DRY,DAYLIGHT,STOP SIGN,NONE DETECTED,,22558A35-3F71-4758-888B-4326FDEBC696,Yes,NO APPARENT INJURY,N/A,LOOKED BUT DID NOT SEE,MD,B8B47DEF-8A5F-40EC-9954-6FEA6E026E7A,FUNCTIONAL,TWELVE OCLOCK,(SPORT) UTILITY VEHICLE,STARTING FROM LANE,East,30,No,No,2005,VOLV,TK,39.16495833,-77.07852,"(39.16495833, -77.07852)"
EJ78580014,170526580,Gaithersburg Police Depar,Property Damage Crash,08/24/2017 10:29:00 AM,,,,PARKING LOT OF 841 MUDDY BRANCH RD,,,OTHER,CLOUDY,,DAYLIGHT,NO CONTROLS,NONE DETECTED,,A26D8D1F-1A19-42F6-8E33-221931B920C6,No,NO APPARENT INJURY,N/A,NOT DISTRACTED,MD,25896789-B696-424A-9BED-A76993CB5B61,FUNCTIONAL,THREE OCLOCK,PASSENGER CAR,MOVING CONSTANT SPEED,East,5,No,No,2002,TOYT,TK,39.11448167,-77.21676833,"(39.11448167, -77.21676833)"
MCP3395002P,240055595,MONTGOMERY,Property Damage Crash,11/20/2024 07:56:00 AM,County Route,AUBURN AVE,,,,,"Sideswipe, Same Direction",Clear,Dry,Daylight,Traffic Control Signal,"Not Suspect of Alcohol Use, Not Suspect of Drug Use",,D0731093-54A3-4BE6-9EC5-44E56E9C1004,No,No Apparent Injury,,Not Distracted,MD,C0A04FE7-C68E-4C90-94E2-9E4DB37F6FBE,Functional,Two O Clock,Passenger Car,Turning Right,Westbound,15,No,No,2018,FORD,TAURUS,38.98884127,-77.10098226,"(38.98884127, -77.10098226)"
MCP3109003L,190055595,Montgomery County Police,Property Damage Crash,11/18/2019 09:55:00 AM,County,CAMERON ST,GEORGIA AVE,,N/A,,SAME DIRECTION SIDESWIPE,CLOUDY,WET,DAYLIGHT,NO CONTROLS,NONE DETECTED,,5109A65F-43F6-4D62-BB86-467F4D8DA92D,No,NO APPARENT INJURY,"N/A, WET",NOT DISTRACTED,MD,FA8A4E53-9172-42C5-93C5-DAF12CFCE5BD,SUPERFICIAL,TWO OCLOCK,TRANSIT BUS,MOVING CONSTANT SPEED,North,30,No,No,2009,GILLI,BUS,38.99671217,-77.03054517,"(38.99671217, -77.03054517)"
DM8503001P,240031659,TAKOMA,Property Damage Crash,07/05/2024 10:20:00 AM,,,,"Parking Lot Way        7-11 PARKING LOT 
900 MERRIMAC DRIVE TAKOMA PARK, MD 20912",,,Other,Clear,,Daylight,,"Not Suspect of Alcohol Use, Not Suspect of Drug Use",,A9FA2CE0-CBD9-442C-9362-4C8E84AE67F5,No,No Apparent Injury,"Operated Motor Vehicle in Inattentive, Careless, Negligent, or Erratic Manner",Unknown,MD,32AFEDE2-3FB3-4F1A-B040-4A7821D3CBA6,Superficial,Six O Clock,Passenger Car,Backing,Not On Roadway,0,No,No,2016,AUDI,A6,38.99263686,-76.99257441,"(38.99263686, -76.99257441)"
MCP31740019,190049476,Montgomery County Police,Property Damage Crash,10/15/2019 04:00:00 PM,County,FLOWER HILL WAY,WOODFIELD RD,,N/A,,SAME DIR REAR END,CLEAR,DRY,DAYLIGHT,TRAFFIC SIGNAL,NONE DETECTED,,A5B0531B-1BFF-4293-AE5B-2440C384065A,No,NO APPARENT INJURY,N/A,NOT DISTRACTED,MD,F58CB500-E504-49BF-AD7B-B22EF360CD11,SUPERFICIAL,SIX OCLOCK,PASSENGER CAR,STOPPED IN TRAFFIC LANE,South,25,No,No,2009,VOLV,S90,39.15570358,-77.16775548,"(39.15570358, -77.16775548)"
MCP30050065,220001957,Montgomery County Police,Property Damage Crash,01/16/2022 01:12:00 PM,County,AMHERST AVE,WINDHAM PL,,N/A,,SAME DIRECTION SIDESWIPE,CLOUDY,N/A,DAYLIGHT,NO CONTROLS,NONE DETECTED,,02B14CED-727B-4091-8315-ABBEFB92B02E,Unknown,NO APPARENT INJURY,N/A,NOT DISTRACTED,MD,BF28C400-BDF6-4A5A-8B0E-F180900E72FC,FUNCTIONAL,TEN OCLOCK,"CARGO VAN/LIGHT TRUCK 2 AXLES (OVER 10,000LBS (4,536 KG))",MAKING LEFT TURN,South,25,No,No,2018,RAM,PROMASTER 2500,39.03128667,-77.047055,"(39.03128667, -77.047055)"
MCP320000BT,240018700,MONTGOMERY,Property Damage Crash,04/22/2024 08:21:00 AM,Maryland (State) Route,RIVER RD (WB/L),COUNSELMAN RD,,,,Other,Clear,Dry,Daylight,Traffic Control Signal,"Not Suspect of Alcohol Use, Not Suspect of Drug Use",,66FD8C49-2F69-4374-85C0-BC74A3D9CE27,No,No Apparent Injury,,Not Distracted,MD,202EB669-DAC9-47FB-B715-9C9240F2B8E7,Functional,Twelve O Clock,Van - Passenger (&lt;9 Seats),Moving Constant Speed,Northbound,30,No,No,2022,HONDA,ODYSSEY,39.01728286,-77.20776242,"(39.01728286, -77.20776242)"
MCP2917007R,210018952,Montgomery County Police,Injury Crash,05/19/2021 07:12:00 PM,County,GRENOBLE DR,PARKLAND DR,,N/A,PEDESTRIAN,OTHER,CLEAR,DRY,DAYLIGHT,NO CONTROLS,NONE DETECTED,NONE DETECTED,5D436291-01E8-4CFA-B62E-76136FCF523E,No,NO APPARENT INJURY,N/A,NOT DISTRACTED,MD,4A91AF4A-2234-400A-AF09-10B0E446F417,SUPERFICIAL,TWELVE OCLOCK,PASSENGER CAR,MOVING CONSTANT SPEED,North,35,No,No,2006,TOYOTA,4S,39.0783657,-77.08604655,"(39.0783657, -77.08604655)"
MCP2438003P,240015130,MONTGOMERY,Injury Crash,04/01/2024 08:37:00 AM,County Route,SNOWDEN FARM PKW (WB/L)Y,,,,,Single Vehicle,Rain,Wet,Daylight,No Controls,"Not Suspect of Alcohol Use, Not Suspect of Drug Use",,7DF39A03-E9FB-4940-A807-F8111B42598D,Yes,Possible Injury,"Ran Off Roadway, Too Fast For Conditions",Not Distracted,MD,D72011A3-E711-446B-8FB2-8DDD1E4C72AA,Disabling,Eleven O Clock,Passenger Car,Moving Constant Speed,Southbound,40,No,,2010,TOYOTA,COROLLA,39.23056467,-77.25386133,"(39.23056467, -77.25386133)"
MCP271700CK,170518615,Montgomery County Police,Property Damage Crash,07/12/2017 09:20:00 AM,County,WHISPERWOOD LA,CUL DE SAC,,N/A,,SAME DIRECTION SIDESWIPE,CLEAR,OTHER,DAYLIGHT,N/A,NONE DETECTED,,574A6B32-BAF3-43A9-8670-C5B0F198CDDE,No,NO APPARENT INJURY,"N/A, ROAD UNDER CONSTRUCTION/MAINTENANCE",NOT DISTRACTED,MD,72B01F5B-4DAD-4434-BC0F-ED98ED56AF94,FUNCTIONAL,THREE OCLOCK,VAN,MOVING CONSTANT SPEED,North,25,No,No,2015,TOYOTA,SIENNA,39.03905083,-77.13959367,"(39.03905083, -77.13959367)"
MCP29190026,16064347,Montgomery County Police,Injury Crash,12/15/2016 12:04:00 PM,Maryland (State),GEORGIA AVE,RAMP 8 FR MD 97 SB TO IS 495 WB,,N/A,,SAME DIRECTION RIGHT TURN,CLEAR,DRY,DAYLIGHT,N/A,NONE DETECTED,,587C61DA-F1B0-441B-9A8A-61A6C7B435A2,No,POSSIBLE INJURY,N/A,NOT DISTRACTED,MD,52F62BF8-A853-4651-8863-E12F1E931DCE,FUNCTIONAL,ELEVEN OCLOCK,PASSENGER CAR,MOVING CONSTANT SPEED,South,35,No,No,2007,HONDA,ACCORD,39.01463833,-77.04283167,"(39.01463833, -77.04283167)"
MCP31840014,200013902,Montgomery County Police,Property Damage Crash,03/25/2020 05:27:00 AM,Maryland (State),OLD COLUMBIA PIKE,OLD COLUMBIA PIKE,,N/A,,STRAIGHT MOVEMENT ANGLE,RAINING,WET,DARK LIGHTS ON,TRAFFIC SIGNAL,N/A,,F19DE8E7-E957-4B1F-86AC-C521AF267656,No,NO APPARENT INJURY,N/A,NOT DISTRACTED,MD,EA4A5EEA-41B7-4038-9DD1-6922114647C7,DISABLING,TWELVE OCLOCK,PICKUP TRUCK,MOVING CONSTANT SPEED,East,45,No,No,2018,HONDA,CIVIC,39.10824333,-76.93684,"(39.10824333, -76.93684)"
MCP3227003W,220036635,Montgomery County Police,Property Damage Crash,08/24/2022 05:42:00 PM,Maryland (State),UNIVERSITY BLVD E,GILBERT ST,,N/A,,SAME DIRECTION RIGHT TURN,CLEAR,DRY,DAYLIGHT,NO CONTROLS,NONE DETECTED,,7B13DACE-5875-41E6-81BF-1C8A35D3BAA8,No,NO APPARENT INJURY,N/A,NOT DISTRACTED,MD,0712E0D5-E2C7-42CA-A23E-DC55C9B314D0,SUPERFICIAL,ELEVEN OCLOCK,TRANSIT BUS,STARTING FROM LANE,East,35,No,No,2016,GILL,TRANSIT BUS,39.03366083,-77.00334617,"(39.03366083, -77.00334617)"
DD5631005T,240050465,ROCKVILLE,Property Damage Crash,10/22/2024 12:00:00 AM,Bicycle Route,,FLEET ST MT VERNON PL,,,,Single Vehicle,Clear,Dry,Dark - Lighted,Stop Sign,"Not Suspect of Alcohol Use, Not Suspect of Drug Use",,AD583FE2-E566-4D41-90C2-A10A1F69DB0E,No,No Apparent Injury,"Operated Motor Vehicle in Inattentive, Careless, Negligent, or Erratic Manner, Operated Motor Vehicle in Reckless or Aggressive Manner, Ran Off Roadway",Not Distracted,MD,6DDD0B1A-F2FE-490A-A7F1-52A64964378F,Disabling,Underside,Passenger Car,Accelerating,Not On Roadway,25,No,No,2015,NISSAN,ROGUE,39.0776965,-77.14330767,"(39.0776965, -77.14330767)"
MCP271700GF,18001160,Montgomery County Police,Property Damage Crash,03/05/2018 09:30:00 AM,Maryland (State),CONNECTICUT AVE,PLYERS MILL RD,,N/A,,OTHER,CLEAR,DRY,DAYLIGHT,TRAFFIC SIGNAL,NONE DETECTED,,A0335D6C-D31A-4967-B84E-7D25AC48C34D,Yes,NO APPARENT INJURY,N/A,LOOKED BUT DID NOT SEE,MD,BA6C3BD7-8990-4960-B46C-692BAC941719,FUNCTIONAL,TWELVE OCLOCK,(SPORT) UTILITY VEHICLE,MAKING LEFT TURN,East,35,No,No,2016,CHEVROLET,TRAVERSE LT,39.03003733,-77.07575967,"(39.03003733, -77.07575967)"
MCP25130037,230056561,Montgomery County Police,Injury Crash,09/26/2023 12:33:00 AM,County,ASTON MANOR DR,GUILFORD RUN LA,,N/A,,SAME DIRECTION RIGHT TURN,RAINING,WET,DARK LIGHTS ON,NO CONTROLS,ILLEGAL DRUG CONTRIBUTED,,E2D09CE6-02B3-4CDC-81BF-F4D7A5347C2F,Yes,SUSPECTED MINOR INJURY,"RAIN, SNOW, WET",NOT DISTRACTED,MD,086A181E-C74B-4CD2-AD7C-D6BED8C42242,DISABLING,ONE OCLOCK,PASSENGER CAR,PASSING,South,35,No,No,2014,HONDA,ACCORD,39.07725252,-76.93851218,"(39.07725252, -76.93851218)"
MCP31330030,210052573,Montgomery County Police,Property Damage Crash,12/25/2021 10:10:00 AM,County,RANDOLPH RD,SELFRIDGE RD,,N/A,,SAME DIRECTION SIDESWIPE,CLEAR,DRY,DAYLIGHT,NO CONTROLS,NONE DETECTED,,D82164EB-B007-4C6A-B774-BF924F3E5799,Yes,NO APPARENT INJURY,N/A,NOT DISTRACTED,MD,E4416933-FC67-477C-8868-FD9C6A444485,SUPERFICIAL,TWELVE OCLOCK,PASSENGER CAR,ENTERING TRAFFIC LANE,South,35,No,No,2004,TOYT,TACOMA,39.05578,-77.08325167,"(39.05578, -77.08325167)"