Report Number,Local Case Number,Agency Name,ACRS Report Type,Crash Date/Time,Route Type,Road Name,Cross-Street Name,Off-Road Description,Municipality,Related Non-Motorist,Collision Type,Weather,Surface Condition,Light,Traffic Control,Driver Substance Abuse,Non-Motorist Substance Abuse,Person ID,Driver At Fault,Injury Severity,Circumstance,Driver Distracted By,Drivers License State,Vehicle ID,Vehicle Damage Extent,Vehicle First Impact Location,Vehicle Body Type,Vehicle Movement,Vehicle Going Dir,Speed Limit,Driverless Vehicle,Parked Vehicle,Vehicle Year,Vehicle Make,Vehicle Model,Latitude,Longitude,Location
MCP28770024,16006200,Montgomery County Police,Property Damage Crash,02/06/2016 09:14:00 AM,Maryland (State),GEORGIA AVE,SEMINARY RD,,N/A,,SAME DIR REAR END,CLEAR,DRY,DAYLIGHT,NO CONTROLS,NONE DETECTED,,488CA07D-BA5F-4B60-8AED-465852D13E66,No,NO APPARENT INJURY,N/A,NOT DISTRACTED,MD,773F078C-E01E-403E-B7E7-A76CF60F8C6E,FUNCTIONAL,SIX OCLOCK,PASSENGER CAR,MOVING CONSTANT SPEED,North,35,No,No,2007,LEXUS,ES350,39.00971,-77.04112833,"(39.00971, -77.04112833)"
MCP2866001F,15035412,MONTGOMERY,Injury Crash,07/18/2015 05:27:00 PM,Maryland (State),CONNECTICUT AVE,RAYMOND ST,,CHEVY CHASE #3,,STRAIGHT MOVEMENT ANGLE,CLEAR,DRY,DAYLIGHT,TRAFFIC SIGNAL,NONE DETECTED,,9DE95C8C-6461-4306-AB0E-B9E1138A298E,Yes,SUSPECTED MINOR INJURY,N/A,INATTENTIVE OR LOST IN THOUGHT,MD,4D6A1BF4-9AEB-43CC-B7AB-EA2F0AFF0DE4,DISABLING,FOUR OCLOCK,PASSENGER CAR,MOVING CONSTANT SPEED,North,30,No,No,2015,HONDA,ACCORD,38.97795167,-77.07715,"(38.97795167, -77.07715)"
MCP2969002J,16049126,Montgomery County Police,Injury Crash,09/24/2016 09:06:00 AM,County,E RANDOLPH RD,BILLINGTON RD,,N/A,,STRAIGHT MOVEMENT ANGLE,CLEAR,DRY,DAYLIGHT,STOP SIGN,NONE DETECTED,,007218B8-0A04-43D5-B647-1FC296EA099F,Yes,POSSIBLE INJURY,N/A,LOOKED BUT DID NOT SEE,MD,CF9BD2FD-39CB-4B51-8A87-24A6B671159C,DISABLING,NINE OCLOCK,PASSENGER CAR,MAKING LEFT TURN,North,35,No,No,2002,TOYOTA,COROLLA,39.06630481,-76.98287085,"(39.06630481, -76.98287085)"
DM8388000C,15001102,Takoma Park Police Depart,Property Damage Crash,01/07/2015 05:15:00 PM,Maryland (State),CARROLL AVE,WILDWOOD DR,,TAKOMA PARK,,SINGLE VEHICLE,SNOW,SNOW,DARK LIGHTS ON,OTHER,NONE DETECTED,,AEF4D21F-5AA1-4414-9077-CF45E905B87F,Yes,NO APPARENT INJURY,"RAIN, SNOW, WET",NOT DISTRACTED,MD,95224E77-EE95-4FD0-B6EC-1D750720FA20,FUNCTIONAL,TWELVE OCLOCK,PASSENGER CAR,MOVING CONSTANT SPEED,South,25,No,No,2009,HONDA,ACCORD,38.98975333,-76.99354167,"(38.98975333, -76.99354167)"
DD5611001S,16062807,Rockville Police Departme,Property Damage Crash,12/07/2016 01:20:00 PM,Maryland (State),ROCKVILLE PIKE,CONGRESSIONAL LA,,N/A,,SAME DIRECTION SIDESWIPE,CLEAR,DRY,DAYLIGHT,NO CONTROLS,NONE DETECTED,,94ED6C5D-1445-41A1-87C2-4C16543207F7,No,NO APPARENT INJURY,N/A,NOT DISTRACTED,MD,CDCE90B0-714D-4463-9DC9-35847152AB03,SUPERFICIAL,NINE OCLOCK,OTHER,MOVING CONSTANT SPEED,North,40,No,No,2013,THOMAS,BUS,39.068938,-77.12992267,"(39.068938, -77.12992267)"
MCP3259003R,230067697,Montgomery County Police,Injury Crash,11/21/2023 07:07:00 PM,County,BURDETTE RD,BRADLEY BLVD,,N/A,,SAME DIR REAR END,RAINING,WET,DARK -- UNKNOWN LIGHTING,NO CONTROLS,NONE DETECTED,,073E48C1-0B17-4FB7-8B37-C1224C2A4E64,Yes,NO APPARENT INJURY,N/A,OTHER DISTRACTION,MD,A1A17464-6B43-4597-B782-EEE676BB3A5F,SUPERFICIAL,TWELVE OCLOCK,PASSENGER CAR,MOVING CONSTANT SPEED,South,15,No,No,2015,JEEP,PATRIOT,39.0040385,-77.1420225,"(39.0040385, -77.1420225)"
MCP2813002D,16026428,Montgomery County Police,Property Damage Crash,05/27/2016 03:58:00 PM,County,LOMBARDY RD,THISTLE DR,,N/A,,STRAIGHT MOVEMENT ANGLE,CLEAR,DRY,DAYLIGHT,N/A,N/A,,DBEC3822-F126-418A-9068-1CF0890968C0,No,NO APPARENT INJURY,N/A,NOT DISTRACTED,MD,9B49333B-D469-4216-A2DD-F451EFF6A485,SUPERFICIAL,ONE OCLOCK,PASSENGER CAR,PARKING,East,5,No,No,2014,VOLK,JETTA,39.03376333,-77.01449833,"(39.03376333, -77.01449833)"
HA24770006,20002692,Maryland-National Capital,Property Damage Crash,11/10/2020 12:51:00 PM,,,,"PARKING LOT AT CAPITOL VIEW-HOMEWOOD LOCAL PARK, 2929 EDGEWOOD RD, KENSINGTON, MD 20895",,,OTHER,CLEAR,,DAYLIGHT,NO CONTROLS,NONE DETECTED,,59B9189D-7B8E-474E-80EC-7B56D52555ED,Yes,NO APPARENT INJURY,N/A,UNKNOWN,MD,50006F96-3A36-44E6-BAE7-C44FE00AD9A6,SUPERFICIAL,SIX OCLOCK,"CARGO VAN/LIGHT TRUCK 2 AXLES (OVER 10,000LBS (4,536 KG))",BACKING,West,0,No,No,2013,FORD,TRANSIT,39.02613467,-77.0592535,"(39.02613467, -77.0592535)"
MCP3023003G,190052040,Montgomery County Police,Property Damage Crash,10/29/2019 12:55:00 PM,Maryland (State),NORBECK RD,BEL PRE RD,,N/A,,SAME DIRECTION LEFT TURN,CLEAR,DRY,DAYLIGHT,TRAFFIC SIGNAL,NONE DETECTED,,423A1088-25EE-4959-9641-EFFB300351D9,Yes,NO APPARENT INJURY,"BACKUP DUE TO NON-RECURRING INCIDENT, N/A",LOOKED BUT DID NOT SEE,MD,0C7C0440-CE44-4430-B156-6E5FE0A67ABB,SUPERFICIAL,NINE OCLOCK,PASSENGER CAR,MOVING CONSTANT SPEED,North,35,No,No,2007,TOYOTA,CAMRY,39.09945433,-77.09963783,"(39.09945433, -77.09963783)"
MCP2923004G,180044503,Montgomery County Police,Property Damage Crash,09/06/2018 12:49:00 PM,,,,MONTGOMERY COUNTY PARKING LOT 33,,,OTHER,CLEAR,,DAYLIGHT,NO CONTROLS,N/A,,0FF91790-5AD6-4E36-8AFF-7ABD37B1681C,Yes,NO APPARENT INJURY,N/A,LOOKED BUT DID NOT SEE,MD,CCE6B082-FC4C-4C05-B6C7-67EFED9FDB0A,SUPERFICIAL,SIX OCLOCK,PASSENGER CAR,BACKING,East,15,No,No,2004,TOYT,4S,39.04064167,-77.05382167,"(39.04064167, -77.05382167)"
MCP2432000D,200028814,Montgomery County Police,Injury Crash,07/24/2020 11:14:00 PM,County,ODENDHAL AVE,ROYAL BONNET CIR,,N/A,,STRAIGHT MOVEMENT ANGLE,CLEAR,DRY,DARK LIGHTS ON,STOP SIGN,NONE DETECTED,,3E163177-FA8A-4C07-823C-4A3F42DCB677,No,NO APPARENT INJURY,N/A,NOT DISTRACTED,MD,8170A76E-9CAE-4951-8F93-625DDDD2043D,DESTROYED,THREE OCLOCK,PASSENGER CAR,MOVING CONSTANT SPEED,West,35,No,No,2019,HONDA,CIVIC,39.15250363,-77.19433728,"(39.15250363, -77.19433728)"
MCP28320035,170531897,Montgomery County Police,Property Damage Crash,09/21/2017 09:56:00 AM,County,CORDELL AVE,WOODMONT AVE,,N/A,,SAME DIRECTION RIGHT TURN,CLEAR,DRY,DAYLIGHT,TRAFFIC SIGNAL,NONE DETECTED,,35B580BB-E282-42A4-A994-8DB2314B34F1,No,NO APPARENT INJURY,N/A,NOT DISTRACTED,MD,E80350D2-0B34-4855-B2C0-086AE9A5B494,DISABLING,ELEVEN OCLOCK,PASSENGER CAR,MAKING RIGHT TURN,West,25,No,No,2011,VOLK,2S,38.99073333,-77.09663667,"(38.99073333, -77.09663667)"
DM8445000C,15005881,Takoma Park Police Depart,Property Damage Crash,02/05/2015 03:44:00 PM,Maryland (State),EAST WEST HWY,NEW HAMPSHIRE AVE (MONT CO),,N/A,,SAME DIRECTION RIGHT TURN,CLEAR,N/A,DAYLIGHT,N/A,NONE DETECTED,,E15F9A6B-15C9-437A-873F-840DF9FD0057,Unknown,NO APPARENT INJURY,N/A,UNKNOWN,MD,FE29A90E-2774-47EF-9CCC-4F984CD3B3B5,SUPERFICIAL,FOUR OCLOCK,"OTHER LIGHT TRUCKS (10,000LBS (4,536KG) OR LESS)",MAKING RIGHT TURN,East,40,No,No,1997,FORD,TK,38.975946,-76.99314,"(38.975946, -76.99314)"
MCP3229002C,240058175,MONTGOMERY,Property Damage Crash,12/05/2024 12:15:00 PM,Maryland (State) Route,WISCONSIN AVE,,,,,Other,Clear,Dry,Daylight,No Controls,"Not Suspect of Alcohol Use, Not Suspect of Drug Use",,9B2D00C3-9F99-4C60-8CE5-0C6E281EFC70,No,No Apparent Injury,,Not Distracted,MD,9BA00D2C-A317-4F5D-A903-AE40A2F0534E,Superficial,Three O Clock,Other,Accelerating,Eastbound,35,No,No,2021,PIERCE MANUFACTURING,AERIAL,38.96474017,-77.08779117,"(38.96474017, -77.08779117)"
EJ7884002J,210029459,Gaithersburg Police Depar,Property Damage Crash,07/29/2021 04:46:00 PM,,,,"3RD LEVEL OF PARKING GARAGE AT 9801 WASHINGTONIAN BLVD, GAITHERSBURG, MD",,,UNKNOWN,N/A,,OTHER,N/A,UNKNOWN,,F8AE169D-8164-41F4-8AF5-F4618F100B3E,Yes,NO APPARENT INJURY,N/A,UNKNOWN,,F4A69290-E359-4DFB-8714-80B249BD681B,UNKNOWN,UNKNOWN,,MOVING CONSTANT SPEED,Unknown,5,No,No,0,UNKNOWN,UNKNOWN,39.11509817,-77.19683372,"(39.11509817, -77.19683372)"
MCP32140028,230061723,Montgomery County Police,Property Damage Crash,10/20/2023 09:54:00 PM,Maryland (State),GERMANTOWN RD,AIRCRAFT DR,,N/A,,STRAIGHT MOVEMENT ANGLE,RAINING,WET,DARK LIGHTS ON,TRAFFIC SIGNAL,NONE DETECTED,,AD4D87F5-28B6-4EDD-A371-953A3E7F248E,Yes,NO APPARENT INJURY,"RAIN, SNOW, WET",NOT DISTRACTED,MD,BE9EC0D9-B191-4868-8FAD-E062E7E4A5C3,SUPERFICIAL,TWELVE OCLOCK,PASSENGER CAR,MAKING LEFT TURN,West,40,No,No,2018,HONDA,CLARITY,39.18224129,-77.26026361,"(39.18224129, -77.26026361)"
MCP102200FY,210045209,Montgomery County Police,Injury Crash,11/08/2021 12:15:00 PM,US (State),COLUMBIA PIKE,ENT TO BURNT MILLS SHOPPING CENTER,,N/A,,HEAD ON,CLEAR,DRY,DAYLIGHT,NO CONTROLS,NONE DETECTED,,B0C3CB91-E709-49B4-8A46-2A18FA31F3DC,Yes,SUSPECTED MINOR INJURY,N/A,NOT DISTRACTED,FL,4BCA39A2-4D3D-4163-99C6-494FD62D30CF,DISABLING,TWELVE OCLOCK,PICKUP TRUCK,MOVING CONSTANT SPEED,South,40,No,No,2022,DODGE,RAM 1500,39.03167167,-77.00436333,"(39.03167167, -77.00436333)"
DD5502003J,170522266,Rockville Police Departme,Property Damage Crash,08/01/2017 11:29:00 AM,Maryland (State),FALLS RD,KERSEY LA,,ROCKVILLE,,HEAD ON LEFT TURN,CLEAR,DRY,DAYLIGHT,TRAFFIC SIGNAL,NONE DETECTED,,7CA1E601-63BE-45A4-8756-D5DDD21CDD28,Yes,NO APPARENT INJURY,N/A,NOT DISTRACTED,MD,96F7F48A-9A1C-4768-8085-F8D7AA4B7EE0,DISABLING,ELEVEN OCLOCK,PASSENGER CAR,MAKING LEFT TURN,South,30,No,No,2008,FORD,4S,39.06643,-77.17393333,"(39.06643, -77.17393333)"
MCP2667002T,16023583,Montgomery County Police,Injury Crash,05/12/2016 01:48:00 PM,Maryland (State),MONTGOMERY VILLAGE AVE,CROSSOVER,,N/A,,STRAIGHT MOVEMENT ANGLE,CLEAR,DRY,DAYLIGHT,NO CONTROLS,NONE DETECTED,,71DE518B-0D10-4DDF-BBCA-0F591B5B65EE,No,SUSPECTED MINOR INJURY,N/A,NOT DISTRACTED,MD,FF76D12E-8C69-45D9-BE76-D13EF9C9A136,DISABLING,TWELVE OCLOCK,PASSENGER CAR,MOVING CONSTANT SPEED,South,35,No,No,2006,HYUNDIA,TUCSON,39.15369667,-77.21062333,"(39.15369667, -77.21062333)"
MCP31840011,200007876,Montgomery County Police,Property Damage Crash,02/16/2020 10:55:00 PM,County,CASTLE BLVD,ENT TO TOWNHOMES,,N/A,,STRAIGHT MOVEMENT ANGLE,CLEAR,DRY,DARK LIGHTS ON,N/A,N/A,,C7E3076E-ECC5-4E3A-A504-E7D8A7B0DC3D,Yes,NO APPARENT INJURY,N/A,LOOKED BUT DID NOT SEE,MD,2694FA3B-08C1-47F8-9852-7670BB5A6D09,FUNCTIONAL,TWELVE OCLOCK,PASSENGER CAR,MAKING LEFT TURN,West,25,No,No,2015,TOYOTA,CAMRY,39.08392333,-76.94134,"(39.08392333, -76.94134)"
MCP21620032,180011079,Montgomery County Police,Property Damage Crash,03/04/2018 05:21:00 PM,County,HINES RD,WINTER LAUREL DR,,N/A,,STRAIGHT MOVEMENT ANGLE,CLEAR,DRY,DAYLIGHT,STOP SIGN,N/A,,E3FB69C2-DA19-45E5-A24E-E7C6757F26CF,No,NO APPARENT INJURY,N/A,NOT DISTRACTED,MD,8552B30B-7170-40B8-AAFF-616C8D7967DD,DISABLING,ONE OCLOCK,PICKUP TRUCK,MOVING CONSTANT SPEED,West,35,No,No,2006,CHEVROLET,SILVERADO,39.14281667,-77.06923333,"(39.14281667, -77.06923333)"
MCP3016003Q,220027369,Montgomery County Police,Property Damage Crash,06/25/2022 02:00:00 AM,County,CRYSTAL ROCK DR,CRYSTAL ROCK DR (BACK),,N/A,,SAME DIRECTION SIDESWIPE,CLEAR,DRY,DARK -- UNKNOWN LIGHTING,NO CONTROLS,UNKNOWN,,71E064BD-E7E4-4D68-8CE6-54FA9E2358EF,Yes,NO APPARENT INJURY,N/A,UNKNOWN,,1402F960-E53D-47F9-BD23-92536082019B,FUNCTIONAL,TWELVE OCLOCK,PICKUP TRUCK,MOVING CONSTANT SPEED,North,40,Unknown,No,2018,CHEVROLET,UNKNOWN,39.177385,-77.26211,"(39.177385, -77.26211)"
MCP3057001K,190023857,Montgomery County Police,Injury Crash,05/20/2019 12:57:00 PM,County,WISTERIA DR,CIRCLE GATE DR,,N/A,,STRAIGHT MOVEMENT ANGLE,N/A,DRY,DAYLIGHT,N/A,NONE DETECTED,,6CB2DF3C-D9EC-41B5-8867-C2E09633C502,Yes,NO APPARENT INJURY,N/A,LOOKED BUT DID NOT SEE,MD,AC9E534C-5D14-4008-89E1-BF5AD90E6C50,DISABLING,ELEVEN OCLOCK,PASSENGER CAR,MAKING LEFT TURN,North,25,No,No,2018,AUDI,A4,39.175485,-77.26730833,"(39.175485, -77.26730833)"
HA2525000F,24001932,MCPARK,Property Damage Crash,09/12/2024 07:25:00 PM,,,,Parking Lot Way        PARKING LOT OF CLOVERLY PARK,,,Angle,Clear,,Dusk,,"Unknown, Unknown",,C4036835-952F-4F02-B3FD-1D53D5B53996,No,,,,,D5B11680-A276-4B9D-AB4B-AFDF0372BB65,Functional,Five O Clock,Passenger Car,Backing,Not On Roadway,0,No,No,2006,LEXUS,ES,39.10749333,-76.99295681,"(39.10749333, -76.99295681)"
MCP2270000K,220054761,Montgomery County Police,Property Damage Crash,12/11/2022 11:20:00 AM,Maryland (State),RIVER RD,CROSSOVER,,N/A,,SAME DIR REAR END,CLEAR,DRY,DAYLIGHT,TRAFFIC SIGNAL,NONE DETECTED,,98299714-032B-4C8F-9E07-477BE66E6565,No,NO APPARENT INJURY,N/A,NOT DISTRACTED,NJ,F5750AA9-62EA-47F0-9751-F6A50110ED82,SUPERFICIAL,SIX OCLOCK,PASSENGER CAR,STOPPED IN TRAFFIC LANE,West,35,No,No,2019,SUBARU,SW,39.04862167,-77.09680167,"(39.04862167, -77.09680167)"
MCP28120023,16054431,Montgomery County Police,Property Damage Crash,10/22/2016 03:52:00 PM,,,,PARKING LOT OF 7980 GEORGIA AVE,,,OTHER,CLEAR,,DAYLIGHT,NO CONTROLS,N/A,,8F6B0540-E1DA-46C9-BF2C-DDBE2D5883E2,No,NO APPARENT INJURY,N/A,NOT DISTRACTED,MD,0DFCD14B-1BC4-4E03-86C6-2D4551BBD565,FUNCTIONAL,SEVEN OCLOCK,PASSENGER CAR,PARKED,,15,No,Yes,2008,BMW,328I,38.98605167,-77.027565,"(38.98605167, -77.027565)"
MCP263900GG,240003478,MONTGOMERY,Property Damage Crash,01/23/2024 09:41:00 AM,,,,Parking Lot Way        PARKING LOT OF 13100 SHAWNEE LANE (MCPS BUS DEPOT),,,Angle,Cloudy,,Daylight,,"Not Suspect of Alcohol Use, Not Suspect of Drug Use",,3BAA2FB2-9311-46F8-8B58-07A93A36C9A7,No,No Apparent Injury,,Not Distracted,MD,6BB8B7A0-6C24-44B4-8386-23FC538D3A2B,Functional,Five O Clock,Bus - School,Turning Left,Not On Roadway,0,No,No,2017,THOMAS BUILT,SCHOOL BUS,39.22528114,-77.27149036,"(39.22528114, -77.27149036)"
MCP3080005R,250032550,MONTGOMERY,Property Damage Crash,07/21/2025 05:53:00 PM,Maryland (State) Route,GREAT SENECA HWY (SB/L),,,,,Front to Rear,Clear,Dry,Daylight,Traffic Control Signal,"Not Suspect of Alcohol Use, Not Suspect of Drug Use",,4EA449D6-138D-4CAE-89CA-7D933DEC6766,Yes,No Apparent Injury,,Unknown,MD,D315E513-259C-407E-8109-345BEA98F0EE,Disabling,Twelve O Clock,Passenger Car,Moving Constant Speed,Northbound,40,No,No,2019,SUBARU,FORESTER,39.14637964,-77.27491511,"(39.14637964, -77.27491511)"
MCP2942002H,17014466,Montgomery County Police,Property Damage Crash,03/21/2017 03:10:00 PM,Maryland (State),CONNECTICUT AVE,LAWRENCE AVE,,N/A,,SAME DIR REAR END,N/A,DRY,DAYLIGHT,N/A,NONE DETECTED,,84EF39FB-DC36-4925-A114-8B09B09A0AA4,Yes,NO APPARENT INJURY,N/A,NOT DISTRACTED,DC,FE221A0E-3F72-4E7F-B7D7-5010829089FA,DISABLING,TWELVE OCLOCK,PASSENGER CAR,SLOWING OR STOPPING,North,40,No,No,2016,VOLK,JETTA,39.03509458,-77.07515359,"(39.03509458, -77.07515359)"
MCP20520045,250007162,MONTGOMERY,Property Damage Crash,02/18/2025 11:45:00 AM,Bicycle Route,,,,,,"Sideswipe, Same Direction",Clear,Dry,Daylight,No Controls,"Unknown, Unknown",,BCD4BF5D-1BCC-489B-BB49-3D9ACCF38C5B,Yes,No Apparent Injury,Improper Passing,Unknown,MD,9D2DB6BE-1A03-44DC-A896-87BCB2B81471,Functional,One O Clock,Passenger Car,Turning Left,,30,No,No,2015,FORD,FUSION,39.10461035,-77.20379093,"(39.10461035, -77.20379093)"
MCP1400001G,230054325,Montgomery County Police,Property Damage Crash,09/11/2023 09:00:00 PM,Maryland (State),GEORGIA AVE,HILLCROFT DR,,N/A,,SAME DIRECTION RIGHT TURN,CLEAR,DRY,DARK LIGHTS ON,NO CONTROLS,NONE DETECTED,,D6B12938-BB6D-46F2-96EB-68FB760325D8,Yes,NO APPARENT INJURY,N/A,NOT DISTRACTED,VA,C45260A9-5CF4-4DD4-960E-4398935F1DAA,SUPERFICIAL,ONE OCLOCK,"CARGO VAN/LIGHT TRUCK 2 AXLES (OVER 10,000LBS (4,536 KG))",CHANGING LANES,South,50,No,No,2019,INTERNATIONAL,TRUCK,39.1240026,-77.07338745,"(39.1240026, -77.07338745)"
MCP3007004M,210006270,Montgomery County Police,Property Damage Crash,02/19/2021 04:30:00 PM,Maryland (State),GEORGIA AVE,CROSSOVER,,N/A,,SAME DIRECTION SIDESWIPE,CLEAR,DRY,DAYLIGHT,NO CONTROLS,N/A,,45426865-8D32-4500-BA0C-1B8362B1C92A,No,NO APPARENT INJURY,N/A,NOT DISTRACTED,MD,E1EBC9AF-1058-4AB7-906C-3A9F07E48F03,SUPERFICIAL,TEN OCLOCK,PASSENGER CAR,MOVING CONSTANT SPEED,North,35,No,No,2012,DODG,2S,39.07822664,-77.07135053,"(39.07822664, -77.07135053)"
MCP25340058,240032419,MONTGOMERY,Injury Crash,07/09/2024 11:43:00 PM,County Route,BROOKEVILLE RD,,,,,Single Vehicle,Clear,Dry,Dark - Not Lighted,No Controls,"Not Suspect of Alcohol Use, Not Suspect of Drug Use",,FD493916-1AC0-4681-A13B-F39F778720FD,No,Possible Injury,"Swerved or Avoided Due to Wind, Slippery Surface, Motor Vehicle, Object, Non-Motorist in Roadway, etc",Not Distracted,NY,306DE678-A6A0-405C-9BAB-44DB9EE7F0F2,Disabling,Twelve O Clock,Sport Utility Vehicle,Moving Constant Speed,Northbound,35,No,No,2015,GMC,YUKON XL,39.18109813,-77.06976939,"(39.18109813, -77.06976939)"
MCP211600CN,200051066,Montgomery County Police,Property Damage Crash,12/28/2020 03:22:00 PM,,,,PARKING LOT OF 100 EDISON PARK DR,,,SINGLE VEHICLE,CLEAR,,DAYLIGHT,N/A,NONE DETECTED,,332AAEDD-B16B-4B39-A372-9FF3E9F7C0C4,Yes,NO APPARENT INJURY,"N/A, VISION OBSTRUCTION (INCL. BLINDED BY SUN)",LOOKED BUT DID NOT SEE,MD,E63D0A24-C430-41F5-8449-A9DBBD32E164,FUNCTIONAL,ROOF TOP,TRANSIT BUS,ACCELERATING,West,25,No,No,2017,GILG,BUS,39.11520167,-77.23502,"(39.11520167, -77.23502)"
EJ7837007H,230069603,Gaithersburg Police Depar,Property Damage Crash,12/03/2023 10:10:00 AM,Municipality,SAYBROOKE OAKS BLVD,SAYBROOKE VIEW DR,,GAITHERSBURG,,SAME DIR REAR END,CLOUDY,DRY,DAYLIGHT,NO CONTROLS,N/A,,44218C38-C154-47D9-880E-A93939EC608B,No,NO APPARENT INJURY,N/A,NOT DISTRACTED,NY,FA5FD511-BA17-4D42-8F1A-CED62D2BAD80,SUPERFICIAL,SIX OCLOCK,PASSENGER CAR,SLOWING OR STOPPING,North,25,No,No,2013,FORD,EXPLORER,39.15006173,-77.17603742,"(39.15006173, -77.17603742)"
MCP2385003N,250020549,MONTGOMERY,Injury Crash,05/10/2025 12:05:00 AM,County Route,WILDCAT RD,,,,,Single Vehicle,Clear,Wet,Dark - Not Lighted,No Controls,"Suspect of Alcohol Use, Not Suspect of Drug Use",,CF2C7E0E-5332-4F91-84B1-D79E7C53782F,Yes,Possible Injury,,Unknown,MD,EFCE04D7-1B8C-47DE-8ABD-5C1873FF4839,Disabling,Underside,Sport Utility Vehicle,Negotiating a Curve,Westbound,25,No,No,2007,AUDI,Q7,39.22587567,-77.20663117,"(39.22587567, -77.20663117)"
MCP24120013,190048967,Montgomery County Police,Property Damage Crash,10/11/2019 10:22:00 PM,Maryland (State),UNIVERSITY BLVD E,PINEY BRANCH RD,,N/A,,SAME DIRECTION SIDESWIPE,CLEAR,DRY,DARK LIGHTS ON,NO CONTROLS,NONE DETECTED,,EC3C96A4-B91D-4F25-BA88-C7CCEEDB1B19,Yes,NO APPARENT INJURY,N/A,ADJUSTING AUDIO AND OR CLIMATE CONTROLS,MD,6269A0EC-D974-439F-A03A-F19D72B2F9CB,DISABLING,ONE OCLOCK,PASSENGER CAR,MOVING CONSTANT SPEED,West,35,No,No,2013,FORD,FUSION,38.999955,-76.99535167,"(38.999955, -76.99535167)"
MCP2314001R,220050051,Montgomery County Police,Property Damage Crash,11/12/2022 01:50:00 PM,,,,BALDUCCI'S PARKING LOT LOCATED AT 10323 OLD GEORGETOWN ROAD,,,OTHER,CLOUDY,,DAYLIGHT,N/A,UNKNOWN,,C06264D2-4761-414C-A599-8A1E9D22D747,Yes,NO APPARENT INJURY,N/A,UNKNOWN,MD,385581B7-4FC2-45D7-94EC-B70EF07C1B13,NO DAMAGE,SIX OCLOCK,(SPORT) UTILITY VEHICLE,BACKING,Unknown,15,No,No,2017,JEEP,PATRIOT,39.02514013,-77.12442913,"(39.02514013, -77.12442913)"
MCP2987006H,210031660,Montgomery County Police,Property Damage Crash,08/14/2021 08:47:00 PM,US (State),COLUMBIA PIKE,RAMP 3 FR US 29 EB TO MD 650 NB,,N/A,,SINGLE VEHICLE,CLEAR,DRY,DARK LIGHTS ON,NO CONTROLS,UNKNOWN,,2DC72ED4-9887-41E2-A3C0-452D3AADF977,Yes,NO APPARENT INJURY,N/A,UNKNOWN,,ED78EB88-F170-4C51-BF74-96BE39AE91EB,DESTROYED,TWELVE OCLOCK,PASSENGER CAR,UNKNOWN,South,50,No,No,2009,HONDA,PILOT,39.04529667,-76.98916167,"(39.04529667, -76.98916167)"
MCP2941000M,15033092,MONTGOMERY,Property Damage Crash,07/07/2015 09:43:00 PM,Maryland (State),GEORGIA AVE,SEMINARY RD,,N/A,,ANGLE MEETS RIGHT TURN,CLEAR,DRY,DARK LIGHTS ON,TRAFFIC SIGNAL,NONE DETECTED,,A9C3B2DF-1C85-4B7B-8E1A-C400C49F16CE,No,NO APPARENT INJURY,N/A,NOT DISTRACTED,MD,8D930962-902C-4439-9F1B-139E77DCDC96,SUPERFICIAL,TWELVE OCLOCK,PASSENGER CAR,MAKING LEFT TURN,South,35,No,No,2011,NISSAN,MURANO,39.00860501,-77.0402205,"(39.00860501, -77.0402205)"
MCP3218000J,200013354,Montgomery County Police,Property Damage Crash,03/20/2020 07:10:00 AM,Maryland (State),GEORGIA AVE,OLNEY SANDY SPRING RD,,N/A,,STRAIGHT MOVEMENT ANGLE,CLEAR,DRY,DAYLIGHT,TRAFFIC SIGNAL,NONE DETECTED,,2F5CF709-92D0-497B-9BC7-6541ED9B0826,Yes,NO APPARENT INJURY,N/A,LOOKED BUT DID NOT SEE,MD,05B77428-083B-4FC3-A5F7-71603E9E8E4C,SUPERFICIAL,TWELVE OCLOCK,PICKUP TRUCK,SLOWING OR STOPPING,South,40,No,No,2016,RAM,TK,39.15346833,-77.06697167,"(39.15346833, -77.06697167)"
DM8437000D,15014504,Takoma Park Police Depart,Property Damage Crash,03/30/2015 05:00:00 AM,Municipality,TAKOMA AVE,FENTON ST,,TAKOMA PARK,,SINGLE VEHICLE,RAINING,WET,DARK LIGHTS ON,NO CONTROLS,NONE DETECTED,,6613C0D1-D0A3-4B11-A0C6-6DE3E5BDB477,Yes,NO APPARENT INJURY,"RAIN, SNOW, WET",INATTENTIVE OR LOST IN THOUGHT,NJ,2CC0F14A-2454-47BC-8F1A-571DF991A3FB,DISABLING,ELEVEN OCLOCK,PASSENGER CAR,MOVING CONSTANT SPEED,North,25,No,No,2011,TOYOTA,CAMRY,38.982025,-77.02108667,"(38.982025, -77.02108667)"