Report Number,Local Case Number,Agency Name,ACRS Report Type,Crash Date/Time,Route Type,Road Name,Cross-Street Name,Off-Road Description,Municipality,Related Non-Motorist,Collision Type,Weather,Surface Condition,Light,Traffic Control,Driver Substance Abuse,Non-Motorist Substance Abuse,Person ID,Driver At Fault,Injury Severity,Circumstance,Driver Distracted By,Drivers License State,Vehicle ID,Vehicle Damage Extent,Vehicle First Impact Location,Vehicle Body Type,Vehicle Movement,Vehicle Going Dir,Speed Limit,Driverless Vehicle,Parked Vehicle,Vehicle Year,Vehicle Make,Vehicle Model,Latitude,Longitude,Location
MCP219800BF,220011203,Montgomery County Police,Property Damage Crash,03/15/2022 06:04:00 PM,Interstate (State),EISENHOWER MEMORIAL HWY,W MONTGOMERY AVE,,N/A,,SAME DIR REAR END,CLEAR,DRY,DAYLIGHT,N/A,N/A,,0F744DFC-821F-4208-8054-573E661743A5,No,NO APPARENT INJURY,N/A,NOT DISTRACTED,MD,3C18FC71-B70D-49C6-BCD2-C9B39D153292,DESTROYED,SIX OCLOCK,PASSENGER CAR,STOPPED IN TRAFFIC LANE,North,55,No,No,2017,MAZDA,MAZDA 6,39.10883,-77.18531833,"(39.10883, -77.18531833)"
MCP3109004X,200044766,Montgomery County Police,Injury Crash,11/13/2020 06:00:00 AM,Maryland (State),GEORGIA AVE,PLYERS MILL RD,,N/A,,SAME DIR REAR END,RAINING,WET,DARK LIGHTS ON,TRAFFIC SIGNAL,NONE DETECTED,,FA2B20A3-F9C2-4A2A-B188-B5B4272D22C3,No,POSSIBLE INJURY,"RAIN, SNOW, WET",NOT DISTRACTED,MD,EB9FB578-D5F1-48FE-B3CC-B7C36DAFB2E8,DISABLING,SIX OCLOCK,PASSENGER CAR,STOPPED IN TRAFFIC LANE,South,35,No,No,2014,TOYOTA,CAMRY,39.0300175,-77.04830983,"(39.0300175, -77.04830983)"
MCP3249003N,220023662,Montgomery County Police,Property Damage Crash,06/02/2022 04:51:00 PM,US (State),COLUMBIA PIKE,HOWARD CO/L,,N/A,,SAME DIR REAR END,RAINING,WET,DAYLIGHT,NO CONTROLS,NONE DETECTED,,105FC8B7-03C2-4B30-8C62-070138E50D24,Yes,NO APPARENT INJURY,"RAIN, SNOW, WET",NOT DISTRACTED,MD,39215EE7-B6D8-4977-8F30-BDB879415512,FUNCTIONAL,TWELVE OCLOCK,"CARGO VAN/LIGHT TRUCK 2 AXLES (OVER 10,000LBS (4,536 KG))",MOVING CONSTANT SPEED,South,50,No,No,2008,CHEVY,EXPRESS,39.13164186,-76.91935326,"(39.13164186, -76.91935326)"
DD55980032,190024502,Rockville Police Departme,Property Damage Crash,05/23/2019 12:23:00 PM,Municipality,HALPINE RD,ROCKVILLE PIKE,,N/A,,HEAD ON LEFT TURN,CLEAR,DRY,DAYLIGHT,TRAFFIC SIGNAL,N/A,,65E84CD4-0AE4-47F8-9E52-4414FA308617,Yes,NO APPARENT INJURY,N/A,NOT DISTRACTED,MD,F6633F5B-D57B-4D8F-B2E9-AF768A269892,FUNCTIONAL,FIVE OCLOCK,PASSENGER CAR,MAKING LEFT TURN,West,35,No,No,2016,CHEV,CRUZE,39.0619855,-77.12348917,"(39.0619855, -77.12348917)"
MCP3264001G,210007072,Montgomery County Police,Property Damage Crash,02/24/2021 10:59:00 AM,US (State),COLESVILLE RD,FENTON ST,,N/A,,SAME DIRECTION SIDESWIPE,CLEAR,DRY,DAYLIGHT,NO CONTROLS,UNKNOWN,,18D78FA3-DDFF-4FCD-8B7F-CEC46FEB886F,Yes,NO APPARENT INJURY,N/A,UNKNOWN,,90E5BD50-2494-45FF-89CB-0D194C0C0208,UNKNOWN,TWO OCLOCK,UNKNOWN,MOVING CONSTANT SPEED,North,35,No,No,0,UNKNOWN,UNKNOWN,38.99706,-77.02740667,"(38.99706, -77.02740667)"
MCP2411008Z,220017492,Montgomery County Police,Injury Crash,04/25/2022 08:35:00 AM,Municipality,PINNEBERG AVE,GRUENTHER AVE,,ROCKVILLE,,STRAIGHT MOVEMENT ANGLE,CLOUDY,DRY,DAYLIGHT,STOP SIGN,NONE DETECTED,,9C65ED61-3C4C-42A5-BCF5-C6F397B1E306,No,NO APPARENT INJURY,N/A,NOT DISTRACTED,MD,4DC41816-5118-4ED8-9E93-99AA2F7E4E86,DISABLING,TWELVE OCLOCK,PASSENGER CAR,MOVING CONSTANT SPEED,South,25,No,No,2018,HONDA,PILOT,39.07809167,-77.11417333,"(39.07809167, -77.11417333)"
MCP13090036,200000381,Montgomery County Police,Property Damage Crash,01/03/2020 10:25:00 AM,Maryland (State),RIDGE RD,SWEEPSTAKES RD,,N/A,,SAME DIR REAR END,RAINING,WET,DAYLIGHT,TRAFFIC SIGNAL,NONE DETECTED,,92CC3DA1-2573-40B9-A85A-7D658C27ECC2,Yes,NO APPARENT INJURY,"RAIN, SNOW, WET",INATTENTIVE OR LOST IN THOUGHT,MD,A0613B9E-5262-4B30-B86A-07A3525A8DDF,DISABLING,TWELVE OCLOCK,PASSENGER CAR,SLOWING OR STOPPING,North,35,No,No,2007,HYUNDAI,SONATA,39.26174338,-77.22177211,"(39.26174338, -77.22177211)"
MCP2844002Y,180028683,Montgomery County Police,Injury Crash,06/10/2018 04:00:00 PM,Maryland (State),GEORGIA AVE,ENT TO SHOPPING CENTER,,N/A,BICYCLIST,OTHER,CLEAR,DRY,DAYLIGHT,NO CONTROLS,NONE DETECTED,NONE DETECTED,8C04B7C2-4BCA-4985-A24C-F0D2F9CABDE5,No,NO APPARENT INJURY,N/A,NOT DISTRACTED,MD,59D267AA-E93C-4B04-A819-ECFE3F45CB8D,NO DAMAGE,TWELVE OCLOCK,PASSENGER CAR,SLOWING OR STOPPING,North,25,No,No,2005,JEEP,LIBERTY,39.079296,-77.07298817,"(39.079296, -77.07298817)"
MCP3008003Q,230030340,Montgomery County Police,Property Damage Crash,06/25/2023 01:15:00 AM,County,FENTON ST,SLIGO AVE,,N/A,,STRAIGHT MOVEMENT ANGLE,CLEAR,DRY,DARK LIGHTS ON,FLASHING TRAFFIC SIGNAL,NONE DETECTED,,FCB226FD-BE40-4715-9471-F2DD67ABCEEC,No,NO APPARENT INJURY,N/A,NOT DISTRACTED,MD,C9D2964E-2C5C-4F9D-BADA-A6C3261F6B07,FUNCTIONAL,NINE OCLOCK,PASSENGER CAR,MOVING CONSTANT SPEED,North,20,No,No,2016,ACURA,TLX,38.99018016,-77.02396355,"(38.99018016, -77.02396355)"
EJ7852005N,220028167,Gaithersburg Police Depar,Property Damage Crash,06/30/2022 04:05:00 PM,Municipality,KENTLANDS BLVD,CHEVY CHASE ST,,GAITHERSBURG,,STRAIGHT MOVEMENT ANGLE,N/A,N/A,DAYLIGHT,STOP SIGN,NONE DETECTED,,8205513B-26FF-43CA-A022-5A215F3E9200,Yes,NO APPARENT INJURY,N/A,UNKNOWN,MD,B5670D84-CAAB-44D4-A8AC-CE425EFB70F4,DISABLING,TWELVE OCLOCK,PASSENGER CAR,MAKING LEFT TURN,South,35,No,No,2010,HYUNDAI,SONATA,39.13992855,-77.19558577,"(39.13992855, -77.19558577)"
DD5610002X,170518144,Rockville Police Departme,Injury Crash,07/09/2017 02:43:00 PM,Municipality,THORNDEN RD,HENRY RD,,ROCKVILLE,,OTHER,CLEAR,DRY,DAYLIGHT,NO CONTROLS,N/A,,6792A39A-3DC4-4050-8A67-4265985808E9,No,NO APPARENT INJURY,N/A,NOT DISTRACTED,MD,9C3ACEEA-BFC5-411D-9621-43660C850A14,FUNCTIONAL,TWELVE OCLOCK,PASSENGER CAR,MOVING CONSTANT SPEED,East,25,No,No,2015,TOYOTA,4DR,39.0708,-77.12675,"(39.0708, -77.12675)"
MCP9386004M,170508054,Montgomery County Police,Injury Crash,05/17/2017 11:11:00 AM,Maryland (State),RIVER RD,SEVEN LOCKS RD,,N/A,,SAME DIR REAR END,CLEAR,DRY,DAYLIGHT,TRAFFIC SIGNAL,NONE DETECTED,,D0710D1B-2532-4061-9F85-84FE536D26CB,No,NO APPARENT INJURY,N/A,NOT DISTRACTED,MD,0925E005-4123-4AA3-BDFF-B63296C7BB50,SUPERFICIAL,SIX OCLOCK,VAN,SLOWING OR STOPPING,East,40,No,No,2003,FORD,ECONOLINE,39.03804167,-77.12351,"(39.03804167, -77.12351)"
MCP31820017,200047015,Montgomery County Police,Property Damage Crash,11/28/2020 11:32:00 PM,US (State),COLESVILLE RD,SOUTHWOOD AVE,,N/A,,SAME DIRECTION SIDESWIPE,CLEAR,DRY,DARK LIGHTS ON,NO CONTROLS,ALCOHOL PRESENT,,034B275E-3B07-49AF-B76D-2BC087D59ACC,Yes,NO APPARENT INJURY,N/A,OTHER DISTRACTION,MD,360D6930-E017-40C6-9320-41A8AB6EF281,SUPERFICIAL,TWO OCLOCK,PASSENGER CAR,MOVING CONSTANT SPEED,South,40,No,No,2005,INFINITI,G35,39.026505,-77.01059,"(39.026505, -77.01059)"
DD5631004N,230001799,Rockville Police Departme,Property Damage Crash,01/11/2023 09:30:00 PM,Maryland (State),VEIRS MILL RD,FIRST ST,,N/A,,OTHER,CLEAR,DRY,DARK LIGHTS ON,NO CONTROLS,NONE DETECTED,,44EBDC14-9F5F-4B32-B594-9AD08DB45CB8,No,NO APPARENT INJURY,N/A,NOT DISTRACTED,MD,983990F7-2BEF-4784-9682-D2D8D08C871D,SUPERFICIAL,NINE OCLOCK,PASSENGER CAR,MOVING CONSTANT SPEED,East,35,No,No,2019,FORD,4S,39.07962117,-77.13793717,"(39.07962117, -77.13793717)"
MCP2737003J,190005212,Montgomery County Police,Injury Crash,02/02/2019 05:15:00 AM,Maryland (State),GEORGIA AVE,GREGG RD,,N/A,,HEAD ON,CLEAR,ICE,DARK -- UNKNOWN LIGHTING,NO CONTROLS,NONE DETECTED,,8B1A49C7-8EF4-4B7C-A795-DA171861CD3F,Yes,SUSPECTED MINOR INJURY,"ICY OR SNOW-COVERED, N/A",UNKNOWN,MD,7949BD9A-1FBC-4010-896E-AFD1BDD44F24,DISABLING,TWO OCLOCK,(SPORT) UTILITY VEHICLE,SKIDDING,North,50,No,No,2017,NISSAN,SW,39.197115,-77.06690333,"(39.197115, -77.06690333)"
MCP2608000V,15010756,Montgomery County Police,Property Damage Crash,03/08/2015 04:30:00 PM,,,,Parking lot of Mr. Wash Car Wash,,,SAME DIR REAR END,CLEAR,,DAYLIGHT,NO CONTROLS,NONE DETECTED,,7D5975B8-7D13-4AA2-BA0E-C93B89BA7450,No,NO APPARENT INJURY,N/A,NOT DISTRACTED,DC,039E4840-D19F-4E44-8BC2-BE9533B7D71B,SUPERFICIAL,SIX OCLOCK,PASSENGER CAR,MOVING CONSTANT SPEED,East,10,No,No,2015,CHEVROLET,MALIBU,38.98652333,-77.02813167,"(38.98652333, -77.02813167)"
MCP31640044,210007828,Montgomery County Police,Injury Crash,03/02/2021 07:50:00 AM,Maryland (State),GEORGIA AVE,RANDOLPH RD,,N/A,PEDESTRIAN,SINGLE VEHICLE,CLEAR,DRY,DAYLIGHT,TRAFFIC SIGNAL,NONE DETECTED,NONE DETECTED,253A13B1-1CA0-41A9-9BCA-D1A46DED80CF,Unknown,NO APPARENT INJURY,N/A,NOT DISTRACTED,MD,061F5186-C237-4273-AF22-2DCA311CB135,NO DAMAGE,TWELVE OCLOCK,PASSENGER CAR,MAKING LEFT TURN,South,35,No,No,1999,TOYOTA,COROLLA,39.05779333,-77.04981667,"(39.05779333, -77.04981667)"
MCP3230000N,200013061,Montgomery County Police,Property Damage Crash,03/17/2020 06:45:00 PM,County,RANDOLPH RD,VEIRS MILL RD,,N/A,,SAME DIR REAR END,CLEAR,DRY,DAYLIGHT,TRAFFIC SIGNAL,NONE DETECTED,,AFBD4A37-8281-4979-961A-24CDC2B2AB95,No,NO APPARENT INJURY,N/A,NOT DISTRACTED,MD,F1188D22-A783-45B5-A62C-3F8112EB427B,OTHER,SIX OCLOCK,VAN,STOPPED IN TRAFFIC LANE,North,35,No,No,2020,CHEVY,EXPRESS,39.05653667,-77.08218833,"(39.05653667, -77.08218833)"
MCP26740032,220025955,Montgomery County Police,Property Damage Crash,06/16/2022 04:29:00 PM,County,BRINK RD,RIDGE RD,,N/A,,HEAD ON,CLEAR,DRY,DAYLIGHT,TRAFFIC SIGNAL,UNKNOWN,,2F0C67AD-D672-4387-90C3-AE73B1B0D87C,Yes,NO APPARENT INJURY,N/A,NOT DISTRACTED,MD,D8BD8A0E-D666-4B07-936A-9B72B7F8F2C0,SUPERFICIAL,SIX OCLOCK,PASSENGER CAR,BACKING,East,40,No,No,2017,KIA,OPTIMA,39.21019392,-77.23833131,"(39.21019392, -77.23833131)"
MCP31620044,220024901,Montgomery County Police,Property Damage Crash,06/10/2022 11:30:00 AM,Maryland (State),GEORGIA AVE,RAMP 3 FR IS 495 EB TO MD 97 NB,,N/A,,STRAIGHT MOVEMENT ANGLE,CLEAR,DRY,DAYLIGHT,TRAFFIC SIGNAL,NONE DETECTED,,1BF1A57C-96D3-4C43-A67F-1FEF19CE7D6E,Yes,NO APPARENT INJURY,N/A,NOT DISTRACTED,PA,DD2178ED-13E1-4A9B-9579-CE457483931C,FUNCTIONAL,FOUR OCLOCK,PASSENGER CAR,MOVING CONSTANT SPEED,North,35,No,No,2007,SUBARU,OUTBACK,39.013815,-77.04224667,"(39.013815, -77.04224667)"
MCP30290020,180015554,Montgomery County Police,Property Damage Crash,03/30/2018 08:01:00 PM,US (State),COLUMBIA PIKE,TECH RD,,N/A,,SAME DIR REAR END,CLEAR,DRY,DARK LIGHTS ON,TRAFFIC SIGNAL,UNKNOWN,,5594B81B-3DBA-4C04-976D-502F44A321CD,Yes,NO APPARENT INJURY,N/A,UNKNOWN,,A5406F9F-54F0-4624-89DC-13490F03A15E,SUPERFICIAL,TWELVE OCLOCK,PASSENGER CAR,MAKING LEFT TURN,South,45,No,No,2014,TOYOTA,TK,39.05805133,-76.9684647,"(39.05805133, -76.9684647)"
MCP3180002R,220004365,Montgomery County Police,Property Damage Crash,02/01/2022 03:36:00 PM,Maryland (State),OLNEY SANDY SPRING RD,OLD BALTIMORE RD,,N/A,,SAME DIR REAR END,CLEAR,DRY,DAYLIGHT,TRAFFIC SIGNAL,NONE DETECTED,,7DF89C9D-F0D1-4FD4-90C3-17788D04F0CA,No,NO APPARENT INJURY,N/A,NOT DISTRACTED,MD,5D98D1CA-058B-4107-AE96-499925474AE2,SUPERFICIAL,SIX OCLOCK,PASSENGER CAR,SLOWING OR STOPPING,East,40,No,No,2011,HONDA,TK,39.147045,-77.051535,"(39.147045, -77.051535)"
EJ78640014,170541932,Gaithersburg Police Depar,Property Damage Crash,11/09/2017 07:41:00 PM,,,,PARKING LOT OF 662 QUINCE ORCHARD RD,,,STRAIGHT MOVEMENT ANGLE,N/A,,DARK LIGHTS ON,N/A,N/A,,BFDB3611-2FE1-4493-A9A4-77561606A091,No,NO APPARENT INJURY,N/A,NOT DISTRACTED,MD,8913231A-9CF5-4C31-98EC-89FA734FD916,DISABLING,TWO OCLOCK,OTHER,MOVING CONSTANT SPEED,East,15,No,No,2006,HOND,2S,39.14150833,-77.22251167,"(39.14150833, -77.22251167)"
MCP29710058,200002710,Montgomery County Police,Property Damage Crash,01/16/2020 04:18:00 PM,Maryland (State),GREAT SENECA HWY,GREY EAGLE CT,,N/A,,STRAIGHT MOVEMENT ANGLE,CLEAR,DRY,DAYLIGHT,NO CONTROLS,NONE DETECTED,,8754661C-A570-4142-8FBD-D583D7764FD5,No,NO APPARENT INJURY,N/A,NOT DISTRACTED,MD,F40FACE9-77AC-4EB9-9912-167D501C9E6A,DESTROYED,TWO OCLOCK,PASSENGER CAR,MOVING CONSTANT SPEED,North,50,No,No,2000,TOYOTA,AVALON,39.16945167,-77.263965,"(39.16945167, -77.263965)"
MCP28640014,15025726,Montgomery County Police,Injury Crash,05/28/2015 03:22:00 PM,Maryland (State),DARNESTOWN RD,AMBIANCE DR,,N/A,PEDESTRIAN,STRAIGHT MOVEMENT ANGLE,CLEAR,DRY,DAYLIGHT,NO CONTROLS,NONE DETECTED,NONE DETECTED,5D6BCF32-C988-4C76-8604-C5EFB06832B4,No,NO APPARENT INJURY,N/A,NOT DISTRACTED,MD,7871A406-6D2A-4DA3-B240-C417F7BC7516,NO DAMAGE,ELEVEN OCLOCK,PASSENGER CAR,MOVING CONSTANT SPEED,East,40,No,No,2000,TOYOTA,CAMRY,39.11341833,-77.24281833,"(39.11341833, -77.24281833)"
MCP9110000N,16022284,Montgomery County Police,Property Damage Crash,05/05/2016 05:58:00 PM,Maryland (State),OLD HUNDRED RD,RAMP 6 FR MD 109 EB TO IS 270 SB,,N/A,,HEAD ON LEFT TURN,RAINING,WET,DAYLIGHT,NO CONTROLS,UNKNOWN,,19F588A2-FFB5-4B54-9AAB-326FC1E8149E,Yes,NO APPARENT INJURY,"N/A, WET",UNKNOWN,,F89A58B5-A61A-4BDD-979A-84FC1C67B6E2,UNKNOWN,FIVE OCLOCK,PASSENGER CAR,MAKING LEFT TURN,West,30,No,No,2015,FORD,TRUCK,39.27758167,-77.32399833,"(39.27758167, -77.32399833)"
MCP2813004W,180024461,Montgomery County Police,Injury Crash,05/18/2018 04:45:00 PM,County,JUDSON RD,HARDY AVE,,N/A,,SAME DIR REAR END,RAINING,WET,DAYLIGHT,NO CONTROLS,N/A,,338B653E-8F88-468C-955F-A0FAEE7D70C7,Yes,NO APPARENT INJURY,"RAIN, SNOW, WET",OTHER DISTRACTION,MD,CF5EB626-FF09-47DB-915A-61939A032CC6,SUPERFICIAL,TWELVE OCLOCK,PICKUP TRUCK,MOVING CONSTANT SPEED,North,25,No,No,2002,FORD,RANGER,39.05039,-77.05979667,"(39.05039, -77.05979667)"
MCP3145001W,190053537,Montgomery County Police,Property Damage Crash,11/06/2019 07:00:00 PM,Maryland (State),NEW HAMPSHIRE AVE,RANDOLPH RD,,N/A,,SAME DIRECTION LEFT TURN,CLEAR,DRY,DARK LIGHTS ON,NO CONTROLS,N/A,,27D7E213-2A9E-4391-84B6-E745DB672337,Yes,NO APPARENT INJURY,N/A,INATTENTIVE OR LOST IN THOUGHT,MD,402BE8C8-784B-4B18-8BEE-5BFF9A84ED1B,DISABLING,ELEVEN OCLOCK,PASSENGER CAR,CHANGING LANES,South,40,No,No,2013,SUBA,4S,39.074855,-77.00226167,"(39.074855, -77.00226167)"
MCP3382002F,250028067,MONTGOMERY,Property Damage Crash,06/24/2025 07:00:00 AM,Maryland (State) Route,GEORGIA AVE (SB/L),,,,,Front to Rear,Clear,Dry,Daylight,No Controls,"Not Suspect of Alcohol Use, Not Suspect of Drug Use",,D56B3D6A-561E-40DF-9BCB-0CB5CA1CA0CD,Yes,No Apparent Injury,,Not Distracted,MD,1A2C7951-D5DB-4213-BC5E-96F8CDC5377D,Disabling,Eleven O Clock,Passenger Car,Slowing or Stopping,Southbound,35,No,No,2008,FORD,F-150,39.09287138,-77.07981298,"(39.09287138, -77.07981298)"
MCP3220003R,230008260,Montgomery County Police,Injury Crash,02/18/2023 01:26:00 PM,Maryland (State),W DIAMOND AVE,SPUR TO MUDDY BRANCH RD,,N/A,,HEAD ON LEFT TURN,CLEAR,DRY,DAYLIGHT,TRAFFIC SIGNAL,NONE DETECTED,,A221AD1E-C2B0-41D0-92AD-2A6D9CB4DE49,No,POSSIBLE INJURY,N/A,NOT DISTRACTED,MD,A231595E-64F8-456D-8D70-7F4A8AFC527B,DISABLING,TWELVE OCLOCK,PASSENGER CAR,MOVING CONSTANT SPEED,East,35,No,No,2007,TOYT,4S,39.14003617,-77.20471867,"(39.14003617, -77.20471867)"
DD5636001C,190058412,Rockville Police Departme,Injury Crash,12/04/2019 01:17:00 PM,Maryland (State),HUNGERFORD DR,BEALL AVE #2,,ROCKVILLE,,HEAD ON LEFT TURN,CLOUDY,WET,DAYLIGHT,TRAFFIC SIGNAL,N/A,,009AD6FE-0663-4A1F-A1CA-224BF32CDA90,No,SUSPECTED MINOR INJURY,N/A,UNKNOWN,MD,170E7831-71F2-4C5A-88E4-2CD604D5F8AD,DESTROYED,ONE OCLOCK,PASSENGER CAR,ACCELERATING,West,35,No,No,2016,VOLK,4S,39.08723971,-77.15021497,"(39.08723971, -77.15021497)"
MCP2039009M,230072191,Montgomery County Police,Injury Crash,12/17/2023 11:41:00 AM,Maryland (State),GEORGIA AVE,RALPH RD,,N/A,,STRAIGHT MOVEMENT ANGLE,CLOUDY,DRY,DAYLIGHT,STOP SIGN,N/A,,FF3A1CE8-F8C7-4D77-85F8-CDAFE1A3E7D8,Yes,POSSIBLE INJURY,N/A,LOOKED BUT DID NOT SEE,MD,682C6D32-52DC-4E91-ABE8-2E1C773F0732,DISABLING,TEN OCLOCK,PASSENGER CAR,MAKING LEFT TURN,North,35,No,No,2018,JEEP,GRAN CHEROKEE,39.07827833,-77.07192667,"(39.07827833, -77.07192667)"
MCP1148002G,180025643,Montgomery County Police,Injury Crash,05/25/2018 07:52:00 AM,Maryland (State),ROCKVILLE PIKE,SPUR TO WOODMONT AVE,,N/A,,SAME DIR REAR END,CLEAR,N/A,DAYLIGHT,NO CONTROLS,NONE DETECTED,,5A1FF0BE-A7A2-478C-BD51-D430FAC2219C,No,NO APPARENT INJURY,N/A,NOT DISTRACTED,MD,30E82BCE-B5BC-4E60-8AC3-5D24504F76DD,SUPERFICIAL,SIX OCLOCK,PASSENGER CAR,SLOWING OR STOPPING,South,25,No,No,2009,JEEP,CHEROKEE,38.99502667,-77.09710167,"(38.99502667, -77.09710167)"
MCP3263002L,220038135,Montgomery County Police,Property Damage Crash,09/02/2022 08:30:00 PM,County,BETHESDA AVE,ARLINGTON RD,,N/A,,SAME DIRECTION RIGHT TURN,CLEAR,DRY,DARK LIGHTS ON,TRAFFIC SIGNAL,NONE DETECTED,,9492DBDB-40F4-47A6-A14F-C6E262BFF81F,Yes,NO APPARENT INJURY,N/A,NOT DISTRACTED,PA,E16904E5-F44E-4E6F-8AB4-5FCDDD5D038D,FUNCTIONAL,FOUR OCLOCK,PASSENGER CAR,MAKING RIGHT TURN,North,25,No,No,2018,FRHT,AMBULANCE,38.98081667,-77.09773833,"(38.98081667, -77.09773833)"
MCP31000009,180021629,Montgomery County Police,Property Damage Crash,05/03/2018 11:21:00 PM,,,,CVS PARKING LOT  19100 MONTGOMERY VILLAGE AVE,,,OTHER,CLEAR,,DARK LIGHTS ON,N/A,NONE DETECTED,,542512A1-3616-43DA-9972-2363CFE23E68,No,NO APPARENT INJURY,N/A,NOT DISTRACTED,MD,7F51F7DE-591C-44E6-A434-2C2F43755843,SUPERFICIAL,SIX OCLOCK,PASSENGER CAR,PARKED,,5,No,Yes,2007,AUCRA,MDX,39.17015298,-77.20462382,"(39.17015298, -77.20462382)"
MCP15800033,15020133,Montgomery County Police,Injury Crash,04/29/2015 06:58:00 AM,Maryland (State),MONTGOMERY VILLAGE AVE,RUSSELL AVE,,GAITHERSBURG,,SAME DIR REAR END,CLEAR,DRY,DAYLIGHT,N/A,NONE DETECTED,,363713CB-AD54-446D-8AA7-9331810E4958,Yes,POSSIBLE INJURY,N/A,UNKNOWN,MD,A1D70CB5-E485-4CFC-AF92-C22D897F92B4,FUNCTIONAL,SIX OCLOCK,PASSENGER CAR,CHANGING LANES,South,35,No,No,2011,MITS,LANCER,39.154395,-77.209455,"(39.154395, -77.209455)"
MCP287100BJ,240046867,MONTGOMERY,Property Damage Crash,10/01/2024 02:17:00 PM,County Route,NICHOLSON LA,,,,,Front to Rear,Cloudy,Wet,Daylight,No Controls,"Unknown, Unknown",,B218DF3B-86A4-4DF5-B2C8-4361655C912A,No,No Apparent Injury,"Followed Too Closely, Too Fast For Conditions",Unknown,,5E5049B3-69DB-45CA-86B5-F432DE517223,Vehicle Not at Scene,Vehicle Not at Scene,Unknown,Moving Constant Speed,Westbound,30,No,No,0,,,39.04483,-77.11745167,"(39.04483, -77.11745167)"
MCP3077000Z,180004681,Montgomery County Police,Injury Crash,01/27/2018 06:10:00 PM,Maryland (State),GERMANTOWN RD,MIDDLEBROOK RD,,N/A,,STRAIGHT MOVEMENT ANGLE,CLEAR,DRY,DARK LIGHTS ON,OTHER,N/A,,DEB920D4-6AB3-4495-AEB4-EC5B965CCAAB,Yes,NO APPARENT INJURY,N/A,LOOKED BUT DID NOT SEE,MD,FA1A0E21-F72F-478D-BB93-618189B86547,FUNCTIONAL,ELEVEN OCLOCK,PASSENGER CAR,MOVING CONSTANT SPEED,South,40,No,No,2010,MAZD,4S,39.17971833,-77.26684667,"(39.17971833, -77.26684667)"
EJ7851000M,15022451,Gaithersburg Police Depar,Injury Crash,05/11/2015 02:20:00 PM,County,SHADY GROVE RD,CHOKE CHERRY RD,,ROCKVILLE,,HEAD ON LEFT TURN,CLEAR,DRY,DAYLIGHT,TRAFFIC SIGNAL,NONE DETECTED,,2A7F6232-DE84-403A-860C-DE01882317F7,No,NO APPARENT INJURY,N/A,NOT DISTRACTED,MD,01DCAE33-20C7-4C26-AAC5-3CE3451AA3EA,FUNCTIONAL,TWELVE OCLOCK,PASSENGER CAR,MOVING CONSTANT SPEED,East,40,No,No,2003,TOYOTA,SEQUOIA,39.11468686,-77.18582153,"(39.11468686, -77.18582153)"
MCP28500022,220023543,Montgomery County Police,Property Damage Crash,06/02/2022 04:16:00 AM,County,CHRISTOPHER AVE,MONTGOMERY VILLAGE AVE,,N/A,,SINGLE VEHICLE,CLEAR,DRY,DARK LIGHTS ON,FLASHING TRAFFIC SIGNAL,N/A,,ED2D0229-70FC-4A73-A3D0-E0534486B45E,Yes,NO APPARENT INJURY,N/A,NOT DISTRACTED,MD,635193BC-6F3D-4EB7-801B-2F15432E9834,DESTROYED,TWELVE OCLOCK,PASSENGER CAR,UNKNOWN,West,35,No,No,2013,FORD,CP,39.15815333,-77.20459333,"(39.15815333, -77.20459333)"
MCP27230054,200049087,Montgomery County Police,Property Damage Crash,12/13/2020 05:45:00 AM,County,RANDOLPH RD,VITAL WAY,,N/A,,SINGLE VEHICLE,RAINING,WET,DARK LIGHTS ON,NO CONTROLS,NONE DETECTED,,B2F634D2-2B03-45AF-AD0F-4CBE038F7E27,Yes,NO APPARENT INJURY,"N/A, WET",UNKNOWN,XX,9F3B65E0-5C42-4AC4-A20E-4247DF58D3AA,DISABLING,ROOF TOP,PASSENGER CAR,MOVING CONSTANT SPEED,West,40,No,No,2002,BMW,325 CI,39.075635,-77.00349333,"(39.075635, -77.00349333)"
MCP2799008F,250022923,MONTGOMERY,Injury Crash,05/23/2025 06:15:00 PM,County Route,HASTINGS DR (SB/L),COLESVILLE RD,,,,Front to Front,Clear,Dry,Daylight,Traffic Control Signal,"Not Suspect of Alcohol Use, Not Suspect of Drug Use",,28F48686-3D26-4A51-98CF-EE14BA1F8BB3,No,No Apparent Injury,,Unknown,MD,71ACFCD9-4618-46D9-B331-8AC12B61EA11,Disabling,Twelve O Clock,Passenger Car,Entering Traffic Lane,Westbound,25,No,No,2014,HONDA,ODYSSEY,39.0133841,-77.01659619,"(39.0133841, -77.01659619)"
MCP1564000P,15036945,MONTGOMERY,Property Damage Crash,07/26/2015 02:18:00 PM,Maryland (State),GEORGIA AVE,QUEEN ELIZABETH DR,,N/A,,STRAIGHT MOVEMENT ANGLE,CLEAR,DRY,DAYLIGHT,TRAFFIC SIGNAL,NONE DETECTED,,BEDD9591-0C04-4618-B3AC-C1247A3E4D5E,No,NO APPARENT INJURY,N/A,NOT DISTRACTED,MD,D321EB45-66C1-48E0-8BA0-3F0A2D8634EE,DISABLING,FOUR OCLOCK,PASSENGER CAR,ACCELERATING,West,30,No,No,2006,HYUN,TK,39.15906833,-77.06430167,"(39.15906833, -77.06430167)"
MCP2845007K,210005009,Montgomery County Police,Property Damage Crash,02/08/2021 01:00:00 PM,,,,"PARKING LOT OF U.S. POST OFFICE 110 UNIVERSITY BOULEVARD WEST, SILVER SPRING, MARYLAND",,,SAME DIR REAR END,CLEAR,,DAYLIGHT,NO CONTROLS,UNKNOWN,,8F63C6D2-69AE-45A2-81E7-8E9581C981D4,Yes,NO APPARENT INJURY,N/A,UNKNOWN,MD,30EC30DC-D7CC-4B14-A5EA-D1AC012B2A76,UNKNOWN,UNKNOWN,PASSENGER CAR,BACKING,West,5,No,No,2018,NISSAN,LEAF,39.020151,-77.01438978,"(39.020151, -77.01438978)"