Report Number,Local Case Number,Agency Name,ACRS Report Type,Crash Date/Time,Route Type,Road Name,Cross-Street Name,Off-Road Description,Municipality,Related Non-Motorist,Collision Type,Weather,Surface Condition,Light,Traffic Control,Driver Substance Abuse,Non-Motorist Substance Abuse,Person ID,Driver At Fault,Injury Severity,Circumstance,Driver Distracted By,Drivers License State,Vehicle ID,Vehicle Damage Extent,Vehicle First Impact Location,Vehicle Body Type,Vehicle Movement,Vehicle Going Dir,Speed Limit,Driverless Vehicle,Parked Vehicle,Vehicle Year,Vehicle Make,Vehicle Model,Latitude,Longitude,Location
DD5624000B,180009769,Rockville Police Departme,Property Damage Crash,02/25/2018 06:05:00 PM,Maryland (State),NORBECK RD,FIRST ST SPUR,,ROCKVILLE,,STRAIGHT MOVEMENT ANGLE,CLEAR,DRY,DARK LIGHTS ON,STOP SIGN,NONE DETECTED,,DA8C86D8-502A-40D8-937B-E3FB8E875BA2,No,NO APPARENT INJURY,N/A,NOT DISTRACTED,VA,1976ED07-782C-41DB-A692-5E005698D2D9,DESTROYED,TWELVE OCLOCK,PASSENGER CAR,MOVING CONSTANT SPEED,South,50,No,No,2000,HOND,CIVIC,39.08687883,-77.1351915,"(39.08687883, -77.1351915)"
DM8451001J,180002631,Takoma Park Police Depart,Property Damage Crash,01/17/2018 06:45:00 AM,Municipality,HEATHER AVE,SLIGO CREEK PKWY,,N/A,,SINGLE VEHICLE,SNOW,SNOW,DAWN,N/A,N/A,,BBC29170-0690-4C00-9DBE-C3F9154D48BF,No,NO APPARENT INJURY,"ICY OR SNOW-COVERED, RAIN, SNOW",NOT DISTRACTED,MD,D71A4155-4E74-40A4-A92B-A30C77BCDFA2,FUNCTIONAL,TWELVE OCLOCK,PASSENGER CAR,SLOWING OR STOPPING,South,15,No,No,2000,NISSAN,4S,38.97991717,-76.9946955,"(38.97991717, -76.9946955)"
MCP14330043,220027526,Montgomery County Police,Property Damage Crash,06/26/2022 03:45:00 PM,,,,FEDERAL PLAZA SHOPPING CENTER PARKING LOT 12268 ROCKVILLE PIKE ROCKVILLE MD 20852,,,OTHER,CLEAR,,DAYLIGHT,N/A,NONE DETECTED,,DB0861FB-A86A-48DE-94B6-9700C1FBE36D,Yes,NO APPARENT INJURY,N/A,LOOKED BUT DID NOT SEE,MD,A982D8A8-33AA-4FF7-BA97-980F6FFAF397,FUNCTIONAL,ONE OCLOCK,(SPORT) UTILITY VEHICLE,PARKING,North,15,No,No,2005,TOYOTA,SEQUOIA,39.057315,-77.12274667,"(39.057315, -77.12274667)"
DD5640000G,200015759,Rockville Police Departme,Property Damage Crash,04/12/2020 03:30:00 AM,County,E GUDE DR,DOVER RD,,N/A,,SINGLE VEHICLE,CLEAR,DRY,DARK LIGHTS ON,NO CONTROLS,NONE DETECTED,,367E4D76-419E-4EDB-B414-3643E1F98ED6,No,NO APPARENT INJURY,"ANIMAL, N/A",NOT DISTRACTED,MD,E22D8DAA-94D3-46E4-B4B4-7D4AF69A6346,SUPERFICIAL,TWO OCLOCK,POLICE VEHICLE/NON EMERGENCY,MOVING CONSTANT SPEED,West,40,No,No,2014,FORD,TAURUS,39.10307167,-77.142225,"(39.10307167, -77.142225)"
MCP3009001G,190030139,Montgomery County Police,Property Damage Crash,06/24/2019 02:00:00 PM,County,GRASSY KNOLL TERR,MID COUNTY HWY,,N/A,,SINGLE VEHICLE,CLEAR,DRY,DAYLIGHT,N/A,N/A,,27EA83BD-CCE0-4287-B674-B0F3DB29A6A7,Yes,NO APPARENT INJURY,N/A,NOT DISTRACTED,MD,2C43A839-5303-472A-837F-3D116739CAFA,DISABLING,TWELVE OCLOCK,PASSENGER CAR,ACCELERATING,West,20,No,No,1998,SUBARU,LEGACY,39.17829333,-77.22582333,"(39.17829333, -77.22582333)"
MCP3048003F,180038090,Montgomery County Police,Property Damage Crash,08/01/2018 09:36:00 AM,Maryland (State),RIVER RD,LITTLE FALLS PKWY,,N/A,,SAME DIR REAR END,CLEAR,DRY,DAYLIGHT,TRAFFIC SIGNAL,N/A,,DD7CB7A1-0612-40FE-A5F4-1333FBED6ECF,No,NO APPARENT INJURY,N/A,NOT DISTRACTED,MD,C138145B-3403-4A43-82F5-2A517B59D370,FUNCTIONAL,SIX OCLOCK,PASSENGER CAR,STOPPED IN TRAFFIC LANE,East,30,No,No,2011,TOYOTA,4DR,38.96378833,-77.10230167,"(38.96378833, -77.10230167)"
MCP1580002Y,15013552,Montgomery County Police,Injury Crash,03/24/2015 11:41:00 AM,County,SHADY GROVE RD,RAMP 7 FR SHADY GROVE RD WB TO RAMP 6,,N/A,,HEAD ON LEFT TURN,CLEAR,DRY,DAYLIGHT,TRAFFIC SIGNAL,NONE DETECTED,,DF57A6BB-02E1-49FB-9D7F-1CAAC55D3F2B,No,NO APPARENT INJURY,N/A,NOT DISTRACTED,MD,0696CB92-8E56-46AC-B6D9-8AADD68DDC31,DISABLING,ELEVEN OCLOCK,PASSENGER CAR,SLOWING OR STOPPING,West,45,No,No,2013,TOYOTA,PRIUS,39.1312,-77.16128,"(39.1312, -77.16128)"
EJ78350008,16064279,Gaithersburg Police Depar,Injury Crash,12/14/2016 09:29:00 PM,Maryland (State),FREDERICK RD,S WESTLAND DR,,GAITHERSBURG,PEDESTRIAN,OTHER,CLEAR,DRY,DARK LIGHTS ON,TRAFFIC SIGNAL,NONE DETECTED,NONE DETECTED,58100D35-5297-42AA-8B97-9386031E6B07,No,NO APPARENT INJURY,N/A,UNKNOWN,MD,69EB9F21-2904-4A13-8508-B578AFB09398,FUNCTIONAL,TWELVE OCLOCK,PASSENGER CAR,MOVING CONSTANT SPEED,North,40,No,No,2016,FORD,FUSION,39.12618667,-77.18281833,"(39.12618667, -77.18281833)"
MCP33170024,240036503,MONTGOMERY,Property Damage Crash,08/02/2024 07:37:00 PM,County Route,CLOVER PATCH DR,CHERRY HILL RD PLUM ORCHARD DR,,,,Angle,Cloudy,Dry,Daylight,Traffic Control Signal,"Not Suspect of Alcohol Use, Not Suspect of Drug Use",,04096882-1477-4912-A2C1-A93D006897EC,No,No Apparent Injury,,Not Distracted,MD,AA7C8913-310D-473A-9468-7011DFFC08DB,Functional,One O Clock,Sport Utility Vehicle,Turning Right,,40,No,No,2020,NISSAN,ROGUE,39.0525432,-76.95316549,"(39.0525432, -76.95316549)"
MCP94420023,210025732,Montgomery County Police,Injury Crash,06/23/2021 07:00:00 AM,,,,PARKING LOT OF 19351 DUNBRIDGE WAY,,PEDESTRIAN,OTHER,CLEAR,,DAYLIGHT,N/A,N/A,N/A,B39601DB-F961-4AEC-A035-4150D8546663,Yes,NO APPARENT INJURY,N/A,LOOKED BUT DID NOT SEE,MD,42B22E5A-047B-4497-868B-F852030C0163,NO DAMAGE,SIX OCLOCK,PASSENGER CAR,BACKING,Unknown,25,No,No,1998,TOYOTA,4S,39.17341333,-77.212455,"(39.17341333, -77.212455)"
MCP3162005X,250011858,MONTGOMERY,Property Damage Crash,03/18/2025 02:15:00 PM,County Route,SILVER SPRING AVE,,,,,"Sideswipe, Same Direction",Clear,Dry,Daylight,No Controls,"Not Suspect of Alcohol Use, Not Suspect of Drug Use",,E8DEE99B-518B-4912-A398-9FBA1D839A7C,No,No Apparent Injury,,Not Distracted,MD,676FF690-06DB-4DF7-A644-7CC5DAD7CE1C,Superficial,Five O Clock,Passenger Car,Moving Constant Speed,Eastbound,25,No,No,2023,TOYOTA,TACOMA,38.99163096,-77.02379712,"(38.99163096, -77.02379712)"
MCP32250013,200047858,Montgomery County Police,Property Damage Crash,12/04/2020 07:00:00 PM,,,,"PARKING LOT OF 11160 VEIRS MILL RD, SILVER SPRING, MD 20902 (MACYS/TARGET SIDE)",,,OTHER,RAINING,,DARK LIGHTS ON,N/A,NONE DETECTED,,1EA53F54-02E5-4693-98B1-0C41B49F7688,No,NO APPARENT INJURY,"N/A, RAIN, SNOW",NOT DISTRACTED,MD,74AFAA18-E648-4BC4-B3D1-63766C7E12B0,FUNCTIONAL,ELEVEN OCLOCK,PASSENGER CAR,STOPPED IN TRAFFIC LANE,South,15,No,No,2015,MAZDA,6,39.037601,-77.05625633,"(39.037601, -77.05625633)"
MCP3000002B,180031352,Montgomery County Police,Property Damage Crash,06/25/2018 08:30:00 PM,Interstate (State),EISENHOWER MEMORIAL HWY,RAMP 1 FR IS 270 NB TO MIDDLEBROOK RD WB,,N/A,,SINGLE VEHICLE,CLEAR,DRY,DAYLIGHT,NO CONTROLS,NONE DETECTED,,44E5CC55-17CA-4505-9098-1F9B15A1FEFD,Yes,NO APPARENT INJURY,N/A,NOT DISTRACTED,MD,DC3A0CE8-21E5-416F-9D4D-6A7481F78881,DISABLING,TWELVE OCLOCK,MOTORCYCLE,ACCELERATING,North,55,No,No,2004,YAMAHA,MC,39.17742,-77.24605167,"(39.17742, -77.24605167)"
MCP2247001J,17001220,Montgomery County Police,Property Damage Crash,01/07/2017 08:28:00 PM,County,OLD COLUMBIA PIKE,HIDDEN VALLEY DR,,N/A,,ANGLE MEETS LEFT TURN,CLEAR,ICE,DARK LIGHTS ON,NO CONTROLS,NONE DETECTED,,D93BDF7B-8A34-47BD-9844-B8B9FDB9F0A1,No,NO APPARENT INJURY,"ICY OR SNOW-COVERED, V WIPERS|W OTHER ENVIRONMENTAL",NOT DISTRACTED,MD,A7F00BB1-8E0F-4B53-8CCA-516A5DCB4014,FUNCTIONAL,ONE OCLOCK,PASSENGER CAR,MOVING CONSTANT SPEED,South,35,No,No,2007,MAZDA,RX7,39.07451881,-76.95869207,"(39.07451881, -76.95869207)"
MCP2861006J,250003606,MONTGOMERY,Property Damage Crash,01/25/2025 07:09:00 PM,County Route,MONTROSE RD,HITCHING POST LA,,,,Front to Front,Clear,Dry,Dark - Lighted,Traffic Control Signal,"Not Suspect of Alcohol Use, Not Suspect of Drug Use",,F2FAA0D4-1A3E-4435-AEA8-D4FE7C54B9AE,No,No Apparent Injury,,Unknown,MD,F93A1D45-058C-4E69-A4BD-E79A5299088A,Functional,Twelve O Clock,Passenger Car,Moving Constant Speed,,45,No,No,2024,TOYOTA,COROLLA,39.05429769,-77.14313283,"(39.05429769, -77.14313283)"
EJ7858004Q,200001803,Gaithersburg Police Depar,Property Damage Crash,01/11/2020 05:08:00 AM,Maryland (State),FREDERICK RD,LAKE FOREST BLVD,,GAITHERSBURG,,STRAIGHT MOVEMENT ANGLE,CLOUDY,DRY,DARK LIGHTS ON,FLASHING TRAFFIC SIGNAL,NONE DETECTED,,3650DD09-E90C-416B-8F00-4796748DB07B,No,NO APPARENT INJURY,N/A,NOT DISTRACTED,MD,BB32E1D3-F8A8-489B-BD45-A5C37DC696DD,DISABLING,TWELVE OCLOCK,PASSENGER CAR,MOVING CONSTANT SPEED,North,30,No,No,2000,FORD,FOCUS,39.150395,-77.20914167,"(39.150395, -77.20914167)"
DD5643001R,210032279,Rockville Police Departme,Injury Crash,08/19/2021 11:05:00 AM,Municipality,GAITHER RD,REDLAND BLVD,,ROCKVILLE,,STRAIGHT MOVEMENT ANGLE,N/A,DRY,DAYLIGHT,TRAFFIC SIGNAL,NONE DETECTED,,A452A741-0182-4C82-AC16-D160B4E97D4C,No,SUSPECTED SERIOUS INJURY,N/A,NOT DISTRACTED,VA,E9BB2654-8354-4100-9038-942FACEAAF7A,DESTROYED,TWELVE OCLOCK,PASSENGER CAR,MOVING CONSTANT SPEED,East,35,No,No,2005,CHEVROLET,VAN,39.1105734,-77.17458264,"(39.1105734, -77.17458264)"
MCP26710020,180059335,Montgomery County Police,Property Damage Crash,11/27/2018 06:00:00 PM,Maryland (State),PHILADELPHIA AVE,CHICAGO AVE,,TAKOMA PARK,,HEAD ON LEFT TURN,N/A,DRY,DARK LIGHTS ON,NO CONTROLS,NONE DETECTED,,81D12B79-DDD1-4B79-8E13-43A88F2C8C6D,Unknown,NO APPARENT INJURY,N/A,NOT DISTRACTED,MD,3C18DCD5-B0CB-4BC4-A421-D8550ABCCF67,DESTROYED,TWELVE OCLOCK,PASSENGER CAR,SLOWING OR STOPPING,West,25,No,No,1995,TOYOTA,TACOMA,38.98679333,-77.02164833,"(38.98679333, -77.02164833)"
DD56200022,180015635,Rockville Police Departme,Property Damage Crash,03/31/2018 11:08:00 AM,Maryland (State),FIRST ST,ROCKVILLE PIKE,,N/A,,SAME DIR REAR END,CLEAR,DRY,DAYLIGHT,TRAFFIC SIGNAL,NONE DETECTED,,BBB41F73-8D37-4CCD-BE11-E1E5CCE8EE04,No,NO APPARENT INJURY,N/A,NOT DISTRACTED,MD,9AB0D512-1E74-4043-8C67-7D1F81184807,FUNCTIONAL,SIX OCLOCK,PASSENGER CAR,SLOWING OR STOPPING,West,40,No,No,2016,CHEVROLET,MALIBU,39.077623,-77.13913433,"(39.077623, -77.13913433)"
MCP30120012,16038690,Montgomery County Police,Property Damage Crash,07/31/2016 08:55:00 AM,County,E RANDOLPH RD,CLIFTON RD,,N/A,,STRAIGHT MOVEMENT ANGLE,CLEAR,DRY,DAYLIGHT,NO CONTROLS,NONE DETECTED,,1CDB626B-167C-4139-99C2-62992A68BB68,Yes,NO APPARENT INJURY,N/A,UNKNOWN,MD,DAEA5299-F45B-4389-AEF3-1AB859D78F8D,DISABLING,ELEVEN OCLOCK,PASSENGER CAR,STARTING FROM PARKED,North,15,No,No,2005,AUDI,A4,39.07545667,-76.998265,"(39.07545667, -76.998265)"
EJ78840058,220054668,Gaithersburg Police Depar,Property Damage Crash,12/10/2022 05:56:00 PM,Maryland (State),W DIAMOND AVE,RAMP 6 FR MD 117 EB TO IS 270 SB,,N/A,,SAME DIR REAR END,CLEAR,DRY,DARK LIGHTS ON,NO CONTROLS,N/A,,4DA041FA-7ED7-47BA-A503-67F8B657A14D,Yes,NO APPARENT INJURY,N/A,UNKNOWN,MD,90EA9B40-A899-4E45-B95B-2D12E01633CF,DISABLING,TWELVE OCLOCK,PICKUP TRUCK,MOVING CONSTANT SPEED,West,35,No,No,1989,FORD,TK,39.14074472,-77.21435085,"(39.14074472, -77.21435085)"
MCP242500BN,170549937,Montgomery County Police,Property Damage Crash,12/21/2017 01:19:00 PM,US (State),GEORGIA AVE,SILVER SPRING AVE,,N/A,,SAME DIR REAR END,CLEAR,DRY,DAYLIGHT,TRAFFIC SIGNAL,NONE DETECTED,,C7B7D20B-81A9-473A-BC08-31260F2A1797,Yes,NO APPARENT INJURY,N/A,NOT DISTRACTED,MD,F6A85B03-8539-47D8-81C8-D6CFC9AA819D,SUPERFICIAL,TWELVE OCLOCK,SCHOOL BUS,STARTING FROM LANE,North,30,No,No,2018,THOMAS,BUS,38.99144667,-77.02658833,"(38.99144667, -77.02658833)"
MCP1465004D,190026479,Montgomery County Police,Property Damage Crash,06/03/2019 04:50:00 PM,Maryland (State),DARNESTOWN RD,SEURAT DR,,N/A,,SAME DIR REAR END,CLEAR,DRY,DAYLIGHT,TRAFFIC SIGNAL,NONE DETECTED,,642ABA69-CDDC-434C-9AE7-D91E29CAAF6E,No,NO APPARENT INJURY,N/A,NOT DISTRACTED,MD,FE75E24D-B68A-4649-A2A8-B7A5E3F15D2E,SUPERFICIAL,SIX OCLOCK,(SPORT) UTILITY VEHICLE,SLOWING OR STOPPING,East,40,No,No,2011,HOND,TK,39.117435,-77.26203833,"(39.117435, -77.26203833)"
DM8423002R,210034735,Takoma Park Police Depart,Property Damage Crash,09/04/2021 05:35:00 PM,Maryland (State),NEW HAMPSHIRE AVE,UNIVERSITY BLVD,,N/A,,SAME DIR REAR END,CLEAR,DRY,DAYLIGHT,TRAFFIC SIGNAL,N/A,,B23EC925-24C8-4BF9-B4C5-1DF5DE8CA81F,Yes,NO APPARENT INJURY,N/A,UNKNOWN,MD,1852B72D-82BD-434D-8831-2017EB65C611,FUNCTIONAL,TWELVE OCLOCK,VAN,UNKNOWN,North,35,No,No,2013,CHRYSLER,TOWN&COUNTRY,39.08291991,-77.15919857,"(39.08291991, -77.15919857)"
MCP3038004H,200004189,Montgomery County Police,Property Damage Crash,01/25/2020 05:00:00 PM,US (State),COLESVILLE RD,SOUTHWOOD AVE,,N/A,,HEAD ON LEFT TURN,CLEAR,DRY,DUSK,TRAFFIC SIGNAL,N/A,,79633E4E-CB9D-4B98-B824-24067DCF5E82,No,NO APPARENT INJURY,N/A,NOT DISTRACTED,PA,DCACAD18-EA34-4BFF-A739-6A40F8D98B0C,DISABLING,ELEVEN OCLOCK,(SPORT) UTILITY VEHICLE,MOVING CONSTANT SPEED,South,40,No,No,2008,TOYOTA,HIGHLANDER,39.02573667,-77.01099167,"(39.02573667, -77.01099167)"
MCP2719000Y,16016804,Montgomery County Police,Injury Crash,04/06/2016 04:06:00 PM,County,GALT AVE,PARKER AVE,,N/A,,STRAIGHT MOVEMENT ANGLE,CLEAR,DRY,DAYLIGHT,STOP SIGN,NONE DETECTED,,38517170-F7E5-4A3B-ADD2-BBBFD0E7A39B,No,SUSPECTED MINOR INJURY,N/A,NOT DISTRACTED,MD,67ECC49E-BA27-494E-AEE0-379286921DCA,FUNCTIONAL,TWELVE OCLOCK,PASSENGER CAR,MOVING CONSTANT SPEED,North,25,No,No,2003,TOYOTA,HIGHLANDER,39.05001041,-77.0540485,"(39.05001041, -77.0540485)"
MCP32550068,240051704,MONTGOMERY,Property Damage Crash,10/28/2024 05:45:00 PM,Maryland (State) Route,,,,,,Front to Rear,Clear,Dry,Dusk,No Controls,"Not Suspect of Alcohol Use, Not Suspect of Drug Use",,D012A272-CD92-4790-B9BE-1FEA93D1A6DA,No,No Apparent Injury,,Not Distracted,MD,2C771C26-E331-4A04-9D59-27B1AF257569,Superficial,Six O Clock,Passenger Car,Slowing or Stopping,Southbound,35,No,No,2008,SATURN,VUE,39.1310775,-77.11993967,"(39.1310775, -77.11993967)"
MCP21180004,17015214,Montgomery County Police,Property Damage Crash,03/25/2017 02:25:00 AM,County,CLARKSBURG RD,BARNES RD,,N/A,,SINGLE VEHICLE,CLEAR,DRY,DARK NO LIGHTS,N/A,NONE DETECTED,,790E40FF-062F-420C-8F22-F8491B2EAF53,Yes,NO APPARENT INJURY,"ANIMAL, N/A",NOT DISTRACTED,MD,41896455-6CC8-45EB-9092-855AC47CBD1B,DISABLING,ELEVEN OCLOCK,PASSENGER CAR,MOVING CONSTANT SPEED,South,35,No,No,2014,MAZDA,S/W,39.30591033,-77.250963,"(39.30591033, -77.250963)"
MCP2181001J,170507877,Montgomery County Police,Injury Crash,05/15/2017 01:00:00 PM,Maryland (State),FALLS RD,TUCKERMAN LA,,N/A,,STRAIGHT MOVEMENT ANGLE,CLEAR,DRY,DAYLIGHT,TRAFFIC SIGNAL,N/A,,DFEEA8E0-4B49-48C9-9E77-BBD1F4CB3F9A,Yes,NO APPARENT INJURY,N/A,USING DEVICE OBJECT BROUGHT INTO VEHICLE,MD,BB3DFDC0-18C3-48AB-999F-F860A8CB51AE,FUNCTIONAL,THREE OCLOCK,PICKUP TRUCK,MOVING CONSTANT SPEED,North,35,No,No,2012,CHEV,SILVERADO,39.050385,-77.18798667,"(39.050385, -77.18798667)"
MCP2888000G,15028424,Montgomery County Police,Property Damage Crash,06/11/2015 05:22:00 PM,County,FAIRLAND RD,OLD COLUMBIA PIKE,,N/A,,SAME DIR REAR END,"BLOWING SAND, SOIL, DIRT",DRY,DAYLIGHT,N/A,N/A,,5E6FA1E2-8AE4-4DD6-BCA0-D9D89529EF57,Yes,NO APPARENT INJURY,N/A,INATTENTIVE OR LOST IN THOUGHT,MD,3AFC927A-1ABF-4CFF-88B2-87F6E39E5291,FUNCTIONAL,TWELVE OCLOCK,SCHOOL BUS,SLOWING OR STOPPING,South,35,No,No,2006,THOMAS BUILT,BUS,39.07577167,-76.95807167,"(39.07577167, -76.95807167)"
MCP1595001N,210042083,Montgomery County Police,Injury Crash,10/20/2021 01:22:00 AM,Maryland (State),GEORGIA AVE,WINDHAM LA,,N/A,,STRAIGHT MOVEMENT ANGLE,CLEAR,DRY,DARK LIGHTS ON,FLASHING TRAFFIC SIGNAL,NONE DETECTED,,BFD60FFF-01E2-49E5-B96C-34D0FA5CEE17,Yes,POSSIBLE INJURY,N/A,UNKNOWN,MD,563DAC3A-9D2D-4ADD-A56C-4CBD2B88ABCC,DISABLING,EIGHT OCLOCK,PASSENGER CAR,MAKING LEFT TURN,West,35,No,No,2005,HONDA,CIVIC,39.031935,-77.04824423,"(39.031935, -77.04824423)"
EJ78910023,240057266,GAITHERSBURG,Injury Crash,11/29/2024 11:12:00 PM,Maryland (State) Route,MONTGOMERY VILLAGE AVE,RUSSELL AVE (SB/L),,,,Front to Rear,Clear,Dry,Dark - Lighted,Traffic Control Signal,"Not Suspect of Alcohol Use, Not Suspect of Drug Use",,83D9A77E-90EF-45D7-8738-BD2E9B3C754E,No,No Apparent Injury,,,VA,E72ED676-CBD4-462B-A207-DAF1A7B4155F,Disabling,Twelve O Clock,Passenger Car,Slowing or Stopping,Northbound,35,No,No,2013,CHEVROLET,MALIBU,39.15433876,-77.20943235,"(39.15433876, -77.20943235)"
MCP2995005G,190054379,Montgomery County Police,Injury Crash,11/10/2019 04:32:00 PM,County,PALMIRA LA,LYDIA ST,,N/A,,SAME DIR REAR END,CLEAR,DRY,DAYLIGHT,NO CONTROLS,ALCOHOL PRESENT,,009A15A8-F7C2-4ADF-9461-CF60FF37B331,Yes,NO APPARENT INJURY,N/A,NOT DISTRACTED,MD,3CDB00BB-BCB8-431D-A988-71C750FB1CC1,FUNCTIONAL,TWELVE OCLOCK,PASSENGER CAR,SLOWING OR STOPPING,West,25,No,No,2009,HONDA,CRV,39.07766618,-77.07652118,"(39.07766618, -77.07652118)"
DD55670031,240009942,ROCKVILLE,Property Damage Crash,02/29/2024 05:05:00 PM,Municipality Route,REDLAND BLVD (EB/L),,,,,Front to Rear,Clear,Dry,Daylight,No Controls,"Not Suspect of Alcohol Use, Not Suspect of Drug Use",,9D34663D-96D8-4FD8-8E4F-1FFF06BCA8A5,Yes,No Apparent Injury,,Not Distracted,VA,CC8BCA41-75F3-4418-BDB4-313C98944CC9,Disabling,Twelve O Clock,Passenger Car,Moving Constant Speed,Eastbound,30,No,,2009,TOYOTA,COROLLA,39.11132627,-77.17258106,"(39.11132627, -77.17258106)"
MCP2298017N,250031076,MONTGOMERY,Property Damage Crash,07/12/2025 02:12:00 PM,County Route,WISTERIA DR,GERMANTOWN RD (SB/L),,,,Front to Rear,Clear,Dry,Daylight,Traffic Control Signal,"Not Suspect of Alcohol Use, Not Suspect of Drug Use",,E10E9B7B-C276-43A0-9C3A-150B564A3C70,No,No Apparent Injury,,Unknown,MD,789717C1-BA6B-4479-8C25-1DA848D0EDB7,Functional,Four O Clock,Passenger Car,Turning Right,Eastbound,40,No,No,2018,ACURA,RDX,39.17686991,-77.27026645,"(39.17686991, -77.27026645)"
MCP2906003C,230058514,Montgomery County Police,Injury Crash,10/04/2023 04:00:00 PM,County,MEDICAL CENTER DR,MEDICAL CENTER WAY,,N/A,,STRAIGHT MOVEMENT ANGLE,CLEAR,DRY,DAYLIGHT,STOP SIGN,N/A,,9C5A7D5C-9ECD-4255-9216-AA759CE334CC,No,SUSPECTED MINOR INJURY,N/A,NOT DISTRACTED,MD,97C9D9BE-E8F7-4A31-9ABB-23E25C89E61F,FUNCTIONAL,NINE OCLOCK,PASSENGER CAR,MOVING CONSTANT SPEED,South,25,No,No,2019,MITS,TK,39.10166667,-77.19542333,"(39.10166667, -77.19542333)"
MCP3244001J,220010094,Montgomery County Police,Property Damage Crash,03/09/2022 09:17:00 AM,Maryland (State),PINEY BRANCH RD,UNIVERSITY BLVD E,,N/A,,STRAIGHT MOVEMENT ANGLE,RAINING,WET,DAYLIGHT,NO CONTROLS,NONE DETECTED,,0DC563FD-1079-458B-93E4-9D128337AAA5,No,NO APPARENT INJURY,"RAIN, SNOW, WET",NOT DISTRACTED,MD,93E82FB1-B748-4D1E-9B21-E5B4C91BCBFD,FUNCTIONAL,TWELVE OCLOCK,TRUCK TRACTOR,SLOWING OR STOPPING,South,35,No,No,2020,INTERNATIONAL,TRUCK,38.999794,-76.99440483,"(38.999794, -76.99440483)"
MCP2351003G,190050325,Montgomery County Police,Property Damage Crash,10/20/2019 12:07:00 PM,County,MONTROSE RD,TOWER OAKS BLVD,,ROCKVILLE,,SAME DIR REAR END,RAINING,WET,DAYLIGHT,TRAFFIC SIGNAL,NONE DETECTED,,E21873E3-7693-4E93-9EA1-FC747305F59D,No,NO APPARENT INJURY,"RAIN, SNOW, WET",NOT DISTRACTED,MD,FBBE9FA8-7CF7-4700-86B8-BF61975E244F,SUPERFICIAL,SIX OCLOCK,PASSENGER CAR,STOPPED IN TRAFFIC LANE,South,45,No,No,2016,HYUNDAI,4S,39.055755,-77.14977833,"(39.055755, -77.14977833)"
DD5595005G,180002713,Rockville Police Departme,Property Damage Crash,01/17/2018 03:10:00 PM,Municipality,MARYLAND AVE,NEW MARK ESPLANADE,,ROCKVILLE,,SAME DIRECTION SIDESWIPE,CLEAR,DRY,DAYLIGHT,NO CONTROLS,UNKNOWN,,F294C933-D179-4C14-AB6C-50EFE7EF39DA,Yes,NO APPARENT INJURY,N/A,UNKNOWN,,9530A377-46F6-4EAF-9F1F-C806B13DAAAA,SUPERFICIAL,ELEVEN OCLOCK,PASSENGER CAR,MOVING CONSTANT SPEED,North,30,No,No,2016,HONDA,CR-V,39.07844118,-77.1571856,"(39.07844118, -77.1571856)"
MCP30860067,210052758,Montgomery County Police,Property Damage Crash,12/27/2021 11:00:00 AM,Maryland (State),OLNEY LAYTONSVILLE RD,MUNCASTER RD,,N/A,,SAME DIR REAR END,RAINING,WET,DAYLIGHT,NO CONTROLS,NONE DETECTED,,DB6836C1-1518-41E7-8C7B-378AADF67D2B,No,NO APPARENT INJURY,"RAIN, SNOW, WET",NOT DISTRACTED,MD,6AA5FACB-8FD2-4771-AFD2-7A033B60CEE0,SUPERFICIAL,SIX OCLOCK,TRUCK TRACTOR,STOPPED IN TRAFFIC LANE,East,50,No,No,1995,FREIGHTLINER,TRACTOR,39.18377833,-77.11203833,"(39.18377833, -77.11203833)"
MCP3171002N,250014297,MONTGOMERY,Injury Crash,04/02/2025 09:30:00 AM,Ramp,RAMP 5 FR RAMP 8 TO FATHER HURLEY BLVD,FATHER HURLEY BLVD,,,,Angle,Clear,Dry,Daylight,Traffic Control Signal,"Not Suspect of Alcohol Use, Not Suspect of Drug Use",,6D4E217A-E057-4ED3-AE85-EECB07B544C0,No,No Apparent Injury,,Not Distracted,MD,260C84FB-3987-4F3D-A8A3-994567FA1160,Disabling,Ten O Clock,Passenger Car,Accelerating,,20,No,No,2021,VOLVO,XC90,39.19663401,-77.26551567,"(39.19663401, -77.26551567)"
MCP3214002B,230064461,Montgomery County Police,Property Damage Crash,11/04/2023 11:18:00 PM,County,CIDER BARRELL DR,GERMANTOWN RD,,N/A,,ANGLE MEETS LEFT HEAD ON,CLEAR,DRY,DARK LIGHTS ON,NO CONTROLS,NONE DETECTED,,58207A5C-0A3E-4AF6-A89A-415C90479185,No,NO APPARENT INJURY,N/A,NOT DISTRACTED,MD,2076524D-FBB4-4A1F-98E1-E6C6922F6CB1,SUPERFICIAL,TWELVE OCLOCK,PASSENGER CAR,STOPPED IN TRAFFIC LANE,East,25,No,No,2022,TOYT,CAMRY,39.19094198,-77.24447273,"(39.19094198, -77.24447273)"
MCP2675002V,210014409,Montgomery County Police,Injury Crash,04/18/2021 03:20:00 AM,County,BEAUMONT RD,DONCASTER LA,,N/A,,SINGLE VEHICLE,CLEAR,DRY,DARK LIGHTS ON,NO CONTROLS,NONE DETECTED,,8E307656-D7C5-42B2-A47B-A5B15F653A72,Yes,POSSIBLE INJURY,N/A,BY OTHER OCCUPANTS,MD,ACD1E579-D7C0-4AD0-9733-7982A0303D47,DESTROYED,TWELVE OCLOCK,PASSENGER CAR,MOVING CONSTANT SPEED,West,25,No,No,2010,BMW,328I,39.077045,-77.01608833,"(39.077045, -77.01608833)"