Report Number,Local Case Number,Agency Name,ACRS Report Type,Crash Date/Time,Route Type,Road Name,Cross-Street Name,Off-Road Description,Municipality,Related Non-Motorist,Collision Type,Weather,Surface Condition,Light,Traffic Control,Driver Substance Abuse,Non-Motorist Substance Abuse,Person ID,Driver At Fault,Injury Severity,Circumstance,Driver Distracted By,Drivers License State,Vehicle ID,Vehicle Damage Extent,Vehicle First Impact Location,Vehicle Body Type,Vehicle Movement,Vehicle Going Dir,Speed Limit,Driverless Vehicle,Parked Vehicle,Vehicle Year,Vehicle Make,Vehicle Model,Latitude,Longitude,Location
MCP9419000X,16063681,Montgomery County Police,Injury Crash,12/12/2016 06:25:00 AM,County,REDLAND RD,SOMERVILLE DR,,N/A,PEDESTRIAN,N/A,RAINING,WET,DARK LIGHTS ON,TRAFFIC SIGNAL,NONE DETECTED,NONE DETECTED,ACD13DF5-3AAF-49F5-B996-6A06538A1B07,Yes,NO APPARENT INJURY,"N/A, RAIN, SNOW",NOT DISTRACTED,VA,CDD51A1D-70CD-43E0-B34B-88FE5F36D3F1,NO DAMAGE,TWELVE OCLOCK,"MEDIUM/HEAVY TRUCKS 3 AXLES (OVER 10,000LBS (4,536KG))",MAKING LEFT TURN,North,35,No,No,2015,MACK,REFUSE TRUCK,39.11713418,-77.164675,"(39.11713418, -77.164675)"
MCP29530028,210026321,Montgomery County Police,Property Damage Crash,07/08/2021 08:54:00 PM,Maryland (State),UNIVERSITY BLVD W,AMHERST AVE,,N/A,,SAME DIR REAR END,RAINING,WET,DARK LIGHTS ON,TRAFFIC SIGNAL,NONE DETECTED,,7558721F-BFBC-4CCD-827C-7CCB9AFA27E0,No,NO APPARENT INJURY,"N/A, WET",NOT DISTRACTED,MD,749B38EE-D973-467D-97C1-8C8B5FC8EFCD,FUNCTIONAL,SIX OCLOCK,VAN,STOPPED IN TRAFFIC LANE,West,35,No,No,2014,FORD,VAN,39.041192,-77.047708,"(39.041192, -77.047708)"
MCP3071000J,170535524,Montgomery County Police,Injury Crash,10/08/2017 08:02:00 PM,Maryland (State),FREDERICK RD,GUNNERS BRANCH RD,,N/A,,STRAIGHT MOVEMENT ANGLE,CLEAR,DRY,DARK LIGHTS ON,TRAFFIC SIGNAL,NONE DETECTED,,E68AD684-FA18-4BA3-8D72-CE78CCF561CC,No,POSSIBLE INJURY,N/A,NOT DISTRACTED,MD,35812808-BD49-420E-A353-55A07D924DB3,DISABLING,ELEVEN OCLOCK,PASSENGER CAR,MOVING CONSTANT SPEED,North,40,No,No,2008,TOYT,4S,39.17827,-77.23816,"(39.17827, -77.23816)"
MCP2995001F,17010765,Montgomery County Police,Property Damage Crash,02/28/2017 11:00:00 AM,Other Public Roadway,BURNSIDE DR,BAUER DR,,N/A,,OTHER,UNKNOWN,UNKNOWN,DAYLIGHT,NO CONTROLS,UNKNOWN,,F01267E4-9AFA-4A57-80F9-75C70AF095AD,No,NO APPARENT INJURY,N/A,UNKNOWN,MD,A7E67201-9F45-451B-97DB-156A03364789,SUPERFICIAL,NINE OCLOCK,PASSENGER CAR,PARKING,West,15,No,No,2016,TOYOTA,PATRIOT,39.09346389,-77.10976079,"(39.09346389, -77.10976079)"
MCP3313000R,220017150,Montgomery County Police,Injury Crash,04/22/2022 04:31:00 PM,County,E RANDOLPH RD,TAMARACK RD,,N/A,,STRAIGHT MOVEMENT ANGLE,CLEAR,DRY,DAYLIGHT,TRAFFIC SIGNAL,NONE DETECTED,,D895A8E7-3858-4D0E-BB14-F0E01C110CAC,Yes,NO APPARENT INJURY,N/A,NOT DISTRACTED,MD,B8DE1A4E-9BE2-48AB-A052-E8AA845A08E2,FUNCTIONAL,TWELVE OCLOCK,PASSENGER CAR,MOVING CONSTANT SPEED,West,40,No,No,2018,LEXUS,NX300,39.06774031,-76.98577679,"(39.06774031, -76.98577679)"
MCP2737001V,16042533,Montgomery County Police,Property Damage Crash,08/22/2016 02:34:00 AM,Maryland (State),MUNCASTER MILL RD,NORBECK RD,,N/A,,SINGLE VEHICLE,CLEAR,DRY,DARK LIGHTS ON,FLASHING TRAFFIC SIGNAL,NONE DETECTED,,6D2D57FA-EFC0-403A-98BD-AA5E6F1A674E,Yes,NO APPARENT INJURY,N/A,UNKNOWN,MD,798A7FA2-96C1-445D-80A6-B31FB57E6CC2,DISABLING,TWELVE OCLOCK,PICKUP TRUCK,MOVING CONSTANT SPEED,East,45,No,No,2012,FORD,TOWTRUCK,39.10880333,-77.08008167,"(39.10880333, -77.08008167)"
MCP3317001P,240023806,MONTGOMERY,Injury Crash,05/20/2024 03:28:00 PM,US (State),COLUMBIA PIKE,,,,,Front to Rear,Clear,Dry,Daylight,No Controls,"Not Suspect of Alcohol Use, Not Suspect of Drug Use",,5DF56CC8-7B24-4940-A801-95599E2C13B6,Yes,Suspected Minor Injury,,Not Distracted,MD,B4AABBD0-73B6-4CCD-9F27-3BD93196B6C9,Disabling,Twelve O Clock,Sport Utility Vehicle,Moving Constant Speed,Northbound,55,No,No,2013,FORD,EDGE,39.08659074,-76.94510216,"(39.08659074, -76.94510216)"
MCP2853004Z,180036199,Montgomery County Police,Property Damage Crash,07/21/2018 09:00:00 PM,Maryland (State),NEW HAMPSHIRE AVE,NORTHAMPTON DR,,N/A,,STRAIGHT MOVEMENT ANGLE,RAINING,WET,DARK LIGHTS ON,TRAFFIC SIGNAL,NONE DETECTED,,A0EF63AD-FEA7-43C4-A251-51D2D1F35F34,No,NO APPARENT INJURY,"RAIN, SNOW, WET",NOT DISTRACTED,VA,CDCCBCF2-6AE3-4C9D-BB08-0D5A0F4B3E39,DESTROYED,ELEVEN OCLOCK,PASSENGER CAR,STARTING FROM LANE,North,40,No,No,2007,NISSAN,VERSA,39.00691,-76.98010667,"(39.00691, -76.98010667)"
MCP3027000B,17007556,Montgomery County Police,Property Damage Crash,02/11/2017 05:27:00 PM,US (State),GEORGIA AVE,WAYNE AVE,,N/A,,SAME DIR REAR END,N/A,N/A,DAYLIGHT,TRAFFIC SIGNAL,UNKNOWN,,51758813-53CB-470B-87DC-4A3D3B641812,Yes,NO APPARENT INJURY,N/A,UNKNOWN,,AA2E2D34-A915-4582-BEBE-3976C78E5534,SUPERFICIAL,TWELVE OCLOCK,PASSENGER CAR,CHANGING LANES,South,35,No,No,2014,KIA,SUV,38.99471333,-77.02528167,"(38.99471333, -77.02528167)"
MCP28940023,16024101,Montgomery County Police,Property Damage Crash,05/15/2016 09:12:00 AM,Maryland (State),MONTROSE PKWY,RAMP 2 FR MONTROSE PKWY TO MD 355 NB,,N/A,,SAME DIR REAR END,CLEAR,DRY,N/A,TRAFFIC SIGNAL,NONE DETECTED,,A4D1684F-8F46-4648-871B-EE6C3342B118,No,NO APPARENT INJURY,N/A,NOT DISTRACTED,MD,983550A1-3DF4-4D37-8C6A-255FA4756640,FUNCTIONAL,SIX OCLOCK,PASSENGER CAR,STOPPED IN TRAFFIC LANE,East,40,No,No,2002,LEXU,4S,39.05270667,-77.11591833,"(39.05270667, -77.11591833)"
EJ78710067,230008165,Gaithersburg Police Depar,Property Damage Crash,02/17/2023 08:00:00 PM,Maryland (State),MONTGOMERY VILLAGE AVE,SPUR TO MD 355,,N/A,,SAME DIR REAR END,CLEAR,DRY,DARK LIGHTS ON,NO CONTROLS,NONE DETECTED,,91A27792-EDE9-48E2-A6CF-5CC3688F599C,Yes,NO APPARENT INJURY,N/A,LOOKED BUT DID NOT SEE,MD,DAAFDD7D-CD9F-4BDE-B446-EFD13627F23E,DISABLING,TWELVE OCLOCK,PASSENGER CAR,MOVING CONSTANT SPEED,West,30,No,No,2017,HONDA,ACCORD,39.15083487,-77.21435332,"(39.15083487, -77.21435332)"
MCP3201001R,210004571,Montgomery County Police,Injury Crash,02/05/2021 07:48:00 AM,County,HAWKINS CREAMERY RD,VISTA RIDGE RD,,N/A,,SINGLE VEHICLE,CLOUDY,ICE,DAYLIGHT,NO CONTROLS,N/A,,8500D18F-E0BC-4259-B6E3-CDCFBF2109AF,No,POSSIBLE INJURY,"ICY OR SNOW-COVERED, RAIN, SNOW",NOT DISTRACTED,MD,EC1E4053-91EB-4AEC-A8AD-FF450EFBEA46,DISABLING,TWELVE OCLOCK,PASSENGER CAR,MOVING CONSTANT SPEED,East,35,No,No,2008,FORD,ESCAPE,39.2671035,-77.1952685,"(39.2671035, -77.1952685)"
MCP1220009N,230017089,Montgomery County Police,Injury Crash,04/10/2023 04:14:00 PM,Interstate (State),EISENHOWER MEMORIAL HWY,GAME PRESERVE RD,,N/A,,SAME DIR REAR END,CLEAR,DRY,DAYLIGHT,NO CONTROLS,NONE DETECTED,,444DA093-3501-4B59-AEB6-FE674935FB8A,Yes,SUSPECTED MINOR INJURY,N/A,UNKNOWN,MD,E37C477C-5AE7-4FA7-8C82-F3C02C3A1407,DISABLING,TWELVE OCLOCK,PASSENGER CAR,MOVING CONSTANT SPEED,South,55,No,No,2014,TOYT,CAMRY,39.15591633,-77.2247975,"(39.15591633, -77.2247975)"
MCP3012003W,180058932,Montgomery County Police,Injury Crash,11/25/2018 12:31:00 PM,Maryland (State),GEORGIA AVE,WELLER RD,,N/A,,SINGLE VEHICLE,CLEAR,DRY,DAYLIGHT,NO CONTROLS,NONE DETECTED,,97846F06-6DEA-40A9-A034-D21E5649B5C8,Yes,POSSIBLE INJURY,N/A,LOOKED BUT DID NOT SEE,MD,83972CED-C4D7-43CC-B9E3-EB07958EB019,DISABLING,TWELVE OCLOCK,(SPORT) UTILITY VEHICLE,MOVING CONSTANT SPEED,South,45,No,No,2014,TOYOTA,RAV4,39.06651,-77.05975667,"(39.06651, -77.05975667)"
MCP2969002Z,17004891,Montgomery County Police,Injury Crash,01/28/2017 07:09:00 AM,County,E RANDOLPH RD,FAIRLAND RD,,N/A,,SAME DIRECTION SIDESWIPE,CLEAR,DRY,DUSK,NO CONTROLS,NONE DETECTED,,4067C9BF-0000-4676-AADD-90E9A129AC43,No,NO APPARENT INJURY,N/A,NOT DISTRACTED,MD,3DEE419B-6BE7-4A52-8CAA-4220349F2898,FUNCTIONAL,TWO OCLOCK,PASSENGER CAR,MOVING CONSTANT SPEED,West,40,No,No,2005,VOLK,JETTA,39.0757055,-76.99499983,"(39.0757055, -76.99499983)"
MCP15630014,15017335,Montgomery County Police,Injury Crash,04/14/2015 04:01:00 PM,County,JONES BRIDGE RD,BRIERLY RD,,N/A,,STRAIGHT MOVEMENT ANGLE,RAINING,WET,DAYLIGHT,STOP SIGN,NONE DETECTED,,8FC97814-A92D-4E51-A471-89B347291E21,No,POSSIBLE INJURY,"RAIN, SNOW, WET",NOT DISTRACTED,DC,B722E6FD-982F-4E79-BE00-E566ED06C1BB,DISABLING,TWELVE OCLOCK,PASSENGER CAR,MOVING CONSTANT SPEED,West,30,No,No,2010,TOYOTA,COROLLA,38.99871667,-77.069665,"(38.99871667, -77.069665)"
MCP2507002G,240060703,MONTGOMERY,Property Damage Crash,12/19/2024 05:52:00 PM,,,,Driveway        DRIVEWAY FOR 201 EDISON PARK DR,,,Single Vehicle,Cloudy,,Dark - Lighted,,"Not Suspect of Alcohol Use, Not Suspect of Drug Use",,DA156972-2550-41A3-849D-8042A2B13557,Yes,No Apparent Injury,,Not Distracted,MD,1CD5E14B-F90F-4D20-BEE8-07DD0B0BA94E,Disabling,One O Clock,Passenger Car,Negotiating a Curve,Southbound,0,No,No,2023,CHEVROLET,BOLT EUV,39.1146141,-77.2346449,"(39.1146141, -77.2346449)"
MCP2052003L,240000047,MONTGOMERY,Property Damage Crash,01/01/2024 09:17:00 AM,,,,"Dirt Road/Trail        PARKING LOT OF 18715 MONTGOMERY VILLAGE AVE, MONTGOMERY VILLAGE, MD, FOR LAKE WHETSTONE",,,Single Vehicle,Clear,,Daylight,,"Unknown, Unknown",,C2D5510C-640C-46AE-8BAE-41C5F6FD0D9A,No,,"Disregarded Other Traffic Sign, Operated Motor Vehicle in Inattentive, Careless, Negligent, or Erratic Manner, Operated Motor Vehicle in Reckless or Aggressive Manner, Ran Off Roadway",Unknown,,A19EED4B-D77D-416E-8A4F-D2A5A282F2C0,Disabling,Twelve O Clock,Sport Utility Vehicle,,Not On Roadway,0,No,No,2014,KIA,SOUL,39.16302938,-77.20126957,"(39.16302938, -77.20126957)"
MCP3289003T,250000468,MONTGOMERY,Injury Crash,01/27/2025 12:04:00 PM,US (State),GEORGIA AVE,,,,,"Sideswipe, Opposite Direction",Clear,Dry,Daylight,No Controls,"Not Suspect of Alcohol Use, Not Suspect of Drug Use",,CB112AB2-0188-42D8-9171-C1D5C06D515D,No,Suspected Minor Injury,,Not Distracted,DC,B54E3A72-2BA9-4D37-BD12-82292C39DE69,Disabling,Nine O Clock,Passenger Car,Turning Left,,25,No,No,2019,HONDA,HR-V,38.98697892,-77.02679818,"(38.98697892, -77.02679818)"
MCP28970011,16055136,Montgomery County Police,Injury Crash,10/26/2016 04:18:00 PM,Maryland (State),FREDERICK RD,LITTLE SENECA PKWY,,N/A,,SAME DIRECTION LEFT TURN,CLEAR,DRY,DAYLIGHT,NO CONTROLS,NONE DETECTED,,7A0C835D-01B9-4786-8CC2-A73915B70AED,Yes,POSSIBLE INJURY,N/A,NOT DISTRACTED,MD,B5661D7D-74D6-49D1-8878-A31578FFF5AD,DISABLING,ELEVEN OCLOCK,PASSENGER CAR,ACCELERATING,South,40,No,No,2002,HONDA,CIVIC,39.2224929,-77.26033732,"(39.2224929, -77.26033732)"
MCP32900030,240017006,MONTGOMERY,Injury Crash,04/12/2024 12:40:00 PM,Maryland (State) Route,GEORGIA AVE,,,,,"Sideswipe, Same Direction",Clear,Dry,Daylight,No Controls,"Not Suspect of Alcohol Use, Not Suspect of Drug Use",,3E52C952-5B03-4696-A8A9-77546A8F79A6,No,No Apparent Injury,,Unknown,MD,ACEDDD22-860A-469D-A342-B6AE8DD5A991,Functional,Nine O Clock,Sport Utility Vehicle,Moving Constant Speed,,35,No,No,2008,ACURA,TSX,39.00975386,-77.0406481,"(39.00975386, -77.0406481)"
MCP3039005S,220010840,Montgomery County Police,Property Damage Crash,04/06/2022 03:30:00 PM,County,SILVER SPRING AVE,SCHRIDER ST,,N/A,,OPPOSITE DIRECTION SIDESWIPE,CLEAR,DRY,DAYLIGHT,NO CONTROLS,NONE DETECTED,,D9367591-AA2B-45DE-A2E6-C15D9D262EF7,Yes,NO APPARENT INJURY,N/A,NOT DISTRACTED,MD,CD555E4E-5ABB-47FF-A4F4-746835A11290,SUPERFICIAL,TWELVE OCLOCK,TRANSIT BUS,MOVING CONSTANT SPEED,East,30,No,No,2016,GILLIG,BUS,38.99200074,-77.01439474,"(38.99200074, -77.01439474)"
EJ7865002V,180020942,Gaithersburg Police Depar,Property Damage Crash,04/29/2018 02:45:00 PM,Municipality,W DEER PARK RD,BRIGHTON DR,,GAITHERSBURG,,SAME DIR REAR END,CLEAR,DRY,DAYLIGHT,NO CONTROLS,NONE DETECTED,,E97223CF-808A-474F-9312-520084F13E8C,Yes,NO APPARENT INJURY,N/A,NOT DISTRACTED,MD,26599B0B-14FD-44B9-9BA7-DC81746E0344,SUPERFICIAL,SIX OCLOCK,PASSENGER CAR,STOPPED IN TRAFFIC LANE,East,25,No,No,1997,HOND,TK,39.13031833,-77.201545,"(39.13031833, -77.201545)"
MCP2305000S,15042210,MONTGOMERY,Injury Crash,08/23/2015 03:43:00 AM,Maryland (State),RIVER RD,WILSON LA,,N/A,,SAME DIR REAR END,CLEAR,DRY,DARK LIGHTS ON,TRAFFIC SIGNAL,N/A,,1AE5A6C5-62E9-49AF-89FD-FE1D79100B3C,Yes,NO APPARENT INJURY,N/A,NOT DISTRACTED,MD,1B5F0F9A-AC0A-4B2A-81A6-98B31CC95F66,DISABLING,TWELVE OCLOCK,PASSENGER CAR,MOVING CONSTANT SPEED,West,45,No,No,2013,TOYT,COROLLA,38.983775,-77.13769167,"(38.983775, -77.13769167)"
MCP2728002P,16039475,Montgomery County Police,Injury Crash,08/04/2016 03:28:00 PM,US (State),COLUMBIA PIKE,LOCKWOOD DR,,N/A,,SAME DIR REAR END,CLEAR,DRY,DAYLIGHT,TRAFFIC SIGNAL,NONE DETECTED,,353420EC-B276-4A5B-8B66-6BF8DF61432C,No,NO APPARENT INJURY,N/A,NOT DISTRACTED,MD,D94823C8-8632-4777-A8B9-98C56CC53CAC,FUNCTIONAL,SIX OCLOCK,PASSENGER CAR,STOPPED IN TRAFFIC LANE,North,40,No,No,2009,HOND,PILOT,39.03371012,-77.00229406,"(39.03371012, -77.00229406)"
MCP2891003N,170503334,Montgomery County Police,Property Damage Crash,04/21/2017 11:55:00 AM,Maryland (State),VEIRS MILL RD,GEORGIA AVE,,N/A,,SAME DIRECTION SIDESWIPE,CLEAR,DRY,DAYLIGHT,TRAFFIC SIGNAL,NONE DETECTED,,594C5DAE-1157-45B2-A801-F7D275173475,No,NO APPARENT INJURY,N/A,NOT DISTRACTED,MD,677A6F4E-C6DD-416A-A736-DFD22E18015A,FUNCTIONAL,THREE OCLOCK,PASSENGER CAR,MOVING CONSTANT SPEED,East,35,No,No,2004,HONDA,ACCORD,39.03613033,-77.05022683,"(39.03613033, -77.05022683)"
MCP2513001T,190052350,Montgomery County Police,Injury Crash,10/31/2019 07:45:00 AM,County,CASTLE BLVD,AUTOMOBILE BLVD (BACK),,N/A,,STRAIGHT MOVEMENT ANGLE,RAINING,WET,DAWN,NO CONTROLS,NONE DETECTED,,47863A6E-9D36-47E0-ABFC-71F58E7275CA,No,SUSPECTED SERIOUS INJURY,"RAIN, SNOW, WET",NOT DISTRACTED,MD,F11CD202-E1FC-4699-8346-6D963D2AB682,DISABLING,TWELVE OCLOCK,PASSENGER CAR,SLOWING OR STOPPING,South,25,No,No,2007,HYUNDAI,SANTA FE,39.08147667,-76.945685,"(39.08147667, -76.945685)"
MCP2654000W,170520484,Montgomery County Police,Property Damage Crash,07/22/2017 12:40:00 AM,,,,REAR PARKING LOT OF 2300 RANDOLPH RD,,,OTHER,N/A,,DARK LIGHTS ON,NO CONTROLS,NONE DETECTED,,5DAFC57D-DF29-494D-AF6C-8112967FC02F,No,NO APPARENT INJURY,N/A,NOT DISTRACTED,MD,9758929D-D69E-4849-AC6B-47886DA8FD59,FUNCTIONAL,ELEVEN OCLOCK,POLICE VEHICLE/NON EMERGENCY,ACCELERATING,East,15,No,No,2009,CHEVY,IMPALA,39.05824833,-77.04781333,"(39.05824833, -77.04781333)"
MCP30230044,210019559,Montgomery County Police,Injury Crash,05/24/2021 08:00:00 AM,Maryland (State),LAYHILL RD,HATHAWAY DR,,N/A,,SAME DIR REAR END,RAINING,WET,DAYLIGHT,NO CONTROLS,NONE DETECTED,,93C214BE-239F-4057-BF49-0880D19F7398,No,POSSIBLE INJURY,"N/A, WET",NOT DISTRACTED,MD,EDED8AF3-7DBA-4EF3-AD3D-0B475FFF7E26,NO DAMAGE,SIX OCLOCK,PASSENGER CAR,STOPPED IN TRAFFIC LANE,South,40,No,No,2020,FORD,ECOSPORT,39.076302,-77.04599333,"(39.076302, -77.04599333)"
MCP29690087,190060796,Montgomery County Police,Property Damage Crash,12/17/2019 05:11:00 PM,Maryland (State),OLNEY SANDY SPRING RD,SPARTAN RD,,N/A,,STRAIGHT MOVEMENT ANGLE,CLEAR,WET,DARK LIGHTS ON,TRAFFIC SIGNAL,NONE DETECTED,,36B30313-55C0-426D-9279-CC29EFB38716,No,NO APPARENT INJURY,N/A,NOT DISTRACTED,MD,2B472D26-007E-48B4-88AB-31B3D9DC50D8,SUPERFICIAL,TWELVE OCLOCK,PASSENGER CAR,STOPPED IN TRAFFIC LANE,North,30,No,No,2015,CHEVY,MALIBU,39.15076782,-77.06216701,"(39.15076782, -77.06216701)"
MCP2893003R,180016124,Montgomery County Police,Property Damage Crash,04/03/2018 04:55:00 PM,Maryland (State),RIDGE RD,BELLISON RD,,N/A,,SAME DIR REAR END,RAINING,WET,DAYLIGHT,NO CONTROLS,NONE DETECTED,,618C0A5E-F580-4413-B932-0CCAC5E99A22,Yes,NO APPARENT INJURY,"RAIN, SNOW, WET",NOT DISTRACTED,MD,ADB25D16-64C2-4C7F-9B91-51D852545316,DISABLING,ONE OCLOCK,PASSENGER CAR,SLOWING OR STOPPING,North,40,No,No,2012,HOND,2S,39.31316667,-77.19809333,"(39.31316667, -77.19809333)"
EJ7851001R,16054915,Gaithersburg Police Depar,Property Damage Crash,10/25/2016 01:16:00 PM,Municipality,FIRSTFIELD RD,CLOPPER RD,,N/A,,STRAIGHT MOVEMENT ANGLE,CLEAR,DRY,DAYLIGHT,STOP SIGN,NONE DETECTED,,1B47342E-BD91-48C1-AAF9-94BCBF7B13C2,Yes,NO APPARENT INJURY,N/A,LOOKED BUT DID NOT SEE,MD,37177438-6F7F-4285-9D6C-AD144567552C,DISABLING,ELEVEN OCLOCK,PASSENGER CAR,ACCELERATING,South,25,No,No,2000,HONDA,CIVIC,39.14493934,-77.22281456,"(39.14493934, -77.22281456)"
MCP24560020,170525118,Montgomery County Police,Property Damage Crash,08/16/2017 10:16:00 AM,US (State),COLUMBIA PIKE,LOCKWOOD DR,,N/A,,SAME DIR REAR END,CLEAR,DRY,DAYLIGHT,NO CONTROLS,NONE DETECTED,,AD7B635E-D527-42DE-90BF-B99EAF702AB4,Yes,NO APPARENT INJURY,N/A,NOT DISTRACTED,MD,E0A5B82A-24B8-489B-B3D2-F02EE25E2136,DISABLING,TWELVE OCLOCK,PASSENGER CAR,MOVING CONSTANT SPEED,North,40,No,No,2002,NISSAN,MAXIMA,39.0332,-77.00282833,"(39.0332, -77.00282833)"
MCP2967005B,240006598,MONTGOMERY,Injury Crash,02/09/2024 08:22:00 PM,Maryland (State) Route,WISCONSIN AVE,,,,,Front to Rear,Clear,Dry,Dark - Lighted,Pedestrian Crossing Sign,"Not Suspect of Alcohol Use, Not Suspect of Drug Use",,28315963-AADD-44AD-9A8A-1458CF989BE2,No,No Apparent Injury,Followed Too Closely,Unknown,MD,9B20938A-045D-4972-A899-0C924FF22A18,Disabling,Twelve O Clock,Sport Utility Vehicle,Slowing or Stopping,Northbound,25,No,No,2017,FORD,ESCAPE,38.98928783,-77.09534817,"(38.98928783, -77.09534817)"
MCP3263001H,210042562,Montgomery County Police,Injury Crash,10/22/2021 05:04:00 PM,County,HIGHLAND AVE,TILBURY ST,,N/A,PEDESTRIAN,OTHER,CLEAR,DRY,DARK LIGHTS ON,STOP SIGN,NONE DETECTED,NONE DETECTED,53C785C7-9B5C-486E-9F43-BF7E7D1DE4CE,Yes,NO APPARENT INJURY,N/A,LOOKED BUT DID NOT SEE,MD,A3C07729-E5AB-476D-B70F-A12B80580FE8,NO DAMAGE,TWELVE OCLOCK,PICKUP TRUCK,MAKING LEFT TURN,West,25,No,No,2019,FORD,RANGER,38.99110833,-77.09392833,"(38.99110833, -77.09392833)"
DD55830087,230050638,Rockville Police Departme,Injury Crash,08/22/2023 06:15:00 AM,Maryland (State),W MONTGOMERY AVE,WOOD HILL RD,,ROCKVILLE,,STRAIGHT MOVEMENT ANGLE,CLEAR,DRY,DAWN,STOP SIGN,NONE DETECTED,,9F43C035-839A-40D1-BF38-B6ED5425743E,Yes,NO APPARENT INJURY,N/A,NOT DISTRACTED,MD,C2C35E25-1937-43C9-A71E-32CB29F49E9D,DISABLING,TWELVE OCLOCK,(SPORT) UTILITY VEHICLE,MAKING LEFT TURN,North,25,No,No,2022,MERZ,UT,39.10231267,-77.18874367,"(39.10231267, -77.18874367)"
MCP28920019,15058695,MONTGOMERY,Property Damage Crash,11/17/2015 02:34:00 PM,County,CALVERTON BLVD,GALWAY DR,,N/A,,HEAD ON LEFT TURN,CLEAR,DRY,DAYLIGHT,TRAFFIC SIGNAL,NONE DETECTED,,71048926-DA57-4CDA-BC23-FA226E1DF8FB,No,NO APPARENT INJURY,N/A,NOT DISTRACTED,MD,D66A4E88-0533-43F6-A32B-9020B5D3A256,FUNCTIONAL,TWELVE OCLOCK,PASSENGER CAR,MOVING CONSTANT SPEED,South,30,No,No,2009,MERC,GRAND MARQUIS,39.05618411,-76.94431543,"(39.05618411, -76.94431543)"
MCP2662002L,220006685,Montgomery County Police,Injury Crash,02/15/2022 09:35:00 PM,County,SNOUFFER SCHOOL RD,CARRIAGE WALK DR,,N/A,,HEAD ON LEFT TURN,CLEAR,DRY,DARK LIGHTS ON,NO CONTROLS,NONE DETECTED,,778A716B-F520-4CA5-BD6B-F967453CB71F,No,POSSIBLE INJURY,N/A,NOT DISTRACTED,MD,21C2E4DE-6576-4F6C-B31B-35111CD3E14E,DISABLING,TWELVE OCLOCK,PASSENGER CAR,MOVING CONSTANT SPEED,East,40,No,No,2017,HYUN,UT,39.16438217,-77.167394,"(39.16438217, -77.167394)"
MCP3268005L,250017558,MONTGOMERY,Property Damage Crash,04/23/2025 07:00:00 AM,County Route,,,,,,Rear To Side,Clear,Dry,Daylight,No Controls,"Not Suspect of Alcohol Use, Not Suspect of Drug Use",,A2A64AE6-CEC0-46DE-97E9-83235FF9AA2A,Yes,No Apparent Injury,Failed to Yield Right-of-Way,Not Distracted,MD,E455F009-E047-4A44-8F63-69BA3E696A2C,Superficial,Twelve O Clock,Passenger Car,Entering Traffic Lane,Not On Roadway,15,No,No,2014,BMW,528I,39.04116883,-76.98579748,"(39.04116883, -76.98579748)"
MCP30860067,210052758,Montgomery County Police,Property Damage Crash,12/27/2021 11:00:00 AM,Maryland (State),OLNEY LAYTONSVILLE RD,MUNCASTER RD,,N/A,,SAME DIR REAR END,RAINING,WET,DAYLIGHT,NO CONTROLS,NONE DETECTED,,569F9BA1-6908-47BB-8644-34BFEAF427D7,Yes,NO APPARENT INJURY,"RAIN, SNOW, WET",NOT DISTRACTED,MD,6B2D9301-DDD0-4B94-9A7E-98D0AB10A5FF,DESTROYED,TWELVE OCLOCK,PASSENGER CAR,MOVING CONSTANT SPEED,East,50,No,No,2005,TOYOTA,COROLLA,39.18377833,-77.11203833,"(39.18377833, -77.11203833)"
MCP9128000S,16049636,Montgomery County Police,Injury Crash,09/27/2016 07:19:00 AM,Maryland (State),GEORGIA AVE,ROSSMOOR BLVD,,N/A,,SAME DIR REAR END,CLOUDY,WET,DAYLIGHT,NO CONTROLS,NONE DETECTED,,6343128C-933B-4E10-848E-C08F6E2602B7,Yes,NO APPARENT INJURY,"N/A, WET",NOT DISTRACTED,MD,2C723A3D-D3C0-42FD-9DE5-F80974680EA3,DISABLING,TWELVE OCLOCK,"MEDIUM/HEAVY TRUCKS 3 AXLES (OVER 10,000LBS (4,536KG))",SLOWING OR STOPPING,South,40,No,No,2000,ISUZU,STAKEBODY,39.09788667,-77.07812167,"(39.09788667, -77.07812167)"
MCP320000G4,250026114,MONTGOMERY,Property Damage Crash,06/11/2025 07:49:00 PM,County Route,FERNWOOD RD,,,,,Other,Clear,Dry,Dusk,No Controls,"Not Suspect of Alcohol Use, Not Suspect of Drug Use",,FE732256-E5F5-4B40-BF52-32007F5AC720,No,No Apparent Injury,,Not Distracted,FL,35F1BC31-F109-44F6-8734-9D51AB3782AB,Functional,Four O Clock,Passenger Car,Moving Constant Speed,Northbound,35,No,No,2024,LEXUS,IS,39.01374522,-77.13323769,"(39.01374522, -77.13323769)"